radius_kpc,angle_deg,newton_inward,newton_tangential,mond_inward,mond_tangential,algebraic_inward
2.0,0.0,8156.189926404157,2576.697224863339,9800.905533053185,3069.3974193046306,10818.183196936989
2.0,5.0,7777.850056103022,-589.5569458982471,9350.314377322211,-707.1108069692779,10510.199973661101
2.0,10.0,7074.701362453059,-2733.1320956665304,8511.746529523258,-3266.595168199252,9615.921753944935
2.0,14.999999999999998,6488.388386446753,-4009.417666365446,7827.2722234507,-4779.512852200563,8808.617877931354
2.0,20.0,6059.47934344671,-2386.68094710475,7361.676041787668,-2796.529597732345,8512.02578360368
2.0,25.0,6348.925949471051,-1832.102712561058,7725.533312220607,-2121.508619957018,8889.746133285793
2.0,29.999999999999996,6371.413080028176,-1224.2026227545139,7753.133031399053,-1394.1905447689433,8957.802518799132
2.0,35.0,8235.239193454598,-1715.1922913945496,9947.721188177107,-1935.1954747150771,10959.23711403178
2.0,40.0,9385.20782497118,-2761.3215094392694,11289.452513315697,-3151.860527881414,12132.977285624533
2.0,45.0,9753.41081640737,-3126.3118477771595,11697.527332513906,-3549.9690769312942,12503.877949297608
2.0,50.0,9925.877178334373,-2778.5013854083745,11876.927648873547,-3114.1202579864034,12710.448400320513
2.0,54.99999999999999,9713.513837374587,-3118.8431131189564,11627.628579069582,-3521.402448656794,12461.588060635006
2.0,59.99999999999999,9393.974837937692,-3344.0452954781026,11250.690666977758,-3797.7194065387316,12101.813101453628
2.0,65.0,9209.356748323815,-2243.3555930206608,11041.238451684912,-2504.0353835893134,11975.88993214475
2.0,70.0,8731.964355410932,-934.2224066286624,10472.805068982327,-957.106423051579,11522.179173941242
2.0,74.99999999999999,8089.304330158816,236.2999658580502,9719.34553101632,422.5019605447178,10849.034702468687
2.0,80.0,7851.7396621364005,289.67019311021136,9458.54380652864,459.63628138430863,10594.168956446752
2.0,85.0,7461.649020597625,160.39726493081048,8995.65713441769,286.72163197183795,10176.114413228246
2.0,90.0,6797.296810228116,64.67080261833284,8169.982878155177,154.01568963767153,9458.25165651416
2.0,95.0,7751.447504072973,-193.23906001586954,9313.895607770872,-197.15914776225065,10487.416519615446
2.0,100.0,8299.606104817356,91.22895182127604,9950.85482237064,126.27281481448063,11074.461828871381
2.0,105.00000000000001,8636.906219567283,516.730469998116,10318.712176569337,632.1922858353028,11429.908910736289
2.0,109.99999999999999,8892.654414696575,779.6695346666484,10597.647805049193,937.0379206844264,11696.97058027396
2.0,115.0,8996.686214129466,848.9384426596935,10697.544296267828,997.9612058442885,11805.928958982262
2.0,119.99999999999999,9236.011254908044,950.880025035302,10965.983296285498,1101.9391517304193,12057.453287777964
2.0,125.00000000000001,9783.776622234082,927.7581671759926,11587.72234099778,1064.051387129617,12637.61480097692
2.0,130.0,10385.36542697715,893.1124304741616,12270.898925879068,989.5994342267859,13272.138584762306
2.0,135.0,10694.367062048066,1437.8342160472966,12630.970962968571,1619.904329165056,13583.596108932861
2.0,140.0,11207.48798254189,2226.98337414653,13224.86999877461,2558.11773596251,14095.233758753162
2.0,145.0,11113.95734915189,1545.333958023667,13115.262331800863,1748.6029224269869,14021.0665654984
2.0,149.99999999999997,11396.61238872912,702.8889488903151,13435.032959158147,737.3058379710192,14334.867275183808
2.0,155.0,11050.28380612856,1211.8652754184445,13043.582401508123,1349.8297218536954,13963.17890366124
2.0,160.0,10614.372196674582,1474.8768317449699,12532.632000877293,1660.5150923637661,13498.355062755565
2.0,165.00000000000003,10255.588386511252,1279.7618403995693,12107.385867725603,1408.1880969740523,13126.328081567894
2.0,170.0,9920.137166484592,2042.4277156900926,11734.248395221628,2286.067551971415,12743.388470035085
2.0,175.0,9705.073178494013,3365.1189261675104,11506.93281913909,3862.1920622606394,12435.416128500789
2.0,180.0,9797.334124638248,5361.639480862387,11630.34440209328,6283.241312190656,12370.002421413237
2.0,185.0,8212.003076372761,4511.389647934182,9806.438549738528,5373.921476114425,10702.207587166427
2.0,190.0,6778.953651808177,2124.34695758141,8103.7326994499645,2551.0916008703007,9342.726163617823
2.0,194.99999999999997,6178.107126660319,-966.5725342557462,7364.973437077587,-1176.1068181476573,8758.59432968219
2.0,200.0,6598.961209258794,-2505.434619388954,7926.226777280596,-3047.7425694731946,9107.254829145457
2.0,204.99999999999997,6642.534460521628,-3773.076040354693,8010.176315012444,-4555.155467360462,9014.906993848208
2.0,210.00000000000003,6675.232902439021,-4585.000300413312,8060.503804864547,-5515.218030165304,8951.319105172453
2.0,214.99999999999997,8046.086133813156,-3475.5615545421265,9682.804733467958,-4122.194115874179,10621.18430779665
2.0,219.99999999999997,8783.13059746869,-1814.2836362988014,10550.671162219152,-2084.567761250504,11542.490715068696
2.0,225.0,9730.109813773326,-1466.974478752768,11642.392798387165,-1647.4194271314627,12565.373841596258
2.0,230.0,10169.838173316537,-2239.0333317340564,12152.021680642054,-2554.531816029724,12998.998038580696
2.0,235.00000000000003,10554.358225444235,-2357.2759739360013,12572.2411244,-2698.063747823221,13400.583931296147
2.0,239.99999999999997,10183.073496436811,-2324.692407074771,12131.641659384593,-2667.2723147969614,13008.861160098486
2.0,244.99999999999997,10257.613085630474,-1437.278485795694,12191.008300240075,-1617.7740089088456,13123.75681111917
2.0,250.00000000000003,10071.494629092414,-451.6271951878657,11952.484877674538,-458.87551790892894,12948.659240839934
2.0,255.00000000000003,10154.742091538466,351.5175196561545,12039.483776861336,472.84960969910344,13037.163804708154
2.0,260.0,10529.790383320653,263.57252776949963,12486.956440903521,346.1825132554609,13431.703514200988
2.0,265.0,10710.769686953809,256.6796218329117,12706.372779548941,328.09255858496135,13621.504947729472
2.0,270.0,10330.1441236674,234.83978381451553,12254.393544344755,312.88485528966476,13222.28510727104
2.0,275.0,10083.437204180267,404.86169842699013,11950.524161907906,506.75208832856674,12961.690212193398
2.0,280.0,9987.555862694431,576.5763421138797,11825.332074708618,692.5669909867827,12858.789018387379
2.0,285.0,10115.473969077291,779.0222204180573,11964.122108440099,911.6924402472227,12990.317260841346
2.0,290.0,10288.323587415129,1012.0298252409766,12154.803674598505,1173.6005442686574,13167.57496319426
2.0,294.99999999999994,10225.925773738478,959.1348179536271,12072.38597288065,1085.2887339663666,13103.057818273992
2.0,299.99999999999994,10152.13181170826,620.3503282678262,11989.261372927715,662.0531900304732,13031.435589639492
2.0,305.0,10205.578861132934,419.89918447315085,12054.635198730404,410.2434930030204,13090.020867297073
2.0,310.0,10428.001539295834,324.07982004115183,12325.7116449995,282.29340488208527,13324.494675058766
2.0,315.0,10292.388572565786,791.438167772435,12180.803797851204,830.1990583504748,13176.258491009632
2.0,320.0,10336.501190127961,1438.9758765190982,12240.115041533918,1599.7453549404672,13206.868004431244
2.0,325.0,10134.119078592325,1821.9157398639845,12009.00004788589,2051.056292377717,12979.564693410182
2.0,330.00000000000006,10022.94247396695,2147.770667404072,11890.255640714342,2427.0240947972597,12847.5485596131
2.0,335.0,9633.634940102756,2260.263964561339,11442.171773322752,2562.06492545865,12428.008267336996
2.0,340.0,9282.039857834337,2272.803976680934,11044.003636485962,2574.344819669256,12051.992390075548
2.0,345.0,8774.505911187909,1973.9686266495864,10472.907384674283,2222.929848198579,11524.908354002593
2.0,350.0,8393.117845115077,2317.2382033970707,10038.54051902683,2653.682840297312,11093.54927243689
2.0,355.0,8081.369234403085,2570.0171184892743,9689.40248872616,2995.1770061305892,10737.224451536877
2.5,0.0,7303.309254935448,2499.517111521942,9127.408589621002,2900.9232289548236,9890.276571734244
2.5,5.0,7138.024553842147,1201.1646384001006,9034.326016969859,1382.1152160055194,9798.150459685221
2.5,10.0,6696.277013824092,2.021089310635716,8547.392389072484,-34.618785963424216,9348.562872346933
2.5,14.999999999999998,6298.342546348464,-2097.9979798335244,8050.149550919468,-2516.6891458799473,8809.878415420144
2.5,20.0,7472.457731104612,-3711.181358454959,9385.02353758264,-4387.110295403749,9960.419695186469
2.5,25.0,9381.993211695604,-3880.842463510965,11597.871330153443,-4495.600914232271,12046.757933523046
2.5,29.999999999999996,10287.880707836757,-4068.765438498146,12540.775563511725,-4679.239280408921,13010.605146588336
2.5,35.0,10460.84977606178,-3541.1245424990475,12734.397774725447,-4045.505897783991,13233.348451145113
2.5,40.0,10136.245365067607,-3047.9900743927756,12340.03638029876,-3457.8436767446547,12918.514184235752
2.5,45.0,10331.83105857377,-2441.7299184277244,12571.00409251298,-2755.1243454157493,13160.784152524237
2.5,50.0,10081.413038204295,-2399.999172886081,12285.612662943011,-2717.484253251031,12897.133911085299
2.5,54.99999999999999,9961.72535791215,-1974.6226828760246,12146.08765028114,-2217.2088972423117,12790.56286509035
2.5,59.99999999999999,9188.775820748917,-706.6691475822709,11222.875946329203,-690.246518902748,12012.7803039946
2.5,65.0,8550.585492910413,357.6930101798507,10470.703343939513,568.7815554762669,11340.11272493472
2.5,70.0,7774.982458418693,155.43728062035416,9547.823714719467,290.4596012271877,10512.907700631387
2.5,74.99999999999999,7819.690894934663,-107.99940609809596,9613.513754126398,-54.918012796739276,10561.084739629054
2.5,80.0,7960.553100579893,219.70730563468874,9784.007594460563,339.8882574025465,10711.38504228834
2.5,85.0,7811.474519970703,832.1546525981465,9584.66992808045,1090.5032497123473,10540.228331060975
2.5,90.0,8394.997287535807,208.84125743033604,10309.76659137856,307.42498450097565,11175.642135781904
2.5,95.0,8172.40398811893,-353.4232574598135,10040.028037445258,-375.5408113501527,10936.725607217631
2.5,100.0,7428.0473136271,-61.92120592241508,9126.54292481783,-24.797967859511573,10140.351301082273
2.5,105.00000000000001,7087.548994358976,201.60953719277973,8722.705653732366,278.26720025295526,9772.06445002177
2.5,109.99999999999999,7184.544792037462,407.9557325230255,8848.861645492843,515.1258809036362,9874.363104113974
2.5,115.0,7024.201389657314,675.802612104565,8658.45244822657,836.2040044055325,9694.705988108957
2.5,119.99999999999999,6873.877083058158,683.9294174157662,8473.781692724688,857.0056007193239,9531.212108090413
2.5,125.00000000000001,6699.1964973548165,655.5850638007119,8251.007725929978,819.0094062674416,9341.905735136912
2.5,130.0,6704.094445816354,6.398143842930949,8240.810759260483,-16.410414171330558,9357.063293030307
2.5,135.0,6949.34485158682,-298.85094707400776,8534.224825605517,-439.90049693722494,9621.355480080449
2.5,140.0,7528.610688878767,427.4417918833574,9229.371390292885,435.8409819142262,10245.21661220871
2.5,145.0,8075.276184858863,759.3904376080486,9891.749408887197,837.2266797774028,10825.304637641633
2.5,149.99999999999997,8233.662996397028,1149.7343807439133,10059.53151839825,1307.94398827032,10982.911643783544
2.5,155.0,8278.437618104197,1422.5376106988715,10107.195744000524,1627.7090474792285,11019.906030841285
2.5,160.0,8114.106857369767,1761.5417501815355,9908.499444096342,2026.6606295601737,10826.157098531086
2.5,165.00000000000003,7885.798532162126,1905.9283649172187,9624.98905455292,2180.454126850259,10570.786016166154
2.5,170.0,7536.329248099588,1833.6993171828594,9184.97517935807,2040.5172236159603,10195.73068805528
2.5,175.0,8047.758846076357,2729.0601210779105,9836.38761242272,3073.89396410051,10688.148114966665
2.5,180.0,7879.880101337346,4954.400000371926,9621.457223109814,5781.866026980234,10282.192991815142
2.5,185.0,7795.452028409555,5996.233681153775,9507.009114607341,7048.244601954025,10067.962657016238
2.5,190.0,7243.020717165745,4265.886555464421,8939.974249015786,5038.677060617729,9640.202304018527
2.5,194.99999999999997,6195.359580187641,-633.9455604001782,7713.335668484113,-826.7025702437002,8791.24762642579
2.5,200.0,6668.872406476143,-4153.530086671245,8278.899647266106,-5033.114330967735,8998.274490236754
2.5,204.99999999999997,8712.400878149734,-4575.192451783125,10696.16940368581,-5447.057632308904,11250.993462553686
2.5,210.00000000000003,9779.436500315249,-5776.384433390345,11882.444204419346,-6790.830907943729,12311.84969652521
2.5,214.99999999999997,10874.148112901807,-5172.341778538646,13118.628009926037,-6073.1822907070145,13556.369165109742
2.5,219.99999999999997,11160.954615069284,-3400.152714181349,13467.140499963945,-3969.03241766458,13987.309241280407
2.5,225.0,11552.083785452292,-2097.284964583773,13943.21909451157,-2406.2652100693713,14462.231022403523
2.5,230.0,10780.161219296322,-1233.8756173921183,13071.518671027427,-1382.173308612004,13679.28829210861
2.5,235.00000000000003,10362.790996026413,-770.1156768493411,12591.231245036974,-839.0856810289752,13250.646741386978
2.5,239.99999999999997,9510.513885696928,-653.8525290161074,11595.984814611422,-711.8148199593315,12354.282680158953
2.5,244.99999999999997,8945.879639219505,120.27750676696769,10920.481392356456,222.55989894090362,11761.912131542684
2.5,250.00000000000003,8745.297254479236,154.43954708707588,10683.951298012595,253.74216311470127,11548.80421110815
2.5,255.00000000000003,8731.586020004885,-17.05799091839708,10667.17613710835,26.85862772908831,11534.580772843612
2.5,260.0,8744.224993700043,42.996402884328745,10686.164981047854,78.5541640085321,11547.989245189821
2.5,265.0,8688.25049946244,103.66213255821356,10625.015808046477,142.6145604363686,11488.360849977586
2.5,270.0,8587.400777058763,485.8298413373543,10472.514459524013,599.5289457632151,11377.67086732788
2.5,275.0,9639.90995028222,385.8922144876285,11740.942511581658,487.69888641650573,12494.47029895448
2.5,280.0,9523.78127459644,205.35573853881692,11584.15399776441,285.12822082295156,12373.210455701012
2.5,285.0,8990.554852482825,595.1207837085951,10915.95805375761,749.2841125566097,11804.529710993924
2.5,290.0,8595.571309642753,857.7765494293831,10421.064410426996,1041.4350721193537,11378.848369626772
2.5,294.99999999999994,8467.328064439916,627.9925888483021,10258.424334295927,724.4413353030995,11247.291290600815
2.5,299.99999999999994,8398.696500153332,170.99424802554768,10195.754040969849,123.3517919577962,11179.812825489073
2.5,305.0,9067.641732791719,96.39707272627766,11014.440650295455,7.4623887484312945,11891.090542534104
2.5,310.0,9258.40102169018,177.11077928416034,11259.296746601012,82.31321344454227,12092.802519254816
2.5,315.0,9255.6583484291,811.5063157442037,11284.3371734645,848.6362930798396,12081.539820808548
2.5,320.0,9000.795228285919,1390.9736810979189,10980.728538209369,1566.5187730930893,11793.60355827497
2.5,325.0,8580.965120625267,1821.1357394893112,10477.485549705789,2083.6978501712974,11325.372989141424
2.5,330.00000000000006,8428.248802756214,1914.1983179859722,10279.405323663972,2173.8262366853487,11156.173021923694
2.5,335.0,8412.411772455765,2123.1348061797808,10248.097222582499,2391.947302594962,11126.806269636181
2.5,340.0,8603.559203357134,2408.617839044151,10482.134904731232,2698.658933636451,11314.850332324126
2.5,345.0,8709.363425759926,2651.8237499928573,10639.923480059431,2965.996706028815,11412.587536367992
2.5,350.0,8464.39754357972,2807.7281284517153,10400.459126388472,3154.6804433269417,11135.79702772158
2.5,355.0,8380.000015391579,2818.762590455186,10367.433726170402,3207.0143316092817,11043.207653893047
3.0,0.0,12482.15772398992,2406.2708874766686,15188.256158915305,2677.604499597728,15424.464053145875
3.0,5.0,14073.933258819854,1173.2863610824666,17030.398157967054,1284.845929027595,17109.299640226018
3.0,10.0,13389.634427047675,-339.74980920860116,16204.752427969828,-417.7072521893706,16409.956855951896
3.0,14.999999999999998,14210.206296608241,-3629.116540587261,17153.260527617334,-4187.610241884924,17178.032573344477
3.0,20.0,13895.286340204666,-3730.344705082881,16768.737663074087,-4266.679612208781,16845.211336426313
3.0,25.0,11755.875434820602,-3143.3789180692424,14325.30332701538,-3606.6300671090494,14630.229654603747
3.0,29.999999999999996,10936.9500697957,-2802.884442232843,13423.417390039893,-3210.2800594291193,13783.156495410389
3.0,35.0,10570.289706596877,-1626.354080770735,13027.4123625699,-1826.2477515209303,13447.089974356342
3.0,40.0,9924.94780699103,-2278.9452825088133,12296.062553388649,-2610.1582832555396,12737.064498218602
3.0,45.0,9259.211404660371,-1371.5530219509374,11530.567359976441,-1522.6715736486367,12069.250463271033
3.0,50.0,8413.59832277747,-1311.5313190860743,10540.632758062537,-1472.0561510211755,11169.513619608591
3.0,54.99999999999999,7619.633392542201,-118.00183033237681,9598.376303031368,-36.945603671375466,10346.283544447106
3.0,59.99999999999999,7343.0998760005905,609.1413036080844,9273.680061445557,854.069205899275,10041.583867906838
3.0,65.0,7729.19869221857,109.62855947738808,9758.227303023306,220.38057731193112,10463.995369359922
3.0,70.0,7525.412569102197,79.04373998016035,9502.549589705384,191.78738403974694,10245.114619639759
3.0,74.99999999999999,7221.540879201566,27.390687168200202,9116.509234188083,115.28989218261222,9917.710028631633
3.0,80.0,6807.990770073613,256.8028546981477,8591.544176108953,385.10384760360944,9468.481090234442
3.0,85.0,7233.068400462854,470.3738317218815,9133.717489196888,624.1879455308864,9925.699482055668
3.0,90.0,7200.881856385822,380.85284346743674,9075.202839570513,502.96554604695064,9892.458038449284
3.0,95.0,7118.978039867476,260.31972346893036,8950.489784197136,362.21867170726296,9805.495833708977
3.0,100.0,7315.926258278015,208.58874017079506,9198.618660583454,273.31268651295363,10018.717632559603
3.0,105.00000000000001,7577.714808377223,251.40015729260654,9547.764514744948,318.97147221568775,10300.29911286997
3.0,109.99999999999999,7215.351463845602,200.64429202420342,9090.972398490812,256.97749335213484,9910.222688221127
3.0,115.0,7173.529649491889,328.87718728603704,9038.288264972318,403.96659565213076,9863.647049126874
3.0,119.99999999999999,7028.152990139375,862.7115709364948,8881.632057347746,1073.8595986627724,9692.9758689774
3.0,125.00000000000001,6746.185572174318,313.8204934679179,8550.469647587459,395.5898753768265,9400.58277040702
3.0,130.0,6341.738222638858,664.0048777251809,8053.708957449979,831.4029331112451,8950.92222516711
3.0,135.0,5848.355893255559,138.09258600826388,7436.046094418568,148.73110706693296,8419.644365577438
3.0,140.0,5524.439917146722,-488.7281180104851,7033.630687382696,-689.2660735534187,8054.312816862022
3.0,145.0,5427.705604419369,-23.542173223894224,6921.5806152642035,-122.66834702672259,7954.328676295744
3.0,149.99999999999997,5798.73468335028,1066.2334235384892,7396.806150016742,1247.41828928615,8332.961156602112
3.0,155.0,5824.278084949931,1319.0523260583304,7430.371402354311,1554.0345988345134,8344.826934438766
3.0,160.0,5775.855979833476,1030.0210186331597,7346.55868776424,1147.1643053764597,8309.631436693964
3.0,165.00000000000003,6587.648746219736,1564.0038220715817,8340.276757633264,1793.8873492998364,9174.505678343732
3.0,170.0,6751.837904964643,1431.8480884333214,8538.309061196182,1601.3463565137433,9363.716801690658
3.0,175.0,6138.649224376246,1631.3861038766274,7756.552686914168,1808.6587403806614,8671.86913355085
3.0,180.0,6350.504987020774,4251.170306706582,8000.696943309028,5005.163690742192,8617.933839148684
3.0,185.0,7958.796299424608,4772.420806166714,9898.33345180619,5506.435154859323,10391.096236832975
3.0,190.0,10174.242501181372,3670.051582436322,12548.6735147266,4198.82680071774,12917.63949972938
3.0,194.99999999999997,10559.583779990504,-12.48611773839184,13000.68118582859,-48.31229510874664,13463.699281640467
3.0,200.0,9715.843268232613,-6393.349061020894,11885.799290926767,-7561.220577485634,12182.702456437373
3.0,204.99999999999997,11993.64619225885,-7244.678750352387,14531.691247382802,-8512.886063872495,14597.716830616759
3.0,210.00000000000003,9984.48541024687,-4452.08127004411,12251.92105004484,-5198.981606750433,12653.082090766542
3.0,214.99999999999997,8346.830187166104,-3187.1773059346197,10388.764296791653,-3775.3065991133717,10977.150276174243
3.0,219.99999999999997,7442.235082998857,-2164.638610004621,9349.293417726585,-2581.56591605489,10069.926304240156
3.0,225.0,7359.205239010863,-1685.5277616961757,9292.30995730077,-2024.2018132077374,10012.173218272063
3.0,230.0,7554.29422109215,-949.9725472296509,9560.183878224258,-1115.076916295026,10259.461282048378
3.0,235.00000000000003,8245.745508242351,-283.77949136878624,10390.234867812676,-281.58118484193074,11015.801651596721
3.0,239.99999999999997,8281.592916599631,192.32292887583571,10418.653233186775,301.95071960715177,11054.776529896084
3.0,244.99999999999997,8173.8815446537665,516.9664900434864,10278.22560385695,702.6137065885391,10935.96170083241
3.0,250.00000000000003,7883.63962944795,164.23426848707368,9931.478763440819,277.0547330612212,10629.364598358436
3.0,255.00000000000003,7259.85972805792,-0.6112391718602339,9165.16532412249,74.26032586493875,9959.092084391066
3.0,260.0,6930.252758047589,-514.2424949663178,8751.026012453496,-584.8038728504526,9596.861511474932
3.0,265.0,6775.197351240253,-150.9713248747201,8550.019766782934,-143.6576585233446,9433.827939257737
3.0,270.0,6953.700657778638,659.8408884537627,8738.171484790277,828.2029827963545,9618.641396956345
3.0,275.0,7012.6890633628645,516.3680101797477,8845.613818028627,603.9873036541588,9686.232865308206
3.0,280.0,7154.666807051663,1424.1997015494342,8992.535336674056,1756.4740344386703,9804.687243516206
3.0,285.0,6820.59936655432,1795.7890747642887,8560.905083233969,2220.8680341692034,9414.73256413566
3.0,290.0,7029.551980630162,802.8552482953023,8840.490895944438,961.9699885247653,9696.575502596093
3.0,294.99999999999994,7527.916270786458,-73.42700699417901,9451.481195030874,-140.19518910049965,10247.824414162435
3.0,299.99999999999994,7759.883300059368,-385.17567020674187,9709.868313280776,-524.5815562914859,10494.472107928279
3.0,305.0,7880.20864734257,-201.67509339797516,9838.84318482595,-306.5180878321662,10625.44730151273
3.0,310.0,7551.649126380844,-957.1938774868477,9438.0742207823,-1293.6455007397508,10256.352433662243
3.0,315.0,7988.010478201926,299.3314308908125,9963.06762955279,248.074217377497,10740.073931551336
3.0,320.0,8190.171453691495,1592.1686868903907,10191.578515872461,1845.4626074264906,10917.043324208138
3.0,325.0,8518.87217093842,1914.877022969229,10569.799290411365,2206.583272282026,11253.624527399274
3.0,330.00000000000006,8340.594464310034,2509.1861045823493,10358.755180853943,2909.199086167761,11023.450877050702
3.0,335.0,8095.67476826418,2341.057966875014,10088.220486894423,2684.085818467051,10769.586160699513
3.0,340.0,7914.321993709511,1074.874998659067,9878.176600841283,1113.3398958681678,10642.801346461518
3.0,345.0,9042.28561769024,494.036734778972,11216.891718238941,398.9306425337559,11860.949601875145
3.0,350.0,10156.143398865457,1209.500554358334,12522.943329299973,1256.3034268728848,13023.462801341568
3.0,355.0,11327.860364993103,3080.982372338958,13857.71949734849,3455.7750464344135,14181.835738483513
3.5,0.0,12459.14372147905,-305.2171545835881,15370.337386077968,-400.54112729152257,15445.18954566175
3.5,5.0,12940.818374262431,425.59180259687605,15923.786463424543,490.02648709253174,15944.46503951585
3.5,10.0,13300.679627107467,-536.9992358128607,16327.661838743661,-637.9924872951019,16316.61415093567
3.5,14.999999999999998,12428.218443670332,-1606.1254718496984,15332.553241395839,-1911.3349200796515,15393.160765999797
3.5,20.0,11616.190826670798,-1204.4296434825865,14430.068082708533,-1437.8074944469554,14555.506262956422
3.5,25.0,10955.39066935848,-1034.2229738816422,13704.593866756164,-1216.4719444020748,13867.650611630395
3.5,29.999999999999996,10039.250787869638,-784.9986441988121,12628.046453300933,-915.4345431096881,12909.934958675107
3.5,35.0,9839.007676324823,-922.3745292011008,12425.828215507987,-1082.1897858044676,12696.037880818227
3.5,40.0,9513.040101418947,-582.1743968271576,12066.601554854326,-658.642405313778,12358.080151125974
3.5,45.0,8374.99891487746,91.84688561142502,10699.069007589042,212.03377463623383,11154.876488405302
3.5,50.0,7734.3799516283125,101.72625291849226,9915.964937840616,206.942720146777,10469.586883385688
3.5,54.99999999999999,7722.680189228824,139.8908236536795,9905.97805735708,246.69025116299235,10456.861175625398
3.5,59.99999999999999,7669.296884009194,131.3165439243212,9831.947605838832,246.83644965630174,10399.58101940112
3.5,65.0,7694.370194219735,194.26914705983108,9869.308639984525,308.15266374556313,10426.134191650708
3.5,70.0,7615.774787687375,611.0353362256651,9775.206648785883,834.6862851216065,10335.480174335247
3.5,74.99999999999999,7325.736798620826,521.4900782753787,9402.945135787912,738.4776659248637,10024.783974702299
3.5,80.0,6972.516975729066,254.35473617903563,8948.893726649407,378.5435413721609,9647.0022571467
3.5,85.0,6863.729711317059,551.7177403010119,8826.359368676342,722.2754975826908,9523.752436051616
3.5,90.0,6171.083099360898,1169.5524806952012,7975.70115443159,1501.0681376362913,8739.85796645041
3.5,95.0,6379.8616488763255,246.18730007539216,8249.041552185667,313.99150940091215,9002.11847976722
3.5,100.0,6610.530204356327,-60.960125360293205,8525.577797090185,-89.8168151839875,9255.163799654549
3.5,105.00000000000001,6609.318175166149,472.88691529997277,8542.55238461794,572.5782032766008,9248.684653050512
3.5,109.99999999999999,6404.7495693441615,806.8592313994848,8306.504140939194,1016.510730123214,9014.845534810509
3.5,115.0,6507.433312089848,71.80246647286094,8418.286942847866,68.02705512210196,9142.775554808126
3.5,119.99999999999999,7172.144531758622,611.7264552863853,9228.827186811384,749.4682718565177,9856.714263526928
3.5,125.00000000000001,6866.116269484786,1082.040577681752,8824.843960971873,1330.9333939224653,9507.586294387955
3.5,130.0,6826.802479871243,906.1796272809465,8790.901740312538,1110.5102993570877,9472.26958617401
3.5,135.0,6555.745168922967,619.2479736972491,8465.46920675264,751.0550245498985,9186.474109118963
3.5,140.0,6695.865263474921,-223.55137873028525,8616.777948964158,-326.15113078408876,9346.964545293626
3.5,145.0,6852.025110522176,-257.5835186268746,8807.268955226791,-415.06009842333515,9516.285280161002
3.5,149.99999999999997,6992.814156874338,506.34415245158743,8963.4954605727,540.0335438304223,9664.902206102784
3.5,155.0,7655.450960631974,841.7743848424325,9807.778611517353,969.5359777040417,10372.063473113196
3.5,160.0,7396.549896903583,1051.2821492599637,9493.715336911911,1216.6559381146621,10085.196260771958
3.5,165.00000000000003,7326.611879930269,503.5971513863028,9386.210962077597,542.233064354019,10026.090294597447
3.5,170.0,7402.033450834307,1168.5781213545722,9436.456908536724,1366.3270005351608,10086.200100245804
3.5,175.0,7989.381227846041,759.9587601702731,10134.935328902431,809.0756354825863,10733.222002423816
3.5,180.0,9827.839134774767,1766.793493993099,12338.990126046352,2063.3062718556453,12657.5031063092
3.5,185.0,10565.210378457165,646.9299584642711,13162.982952691762,748.4679799594368,13465.134321931535
3.5,190.0,10801.682805300155,1195.9170724979285,13394.491604779972,1383.2186446054916,13702.816606088127
3.5,194.99999999999997,11118.170645871627,1539.303633080401,13753.942305961336,1816.6052453689551,14025.66415329588
3.5,200.0,9967.334990359432,-3844.212128596471,12435.20240686801,-4592.813289033789,12682.484603157356
3.5,204.99999999999997,9196.448909845378,-4366.624977806064,11548.249543470345,-5219.200583671463,11802.731561854092
3.5,210.00000000000003,8462.46603973974,-2938.391204286168,10722.022437389312,-3557.250362873076,11123.589527248554
3.5,214.99999999999997,8436.569742373937,-1682.353577499422,10711.565559872028,-2026.8180670691017,11177.436127638468
3.5,219.99999999999997,8268.69002096686,-1452.2723149643866,10525.355370158057,-1775.561631301708,11008.109350200202
3.5,225.0,8490.433690274196,-2076.9662543877885,10827.097615691388,-2558.081962771337,11213.71136686045
3.5,230.0,8081.760639104063,-863.6911843682428,10365.48113729745,-1030.4553230689753,10829.43866593242
3.5,235.00000000000003,7243.5598891914715,254.68944571250904,9341.53712984856,385.124006127493,9940.187516790009
3.5,239.99999999999997,7098.205285475553,239.53501302914037,9187.37641882647,338.62787802854564,9783.242867316729
3.5,244.99999999999997,7351.308951513486,421.8877032163232,9508.656802978498,558.9561238353235,10054.231372827364
3.5,250.00000000000003,7216.496046263848,682.1412903293694,9323.943445643956,891.0714374579661,9902.865247907703
3.5,255.00000000000003,7342.994857137121,531.7489824307174,9486.456609966439,704.4006875257705,10043.201901879556
3.5,260.0,7284.250908730537,322.0509812167809,9410.393727561755,454.39069959234484,9983.337863824876
3.5,265.0,6736.352648038597,382.32238783523223,8696.157413523917,545.3873198927223,9388.806702787828
3.5,270.0,6576.796697292433,397.1606686422444,8531.69815503803,550.1499967862749,9214.774134917508
3.5,275.0,5629.612704866649,-63.65382979582756,7314.77390943597,-66.48404577034341,8178.313234386279
3.5,280.0,6163.390679043825,616.8545659674221,7966.202010806732,804.5818119227637,8756.665040144302
3.5,285.0,6781.088524323649,597.8660445785879,8711.034966729309,760.0955766979696,9432.718374889344
3.5,290.0,7308.2652741473885,337.46846627518426,9347.455697103542,393.01511430024766,10009.05366160109
3.5,294.99999999999994,7141.994024175154,128.85564183222095,9139.630129771816,127.68840758379747,9831.443127193128
3.5,299.99999999999994,6354.232698226624,350.488556056589,8164.0365316177085,413.17329327801235,8972.536419228456
3.5,305.0,6147.620207595712,172.6550125887975,7929.5162317538625,159.78167155977962,8748.563405329396
3.5,310.0,5463.99978324607,-392.4633161085003,7077.678417475685,-593.8190894415461,7989.7564677301725
3.5,315.0,5562.368875650589,9.09761648782387,7201.52630321803,-115.0512844329628,8103.906641387822
3.5,320.0,5716.754738227177,1283.3983541321604,7417.986090659904,1514.64557499791,8227.205955082172
3.5,325.0,5936.119945271776,1222.0471478635627,7694.134477754561,1387.7197468018312,8476.076824690537
3.5,330.00000000000006,6669.818037252995,1342.5930859953942,8579.903823267989,1508.684386924368,9279.07121242965
3.5,335.0,8985.844808816762,-66.83443475237027,11369.351435287555,-224.41344705771735,11804.4431281226
3.5,340.0,9694.631242607376,75.34184675415918,12194.026910594828,-2.6143964200755363,12553.98755481063
3.5,345.0,9786.95853295784,-675.537289580026,12251.073637839028,-917.2936260330139,12645.859328435528
3.5,350.0,10970.260143125673,-642.8271987677954,13643.071082256829,-865.2986451055024,13889.76660774915
3.5,355.0,11781.021433295016,-7.028577734966575,14589.496744740694,-50.00296236526265,14740.427620667257
4.0,0.0,9394.16351567702,-680.8228773552546,12136.690387185,-811.7498207608442,12230.767198341153
4.0,5.0,9028.950307354688,-186.655526303854,11687.008092387578,-213.2062869929905,11849.722905511007
4.0,10.0,9263.495583321082,-232.60952566558103,11973.45498258624,-298.93464735824773,12097.889472973413
4.0,14.999999999999998,9021.215796047589,-395.66031836467846,11699.055556571977,-517.3342236990393,11839.821910460472
4.0,20.0,9285.375782388437,-880.643431539489,12038.45878998289,-1099.3621783451267,12111.487275150625
4.0,25.0,8863.397541789067,-96.95278514599613,11517.494348861477,-96.19640814855211,11674.453441624877
4.0,29.999999999999996,8243.026426714343,-39.12532934471301,10755.929760521447,-23.49650899228709,11014.184217544653
4.0,35.0,7762.978784974761,-500.5740638605539,10183.96298686736,-624.9756070902222,10495.96179868176
4.0,40.0,7753.937329107617,146.2696330828494,10180.78460586536,201.39523015979557,10490.376232198158
4.0,45.0,7593.561967472984,1030.2743761424754,9971.762159048929,1349.6704002454471,10298.91962974544
4.0,50.0,7299.2604859792145,526.2451066269241,9606.438741054384,718.5220783378008,9996.096073146678
4.0,54.99999999999999,6912.925124284212,37.96334088173944,9131.187964797831,112.40341201559568,9583.779851373394
4.0,59.99999999999999,6623.990340353178,414.02241858856587,8762.646928028158,592.0539720794195,9265.896388632433
4.0,65.0,6807.738723136187,121.18642354338499,8983.08230241387,219.4417081396432,9469.355137749268
4.0,70.0,6703.342246896476,599.9659264202492,8824.074326470653,828.9645914868133,9348.011546233298
4.0,74.99999999999999,6402.964639257893,1251.6754439093245,8435.917278441837,1658.959333922802,8990.959620921596
4.0,80.0,6421.177975442607,722.3312641682405,8466.09460585691,947.7396359623879,9035.988342236555
4.0,85.0,6027.0658517696575,461.56567185337315,7972.284219439003,614.2192723267975,8611.150506822827
4.0,90.0,6320.006855189233,192.1739313796857,8360.743497975403,254.0445868653473,8937.253177019751
4.0,95.0,5943.457031219875,661.9258211591873,7877.588059193861,842.8297028685553,8512.798241833025
4.0,100.0,6414.226677914765,-293.64542783210914,8458.846087455699,-394.60141504760804,9039.043446299076
4.0,105.00000000000001,6842.210219316476,-346.57245289625916,8978.313431417762,-457.2880237348427,9504.438689098566
4.0,109.99999999999999,6961.686962860853,728.6225908086899,9116.016344802383,907.3002676432752,9625.276746167992
4.0,115.0,6642.395420341232,793.8826223589783,8729.643361748189,984.8470614873581,9275.363987220126
4.0,119.99999999999999,6021.101174055666,747.1506501114047,7959.264444773719,962.2743020664202,8595.238129528949
4.0,125.00000000000001,6448.858933927628,450.2353790411512,8496.98174482007,528.2237477406607,9074.034576043421
4.0,130.0,6800.261246737247,795.6488600230109,8926.166443688293,986.2107809802178,9447.475595513175
4.0,135.0,6606.651250163717,683.9034190651996,8652.575603498966,848.7933772168058,9240.0862778002
4.0,140.0,6314.828652657968,376.31636416287984,8298.195706396651,444.3303605491924,8928.938109008397
4.0,145.0,5553.237557268914,-369.87551425022184,7347.658420713937,-530.5680694439889,8089.504350960593
4.0,149.99999999999997,5669.85402489888,-886.5917271879619,7489.9939526714115,-1196.0742302618705,8199.548407539085
4.0,155.0,6673.241268779471,-9.90612190183765,8753.236576802308,-70.8370324326047,9323.504231667246
4.0,160.0,7429.529169149214,219.21170466506874,9660.64366786117,219.17391657867256,10141.090662332615
4.0,165.00000000000003,7650.257976133946,1042.4832809989587,9904.328761875151,1243.463174147218,10359.628913661012
4.0,170.0,7822.189634302458,575.124213103031,10102.921823691499,666.7918245583153,10558.10892939952
4.0,175.0,8805.178437771758,-1048.2102364749564,11314.903106933925,-1365.6123334322556,11596.901067579864
4.0,180.0,8602.48684822116,406.18252753380403,11072.565164366431,504.5647663174009,11394.807247522647
4.0,185.0,8785.434064819123,606.3094301425145,11280.484424339318,741.2987227309819,11586.435821399058
4.0,190.0,9304.957640020524,115.64580455119585,11862.415798704571,144.9612894599486,12142.299745021015
4.0,194.99999999999997,10716.110733000343,-352.53072411282255,13553.665684992786,-423.4565236770468,13626.492860466837
4.0,200.0,10274.539424720824,-1154.2038173063602,13066.270224795859,-1409.8564616447447,13149.662369824191
4.0,204.99999999999997,8703.4796102697,-1703.5056230788705,11182.405493914179,-2091.8524530068203,11462.638921694952
4.0,210.00000000000003,7612.0572788686895,-1454.5002650273273,9896.749672850467,-1807.0527815231148,10299.949201053338
4.0,214.99999999999997,7422.7697386349555,-1000.4118273915064,9689.488818438072,-1242.053024309298,10115.542011045422
4.0,219.99999999999997,7136.454877485548,-1287.4217697558283,9359.76773477655,-1616.7278307971415,9792.167645145088
4.0,225.0,6779.905973384797,-1238.0726354801013,8954.010842604526,-1575.6918157696346,9405.609172899634
4.0,230.0,6480.7309202009965,-136.9303792883843,8599.408382725152,-159.42260289748447,9113.316080340273
4.0,235.00000000000003,6518.117741934583,422.8568613896473,8653.887269660263,563.5830907532331,9150.256339378513
4.0,239.99999999999997,7147.808949671195,94.03652636036941,9455.096965594457,133.91840409971337,9837.889120054706
4.0,244.99999999999997,6975.417168720905,324.57589955954063,9224.100532941946,446.7313623079058,9649.271763608407
4.0,250.00000000000003,6947.623694905462,520.6543962097971,9191.896171922002,698.5722609361155,9615.569397459067
4.0,255.00000000000003,6922.225593985308,215.70963569792798,9139.417285717784,309.72811168910766,9592.880359313385
4.0,260.0,6952.300965487708,925.900281034224,9163.356129284406,1222.7471307397711,9608.147564548808
4.0,265.0,6521.278399599316,782.3029867301734,8635.977824090562,1060.1010400078753,9143.406273361661
4.0,270.0,5731.317371315134,15.06046672275883,7627.439691807958,79.49564391205645,8290.962682992205
4.0,275.0,5958.614163962753,467.97161973144,7897.106706732403,627.2828737679343,8535.580431254568
4.0,280.0,5796.900048469382,432.6173989155807,7689.641060331087,586.5254433233191,8357.966877972633
4.0,285.0,5799.919164958604,139.46517758374011,7681.4618067473075,178.85687936098566,8366.18095265126
4.0,290.0,5660.109020123489,329.47629994835165,7522.433535498357,412.06489607771755,8208.91279015043
4.0,294.99999999999994,5506.924556411319,319.76058476958156,7319.493696131942,387.5649369472526,8039.139017028006
4.0,299.99999999999994,5667.060386817086,-148.35530947228426,7510.061558273097,-240.865286228689,8219.230902230689
4.0,305.0,6200.971638538261,660.4702678021172,8171.659666996957,773.9571615230839,8796.528992270243
4.0,310.0,6035.827622663901,215.96596622818652,7971.727138260286,184.81894662670356,8625.324309924656
4.0,315.0,5896.952851218446,-16.09659765016977,7807.440746710036,-129.48919433551146,8473.758874518253
4.0,320.0,6342.290609028593,26.932767268669068,8343.417857098088,-42.801639634401454,8962.541296426469
4.0,325.0,7704.036728313751,-443.8269511237013,9997.53817161597,-631.8575942872494,10433.616421726792
4.0,330.00000000000006,8476.231890480009,-601.2925883647008,10936.967379158476,-815.7703146231306,11257.293567292843
4.0,335.0,8463.688319056993,-461.25419796029155,10933.407556709024,-655.7691766925664,11246.22401451243
4.0,340.0,8748.46133123507,-542.2051550602405,11302.676680515482,-744.6164316509016,11548.19570962845
4.0,345.0,8950.767879478142,-347.4801206647003,11553.613984123369,-458.82971809272476,11765.592124384839
4.0,350.0,8593.694499342831,-1576.0001604390297,11106.096098117707,-1999.318574330229,11351.049641285139
4.0,355.0,9142.017141203034,-1156.5658784385587,11813.905183791414,-1436.1698990476139,11951.903804043302
4.5,0.0,7295.073603876852,-201.11825034432695,9864.716063507381,-257.5795929344167,9996.281502902992
4.5,5.0,6997.066693035926,108.67310170061018,9451.01582466976,162.19428798807348,9674.732945278258
4.5,10.0,6783.384753841757,-301.9439903182986,9232.049215807163,-401.8179614794385,9441.182991908678
4.5,14.999999999999998,7129.984144595926,-619.6336001686041,9681.620328549818,-815.6989930524455,9810.873203409405
4.5,20.0,6456.38946825485,73.2588356246572,8827.649276137501,99.78588696468887,9087.077383629065
4.5,25.0,6278.166086384796,265.1474806338433,8602.25559049471,337.18753845469746,8890.605756866958
4.5,29.999999999999996,6469.643420643255,307.94577865020347,8850.189295169794,397.01359822855966,9099.364353309604
4.5,35.0,6108.090201203612,21.844525985261953,8384.143324623255,21.06907277854043,8705.961876321555
4.5,40.0,6049.202279153597,315.0237180473446,8299.75411955616,432.72068824267626,8638.598463111633
4.5,45.0,6238.312358496838,492.57685673862443,8521.955414045608,665.374945929239,8842.508923052841
4.5,50.0,6637.432134290346,425.25848422673107,9023.654930861238,596.384313442687,9280.323062121572
4.5,54.99999999999999,6276.107650725662,695.8167428386255,8516.091322742566,963.8213987563577,8877.837335533364
4.5,59.99999999999999,6541.882454770806,287.9581115481983,8849.595734342736,401.94626937208113,9178.478073712211
4.5,65.0,6063.832721895441,920.7958085528949,8231.663904871046,1259.7839852953398,8634.708421617843
4.5,70.0,5618.187086382178,749.6758485496152,7659.026878900982,1023.2236777235494,8148.694222163279
4.5,74.99999999999999,5559.349489377586,728.5432294641432,7564.296052863104,992.479688629805,8084.135754204876
4.5,80.0,5951.331876057655,407.7054098697165,8063.028227660415,563.9256509732563,8529.0187974885
4.5,85.0,5894.695499359324,147.85204995742998,7953.8071026988355,228.53999504578326,8470.657611993494
4.5,90.0,6372.431757314378,304.57013570328087,8542.913248312929,402.3607785465569,8993.19363939885
4.5,95.0,6688.350898393361,66.78962235349934,8936.342356171233,112.08598518723556,9339.839551268962
4.5,100.0,6124.046127639867,-111.28005262709553,8216.295888962286,-141.79445552678635,8723.157288460263
4.5,105.00000000000001,5763.072508426185,65.35734616020477,7767.148812435511,70.55643677453031,8325.933321291299
4.5,109.99999999999999,5888.771505488996,333.66936850837874,7939.229707763134,414.1744060944461,8461.58689275566
4.5,115.0,6187.032922382618,511.6653744832606,8303.65390126162,630.8522473839398,8785.732970532612
4.5,119.99999999999999,6429.995928758899,1311.3784347212847,8605.552703837766,1693.935572051933,9017.157349847112
4.5,125.00000000000001,5817.190901608666,-165.88006588478083,7828.35759120835,-256.3822747934728,8385.012715975645
4.5,130.0,5577.627240957049,1106.6304317758354,7541.738889772732,1401.9990600854662,8083.67113150652
4.5,135.0,5686.783252019883,794.6296884384547,7677.533273881099,987.1305773275271,8222.92332758981
4.5,140.0,6066.907376073208,5.617566352059384,8162.970775120305,-38.135777609237266,8660.74928561883
4.5,145.0,6171.90173561456,-94.71886795582395,8284.586593747992,-171.50837517493255,8775.748804280414
4.5,149.99999999999997,6522.647705269637,-632.5470475655875,8738.2322852499,-871.8114553621926,9149.923302296804
4.5,155.0,6190.344855163155,-592.007944454364,8299.64353619053,-793.2406457820694,8787.068108655485
4.5,160.0,6248.284058660945,318.0583199745565,8387.002876297425,385.08423731576704,8857.079750682564
4.5,165.00000000000003,6430.715038641472,215.95582909065547,8619.565570013072,255.3706816179788,9058.031941199799
4.5,170.0,7001.376541916816,-189.95021104715204,9340.949714669328,-273.0682374603098,9678.881478347745
4.5,175.0,7198.039381027794,-1162.38512916332,9588.843341561587,-1534.0585754447106,9865.20382226646
4.5,180.0,7722.69704478803,-113.1318168535518,10216.165818382775,-123.96613227502655,10457.00226869234
4.5,185.0,7938.13842970059,355.8507624112457,10476.791530939438,481.2018679905009,10686.022694429981
4.5,190.0,7763.460225445579,-388.61619310054675,10269.210538815427,-488.6681024936154,10498.26417645566
4.5,194.99999999999997,8128.350337895794,-788.7565652095354,10755.542622857687,-995.0292927364699,10881.401130106624
4.5,200.0,7692.134550856775,-506.9934244520309,10237.085020343671,-625.7226339394833,10419.734731554101
4.5,204.99999999999997,7133.168877867027,-273.1717190044669,9534.061146601194,-354.4333889307595,9820.700581182642
4.5,210.00000000000003,6631.263995308542,-904.6824042272674,8927.788889531066,-1180.3191856395215,9258.895555792815
4.5,214.99999999999997,6595.932588043019,-400.2016913627517,8902.660608524418,-500.5793353886738,9235.579908677102
4.5,219.99999999999997,6250.339963880824,-952.5718071776028,8462.560671214673,-1221.2691745852148,8838.867862904895
4.5,225.0,5983.022809857919,-839.334759832796,8112.781838285307,-1082.609465876611,8549.237917183395
4.5,230.0,6368.484454259004,-285.2416058104227,8601.906283081848,-363.3170957420175,8989.161559563989
4.5,235.00000000000003,6863.662544060146,-53.714149845469365,9238.23443795228,-58.98843960616614,9530.31856191895
4.5,239.99999999999997,6858.287755607987,25.323895359085782,9238.126762386657,60.567638039619396,9524.536592500752
4.5,244.99999999999997,6718.520031002706,423.394994541045,9056.109489748002,576.3763747353219,9368.652606019868
4.5,250.00000000000003,6506.499241887941,399.6008245461628,8782.187757940123,559.2417307725955,9138.032973255422
4.5,255.00000000000003,6455.041036427975,712.8978673706163,8706.751325716552,945.2326742368982,9073.395374055479
4.5,260.0,6387.294314930799,873.0242648073688,8611.279834142888,1153.1092032205008,8992.997634282146
4.5,265.0,6695.678258626959,665.7976835056305,8989.12542191392,913.7620922199671,9337.76411964916
4.5,270.0,6850.798216104595,1037.9835131175919,9114.948814062634,1380.3077516125616,9492.88102894202
4.5,275.0,6639.471549138804,638.5648527236795,8848.510260390949,827.3155040449844,9277.289463285892
4.5,280.0,6284.9809646916265,537.381421376319,8404.148048434088,721.6399035036538,8892.512436678022
4.5,285.0,5830.692907781364,177.74253830444695,7833.022191326692,237.37608269191446,8399.795973660981
4.5,290.0,5902.757002242284,254.32562146811438,7926.287324214226,308.3828703697036,8478.328995415002
4.5,294.99999999999994,6220.258447894625,218.60562578062945,8351.633638127885,260.5738778002592,8827.746524150103
4.5,299.99999999999994,5764.047965600603,526.5744240679724,7756.330831898845,665.3602951586277,8319.003465448099
4.5,305.0,5544.911811012058,-236.80687165153086,7485.108001963517,-364.2051645434576,8082.784099308506
4.5,310.0,5904.533813876556,-316.4377307745858,7941.648997589316,-477.8763024022919,8479.285558502927
4.5,315.0,6448.830890586381,-607.1712694638245,8613.142803899715,-846.9552246845969,9069.971925571093
4.5,320.0,6821.776662369124,-414.8087324731314,9100.515966967616,-578.2469179172285,9481.090476913318
4.5,325.0,6689.370758608923,-567.4455340851919,8959.19408183896,-770.0470523488975,9333.65608773839
4.5,330.00000000000006,6794.254759157777,-906.2140460684914,9106.803419436907,-1204.45767390213,9436.787305075995
4.5,335.0,7058.2335619813475,-987.6272387050674,9431.362521109402,-1293.5419708048075,9720.87161371186
4.5,340.0,7443.866178565217,-1161.7008042507837,9923.978019515438,-1519.4670783986924,10131.799426042639
4.5,345.0,7743.122478074085,-585.9587017353692,10312.237214483519,-758.9238933583404,10472.968446650217
4.5,350.0,7765.990224357375,-952.5489139919957,10353.038898422179,-1236.4951211105372,10487.520866514918
4.5,355.0,7010.692304012992,-1061.876858032571,9446.012428174929,-1395.3764253358881,9666.02686623925
5.0,0.0,5862.336578803457,-395.7582758812496,8237.248452533036,-582.5173841542855,8431.130874079492
5.0,5.0,5827.3046704217495,565.3604909107191,8205.242507532465,754.7638772539733,8387.768714587266
5.0,10.0,6063.685164125502,-839.9121217333607,8516.926693424135,-1117.892943499924,8638.30487131003
5.0,14.999999999999998,5478.20135619998,-117.1231446584527,7787.1807817603985,-159.56638016003285,8010.039283831462
5.0,20.0,5456.745713199425,0.06465748107325453,7747.772019470457,3.6903415114366,7986.635682034931
5.0,25.0,5671.4716021246995,63.53396524105665,8013.289916166189,85.12884259334396,8224.65770486159
5.0,29.999999999999996,6028.8076186612525,108.06963928833966,8469.087621946639,150.95431472556538,8618.562305210742
5.0,35.0,5989.684916565407,11.922964583938665,8395.50486181358,16.613872882060605,8575.856807853941
5.0,40.0,5958.355714266325,632.4074506431766,8348.0238667932,873.2108170714182,8530.299150669609
5.0,45.0,5792.340294365338,80.11331236967499,8134.8648955580775,119.4353175664437,8358.193938108272
5.0,50.0,5585.9878581022585,837.7033409776072,7848.1339415302,1168.3329854335789,8108.626508373837
5.0,54.99999999999999,5570.810585766816,524.6463298674948,7813.343582280828,752.5412864361888,8104.735993253223
5.0,59.99999999999999,5176.798221682773,265.53811426648554,7290.866128059399,390.3603891203202,7672.035488283926
5.0,65.0,5209.297254601544,809.5692870352193,7293.483237777471,1136.7591923868858,7688.3925130188045
5.0,70.0,5655.599824597458,757.8447284130993,7837.465306362158,1044.7327410405205,8189.941733955827
5.0,74.99999999999999,5841.148187407068,469.4520011633999,8065.950412678428,659.5571787135384,8405.910591832693
5.0,80.0,5703.878348507751,465.62569930609027,7874.336120905859,649.9852453903943,8254.154404587021
5.0,85.0,5835.107890898015,182.85392155130876,8044.7515944793095,278.19453865671835,8404.614549649425
5.0,90.0,5329.347699795195,255.95359375921512,7381.360199081559,344.6896196254379,7842.641177323883
5.0,95.0,5071.709406589552,342.9759861774796,7063.386663915354,464.049072159498,7552.562443653232
5.0,100.0,5270.830439815643,155.1261990971674,7317.666158189291,191.4424164456866,7778.7474281248315
5.0,105.00000000000001,5220.973437233626,143.48656726144418,7252.232483524969,164.29553829487804,7723.180042910553
5.0,109.99999999999999,4941.634983702337,223.83037443638432,6893.301719123035,284.7653679001605,7408.848318101768
5.0,115.0,5069.127816819198,132.51445696562587,7061.574700989315,134.06139577459044,7553.292518914093
5.0,119.99999999999999,5727.526228225655,787.7050904418259,7932.463816547866,1018.6339824753918,8268.513917435494
5.0,125.00000000000001,5402.249206692155,443.7456857948687,7481.294392569966,544.0380663800038,7919.596568716486
5.0,130.0,5501.030061056918,655.0986130514675,7594.3111687401,829.8972206456215,8022.298678611144
5.0,135.0,5861.678561355737,168.3580510057368,8044.057474800715,186.42486740515506,8434.072149591295
5.0,140.0,5611.785038216749,115.53362063274244,7728.319253725833,113.09486225596356,8158.277190597334
5.0,145.0,5532.755559312381,-101.31084859247585,7634.939015409525,-176.40961928671595,8070.73184649021
5.0,149.99999999999997,5418.680635662052,-661.6179910801045,7515.568054758026,-937.137867848242,7930.161692185938
5.0,155.0,5438.908003906068,2.081025079512983,7570.7465334376,-23.575542260692146,7966.804608603456
5.0,160.0,5315.811450994894,-516.9459313027637,7387.499827997656,-703.506538742429,7820.802330742286
5.0,165.00000000000003,6203.755622958221,-133.4706524586959,8536.88368020841,-173.8149528200854,8810.439711450439
5.0,170.0,6557.611270255141,-878.4230135495309,8976.115486834482,-1149.9352004764255,9179.416703425637
5.0,175.0,6608.034330101483,-1077.8830084313972,9043.703953227561,-1419.0638907995026,9225.645676644976
5.0,180.0,6289.13869556725,91.83898646203957,8665.930503330805,139.58312858235044,8904.199456048214
5.0,185.0,6312.195406207696,-98.00345384312902,8695.44069982395,-97.28900717208512,8929.399698894456
5.0,190.0,6752.969363982251,-501.2047321715172,9257.539046006827,-650.4556559582941,9404.506273198764
5.0,194.99999999999997,6695.176239768073,-371.78510409704995,9207.426020219413,-485.5565156126345,9344.186968777114
5.0,200.0,6242.583960843121,45.431935905498676,8631.629654249933,64.7729594023267,8853.392219666546
5.0,204.99999999999997,6330.934704999518,-214.669082930056,8747.792970580538,-288.55556444767944,8948.977250929636
5.0,210.00000000000003,6288.794552161665,-725.3353565196721,8691.824726166347,-945.7196051119877,8890.709787062986
5.0,214.99999999999997,6139.0164371477495,-311.4403407390578,8491.11938629122,-400.8628464989574,8737.339876997226
5.0,219.99999999999997,6281.974620175588,-373.97183326125696,8688.321273825764,-488.6136563456198,8893.00180509412
5.0,225.0,5821.828584529919,-260.289679675529,8094.045830006644,-328.364612354319,8388.966127963828
5.0,230.0,5398.9986036196315,-578.1084777898996,7575.664083291807,-756.9258452084878,7911.519009903358
5.0,235.00000000000003,5224.868433315196,-302.22366581136566,7358.498871365666,-384.61626031083824,7725.089027894169
5.0,239.99999999999997,5554.701503972745,117.76589265232678,7799.715035512467,171.61740247105536,8094.970304605539
5.0,244.99999999999997,5722.664598334939,247.18500664714657,8013.060076468113,351.9311483995871,8279.582962846453
5.0,250.00000000000003,5440.200545056602,527.2748250170116,7616.212457570272,740.3026585143234,7959.283180318913
5.0,255.00000000000003,5660.495735050891,519.2864536476745,7885.405473842724,715.5772702780782,8204.48409681143
5.0,260.0,5565.309244204976,499.4651043416957,7744.887815236716,692.5774352246351,8099.418229346686
5.0,265.0,5398.733410800964,1142.1560906499853,7514.414191420893,1529.7152598638913,7880.505169620426
5.0,270.0,5819.285304094883,1172.1526281849644,8068.473383223085,1575.5523766552271,8349.265184338175
5.0,275.0,4807.797086629586,546.4494924402056,6717.64092040819,748.3801337331515,7248.195770498788
5.0,280.0,5045.437125764646,571.7132005100837,7008.389474462427,752.1138270230435,7515.475683537787
5.0,285.0,5333.646951309638,573.9950393252633,7376.762299759487,740.5402353966947,7838.676525437655
5.0,290.0,5548.762786829355,-97.73919998014048,7644.733632858886,-171.9746896128454,8088.516970592122
5.0,294.99999999999994,5466.457220230977,307.6209162261989,7530.20644074463,390.0969710521922,7994.391407897327
5.0,299.99999999999994,5805.362210394715,531.9972757106812,7965.762745733285,655.105652893898,8364.552047960276
5.0,305.0,5945.202276983978,-234.8287906285841,8151.485985477262,-356.98360896502936,8525.364215200285
5.0,310.0,5896.708272357849,-661.8496251081679,8081.020539034105,-898.1392477650252,8461.153107357115
5.0,315.0,6175.077631822397,-703.3108090038463,8439.67370005653,-964.0105837481069,8766.550819912954
5.0,320.0,6349.357867245755,-706.4908962590148,8678.486356611818,-975.3523807953397,8957.832790820647
5.0,325.0,6622.930357474502,-641.5269115471547,9041.323029050734,-868.570993642852,9259.156295474782
5.0,330.00000000000006,6697.368392450758,-997.6366494173535,9150.85762777639,-1331.627004521747,9327.158253837406
5.0,335.0,6423.218941966485,-841.0526949950015,8826.291588991604,-1121.717558928076,9033.731911572873
5.0,340.0,6292.188583413007,-990.5305191376001,8700.928777469433,-1344.1592894338842,8883.103284103041
5.0,345.0,6048.503726501093,-580.3376764979845,8404.300102994623,-770.2327415318177,8631.407540283235
5.0,350.0,6058.222832914381,-438.1021953790532,8456.492083541696,-609.9393316839156,8646.010611174583
5.0,355.0,6083.830062014134,-724.3550509891156,8509.076887344692,-1002.2183737735336,8665.30714647426
5.5,0.0,4938.923003326709,-212.6539727882191,7184.845880171095,-307.01667549359263,7405.980578849356
5.5,5.0,5454.960706493997,-22.865443139323872,7919.7685175833885,-21.09550074145477,7984.634677053074
5.5,10.0,5241.72448485884,-298.45987420434255,7607.778955135981,-447.9448359318367,7744.011499894307
5.5,14.999999999999998,5500.771409443133,46.3735046091756,7947.259624983876,64.08500934878043,8035.480423556348
5.5,20.0,5314.302581570483,69.12940106418068,7694.416365787897,105.01307879856176,7827.901480559842
5.5,25.0,5222.0968692570095,-36.56015257233139,7581.040829066011,-38.77658484897074,7725.102476766349
5.5,29.999999999999996,5002.17170700334,88.32246892005423,7284.028098608965,137.40022745831948,7478.499918811958
5.5,35.0,5212.8470395168615,-41.66037303751364,7551.705956223419,-50.40263816460765,7714.75254926313
5.5,40.0,5482.326182416718,507.5398658527474,7888.3055421920235,723.6716519527536,8006.860377855009
5.5,45.0,5667.413508040729,85.40561274736956,8119.5438476903655,126.17797512366224,8220.067726887395
5.5,50.0,5519.989632053581,921.7385368121991,7904.5717313776895,1312.9972748826567,8030.471872846408
5.5,54.99999999999999,5540.343089228594,844.5000485730743,7911.4165525682,1178.5992712087423,8057.369029425358
5.5,59.99999999999999,5576.88352612967,431.9640729453545,7928.873725423489,620.8519788738258,8114.2184466534945
5.5,65.0,5033.402126695872,777.6608677339689,7207.470260440185,1105.4272617680485,7491.938980623495
5.5,70.0,5101.383607791769,516.7180028339233,7291.975081963691,741.8779577585228,7580.536596035179
5.5,74.99999999999999,4945.4915497282545,553.0874330568031,7073.492420977097,789.6528651368342,7403.592164064879
5.5,80.0,4943.945145586805,271.34354937428236,7055.707662743965,400.8713352043462,7410.55976403954
5.5,85.0,4852.780619963039,490.3945731184858,6905.497477189544,684.2537937769545,7301.352578705251
5.5,90.0,4967.602499981149,329.3896303847284,7063.913081284911,428.3905960687839,7435.878439293806
5.5,95.0,4864.838217644942,168.768446904143,6931.707226475611,219.37021040246498,7323.167466714103
5.5,100.0,4298.911985862849,470.78811686734036,6183.549912899439,648.319036807664,6670.918671901107
5.5,105.00000000000001,4133.881034627182,44.679796602869715,5951.5150445791305,14.673221449678294,6491.682087295186
5.5,109.99999999999999,4621.370734929768,296.95403092222296,6625.178422424349,356.6371513404324,7045.251953664769
5.5,115.0,4518.931044032007,-18.43894195328403,6497.937558768151,-64.13110998334287,6932.558952384281
5.5,119.99999999999999,4255.500689076237,473.3775160896323,6153.320353814617,615.5262760994915,6620.861666083051
5.5,125.00000000000001,4870.169995996352,407.1281340854116,6969.269789364433,496.1094442842109,7323.876774333131
5.5,130.0,5036.28914848143,441.1551736099582,7177.934236208675,555.4519854178011,7509.973348221259
5.5,135.0,4987.354555625502,199.64864103970012,7107.406080679933,237.5380884537958,7460.657166841727
5.5,140.0,5128.410608254802,91.80723451741824,7282.232615482786,84.45618659933598,7620.058619651322
5.5,145.0,5403.755245197868,-80.63346722639335,7640.646424789025,-149.38277492342058,7927.488702723376
5.5,149.99999999999997,5659.861719281626,-1049.231366557915,7959.332422754101,-1442.5185348677678,8179.213963480079
5.5,155.0,6234.870690542632,-258.72004583950775,8680.922020598344,-352.5350116860918,8843.263963666186
5.5,160.0,6283.049296636683,-321.48950616005504,8747.004378947626,-446.94657469373533,8895.10949380032
5.5,165.00000000000003,6116.130314399582,-495.10250423191223,8543.636835397972,-656.5750077946013,8708.269639688557
5.5,170.0,6098.287415813631,-703.3841318244855,8563.386703976284,-938.8694068007309,8682.027070624608
5.5,175.0,5865.212203990735,-859.6799582096583,8289.874608754311,-1169.4532407951865,8417.892634422702
5.5,180.0,5487.425785988846,-43.05079584343252,7782.495120465603,-11.963482324144069,8020.667244831124
5.5,185.0,5973.505419119661,-135.3841779253862,8452.703529469924,-170.5893451769964,8557.550431268599
5.5,190.0,5819.011903427272,-325.569817430046,8260.16290935123,-435.0890340676758,8384.749618415439
5.5,194.99999999999997,5519.982402435725,-193.09265984977105,7872.793149590565,-251.21129865270677,8055.698962349986
5.5,200.0,5668.489236055446,-53.093105441202624,8060.906078363341,-67.6219112101976,8221.393968014509
5.5,204.99999999999997,5910.971711153248,-430.02235692737077,8380.251531833175,-588.0684957399098,8483.996458615193
5.5,210.00000000000003,5707.062662118757,62.798259941660035,8122.121025614787,97.39949083683496,8264.034839368544
5.5,214.99999999999997,5477.375548140367,-241.0461017642874,7825.55118442083,-313.25083978921566,8007.70074304474
5.5,219.99999999999997,4990.735841723755,-206.8210586698906,7186.5554793662595,-267.41317704166477,7464.349239643942
5.5,225.0,5058.758047351514,-217.6237211744019,7278.069054382656,-288.64278105996345,7540.574984480712
5.5,230.0,5070.858210365187,-480.566242050877,7292.328291157745,-651.0541379155529,7547.523022307958
5.5,235.00000000000003,5223.164153390245,-26.03671853781816,7492.799751229045,-15.801707082069242,7726.317777994852
5.5,239.99999999999997,4919.211872718842,-139.5330746869697,7096.923878407575,-182.68923551397074,7384.771959298685
5.5,244.99999999999997,5008.016917667376,247.60577346698733,7217.081463081875,365.232946725097,7483.083209509805
5.5,250.00000000000003,5133.2499357305,589.7242676546475,7372.871556200036,818.6748311345846,7613.487874700771
5.5,255.00000000000003,5101.675433557778,533.4833159627556,7328.406994089215,745.6276391998147,7580.23923637322
5.5,260.0,5001.277536136436,670.1782667451428,7176.227411487567,919.6072990579021,7461.276943460122
5.5,265.0,5412.938787275704,588.4725146273292,7692.815675413971,823.9158571128678,7926.686894402106
5.5,270.0,5322.093940922816,917.0972763445014,7540.756653102697,1284.3641466802933,7809.023782409715
5.5,275.0,5302.410666133413,731.0125250327403,7493.747804823944,1011.7385237157087,7796.9567966596505
5.5,280.0,5071.617297604787,378.7597508157527,7182.244666105263,527.0906779129933,7551.526390801158
5.5,285.0,4869.2706346597,339.6442055297889,6906.632324780486,466.3748189537648,7324.803600170132
5.5,290.0,4677.279700980859,-88.67317160384914,6658.292838125351,-162.97887512673879,7112.026210878124
5.5,294.99999999999994,4758.539156797469,532.9567839084159,6753.54706082425,713.3323508343517,7192.939811239837
5.5,299.99999999999994,5453.958482290666,-216.62773245701374,7690.891087719685,-337.21373845961944,7982.023810353664
5.5,305.0,5556.041767365374,-470.7857129033164,7805.262118664208,-663.6282283487253,8089.981359551587
5.5,310.0,5631.556541700962,-288.9266533188329,7907.1920026798125,-408.4315344631668,8178.036990973324
5.5,315.0,5471.066286824356,-694.5735151708504,7709.242635409502,-951.9617598321784,7987.215717388757
5.5,320.0,5314.451569249814,-1168.5463236813957,7517.677291912036,-1597.4887741457683,7783.642661926243
5.5,325.0,5551.625657665078,-790.2867710081382,7864.713018815868,-1071.0027594365688,8072.660982361874
5.5,330.00000000000006,5244.5227257284905,-795.2478627682153,7468.6887655381925,-1078.7401721282836,7728.7537903612965
5.5,335.0,5519.996391159499,-601.7082042661225,7874.315844110612,-844.1189767785004,8045.520312445836
5.5,340.0,5371.387903449289,-902.6125500106067,7700.423325488396,-1261.4744861452518,7865.191470046402
5.5,345.0,5031.910884580185,-131.3318141849727,7267.9295771240095,-194.14070197909518,7511.544940194252
5.5,350.0,5160.581508674719,-647.5093342565588,7456.662729344932,-925.0071286469991,7641.70417540159
5.5,355.0,5099.626971949389,-270.04714458823264,7390.605819971472,-392.6644156841171,7585.495615319519
6.0,0.0,4627.330713723364,-223.55987672824995,6924.611365671739,-321.05006716842763,7053.625943901492
6.0,5.0,4658.681967780348,-114.12554319190042,6984.1668923074085,-160.2700844692672,7090.736182275332
6.0,10.0,4902.175674211626,-371.9968237885055,7314.002932566748,-526.4661043506994,7361.040369221298
6.0,14.999999999999998,4740.928309175634,35.595783242945345,7088.207874627853,56.234814871700564,7184.337539022362
6.0,20.0,4969.543789793112,119.04904435724598,7391.816977719791,178.8286054469604,7441.596023044995
6.0,25.0,4896.552703124797,-31.414782795633528,7284.339072181024,-34.723315193894905,7359.966838725627
6.0,29.999999999999996,4815.91781197962,31.577160938432826,7168.221990678885,68.23729829944159,7269.062312710439
6.0,35.0,4753.471295141922,-41.7156844131664,7081.181943921998,-33.075853245490634,7198.499885665682
6.0,40.0,4718.931975672424,147.58384351329005,7029.565723471118,238.75313697973297,7158.618378973261
6.0,45.0,4624.014587150958,163.90366087426128,6891.019919195747,250.50993316920722,7050.835566759961
6.0,50.0,4659.833372099776,754.8805128061754,6919.981479510343,1088.0506620214292,7069.216084738528
6.0,54.99999999999999,4790.046132992042,849.2082580261508,7078.677016546484,1214.5415373677743,7211.707582565194
6.0,59.99999999999999,4726.896943520215,700.684564069621,6974.923250113726,999.1135099746434,7148.792811699755
6.0,65.0,4731.030533391899,681.415756139532,6960.455741156604,981.0512125939822,7154.550341995578
6.0,70.0,4614.751141869958,575.2602060113595,6791.866902193933,829.0262732160636,7027.577469979675
6.0,74.99999999999999,4359.508341161657,490.2816478852478,6441.657142756794,705.2700905067284,6739.649737969078
6.0,80.0,4202.710348723696,560.280085711997,6227.717401960631,792.9401463614013,6555.687164495536
6.0,85.0,4030.7875073575,482.17268374826443,5991.866849190772,676.9753870552072,6360.668270789951
6.0,90.0,3861.8100801542023,378.65007730944467,5763.156207766093,509.76447025254276,6168.794899820458
6.0,95.0,3811.0506974446753,297.26752526632873,5685.919617404603,385.5716963889908,6112.650385677054
6.0,100.0,4197.859379513001,527.5690385252726,6227.590013560769,711.721909670261,6551.802543740712
6.0,105.00000000000001,3867.520184458046,263.0411383518514,5747.7426361097505,338.27036468997653,6179.596282937947
6.0,109.99999999999999,4053.1669532070946,-202.4541009491893,6008.237800471783,-341.94389544913497,6396.534606333459
6.0,115.0,4501.554673109972,444.5236206619777,6633.810911149465,571.9507219244479,6904.1346241001265
6.0,119.99999999999999,4337.2344172714675,194.61146201353313,6406.4227686944005,268.68103683860227,6723.4746723636745
6.0,125.00000000000001,4487.814438323121,-241.45981519982047,6575.4487042782985,-354.7131406540825,6894.569267111162
6.0,130.0,4897.785743150304,360.32091132103596,7092.602439570064,474.56213213183446,7356.415921405289
6.0,135.0,5669.518085322301,261.0817119071585,8104.102918671837,327.3573850553894,8220.55525541726
6.0,140.0,5521.267587268505,-160.6253976099083,7898.623554590644,-237.76104994737943,8057.488980299159
6.0,145.0,5536.1973277496945,-456.79832819345665,7918.2246769619,-640.0588352033196,8068.329522878216
6.0,149.99999999999997,5828.195772553274,-759.8963605798265,8312.704656483298,-1059.659046769691,8381.415296294248
6.0,155.0,5402.9933255460055,-193.74789818761928,7776.1348697990215,-266.943042218089,7925.624158434254
6.0,160.0,5319.020090545535,-554.7260133020291,7681.0630958836455,-765.5311681214002,7823.044447506984
6.0,165.00000000000003,5232.496537013387,-451.76753139330003,7579.40690050939,-637.8609079748396,7729.749878153782
6.0,170.0,5520.364940048308,-311.86489220399574,7991.041440517835,-427.1684971859321,8054.2306392229575
6.0,175.0,5187.428276933422,-598.3057088844199,7569.373202179744,-830.9495049858592,7673.963225696117
6.0,180.0,5202.203616085404,33.05846071703063,7598.517045156608,71.01953605466313,7702.878888354387
6.0,185.0,5026.725560112361,-303.02595920490364,7371.721257220816,-422.1136908978357,7502.980941558022
6.0,190.0,5057.909386803399,-221.0195194847737,7423.138077012323,-302.36921134704744,7539.568380836632
6.0,194.99999999999997,5174.993623634331,-39.09897957864155,7582.488087378392,-44.19283390094256,7672.438013678401
6.0,200.0,5054.876822528192,-237.02563051476773,7414.639714924005,-315.61960118563184,7535.897846003085
6.0,204.99999999999997,4988.898346094904,-474.17289262904114,7342.282530425169,-656.3410512111282,7455.533392119921
6.0,210.00000000000003,4970.597691978085,147.6206617698681,7312.582756002188,214.1049302327874,7442.494939329361
6.0,214.99999999999997,5101.545308691634,14.967544206886032,7485.1717982779855,20.80748626933655,7590.259594569936
6.0,219.99999999999997,5017.238754618766,-45.156228212344104,7362.040468764222,-52.20936741031164,7495.63413169361
6.0,225.0,5202.752221783263,-183.08497693834806,7611.987229981876,-243.5346050949356,7702.362253952225
6.0,230.0,4663.026266498546,-272.37611535846645,6886.942526912822,-363.62951609634,7093.118693338521
6.0,235.00000000000003,4599.545277595027,-90.22858566868854,6809.5969506619385,-118.29510668040348,7023.852934769871
6.0,239.99999999999997,4636.1315273871405,-9.404367692407277,6855.174141016412,1.0995635663402936,7065.709611841619
6.0,244.99999999999997,4434.757783164377,204.01890272929768,6583.56873524075,305.6620661134907,6834.791475672925
6.0,250.00000000000003,4688.05705237029,181.38076378882533,6927.5490728617915,279.5277695813479,7123.201142589418
6.0,255.00000000000003,4589.220784165926,621.209046894272,6758.258633924329,901.3586030854922,6996.172787604029
6.0,260.0,4902.75827148244,347.78005198075346,7183.9630555104,497.581482765866,7362.362203450422
6.0,265.0,4319.894165030124,887.7159460637165,6383.80973373521,1253.5719896269807,6669.240821454072
6.0,270.0,4335.435644868383,768.6363091998347,6399.21912846293,1085.633998765238,6696.0517585362595
6.0,275.0,4631.269904197919,1042.023098333194,6762.06589511786,1425.2640716352867,7015.915819503758
6.0,280.0,4643.130404219264,489.5602636577481,6766.659249201889,670.8490585881796,7063.667331042747
6.0,285.0,4458.671442147278,204.26715430837396,6500.68924432078,265.31710842598295,6862.074240960609
6.0,290.0,4403.963143289973,93.17234914376695,6431.8691390865115,98.96407410056872,6801.125729574051
6.0,294.99999999999994,4730.036655650943,238.97145309598864,6892.891630320497,314.77263370065157,7169.7496841396305
6.0,299.99999999999994,4630.734629622949,-656.6625779643523,6748.07446640954,-913.6989421798044,7041.658483013931
6.0,305.0,4989.1476665666505,-315.5290589762053,7219.686807302505,-440.9183715284212,7460.451955275684
6.0,310.0,5137.056673120662,-417.91676517629776,7427.480302708652,-593.867782859706,7623.848647461172
6.0,315.0,5079.7532403222995,-542.673174605301,7359.888022933981,-755.2306820862887,7555.2456504745
6.0,320.0,4957.125151863861,-828.1541908967288,7211.6876154854535,-1157.7153479770755,7402.754952530166
6.0,325.0,4552.246143958647,-693.5676597594081,6692.614265610648,-984.2854090268565,6949.939077411997
6.0,330.00000000000006,4811.562576401692,-243.66463441437372,7098.872480844889,-363.49938996823994,7261.83924540255
6.0,335.0,4329.6203448837805,-742.7621961965419,6437.33948603446,-1068.4911672555777,6691.105342540198
6.0,340.0,4631.387233287695,-533.49197776447,6886.285584316296,-781.7026845896394,7048.445796850041
6.0,345.0,4536.869126210763,-290.485011923682,6758.205120288416,-433.0158154294379,6949.315341966434
6.0,350.0,4593.137848966492,-610.7089434634819,6867.418362675543,-897.8760681962419,7001.182502797078
6.0,355.0,4542.10871696334,-287.57806229197786,6808.125015569335,-419.92572515779017,6955.353536495906
6.5,0.0,4315.425464468615,-217.51745752788702,6641.966934653563,-307.33367377351897,6698.051722733724
6.5,5.0,4454.446279547548,-275.1178470146981,6840.909485808786,-388.3043415426397,6855.736465873554
6.5,10.0,4349.2219073249735,-174.57552772420718,6697.059711151795,-248.5831725742603,6737.541021650787
6.5,14.999999999999998,4306.086656184964,-113.68512792074216,6635.010197099256,-151.7039153489627,6688.974955271888
6.5,20.0,4299.121460738754,48.41064691508063,6624.496132025043,88.17832883195524,6681.496897339278
6.5,25.0,4335.2944430325715,-7.83584260190014,6669.815842572524,1.85830704259115,6723.023528927556
6.5,29.999999999999996,4380.211381244044,60.046561634010686,6726.49779165337,105.14887965585967,6774.224278886203
6.5,35.0,4238.281553242647,144.6730521775512,6521.38739117993,230.39018159387751,6610.820539375017
6.5,40.0,4126.813389670738,243.1430643668184,6358.817364165889,373.77221426169217,6480.647059387247
6.5,45.0,4019.0845326184835,278.3503917020769,6194.6893240753425,418.3517514119894,6355.185588609112
6.5,50.0,4126.877846380323,405.85685459538695,6330.686903832322,615.5002047078833,6475.4081461888345
6.5,54.99999999999999,4176.241267087635,657.7773414437218,6377.0150096345715,970.1255125356638,6519.347777174073
6.5,59.99999999999999,4315.881017814191,660.7858725703468,6547.122346394982,962.3459714321748,6680.498533632532
6.5,65.0,4319.853165611034,691.550146252828,6528.9593301034,1004.8530084818071,6683.17583589973
6.5,70.0,4232.529370638632,711.393656299869,6388.240429500888,1020.6807894831927,6581.021390428874
6.5,74.99999999999999,4328.9826210368565,647.241445435898,6517.84960676041,905.2336284680946,6696.402826429209
6.5,80.0,4225.320497665429,593.7478624015544,6363.09684426414,849.8935892655654,6579.950850178139
6.5,85.0,4164.62197504346,555.1110950519737,6257.408893593418,787.6770726984565,6511.943649491484
6.5,90.0,4030.08435809832,354.77254947315646,6052.149086728496,481.5907191986258,6365.393516628707
6.5,95.0,4394.349199902169,218.7527823416824,6560.820665465528,259.66569114410044,6788.35160391624
6.5,100.0,4357.1024851425345,439.71294566196735,6512.107276516134,608.861003850709,6739.043247060579
6.5,105.00000000000001,4142.55082470072,299.178691268242,6248.484040467612,385.661160360504,6497.269746734557
6.5,109.99999999999999,4016.740036608961,-466.10951360117315,6066.124242989262,-688.9386159463706,6345.148625738728
6.5,115.0,4526.130770140142,-297.9988940572257,6752.742677497827,-424.9201819465411,6936.894012974426
6.5,119.99999999999999,4971.992720304213,282.64814050790187,7327.1502162294855,398.25217415985753,7441.887922910244
6.5,125.00000000000001,4786.932910191852,-139.87139127519777,7074.838668990238,-195.70611621945136,7235.597986341852
6.5,130.0,4634.136455385483,64.15411020642296,6872.998381787213,99.02829323587684,7063.277480207904
6.5,135.0,4814.427305222076,-77.49193801810407,7121.019616153319,-120.8434632257381,7267.1820944854235
6.5,140.0,5012.6639062540125,-141.2061188894122,7386.549017627238,-209.50856114251292,7489.834472194596
6.5,145.0,4929.386832423853,-413.8088866879084,7291.060423232344,-592.4459403563897,7390.47612155202
6.5,149.99999999999997,4815.944180825665,-459.73274721090866,7162.084671386763,-664.2279968379135,7260.823874787389
6.5,155.0,4580.076485587037,-215.66235874976792,6853.8124036710615,-315.0902789700722,7000.099038274894
6.5,160.0,4817.226981490933,-373.21411278987057,7193.591343570527,-535.6880134219336,7265.095447856076
6.5,165.00000000000003,4750.24413975014,-607.4385124278161,7105.041724274469,-850.5123479004694,7180.161153803234
6.5,170.0,4649.820532390467,-367.3764632637823,6986.833155959876,-515.8755799519707,7075.6086959754775
6.5,175.0,4587.570254884702,-282.7008191790944,6903.196149253541,-409.6757321628246,7007.191939736194
6.5,180.0,4654.685915310212,70.9672157919116,6994.777961687538,105.65959702305469,7086.53977569724
6.5,185.0,4660.451723086275,-456.58093824010655,7013.21982984967,-636.441633325264,7084.645973311274
6.5,190.0,4777.996281056189,-140.92964890987685,7180.699616723269,-184.29123416607035,7225.489474207673
6.5,194.99999999999997,4640.793010875248,-64.38561679541499,6998.0208264469375,-74.79217035220881,7070.82548706304
6.5,200.0,4707.941372582507,-225.30310987029384,7089.3726751764225,-313.02728941543455,7144.991156204663
6.5,204.99999999999997,4643.386786440289,-152.86156710752698,7007.119383310294,-214.16691265343616,7072.961061757304
6.5,210.00000000000003,4564.983013024663,10.036515796207595,6898.977058125476,26.593924744438937,6984.938264938131
6.5,214.99999999999997,4654.496209629862,26.642465222909777,7024.623192504688,47.39622463996693,7086.50549786945
6.5,219.99999999999997,4550.780231319412,29.914602250213193,6878.103930896907,52.1182151938724,6968.760415137891
6.5,225.0,4438.991127887184,-66.02344983779722,6728.332809823321,-87.73555147256593,6841.302274016115
6.5,230.0,4388.697478067919,-42.40404571411318,6652.1084875122,-54.042261684737696,6784.003889663585
6.5,235.00000000000003,4268.400130694232,-51.64381451139229,6488.569089438533,-67.13644446696208,6646.266234683066
6.5,239.99999999999997,4202.009855199594,149.39802742602706,6396.331885212367,225.70566524298465,6569.075434197123
6.5,244.99999999999997,4121.9587212874685,80.57043108564335,6285.701891877307,133.24172743727604,6477.716137612953
6.5,250.00000000000003,3965.72249127645,220.63516889021162,6072.823344567693,336.1681567063981,6294.867068222115
6.5,255.00000000000003,4020.5051119221303,521.1446860492126,6136.560600595989,769.4587657050922,6346.700756159531
6.5,260.0,4060.199184060365,368.6062542158992,6171.946749948908,534.5088207742451,6399.754948938095
6.5,265.0,4248.124183218354,661.2211252238412,6395.598269159278,954.9663548830105,6602.286988452757
6.5,270.0,4068.7607056451234,776.6757107382574,6123.576806371093,1119.2658358549622,6386.087958796593
6.5,275.0,4450.9197908146,676.9335722599942,6643.45114217288,949.5855994263535,6834.823275753126
6.5,280.0,4368.083245285671,592.2416447347073,6498.896055785598,832.5099912284112,6744.478819521345
6.5,285.0,4753.771355319181,173.8682787992716,7028.89451792361,207.04273822456003,7197.689625057936
6.5,290.0,4635.55699690698,61.05504103340081,6855.179721161661,103.49370150195591,7064.904966408953
6.5,294.99999999999994,4742.003661463305,-426.27253969200046,6993.961868852957,-616.1890100815795,7178.276131593958
6.5,299.99999999999994,4731.958129147486,-270.2126941545762,7007.038541831637,-383.10720592203916,7171.279850003464
6.5,305.0,4524.902086806767,-312.691538954414,6747.419423967907,-444.0513248734842,6935.1042702151
6.5,310.0,4284.766536213309,-661.2808615097424,6435.96163591632,-940.6766391583301,6644.588910238144
6.5,315.0,4391.021875092359,-376.8500007679877,6595.974869148029,-536.6775923068108,6780.252100557899
6.5,320.0,4234.634712965486,-551.8824837674842,6392.8648631803835,-797.4738651378325,6592.985428163338
6.5,325.0,4048.440625042858,-496.38935868493377,6148.1038243501425,-733.9259803150599,6380.4409837694875
6.5,330.00000000000006,4172.925032097659,-680.7777714824817,6346.115859215511,-1015.2464448348248,6514.021632931844
6.5,335.0,4373.502339524992,-284.2535278562232,6663.98920575165,-435.2452298512935,6762.999178757695
6.5,340.0,3918.524160339096,-436.44768967279344,6036.884376191348,-661.4811634406099,6232.328784960755
6.5,345.0,4008.8835317363114,-417.35498606755687,6179.9834817751025,-619.7823234849157,6338.278178793878
6.5,350.0,4172.5497317278405,-488.5153310469375,6419.365085330371,-727.1240664348711,6524.506553588801
6.5,355.0,4280.567610900295,-284.128895221726,6584.934473363325,-425.65981330831255,6656.494052523321
7.0,0.0,3960.861732114543,-274.9900030878998,6271.790773668783,-399.1393050772276,6287.775514904468
7.0,5.0,3878.131064248641,-238.21919828539376,6161.23447185393,-345.66918173119006,6192.646914559822
7.0,10.0,3869.677311656,-129.85995474405308,6157.139099839781,-183.42155316685762,6185.042303853957
7.0,14.999999999999998,3836.2804610255475,-69.76179555938654,6106.715670908435,-91.64898688520543,6146.844922079218
7.0,20.0,3855.8347382369875,-13.90632019075224,6136.458027420164,-4.97161392227008,6169.87539568688
7.0,25.0,3785.0390486925903,16.988718020444367,6032.303163054763,41.39817602455105,6087.371267135651
7.0,29.999999999999996,3776.412542583383,74.45363383279914,6017.405786923539,124.60135349530901,6076.995581616495
7.0,35.0,3710.3559096659355,190.00663024720257,5909.1538962816785,300.05161282739755,5997.937964180082
7.0,40.0,3660.275134425053,323.2168750674948,5822.233574266402,503.6284904764593,5935.035085845326
7.0,45.0,3692.6280230955035,275.7440169189538,5858.2245981562855,424.076941476098,5974.7547939025
7.0,50.0,3597.4539683997837,405.4986859119133,5706.153200150136,627.5780586909027,5857.334373674683
7.0,54.99999999999999,3693.249496421101,526.1357987915785,5830.67310161631,796.5718106847539,5963.510074704305
7.0,59.99999999999999,3776.9015988923134,553.5566854149829,5927.512890428448,828.5195362219756,6060.2103200118745
7.0,65.0,3768.419305824406,653.9715537966106,5889.375604861024,970.8858269900024,6043.357605091271
7.0,70.0,3870.8639362817826,605.541236622423,6008.132619063588,889.4789802006487,6167.069565228883
7.0,74.99999999999999,3894.4382401241596,415.7093250748005,6026.645457049151,594.0619992507211,6205.220908721578
7.0,80.0,3993.1962836721004,605.4841999759626,6159.064829591627,858.0275545940651,6309.991689455894
7.0,85.0,3930.6416650197584,558.5396929433784,6065.127806368538,803.3702391924788,6239.915989851326
7.0,90.0,3880.9986551672628,289.90971034900554,5991.20295091562,430.70221911458395,6194.4648779250865
7.0,95.0,3640.827052489846,-147.3790708962796,5640.4716248635095,-237.68088063465245,5917.263030931042
7.0,100.0,3785.2873026312245,575.5753746669253,5824.90559687088,807.7052204491222,6068.650557356909
7.0,105.00000000000001,4723.416393800287,196.48583338209346,7112.255611748543,217.96498408531988,7163.008114532047
7.0,109.99999999999999,4982.540060757526,-437.4099556504916,7465.307441052071,-641.3352309924112,7449.612094514971
7.0,115.0,4275.450042372342,-220.16401259957456,6510.527533194708,-310.33588976953524,6652.158798077847
7.0,119.99999999999999,4076.696208213839,96.93273008152937,6267.292818186405,150.23438265840787,6425.356401637522
7.0,125.00000000000001,4385.990499636033,264.2911854210636,6685.434024539856,373.8321305786285,6777.788200523439
7.0,130.0,4223.69609250401,-22.268612319379827,6455.426853547962,-28.851587736123747,6595.065866019421
7.0,135.0,4114.653239632197,-174.93743652918306,6314.7369607311975,-256.503421292196,6468.067301924979
7.0,140.0,4238.879456756391,-71.40392264097932,6499.208053259197,-114.40660207647943,6612.275885910063
7.0,145.0,4361.746136020971,-271.89447221355726,6675.73332273411,-406.6952012918646,6749.860920217853
7.0,149.99999999999997,4199.898808036152,-347.28577622572857,6463.093042594368,-515.5932096379402,6561.824856107057
7.0,155.0,4252.775751383445,-344.2812999809412,6538.17860462987,-509.5493190303496,6622.765376995556
7.0,160.0,4374.05913368427,-370.4630859980575,6722.433279908322,-537.8784054434645,6761.047679256497
7.0,165.00000000000003,4280.833473599556,-288.8322862489856,6600.385049733866,-423.74328607874145,6656.6710382440015
7.0,170.0,4116.319780062353,-275.37438097206655,6376.537904596672,-399.9509323239786,6467.694137500605
7.0,175.0,4194.97311515938,-296.7799247781256,6496.322237312512,-432.35505669324704,6557.747103974525
7.0,180.0,4193.920656184455,-122.3979586641513,6504.077799775623,-162.7836258471042,6560.136069400451
7.0,185.0,4273.8544716810775,-186.40791166051918,6624.8816011049885,-266.2447571360144,6650.98430196926
7.0,190.0,4162.447668734503,-129.86159238355822,6479.866232879847,-174.42874470281004,6523.831508692812
7.0,194.99999999999997,4117.560587555864,-79.0693070709433,6419.295113377764,-100.40744469050264,6472.658774315662
7.0,200.0,4088.823012344882,-157.39013838138044,6383.206048857072,-223.53716336484877,6438.562360497286
7.0,204.99999999999997,3964.769096363886,-41.61241083449295,6212.174111999422,-53.8624657743153,6296.296799376115
7.0,210.00000000000003,3989.8174228860576,-38.84208906838444,6251.884788044526,-51.138567702661476,6325.325427869853
7.0,214.99999999999997,3937.8865357249774,25.403200418245206,6178.0845692839,47.598892122805864,6265.184886265605
7.0,219.99999999999997,3998.884106867175,43.87520816143956,6260.365801927502,71.90992882499222,6335.799718482107
7.0,225.0,3887.884500333988,46.957168542040336,6100.726670755964,71.76509324734343,6207.036341347262
7.0,230.0,3844.272347879035,32.63894935415283,6036.827465469336,55.35677036579591,6156.3676803346325
7.0,235.00000000000003,3651.464969605167,17.05828045387443,5759.961303778833,28.547894392439503,5931.075818267198
7.0,239.99999999999997,3617.8196600545352,121.61699186308624,5711.180090268895,181.87873389214337,5890.66216445875
7.0,244.99999999999997,3611.208193635729,211.07112605965403,5696.94021503956,315.90329775868486,5881.024681197923
7.0,250.00000000000003,3614.107218240956,310.6067478607729,5691.855041032325,467.15830635631664,5881.198445149447
7.0,255.00000000000003,3633.348874901445,364.27294879471583,5716.055496454061,555.5457637518846,5901.623331721636
7.0,260.0,3487.592177725463,421.64643456798603,5495.35541279481,628.8300817013144,5726.429701440302
7.0,265.0,3634.6642074999936,453.9154029198283,5689.0700301141505,678.3469241008684,5898.684688501253
7.0,270.0,3871.430499477581,543.4325914095527,6008.940970817042,813.3277452026111,6171.6333505503735
7.0,275.0,3753.921105798954,403.56184737237174,5815.2421600752805,592.7386437359274,6041.503301704038
7.0,280.0,3916.9758111775127,468.529285198068,6014.309831944581,679.6489633650085,6228.949923903683
7.0,285.0,4110.730695095832,-30.484474363686786,6274.551896159414,-80.57235665896837,6465.0564529820695
7.0,290.0,4296.375072292338,327.9442758487737,6540.955119657588,450.0755995096338,6673.366036035159
7.0,294.99999999999994,4082.9205661797932,-480.9588320198159,6258.311012984385,-703.9625658971613,6421.190636779214
7.0,299.99999999999994,4260.403902725278,10.965443209616524,6515.343169926942,12.6685593758707,6637.217313514834
7.0,305.0,3904.944026153788,-370.50427923672873,6026.727956699487,-548.7900113158457,6219.4120323990455
7.0,310.0,4148.358235116113,-399.2148111795457,6383.358049850385,-589.1389826188229,6500.4842092063745
7.0,315.0,4021.175335467234,-330.9983987459377,6212.170811702203,-482.93210075912884,6355.9225691405445
7.0,320.0,3861.2244718409515,-294.500563633462,6006.209556911499,-445.9060144625523,6171.278520849546
7.0,325.0,3656.1843188192433,-335.11502776312636,5727.106702384301,-515.4263398321318,5929.747530784011
7.0,330.00000000000006,3669.94813870063,-530.1296871049237,5770.236336559747,-813.176043328903,5935.786871615269
7.0,335.0,3686.864877263738,-355.08142028679276,5820.635296794853,-546.0165272644317,5964.977984630647
7.0,340.0,3798.2820038806667,-403.41268436299947,5986.522066689185,-620.8802774202836,6093.470997467808
7.0,345.0,3988.8200544494266,-403.69615018398224,6273.253239918719,-601.9726367273116,6315.574229004215
7.0,350.0,3824.804808439792,-425.8336537434511,6052.514684771708,-643.0054321634084,6123.44178134342
7.0,355.0,3865.1333348964013,-417.72942443748985,6123.618130045338,-622.3073729068589,6170.9414281901
7.5,0.0,3491.0859270962465,-227.0492889152447,5721.096907394247,-339.3568750984923,5738.850668399181
7.5,5.0,3448.7070121283405,-172.88354050818617,5667.654290729367,-258.1409439208936,5690.1191578179605
7.5,10.0,3413.9583529022325,-80.08264211461187,5622.625324688021,-111.45297852277201,5650.524677863044
7.5,14.999999999999998,3364.39160086293,-40.00476192205156,5548.899739558035,-44.33998466362914,5592.005950440878
7.5,20.0,3372.5894407051733,-5.5484146477260765,5563.790459466369,4.526857080715217,5601.858707678629
7.5,25.0,3316.4941332942562,52.72807645855255,5476.464115891099,92.62183018743576,5534.919543292545
7.5,29.999999999999996,3258.318513611928,114.35911689541194,5386.425137041966,190.69258149851612,5464.740069036161
7.5,35.0,3284.2245632577465,193.48014531550416,5412.302748640004,312.8565604294895,5493.911129512798
7.5,40.0,3264.138409697077,294.61912271235497,5365.182862876787,470.25069596445337,5466.284935731332
7.5,45.0,3184.8034858788305,281.53134595710503,5237.584842311517,440.5889230171392,5371.64345060868
7.5,50.0,3243.0102733898157,348.6013296326921,5309.325783749848,551.89912592159,5438.409503908499
7.5,54.99999999999999,3216.4558164087575,432.1875202328224,5253.8186539445,672.3944689935247,5401.676356040897
7.5,59.99999999999999,3302.2793060976055,521.0504191333441,5361.55933440544,795.5964215072904,5498.808832199858
7.5,65.0,3367.956874581075,609.2822752679892,5434.6412069646385,926.5717997946765,5570.816155065712
7.5,70.0,3417.6527501762594,599.3641660387466,5488.2033131206,895.6449525267135,5631.171107600218
7.5,74.99999999999999,3517.0600311376434,419.88156822200824,5613.412727750161,605.5078431731386,5761.481209460903
7.5,80.0,3710.301475001253,483.9140807155288,5874.380797848147,711.3116580131438,5986.101837461783
7.5,85.0,3767.6721604699837,475.971853050941,5939.637851584093,695.9460415779799,6053.94574375189
7.5,90.0,3684.8926051356684,433.1525993925386,5805.6407502274305,613.6722414144457,5958.971045669151
7.5,95.0,3677.6842335615565,126.366550950663,5787.707592229736,145.20751917437025,5960.866617414039
7.5,100.0,3910.1089272294926,-22.317770797792946,6127.598115816721,-34.72793222839255,6232.951689187933
7.5,105.00000000000001,3765.850280118569,-217.75892125518635,5953.239975601402,-321.7181973521094,6062.206481101843
7.5,109.99999999999999,3804.1114952595276,-136.25507911816294,6017.58045132195,-234.1428778717268,6108.562978694566
7.5,115.0,4029.3226619276443,20.715528898427237,6318.059305449167,16.860239328623265,6371.092419673684
7.5,119.99999999999999,3993.497482882065,-19.160772629802977,6253.405360113275,-28.48342041885735,6329.647323125941
7.5,125.00000000000001,3855.263257159211,67.5888997885852,6069.063045000261,104.33578741646625,6168.962749542772
7.5,130.0,3983.1677975760895,-22.715868295587825,6249.690472707771,-34.00897331055512,6317.67826641961
7.5,135.0,3869.532698194501,-143.95251453395872,6090.843405310608,-221.88397056287113,6184.6572549565535
7.5,140.0,3930.8395302516683,-258.9833606082998,6194.128831971963,-390.9604392933129,6253.373899515729
7.5,145.0,3889.830838410606,-247.50280308835613,6146.126733586927,-378.5790642396364,6206.012058566907
7.5,149.99999999999997,3881.467805938234,-286.83758300343857,6141.0990435434815,-443.63881006035626,6195.10970945052
7.5,155.0,3941.5134568566446,-358.92727003815344,6237.959035577967,-537.9723573912813,6262.426577251105
7.5,160.0,3931.870738919366,-379.0201745449816,6239.848368600909,-556.7481665049593,6250.408321311678
7.5,165.00000000000003,3895.285740401491,-293.81834815519824,6194.576254486163,-437.6881553922017,6210.971417025329
7.5,170.0,3807.883156171583,-252.94127025721923,6074.105168429339,-374.57350384135964,6110.349637551114
7.5,175.0,3768.531606017703,-242.41388375039026,6029.213605013914,-354.34254223878247,6064.67789233732
7.5,180.0,3806.77043364611,-165.48905590640834,6095.689808835063,-233.5362729462766,6111.155907474666
7.5,185.0,3769.234809921405,-147.40007390682183,6046.9713507150755,-213.3880160941286,6067.665941041285
7.5,190.0,3743.958546608611,-126.55281638423423,6014.5478288628055,-179.78414741514177,6038.461257017139
7.5,194.99999999999997,3687.8328364887175,-46.77617946936243,5939.427802527964,-57.07579483506606,5973.599840733959
7.5,200.0,3621.053447095153,-109.81122245391862,5845.682104708514,-159.61281574087434,5894.633726436674
7.5,204.99999999999997,3578.6277538178233,-38.87446738845824,5784.983263129853,-52.68453141920145,5845.402153181921
7.5,210.00000000000003,3531.201155311667,-19.78594592995455,5719.917055490483,-22.873024411531333,5789.593375715275
7.5,214.99999999999997,3492.1693089202367,44.68219546745377,5662.253508410689,76.29414888983774,5743.4092027880315
7.5,219.99999999999997,3473.844593905066,84.51346274550156,5636.516247565498,132.84054385993386,5721.40361380983
7.5,225.0,3448.15240030103,44.97350687154835,5595.505848021907,67.85367577917168,5691.344373076389
7.5,230.0,3344.139955453739,100.60873048565486,5444.726856068512,153.00242671015394,5567.316203747817
7.5,235.00000000000003,3305.183307727828,94.79600443832055,5378.1492899358345,144.24467637571615,5520.989853647175
7.5,239.99999999999997,3242.0884481520998,78.65489919784363,5281.943516499596,115.45060539777296,5445.844954619353
7.5,244.99999999999997,3236.189952217358,189.67949204057572,5269.619138414612,287.2475391928324,5436.564274264082
7.5,250.00000000000003,3248.7281127419483,260.39985495007625,5278.929793806281,398.8590174735382,5449.2214247866705
7.5,255.00000000000003,3310.637155107982,396.04105348728365,5356.444473833104,611.5091879660399,5516.920086285699
7.5,260.0,3294.279991281054,336.5871709561567,5316.372176522603,518.9295590104273,5500.449903611187
7.5,265.0,3301.465608550669,459.24751382583554,5315.274030827536,699.609285800906,5502.101949228826
7.5,270.0,3425.7453085457746,327.7487204148559,5480.31615734192,506.7648090052779,5657.637450746549
7.5,275.0,3438.4792424589446,534.8793957257221,5483.395199814287,802.4133530379559,5660.879697847528
7.5,280.0,3582.484042863079,272.42115883596205,5686.777819277461,390.42050348024577,5845.330002926679
7.5,285.0,3382.058299740868,-166.43016187455157,5390.743174769784,-252.35487044211413,5611.178872968224
7.5,290.0,3527.506202206445,-111.69040244202142,5611.300580205046,-176.7102820303046,5784.446913875221
7.5,294.99999999999994,3767.8626169981912,-148.39546637571357,5953.856715123619,-237.7289234769387,6066.04563968662
7.5,299.99999999999994,3656.540623336339,-248.48921399406186,5799.381248310005,-368.6449556570901,5933.255400462992
7.5,305.0,3778.1162145069798,-299.9509125366217,5972.747663918907,-451.7417522755627,6074.069148024382
7.5,310.0,3694.496399801036,-316.66186918920425,5861.667911222443,-476.94856287649236,5975.490020027184
7.5,315.0,3444.003240533572,-235.21672642460612,5513.825913358502,-361.03871478924475,5682.828709316826
7.5,320.0,3507.1801844297433,-279.67266912886475,5616.634002351321,-438.7358769627267,5756.141393856535
7.5,325.0,3491.507177488197,-362.65368609171355,5610.0348193192085,-570.8769662008849,5734.095948728617
7.5,330.00000000000006,3320.652268652612,-471.80079752688994,5374.358213185849,-741.4114811451968,5524.285073360648
7.5,335.0,3477.3682170108004,-426.6390357308617,5624.294591000197,-664.401606129235,5714.012614197146
7.5,340.0,3670.8366682437245,-423.2328975614796,5923.548350151811,-651.0549867096026,5942.939506734962
7.5,345.0,3623.026103480874,-371.9287081484083,5876.7746769416235,-563.9827773146613,5889.114459175407
7.5,350.0,3528.38719704278,-637.4966581097742,5741.3515717549035,-974.4431736226809,5760.338486093556
7.5,355.0,3534.3114723685667,-395.8069591362177,5759.519463937076,-602.5224992529414,5783.177655818798
8.0,0.0,3055.626332975975,-171.76197673389834,5184.324321451368,-265.25329869931375,5219.803569519509
8.0,5.0,3067.9350967637747,-145.80080023243391,5214.966999079355,-221.2518712446245,5235.351060154205
8.0,10.0,3036.0993848308963,-73.4576326075744,5171.3364359626685,-104.66310704641694,5198.171211850738
8.0,14.999999999999998,2999.867760134054,27.871217575817354,5116.635095454607,58.76926936600853,5154.694049288002
8.0,20.0,2951.8709611454597,23.40921225036209,5043.135730998918,49.63663330514737,5096.469739232692
8.0,25.0,2925.444631770214,59.620793028639355,5000.416788303047,103.88556201626216,5064.066838802604
8.0,29.999999999999996,2904.673822579493,161.26802315368604,4963.349187771606,269.938280863405,5036.776643599067
8.0,35.0,2840.629229634097,202.64968145608123,4856.695541138588,331.44046371584955,4957.113835331797
8.0,40.0,2761.593238312669,277.36657760005323,4719.289095581281,453.3138154492776,4856.580496019349
8.0,45.0,2865.416456435478,244.45285804748914,4868.643773689343,394.4590395909763,4985.784858447477
8.0,50.0,2852.9780518575344,344.1912007961066,4830.492054344382,554.8453176454855,4965.255258224129
8.0,54.99999999999999,2873.0356496756594,374.0572867654312,4843.3676694538935,594.474539668885,4987.977105902016
8.0,59.99999999999999,2932.347653202205,419.1224041707228,4917.351723323949,654.6384129418343,5057.602869811403
8.0,65.0,2940.040302549847,451.29134263855553,4916.9442089500335,701.2994155944684,5064.64812056159
8.0,70.0,2993.7758107088157,469.7824871685867,4983.898577205107,714.0275330197974,5128.974542576393
8.0,74.99999999999999,3079.0130963472157,284.8664974312336,5105.72357739405,426.78891150404365,5243.910242049842
8.0,80.0,3079.531365182035,348.2263810175673,5083.430589790075,527.9297316297175,5241.332514750673
8.0,85.0,3298.122829676136,414.7795101281884,5375.826541716044,618.6640799640998,5500.851984002336
8.0,90.0,3414.99742265464,487.53576661139937,5535.99014710015,701.1182935539979,5636.0765825736635
8.0,95.0,3505.3361009549617,-50.19454236599387,5667.466354295043,-93.28931725360565,5758.928053436965
8.0,100.0,3585.504749035559,-129.9500438015283,5788.650120859592,-213.33588072913665,5852.518851535808
8.0,105.00000000000001,3649.012177914348,-116.17070522436939,5890.434621287566,-187.41229099710313,5927.381964448938
8.0,109.99999999999999,3619.065946121768,-233.25464772223245,5847.124777188797,-361.4616187141346,5889.653976918141
8.0,115.0,3510.0785504477367,-22.107927178326463,5690.10579033755,-39.32505074073288,5764.661439124812
8.0,119.99999999999999,3534.1393940243597,0.4222669518621842,5727.994813485988,-2.9227320303066335,5793.084209938914
8.0,125.00000000000001,3646.987036009508,76.62899426473973,5884.7629360435485,112.31416392919891,5925.475967652219
8.0,130.0,3566.153164648717,14.558642886986945,5772.4914519466265,20.81151493598736,5830.798251160508
8.0,135.0,3541.8464181478503,-151.06454735110833,5740.706558422049,-241.88219630201684,5800.693892232935
8.0,140.0,3588.7808886540715,-266.2199703604067,5824.858276895176,-414.86190208318794,5852.962808681197
8.0,145.0,3564.485628452081,-198.18652020249874,5796.702012571737,-310.10732057010955,5826.332281635207
8.0,149.99999999999997,3609.514466080038,-271.48987030538865,5874.333000438868,-423.04892128308484,5877.208559870903
8.0,155.0,3653.9468371000785,-293.6066930523464,5951.725965301894,-447.50222357042753,5928.710316979648
8.0,160.0,3540.04876648707,-262.9511558999759,5795.568452122638,-398.5364536551285,5795.581862319522
8.0,165.00000000000003,3433.410838033845,-316.82214006009485,5644.16865752299,-484.30729597880975,5667.220980279285
8.0,170.0,3442.114690059011,-196.06159146666397,5666.636640245137,-297.7095215811552,5681.729025046616
8.0,175.0,3399.6645975227734,-208.36139439009864,5609.055051445627,-309.2984837949629,5631.012270651483
8.0,180.0,3377.413490229839,-168.61138309315035,5594.029549208093,-250.69961107412087,5605.606795532531
8.0,185.0,3286.145188353695,-127.85955822429656,5463.539264102123,-189.45901673856298,5497.741059329199
8.0,190.0,3283.6799929891686,-76.51588767871874,5464.564146819454,-108.2441597464641,5495.56445664065
8.0,194.99999999999997,3242.3289254858314,9.586295696750312,5404.95021881431,25.21032586559022,5446.587283029632
8.0,200.0,3172.2687422631857,-17.31087561307936,5302.548476618093,-21.836332317862343,5362.636139140105
8.0,204.99999999999997,3177.656730519859,-36.75311369657288,5314.754565194967,-51.715574180018166,5369.021164590173
8.0,210.00000000000003,3121.859153204461,-10.876819784823283,5230.721808351732,-13.063252793003812,5302.0646911419235
8.0,214.99999999999997,3081.681193288037,59.488891038964994,5169.231710603197,96.34300617404506,5253.380658853174
8.0,219.99999999999997,3051.8064331946957,75.45243095110936,5124.192048251087,119.444250875953,5217.1357057089035
8.0,225.0,3050.4525463589894,47.134945838055046,5118.717505853155,69.1135432495812,5215.784856068855
8.0,230.0,3029.7414032027687,121.50693425359736,5085.967933012377,185.9275027638355,5189.702446654473
8.0,235.00000000000003,2930.9040635177903,164.7650016013156,4931.044739503025,255.11579031439078,5068.6494304492535
8.0,239.99999999999997,2880.2938500491723,122.76804361564791,4849.265550960921,184.29355923258254,5007.994750456053
8.0,244.99999999999997,2868.18014776353,165.50057221801012,4829.4753145104505,254.50027063893867,4992.082892029485
8.0,250.00000000000003,2891.2885454274,212.85395974076278,4860.006686569075,333.02645900019,5018.723352847258
8.0,255.00000000000003,2865.1378343304295,323.3243335154866,4807.899443483593,512.255044245225,4981.42941194438
8.0,260.0,2900.4107534881846,336.12471876832655,4849.995778399388,523.1089361971866,5023.911439605123
8.0,265.0,2940.291319952886,374.0069698398282,4901.415165205011,583.1897602467535,5070.375293159515
8.0,270.0,2865.0853716377533,387.4736220871559,4774.633832804313,599.7934827121817,4977.306132279101
8.0,275.0,3039.358691804633,374.3598097717936,5019.882634050855,569.1619362893222,5191.081406607277
8.0,280.0,3139.329364102884,81.95094222260241,5166.948364896191,112.55231336053407,5322.562018372483
8.0,285.0,3329.9471247825054,88.41006790091183,5449.24151054829,118.1990037542987,5550.583592556686
8.0,290.0,3224.471069104376,-244.74579152511888,5289.988657601135,-378.3539889689391,5420.735466668891
8.0,294.99999999999994,3440.4466631452688,-145.61577238071595,5607.176599260828,-221.60278009613057,5680.918233665726
8.0,299.99999999999994,3391.2766148777564,-187.25742687399497,5527.860596506303,-283.3855802388357,5621.622656268275
8.0,305.0,3242.007110183784,-267.6571740616189,5325.60086518473,-412.02612128720875,5440.885144335589
8.0,310.0,3124.6778668482775,-214.53024602198957,5162.570529358894,-338.81784560023834,5301.834598217011
8.0,315.0,3083.4119273323795,-140.14003662819096,5108.466921244102,-227.29546741104969,5254.168945327327
8.0,320.0,3047.506865067171,-212.75223320478176,5069.066884787069,-339.70278594931006,5208.69233255314
8.0,325.0,3081.009825298379,-382.7478795666668,5125.373868992683,-612.3815752598871,5241.117587754976
8.0,330.00000000000006,3229.4392879680795,-412.3538002876171,5355.2888834862215,-652.3887195780471,5418.536911668676
8.0,335.0,3222.7336387408964,-518.2414223895323,5356.998893658035,-813.7797086801352,5403.242518780078
8.0,340.0,3260.539353596231,-449.76896418603576,5431.855199683469,-703.6313423377092,5453.579081085978
8.0,345.0,3282.1295929220587,-335.30114384459205,5477.388650880867,-522.5594734700153,5485.967878797122
8.0,350.0,3309.8148201010326,-408.1284370451152,5531.886996872114,-641.5719445718734,5515.246782506513
8.0,355.0,3102.4588530209903,-333.42269602171996,5236.824293554064,-526.8661992394666,5269.880471152501
8.5,0.0,2752.7655400523727,-145.70115712804545,4828.44910051647,-234.2028377961069,4851.0277943519
8.5,5.0,2719.8709814706535,-80.16571317561878,4786.318634248674,-123.23976103004856,4811.92430263408
8.5,10.0,2687.4345583800537,-35.949290343932375,4740.030960621084,-50.43751453851041,4772.3837563117295
8.5,14.999999999999998,2636.0411660040522,16.46078389357126,4659.934941080352,40.99580040684123,4708.854656409955
8.5,20.0,2596.9351513658567,39.62011047816759,4594.754456012311,73.9536664529528,4660.143441210674
8.5,25.0,2587.402412725023,70.38185276009608,4578.761905570285,122.37714945922858,4647.920606725396
8.5,29.999999999999996,2560.704818472075,170.10929311096208,4525.755759260861,287.6182367095671,4612.057807242244
8.5,35.0,2543.8647585630483,199.62791219830706,4485.492707742481,334.49475103592226,4589.822899599705
8.5,40.0,2633.265382624937,177.29166169644373,4613.3159809504705,294.82031626645994,4702.188255032516
8.5,45.0,2579.6461875695004,239.90348324415095,4517.814522384069,397.66846753681284,4632.658891188691
8.5,50.0,2549.9768192374686,311.6088586263595,4456.185831019111,513.2072952796382,4591.306176301694
8.5,54.99999999999999,2529.8131875081053,349.3173619176632,4409.072511249139,567.5391333383691,4563.295692311563
8.5,59.99999999999999,2573.236122031508,364.8094074065191,4461.065008527134,579.3879036005587,4616.672819723753
8.5,65.0,2650.5610416784575,451.78024507441626,4567.886124879757,711.0992186473954,4706.31096241975
8.5,70.0,2805.4481430960172,312.90020252475927,4800.61892621563,477.5098419328417,4908.671855971161
8.5,74.99999999999999,2849.745633587406,309.55694522416104,4863.432553311483,465.1233088359402,4963.322790290037
8.5,80.0,2801.607193131932,255.97603032930755,4784.144787995822,399.8519045797742,4906.947808532727
8.5,85.0,2815.716580378586,286.7089632482574,4770.549301478907,453.70921650102235,4922.7557195802365
8.5,90.0,3177.181782375548,197.63615378090597,5322.782396063865,285.45878828442585,5365.552119184098
8.5,95.0,3206.0681780164064,17.200887162266497,5343.470519288587,4.4520634663428496,5403.168123483736
8.5,100.0,3261.669915700755,-136.97287037400417,5431.6233240256615,-227.634490380913,5468.326491145357
8.5,105.00000000000001,3322.768160017386,-130.54501213838796,5532.501871708103,-215.362904754792,5541.371438968414
8.5,109.99999999999999,3260.4495171659205,-119.56845166161634,5444.699637189955,-194.1061867395199,5467.197257968101
8.5,115.0,3152.930321589392,-59.057647454777,5282.77806510552,-94.22183777985197,5339.164535864956
8.5,119.99999999999999,3184.0514373794263,24.49580673410219,5332.787118828911,38.231505846669734,5376.750856320019
8.5,125.00000000000001,3166.106850206408,-10.869126566034993,5305.0752901217365,-16.73459448461017,5355.253178455235
8.5,130.0,3169.0384782463734,13.996968699882473,5306.401033980379,19.737384888787346,5358.766706963698
8.5,135.0,3216.1887221650118,-135.8091228639114,5383.450947188487,-228.3710474700797,5413.9201555515065
8.5,140.0,3221.537228305614,-199.5022640875411,5405.3408615314365,-319.45209626907854,5418.723152393385
8.5,145.0,3156.3290296590667,-200.24841449719656,5319.180950155627,-320.32018183987884,5340.404455649357
8.5,149.99999999999997,3250.2191347968133,-304.3006621299171,5466.189983718693,-473.7336107965016,5449.182354830836
8.5,155.0,3222.7989695780075,-258.06634092332433,5434.084491953667,-401.9797896457296,5418.229497935106
8.5,160.0,3199.243536815522,-179.72091291031415,5405.39427197785,-280.66735424157264,5392.555062215315
8.5,165.00000000000003,3181.636618975842,-183.4665699739653,5392.938703294983,-288.0015933889008,5371.317017112985
8.5,170.0,3042.490388408267,-153.30192338608373,5189.188581532628,-234.73530692164422,5204.407738696328
8.5,175.0,3014.0358608578076,-132.76208544090153,5158.135789504357,-203.62389509877005,5170.445751472719
8.5,180.0,2939.306633093038,-136.03901123927827,5047.909771660614,-207.2157127819243,5079.631951388766
8.5,185.0,2946.6660535201536,-84.0803777156703,5065.668767485739,-126.55328587481762,5089.57759315081
8.5,190.0,2903.867782930767,-26.160784531606623,5005.323428655625,-29.99646435853799,5038.039769875208
8.5,194.99999999999997,2842.98501270555,-6.139617399770145,4912.409091002581,-1.5900862310973025,4963.759935546014
8.5,200.0,2841.8129436717913,-11.689883244638736,4911.18716789354,-16.74697561477319,4962.316976722796
8.5,204.99999999999997,2781.1290243612975,4.587360579656888,4821.977147011467,7.988498034118265,4887.943049261811
8.5,210.00000000000003,2725.4764759173863,42.51000700632744,4735.380329586593,73.12577749226512,4819.291168950196
8.5,214.99999999999997,2685.6385586764163,79.23618219313835,4672.191512168067,130.11185741218696,4769.662714830915
8.5,219.99999999999997,2690.7352859033376,95.04694656884567,4677.062465589388,150.79687418921412,4775.687426889219
8.5,225.0,2629.0452298391356,114.69127360232983,4580.542107081579,175.22359396661932,4698.836835582996
8.5,230.0,2623.9533258069223,123.21999398905314,4569.542561543764,189.97919348775122,4692.301538959623
8.5,235.00000000000003,2610.3125781843164,169.73025954372997,4541.818406122834,265.4472228646239,4673.919312823499
8.5,239.99999999999997,2575.217535402506,126.70892710970861,4478.817053717293,191.60586779343112,4631.553131764023
8.5,244.99999999999997,2571.106484967698,154.21944904265877,4472.0711068717055,236.097172062744,4625.597227349526
8.5,250.00000000000003,2553.036647136673,204.08872634013926,4441.847444899138,325.64041022698143,4601.101800117173
8.5,255.00000000000003,2565.5487616653795,300.2297653082477,4448.726752038038,479.6310456791307,4611.568602161574
8.5,260.0,2634.2862742656175,267.87334446037414,4546.401763668875,428.5770521160222,4699.315885343511
8.5,265.0,2687.0539142834186,300.27368796026235,4613.871032983408,483.16457474022843,4763.055416235483
8.5,270.0,2741.317632688835,282.0784163011262,4683.150273052193,444.10504848203624,4831.291324444702
8.5,275.0,2907.642623392412,185.9592643779464,4916.644203898106,294.654392682659,5039.640879705333
8.5,280.0,3134.3023520489314,114.51238663123416,5245.206059857646,166.81894166148857,5316.012411623641
8.5,285.0,3184.1013422386145,-14.494583258116677,5322.1041756935465,-25.274868690919902,5376.840670152853
8.5,290.0,3174.182871571886,-150.72458887455423,5305.895869669838,-240.64153263659114,5363.2054205842205
8.5,294.99999999999994,3067.2115387154736,-144.82724199356517,5154.0152816749405,-226.32873280727063,5234.500001980322
8.5,299.99999999999994,2997.5449189211313,-65.75550594527112,5059.055558761624,-105.39604994971614,5151.579310080926
8.5,305.0,2960.219330715835,-131.4422821976509,5013.960568119843,-215.12394995178784,5105.171582569643
8.5,310.0,2779.2572443462973,-91.3425427887621,4746.387230085641,-155.6733653971046,4884.851694265951
8.5,315.0,2833.497863374713,-105.56900719458645,4841.2010484272505,-178.11946921353683,4951.125268529766
8.5,320.0,2896.8610276102754,-195.8564347652009,4937.562272837302,-313.83809227531856,5026.146772372404
8.5,325.0,2964.5260831100186,-384.7942244499336,5043.997649222409,-616.5647759942296,5099.2882604801125
8.5,330.00000000000006,2945.0515434816066,-410.25430970445257,5029.046745555858,-656.4437816655332,5073.777750143453
8.5,335.0,2960.0526569914823,-480.84196625360687,5063.400973929962,-766.8370350899838,5086.851425141071
8.5,340.0,2970.3763090802895,-390.28021192558276,5099.805984057008,-621.9628149813805,5106.072749104105
8.5,345.0,2945.9977865997485,-341.8146728824398,5082.897108095602,-544.757956756836,5079.3144527896475
8.5,350.0,2909.3799285529954,-284.31488279707696,5045.328007894266,-460.5097926873234,5037.696882180428
8.5,355.0,2774.667812154305,-263.82811355597016,4842.345654554615,-429.7188619893378,4873.397575041362
9.0,0.0,2463.924154470027,-184.35696775831457,4459.701626731512,-303.86700384706023,4490.14401358303
9.0,5.0,2451.785857679147,-77.88026293280817,4453.025669494829,-123.00042159503084,4478.0832111159225
9.0,10.0,2406.839348510395,-32.81131140660858,4382.633230320254,-47.57708375372488,4422.0322876872015
9.0,14.999999999999998,2385.503766576767,60.46943431209684,4349.088505466517,110.8187786513513,4394.766114538396
9.0,20.0,2328.547686845148,65.75165493865234,4253.081503610968,115.96909938124872,4322.481422202443
9.0,25.0,2308.650696508039,99.56610305546224,4219.7843317332145,172.92833265889817,4296.463176184588
9.0,29.999999999999996,2261.604142571561,157.15111213109913,4137.406176021875,273.2813506742916,4234.488029233669
9.0,35.0,2279.3508345055147,191.05724212568805,4154.158404749434,331.03612953942456,4255.662578891537
9.0,40.0,2290.9981082975773,185.4208983472413,4161.858101307846,315.50327662225277,4270.824263427937
9.0,45.0,2268.7499717353458,277.5073163767927,4108.546597518249,468.0439353371762,4236.860471966994
9.0,50.0,2256.663531731425,320.6906928968683,4076.840542354547,536.4529505551664,4217.9949901090185
9.0,54.99999999999999,2234.4878711418996,341.53447167698835,4030.229268756373,565.5660903676212,4187.608423163801
9.0,59.99999999999999,2236.2709739069014,307.1937389290848,4023.071140197926,494.31522579354146,4192.819511401052
9.0,65.0,2373.866101984004,297.6966181055318,4235.898541712308,472.77705719409187,4369.774378946219
9.0,70.0,2503.6521394186775,247.02250212583874,4434.01142173222,386.9962058901324,4537.070039709801
9.0,74.99999999999999,2604.0037386182344,164.93798152497334,4580.958933237286,250.21532518394974,4666.234919537776
9.0,80.0,2700.4650450736412,319.4695934057896,4715.684064830962,499.9175040711426,4778.526488714838
9.0,85.0,2470.529237071718,451.25212636383105,4365.571973287847,729.0769560456717,4479.4753589466745
9.0,90.0,2814.093387205983,-139.25133910039602,4882.276149350587,-218.9561586255089,4926.579082280407
9.0,95.0,2816.9740855556493,-7.471402299468963,4884.196748775516,-22.148862610365313,4931.9125921640825
9.0,100.0,2939.377587309832,-198.6966967900812,5066.083891504353,-325.8163953179617,5077.897301061073
9.0,105.00000000000001,2961.631047736636,-176.95845217927013,5099.021281167093,-286.5855280029791,5105.682084531363
9.0,109.99999999999999,2926.705419752227,-59.09384790339652,5053.217756668861,-102.70873701115624,5065.60699453064
9.0,115.0,2840.8095530185624,-60.0217406111808,4916.575014903605,-97.96245531169416,4960.770499288285
9.0,119.99999999999999,2853.6796090742973,20.98310572168657,4934.864453982843,33.32002052021289,4976.801553841613
9.0,125.00000000000001,2882.363627814948,18.279190127942,4982.645267227888,28.192124305726793,5011.846206214518
9.0,130.0,2780.1380911901224,52.55268149343192,4831.039001929301,79.69398901771774,4886.465046900216
9.0,135.0,2913.311882442315,-210.1185045758957,5042.9851479344925,-345.80139418189174,5045.715396673505
9.0,140.0,2909.0417411960057,-142.7864666734945,5039.484903255259,-236.18864135882586,5042.600672963542
9.0,145.0,3046.9870655277928,-213.94054233916154,5254.626006491731,-344.0829059258999,5208.021660038679
9.0,149.99999999999997,2979.333168135576,-242.1500589506577,5163.627550640681,-387.6046492597068,5124.8780182711635
9.0,155.0,2875.923761607083,-229.58644746079995,5015.170107670576,-366.06078768023804,4999.277830081354
9.0,160.0,2800.003577246184,-133.0037753533494,4908.880768029445,-211.38294464844375,4909.448721569
9.0,165.00000000000003,2821.9176970211906,-136.83333558205527,4950.442008082465,-220.10969884400288,4936.2356120508775
9.0,170.0,2722.3307222895337,-130.97708292038453,4798.225749645782,-210.54508038175481,4813.904334287503
9.0,175.0,2744.1291398406333,-104.77958462921646,4853.95175703149,-161.38900523852408,4841.381426879236
9.0,180.0,2642.3043367743885,-55.848428890153045,4691.752465696051,-85.13810933200386,4716.327781009734
9.0,185.0,2559.1283374848877,-62.54849854791712,4564.315673398904,-97.25757719423297,4612.795226505846
9.0,190.0,2540.468040030248,18.726223239700573,4541.629125992598,40.716533351713,4589.890214828423
9.0,194.99999999999997,2510.1247854621743,-0.25988711400896136,4492.281846629093,3.463679189452023,4551.985881762463
9.0,200.0,2503.8097825570735,-3.2613847110587812,4486.056025940932,-3.770015240388375,4544.077069178454
9.0,204.99999999999997,2462.7999183286115,11.717568337306716,4417.647254268869,15.090086794042236,4492.616057471004
9.0,210.00000000000003,2488.7380898639008,83.05214705236551,4461.554673227994,139.67010565390228,4524.408577354077
9.0,214.99999999999997,2402.0893417595244,81.46389711251481,4316.7625844461645,134.6454979980947,4415.369734899891
9.0,219.99999999999997,2377.5118019347324,86.5406113231029,4275.295533254342,140.6072020095778,4384.189549311588
9.0,225.0,2355.6740472659203,108.34995700677882,4233.987547190133,166.54193483756148,4355.998242594535
9.0,230.0,2294.6365166454652,164.88036757746227,4139.132739627619,256.68643553954826,4276.391524661296
9.0,235.00000000000003,2306.5426494519743,172.67156750321396,4161.738833568897,271.7033927451457,4291.248227388847
9.0,239.99999999999997,2261.78573875901,132.84502301837654,4082.4496822133106,208.09385795622597,4235.644072189083
9.0,244.99999999999997,2288.488811507328,105.09543041645463,4119.200206425035,154.4107612233081,4270.619331613903
9.0,250.00000000000003,2351.264851924982,249.34873425791295,4209.008100557325,408.6778508801913,4344.2059257128985
9.0,255.00000000000003,2421.8983344108437,200.77506809546583,4311.200218122509,322.3330552225725,4436.406879469316
9.0,260.0,2504.6602139380584,240.88436563555877,4430.185899814633,396.0609322260309,4538.668983746583
9.0,265.0,2519.7123809357395,215.34585921703703,4436.770181314951,359.2368825701615,4558.851962095811
9.0,270.0,2703.9565192470254,186.7739453826284,4706.046273141734,307.21786190462905,4789.461415317268
9.0,275.0,2798.9964159446195,158.31347012036315,4848.660330065374,257.3242746710772,4907.520069075025
9.0,280.0,2815.7952740325904,-23.545377850622458,4871.747403931695,-36.57232798332029,4930.421573716956
9.0,285.0,2894.2317643379474,-50.159284636570646,4992.8766236037445,-82.16887004371551,5026.128958056974
9.0,290.0,2924.2137283414354,-91.09008557915456,5036.697838288789,-145.43420964473398,5062.151844954773
9.0,294.99999999999994,2775.3359337220113,-99.92473190432611,4808.72613131485,-169.14955840766743,4879.876181167907
9.0,299.99999999999994,2742.1101874258757,-54.877027514912015,4773.352786732009,-93.18204967934071,4839.668781354618
9.0,305.0,2664.190168610097,-56.622203368501005,4655.97898812156,-106.2787463923928,4743.436220209941
9.0,310.0,2618.173391531759,-88.7630274549324,4599.208678430185,-157.82889622760013,4685.882227010673
9.0,315.0,2730.2713134770315,-206.0289689314709,4773.12858535617,-331.3832633379643,4821.234323868488
9.0,320.0,2768.1057470839305,-236.381325903561,4830.234721482293,-380.8832728720031,4866.611101274389
9.0,325.0,2770.283499936807,-361.3880848086635,4841.03948780011,-583.5693236501627,4862.249171394212
9.0,330.00000000000006,2784.989273594085,-422.3171705942166,4875.296185678065,-681.0161934163489,4875.995412373498
9.0,335.0,2768.6442307784127,-405.6760796686168,4867.042629997918,-658.8805808250322,4857.04581905566
9.0,340.0,2675.9575827895205,-355.593944234985,4744.345983518008,-579.9713179553285,4745.678210857177
9.0,345.0,2631.438092141705,-285.66490693178883,4695.4441404513445,-468.19904069324605,4694.761509460561
9.0,350.0,2590.3851503511987,-213.69791562767745,4647.724467278961,-353.72378277362264,4647.3206216990875
9.0,355.0,2545.8270217810377,-186.2362085157727,4589.747441142819,-322.5936172935245,4592.8394102701695
9.5,0.0,2236.752744366102,-98.1517828206197,4180.4327295938765,-167.7143965972664,4204.649285078338
9.5,5.0,2190.8624400428275,-53.885373565003164,4111.665520823311,-90.12958111152324,4146.639352761539
9.5,10.0,2147.320757151322,-1.924951507325261,4042.3523147477404,2.425372970858348,4090.9225213890545
9.5,14.999999999999998,2114.3143536158145,70.3365522855496,3986.843632719335,130.24976673713024,4047.5022590620056
9.5,20.0,2105.0732360951574,75.21161032230293,3965.409354447305,132.24469915116947,4035.4137043097016
9.5,25.0,2081.801734583465,117.46138480577326,3920.1629576419764,204.96784575525953,4003.9662287273095
9.5,29.999999999999996,2113.2967840762617,148.01108230013926,3964.9052763177247,262.1882253088145,4043.708273573649
9.5,35.0,2101.2788262288636,193.68585861949998,3938.607296026258,344.7514032797228,4025.8103066155686
9.5,40.0,2028.9966210553775,196.76219965957398,3806.298057097339,343.3932752966143,3931.1955099754136
9.5,45.0,2015.5430096583018,273.5895967455085,3769.78939950857,470.19579519228546,3907.9374501890225
9.5,50.0,2018.7794683606141,304.88063359612215,3762.1803741170174,519.1619892458393,3909.42697411212
9.5,54.99999999999999,2073.9180234731416,333.8590595364209,3841.104650205901,557.2498843554092,3979.237860093231
9.5,59.99999999999999,2158.0590943482594,221.11031888995126,3973.81162746349,356.85311600375985,4097.900014113068
9.5,65.0,2240.8392518814494,184.71767635381264,4102.391225386916,297.1768866740442,4206.63107229943
9.5,70.0,2343.780419429925,221.03136043813083,4258.712457400207,354.3945154081093,4336.312973490625
9.5,74.99999999999999,2432.5688218763935,150.89384744005895,4394.9164493759845,228.1170072082291,4451.932114994382
9.5,80.0,2479.597212784407,253.840437865043,4453.225137315308,411.16245795796624,4506.425265729067
9.5,85.0,2763.116867010911,250.78191948378876,4871.394719094885,400.75013754521626,4859.794704686397
9.5,90.0,2700.3794887089316,-66.80505136121081,4769.956397336299,-105.29266359601327,4788.060374747712
9.5,95.0,2848.279925262354,-63.55882653503443,4995.375948346214,-96.95446756094083,4969.8695026670175
9.5,100.0,2779.8244134654474,-122.01600064240375,4904.628400058645,-212.04887902647545,4884.926501080174
9.5,105.00000000000001,2691.2888504474595,-89.54440321809659,4778.474746775095,-151.3667410663577,4776.473359267763
9.5,109.99999999999999,2640.0354590163242,-27.694716231731945,4704.45222365812,-52.164363087862284,4713.757089902173
9.5,115.0,2677.7700292962895,-17.718174392084848,4755.826240440168,-28.20814484074026,4760.533443927255
9.5,119.99999999999999,2619.1305838437197,-14.83785967931226,4664.863615560236,-25.91416607389351,4687.872066096718
9.5,125.00000000000001,2610.5851853773697,49.36726890975865,4654.677682591265,78.49607223872817,4677.023578655265
9.5,130.0,2766.5318208840526,-12.509366881944516,4899.760692345978,-26.5490632531787,4869.993620013499
9.5,135.0,2747.6894496624254,-190.61812241360053,4873.776714901562,-314.7171342106785,4843.316579331452
9.5,140.0,2738.4443355025205,-188.30452336001213,4866.974984446604,-311.5439715089169,4831.999773170636
9.5,145.0,2727.17900341981,-217.98132585489589,4861.506716404171,-356.69083807476704,4816.9222399211085
9.5,149.99999999999997,2664.9804420612204,-211.87554696756433,4773.972711325486,-349.50968096305496,4740.189597978661
9.5,155.0,2586.011313426425,-139.44532503504,4661.258870235023,-229.12895304997073,4644.645433349311
9.5,160.0,2506.2115256183765,-149.21507773195003,4539.014635004084,-250.63776581630964,4544.595190343534
9.5,165.00000000000003,2487.6242254390777,-108.33316015992477,4520.953926335617,-180.97159847804096,4522.463360445808
9.5,170.0,2478.911261521156,-93.25784468170457,4514.657658396429,-155.1915787073989,4511.8716724692495
9.5,175.0,2409.174553678518,-64.44288186433229,4410.980535942878,-105.67617886858471,4424.612726304554
9.5,180.0,2339.542331572615,-51.419974607444885,4299.557479966039,-78.74440553663142,4336.656224472246
9.5,185.0,2303.943852883433,-47.182951125193995,4250.76509026019,-81.24124069407077,4291.450290599259
9.5,190.0,2260.837341687176,36.06052396445244,4181.868746597213,66.63829673163036,4236.58026120235
9.5,194.99999999999997,2216.7860460599572,-0.5884286000612065,4104.7207048599885,3.1976377477637925,4180.343414991324
9.5,200.0,2188.7921950484797,37.98977183064244,4062.8374838033556,65.56406561327299,4144.178178463692
9.5,204.99999999999997,2165.6451571796906,16.87101581028628,4022.5799969580326,22.486774834619837,4114.5284795995485
9.5,210.00000000000003,2185.235565570677,108.97445379034582,4057.8823113346048,184.13488416326345,4138.153851708451
9.5,214.99999999999997,2161.5972149390236,92.3020945659672,4011.648245319768,158.5824662133757,4108.145461739863
9.5,219.99999999999997,2103.884974907518,132.4397474938471,3912.547788726698,220.30611908075025,4032.1247321035203
9.5,225.0,2038.5990063321378,103.13689903361922,3802.3213981433214,155.41301750172693,3948.101411324804
9.5,230.0,2090.393863164264,100.15899073427909,3888.422170545803,147.72642065178957,4015.7027387023454
9.5,235.00000000000003,2172.9616238431295,158.82019521227267,4020.6166868023224,251.61471537446823,4120.472541349055
9.5,239.99999999999997,2141.4170819180217,180.84037978350568,3963.274174344692,291.12030358659376,4078.6247747231855
9.5,244.99999999999997,2190.087574293554,29.654104570589652,4037.184915365858,36.75928729832117,4145.92277113798
9.5,250.00000000000003,2232.9081442433444,223.16004605776902,4098.460416656941,381.7862773304814,4194.363458473979
9.5,255.00000000000003,2355.5138800493137,147.362167390472,4283.882868900743,243.61694371914768,4354.566783165668
9.5,260.0,2385.903320748817,173.50750636519427,4318.756499595591,301.8272061342168,4392.079557158839
9.5,265.0,2471.402080008031,142.4446996770295,4436.3883499634,246.39352390549305,4501.115954054186
9.5,270.0,2434.4372576136448,134.68402901595937,4374.444613704035,229.18075286998294,4454.829400115529
9.5,275.0,2545.0876305903876,72.98864086186256,4538.218361185137,127.59943540753079,4595.114901971422
9.5,280.0,2660.4369099229657,-25.49890451816782,4720.995564066881,-43.46490791381052,4739.049535086014
9.5,285.0,2682.249170314952,-89.56370470724869,4760.230441006579,-138.67762011842433,4765.296052377224
9.5,290.0,2596.956660864118,-55.34173799019061,4625.4954632865965,-87.85882190261441,4660.011969873222
9.5,294.99999999999994,2516.9939817706727,-109.32366501252625,4497.027935189239,-192.9845880025814,4559.253598320164
9.5,299.99999999999994,2534.003411475035,-71.41557184790645,4538.203042860768,-128.01986981224604,4581.290504264738
9.5,305.0,2448.9792237118127,-66.59454212459741,4404.805978261691,-124.89228423917484,4474.74134351076
9.5,310.0,2726.937680874006,-127.75643475713059,4843.897288630198,-219.97532774341607,4819.669747835199
9.5,315.0,2644.255463816782,-165.55430397159557,4722.326512060032,-270.53768375986283,4716.250821311184
9.5,320.0,2594.640643634554,-301.5594462292829,4649.9927719359175,-490.1187168941119,4647.883042773535
9.5,325.0,2627.059256654378,-301.5137262589135,4709.65463796908,-489.91055044959967,4688.352124334426
9.5,330.00000000000006,2592.3176253350402,-377.78662817518216,4669.179826531543,-619.4227643961135,4639.594115719533
9.5,335.0,2498.803966762238,-362.92784401494566,4535.63264893722,-602.0050064202171,4523.166732091575
9.5,340.0,2422.4451451788555,-306.76841632585797,4427.998713846655,-515.6007280206506,4430.826921799034
9.5,345.0,2350.740469837399,-230.99260776119587,4329.437748501632,-390.87723140274625,4344.6171624476765
9.5,350.0,2316.12595678271,-172.64693566147463,4287.184490709166,-296.99867276616897,4303.466590461581
9.5,355.0,2278.845972189851,-188.58829782586432,4233.509038645424,-327.94484686064624,4255.137744076909
10.0,0.0,2024.1207601913047,-60.296188737949706,3906.1952060925632,-107.58713886335136,3930.2591186304303
10.0,5.0,1962.6566927483852,-41.53736171569196,3804.8159472867096,-72.25864870102896,3849.9045131883895
10.0,10.0,1941.805162523711,28.27147401841205,3768.6735312804108,54.025465966923434,3822.574277963604
10.0,14.999999999999998,1921.7342782145581,62.32480885197475,3731.0753278794928,116.65121526619328,3795.5362970985116
10.0,20.0,1908.774725266252,60.924441833969354,3708.086683849499,108.62255743580795,3778.4082212629637
10.0,25.0,1911.6239667517743,89.2724633969832,3705.723614672855,157.09685205506685,3781.4547218907724
10.0,29.999999999999996,1874.7588342974618,143.10333756548653,3639.387732625642,253.77108973524446,3730.3037277656113
10.0,35.0,1883.0329930160938,195.89624867145005,3645.2102488778164,353.43738373256906,3738.219065881189
10.0,40.0,1831.20807689729,208.5995596029113,3539.731651388942,372.4138534851702,3667.9451960013603
10.0,45.0,1841.3159612484892,235.14105916435312,3542.9979513136436,408.23695704853435,3679.4143161805155
10.0,50.0,1865.8896472373394,279.2771954658265,3574.072889351065,482.70684687926314,3708.429074013352
10.0,54.99999999999999,1946.5337627599865,212.99522318084792,3702.722169853315,359.18078688712444,3821.4475139709994
10.0,59.99999999999999,2049.6737505551696,178.13419999260338,3861.062524296021,293.85575567459364,3959.3467901795802
10.0,65.0,2139.7734960803045,131.98995433326115,4012.1350484834966,211.79387510192942,4078.6752589786233
10.0,70.0,2203.9035040801155,110.52412101713082,4108.71221312249,173.2265491882622,4162.131149532454
10.0,74.99999999999999,2316.7640596000024,116.8045403771315,4282.968370602579,182.67904355117366,4306.319630477995
10.0,80.0,2398.176538579011,231.88784632285183,4397.646290570288,394.8739199140325,4404.800161449844
10.0,85.0,2580.1990372825217,-1.6282982841143223,4686.890906593551,1.8425135346318484,4639.480006983637
10.0,90.0,2513.2684182225858,-63.732612307969404,4598.21271321158,-90.82623270456935,4555.467642980154
10.0,95.0,2514.9293108085835,-55.90443206286693,4582.003027661004,-95.50975927239,4557.651113611771
10.0,100.0,2506.541871111146,-115.76905889358108,4568.872178436745,-202.82220939388503,4545.999356033608
10.0,105.00000000000001,2448.767155766899,-65.1502289827805,4484.354407642909,-119.49739396502923,4474.496625839053
10.0,109.99999999999999,2460.254543891968,-76.5891646887718,4502.347570917815,-129.346310127552,4488.756556659777
10.0,115.0,2440.831651155921,-7.251603101926321,4466.655039302177,-7.518026422371804,4464.998742984342
10.0,119.99999999999999,2450.708481670034,-20.450718701263895,4479.105490463177,-36.88341745500543,4477.383229070912
10.0,125.00000000000001,2446.3470918745456,83.60187675790303,4474.221334056485,141.30839817231117,4471.132088096635
10.0,130.0,2601.069423772802,-107.75105053858215,4725.433698172799,-181.98923653205793,4664.224804584261
10.0,135.0,2529.5739391031143,-138.30392270727543,4620.156667655063,-236.88998164009263,4574.206412679717
10.0,140.0,2500.847320398274,-176.53737433491233,4583.44701735298,-299.5034573837693,4536.872088448153
10.0,145.0,2489.087665417526,-134.09371503604962,4578.887236186889,-228.34520940660673,4523.594042008521
10.0,149.99999999999997,2384.934429841149,-135.0823761075727,4420.347138471469,-231.82999691375585,4392.281786652076
10.0,155.0,2329.2029272156974,-62.81862917496858,4339.400303927242,-107.46724848939425,4323.361457193627
10.0,160.0,2283.142844117157,-126.7560237899961,4270.2147043092755,-214.73246768318745,4263.147584095617
10.0,165.00000000000003,2251.884251032717,-77.8841758136196,4220.486565047704,-134.77628343496735,4224.501382503988
10.0,170.0,2216.143505565621,-76.80111274636891,4171.387387121627,-134.20811103918788,4178.717450800193
10.0,175.0,2168.255582595538,-61.112862097405724,4098.558653957359,-107.46051470588642,4117.408378744441
10.0,180.0,2108.0379018195817,24.681199409278374,4003.7007566231623,45.04113857953549,4040.0014282122174
10.0,185.0,2066.0648900589213,-12.927294600128619,3937.441583329518,-25.756693707920817,3985.5328125996175
10.0,190.0,2043.670895760356,11.283975453347466,3902.164642374694,22.102932297001303,3956.347962121379
10.0,194.99999999999997,1990.212202332582,32.27423483589422,3809.497985992884,56.88351445547528,3886.2393002642148
10.0,200.0,1981.2705187561155,37.60792200491039,3792.5660860042162,64.43150776236212,3874.436804313157
10.0,204.99999999999997,1977.0242063340218,3.3497604941604777,3788.284141512468,-0.16881642896373705,3869.0844067305643
10.0,210.00000000000003,1958.409158088054,105.53455827007235,3754.4464767844747,183.4596529099174,3842.761554171339
10.0,214.99999999999997,1894.543841474011,112.60070919295765,3639.138146331771,190.41634089536547,3757.9850582076647
10.0,219.99999999999997,1887.5926033747385,139.82055679034056,3619.704980048121,237.17696205921152,3747.5540683308054
10.0,225.0,1941.3219276115115,101.64110764094869,3706.9250729668743,153.13526113272314,3820.345640154817
10.0,230.0,1990.0977873178908,60.72927621380882,3790.265261224112,85.66179078687401,3885.663676926708
10.0,235.00000000000003,2052.071540783728,143.05148209468064,3887.7200302360643,232.36620755994863,3964.196955712875
10.0,239.99999999999997,2170.48148246796,117.89527366565142,4075.3152647083834,193.59069625117513,4118.853256106526
10.0,244.99999999999997,2187.3769025265083,63.110255670236825,4092.785228454636,98.77161028666933,4142.004908972483
10.0,250.00000000000003,2248.2553546512045,175.01261709698883,4179.666785354761,305.2223174691394,4216.606225846802
10.0,255.00000000000003,2275.674269788669,73.87347093070275,4220.258054637662,129.1165761266086,4254.9886374358275
10.0,260.0,2311.505090010531,194.75676563439612,4267.473610686932,341.15105221192846,4296.551132867401
10.0,265.0,2318.664169120231,117.9997867830503,4263.867220091375,217.49176181182662,4308.702576229126
10.0,270.0,2464.449036770594,149.90340406659357,4500.265916257429,255.51632296758345,4492.122810071527
10.0,275.0,2371.435553706823,74.13692160490345,4351.790446315637,134.24356732448672,4376.739777335406
10.0,280.0,2422.3586027786696,-78.76064806461233,4432.710354967656,-128.1448058900994,4441.002684671115
10.0,285.0,2441.050284740393,-24.340693611402912,4462.8482289755375,-40.55102812535392,4465.21083853942
10.0,290.0,2320.9966034416543,33.773071838973806,4277.415139785864,59.77985930841737,4313.284883270325
10.0,294.99999999999994,2380.139531008548,-117.23175862136372,4363.527977980502,-209.46476763121905,4386.75664212769
10.0,299.99999999999994,2427.054918768295,-16.746593929113033,4440.562620251949,-37.4263236561269,4447.621724069948
10.0,305.0,2505.3311456279816,-99.65437331419685,4559.615670680334,-172.00054519551213,4544.870584913576
10.0,310.0,2606.0142377344478,-181.09715601754715,4725.012463403871,-307.87685435837875,4668.151345234593
10.0,315.0,2549.8092870667756,-148.62025790431744,4644.565344408102,-250.66367533955736,4599.186795844292
10.0,320.0,2542.9416725461656,-224.44901144835694,4648.485626281481,-375.1367314187546,4587.524386650098
10.0,325.0,2550.5231584641556,-285.8536604115991,4683.238557104507,-464.3837884227912,4593.640893474965
10.0,330.00000000000006,2378.4913390715838,-314.27170558360626,4411.289229510023,-521.4178918633916,4374.450032048205
10.0,335.0,2296.431045952345,-290.6905197242305,4288.204623610428,-491.87627125746076,4271.408792431955
10.0,340.0,2176.585121147273,-254.71983515131643,4106.524273564525,-442.9656655874958,4119.668515958079
10.0,345.0,2123.6493973036327,-186.68914264482055,4037.7963834964426,-327.35642114125164,4055.2739850330972
10.0,350.0,2093.813380568524,-150.01106661147327,4001.717176407489,-263.9644024500056,4018.302230869052
10.0,355.0,2083.6472965981097,-130.63492132416835,3996.7111239617525,-233.60597857021548,4005.8806967063483
10.5,0.0,1798.6092266343403,-75.69011491430138,3590.185533980737,-140.56755903800695,3631.112301543333
10.5,5.0,1767.6168872482453,-17.878316300801885,3533.8741598270485,-33.0417150751303,3590.455366847097
10.5,10.0,1752.4889737892336,31.457445230978294,3510.4039623163353,60.24803834671275,3569.921964435333
10.5,14.999999999999998,1730.250608272896,65.8990747312235,3470.8914058437354,121.83920928176803,3539.1848927229926
10.5,20.0,1704.3417642611441,72.7393378328797,3419.2378738339503,132.28109168718868,3503.8334731017217
10.5,25.0,1678.4764131698507,106.35574138817606,3369.053022336503,191.42357973165008,3467.3488798535427
10.5,29.999999999999996,1718.0516012100638,134.65620365675102,3433.8683813591215,242.00331074139103,3519.8713700073595
10.5,35.0,1670.7593354649666,202.54954091852483,3338.4749131164963,370.3817933408425,3450.6046308929767
10.5,40.0,1631.3835159125865,232.83086925245402,3255.305853782226,425.5654244004709,3393.571502480976
10.5,45.0,1651.4604987307052,197.56422248058016,3281.639804268838,346.3534322494402,3424.4966640358575
10.5,50.0,1689.2811206000497,201.21213055350665,3340.9728705440634,345.83280852873577,3476.104914720336
10.5,54.99999999999999,1812.6043971316606,160.22559191387688,3549.372409647117,275.1578556194511,3646.201804268893
10.5,59.99999999999999,1847.5763914591353,134.7035703823924,3597.9563397504467,226.1067738156521,3694.438695807783
10.5,65.0,1998.8926127901984,101.21590576796996,3851.9837954901604,166.00085066193014,3896.159634689441
10.5,70.0,2077.3467909068595,39.15445840520715,3975.756231339703,60.614103822980724,4000.0081221517516
10.5,74.99999999999999,2150.916789452644,49.959292016773816,4089.820458737202,78.3500956679236,4095.211051768651
10.5,80.0,2238.5482537873277,163.4199631002087,4221.467422628561,290.77103391799176,4204.675366745306
10.5,85.0,2341.628176223897,-21.114742162293823,4394.366369258298,-35.58158216927694,4339.5779850425215
10.5,90.0,2316.2521249486963,31.743060643107896,4331.998370116013,69.39528470890191,4307.268706506881
10.5,95.0,2291.6793954383375,-42.42480338201344,4302.8432176526385,-71.2237421650699,4275.880494607038
10.5,100.0,2198.3267463618376,-106.51033598334828,4154.917326907654,-191.0657190130928,4155.078261833797
10.5,105.00000000000001,2268.1720512706156,-73.10954856945034,4273.38973999879,-133.95452838402252,4245.42155918132
10.5,109.99999999999999,2234.2950797476437,-30.364410430517523,4217.331768036055,-52.70357309793644,4202.667240260086
10.5,115.0,2200.973885358746,14.39607283047826,4160.295494485408,30.20149855285831,4160.011761349446
10.5,119.99999999999999,2211.8638871467,-24.634445865959492,4177.715196871097,-41.113503833603545,4173.943697711889
10.5,125.00000000000001,2326.8743409771864,-9.773497431018768,4360.783693880787,-13.149517903393644,4320.887223092319
10.5,130.0,2249.980974788553,-130.62043194025796,4250.028173111663,-227.62650855278957,4220.609765754882
10.5,135.0,2304.594879936457,-93.30368680281276,4348.593582780944,-165.7101394624433,4291.451532668023
10.5,140.0,2249.140081805118,-161.3479042452483,4264.754777543411,-283.27026400910995,4218.347019544841
10.5,145.0,2172.3152612014546,-119.90195190013503,4149.321049022424,-209.80724824111007,4121.1520351225745
10.5,149.99999999999997,2147.1292443336497,-69.39508768361975,4113.607528411854,-124.55446046278507,4089.9880206370012
10.5,155.0,2109.775186717954,-38.02972426757913,4057.9740257846297,-65.76116710345377,4042.1308361275696
10.5,160.0,2069.373619458477,-50.92398225483771,3999.041961919429,-91.4851812592592,3989.4730092685572
10.5,165.00000000000003,1936.4140136056633,-92.33129174512294,3770.312168943461,-162.25206321171606,3814.163266230742
10.5,170.0,1975.848848745709,-53.74197827632145,3852.9330009855134,-97.92346694583387,3867.0716711884643
10.5,175.0,1926.5751527760472,-23.788480905887212,3771.049139518085,-49.18589555478428,3802.4999520269694
10.5,180.0,1894.433381124727,16.22100722548907,3717.212548828871,29.700958846560297,3759.9902442868192
10.5,185.0,1867.8609203552994,-2.7434997793686478,3670.9313590946585,-7.362130747463368,3724.729364562331
10.5,190.0,1853.72016317866,34.35172216565422,3652.712115302606,58.651346606193556,3705.685489228692
10.5,194.99999999999997,1827.5636410088305,44.36962382753484,3604.331494658824,76.81992265815688,3670.615209812242
10.5,200.0,1786.793689540449,36.28947659318487,3530.8463379469813,61.326589402297714,3616.0714255816033
10.5,204.99999999999997,1783.754181846778,22.239877273756633,3521.8731516062076,32.22790293797743,3612.141743795327
10.5,210.00000000000003,1818.460520435003,74.46173104498575,3581.195277932078,128.82626042028346,3657.7719071418246
10.5,214.99999999999997,1815.6293346768775,81.89572238795859,3570.463964686589,135.01817247804092,3653.763483264577
10.5,219.99999999999997,1763.7949422134254,127.9352211774534,3468.208653821788,224.45446546814378,3582.199904676937
10.5,225.0,1809.89859341206,3.37586431449256,3556.8821709067797,-24.407567218204804,3647.3274232910076
10.5,230.0,1869.4385055627863,23.148112420193684,3651.6536565732868,23.412688167969918,3726.734807862828
10.5,235.00000000000003,2006.3448577730742,72.13658035973788,3876.981431574881,121.59804429735777,3906.735370298572
10.5,239.99999999999997,2108.345168454573,68.11306185410842,4037.157188835526,115.96059178967585,4039.8077141933
10.5,244.99999999999997,2140.6866116671686,53.381248485942024,4079.6604219446863,91.96910963391474,4081.9431929678726
10.5,250.00000000000003,2162.452690926028,106.09299497733593,4106.92900943912,190.62831271579444,4108.863908589698
10.5,255.00000000000003,2199.0634831506636,79.16577304667715,4165.070470220451,139.4991021673236,4156.7232349452315
10.5,260.0,2170.0661751558455,117.07640892375684,4111.021869271373,216.11002244374686,4118.344413925636
10.5,265.0,2108.3340465571623,181.10307674175806,4010.5697705712087,316.7303987950005,4035.675369389709
10.5,270.0,2126.5688177814377,110.44240190028324,4045.250668356694,199.46647371782953,4062.3280539136645
10.5,275.0,2189.691973732354,44.17452942790476,4146.03479296018,87.40597819440745,4145.265374398223
10.5,280.0,2221.093887761128,-89.8618664331787,4190.72440846521,-151.6576607315543,4184.776475063487
10.5,285.0,2093.9334246482795,-61.612923541642886,3982.3815730390315,-102.12380444647056,4021.227816696324
10.5,290.0,2297.2632148000553,47.739654906564624,4302.0391833485255,86.47111760093526,4282.934518254404
10.5,294.99999999999994,2341.957210778875,-175.29031996810738,4367.763047452733,-294.83416474542196,4336.232416575442
10.5,299.99999999999994,2386.4647555584784,-96.62598571370893,4440.506598463742,-164.4641578014796,4395.294539234669
10.5,305.0,2460.9820282548594,-118.3429360925677,4561.664138991337,-200.06043147885975,4488.733915774808
10.5,310.0,2413.5479853695306,-165.37971345225424,4493.88556910682,-289.69038037905693,4427.381686805778
10.5,315.0,2453.1877392477336,-110.87555198880432,4573.088225579966,-194.14735114060932,4479.125907036194
10.5,320.0,2446.521037685092,-182.21211376810243,4572.039304449112,-311.57830676322965,4468.311429323942
10.5,325.0,2341.0537291627734,-266.70699612786154,4413.36324378133,-449.91566523681536,4330.100339776003
10.5,330.00000000000006,2194.2790520105414,-237.48427697408556,4181.960512838688,-409.887059027684,4143.702886972407
10.5,335.0,2063.97371966288,-217.6371229129611,3988.3085604155663,-381.03735608423085,3975.686763694145
10.5,340.0,1956.8903825542304,-217.6572078606883,3816.558585906995,-389.291686779443,3834.831890033092
10.5,345.0,1900.4912337882442,-155.44784484166183,3732.9442710744497,-281.95571487124494,3763.910146669356
10.5,350.0,1870.23315282429,-116.63706088485452,3696.645305667597,-209.63316777128364,3725.4819154660545
10.5,355.0,1845.4183184468593,-101.27658171291243,3665.8005712891613,-187.70320631606356,3692.9734552847776
11.0,0.0,1634.88774907685,-32.76936884170573,3361.997651283187,-59.76756596884661,3409.8718058399368
11.0,5.0,1591.3179458679056,0.2049627093099673,3283.5536160610395,-1.0048159927261509,3350.1503283786774
11.0,10.0,1594.1069444246684,43.27382096307272,3291.201973656196,81.33577993158326,3353.5746699131637
11.0,14.999999999999998,1581.3398777880423,64.57476766248436,3261.8162482866896,119.92315946234714,3335.4074519721
11.0,20.0,1562.8106292830246,81.24749162862088,3227.285384207471,150.1822001417005,3309.168277137382
11.0,25.0,1545.244358109534,89.56903482281655,3188.47398438678,164.40090590884392,3284.4159776681863
11.0,29.999999999999996,1541.8762505792677,132.54571225575535,3176.7523263875196,240.14670969932376,3277.458855417834
11.0,35.0,1537.5215358559276,191.32259740003508,3161.6233956028727,353.4907499821618,3266.8753063406198
11.0,40.0,1563.5395434072643,232.93460836446172,3195.7065314679962,429.40175926681786,3299.201111764987
11.0,45.0,1563.4384592506317,160.84710029927749,3179.7310357017695,287.86415597093037,3305.5673532568544
11.0,50.0,1715.6391360070584,125.22345163884142,3443.8411469351927,214.20669512056952,3517.084685341889
11.0,54.99999999999999,1792.5783177187343,94.25844104988153,3571.8457151469074,162.89188756768795,3622.4145205505224
11.0,59.99999999999999,1833.1914771671645,62.515341466979976,3629.474732536034,104.45883895428233,3677.7856268676333
11.0,65.0,1908.4940867765272,78.65520344685183,3758.512277159931,132.41597419931577,3777.6121228474312
11.0,70.0,2003.4991577646351,64.34863379224169,3920.1709721875527,108.2650973315051,3903.173658760619
11.0,74.99999999999999,1997.4224050267521,-1.1395835084983332,3903.975948310317,-4.576724760668753,3895.86579028758
11.0,80.0,2059.0334516847647,86.75966886104675,4003.4385478144004,165.63815077152003,3975.2528827905576
11.0,85.0,2127.8127784712865,4.092908512848368,4118.366483455982,6.874423049707502,4065.7017278726094
11.0,90.0,2104.588849811771,5.674389824161934,4074.5472021061396,17.588754800588255,4035.6137826339905
11.0,95.0,2063.3716764112864,-12.966705697015442,4005.8665473858855,-24.360740239262725,3982.02556083657
11.0,100.0,2024.6883767269503,-74.24594361211524,3944.953147478989,-143.0851357978196,3930.7080784043965
11.0,105.00000000000001,2026.013239222631,-113.7279472770154,3955.1406550411,-203.07262674519166,3931.2833834038333
11.0,109.99999999999999,2006.8220653989,-15.153320656056394,3917.8231184700335,-25.000093965167025,3908.1500739916737
11.0,115.0,2030.0244559346472,36.38275148051537,3951.5397198768187,69.66715965408275,3938.339788049427
11.0,119.99999999999999,2043.5563315863988,-40.46682596127266,3972.3774600767674,-69.51987082726077,3955.9653817713615
11.0,125.00000000000001,2012.5570526890856,-65.15944931948252,3928.4252407827034,-108.6836203089515,3915.0267742395918
11.0,130.0,2056.4006119448227,-91.42029258268622,4012.5153839162895,-167.1155988000321,3971.6930605358048
11.0,135.0,2054.3936168178257,-109.31000862244696,4019.400585928417,-194.33276442334022,3968.5270538301115
11.0,140.0,2011.2719680230807,-125.43987470123466,3949.5609176128473,-229.31934076122934,3911.5309548816713
11.0,145.0,1979.1465624491327,-79.3822930882435,3902.247150479253,-145.4173971603807,3870.8537896178054
11.0,149.99999999999997,1905.3185427579551,-47.15034061127017,3779.7086045549686,-86.15360924291281,3774.0842456319588
11.0,155.0,1880.0820309328606,-10.156945057034022,3745.5794842843134,-20.68782845123701,3740.963701293932
11.0,160.0,1877.2624425015997,-32.19547415467855,3745.139778536519,-61.18328860325278,3737.051933558138
11.0,165.00000000000003,1793.0410073222229,2.192415933221014,3600.73411900127,2.2035126808671066,3624.7140043362697
11.0,170.0,1770.8080974700192,-43.77949442811541,3571.6295927180477,-79.94995993456155,3594.4460905502556
11.0,175.0,1732.95691260767,-8.534975863793392,3504.768626646137,-21.217804165750977,3543.7013916705464
11.0,180.0,1749.2340726514376,23.231397301758776,3535.0114122267896,38.50797371350338,3565.6151131768806
11.0,185.0,1718.6831807533058,35.39644558586416,3474.139782913477,57.41821733447904,3524.1270091303936
11.0,190.0,1687.3238679239892,51.7522123486456,3423.4248033928097,94.79018790122609,3481.212636566399
11.0,194.99999999999997,1716.801193680845,17.281947863154073,3473.381939206556,28.047050373472302,3521.7675398025094
11.0,200.0,1735.023602423838,-1.4295196992416095,3497.2021265594594,-2.1506899985827204,3546.512111900357
11.0,204.99999999999997,1725.1941261484483,40.659870518871344,3473.4809833832987,65.59935964338297,3532.872641769839
11.0,210.00000000000003,1693.5192116838723,97.4773709652768,3416.370698434301,171.56220202417876,3488.2411960418954
11.0,214.99999999999997,1684.1767210417781,102.26176337392133,3400.6986724706794,178.92612217508236,3475.3069764080196
11.0,219.99999999999997,1592.6519767900945,180.76123170018832,3228.9874340845627,314.3620406042653,3344.621016769306
11.0,225.0,1860.9127614813253,-83.88245374046016,3703.4705417295695,-172.5990875130533,3714.2256870754627
11.0,230.0,1950.8239614571194,-61.40711342712359,3847.2631976241364,-120.05248026270101,3833.976137790038
11.0,235.00000000000003,1959.50599576893,50.04293540930985,3850.864254412735,90.68466596262488,3845.627283033877
11.0,239.99999999999997,1982.4226365127995,61.60128178848265,3889.8894136011168,111.35438059831654,3875.5654949127156
11.0,244.99999999999997,1988.6014859902084,61.93871286241313,3892.3556816774962,113.41337578596199,3883.6751501501794
11.0,250.00000000000003,1966.5303083725944,72.6813367793693,3852.691924267662,132.84181992866934,3854.4210728665453
11.0,255.00000000000003,2009.1487981935989,77.7366418907539,3920.939267887934,140.82903692536627,3910.2773973931353
11.0,260.0,1991.447453408447,159.45247578370726,3885.10785733105,287.13413369881505,3883.958366304286
11.0,265.0,2057.4782410489797,132.5123288800385,4001.471511280548,230.21161615263787,3971.6984718081344
11.0,270.0,2125.018234840215,57.01453673387029,4103.175952195215,100.04876640353768,4061.6157167783376
11.0,275.0,2142.588983832853,64.95489607833001,4134.766987528973,125.86587015938633,4084.2059083798763
11.0,280.0,2099.275892909998,-119.37721326688126,4060.292024523009,-201.7352698162374,4026.6210217891967
11.0,285.0,2233.9634424548544,-53.80469368448587,4270.732967940197,-82.83650606092624,4201.977524420834
11.0,290.0,2145.2457067207533,-10.263027640454766,4124.495316090458,1.680685036244995,4088.2277322279406
11.0,294.99999999999994,2197.2623268003463,-74.18214006386654,4203.064667158858,-128.71473480899044,4154.512266072863
11.0,299.99999999999994,2175.380101113818,-138.62405625355564,4173.807598226108,-241.31744986020794,4124.430156487908
11.0,305.0,2197.8808500015302,-126.65091964342525,4219.515326143505,-214.56249955251792,4153.860027567809
11.0,310.0,2160.077893528936,-169.5654249038081,4161.928696432409,-304.80148018626005,4103.334895730639
11.0,315.0,2252.099106930231,-146.69471251958066,4327.508758402101,-255.3620784553425,4222.734092783604
11.0,320.0,2239.2696091116613,-153.66925043619824,4316.276071713259,-269.11486556252817,4206.011903725021
11.0,325.0,2122.843475934789,-165.80874325883497,4136.918819487704,-293.78214019530947,4055.288915173919
11.0,330.00000000000006,2016.7886667537698,-144.54399890959303,3966.933874488458,-260.19735664984046,3917.9552124444117
11.0,335.0,1862.389381156115,-170.68594303630084,3712.7022878115395,-310.3782285221446,3712.27768870554
11.0,340.0,1789.144037188641,-160.1721367235196,3593.897841946301,-298.0933689458319,3614.633723026847
11.0,345.0,1719.2995289894345,-134.2907820356105,3487.1595222121514,-253.07342352520345,3521.587260800765
11.0,350.0,1680.7015170581637,-98.57937210564774,3433.6482305065097,-188.23647728781526,3470.7187200772287
11.0,355.0,1655.0234803346643,-71.117090948242,3391.884286443078,-136.5375641866946,3436.6051362056005
11.5,0.0,1458.617654102287,14.277064837777289,3098.437389515493,32.79797656085066,3165.0061015911
11.5,5.0,1457.7932727914974,-1.9207752529833044,3101.7637976626143,-6.916690413876154,3163.8959475629185
11.5,10.0,1408.771750085516,39.57215932430876,3008.941877079618,78.08682842230428,3094.0555568951527
11.5,14.999999999999998,1414.2381186609698,70.82441488390185,3015.797152484208,134.32642432889372,3100.8864766796673
11.5,20.0,1426.8108903233187,101.49643334251493,3034.422151667971,191.85860667029374,3117.3282407290417
11.5,25.0,1401.9445231490258,93.05910321685366,2983.7091710159407,174.61944136266857,3082.3798128843855
11.5,29.999999999999996,1409.031930345286,74.69284243526101,2992.838099987003,133.0656277371461,3093.3251780401256
11.5,35.0,1454.0938637962183,182.17922548696959,3057.7034214189853,343.68261663395106,3150.0756761704947
11.5,40.0,1530.075050545608,207.125493042171,3181.9024752413916,392.5020817306249,3254.9484589719004
11.5,45.0,1570.6931572388771,127.99424530346721,3241.74263209779,233.90806393336902,3317.8429131453695
11.5,50.0,1615.3469078941253,49.25093794684631,3322.2729093996586,78.50529188262976,3382.7241143610504
11.5,54.99999999999999,1741.5789794886462,88.27679996251129,3540.7400108306383,159.3197441603984,3553.8376625437445
11.5,59.99999999999999,1769.0857267963797,12.445617121625332,3577.3994570571726,23.95869135469934,3592.4660126888407
11.5,65.0,1815.996513349451,19.939124208269845,3659.8682618388966,30.076755333574056,3655.424547786191
11.5,70.0,1848.7281202954462,4.6155989937537925,3718.2389118297833,7.6361631243430566,3699.2374409086674
11.5,74.99999999999999,1842.4884801605658,-7.61341165615454,3706.4558495131437,-18.341216613274582,3690.905443710737
11.5,80.0,1852.7659617718423,56.25453618945312,3732.4607806156396,112.80669762692173,3704.056725490405
11.5,85.0,1845.7055244064188,-13.610197761797338,3723.2040383211793,-22.028687905498373,3695.175616611149
11.5,90.0,1843.579621250501,55.626355127402235,3715.6156614023457,107.81810782131265,3691.8118169113877
11.5,95.0,1855.6462088413246,12.237383592759528,3727.2744573293794,22.132697604327007,3708.437675611961
11.5,100.0,1890.4825428077977,-89.7645947574452,3786.5920258387277,-167.0568521145733,3753.3913330620826
11.5,105.00000000000001,1851.0975085402704,-78.19924861755669,3720.547688441712,-146.27618224265018,3701.3010175567106
11.5,109.99999999999999,1816.3886775619756,-12.823930206145178,3661.3165022897538,-20.229930811329496,3655.9929350322295
11.5,115.0,1821.4303090806075,8.967797092896262,3667.964774685832,25.309152243382186,3662.757369777626
11.5,119.99999999999999,1837.0056204780528,-48.59997562592275,3695.5489321104014,-86.21027253139982,3683.1649342028827
11.5,125.00000000000001,1859.358087464073,-30.198101270157963,3738.1157450607643,-51.416053687157046,3713.247034318752
11.5,130.0,1840.081290444773,-95.70849695604898,3716.1278749313487,-179.32998002025556,3686.040293791692
11.5,135.0,1846.3047911333076,-91.24696592027931,3733.8472696450594,-166.92034004901802,3694.5055228776055
11.5,140.0,1813.4614117327342,-91.49910234657216,3679.6220968861517,-171.39975573814604,3650.5488961010083
11.5,145.0,1780.011007894163,-35.89733802750027,3625.184290176116,-67.92173660748153,3606.9556277284296
11.5,149.99999999999997,1757.4426628278184,-30.241693705248963,3586.972631775155,-61.2153510224357,3576.622301535871
11.5,155.0,1734.0709561642398,-14.603097928699412,3556.1294217442532,-35.315543142877004,3545.1810120889895
11.5,160.0,1697.0893872278937,-10.959093021651597,3492.0579813310023,-24.176934635404223,3495.0332897876992
11.5,165.00000000000003,1712.3385237963168,20.76209523688101,3522.096477424359,38.76191113170955,3515.686003064116
11.5,170.0,1662.7167655804458,21.50539573513771,3439.4971836658697,33.73724244483094,3448.106608533517
11.5,175.0,1568.1511974122286,45.97595963439463,3267.3321415360106,86.40693204852374,3317.62081095031
11.5,180.0,1620.860171393615,-14.494366642699077,3364.14617619248,-31.133340415126852,3390.798129550757
11.5,185.0,1566.0774804614623,-7.7970281109186885,3262.647506030529,-20.42454691628126,3315.2255435673715
11.5,190.0,1593.2459844234963,84.65414830720576,3309.309173067979,157.5628366357231,3351.1856487451296
11.5,194.99999999999997,1617.6950472241251,27.705499983698246,3350.812112515351,50.42713632214816,3386.3227277886012
11.5,200.0,1608.2392987601006,64.36360812134058,3328.72951012786,120.92603509308935,3372.5539236960235
11.5,204.99999999999997,1562.5787032302555,28.578167846183078,3242.440711069572,43.32391989334701,3310.19870333285
11.5,210.00000000000003,1605.228566329893,99.61535361561528,3318.446428770071,182.1599643873542,3367.1101311673647
11.5,214.99999999999997,1569.6822996301862,149.77734219469414,3253.314516441151,274.8790356990062,3315.045803729396
11.5,219.99999999999997,1724.6671041599204,31.74381728972935,3521.6526230264153,46.332814679443345,3532.2881682715893
11.5,225.0,1810.441649415876,-30.01598041097941,3659.1990161285175,-68.77160111516378,3647.8893497988943
11.5,230.0,1861.0227676553588,-36.099274925748546,3751.043177204894,-68.64158049602293,3715.3946590317996
11.5,235.00000000000003,1838.9915003309013,5.986954659830076,3709.784885386113,13.470738506358884,3686.2407986658545
11.5,239.99999999999997,1886.4208882003254,25.51483933457132,3790.5152847768777,52.221504054297384,3749.2879695372394
11.5,244.99999999999997,1851.707988352845,69.7845144812942,3724.657687557754,129.66759617773437,3702.3392374022073
11.5,250.00000000000003,1874.1916322497104,60.709960042533,3757.7354019829813,114.3042641862462,3732.501307971703
11.5,255.00000000000003,1861.00160718981,107.62242633060072,3732.4863667381296,196.55106744036254,3713.5349078055287
11.5,260.0,1862.4581859548364,159.41249052170548,3730.9337320538352,282.7678194772434,3713.026821039197
11.5,265.0,1961.8409945690412,12.013608127002783,3896.0373548065945,33.0905808531075,3849.090533012224
11.5,270.0,2082.224639620596,-82.78962502111682,4087.2411325509042,-136.43489241228463,4005.554327296639
11.5,275.0,2134.2917130830047,30.397058929589804,4174.57743581322,73.92663136655847,4073.9518357642305
11.5,280.0,2085.211971349843,-48.799319362629205,4089.855720401295,-78.64620489512731,4010.1072826862746
11.5,285.0,2002.5129416241448,-49.86635690158505,3958.014644358883,-76.36406992164973,3902.143873498007
11.5,290.0,2017.6601908421233,-16.44200698571194,3979.917301359498,-10.447769708816168,3922.3346331728912
11.5,294.99999999999994,1930.3691024188192,-76.31311605951794,3836.7847287709046,-134.01720099961176,3806.6275439833594
11.5,299.99999999999994,1955.0368680776728,-123.37832223489033,3884.1457694748083,-219.5719425230211,3837.6418574342456
11.5,305.0,1931.522295373351,-40.09494899708886,3854.567833703656,-66.52153851913704,3808.861606962071
11.5,310.0,1934.6607349953392,-181.95088540514053,3861.5502912743937,-330.4647156926533,3807.7427159673916
11.5,315.0,1970.0142398278158,-152.52578976762027,3935.5612150797424,-271.11643438521537,3856.0814653403536
11.5,320.0,1947.598177294025,-123.62366940025674,3909.927842321335,-224.8865063101896,3827.8124844623408
11.5,325.0,1902.948937882309,-85.58067412753815,3841.848374605962,-160.05550523250554,3770.06507978252
11.5,330.00000000000006,1795.6316011282604,-53.59984653696529,3666.768901892212,-101.5969729740093,3627.651183860817
11.5,335.0,1715.9496554580605,-101.31390040844462,3527.836624525093,-191.72995282127272,3518.598016034259
11.5,340.0,1605.9344238227575,-150.84352809893227,3342.328696588807,-297.2672214510525,3365.226354774561
11.5,345.0,1545.6590574990375,-97.30119937503787,3241.2218303272743,-192.27295480084092,3284.650656758564
11.5,350.0,1549.235862753693,-123.6469853004622,3259.6516296901973,-241.74035687885254,3288.256742296436
11.5,355.0,1515.9537196108456,-53.668247246472546,3202.6219454498046,-108.42637862824003,3244.803729031773
12.0,0.0,1357.32914467324,36.072157822723966,2964.7179066517056,73.25373759877766,3020.6184210430533
12.0,5.0,1327.6365875822219,8.285572257603206,2906.4639669117873,10.544709965194187,2978.2402823801763
12.0,10.0,1293.885749619851,81.05745302699799,2847.201725362765,159.13945155727987,2927.3328376552877
12.0,14.999999999999998,1264.2401733151412,75.84148741222816,2786.1837878300075,146.496104183385,2884.3234907822216
12.0,20.0,1280.3786356903784,97.89636604669482,2809.968893337848,191.2841099373917,2906.694940804269
12.0,25.0,1318.711635915294,119.36438649535273,2878.7867156052694,228.65748715130087,2961.0533661203563
12.0,29.999999999999996,1360.665896424003,86.81738283205834,2946.6075461348983,162.38311317492344,3023.6041595528213
12.0,35.0,1388.5621220492749,130.2891868957081,2988.063988801474,255.00799557331925,3060.9510821837457
12.0,40.0,1447.1026716646586,163.44868097557173,3081.596450927776,316.6131210553508,3141.819598176799
12.0,45.0,1481.6261713865586,86.900745300999,3138.227779115864,160.13511839272542,3195.518081338477
12.0,50.0,1569.4302021426452,29.911523742643,3292.229815867484,45.21411115486808,3319.6765086281143
12.0,54.99999999999999,1626.758350481783,68.47277184689005,3396.1698799575124,129.78187330980586,3397.9176069666164
12.0,59.99999999999999,1656.4778521438625,50.86541186471709,3444.6201939893,93.02898644134416,3439.1234305136263
12.0,65.0,1671.3235936729675,-11.079142045657932,3467.376538769559,-26.752354691569735,3459.931897875906
12.0,70.0,1673.0295738787129,16.104067029720227,3477.139467249291,24.457711914052425,3462.2310389686286
12.0,74.99999999999999,1677.7325769122886,8.707310300751487,3484.5333873027616,11.670835656911436,3468.6843708231486
12.0,80.0,1719.7728125597873,55.13423962459592,3563.6262978376953,108.09368735457588,3525.244167267029
12.0,85.0,1701.3982629373422,-1.0878051967989677,3533.154058443188,-2.7603230112160304,3500.91563152903
12.0,90.0,1698.306044598692,34.768066403725136,3522.9242582812913,78.58153160295821,3496.4636091409925
12.0,95.0,1702.0355659867578,13.458576127852098,3525.130040595911,24.821465544570742,3501.7448216161833
12.0,100.0,1678.6083817457602,-62.29435269715856,3486.6454475883857,-118.49848163925367,3469.081554748605
12.0,105.00000000000001,1654.4324291009634,-54.201323573504055,3447.3245277218966,-100.55725297929257,3436.2497187780245
12.0,109.99999999999999,1631.7799516638975,-2.390693987267582,3405.8701149761073,-2.0777205148851863,3405.8409687525927
12.0,115.0,1649.415140067446,11.61428711394035,3435.2246117538866,32.822684024658656,3429.9843605508645
12.0,119.99999999999999,1652.2215680664717,-21.984591856479256,3439.0306765459986,-33.99409899310626,3433.7505544924697
12.0,125.00000000000001,1673.9023025721503,-36.345845403953035,3481.3482508812867,-65.36653676027822,3463.198285905738
12.0,130.0,1647.8475157145822,-138.11111263137286,3439.2519867546443,-262.6414899280426,3423.770483167012
12.0,135.0,1674.8569045563206,-85.67713909158829,3496.2078523685104,-161.08670743691687,3463.236905231703
12.0,140.0,1685.255200147084,-63.81938271376714,3514.8405878361564,-122.6364443715413,3478.104149079002
12.0,145.0,1630.3301906317404,-12.736809248670397,3418.60149562681,-28.202227023523392,3403.8168486602267
12.0,149.99999999999997,1474.1726361260617,5.091635326363075,3142.0939962945818,5.584926621849036,3186.953544515213
12.0,155.0,1565.5999315096856,-49.98646902951725,3314.202870676792,-99.88983375231055,3313.9947805783772
12.0,160.0,1538.2203819852116,13.089507153241982,3267.220475933767,19.841531430454552,3276.5126029011412
12.0,165.00000000000003,1536.1473787542188,-7.472158854430177,3270.009020789245,-18.685993983929848,3273.6547669028796
12.0,170.0,1485.7946527719405,40.7400986547986,3165.8919472058305,72.5339679204792,3202.8667021181727
12.0,175.0,1513.614700756983,9.211034372282427,3220.3196317566026,13.086670630975505,3242.2219898148883
12.0,180.0,1449.6495475853953,26.959112287491557,3109.5750000829357,42.31607891226993,3152.215205406334
12.0,185.0,1459.8918215131057,73.46772607273532,3131.3200976811186,135.7456087291596,3165.4531579260183
12.0,190.0,1508.3619026329013,32.262876991432336,3219.798916156237,62.735173346020815,3234.6433946314487
12.0,194.99999999999997,1525.5721007186164,27.560470357041766,3245.1802745183163,56.16741200270167,3258.7486559419926
12.0,200.0,1482.83543852529,55.763318110386365,3157.269533180441,104.01559860965153,3198.343517799614
12.0,204.99999999999997,1453.079708926927,26.097937362937046,3096.2254773644154,40.39987642439223,3157.0696605375047
12.0,210.00000000000003,1535.3329784404878,84.23287850337488,3242.601676826841,156.49838750568824,3270.829753938345
12.0,214.99999999999997,1605.4364761771706,166.74747172450566,3357.9999872676954,311.91816638760906,3363.4174006226112
12.0,219.99999999999997,1783.5537615026014,-100.7167826535524,3671.479674691852,-186.04359325000155,3610.03506766379
12.0,225.0,1737.5970960424806,-72.55613812318643,3590.590296760719,-141.39593184256614,3548.9489777825015
12.0,230.0,1725.3996245773365,-24.34644429708601,3571.430897440242,-47.68708768451461,3533.364027745069
12.0,235.00000000000003,1755.944302313589,3.199089061561949,3621.08567696898,9.254571827016889,3574.7772737557802
12.0,239.99999999999997,1758.6741365436526,35.45847804964387,3621.848647111904,70.3835164180557,3578.2168564543335
12.0,244.99999999999997,1749.7267290694695,56.32653387576772,3602.414473043753,108.71055576021217,3565.763309706346
12.0,250.00000000000003,1750.1183936270875,58.17471849092976,3602.368069409102,106.8364411198072,3566.250886094705
12.0,255.00000000000003,1716.454479247504,111.10664186103799,3542.0813182223083,205.56675513473283,3518.864487214456
12.0,260.0,1781.8769563031176,28.586762222611128,3655.8443526256297,54.39511924851536,3609.5557328581804
12.0,265.0,1883.4822395817089,39.23275909958775,3830.7837496700454,90.13082719536271,3745.2294002004273
12.0,270.0,1847.9847541429046,-14.855866587625906,3770.619439627288,-15.40363168829874,3698.209919070646
12.0,275.0,1924.4104522350956,35.14555641238576,3895.4605611001443,75.49313891266155,3799.52492450722
12.0,280.0,1936.7605349128787,-10.523749433652029,3905.8338404095257,-9.358657923738065,3816.031361283531
12.0,285.0,1909.9073406824552,-33.62728850974929,3857.256014548123,-49.590313955216516,3780.351080588243
12.0,290.0,1892.9271935899699,9.914070242335583,3826.934512370241,32.412325965126456,3758.020605778032
12.0,294.99999999999994,1903.9772864131512,-109.83638327359404,3845.9439849058667,-192.51599290033914,3770.614669889014
12.0,299.99999999999994,1852.5394614901065,-111.52106214282333,3768.7708361430605,-201.00361717032092,3702.091651412808
12.0,305.0,1869.5342171863886,-48.331628005747916,3803.1687360206306,-82.28748372723635,3726.543101804847
12.0,310.0,1818.7381560039353,-178.9811979143733,3725.01877989293,-332.304002804673,3653.2759409029327
12.0,315.0,1773.70318288652,-126.47207404490757,3665.8946374084317,-230.65624585303772,3595.6455310381784
12.0,320.0,1713.647477607131,-87.59382153677927,3573.3618749886255,-164.77384174363578,3515.994657290519
12.0,325.0,1678.0870268952237,-59.14007918432094,3516.2044107798547,-115.85823945924813,3468.450564658606
12.0,330.00000000000006,1638.4965162943126,-53.49700520893498,3447.466230275957,-108.4981915285939,3414.4328060310686
12.0,335.0,1568.9810642087018,-35.37310290436744,3323.1408660158872,-72.8026123930672,3318.9713670421224
12.0,340.0,1528.7444936582447,-80.58294296751336,3250.024528781674,-171.06634840706772,3261.785356810192
12.0,345.0,1439.4606220081048,-84.8039050253227,3099.9663647660204,-174.4771391718117,3136.099394016911
12.0,350.0,1428.4626010106135,-58.289475718560595,3088.7404899039834,-116.76582797471406,3121.5240157431263
12.0,355.0,1372.7309643118006,-60.4752398497281,2991.0255986115058,-127.63243922532604,3042.0264057614554
12.5,0.0,1234.6562147384466,38.027743366641516,2777.20716918401,75.47514008053622,2842.3288376656214
12.5,5.0,1203.7547792244973,29.296629272721503,2715.1312102781862,49.85586630613699,2796.920866371902
12.5,10.0,1224.512776199412,85.14796213637037,2761.5761548541914,169.4755363347992,2825.416458052955
12.5,14.999999999999998,1192.475199040128,62.02087872903434,2691.665472467915,119.35664127687346,2779.1375132454286
12.5,20.0,1240.9769327943939,65.01184105090499,2782.0665520092552,125.97586916216176,2850.6945054265752
12.5,25.0,1305.4193752138826,66.6771556669762,2899.3087795049305,126.87762954329969,2944.7526422246447
12.5,29.999999999999996,1291.30516306796,78.13399881469888,2862.5794075461836,153.61022970923,2923.7219324381535
12.5,35.0,1312.7901059505414,113.5991137083696,2893.2389434417755,229.63898433147892,2952.8647492051514
12.5,40.0,1312.360411013751,95.68051673066441,2881.3469325504675,187.22362656920836,2953.381546860485
12.5,45.0,1422.1109794676793,76.37276516565794,3085.7698213400554,144.5140662471042,3111.854085708056
12.5,50.0,1454.6728281600463,-13.995239693694089,3143.961425234367,-33.48890299744926,3159.444674845693
12.5,54.99999999999999,1505.518098517931,53.798354566224816,3234.264781656845,106.76900142507907,3230.205822425053
12.5,59.99999999999999,1558.4041117728382,33.32834278383234,3323.5713973440356,65.57512569430287,3304.3388506606984
12.5,65.0,1548.0593315432593,-15.016746498967791,3302.0751262271524,-35.64968311995153,3290.182805162793
12.5,70.0,1591.493313326254,6.143671683859736,3385.4744790681134,6.0112888961375575,3350.3838361404996
12.5,74.99999999999999,1589.7638998449538,38.65927079724338,3378.329926540606,65.98389940398226,3347.663994432662
12.5,80.0,1563.9490631819658,59.256345769874315,3349.800965788127,112.06950096274181,3311.4691473696525
12.5,85.0,1569.625286943677,4.667366783490365,3362.214352871862,13.133309660461919,3320.149753518242
12.5,90.0,1498.983085818094,63.21741357853889,3234.257561889972,129.45108576569672,3220.779124910481
12.5,95.0,1526.5637339390114,-47.193622798158316,3279.2945572709036,-90.65325049891823,3259.775438356524
12.5,100.0,1510.1279516327968,-45.106331217648005,3250.2238368281423,-88.55730826515355,3236.867846289473
12.5,105.00000000000001,1488.0654720438322,22.3396687436167,3213.867775135841,45.02389836465659,3206.347139371205
12.5,109.99999999999999,1452.806595230098,-23.875679501550735,3141.2012149852217,-42.1601389991697,3156.713306174101
12.5,115.0,1517.118727801977,16.698857359035514,3251.449227191041,47.12561251734428,3247.068785332813
12.5,119.99999999999999,1561.5466667693936,-14.522091078998756,3328.7143114917735,-17.289521977090317,3308.909490194679
12.5,125.00000000000001,1550.5974787205087,-71.99083212191363,3313.1362801442865,-135.5649114320106,3292.5358513536357
12.5,130.0,1589.6075281655208,-130.3967241640844,3388.7976790423145,-251.67560954034525,3343.926816510188
12.5,135.0,1550.119662881474,-55.48092994476292,3327.1793011522795,-107.05157456529628,3292.3695562805447
12.5,140.0,1510.185288491376,-47.88290510883485,3256.7087427206116,-90.5831993341908,3236.884349531317
12.5,145.0,1458.2448581835686,-9.167113579877991,3158.816035397328,-21.988449735052654,3164.511717742839
12.5,149.99999999999997,1542.4631106471938,104.72092528289181,3314.6107522972316,194.57312173864898,3279.843338624217
12.5,155.0,1433.7146143925575,-13.143422334325805,3125.6709163133764,-36.66049678859713,3129.8302842479998
12.5,160.0,1449.323490883181,19.424237397603065,3159.714481593374,30.77925048727684,3151.846686954358
12.5,165.00000000000003,1443.1825090519837,8.63887091376256,3150.0604935319852,8.586058604225059,3143.25045803929
12.5,170.0,1390.528093777417,13.34367974324843,3042.9273915004023,20.21270876965582,3068.451920104974
12.5,175.0,1424.131076400917,29.813818315513416,3108.389961778875,48.451448554474496,3116.0566712106784
12.5,180.0,1420.6091073467687,41.300516339586295,3100.194313094049,72.58958363281597,3110.8380325719854
12.5,185.0,1478.0824850474216,16.53431286769691,3210.303734015611,30.586075987702685,3192.3864572614766
12.5,190.0,1465.5650334675313,29.069767147327553,3184.738944671617,60.848617451600205,3174.6294415036573
12.5,194.99999999999997,1430.412727865443,89.4823248453335,3114.605380958133,180.10870539093344,3123.0555583817736
12.5,200.0,1404.2135120561707,22.85961854982503,3049.8624543902806,38.869181989741264,3087.857212031787
12.5,204.99999999999997,1533.5071800416501,5.305887959362849,3301.5896458642733,4.827316681137972,3269.985011886814
12.5,210.00000000000003,1517.7438129671937,44.29449892327659,3250.3711110211516,85.56714022569804,3247.5294635150476
12.5,214.99999999999997,1620.4652709171587,47.72626386220827,3429.173241470874,101.82934068311783,3389.7977592209777
12.5,219.99999999999997,1665.3906221649013,-45.501018023293796,3510.124094301306,-89.59604756631211,3451.418547282975
12.5,225.0,1665.5207150947438,-73.30227249556822,3514.3247557998,-142.8043143487207,3450.896617513191
12.5,230.0,1668.5715179160084,-24.186880372121436,3522.1255380074995,-47.63357942485027,3456.0775495910216
12.5,235.00000000000003,1659.5923034464245,-9.176061801336232,3504.119166816851,-12.23291856052333,3443.917006212227
12.5,239.99999999999997,1620.5853730811662,37.35705657541507,3432.6763184646984,74.42027113091831,3390.1580511762877
12.5,244.99999999999997,1584.0085296156424,55.500378486883164,3367.3632520865262,105.02850430817216,3339.3482381232734
12.5,250.00000000000003,1584.8364492839653,61.79376334867658,3366.9318459787614,116.22685167436566,3340.3240603312224
12.5,255.00000000000003,1637.9697288422637,85.07938661904979,3456.143827867363,159.92428626958736,3412.759483013275
12.5,260.0,1769.9544029267975,-25.933782371763073,3688.2471477638846,-44.4470049347517,3593.536153032444
12.5,265.0,1796.779836211914,60.58531075924944,3727.6188011992035,128.08226213809138,3629.0428443287515
12.5,270.0,1767.7702631799405,-2.2958708407746755,3682.7606120673227,7.698423835540533,3590.722823405708
12.5,275.0,1755.4719740852308,11.446964629273253,3670.805494566198,34.23505475574666,3574.1163185233677
12.5,280.0,1708.673929775697,1.233832035020555,3584.0185002558705,13.292438891736765,3510.7989365882877
12.5,285.0,1701.1031042349355,-31.28789288513434,3564.270524572096,-46.168588624712356,3500.313737838561
12.5,290.0,1700.4077927592577,-17.311826620982174,3557.6666830418935,-16.00504582473718,3499.5080737639455
12.5,294.99999999999994,1713.85051194785,-62.81220462337717,3583.4865488864934,-116.16070452512622,3517.0251172957032
12.5,299.99999999999994,1648.2668050154082,-105.09814309076137,3479.2056302263313,-197.2018005302357,3426.065483237648
12.5,305.0,1648.827519846549,-78.90183126027387,3483.608818574454,-138.66431036549352,3427.8691153376762
12.5,310.0,1642.0975500012362,-150.55299140542218,3482.569254734612,-289.17466308212124,3415.1008291393036
12.5,315.0,1578.9246340519117,-91.35798770409565,3379.6374505254325,-172.57820190374878,3331.1057684580774
12.5,320.0,1538.304426328451,-54.47469519109734,3316.2202344489483,-108.32926831360624,3275.959101086909
12.5,325.0,1527.1839746081023,-47.41988025100352,3298.0225912636306,-95.3377254397517,3260.6353353729314
12.5,330.00000000000006,1504.3240088795383,-28.991266868651792,3258.114216129253,-63.31091870205637,3229.043955079947
12.5,335.0,1460.8705360437461,1.283221053625084,3180.8419107693817,-4.2220784789972186,3168.234305873553
12.5,340.0,1402.1850991474864,-46.93779302137443,3073.560909625665,-107.67535452386176,3084.504718967217
12.5,345.0,1382.2608312929417,-93.13223777756735,3032.5194464850406,-192.6674119584909,3054.250532991979
12.5,350.0,1330.7810125770607,-21.46695549423319,2953.0129654237794,-49.86568315435932,2982.659782690219
12.5,355.0,1286.9371293672039,-42.28381838590175,2873.6114256692395,-94.83046092399826,2918.7200679995217
13.0,0.0,1186.7820307382426,-1.5538096135715023,2718.645208680384,-13.198366112505028,2772.046834530235
13.0,5.0,1143.5761834625655,27.213185093952973,2634.830776252099,41.697968194736404,2707.2487134198004
13.0,10.0,1161.1862040458539,61.973296074834224,2677.284763017669,125.43512864261686,2732.483725178305
13.0,14.999999999999998,1207.5642175915816,19.891448527553052,2764.4211464714854,30.254704201584218,2802.720700242197
13.0,20.0,1174.671563938471,51.835817918801524,2685.575396868346,110.99661061828749,2753.0513283487658
13.0,25.0,1207.2172454413662,49.34681638837759,2749.696149002647,95.73700893592866,2801.497007612536
13.0,29.999999999999996,1205.233959784135,64.43704780601331,2737.6997062460646,127.68498691633272,2797.9617604597765
13.0,35.0,1236.9221071274699,116.25757122215475,2792.553656455203,240.32576799806316,2841.631813703986
13.0,40.0,1245.0880666576463,85.37667639806148,2801.3114718073457,169.90993686216234,2855.7231064561133
13.0,45.0,1317.2111196680235,59.447624392059765,2942.328610209939,111.42111383221231,2962.122046007303
13.0,50.0,1365.75700318482,-35.335099495863915,3034.386368348318,-71.23197680769658,3032.7240856571784
13.0,54.99999999999999,1407.2623748491674,16.931002200658327,3107.382128115475,38.26689158573049,3092.260357394015
13.0,59.99999999999999,1409.687917793584,24.040576644925068,3105.6385836410154,50.01373880530468,3095.6298152371974
13.0,65.0,1416.5828745704337,-35.343113182131674,3115.9297827938917,-74.00364038401472,3105.245041967853
13.0,70.0,1426.6085016586233,1.1475474981615434,3139.759219394867,-4.146914646904406,3119.8091626519104
13.0,74.99999999999999,1431.3353709669652,12.082456574378114,3146.232715982942,13.995440380101286,3126.4681283099944
13.0,80.0,1499.286246899388,39.7067938814711,3279.8318004262937,74.16987578766418,3221.8072915312864
13.0,85.0,1484.9403720221358,60.36633647948966,3258.1996430025374,117.75515288425635,3201.1651334528974
13.0,90.0,1480.6524657984555,91.48824687888546,3245.182196911199,186.38073108890583,3193.9411544678505
13.0,95.0,1348.329053256809,-71.99720789954671,3005.58985890904,-139.7471035637547,3006.5465306472956
13.0,100.0,1407.799693149421,-39.317022500276266,3111.4543227970585,-76.6024370114427,3092.6782784308707
13.0,105.00000000000001,1415.2685929644153,-39.469262619016206,3123.2866837335087,-70.58372205992566,3103.2938460491405
13.0,109.99999999999999,1437.5547201507482,-52.28506968717278,3159.631621954775,-94.45765351177727,3134.583664087844
13.0,115.0,1472.476713884117,16.51441462043249,3221.2525379923654,50.793642199952274,3184.5051118674005
13.0,119.99999999999999,1439.8777002128365,-20.948411522059246,3159.5082424426164,-30.259869817822846,3138.48092874811
13.0,125.00000000000001,1430.7636825926058,-83.73418210350167,3146.9481971286223,-161.1617933982809,3123.8195427522205
13.0,130.0,1412.5745680007149,-79.28224161142884,3119.7027877329806,-158.66121591271303,3098.174063170851
13.0,135.0,1405.2132972131349,-48.22104575860601,3110.5619789086068,-94.69322145132537,3088.78296285297
13.0,140.0,1370.1512845433363,7.451475153080992,3052.6128235580936,14.452115506154541,3039.3627387454
13.0,145.0,1316.2464651360965,1.2943200817089746,2949.4233992423087,-1.6308994126070502,2961.8025687341124
13.0,149.99999999999997,1332.6088936584645,-10.510621436102042,2980.405690994008,-31.871805388976327,2985.4012122209633
13.0,155.0,1363.3566979246307,-5.504148009332198,3045.7990053170793,-21.096428757435888,3029.634751709778
13.0,160.0,1341.6391563906925,-2.605250359764341,3005.934597075824,-9.999977066445695,2998.4425246954133
13.0,165.00000000000003,1343.049544860728,15.669512379413732,3006.3563996735807,21.766625260763362,3000.4018687592843
13.0,170.0,1370.1742327330849,-14.519624652699775,3049.884055053047,-36.82224435589956,3039.3510380067
13.0,175.0,1339.4945292735981,42.6306455298361,2993.922534683282,76.2992754543535,2994.8170010254585
13.0,180.0,1354.7519620768799,15.141843262732271,3018.6831918235657,23.57120102985536,3017.230299209525
13.0,185.0,1411.979285116907,7.836053593057386,3133.8837265164407,10.231218845173487,3099.0287677254078
13.0,190.0,1391.729331446075,62.15540315139552,3089.7371497109584,124.69440678801101,3069.134476680827
13.0,194.99999999999997,1383.375867039942,88.82592350850547,3071.185836955127,179.44935220706418,3056.066831310441
13.0,200.0,1070.6572270222953,-100.4366385016304,2489.457650260656,-210.45723916933605,2592.922119417104
13.0,204.99999999999997,1469.8447282161362,-2.510240014795727,3217.623315530317,1.315300493406994,3180.8706987132664
13.0,210.00000000000003,1494.0044971081486,-55.78237276631967,3251.477841708659,-104.94117387416236,3214.0206404220235
13.0,214.99999999999997,1557.927211100995,-21.454283850754905,3371.26430088229,-27.904780996182808,3303.8300703527048
13.0,219.99999999999997,1567.2829275026224,-24.690666328476482,3385.631595467965,-47.607221347295535,3316.767928127075
13.0,225.0,1553.7979004408558,-24.692432306757837,3363.195241122362,-54.335104074781384,3298.063132601281
13.0,230.0,1553.5874290847014,-35.57832534630131,3367.83409918921,-69.55492028000208,3297.6158973884103
13.0,235.00000000000003,1521.9410186814994,9.887661676519656,3312.2934701493095,22.03738182838356,3253.8444186984893
13.0,239.99999999999997,1465.9167304208277,46.478812754372484,3205.3293449429198,88.15329284320023,3174.7850021157215
13.0,244.99999999999997,1460.3701716353926,64.97299081040433,3194.6740927157625,120.5307664258678,3166.4330479757195
13.0,250.00000000000003,1480.2988831001537,64.95574800093516,3233.934528594753,127.4447471188173,3194.4969905879
13.0,255.00000000000003,1539.1042905131892,42.90356324950989,3335.741403831032,88.78980377575954,3277.3426271642065
13.0,260.0,1590.2828586406379,-6.2692844973788056,3432.4853063889095,-6.489132563402222,3348.7123278280083
13.0,265.0,1576.8591391800128,30.506925545747293,3409.4210405014273,70.11475758374621,3329.953414571197
13.0,270.0,1589.5826326063398,-9.846309653388275,3433.8686431395035,-8.557401483972136,3347.7323091792196
13.0,275.0,1576.6852767518965,4.755112754932469,3409.2687383819493,21.589444156909337,3329.922552260633
13.0,280.0,1570.820086837608,-13.083391716711049,3399.028567416837,-9.472837356397577,3321.76971575511
13.0,285.0,1534.1997618377197,-20.45522887857004,3324.451931175638,-26.784523902475257,3270.85552802177
13.0,290.0,1511.0867195593746,-5.9646309358244025,3282.2776337792707,3.398113439034887,3238.701404856671
13.0,294.99999999999994,1491.0981918071468,-55.43160973629642,3247.4667592285477,-107.1234804187402,3209.9537255120795
13.0,299.99999999999994,1536.220308184188,-101.66898244600634,3334.2032737489767,-192.8502713511043,3271.2907952450305
13.0,305.0,1482.5488754313524,-43.169448806128116,3241.427932749699,-75.16954925450591,3198.25701808836
13.0,310.0,1465.8514800195576,-122.64035503298032,3220.72303927022,-241.29868351998334,3171.379477914877
13.0,315.0,1432.6705818112598,-59.12373586740182,3165.983847940474,-116.58444510907361,3127.4628493850737
13.0,320.0,1395.5107191187176,-63.8961756499574,3102.3789555039684,-131.06968698560513,3074.469460434946
13.0,325.0,1352.0379465018805,-38.21947946167063,3025.4813604227043,-80.18851320586782,3012.971353083383
13.0,330.00000000000006,1333.4003908204954,-2.2113325218218733,2995.62161274555,-11.612483393691946,2986.5740697020706
13.0,335.0,1361.3326052194575,2.43793419718736,3044.2067279390994,-3.4493634990171813,3026.739347810231
13.0,340.0,1358.2773103614416,-31.70639515210854,3032.1937910750044,-76.5492447843967,3022.065588524405
13.0,345.0,1303.9540244679704,-19.736554238759652,2941.198116842568,-56.16707743849463,2943.879952491435
13.0,350.0,1267.139571879395,0.6765617059112969,2877.1741471298183,-10.68025244903231,2890.4240143613533
13.0,355.0,1202.6638618317506,-15.584191193184367,2750.5697576615694,-42.369498930020484,2795.521021070018
13.5,0.0,1097.4318127528823,7.821175862722157,2583.830299318506,4.878288990785222,2637.871439774958
13.5,5.0,1091.5415223550915,0.18428703548836722,2575.1194606253202,-17.540392980902823,2628.951001077637
13.5,10.0,1132.8803575380177,56.634802578769154,2657.88814335298,111.83899838569153,2690.226104374715
13.5,14.999999999999998,1150.443888755461,21.963476283602404,2696.425226031058,34.422557475481085,2717.6464777138635
13.5,20.0,1102.693271666428,77.88531858753123,2591.019759324416,165.72923688680805,2643.451608694695
13.5,25.0,1156.6863511390843,39.45378464902086,2696.9340283680785,81.92061755317184,2726.5947568812617
13.5,29.999999999999996,1163.3579079530446,54.4099317968637,2701.318855936533,109.71781040301653,2736.056747140656
13.5,35.0,1170.2300287063608,127.39638953570255,2710.644269290035,264.6516988400547,2741.512850776658
13.5,40.0,1176.0316696073012,53.23934051667311,2723.8729692695524,107.58335971544875,2755.02592891637
13.5,45.0,1315.2429859100166,-51.15049834413105,2984.831952460828,-104.67062505984813,2959.552466705677
13.5,50.0,1353.6459507389127,-1.2892853049354471,3046.567499546261,-1.866984241542923,3015.7083985264867
13.5,54.99999999999999,1368.416178602124,-7.134115729464611,3070.628846075412,-7.201600695054822,3036.8791671865692
13.5,59.99999999999999,1376.5523477015633,28.377530249404458,3082.797218887191,60.30402489246353,3048.3095263970345
13.5,65.0,1341.8872798625482,-32.94241141123524,3023.9100011653504,-73.84323390239706,2998.4802309211213
13.5,70.0,1327.7614825452247,-0.9176861500929476,2998.6301403297157,-8.632273380888705,2978.4409743766064
13.5,74.99999999999999,1214.6576004483734,18.7948725697766,2789.8279303917625,26.516807350385648,2813.220913108483
13.5,80.0,1355.621863727557,4.183781913724943,3068.9518329394127,4.562360691158688,3018.5411910978287
13.5,85.0,1392.7013169428808,55.72748436849203,3132.1428613272556,111.55050879238689,3070.733411832716
13.5,90.0,1367.3521622983171,84.76461335862396,3077.5996478128764,178.61971033826902,3033.306227601454
13.5,95.0,1455.7271326919376,-25.52624258592958,3238.723961945356,-55.60522572867063,3160.812879282946
13.5,100.0,1371.7258304599723,-41.460678320329095,3083.057265196464,-78.65568744774112,3041.1407747292005
13.5,105.00000000000001,1348.1083744750217,-25.04790522449224,3040.0745893999874,-42.46717150252334,3007.5667731442563
13.5,109.99999999999999,1350.323757566021,-30.112676923048753,3043.3377288264605,-47.11832292421798,3010.669802121456
13.5,115.0,1335.4647347145303,-9.631673570903843,3014.8234713353763,-3.9720717458894796,2989.523533961277
13.5,119.99999999999999,1274.3124480338358,-44.072134441498065,2904.3076602325445,-79.50431312152386,2900.271206827892
13.5,125.00000000000001,1313.9895975331688,-76.28504976004149,2979.370807820683,-152.39332230035257,2956.760265348368
13.5,130.0,1288.1300945503635,-64.40907131020697,2934.6497617072955,-131.39491445192698,2919.7129378753516
13.5,135.0,1256.689191532611,-31.202430802489175,2877.6774020529606,-63.925013320365906,2874.823720205957
13.5,140.0,1253.4647171753488,16.14070729362345,2872.408615055485,31.73375722990545,2870.335324745187
13.5,145.0,1249.370930662255,-34.4927016387461,2859.2565467771146,-79.77844977074778,2864.0284343914454
13.5,149.99999999999997,1197.4541818102887,-45.534901471919454,2772.4354195621827,-105.87603722845347,2787.155948604224
13.5,155.0,1261.3654486642176,-1.3710069776504952,2899.4508110783336,-12.720122910024202,2881.984224411491
13.5,160.0,1278.0070028678344,3.752841145422508,2932.93097712331,1.525834293986577,2906.2763437496506
13.5,165.00000000000003,1277.4095465519836,-11.578586113006168,2918.244311701826,-32.56779482468937,2905.3671423031046
13.5,170.0,1265.5635036586893,9.45913801513774,2897.9692761662614,12.545990738508465,2888.0925893838835
13.5,175.0,1279.8059310769754,11.10357187381841,2927.213306523002,13.568649010504089,2908.86299724807
13.5,180.0,1336.891770012262,-8.006696630298556,3042.7821875975023,-28.14307191758454,2991.588472210056
13.5,185.0,1352.8661318530956,-13.061992962457722,3072.040939542958,-31.336082800727866,3014.5388490095943
13.5,190.0,1340.3474497985567,13.987090761793723,3036.003599801812,29.75501170299276,2996.526815643543
13.5,194.99999999999997,1362.4210520992406,59.544395592929845,3069.0215671778246,120.12796807774282,3027.276835473593
13.5,200.0,1634.539011689944,-40.20972836490614,3549.8744065050664,-72.67001683234616,3409.2747909716863
13.5,204.99999999999997,1412.496923456913,-7.9682729388315465,3150.897285763817,-10.478284055352105,3099.763821523335
13.5,210.00000000000003,1443.8635357457533,-77.99933905874605,3205.051538696561,-149.77116755144903,3142.625509871054
13.5,214.99999999999997,1439.5291764407575,-9.101169374609867,3198.598076562214,-8.21378819445772,3138.082603679677
13.5,219.99999999999997,1434.3394748905039,-16.96840575218755,3193.1205738757253,-30.0909558255546,3130.6841495642143
13.5,225.0,1460.5501105381827,-41.35720280885073,3241.1815571441084,-86.5118151831648,3167.3386360863224
13.5,230.0,1442.8058886806064,-11.843363175248555,3214.50315368884,-27.698138650354167,3142.70068959872
13.5,235.00000000000003,1387.0220349684057,34.567258471789955,3114.9430951568024,66.50579160947086,3063.16218958193
13.5,239.99999999999997,1341.8318815528605,41.85317628887435,3017.662182051401,82.52603166457038,2998.203142095029
13.5,244.99999999999997,1466.2253324175292,79.23289598583892,3254.1465218606922,147.28715809283403,3174.158099193149
13.5,250.00000000000003,1436.7382813842876,49.77145966215909,3200.1921753221577,101.22279152642966,3133.4961057200367
13.5,255.00000000000003,1442.1858319384821,16.830747991179635,3209.3066382820516,37.54718152302553,3141.7861979358167
13.5,260.0,1459.3846032131664,1.953777652190837,3250.1759365208954,6.837812028055737,3166.1393943790217
13.5,265.0,1434.8033068366542,43.424493315485094,3209.2164025802517,93.03391106920344,3130.914046913138
13.5,270.0,1486.5690689053517,-21.74740836905381,3304.968500771931,-28.127447978309206,3204.2539350173847
13.5,275.0,1475.0561779419409,18.497363855225217,3280.687892862649,47.97288509181399,3188.1148795213307
13.5,280.0,1452.8183532527237,15.874454660647189,3235.3456032546615,42.50690251324909,3156.8132608124397
13.5,285.0,1389.6444551692705,-22.800062305202857,3114.172518270722,-35.22327776595307,3067.095225632373
13.5,290.0,1364.1300101716831,7.911316577821765,3067.368646655822,27.37179216789673,3030.734031563329
13.5,294.99999999999994,1382.0000467016132,-70.25506475827797,3103.8896770385136,-136.64112376343792,3054.9309547720018
13.5,299.99999999999994,1370.751573263753,-69.55908224928942,3087.081573843204,-130.5529410988488,3038.852866425606
13.5,305.0,1355.1078546708184,-33.66622174976976,3056.826683724189,-58.46775846193168,3017.4775659522174
13.5,310.0,1324.9793639320242,-95.03568300997392,3008.506475042068,-190.73149289855064,2971.704226625435
13.5,315.0,1282.2648329601518,-52.60137028055942,2929.0241903417827,-105.14537921865008,2911.605454429852
13.5,320.0,1271.992502217742,-62.798558676549874,2914.2204370218715,-134.25225196775864,2896.242286098996
13.5,325.0,1251.9521377304109,-12.416374239815582,2882.31370359627,-31.131157942754044,2868.154216420855
13.5,330.00000000000006,1225.8132783003362,-11.521591253200882,2831.4406335082663,-31.078949097771783,2829.7538439572713
13.5,335.0,1219.3958094428147,-1.595655248432081,2821.104106151844,-7.8817920943236,2820.3363744532344
13.5,340.0,1215.080110075199,-29.660260697399906,2810.343724117344,-74.33461828064412,2813.663266784633
13.5,345.0,1217.4581826921722,-20.43800640156644,2819.9795649429534,-63.74884410638276,2817.334109186193
13.5,350.0,1166.3738458940793,-4.426807100960929,2724.3851000466616,-22.70128247241047,2741.644760119932
13.5,355.0,1157.6528336978938,32.34096867792685,2706.3705039413817,58.99753067596939,2728.2310624556826
14.0,0.0,1021.4556053534252,52.40326151895715,2465.938588447032,100.83198986030038,2520.2388197436367
14.0,5.0,1099.0140651811973,5.351869213228781,2632.2393795195153,-5.239441828807827,2640.285213932658
14.0,10.0,1087.2897100814664,47.80082573061648,2603.7867425124314,95.71178051341985,2621.5513117034625
14.0,14.999999999999998,1103.2564676513343,16.679510800031892,2636.7012026520238,22.241326728731792,2646.617355838237
14.0,20.0,1062.0121821894413,47.4869719974173,2548.8746975245203,98.3739136393242,2582.950244142192
14.0,25.0,1101.589887220283,36.738270913932354,2623.186318349542,79.91618901181346,2643.6614049658124
14.0,29.999999999999996,1125.600373345796,56.97596091723727,2672.9017199542595,116.51808576190047,2679.236481640885
14.0,35.0,1118.079452929865,88.17090216663257,2649.078920239863,184.96501258335593,2666.111484105452
14.0,40.0,1237.1739484376112,-7.3662959310748874,2878.263169262056,-11.033268479895924,2846.499123487678
14.0,45.0,1323.0720861564623,-47.126182058477866,3031.078303044288,-89.50289413192263,2970.9978447973645
14.0,50.0,1367.0690412466938,-6.32266338348677,3105.7671743614233,-6.090059067304537,3034.952487321067
14.0,54.99999999999999,1319.5121753071362,2.8456959953261958,3013.7070528436807,10.861201704594805,2966.523023947317
14.0,59.99999999999999,1294.3423110912347,24.844328853836487,2968.5275048419335,52.36467207981218,2929.857187350128
14.0,65.0,1272.7665071783224,-0.29696972316673964,2929.8983604172813,-12.801851415191322,2898.6387675334076
14.0,70.0,1222.2085953205576,18.13492307964384,2836.4833797326746,28.373043794861587,2824.3734539090065
14.0,74.99999999999999,1331.8430722793794,-40.064257432710576,3051.383797944486,-97.42042730592766,2983.848983716067
14.0,80.0,1276.5112257427681,8.962395811042313,2961.348810031346,12.803771527328252,2904.074718176631
14.0,85.0,1284.1645019421671,16.137480816956625,2975.1215873240844,35.26533999472235,2915.167235864035
14.0,90.0,1294.8761253358243,48.05056794182739,2989.434008231103,107.78623830726774,2930.1037273187767
14.0,95.0,1314.336527003569,-18.11440634058033,3021.9330186775956,-40.208522554717774,2958.9394261346843
14.0,100.0,1288.1531604543857,-16.45893837640358,2974.252569633724,-36.55480016273805,2920.9682630633565
14.0,105.00000000000001,1289.2779300282596,-16.432613398048602,2973.2840138434576,-25.26785136671606,2922.604479135649
14.0,109.99999999999999,1243.3279226844309,-1.3650564218793875,2885.911111896004,10.532606116161446,2855.556130425031
14.0,115.0,1223.7391309066115,5.666621528970211,2847.222481853044,26.05518991781878,2826.7314274386217
14.0,119.99999999999999,1241.7031090258638,-39.95772889009481,2882.7232049565355,-75.79461212163642,2852.6383812851795
14.0,125.00000000000001,1197.7246241467722,-99.14063527413043,2802.2720600410453,-201.0182988516533,2784.8337118572176
14.0,130.0,1186.9401637214619,-69.86971743663173,2781.9361616319093,-146.41670806806064,2770.539071929625
14.0,135.0,1181.6104295330192,-29.84441741365424,2768.71917545845,-58.86441953959002,2764.0374774292845
14.0,140.0,1199.2411607330578,24.35790003524221,2807.366266961996,50.940626311788265,2790.327097530872
14.0,145.0,1152.7682588171338,-30.227327737490896,2713.342803528558,-77.99736987261463,2720.9673970761473
14.0,149.99999999999997,1200.6899615317707,-46.768729170497465,2813.7189187876324,-107.92452069748424,2791.9142156302946
14.0,155.0,1187.7246568650871,-21.702915652667855,2795.9261906419592,-60.48712533167577,2773.2798771707535
14.0,160.0,1212.485224373097,-2.7656035867223068,2852.79618854364,-8.337378636419885,2810.131129234037
14.0,165.00000000000003,1178.3125778818735,-8.222530312649099,2773.4982115063654,-30.36558633616619,2759.4258924948645
14.0,170.0,1189.24284673752,41.57946215798253,2793.8120797030074,80.53668822408662,2775.0868839992154
14.0,175.0,1201.3362415822662,-28.04843207707522,2812.6272947730736,-68.51312427808239,2793.363684095717
14.0,180.0,1255.033380650013,-56.83879915438608,2923.745347637705,-123.97091010455951,2871.6585641772135
14.0,185.0,1272.0962370347895,-31.359902835741266,2959.6667489275283,-66.76919265145824,2897.344465167592
14.0,190.0,1266.7364666387393,4.378313052380321,2941.6668089581954,12.419298237031683,2889.8291086420727
14.0,194.99999999999997,1292.2615227149686,18.949094194455427,2979.5532570151686,47.95266112963361,2926.9142897576617
14.0,200.0,1383.1525436501934,12.063253301708016,3158.195550484928,31.83403288130671,3057.9317646546606
14.0,204.99999999999997,1341.3057693776657,6.470775057246442,3055.2644978787084,20.967782099230362,2997.9521927344636
14.0,210.00000000000003,1362.1134576785803,-51.695420803202296,3100.5301949100267,-96.55104701993787,3027.087706340064
14.0,214.99999999999997,1357.0578020552932,-9.44901608059331,3093.934985654199,-12.149656326209652,3020.581648008083
14.0,219.99999999999997,1349.9143850195028,-22.629837995608682,3082.607476724932,-42.391804811842576,3010.1971518258183
14.0,225.0,1321.9218811724904,-46.84340924738956,3031.456479559515,-97.06863311070742,2969.3432089141634
14.0,230.0,1318.9502300217077,8.225666073600223,3029.705647435011,9.88759354423155,2965.692503025784
14.0,235.00000000000003,1328.6265900713784,40.460450200980404,3046.170350431692,75.74799987904817,2979.1974164045964
14.0,239.99999999999997,1216.8414246042373,52.15153023430571,2830.5124340325683,104.37482471143403,2815.631556593764
14.0,244.99999999999997,1326.6017677283173,23.217184936119963,3042.2694603600157,43.989551427173865,2976.604658763486
14.0,250.00000000000003,1363.7219852851429,54.095765091655664,3112.6410813758134,108.47295137300682,3029.3221470865547
14.0,255.00000000000003,1359.5134370788485,-10.035912035335343,3106.795657006598,-14.649695821216824,3024.102299297142
14.0,260.0,1349.8399513173897,-3.6529357673673246,3092.403348281254,-4.315394286818332,3010.2365972518146
14.0,265.0,1379.767594471249,18.962491108108907,3149.4949791247604,47.63564450286884,3053.033973294619
14.0,270.0,1347.9166007834283,4.476798312054696,3092.2507979539764,15.299820980719428,3007.469711775014
14.0,275.0,1354.845375305381,5.548705580467967,3104.755380929794,19.554700285985064,3017.4223943229035
14.0,280.0,1365.356870891682,11.567461627896137,3117.3485465137396,32.30215325891709,3032.471984084089
14.0,285.0,1296.0277199869531,6.78395330947842,2984.8999736617775,27.120768075421324,2932.4841787331447
14.0,290.0,1270.893493877527,11.877762005423676,2938.0225991293873,35.40033462668964,2895.8600129144343
14.0,294.99999999999994,1277.3402888492296,-76.86124263680301,2954.906747664794,-152.5294288513967,2903.4245246153387
14.0,299.99999999999994,1262.2698115338717,-35.27490361348271,2925.6110728593753,-63.476393044602446,2882.902311899658
14.0,305.0,1229.6329274534794,-32.97836945443089,2868.168233086156,-60.60108155104626,2835.0559921354106
14.0,310.0,1214.2465130708179,-64.75295361456028,2843.2473251884226,-133.11118059976502,2811.2890866136017
14.0,315.0,1169.241136080996,-43.45467716148789,2755.9700451921863,-89.5015911003577,2745.2398539126802
14.0,320.0,1140.96410035893,-44.160695437019285,2706.923894049083,-101.39061117157485,2702.867020303201
14.0,325.0,1167.387501938689,-14.626067706092044,2758.911081899142,-34.8174305183436,2743.0864665262116
14.0,330.00000000000006,1171.1997082816245,-10.450710307084933,2766.960437891079,-28.434344127282202,2748.812319681588
14.0,335.0,1157.4372080388125,4.642635926868991,2737.055993816426,6.637978150169602,2728.2893517549837
14.0,340.0,1113.3455793505275,-19.17619528750197,2648.323571798759,-56.44456176630547,2661.8530252005476
14.0,345.0,1119.204201951596,-40.26622333661331,2667.0540084536547,-105.32840812095424,2670.213148707753
14.0,350.0,1147.3084525224617,-9.882134356041831,2720.655652315412,-37.24339803934629,2713.0911515507387
14.0,355.0,1088.5879312787622,55.96121986015487,2607.6028002562844,106.63767174581784,2623.182602342005
14.5,0.0,1077.6540373282041,73.44957969105963,2621.1548445843,148.4325572648595,2605.575645357764
14.5,5.0,1063.480531636455,-12.408431233658447,2589.2721234714054,-41.39293010291266,2586.0891494053735
14.5,10.0,1110.1522351275212,27.105673083879992,2679.847727366577,58.74786405565527,2656.8779608602044
14.5,14.999999999999998,1133.2629543739579,28.926610447532994,2712.4470075864488,55.82270117070266,2691.7116678014922
14.5,20.0,1202.431055982262,13.930837674706368,2855.8382401052454,27.514611126519526,2795.19337514542
14.5,25.0,1154.3528077457047,21.230128140066995,2754.771960288784,50.61703634599553,2723.5134223203695
14.5,29.999999999999996,1198.252405817466,47.61580325583225,2838.4298719461603,106.36975199840776,2788.2716817245077
14.5,35.0,1338.6638437121605,11.96671493409076,3094.3311621688317,36.96113984881731,2994.117760401131
14.5,40.0,1398.4737730684824,-1.2294884225894975,3198.5992829378683,7.8468673079876226,3079.828667184069
14.5,45.0,1345.2782851040665,-32.65876397916293,3098.087452412702,-60.65902988183666,3003.366549090265
14.5,50.0,1261.1567738250315,5.274979646123256,2946.5109943215507,16.32380430368903,2881.6705828773147
14.5,54.99999999999999,1216.6825866930508,12.802073838562364,2858.999099832726,31.506972514248673,2816.2765220705323
14.5,59.99999999999999,1215.436878201789,42.864459846718205,2853.6781796297914,88.17523349169142,2813.860127980844
14.5,65.0,1207.8119106753475,-0.5746711288791744,2839.862173566901,-14.737781521312627,2803.2248633601403
14.5,70.0,1179.2564737971356,29.509456237369534,2797.7442655838595,47.61200374096313,2760.5407793622608
14.5,74.99999999999999,1198.5073470059851,-79.56959215132724,2850.8530786861,-170.78595658898848,2787.222025490152
14.5,80.0,1213.6140234047916,5.182971961125048,2879.8641599460075,3.407235403022753,2811.7921977927963
14.5,85.0,1212.311021267306,13.505502292353725,2877.2879105327506,29.1058329896687,2809.813175347524
14.5,90.0,1229.333733310843,32.11834953547797,2902.202905810802,81.34513721711828,2834.6343447753006
14.5,95.0,1247.6233665327247,-23.481776610426422,2937.177980942831,-48.359683893916184,2861.6765445043625
14.5,100.0,1245.3641325159292,-17.591096543455848,2930.3930514951426,-38.45392107468979,2858.4422525147743
14.5,105.00000000000001,1194.9515367578563,-12.349048812217973,2834.8382533533522,-21.674452199367693,2784.1223422103376
14.5,109.99999999999999,1195.2730776091955,8.66586184236212,2833.578764500344,32.50197983908879,2784.6266904267773
14.5,115.0,1166.4953933698416,4.356813353143309,2772.588556964291,22.398879612866267,2741.826435121343
14.5,119.99999999999999,1167.0857749049742,-47.46081511211662,2779.0628646375812,-88.50193459937805,2741.888068725693
14.5,125.00000000000001,1164.2207732892145,-65.19038812314182,2767.133743839303,-131.46969782262636,2736.873028270698
14.5,130.0,1147.3024464392834,-73.26053771197189,2738.5906201518637,-155.32737127400947,2711.100106016687
14.5,135.0,1036.9635125144239,78.10636422398119,2515.2063398512187,173.25248415784836,2542.749388676184
14.5,140.0,1108.417875775767,7.606613277196971,2664.2003102297817,15.603046176663838,2654.522041486541
14.5,145.0,1127.4265008987854,-22.577301698623387,2701.127827929639,-61.93211952884667,2683.049333454108
14.5,149.99999999999997,1159.1981393878748,-19.64716167073402,2772.3496883572884,-49.10690910352173,2730.7877533496426
14.5,155.0,1146.5768520110328,-48.957017285695144,2748.8372729469575,-116.7276706669436,2711.127178586554
14.5,160.0,1152.8392148542184,-11.845790144007424,2761.8621960918263,-37.59310776384575,2721.363050557833
14.5,165.00000000000003,1052.8622274857605,-110.54326759476211,2575.9813209987237,-268.66064798238665,2564.658250040857
14.5,170.0,1166.3396081293406,16.539848512030716,2779.067583666507,36.75066941705438,2741.5002730407637
14.5,175.0,1204.2709646683686,-42.820915483548866,2854.863531341368,-103.16513281706355,2797.344161930746
14.5,180.0,1211.6991929825708,0.6578805692114081,2875.7582444859654,-6.799571658987031,2808.9720884607814
14.5,185.0,1216.4982630801776,-5.530862667194285,2890.146065280218,-14.577956754804035,2816.0503346991395
14.5,190.0,1216.9433166798262,5.98366140459521,2885.941113840788,17.586692763021404,2816.7055547479517
14.5,194.99999999999997,1258.1928846622463,-23.96564263849706,2955.035105206586,-34.126680475908756,2877.1557183749833
14.5,200.0,1251.7709481132597,4.208202618342568,2945.9474518344473,22.395254987209,2867.9337110198653
14.5,204.99999999999997,1268.502210008122,-22.50022349147804,2966.119750794447,-37.671802393547296,2892.25073714404
14.5,210.00000000000003,1243.2887046877179,-3.809629061403939,2916.9508000989517,0.9546848488553223,2855.494344844098
14.5,214.99999999999997,1245.379834159759,-19.02646509496958,2919.736480677583,-34.73383793861308,2858.4478249856274
14.5,219.99999999999997,1274.0404591079114,-16.366162064431705,2983.340842091733,-33.27097369600392,2900.4113324745877
14.5,225.0,1186.942905131748,-20.255745723126665,2814.9986693089504,-44.16184452204561,2772.1399122474004
14.5,230.0,1196.8990575684118,1.2170213450168603,2837.5814152691246,-4.465479676660834,2787.0639430925053
14.5,235.00000000000003,1196.3970278118231,35.71111723064678,2835.0277366868017,67.31492590616608,2785.8693944811307
14.5,239.99999999999997,1308.1657961207798,-0.9722163881201595,3014.01879828794,-13.365522267511778,2950.104793376964
14.5,244.99999999999997,1230.042610241553,8.307486359322468,2895.0094982238334,12.109230077451002,2836.0042451690697
14.5,250.00000000000003,1269.6652146625336,27.286612084996193,2978.9117265991617,53.415585674895965,2893.8722477565975
14.5,255.00000000000003,1267.2069774170168,14.56847909139077,2974.423949265431,30.497753562151843,2890.453930998259
14.5,260.0,1247.2202159177189,12.878885579491367,2937.37843316716,25.64410970956385,2861.2130044440764
14.5,265.0,1276.9334635223422,13.504583553328999,3003.862825087624,36.24745642237269,2904.6576598375386
14.5,270.0,1259.813015361677,14.471848887100357,2969.537283592254,31.272018388852363,2879.645734913805
14.5,275.0,1244.5610436503355,-3.167203643129028,2939.256567564966,3.289891712531727,2857.36330753597
14.5,280.0,1209.6526616204007,14.098067250895497,2873.4831897493827,32.644276761853746,2805.8779976076557
14.5,285.0,1241.595746775162,59.317000905972094,2925.471657682007,131.75122004882985,2851.8400812092536
14.5,290.0,1227.9185443232486,9.509837301041387,2894.5855333220297,33.73209784508549,2832.8694789163405
14.5,294.99999999999994,1220.7067593481638,-70.408185536144,2884.109285336005,-141.99818249317673,2820.575164197828
14.5,299.99999999999994,1151.4514895214652,-25.971399778710634,2752.291886902651,-44.27241427114723,2719.0842449815314
14.5,305.0,1171.114880267835,-48.73315448605126,2795.804206244136,-95.62427629034164,2747.858855047391
14.5,310.0,1139.0218086035156,-56.2376595752346,2731.7733382093347,-118.15262846904307,2699.486537531534
14.5,315.0,1082.8419308510838,-12.587522030594414,2622.5077902738103,-27.93756643897882,2615.650236389255
14.5,320.0,1074.1906006396748,-55.81929937394813,2610.0564841777523,-125.77609488757548,2601.2268498889343
14.5,325.0,1075.3932772848198,-20.069906724522923,2613.4780653610023,-44.539349276730036,2604.192392978666
14.5,330.00000000000006,1102.5671228280885,0.12757529059553008,2670.823247455914,-8.55361049191788,2645.684077398523
14.5,335.0,1073.2464475033614,34.43700449339303,2610.559424277272,70.68622668945159,2600.5881733452607
14.5,340.0,1040.325335352888,-23.347278440822834,2543.2527832460737,-67.86778288082223,2550.3670342877076
14.5,345.0,1072.489799635332,-49.36255866239338,2612.7613722801707,-134.14991318655825,2598.910215684171
14.5,350.0,1028.7784543199077,6.514083488193535,2524.5130541181434,-4.426429527201947,2532.778250877101
14.5,355.0,1046.5913906447981,35.67715849918645,2558.841455217361,62.299108223345286,2559.6947187081046
15.0,0.0,1074.2225393018743,44.77887474242016,2651.5103412841563,92.43132893723669,2601.737739405551
15.0,5.0,1103.7448780989585,4.552515841312427,2701.856990387556,-0.3591859829234352,2647.4605226589433
15.0,10.0,1093.5010629848841,14.49949329554471,2673.2305261202373,33.188358527897776,2631.8429274566975
15.0,14.999999999999998,1118.6953500201737,-28.717642635470497,2726.857559056977,-56.749128406917634,2669.756505548342
15.0,20.0,1206.9316540487223,29.45665798464796,2893.701150815387,64.17898391660106,2801.620259936854
15.0,25.0,1190.1184075613226,62.11821296784734,2843.352307668861,137.69573912945327,2775.63045479029
15.0,29.999999999999996,1229.9238151578998,74.00736003712643,2915.134684873563,168.80264440619908,2834.00084563966
15.0,35.0,1257.037613557648,2.577513613719134,2973.4061615912688,19.987092499792652,2875.650633246077
15.0,40.0,1270.0303508453085,-13.927048262470635,2996.1534700804777,-20.235997309509912,2894.5829580094487
15.0,45.0,1229.7798413127703,-6.818658063997987,2919.071834494286,-11.436499900909212,2835.6250521175657
15.0,50.0,1199.0946118347067,19.22723161403701,2864.2150585447016,41.44198707979672,2790.1886547090407
15.0,54.99999999999999,1147.9055103938538,33.74475616090854,2767.6846345576596,73.88886365188205,2713.5943000323787
15.0,59.99999999999999,1119.4146833670982,15.775338757798579,2704.964083066173,33.47533507276489,2671.0680706606454
15.0,65.0,1100.3239560870122,15.085972632030746,2671.876365211122,10.3385816394715,2642.1919192751066
15.0,70.0,1115.5530048012565,48.74538414864929,2703.697048986426,86.21056225871268,2664.3996466479766
15.0,74.99999999999999,1112.134675739823,-26.487939886342076,2708.4164056004656,-80.57585167796242,2659.890103769318
15.0,80.0,1130.3130574312727,-14.53472921496973,2758.5383695278756,-35.63965640935845,2687.5122731600404
15.0,85.0,1142.8963321962656,13.871536995025764,2782.255507909337,30.026260378538836,2706.435951540221
15.0,90.0,1177.4349641067856,47.968007213690655,2846.395552344962,108.19960793996853,2757.3106621557868
15.0,95.0,1113.0558354245434,-6.027818909458219,2719.0201516093043,-11.408383266209512,2661.54587801051
15.0,100.0,1137.8221749406168,-41.79185845404146,2765.9210485844264,-83.78184621166315,2698.2216888269786
15.0,105.00000000000001,1128.9139186094326,-10.718430603167121,2746.5149144131997,-22.239107344548756,2685.442698530851
15.0,109.99999999999999,1109.7153888329926,24.81053885430981,2706.354348518047,66.50652828024249,2656.2641617824806
15.0,115.0,1087.1285875903964,-0.8833960506099174,2655.6178522225146,11.778836496752206,2622.2405036894133
15.0,119.99999999999999,1114.963100484454,-34.59111741212655,2713.85584878405,-60.72354149756984,2663.9715714191725
15.0,125.00000000000001,1057.8563668479146,-41.52820618848898,2593.7452909504937,-81.56637748427238,2576.8038204815925
15.0,130.0,1067.0948007702814,-66.03277875475953,2615.821720672757,-142.17106343398768,2589.8503775707736
15.0,135.0,1075.6631937532115,24.894260208967466,2629.6836939153873,60.164419398196515,2604.514050137985
15.0,140.0,1062.631915438037,3.5169550066167403,2605.2820352413573,4.306688439349955,2584.8500994986657
15.0,145.0,1091.7570410731769,-37.46912102608076,2667.508404297076,-95.04821675573771,2628.7075899040988
15.0,149.99999999999997,1078.88301013005,3.528804289385562,2649.843663169258,3.5969820945279025,2609.6777016208334
15.0,155.0,1122.74980601002,-41.333005832922765,2735.514411095837,-100.4875564273799,2675.531983500132
15.0,160.0,1115.7009215618896,-20.443724380931087,2720.332602854412,-55.468008201650036,2665.3930470020455
15.0,165.00000000000003,1283.5379147694232,-81.4451938672556,3036.8414720503038,-194.71672526426414,2912.2378805367293
15.0,170.0,1102.3949782178813,3.590026776938231,2694.8980320583814,16.673928996372467,2645.418010290387
15.0,175.0,1116.4133817442757,-48.93854349609615,2727.342726358347,-118.89218949425116,2665.6930597398004
15.0,180.0,1146.7208270641493,-17.70301743158781,2786.143037376445,-44.135817759466555,2712.1285557048377
15.0,185.0,1179.2291741273332,-16.87452448366932,2852.022732687202,-34.38717968084242,2760.7119133714255
15.0,190.0,1197.031237411312,12.580075711867039,2880.753752807493,40.75306678612105,2787.2045271270836
15.0,194.99999999999997,1193.561600631409,-11.606191863025401,2875.4949220177236,-8.176908409834368,2782.066575478866
15.0,200.0,1186.6281437248654,-3.525818171978642,2857.432470593252,6.776905242779321,2771.8145710638705
15.0,204.99999999999997,1143.4001647896525,-31.84789706694903,2769.3304298889493,-59.72782369651122,2706.8808002438145
15.0,210.00000000000003,1172.4392326059337,-9.392280766648923,2824.9888465674953,-5.861182444555425,2750.668158381565
15.0,214.99999999999997,1130.3945628945537,-25.774911791102227,2735.0838520581556,-55.11696635556086,2687.4602460629876
15.0,219.99999999999997,1142.086419540504,-7.4347648433650875,2769.514341671853,-16.01480207491295,2705.272179986754
15.0,225.0,1121.5765568051816,-6.836573723971355,2725.4638405631895,-18.197809049029274,2674.409509271159
15.0,230.0,1085.6132911539473,-2.8460592927356174,2654.6589328438295,-14.23309082366336,2619.931666929708
15.0,235.00000000000003,1127.3439887656853,27.57282483830022,2736.5729058848688,54.879711781055676,2682.8280077327686
15.0,239.99999999999997,1182.4830048930357,5.310642736294369,2859.3428491077866,-2.1527374389891065,2765.6462292998826
15.0,244.99999999999997,1131.1657977458783,-28.117594031153487,2741.089265109178,-70.64890163458051,2688.572807881828
15.0,250.00000000000003,1186.2073172289504,-8.011892388065405,2858.3780887291464,-17.11832457381297,2771.1706358237984
15.0,255.00000000000003,1165.0772994923443,13.073767254617735,2819.466011808997,29.479326834868402,2739.6531985923943
15.0,260.0,1195.4416742625187,-9.458861241833517,2878.806095718084,-20.028813104552796,2784.871661954723
15.0,265.0,1199.7519411787396,12.498718532387016,2891.851676614115,32.17366980215749,2791.2379517867716
15.0,270.0,1205.7138206341263,3.9621901629180685,2904.327343185112,18.162082891205685,2800.1154921808
15.0,275.0,1192.213379150343,5.04537125919542,2874.2929647964916,16.41202929172823,2780.104622473794
15.0,280.0,1170.8885948670347,45.31538486248155,2826.346634555002,100.50371993041881,2747.638398068462
15.0,285.0,1195.7520005819558,44.77748907667251,2871.5515650535417,100.70845690071121,2784.6546184024855
15.0,290.0,1177.7795271794173,16.591473431004488,2835.1638458606576,47.5524343607874,2758.5570092443986
15.0,294.99999999999994,1170.6283233223821,-45.47600028622264,2823.591410792619,-93.66716536773743,2747.2446656045804
15.0,299.99999999999994,1134.288031513955,4.495056144845421,2754.433777783622,16.47911359563841,2693.567288509242
15.0,305.0,1134.6887595520388,-53.55406606108056,2757.0197105744037,-110.48333436882899,2693.0791319601813
15.0,310.0,1043.0499477697565,-45.87426908602396,2575.6720927390015,-100.39203958873168,2553.882554410867
15.0,315.0,1038.4192457745346,-20.024812743841096,2566.8261260803783,-47.78175390659044,2547.4936961901426
15.0,320.0,1067.2528931478455,-52.17676660586562,2626.8584559632613,-116.90807202114092,2590.780048535564
15.0,325.0,1035.3137055150903,-12.304700385764534,2563.750264085341,-31.0823057443954,2542.816363224867
15.0,330.00000000000006,1019.1494599098966,-14.81118923811647,2533.753717364047,-42.61388427288489,2517.8047773110247
15.0,335.0,1000.6038589621287,35.13261701386068,2495.6505450219743,72.45979567142228,2488.534660156688
15.0,340.0,1031.3344356280454,-19.157594399803543,2563.077389821749,-59.27195626181049,2536.581035855951
15.0,345.0,1006.2442882137913,-59.76666846259357,2510.140780234141,-153.8618238873333,2496.238165399601
15.0,350.0,1005.0003960013884,17.993872283805132,2506.674846610287,23.31081958560293,2495.7986596315127
15.0,355.0,1034.5146847918484,36.34947901288389,2567.082743272642,69.79415691313102,2541.0674247299253
