case,component,r_kpc,sigma_hi_msun_pc2,newton_gbar,log_extra_gbar,newton_plus_log_gbar,newton_radial_rms_deviation,log_radial_rms_deviation,newton_tangential_rms,log_tangential_rms
f4-stars-h0p1,stellar_luminosity,0.05,0.0006360803359544769,664.930766294096,44.56898169505877,709.4997479891547,29.691005229380234,2.933111749394077,314.8327408077052,50.17783185040835
f4-stars-h0p1,stellar_luminosity,0.07500000000000001,0.4588903190800062,657.583021071955,33.600758845141996,691.183779917097,98.80893562807046,15.125271504019723,236.1420808761282,36.63064611655086
f4-stars-h0p1,stellar_luminosity,0.1,2.094688421534939,697.6130234395678,59.44142166327951,757.0544451028472,150.00563603993666,21.674090143405838,333.01395151738336,43.641045495343924
f4-stars-h0p1,stellar_luminosity,0.125,3.865848533688738,731.3815393827981,86.55206851182263,817.9336078946208,228.5288465740049,28.274269221277187,404.5066904816336,48.53224268716684
f4-stars-h0p1,stellar_luminosity,0.15000000000000002,5.9581745446188705,827.6946924773771,117.99878942068118,945.6934818980583,299.41231166784655,34.64123212408085,426.3289598029423,50.49438999242686
f4-stars-h0p1,stellar_luminosity,0.17500000000000002,7.866329236173535,907.5014403819822,146.60057995408636,1054.1020203360686,295.55027855159614,35.7578774887923,414.15303522432504,51.30871508531355
f4-stars-h0p1,stellar_luminosity,0.2,9.163960930948774,971.6487137290065,171.94494046186193,1143.5936541908684,277.4141157931954,34.842495638538814,399.6231903797458,51.72854645188371
f4-stars-h0p1,stellar_luminosity,0.225,9.766231609762228,1032.0284774590339,194.190965649227,1226.2194431082607,251.0700389562542,34.43613609165635,404.442095310921,51.972955152823
f4-stars-h0p1,stellar_luminosity,0.25,9.660969029941546,1099.5639048378441,213.23046919044572,1312.79437402829,220.76379114335626,36.10719272450133,425.04143777406136,52.37487808869559
f4-stars-h0p1,stellar_luminosity,0.275,8.92802598848366,1183.8210399267357,229.04443313024993,1412.8654730569856,241.93818127970698,39.47481055838859,445.5140912092132,52.95951324879501
f4-stars-h0p1,stellar_luminosity,0.30000000000000004,7.889975485638246,1281.4640980017882,241.12155449587885,1522.585652497667,329.5897763478705,43.41085029507385,455.1915740083823,53.404604716199316
f4-stars-h0p1,stellar_luminosity,0.325,6.99590951853471,1391.1268445465707,249.41036069704617,1640.5372052436169,430.12007592779577,45.19855590660096,461.44376199946834,53.70124650690361
f4-stars-h0p1,stellar_luminosity,0.35000000000000003,6.715499746648848,1498.2690108589195,256.51682816573606,1754.7858390246556,474.4822901935512,42.496827117341866,472.5270072444229,53.58713636970608
f4-stars-h0p1,stellar_luminosity,0.375,6.868056236852643,1572.8231272931519,266.28483710259314,1839.107964395745,436.4826001405087,38.260383535954695,473.9261230947967,53.26208052950533
f4-stars-h0p1,stellar_luminosity,0.4,7.152240153944777,1599.791859426576,279.39752995446105,1879.189389381037,404.87173919529477,37.51237141528182,460.72383341954344,52.87382072182427
f4-stars-h0p1,stellar_luminosity,0.42500000000000004,7.232023535188846,1567.972588758073,291.94976476611663,1859.9223535241897,476.4653905035456,38.40420167487683,445.5575110569308,52.52559087993562
f4-stars-h0p1,stellar_luminosity,0.45,7.113979592560808,1524.4792840673251,303.71561235033613,1828.1948964176613,583.8679009123101,40.2338190677999,437.684108666178,51.96739956303032
f4-stars-h0p1,stellar_luminosity,0.47500000000000003,7.019522427963921,1534.6851537650264,315.0312636243987,1849.716417389425,595.5336667646079,42.209319773721866,447.7164343487974,52.404204402245746
f4-stars-h0p1,stellar_luminosity,0.5,6.872574167971091,1639.5960477355707,327.84451714184104,1967.4405648774118,522.3977404179979,44.27640941270326,467.6799189447548,54.01762498536535
f4-stars-h0p1,stellar_luminosity,0.525,6.675986047080754,1812.1702219972258,342.1372248988737,2154.3074468960995,512.8460579551303,46.84247093271375,483.6434781051238,55.54018658582979
f4-stars-h0p1,stellar_luminosity,0.55,6.667596096942934,2006.3295926402482,359.19231551682134,2365.5219081570694,618.2228668840798,51.723399580861624,492.93396197289235,56.16876090366405
f4-stars-h0p1,stellar_luminosity,0.5750000000000001,6.872236989869724,2151.660442681372,376.6903918610796,2528.3508345424516,699.7876038357051,57.27052717369687,503.3351043648202,55.91342025629542
f4-stars-h0p1,stellar_luminosity,0.6000000000000001,7.284292636245971,2231.8730346791276,393.2616169023713,2625.134651581499,703.4181177137853,62.26548446993709,522.1848800072236,55.656082581754525
f4-stars-h0p1,stellar_luminosity,0.625,7.697018078612889,2272.736575612315,407.30654648130127,2680.043122093616,691.4587173403498,65.21452044570668,547.6121143538288,57.25648545948292
f4-stars-h0p1,stellar_luminosity,0.65,7.945461603577614,2304.91167026893,419.3038041361276,2724.2154744050576,702.2750333850181,65.39864485739045,578.2949630032216,62.21151235474584
f4-stars-h0p1,stellar_luminosity,0.675,7.995415128871488,2327.00015626536,429.97005303816286,2756.970209303523,703.3082295029258,63.133817114982804,622.3224076321219,69.19167861278078
f4-stars-h0p1,stellar_luminosity,0.7000000000000001,7.859977177289059,2322.216230778609,438.3479090803546,2760.5641398589632,654.9897581834451,58.89512272276966,678.5957617033329,75.95569193708485
f4-stars-h0p1,stellar_luminosity,0.7250000000000001,7.636349595023047,2302.4077000717666,444.1320503827531,2746.53975045452,557.5994582340999,53.3428134240892,727.0643184644861,81.00235309351089
f4-stars-h0p1,stellar_luminosity,0.75,7.3214790457058525,2306.966295890171,449.67903148316907,2756.64532737334,470.8585473205483,48.04061167085689,747.2630383220368,83.90285277415057
f4-stars-h0p1,stellar_luminosity,0.775,7.312533646447179,2375.4838020107372,460.2713771924192,2835.7551792031563,471.7293906126061,47.88410158712893,731.7863680281424,83.70669577770458
f4-stars-h0p1,stellar_luminosity,0.8,7.645386643452507,2486.319055490494,475.28864087060947,2961.6076963611035,508.86366123216914,51.35337857667438,695.7411606909793,81.27790781842842
f4-stars-h0p1,stellar_luminosity,0.8250000000000001,7.9586540148087295,2578.204655687518,489.6190288466372,3067.8236845341553,508.81095939314105,53.36789404127176,658.5299815942975,78.1906581349967
f4-stars-h0p1,stellar_luminosity,0.8500000000000001,8.08462334068085,2624.409848423688,501.3546728673079,3125.7645212909956,468.59749820205604,53.03520567266357,633.10488510105,75.3806156700246
f4-stars-h0p1,stellar_luminosity,0.875,7.985773071165299,2639.096593590148,511.59603512229404,3150.692628712442,407.92943642073976,50.908301108907615,628.6027500187365,73.86354264659295
f4-stars-h0p1,stellar_luminosity,0.9,7.8132626114018615,2632.1042896120666,520.5731485387778,3152.6774381508444,359.86427053354333,47.88055135656266,649.0537043613698,74.54486781002954
f4-stars-h0p1,stellar_luminosity,0.925,7.774106598535367,2623.5434336792873,528.8156034198325,3152.3590370991196,359.1614137399108,44.81759490951284,696.9790044253768,77.8333683826549
f4-stars-h0p1,stellar_luminosity,0.9500000000000001,7.9881826613916385,2633.477339917138,536.4888005337428,3169.966140450881,380.9421630353209,42.299483748496975,760.3687013030379,82.48483380552484
f4-stars-h0p1,stellar_luminosity,0.9750000000000001,8.459018746832431,2660.4665678077545,543.2894228185777,3203.7559906263323,400.15678276515575,40.7904154914773,822.8749202851942,86.12762559470063
f4-stars-h0p1,stellar_luminosity,1.0,9.201848054291524,2688.0450613410303,549.1321353802374,3237.1771967212676,409.4086783623562,39.75997718839381,867.4030439768107,87.22185450514598
f4-stars-h0p1,stellar_luminosity,1.0250000000000001,9.892936349544751,2722.665838878341,554.6784460631645,3277.344284941506,395.1911112304539,37.89851088621469,885.8724906632034,86.51851752119335
f4-stars-h0p1,stellar_luminosity,1.05,10.388310570289676,2769.015661956151,559.8770106386507,3328.8926725948013,368.2478214049113,35.213432375023565,873.6514535636305,84.51007802047755
f4-stars-h0p1,stellar_luminosity,1.075,10.60574664954105,2815.299883786255,564.506928881498,3379.806812667753,343.5148357619949,32.1043542736626,837.7799614432653,81.53779929101883
f4-stars-h0p1,stellar_luminosity,1.1,10.517726043552798,2854.1784279679323,568.7014440423583,3422.8798720102905,332.91688198053504,28.872310143278693,788.9864289654494,78.1568658350052
f4-stars-h0p1,stellar_luminosity,1.125,10.160771204977573,2884.9271639252333,572.7915908650333,3457.7187547902668,331.24137915666034,25.810197107997443,741.6574693715539,75.27931532123291
f4-stars-h0p1,stellar_luminosity,1.1500000000000001,9.759242803979584,2904.9098691139743,576.4772485808588,3481.3871176948333,329.1906683605039,23.417904118791988,705.862372508612,73.23524589328574
f4-stars-h0p1,stellar_luminosity,1.175,9.410152328842146,2914.1737532710026,579.6731958820103,3493.846949153013,326.7145154285925,22.061470326558783,685.1289483382274,72.08862021820816
f4-stars-h0p1,stellar_luminosity,1.2000000000000002,9.123188463830225,2923.879436323975,582.7123455153713,3506.5917818393464,335.15366810558834,21.63717606603077,676.9519042529492,71.50414279171615
f4-stars-h0p1,stellar_luminosity,1.225,9.224011927829423,2932.8091550170207,585.3899582453622,3518.199113262383,352.4444480614981,21.872996457359747,669.728094103766,70.35352950215815
f4-stars-h0p1,stellar_luminosity,1.25,9.541200031586914,2928.002122148466,588.2143303055072,3516.216452453973,380.9434396220133,22.54886312214219,654.0231952030388,68.70428785500782
f4-stars-h0p1,stellar_luminosity,1.2750000000000001,9.96886355181308,2908.2894308797554,591.2128027046836,3499.5022335844387,410.2885903450614,23.156767497422994,637.7846070208061,67.22364268995571
f4-stars-h0p1,stellar_luminosity,1.3,10.280620751465381,2891.571357756872,594.4118998065915,3485.9832575634637,425.5647898923485,23.357272641469926,625.3543336491025,66.35045920840479
f4-stars-h0p1,stellar_luminosity,1.3250000000000002,10.383167193044553,2873.008511845298,597.0758440490629,3470.0843558943607,426.4922803729963,23.56169987165884,617.2369533892402,65.67484686764007
f4-stars-h0p1,stellar_luminosity,1.35,10.224674115599186,2837.2874480531027,598.6779157026589,3435.9653637557617,414.49255169108733,24.041641451313076,613.4275190797476,64.6584746568667
f4-stars-h0p1,stellar_luminosity,1.375,9.806610226474474,2782.758678071174,599.1508926130687,3381.9095706842427,405.44083981825116,24.852945111976446,608.5055439944798,62.93434234987477
f4-stars-h0p1,stellar_luminosity,1.4000000000000001,9.188461852243154,2728.905154674921,599.0880155016422,3327.993170176563,424.94596347142397,26.066443468959864,597.5206254270032,60.75496854777517
f4-stars-h0p1,stellar_luminosity,1.425,8.579853582921256,2689.4220733112315,598.9489850993839,3288.3710584106157,477.4827707606862,27.667885959408355,580.1602399647554,58.37081063395944
f4-stars-h0p1,stellar_luminosity,1.4500000000000002,8.161746014571438,2668.432268223895,599.2222864953603,3267.6545547192554,541.4622292912242,29.206433881524333,565.3847674452194,56.453989555527826
f4-stars-h0p1,stellar_luminosity,1.475,7.860427384028077,2661.2218135762682,600.123370828026,3261.3451844042943,586.5671347369348,30.04370879283032,564.101003407545,55.18657380801548
f4-stars-h0p1,stellar_luminosity,1.5,7.47362481840771,2670.7192593981126,601.5345709732596,3272.2538303713723,611.1583631336783,29.757186494051656,575.8744768496176,54.255308419950985
f4-stars-h0p1,stellar_luminosity,1.5250000000000001,6.950297841438125,2706.918209140635,603.297606860456,3310.2158160010913,629.8721256350846,28.110687445406427,589.2710185135502,53.69125502406793
f4-stars-h0p1,stellar_luminosity,1.55,6.38006703550111,2754.658145194831,604.9071805926858,3359.5653257875165,645.7564208104628,25.582479168640813,585.1451979311418,53.43006026991334
f4-stars-h0p1,stellar_luminosity,1.5750000000000002,5.822296579871866,2762.946076810799,605.2472007205346,3368.1932775313335,750.1870836393996,23.658611339774144,578.9656833461343,53.91613113686454
f4-stars-h0p1,stellar_luminosity,1.6,5.427685413123321,2711.7286760498737,603.6172081486085,3315.345884198482,860.6830333710342,23.087280751927214,694.3395566781829,56.140549849012984
f4-stars-h0p1,stellar_luminosity,1.625,5.185310775089372,2678.514804637135,601.3365881392044,3279.8513927763397,600.4267420789945,21.900440099218436,986.6129044575924,59.671013493735494
f4-stars-h0p1,stellar_luminosity,1.6500000000000001,4.9931889565632925,2742.816410865345,600.1903561249803,3343.0067669903256,498.02421777745514,20.480732197833444,1128.5737754662432,62.77296628943523
f4-stars-h0p1,stellar_luminosity,1.675,4.856632449868544,2786.4783155115,599.4150354491242,3385.893350960624,921.3082663253447,20.8762827996779,1027.8349473839387,64.32485741005651
f4-stars-h0p1,stellar_luminosity,1.7000000000000002,4.722618553798091,2749.9275208779895,598.2167313867837,3348.144252264773,856.1566447570443,21.850079387043166,839.5619535946737,63.823687998832554
f4-stars-h0p1,stellar_luminosity,1.725,4.509524683824969,2682.049745328413,596.2653651524488,3278.3151104808617,653.1577153531388,22.292370029110373,690.2406060828342,61.442480383815095
f4-stars-h0p1,stellar_luminosity,1.75,4.227897792626177,2616.873805062956,593.763223990393,3210.6370290533487,526.1324136422121,22.40380112414585,569.0348326180523,57.588120452824946
f4-stars-h0p1,stellar_luminosity,1.7750000000000001,3.8596018785096335,2544.997875023879,590.518999656014,3135.5168746798927,421.5343652829688,22.271212302343866,472.4590767134335,53.284796559202064
f4-stars-h0p1,stellar_luminosity,1.8,3.4397668481770856,2473.0859854255777,586.5780883652666,3059.664073790844,355.10821634698203,21.978125203170563,400.5784411559843,49.360814256556296
f4-stars-h0p1,stellar_luminosity,1.8250000000000002,3.061083764016714,2408.116777286191,582.1699779922017,2990.286755278393,314.5829944486838,21.429716863153537,354.6401921741511,46.73226676823954
f4-stars-h0p1,stellar_luminosity,1.85,2.9144471067938857,2358.5525851113457,578.1408201170667,2936.6934052284123,291.6456928797615,20.718384248639865,324.52586543503526,45.37200764664492
f4-stars-h0p1,stellar_luminosity,1.875,3.004521602335219,2313.0845681444666,574.1223078805116,2887.206876024978,268.69644463025713,19.87199615688142,295.7773748261184,44.514814240425366
f4-stars-h0p1,stellar_luminosity,1.9000000000000001,3.2114987811802957,2271.0140716356264,569.8510266199406,2840.865098255567,246.40477842176537,19.29112436983139,273.6231451378016,43.787582936820456
f4-stars-h0p1,stellar_luminosity,1.925,3.3708800030167416,2230.824412724089,565.310976981953,2796.135389706042,232.9533017902019,19.267090910663068,257.37232583414254,42.931777420599765
f4-stars-h0p1,stellar_luminosity,1.9500000000000002,3.3859334480961296,2192.4774751366185,560.9526353269961,2753.4301104636147,227.99102477220808,19.677347114990848,245.1859122676104,41.96639811269617
f4-stars-h0p1,stellar_luminosity,1.975,3.280765159559952,2155.439661421013,557.0976972193586,2712.5373586403716,227.74346001676395,20.282283019442914,235.97909423511283,40.963649785332386
f4-stars-h0p1,stellar_luminosity,2.0,3.1384264094406014,2117.586608270451,553.5782070925297,2671.164815362981,227.08536253195126,20.815569368083448,228.15613624716292,39.91800144196156
f4-stars-h0p1,stellar_luminosity,2.025,2.9849162544082697,2077.538096344597,549.8858134016461,2627.423909746243,219.97056097553815,21.049730787370116,222.1015928890379,39.23119835342454
f4-stars-h0p1,stellar_luminosity,2.0500000000000003,2.815411775454132,2039.4772107877486,545.8319659496633,2585.3091767374117,210.74641823313695,21.066359851109585,217.536290273827,39.070791129974054
f4-stars-h0p1,stellar_luminosity,2.075,2.67247909045017,2002.7907805336824,541.2739336344712,2544.064714168154,204.0958134377929,21.264981837804346,212.03747943930915,38.98859778649
f4-stars-h0p1,stellar_luminosity,2.1,2.563302878924432,1963.3619848044762,536.0010414572713,2499.3630262617476,204.37489425012612,22.00607632232414,203.5658465207705,38.339153439315886
f4-stars-h0p1,stellar_luminosity,2.125,2.4703728677373196,1916.2277676994952,529.8244248276214,2446.052192527117,211.327484891001,23.30417823085775,191.8126315066975,36.72040419633345
f4-stars-h0p1,stellar_luminosity,2.15,2.3694104217332423,1867.1967783999678,523.6704986822223,2390.86727708219,220.26326231301118,24.362966963842123,176.97428412048194,34.370195038660164
f4-stars-h0p1,stellar_luminosity,2.1750000000000003,2.2874190856290877,1822.4886843422935,518.1440244801328,2340.632708822426,224.66151986626596,24.646694324667006,161.5260041351718,31.99576055034883
f4-stars-h0p1,stellar_luminosity,2.2,2.234319316063811,1786.6572184339777,513.5167702758969,2300.1739887098747,220.09121778744566,24.14798682351861,149.75237627956855,30.426856821911443
f4-stars-h0p1,stellar_luminosity,2.225,2.1922358115255203,1760.8046967798275,509.9123492986645,2270.717046078492,206.27760852427005,23.058362543137466,142.32257220177482,29.38000997564135
f4-stars-h0p1,stellar_luminosity,2.25,2.128792776333333,1743.9042534526243,507.15731072100533,2251.0615641736294,189.81860740688046,21.70870283475235,138.237366556683,28.39871553042252
f4-stars-h0p1,stellar_luminosity,2.275,2.003961169975118,1723.517819798821,503.89912600391335,2227.4169458027345,175.2257641658388,20.517176392590088,136.63568850982372,27.984278949209603
f4-stars-h0p1,stellar_luminosity,2.3000000000000003,1.858576428650593,1694.0161131366199,499.48863730399535,2193.504750440615,164.9183080782878,19.889995742372687,136.17037116785727,28.304527650901285
f4-stars-h0p1,stellar_luminosity,2.325,1.6898342629254381,1656.767239752128,494.12324487160186,2150.89048462373,157.53789254367405,19.68267150483385,136.804470435172,29.06967908354456
f4-stars-h0p1,stellar_luminosity,2.35,1.5721768963322602,1620.509266691899,488.6648222431177,2109.1740889350167,154.9886639345985,19.927853038179006,137.3936060180175,29.60538165640753
f4-stars-h0p1,stellar_luminosity,2.375,1.5416197458259386,1592.4323941919024,483.8769150178801,2076.3093092097824,159.4457261612576,20.520822646899564,136.54707246199447,29.40681385663837
f4-stars-h0p1,stellar_luminosity,2.4000000000000004,1.5390939643445745,1558.7505337083703,478.7779498173689,2037.5284835257391,162.099782374469,20.923729445988307,132.41722030276927,28.330690521543218
f4-stars-h0p1,stellar_luminosity,2.4250000000000003,1.5345159920200138,1518.4993665132024,473.1082759376158,1991.6076424508183,160.4041754280387,21.177159909881293,125.21516128847595,26.6457662217829
f4-stars-h0p1,stellar_luminosity,2.45,1.5742849377403583,1477.0312406666512,467.21064538105304,1944.2418860477042,151.4461187622901,21.14873324291326,117.04554299855117,24.851443558668652
f4-stars-h0p1,stellar_luminosity,2.475,1.659593047722323,1442.5758878394793,461.8923031275019,1904.4681909669812,141.3907846137367,21.111402178461123,109.95916118586233,23.4270554007778
f4-stars-h0p1,stellar_luminosity,2.5,1.7359103029592078,1417.3308468075063,457.50748834084976,1874.838335148356,136.6692246712182,21.108343384667787,102.93354903306692,22.199437352026045
f4-stars-h0p1,stellar_luminosity,2.5250000000000004,1.7259569669884602,1396.5544930559274,453.7814116673429,1850.3359047232702,138.05642108978807,21.175908573827748,95.84305837880986,21.062707216422442
f4-stars-h0p1,stellar_luminosity,2.5500000000000003,1.605732090676882,1372.907978882515,449.9961485487188,1822.9041274312337,140.49905192455918,20.83167922547853,88.45508112445962,20.050705102799885
f4-stars-h0p1,stellar_luminosity,2.575,1.4536269827021133,1348.741533247931,446.431882962198,1795.173416210129,140.2076211201996,19.83887544299741,80.58842723621004,18.914904384496676
f4-stars-h0p1,stellar_luminosity,2.6,1.3513080774690036,1326.7606867760403,443.2511989138321,1770.0118856898725,136.51796526818237,18.345627509531337,74.11684461447092,17.887028228280325
f4-stars-h0p1,stellar_luminosity,2.625,1.3077762055726865,1304.1385942542613,439.6035372275185,1743.7421314817798,133.15014381739712,16.97527663248608,74.17404623046596,17.573430630230895
f4-stars-h0p1,stellar_luminosity,2.6500000000000004,1.2866817210906087,1279.1801050690021,435.2480116940889,1714.428116763091,132.2397572910083,15.982394839381403,81.59084165346374,18.346184893099107
f4-stars-h0p1,stellar_luminosity,2.6750000000000003,1.2771571301149338,1251.814746997919,430.46462176913286,1682.279368767052,134.03432233783076,15.194003905782335,94.98529594407208,19.836932324485883
f4-stars-h0p1,stellar_luminosity,2.7,1.2473766562241309,1227.4490976761451,425.73779701926946,1653.1868946954146,126.81208401492383,14.208025269748566,112.2239455444667,21.56068316648765
f4-stars-h0p1,stellar_luminosity,2.725,1.2156951235643318,1216.3921188646932,422.0879447598372,1638.4800636245304,102.30499795815962,13.278182709365622,124.35528289402698,22.75002411359448
f4-stars-h0p1,stellar_luminosity,2.75,1.1907134349097033,1215.0842822001543,419.7089557948832,1634.7932379950375,77.95330365356672,12.643675344213074,119.35783540065638,23.163638448191765
f4-stars-h0p1,stellar_luminosity,2.7750000000000004,1.1651437203311348,1212.2718676173638,417.97902464273363,1630.2508922600973,73.36787808735973,12.342585696758986,103.14945989441395,22.83282965933858
f4-stars-h0p1,stellar_luminosity,2.8000000000000003,1.1063113987292412,1204.8316979863653,415.8830971156601,1620.7147951020254,75.7991048174198,12.2633558686594,92.2461304990599,22.263626002010334
f4-stars-h0p1,stellar_luminosity,2.825,1.0223453378129923,1191.962598067788,413.05817570474875,1605.0207737725366,74.73931816407166,12.332966604996422,88.92584731763657,21.91224203186485
f4-stars-h0p1,stellar_luminosity,2.85,0.9549753548787192,1171.9741857827505,409.4044601620269,1581.3786459447774,72.93001765572504,12.387738038039583,90.18720214367144,22.00667621390332
f4-stars-h0p1,stellar_luminosity,2.875,0.9213816545708569,1145.210724397616,404.9667001304322,1550.1774245280483,71.85369713363302,12.283937345258492,93.71151373822092,22.544750638526573
f4-stars-h0p1,stellar_luminosity,2.9000000000000004,0.9214687230179535,1114.4758287080654,399.96319747274043,1514.4390261808057,71.70027249079841,12.323799122957091,97.2120559240459,22.933201974014892
f4-stars-h0p1,stellar_luminosity,2.9250000000000003,0.9477032139410437,1083.294004566062,394.6978658865247,1477.9918704525867,75.63590672118792,12.656898991847394,98.41309291797026,22.571159659122028
f4-stars-h0p1,stellar_luminosity,2.95,0.9818139689549645,1051.7309704522354,389.45920592166533,1441.1901763739006,87.10071274662388,12.963287038692702,97.9399421975161,21.388120321770987
f4-stars-h0p1,stellar_luminosity,2.975,1.0331852701083937,1022.3246382461076,384.7455736463937,1407.0702118925014,105.60978728637333,13.099707094151178,98.23334996793226,19.551369702169627
f4-stars-h0p1,stellar_luminosity,3.0,1.0786441320645102,993.5161985587516,380.5441315609054,1374.060330119657,132.50911220648433,12.873974886062285,104.96949538154604,17.70033115489626
f4-stars-h0p1,stellar_luminosity,3.0250000000000004,1.0763069101037825,972.7820141807595,376.8809723952736,1349.662986576033,142.9176854904082,12.625461223639975,121.20223518856615,16.14194055104005
f4-stars-h0p1,stellar_luminosity,3.0500000000000003,1.0127178204216736,969.2478854618678,373.74520911831974,1342.9930945801875,103.0205074806583,12.590165707130367,135.45141164495402,14.974855177819654
f4-stars-h0p1,stellar_luminosity,3.075,0.9183329947366132,971.5089720543965,370.9674387728657,1342.4764108272623,81.80899909842978,12.795293774068753,127.9721935678423,14.297010516232378
f4-stars-h0p1,stellar_luminosity,3.1,0.8224765605736302,956.4010825297707,368.2551776433952,1324.656260173166,113.37678497088099,13.300577658741624,102.82260905252873,13.769723232825598
f4-stars-h0p1,stellar_luminosity,3.125,0.7224761987400453,923.681676014943,365.0658921188651,1288.7475681338083,116.27378855927384,13.983604533575525,84.5739449351545,13.101717264363504
f4-stars-h0p1,stellar_luminosity,3.1500000000000004,0.6334875167116292,890.0829120602241,361.80285908472587,1251.88577114495,130.6052691880259,14.872091727313302,85.64730405263975,12.590516396886162
f4-stars-h0p1,stellar_luminosity,3.1750000000000003,0.5811259020293066,859.8247301202416,358.48121805549346,1218.305948175735,151.78368726092063,15.348411136514363,100.81909373067698,12.642460796472614
f4-stars-h0p1,stellar_luminosity,3.2,0.5604276061560974,838.4664234766191,355.0657303303877,1193.5321538070068,171.04521325475375,15.188050898991628,120.83898957262467,12.717216010480294
f4-stars-h0p1,stellar_luminosity,3.225,0.551334748545271,836.0798470407881,352.13463878434993,1188.2144858251381,185.69698061864287,14.816317619115651,138.68290121528872,12.521387555068408
f4-stars-h0p1,stellar_luminosity,3.25,0.5190253646672758,848.1993571083221,349.52716678713904,1197.7265238954612,173.41994572623466,14.360749922331726,136.64697421750995,11.97957053195577
f4-stars-h0p1,stellar_luminosity,3.2750000000000004,0.4748305481623948,852.2235979515522,346.8136061444443,1199.0372040959965,155.78338060951643,13.52422618107149,112.10511821262487,11.705833082434383
f4-stars-h0p1,stellar_luminosity,3.3000000000000003,0.46553583929322023,850.3599950518204,344.0017070303452,1194.3617020821657,140.81129547333828,12.314159945405779,113.46809783992713,12.957410558253379
f4-stars-h0p1,stellar_luminosity,3.325,0.5235015892868091,848.0720208049493,340.65244950155284,1188.724470306502,100.04352971478322,11.26927137067152,129.53318968143554,14.360705933468193
f4-stars-h0p1,stellar_luminosity,3.35,0.6504065780278496,838.8498440726723,337.4092746774784,1176.2591187501507,75.20037972292478,10.784445432796804,140.75515655389322,15.075902615796501
f4-stars-h0p1,stellar_luminosity,3.375,0.764031905831669,828.0358717610911,334.55764859808835,1162.5935203591794,67.0423578853536,10.616182956483899,149.68959398678422,15.264235589047363
f4-stars-h0p1,stellar_luminosity,3.4000000000000004,0.8070583485545412,820.4234138522459,331.9203267367671,1152.343740589013,67.67425314028046,10.503714830712429,155.20037026401684,15.152779946117267
f4-stars-h0p1,stellar_luminosity,3.4250000000000003,0.7750565135059634,816.3743181291076,329.55922009660236,1145.93353822571,84.38899917102945,10.487704654183236,151.2719070116389,14.910840061577483
f4-stars-h0p1,stellar_luminosity,3.45,0.7056045203933125,811.4444706424115,327.31578250351885,1138.7602531459304,92.34337786030284,10.44033478113107,134.75062870058778,14.330915402826928
f4-stars-h0p1,stellar_luminosity,3.475,0.6453426659295143,807.128864497395,325.47479364932167,1132.6036581467167,92.81353468919013,10.334563503015033,106.04568741781547,13.618807772981967
f4-stars-h0p1,stellar_luminosity,3.5,0.6066872796946775,801.4774291506625,323.6721120433277,1125.1495411939902,92.26872362169372,10.177678246816745,82.44949060303381,12.747143335104967
f4-stars-h0p1,stellar_luminosity,3.5250000000000004,0.5532073490815479,793.0485306456038,321.7581226534602,1114.806653299064,93.38912699225901,10.0161794904464,71.89433922197729,12.081558502529031
f4-stars-h0p1,stellar_luminosity,3.5500000000000003,0.47658537845678217,782.0718917073417,319.40277452344475,1101.4746662307864,93.75914008378432,9.844261015107643,66.99368510411163,11.501277741705543
f4-stars-h0p1,stellar_luminosity,3.575,0.39142060589942707,768.4774140628252,316.583102057175,1085.06051612,88.64555834601768,9.673816223135702,62.65648832255542,10.893825308423173
f4-stars-h0p1,stellar_luminosity,3.6,0.3256606234685844,752.1134675037462,313.2142981504257,1065.3277656541718,74.52927577155097,9.459646751883158,56.70835869119959,10.098179035129556
f4-stars-h0p1,stellar_luminosity,3.625,0.30274598798385016,732.3170861935131,309.3407779083079,1041.657864101821,74.39144767219429,9.19495269855335,52.81336042003958,9.145134685884411
f4-stars-h0p1,stellar_luminosity,3.6500000000000004,0.3068530231489259,712.0749814196929,305.63135924590233,1017.7063406655952,76.62258977101494,8.688234424289998,52.486248511736044,8.635647811229026
f4-stars-h0p1,stellar_luminosity,3.6750000000000003,0.3234145413252334,695.6971811045352,302.6475406471319,998.3447217516671,80.29212168485648,8.40516376819864,59.541005665209845,9.07129958888058
f4-stars-h0p1,stellar_luminosity,3.7,0.33593423871095146,686.8904795108829,300.4331662782713,987.3236457891542,85.7190480870846,8.618654195604574,72.276922393481,10.235090873648367
f4-stars-h0p1,stellar_luminosity,3.725,0.3420536938288925,685.9384545986369,298.88121733473133,984.8196719333682,88.21452214026588,8.98016654806828,83.40346673076854,11.35723810867263
f4-stars-h0p1,stellar_luminosity,3.75,0.344227761895033,688.7177241419396,297.4536445849826,986.1713687269222,85.21054838377128,9.159658231583617,91.25055790872362,12.140182222201599
f4-stars-h0p1,stellar_luminosity,3.7750000000000004,0.34277544268630467,692.8082738323121,295.9278194277582,988.7360932600703,79.80808590840566,9.139513851302517,92.06768487356074,12.473628574101586
f4-stars-h0p1,stellar_luminosity,3.8000000000000003,0.33092314522857097,692.4157748783588,294.1302735037668,986.5460483821255,76.71567971952562,9.100758148513544,86.31319820710884,12.418580260020097
f4-stars-h0p1,stellar_luminosity,3.825,0.328327239433138,688.7819712005387,292.0238537555262,980.805824956065,71.97489230803254,9.218929622259052,77.2195103935524,11.978808038933362
f4-stars-h0p1,stellar_luminosity,3.85,0.3373037403402493,681.2965458550273,289.45444470867074,970.750990563698,68.00998595270127,9.377207300215655,68.85158009703304,11.405939062139513
f4-stars-h0p1,stellar_luminosity,3.875,0.3477856032964347,672.0860404278276,286.8778476576636,958.9638880854911,69.83377905062328,9.506112590296166,69.2872995306993,10.92402873534282
f4-stars-h0p1,stellar_luminosity,3.9000000000000004,0.349045172551721,661.4864723485443,284.22772632268686,945.7141986712312,69.58950171265087,9.491857519493657,65.77313706984486,10.426028334479946
f4-stars-h0p1,stellar_luminosity,3.9250000000000003,0.34283955402395916,649.9180160004536,281.5513812105197,931.4693972109733,66.70251470499691,9.319600713790928,58.124519924196875,9.76901015002494
f4-stars-h0p1,stellar_luminosity,3.95,0.3382630615294347,639.8481680224677,279.35047245625884,919.1986404787265,61.98254388776957,9.07950268572831,49.84123173281993,9.03792608084896
f4-stars-h0p1,stellar_luminosity,3.975,0.34831739889314783,634.6896424418763,278.22991636372547,912.9195588056018,57.447155834798146,8.898196363462663,48.382340559798216,8.693531698049092
f4-stars-h0p1,stellar_luminosity,4.0,0.3506912949995933,632.0418891201241,277.4407739833176,909.4826631034417,56.64246011212119,8.732300325381013,48.84417406526864,8.684828355393725
f4-stars-h0p1,stellar_luminosity,4.025,0.33489610288310523,627.5456289572752,276.1031404005918,903.648769357867,56.54959027448041,8.528209022565457,48.256950474192635,8.63771585514536
f4-stars-h0p1,stellar_luminosity,4.05,0.3083691966757841,621.2604687760903,274.04788991856987,895.3083586946602,56.072374472578176,8.353510461286284,50.54176820747094,8.458025052783539
f4-stars-h0p1,stellar_luminosity,4.075,0.2809408653048079,612.6502910028028,271.4171382782232,884.067429281026,56.81874994479016,8.22353484409267,56.411064298740904,8.26476204840013
f4-stars-h0p1,stellar_luminosity,4.1000000000000005,0.26958468012682024,601.1152525508892,268.3517219606827,869.4669745115718,55.55988834100343,7.9907275013369174,56.4770113115543,7.96418982286496
f4-stars-h0p1,stellar_luminosity,4.125,0.28754728612079183,591.3768989106278,265.6574110516868,857.0343099623146,53.185284982483054,7.951647934064311,52.55519167882304,7.838612012716293
f4-stars-h0p1,stellar_luminosity,4.15,0.30860747851536535,581.9791623813204,263.22655841662043,845.2057207979408,48.55553244185018,7.782079420307491,47.51576069522228,7.91275083125191
f4-stars-h0p1,stellar_luminosity,4.175,0.32378570499784265,574.5464937585056,261.13553548446225,835.6820292429678,45.229487764065084,7.564846889018375,43.935927773433455,8.028223204740526
f4-stars-h0p1,stellar_luminosity,4.2,0.32209823148079136,568.9003943317568,259.3280247294877,828.2284190612445,44.64338931240307,7.51825435666475,42.03780253042151,8.055429327030435
f4-stars-h0p1,stellar_luminosity,4.2250000000000005,0.308687515260911,562.3222952484817,257.4376292649836,819.7599245134654,48.011382386005856,7.758163636869629,41.226992604560856,7.835851198960481
f4-stars-h0p1,stellar_luminosity,4.25,0.3049258867313791,551.669212798553,254.95298944698922,806.6222022455422,54.32185856368725,7.999728310745387,40.8903106399916,7.1626640997795965
f4-stars-h0p1,stellar_luminosity,4.275,0.3236906449475214,539.7992458012975,252.24944168939348,792.048687490691,62.12790395754187,8.013922767383129,43.39521648815322,6.334137836081413
f4-stars-h0p1,stellar_luminosity,4.3,0.3671350330941746,531.5747679989471,250.0340660986377,781.6088340975848,68.38858035301259,7.798879232395557,50.41607210629907,5.7567218239498406
f4-stars-h0p1,stellar_luminosity,4.325,0.4173282179069903,527.2045050238894,248.4530767683736,775.657581792263,69.07717168057569,7.569350000068351,62.09395661854596,5.547361436632188
f4-stars-h0p1,stellar_luminosity,4.3500000000000005,0.44977600458078193,526.3712753142129,247.21926298983675,773.5905383040497,55.30913633157826,7.3599439797178565,74.17821443249747,5.554879168153795
f4-stars-h0p1,stellar_luminosity,4.375,0.44057229210082927,527.4298202935379,246.09399067730823,773.5238109708462,37.33790415348151,7.1617030332063925,80.47157295569215,5.60510526516452
f4-stars-h0p1,stellar_luminosity,4.4,0.4031419637308845,529.0058001721351,244.84955299176534,773.8553531639004,34.314212932213024,6.92415803434969,76.59684189878284,5.733813083448259
f4-stars-h0p1,stellar_luminosity,4.425,0.36557761686933204,528.7465976842608,243.16134745381584,771.9079451380767,38.211346950430105,6.729433817459508,61.815945210235824,5.92205818348485
f4-stars-h0p1,stellar_luminosity,4.45,0.3329866193410396,524.1994019106725,241.17479653366993,765.3741984443424,37.31351248078433,6.664290687950917,44.080829079657576,6.0911216065823535
f4-stars-h0p1,stellar_luminosity,4.4750000000000005,0.3093698275015482,515.0619185712402,239.1411560692778,754.203074640518,35.62600404398662,6.816852443700602,30.584207211727787,6.063069735611994
f4-stars-h0p1,stellar_luminosity,4.5,0.28504234042849974,504.52287273427913,237.09219679267844,741.6150695269575,34.27419747038978,6.923494833716491,25.291922578944288,5.836752018250629
f4-stars-h0p1,stellar_luminosity,4.525,0.2556177352712691,495.6907445246246,235.18909147923685,730.8798360038614,33.465642407158775,6.88938993727967,24.980987372395887,5.496597806754971
f4-stars-h0p1,stellar_luminosity,4.55,0.22729856992278308,488.23974734847354,233.49364536309565,721.7333927115692,32.51516256329558,6.618546147971261,31.394798478574714,5.096286936017289
f4-stars-h0p1,stellar_luminosity,4.575,0.21836533702487926,484.85653552757816,232.17221566390245,717.0287511914806,31.08749501537885,6.3132759377026,45.61203612380434,4.6300177816338
f4-stars-h0p1,stellar_luminosity,4.6000000000000005,0.240180229397155,485.056710758697,230.757536534326,715.8142472930231,35.16807856977065,6.196174340298379,51.13891991176837,4.075771566799133
f4-stars-h0p1,stellar_luminosity,4.625,0.2865321957438494,481.5016404755981,228.83586970766493,710.337510183263,41.05453749303865,6.196345030711892,44.65430741782786,3.650788030755198
f4-stars-h0p1,stellar_luminosity,4.65,0.338001516281105,473.3824211360207,226.58814859567065,699.9705697316913,39.59224071996653,6.11781858482782,35.36858995602863,3.4240380085584246
f4-stars-h0p1,stellar_luminosity,4.675,0.3749407235436927,466.2617136826364,224.40639549742426,690.6681091800607,33.99351900444458,5.931970768241839,29.082210326799355,3.3781850544557166
f4-stars-h0p1,stellar_luminosity,4.7,0.3792090032267974,460.8678270808483,222.3435034393604,683.2113305202088,30.49936127339802,5.684779303872562,25.7460097664099,3.41793109983495
f4-stars-h0p1,stellar_luminosity,4.7250000000000005,0.36094623836357836,456.29053823543984,220.70615965359997,676.9966978890398,30.499475079179298,5.670938273525368,24.59754818301392,3.489541283500766
f4-stars-h0p1,stellar_luminosity,4.75,0.3209327301125029,450.4382968048217,219.18104690920336,669.619343714025,30.76784657602354,5.76084468026026,26.875593265416462,3.5335844218248504
f4-stars-h0p1,stellar_luminosity,4.775,0.2808157813673246,444.96651712415115,217.62198643850007,662.5885035626512,31.998725651229396,5.916174295856087,31.783826137562198,3.4972138559844113
f4-stars-h0p1,stellar_luminosity,4.800000000000001,0.24686337570221473,441.4828313674321,215.98401863977483,657.4668500072069,36.27302119194989,6.052342132168081,34.24062793071592,3.404236066239189
f4-stars-h0p1,stellar_luminosity,4.825,0.21429599058707677,436.3763160312605,214.14591281075198,650.5222288420125,40.52406410589278,6.020921343848864,32.9335902623453,3.3169419104075173
f4-stars-h0p1,stellar_luminosity,4.8500000000000005,0.19279104615236137,431.23368435711296,212.35150079735286,643.5851851544658,35.1741502273277,5.768538961338484,30.276351478077174,3.3029120305392645
f4-stars-h0p1,stellar_luminosity,4.875,0.18279091891164428,427.4315492425257,210.7104761631056,638.1420254056313,27.305829246478197,5.388041139534352,26.93094198735747,3.32320110769398
f4-stars-h0p1,stellar_luminosity,4.9,0.18574459766586782,423.5393289350764,209.37166918664425,632.9109981217207,26.100865886563597,5.22640728716123,23.583169660688664,3.3628663800657264
f4-stars-h0p1,stellar_luminosity,4.925000000000001,0.19397563047350114,417.9090459280232,207.99287259771714,625.9019185257404,25.46811170175927,5.098837705360452,21.330613090856822,3.417008019862509
f4-stars-h0p1,stellar_luminosity,4.95,0.20684330604463153,411.7672369751622,206.47718965656222,618.2444266317244,24.929164458302598,4.960091141693967,21.57741154392704,3.4274088211896965
f4-stars-h0p1,stellar_luminosity,4.9750000000000005,0.22616337977367537,406.4814232899081,204.90790767496486,611.3893309648729,24.061927899734144,4.8099765721840955,24.580864249223577,3.3952711030031195
f4-stars-h0p1,stellar_luminosity,5.0,0.24915988450653964,402.80920745027356,203.37235804078097,606.1815654910545,21.726751147766443,4.63690623914424,27.250536940826706,3.3404875388396498
f4-stars-h0p1,stellar_luminosity,5.025,0.27007414792744777,399.7343570496679,201.8423971655296,601.5767542151975,19.560787482796268,4.45400149895753,28.40588115333488,3.2579784033602066
f4-stars-h0p1,stellar_luminosity,5.050000000000001,0.28280749712238934,397.0080750003068,200.35857744905036,597.3666524493572,18.456947074487307,4.3023309490683195,28.46359772487568,3.159603081728725
f4-stars-h0p1,stellar_luminosity,5.075,0.2866900326904447,394.3883048822584,198.9011429535097,593.2894478357681,18.13551695529041,4.166666358259491,27.93461764154659,3.0590628857747997
f4-stars-h0p1,stellar_luminosity,5.1000000000000005,0.284142341361845,391.83322546173156,197.480786985465,589.3140124471965,18.256502063962458,4.049967350252702,27.017820667286237,2.961692409971415
f4-stars-h0p1,stellar_luminosity,5.125,0.27730491471651253,389.19522008654576,196.0865837742501,585.2818038607959,18.56253607072414,3.9480121438263303,25.872900888448186,2.8687249628190994
f4-stars-h0p1,stellar_luminosity,5.15,0.26781902331255847,386.45743094648435,194.71896468158178,581.1763956280661,18.85612714774272,3.8586048130675477,24.562483882076613,2.7801594185897125
f4-stars-h0p1,stellar_luminosity,5.175000000000001,0.2568779734000515,383.578663401647,193.37259044124153,576.9512538428885,19.029097869969352,3.7786151205962453,23.14800794949461,2.6962636092797445
f4-stars-h0p1,stellar_luminosity,5.2,0.24525874788370183,380.54911474406487,192.04573118318982,572.5948459272547,19.04314128278381,3.7064495275482368,21.68694920735889,2.618354838746333
f4-stars-h0p1,stellar_luminosity,5.2250000000000005,0.2333628808885163,377.3897939185859,190.7333295342066,568.1231234527925,18.870264799787517,3.639391890434957,20.224297342280682,2.5458683336310313
f4-stars-h0p1,stellar_luminosity,5.25,0.2213626818644474,374.08736565597843,189.43280733703284,563.5201729930113,18.549070884132473,3.5760023324505967,18.79743191035713,2.478274914931812
f4-stars-h0p1,stellar_luminosity,5.275,0.20938116624678135,370.68314829485433,188.14130963763978,558.8244579324942,18.094171255581863,3.514746592275441,17.43274197431288,2.414834770231396
f4-stars-h0p1,stellar_luminosity,5.300000000000001,0.19760955056038038,367.1829479192665,186.85477432629003,554.0377222455566,17.534202696610688,3.4539274034425107,16.14417193643283,2.354222289120291
f4-stars-h0p1,stellar_luminosity,5.325,0.18591650887413666,363.61140407284665,185.5760263863815,549.1874304592282,16.909079905045186,3.39462627918364,14.942634831288554,2.296765283975984
f4-stars-h0p1,stellar_luminosity,5.3500000000000005,0.17450759070943384,360.000964334533,184.30331668166554,544.3042810161985,16.226664058903534,3.3360449720936316,13.827115810015117,2.241782666631213
f4-stars-h0p1,stellar_luminosity,5.375,0.16349925116559783,356.34244772035953,183.03581308431703,539.3782608046765,15.516139318859613,3.2778579975932485,12.800696257798649,2.189126937752344
f4-stars-h0p1,stellar_luminosity,5.4,0.15291266281937682,352.6674553546223,181.7742994408372,534.4417547954595,14.785113296312272,3.220185383322913,11.86110217612641,2.138898687178304
f4-stars-h0p1,stellar_luminosity,5.425000000000001,0.14270020036321907,348.98686186185074,180.51992789455628,529.506789756407,14.051466843435612,3.1637070219245045,11.002100585221916,2.090836141543702
f4-stars-h0p1,stellar_luminosity,5.45,0.13288266204616436,345.31141035134686,179.2735277597346,524.5849381110814,13.330993468335379,3.1088282942320538,10.220466872411752,2.0448090078103243
f4-stars-h0p1,stellar_luminosity,5.4750000000000005,0.12357863834921834,341.6550317095749,178.03366042370473,519.6886921332797,12.622492880737806,3.0551279912647242,9.50833575274865,2.000669876892684
f4-stars-h0p1,stellar_luminosity,5.5,0.11468100913697361,338.0179282198157,176.80204933410255,514.8199775539183,11.938527759975576,3.0022948574912687,8.864234539191981,1.95797216072218
f4-stars-h0p1,stellar_luminosity,5.525,0.10623698521256755,334.41664620269285,175.5797863063846,509.9964325090774,11.274866854303944,2.951292489058209,8.27529768526836,1.9170410039313157
f4-stars-h0p1,stellar_luminosity,5.550000000000001,0.09822862279109706,330.8393498515189,174.36464860511452,505.20399845663337,10.647184624286222,2.901518372393182,7.741549286545417,1.8774069220747955
f4-stars-h0p1,stellar_luminosity,5.575,0.09064552266422315,327.3095981651834,173.1586494633734,500.4682476285568,10.058432973933217,2.852521617925834,7.255954653316353,1.8386827892905562
f4-stars-h0p1,stellar_luminosity,5.6000000000000005,0.08347184525397394,323.8361726197266,171.96155674224255,495.7977293619691,9.511065928473634,2.8048436297415664,6.814598785057226,1.8016198613593981
f4-stars-h0p1,stellar_luminosity,5.625,0.0767147596210419,320.40545354319596,170.7714607767786,491.17691431997457,9.014937009788712,2.7575628725027497,6.4135669595580636,1.765682464891467
f4-stars-h0p1,stellar_luminosity,5.65,0.0703117348194445,317.0441530838783,169.5922038074965,486.6363568913748,8.551844567668361,2.7122215768816353,6.044306099895394,1.7312353045660644
f4-stars-h0p1,stellar_luminosity,5.675000000000001,0.06422347346957853,313.7310870094156,168.42265837146428,482.15374538087985,8.127863222477227,2.6682458933727053,5.709465512324535,1.6980076214361128
f4-stars-h0p1,stellar_luminosity,5.7,0.058429001408914806,310.4760453338491,167.2643934781087,477.7404388119578,7.732371612061683,2.626466908523847,5.398906901669366,1.666090177710704
f4-stars-h0p1,stellar_luminosity,5.7250000000000005,0.05287626778197523,307.27277733680864,166.11709094933175,473.3898682861404,7.366037966965046,2.586863748220497,5.114631521734015,1.635080039330449
f4-stars-h0p1,stellar_luminosity,5.75,0.0475793967712118,304.11358891721693,164.97949870102846,469.09308761824536,7.030872716476405,2.5481460650742953,4.852207714523574,1.6050339991469607
f4-stars-h0p1,stellar_luminosity,5.775,0.04245651445689078,301.0132864236981,163.8539577236956,464.8672441473937,6.713376246606285,2.5111676601631365,4.607295745857657,1.5757790588482898
f4-stars-h0p1,stellar_luminosity,5.800000000000001,0.037478409374860217,297.95502742752984,162.7380879587971,460.69311538632695,6.426899529929445,2.4747897508488585,4.383124538684545,1.5479285632507442
f4-stars-h0p1,stellar_luminosity,5.825,0.03262528823724438,294.9463362983426,161.63432429701015,456.58066059535275,6.159201608849753,2.440777361815398,4.171942083153345,1.5215859728518781
f4-stars-h0p1,stellar_luminosity,5.8500000000000005,0.02790114748060226,291.9795939792963,160.54094876502458,452.5205427443209,5.918694857373017,2.409226515257963,3.9791499626738984,1.4971392685774005
f4-stars-h0p1,stellar_luminosity,5.875,0.023324051588290824,289.0525550178126,159.4589925787096,448.5115475965222,5.707919836111634,2.381207965268089,3.801164641330615,1.4741540990107642
f4-stars-h0p1,stellar_luminosity,5.9,0.01891096036672514,286.1670815879649,158.38641176657168,444.5534933545366,5.515352449839099,2.355980506113993,3.6352824642199835,1.452273696244501
f4-stars-h0p1,stellar_luminosity,5.925000000000001,0.01466643437826489,283.30274090742415,157.31923841124973,440.6219793186739,5.360747114182201,2.3327723914506966,3.481972673049236,1.4309712457180872
f4-stars-h0p1,stellar_luminosity,5.95,0.010507692379536348,280.4686176745895,156.25711609865218,436.7257337732417,5.221398393556664,2.3109222482756944,3.3357539247770567,1.410402091099031
f4-stars-h0p1,stellar_luminosity,5.9750000000000005,0.006347904131028068,277.6621198630637,155.19832767090827,432.860447533972,5.109238965867931,2.2887363243934185,3.1969090624052914,1.3908073449021416
f4-stars-h0p1,stellar_luminosity,6.0,0.002100326298309882,274.9404128427394,154.16159711318264,429.1020099559221,5.051737662066686,2.2785538285830746,3.0546356722123194,1.3825022016439357
f4-stars-h0p1,atomic_helium,0.05,0.0006360803359544769,-103.25377453521045,-4.3207118235790976,-107.57448635878956,0.4887608307793217,0.068169422720742,6.98102138799614,2.053853758336176
f4-stars-h0p1,atomic_helium,0.07500000000000001,0.4588903190800062,-85.08771692784066,-1.849389547830352,-86.93710647567102,27.526626278185237,1.3838832463249628,73.96649345218876,4.818439490404275
f4-stars-h0p1,atomic_helium,0.1,2.094688421534939,-94.20241228113227,-1.738381844362282,-95.94079412549455,36.11419134769768,1.4283877930654227,70.63496157365796,4.215957917036204
f4-stars-h0p1,atomic_helium,0.125,3.865848533688738,-90.92381667648172,-1.3208869131596288,-92.24470358964135,34.65586026042565,1.0550836333196194,69.37296081815667,3.6281079606858975
f4-stars-h0p1,atomic_helium,0.15000000000000002,5.9581745446188705,-76.64017069249083,-0.5350786397782854,-77.17524933226912,26.5142341352466,0.7709319117718721,66.24733975030152,2.9435249056128003
f4-stars-h0p1,atomic_helium,0.17500000000000002,7.866329236173535,-56.36090965222321,0.5517786768927982,-55.80913097533041,18.81942098848171,0.920443682604284,61.18300737626814,2.3114749121997886
f4-stars-h0p1,atomic_helium,0.2,9.163960930948774,-30.60038084549602,1.823078727518562,-28.777302117977456,20.178401818751592,1.2546987686123234,55.373236701039886,1.766211374786313
f4-stars-h0p1,atomic_helium,0.225,9.766231609762228,-1.2354113037718197,3.1525512387868804,1.9171399350150606,28.329086924283242,1.563877008506943,50.57751263689872,1.4484065518445746
f4-stars-h0p1,atomic_helium,0.25,9.660969029941546,26.726666382841817,4.391970311344474,31.118636694186293,36.14488612162243,1.8130177138644827,48.26152376713954,1.4560809317668846
f4-stars-h0p1,atomic_helium,0.275,8.92802598848366,47.03299380162393,5.414564487195676,52.44755828881961,42.80114251630188,2.005998888430961,47.31632548103711,1.7656662608694198
f4-stars-h0p1,atomic_helium,0.30000000000000004,7.889975485638246,54.881699300973736,6.109207580589341,60.99090688156308,49.19086868966437,2.1463084429547874,46.32638027674481,2.244726830141477
f4-stars-h0p1,atomic_helium,0.325,6.99590951853471,48.55282735087378,6.509878207281328,55.0627055581551,54.78293077768774,2.255465225855734,43.686582340209775,2.8372869321113225
f4-stars-h0p1,atomic_helium,0.35000000000000003,6.715499746648848,31.396270158186585,6.799679652822181,38.19594981100877,55.779038153102114,2.422884528630344,38.89007204783255,3.5240466233158236
f4-stars-h0p1,atomic_helium,0.375,6.868056236852643,16.164779699539714,7.259233350034126,23.42401304957384,49.09592774936706,2.735763795000655,34.29324728655669,4.067507188461124
f4-stars-h0p1,atomic_helium,0.4,7.152240153944777,10.98662807515471,7.9352459278449246,18.921874002999637,40.27080504310332,3.186343582123559,32.28140059767847,4.3839807686907735
f4-stars-h0p1,atomic_helium,0.42500000000000004,7.232023535188846,10.115202189596872,8.590057344326436,18.705259533923307,33.55701903747622,3.7392876188850472,32.58682818777962,4.564675947924405
f4-stars-h0p1,atomic_helium,0.45,7.113979592560808,9.194306186626234,9.170281918625243,18.364588105251478,32.46752749237651,4.3956616541838365,34.16568118231365,4.633471919884483
f4-stars-h0p1,atomic_helium,0.47500000000000003,7.019522427963921,9.669069714856496,9.72897330666143,19.39804302151793,36.896912629661706,5.025106194562083,36.60960759678593,4.571094799146463
f4-stars-h0p1,atomic_helium,0.5,6.872574167971091,12.704453186034138,10.436165169121312,23.14061835515545,41.64629787089775,5.5595547158430225,39.496937271956185,4.465182363782011
f4-stars-h0p1,atomic_helium,0.525,6.675986047080754,17.829459523150906,11.30929432189732,29.138753845048228,46.432613935054476,5.984175087021642,42.140030832513595,4.423187046126228
f4-stars-h0p1,atomic_helium,0.55,6.667596096942934,24.138462919368205,12.277028485751245,36.415491405119454,51.31278416982015,6.199488023034275,44.05891473906989,4.510074735471835
f4-stars-h0p1,atomic_helium,0.5750000000000001,6.872236989869724,29.204462743559976,13.139189634051023,42.343652377611,55.55751709969914,6.211925525223375,45.89405055489355,4.732381410947934
f4-stars-h0p1,atomic_helium,0.6000000000000001,7.284292636245971,32.57934747585356,13.71366186360834,46.2930093394619,57.30699857339698,6.08897609918689,48.275302077229725,5.0637716064486575
f4-stars-h0p1,atomic_helium,0.625,7.697018078612889,35.229031662175,13.990575968959934,49.219607631134934,56.14996030415551,5.903140492131546,51.3443252353947,5.432947381945754
f4-stars-h0p1,atomic_helium,0.65,7.945461603577614,36.96948272268143,14.093941360686314,51.06342408336774,54.66312694966457,5.668524015992651,53.71311734829982,5.770412608254447
f4-stars-h0p1,atomic_helium,0.675,7.995415128871488,36.05805315540832,14.110418040988431,50.16847119639675,56.40270560517347,5.473891575875508,54.998063500288005,6.067711847607219
f4-stars-h0p1,atomic_helium,0.7000000000000001,7.859977177289059,30.912275224629493,14.032646621982913,44.9449218466124,60.609439534306716,5.394471610930745,56.36908118893083,6.344766761013999
f4-stars-h0p1,atomic_helium,0.7250000000000001,7.636349595023047,22.842794194252676,13.910994016767985,36.75378821102066,61.77429261848324,5.358460302957632,58.7700916479969,6.594007423769199
f4-stars-h0p1,atomic_helium,0.75,7.3214790457058525,17.190397356916073,13.970246802077437,31.16064415899351,56.27236221427889,5.200902114003589,62.26684114395426,6.8112366206347055
f4-stars-h0p1,atomic_helium,0.775,7.312533646447179,16.15954364101579,14.424725970181944,30.584269611197733,49.755183427609,5.0207861515147005,64.93566343815559,6.912938066194657
f4-stars-h0p1,atomic_helium,0.8,7.645386643452507,18.826669869964608,15.19343780449613,34.02010767446074,46.264518666298116,4.854366862189988,66.24222776237073,6.891151947142314
f4-stars-h0p1,atomic_helium,0.8250000000000001,7.9586540148087295,23.614450081612947,16.008544192537716,39.62299427415066,42.9866423402135,4.702666659149782,66.48641398542223,6.837517890952699
f4-stars-h0p1,atomic_helium,0.8500000000000001,8.08462334068085,30.045131619702232,16.78851040788294,46.83364202758517,40.06563189416903,4.605909167265767,66.12661785771951,6.839412273971639
f4-stars-h0p1,atomic_helium,0.875,7.985773071165299,38.067680688758614,17.62753267705496,55.69521336581357,40.109679820265534,4.5721344752721995,65.06732166740788,6.95373662730578
f4-stars-h0p1,atomic_helium,0.9,7.8132626114018615,45.44523890417,18.520716845079775,63.96595574924977,43.16452577721773,4.558545023596442,63.61869956318702,7.1093824498212435
f4-stars-h0p1,atomic_helium,0.925,7.774106598535367,50.561913267736486,19.515558602201324,70.07747186993781,45.97079397951207,4.516196957698896,62.719404925858385,7.238867393840472
f4-stars-h0p1,atomic_helium,0.9500000000000001,7.9881826613916385,53.63621944542239,20.618153522330065,74.25437296775246,46.586515827678625,4.451837049674187,63.12314596187134,7.284583200531877
f4-stars-h0p1,atomic_helium,0.9750000000000001,8.459018746832431,56.33962374796376,21.67593291761151,78.01555666557528,49.64006286866393,4.507644601674667,63.89032552338387,7.190015504528205
f4-stars-h0p1,atomic_helium,1.0,9.201848054291524,59.931472438491,22.580731571413562,82.51220400990456,59.726805898125285,4.782470560948044,63.98344089248345,6.984813866387878
f4-stars-h0p1,atomic_helium,1.0250000000000001,9.892936349544751,65.99574453887575,23.419902652604385,89.41564719148013,69.45923738412911,5.076860252622535,64.23275954772357,6.8355988234306615
f4-stars-h0p1,atomic_helium,1.05,10.388310570289676,72.41675663371646,24.17591710343547,96.59267373715193,75.59828291412803,5.322329849692292,65.34187790424055,6.7742056181138945
f4-stars-h0p1,atomic_helium,1.075,10.60574664954105,78.61366942389705,24.837644645363174,103.45131406926022,76.9790479705571,5.506175787492996,67.53260951804688,6.813925016800036
f4-stars-h0p1,atomic_helium,1.1,10.517726043552798,86.43680564650101,25.48957971545491,111.92638536195592,74.23282626751855,5.60852783400188,70.63233292022066,6.992295140934646
f4-stars-h0p1,atomic_helium,1.125,10.160771204977573,96.3830506593416,26.291187145058935,122.67423780440055,71.55609017431742,5.593464279897115,73.46186912731851,7.310951126577582
f4-stars-h0p1,atomic_helium,1.1500000000000001,9.759242803979584,103.9645195112826,27.153730640433707,131.11825015171632,72.06252318927663,5.479940072438831,75.1269924800464,7.6961752905011025
f4-stars-h0p1,atomic_helium,1.175,9.410152328842146,105.8377393472495,27.92048145960492,133.7582208068544,73.89007026961066,5.289897009165178,75.80059745365355,8.064951011950464
f4-stars-h0p1,atomic_helium,1.2000000000000002,9.123188463830225,102.8257436830076,28.527412049857297,131.3531557328649,74.03216107669368,5.073361617241245,76.20261247132964,8.360851398084336
f4-stars-h0p1,atomic_helium,1.225,9.224011927829423,95.76394324438847,28.77455474785211,124.53849799224058,75.86380169926413,5.020424987980554,76.79896157721659,8.506402041413372
f4-stars-h0p1,atomic_helium,1.25,9.541200031586914,94.72934543772489,29.095203621510162,123.82454905923505,74.88498784285817,4.844449918090712,78.26196735501159,8.493832409712175
f4-stars-h0p1,atomic_helium,1.2750000000000001,9.96886355181308,98.5125451574704,29.58796847871221,128.1005136361826,72.48930919040974,4.583260718861088,80.0416953499825,8.404648934687575
f4-stars-h0p1,atomic_helium,1.3,10.280620751465381,104.83786092083241,30.228061010471958,135.06592193130436,68.18783666821628,4.262656745813271,81.99631734439441,8.27514860252901
f4-stars-h0p1,atomic_helium,1.3250000000000002,10.383167193044553,112.80449845381129,30.95274669817403,143.75724515198533,63.23226416485787,3.9134976624075675,83.9525996139333,8.094675284024902
f4-stars-h0p1,atomic_helium,1.35,10.224674115599186,121.76958558265754,31.720154777818117,153.48974036047565,60.37302670415674,3.599448968517837,85.89193812787583,7.911497616804311
f4-stars-h0p1,atomic_helium,1.375,9.806610226474474,131.3492978824305,32.503930117658996,163.8532280000895,58.75367875289369,3.3239906491414004,87.92462624455045,7.791033386962155
f4-stars-h0p1,atomic_helium,1.4000000000000001,9.188461852243154,140.83534342025126,33.32360274571537,174.15894616596663,56.834949189326615,3.057398609264614,90.39758915847881,7.800169578195876
f4-stars-h0p1,atomic_helium,1.425,8.579853582921256,149.55693318482716,34.19410661512387,183.75103979995103,53.93244861555349,2.829160928865279,92.65698089600222,7.913577964244345
f4-stars-h0p1,atomic_helium,1.4500000000000002,8.161746014571438,158.24434937166055,35.09415458743177,193.33850395909232,50.95977263709313,2.667101560230329,94.07048634017521,8.073107191446157
f4-stars-h0p1,atomic_helium,1.475,7.860427384028077,168.30462094085667,36.00338099046603,204.30800193132268,49.28765832694747,2.5869980844543696,94.03440729049038,8.18649953703742
f4-stars-h0p1,atomic_helium,1.5,7.47362481840771,179.35630316570862,36.872768407502214,216.22907157321083,49.89225255897239,2.5838546071337527,92.22367301947304,8.181933803359788
f4-stars-h0p1,atomic_helium,1.5250000000000001,6.950297841438125,189.12325951183684,37.62567375254007,226.7489332643769,53.254292233469,2.671656061736568,88.93996632153628,8.052412818040526
f4-stars-h0p1,atomic_helium,1.55,6.38006703550111,194.92540937874617,38.21049863885844,233.1359080176046,58.680266269987854,2.864041139930866,84.14623767285379,7.757895177655366
f4-stars-h0p1,atomic_helium,1.5750000000000002,5.822296579871866,195.54639711483006,38.61416988336618,234.16056699819623,63.52122391158501,3.1490887148641318,78.37023256753866,7.328294298584502
f4-stars-h0p1,atomic_helium,1.6,5.427685413123321,192.02864449208133,38.83771650312409,230.8663609952054,65.64679494040234,3.501743655037633,72.53845806408684,6.8381247986400835
f4-stars-h0p1,atomic_helium,1.625,5.185310775089372,188.3644712726578,38.95956760824553,227.32403888090332,67.01660850172826,3.8914395834139106,67.81455850510818,6.386408178283755
f4-stars-h0p1,atomic_helium,1.6500000000000001,4.9931889565632925,186.61658691824974,39.083828912705194,225.70041583095494,69.19523355817503,4.272673517755636,64.68543912808863,6.044798352813396
f4-stars-h0p1,atomic_helium,1.675,4.856632449868544,185.16628055887367,39.194808806584554,224.3610893654582,69.88116149445985,4.510681324061894,62.01259091125701,5.838021886708414
f4-stars-h0p1,atomic_helium,1.7000000000000002,4.722618553798091,183.412834740509,39.3137541649681,222.72658890547712,67.58518222627234,4.557713705262826,59.900350928800414,5.769556293343973
f4-stars-h0p1,atomic_helium,1.725,4.509524683824969,181.62258044883498,39.46472193364751,221.0873023824825,62.34317092129468,4.47823773452936,58.551083606134306,5.800292091264618
f4-stars-h0p1,atomic_helium,1.75,4.227897792626177,182.47485645913403,39.72711099224729,222.20196745138134,57.16633929135037,4.41850815511105,57.56418485906377,5.8254903483840765
f4-stars-h0p1,atomic_helium,1.7750000000000001,3.8596018785096335,185.06246069588457,40.00933408773455,225.0717947836191,54.875439795235785,4.431960734963811,55.26794684060171,5.7059993488146
f4-stars-h0p1,atomic_helium,1.8,3.4397668481770856,184.44381492342467,40.14295395738592,224.58676888081058,54.69339791795623,4.467719334193416,51.22768464656194,5.421844716790776
f4-stars-h0p1,atomic_helium,1.8250000000000002,3.061083764016714,176.76583414621538,40.00281453905994,216.7686486852753,54.495995858909595,4.445176589344646,45.81626532979545,5.034200068580826
f4-stars-h0p1,atomic_helium,1.85,2.9144471067938857,165.66939938925256,39.71224421333122,205.38164360258378,52.32121223119847,4.3860446028905615,41.902662735914475,4.651963500667707
f4-stars-h0p1,atomic_helium,1.875,3.004521602335219,157.24342759558033,39.4530329227503,196.69646051833064,48.76628942476412,4.340386744489575,40.553268706043085,4.473599339085561
f4-stars-h0p1,atomic_helium,1.9000000000000001,3.2114987811802957,153.38022892031776,39.23575695860951,192.61598587892726,45.72218238697117,4.298306614042311,39.96010608925579,4.418407146041732
f4-stars-h0p1,atomic_helium,1.925,3.3708800030167416,152.84889740795782,39.06106286049726,191.90996026845508,43.86862313144895,4.300609798016369,39.08427459099607,4.354811361405028
f4-stars-h0p1,atomic_helium,1.9500000000000002,3.3859334480961296,154.41451718465436,38.992982810443976,193.40749999509833,43.05514636265816,4.366712630496308,38.25081448941327,4.252438064523719
f4-stars-h0p1,atomic_helium,1.975,3.280765159559952,156.72340375592057,39.06429598807901,195.78769974399958,43.36537052761711,4.478138291202499,37.58004883421595,4.164184809785226
f4-stars-h0p1,atomic_helium,2.0,3.1384264094406014,158.08522420830266,39.202198244311965,197.28742245261463,44.13381058537553,4.568401287348677,36.94717799686146,4.116814338370387
f4-stars-h0p1,atomic_helium,2.025,2.9849162544082697,157.8756359476255,39.26278744364143,197.13842339126694,43.85112827592963,4.555648386499422,36.23428979094477,4.095138676609145
f4-stars-h0p1,atomic_helium,2.0500000000000003,2.815411775454132,156.3145822282647,39.1833126887656,195.4978949170303,41.72933506373827,4.417647785130069,35.720830934421464,4.118234914497993
f4-stars-h0p1,atomic_helium,2.075,2.67247909045017,153.78707739871246,39.00316050213372,192.79023790084617,39.331252132309636,4.249950081602965,35.033632356515746,4.130156184799074
f4-stars-h0p1,atomic_helium,2.1,2.563302878924432,150.44671237576014,38.740375394729824,189.18708777048997,38.59943825370232,4.15864760071464,33.593382847551396,4.047872096951892
f4-stars-h0p1,atomic_helium,2.125,2.4703728677373196,145.52798061111952,38.35647849958505,183.88445911070457,39.828042363583,4.207861860324913,31.408222620725464,3.8486397355965947
f4-stars-h0p1,atomic_helium,2.15,2.3694104217332423,139.901480209911,37.939555921113495,177.8410361310245,39.736230682980974,4.256110715442296,29.563136484001298,3.613416662361093
f4-stars-h0p1,atomic_helium,2.1750000000000003,2.2874190856290877,134.80536084831394,37.543385020148094,172.34874586846203,37.328479803378315,4.1981998466943535,28.785569540543108,3.396784564727242
f4-stars-h0p1,atomic_helium,2.2,2.234319316063811,132.14767014745175,37.26162545612841,169.40929560358015,33.85402619194207,4.060900626956061,28.828277160408156,3.220872396783922
f4-stars-h0p1,atomic_helium,2.225,2.1922358115255203,132.93165276063385,37.19791499784073,170.1295677584746,30.920692549312026,3.9909097287220097,28.761579762615387,3.0853798163726625
f4-stars-h0p1,atomic_helium,2.25,2.128792776333333,135.3029161645669,37.23155627215728,172.53447243672417,30.904495245382023,4.004392569196576,28.39604858384728,3.0055202655995314
f4-stars-h0p1,atomic_helium,2.275,2.003961169975118,137.17655807591623,37.170385925551315,174.34694400146753,33.81135089846955,4.02474412888548,27.189497888728923,2.932714768048485
f4-stars-h0p1,atomic_helium,2.3000000000000003,1.858576428650593,136.18514180803803,36.90959514520945,173.0947369532475,36.55039538105085,4.037477304177502,24.69441318755918,2.8030828331991406
f4-stars-h0p1,atomic_helium,2.325,1.6898342629254381,131.41425780684486,36.49803457501359,167.91229238185844,35.6598157115097,4.001503507685945,21.924688632653044,2.6267875775922387
f4-stars-h0p1,atomic_helium,2.35,1.5721768963322602,126.48567449790436,36.1592467740046,162.64492127190897,31.85575416207886,3.942795939305572,20.275571102586234,2.468126270430062
f4-stars-h0p1,atomic_helium,2.375,1.5416197458259386,125.10088892635825,36.04130805487562,161.14219698123387,30.75532113326473,3.9360353763905427,20.775874451630177,2.47112905966109
f4-stars-h0p1,atomic_helium,2.4000000000000004,1.5390939643445745,123.74353022648363,35.847153467478236,159.59068369396186,32.635147086817824,3.9891379565002234,19.92982347744316,2.4571306007702254
f4-stars-h0p1,atomic_helium,2.4250000000000003,1.5345159920200138,119.30470319702609,35.418307934309276,154.72301113133537,35.128200145963994,4.059473923138499,18.239236612185685,2.3765837984792832
f4-stars-h0p1,atomic_helium,2.45,1.5742849377403583,112.40896333486835,34.83366336390493,147.24262669877328,35.281292415356255,4.04655158942174,16.27817694005148,2.2325343235264143
f4-stars-h0p1,atomic_helium,2.475,1.659593047722323,107.108547267554,34.30725877629885,141.41580604385285,32.45726282746564,3.9269858096663453,15.050133377240726,2.0462370559636405
f4-stars-h0p1,atomic_helium,2.5,1.7359103029592078,105.96878719889781,33.98937645597079,139.9581636548686,28.563571212441406,3.785393584069009,14.520064647555099,1.8648070832029946
f4-stars-h0p1,atomic_helium,2.5250000000000004,1.7259569669884602,107.51539339755479,33.81145077162152,141.3268441691763,25.599223645935986,3.667711529082816,14.430349271651451,1.7502994817260982
f4-stars-h0p1,atomic_helium,2.5500000000000003,1.605732090676882,108.07261399247416,33.527659086164945,141.6002730786391,24.68456503382244,3.5109539109295365,13.908207105778391,1.642243681406307
f4-stars-h0p1,atomic_helium,2.575,1.4536269827021133,105.61314627837152,33.13715911717612,138.75030539554763,25.62752669228,3.35156598744609,13.173362952984277,1.5493764483615597
f4-stars-h0p1,atomic_helium,2.6,1.3513080774690036,100.50819096924154,32.68345605567041,133.19164702491196,26.116711761264842,3.233010877462793,12.418721631823406,1.4438975329893569
f4-stars-h0p1,atomic_helium,2.625,1.3077762055726865,96.72306915877493,32.28440688853587,129.0074760473108,24.59915190358666,3.117697882087445,12.075590838200286,1.3307036528309044
f4-stars-h0p1,atomic_helium,2.6500000000000004,1.2866817210906087,95.76188618887257,32.008714331410175,127.77060052028274,22.862277734616985,2.9726570972047264,12.140542966384693,1.2378408212291676
f4-stars-h0p1,atomic_helium,2.6750000000000003,1.2771571301149338,95.02936651875753,31.776590704866248,126.80595722362378,21.284753859797178,2.7702755531725094,12.358769724407349,1.2027417471474922
f4-stars-h0p1,atomic_helium,2.7,1.2473766562241309,93.0282859895829,31.54545297751346,124.57373896709636,19.540988545302383,2.524051336121062,12.57724082177374,1.1751102474890907
f4-stars-h0p1,atomic_helium,2.725,1.2156951235643318,91.82968860304892,31.495496244323427,123.32518484737236,18.014953814597007,2.411849320415538,12.780102074677826,1.1841923010891962
f4-stars-h0p1,atomic_helium,2.75,1.1907134349097033,91.41414253038798,31.52571674198508,122.93985927237306,16.685018025749553,2.3583542111646763,12.909861098552385,1.2643817660603895
f4-stars-h0p1,atomic_helium,2.7750000000000004,1.1651437203311348,91.30921980001915,31.549277875680602,122.85849767569975,15.691886592674244,2.3083385674098222,12.796270532311278,1.3675672905565404
f4-stars-h0p1,atomic_helium,2.8000000000000003,1.1063113987292412,91.27674100127307,31.502554703702486,122.77929570497555,14.348562236978902,2.2231268173201646,12.728374888016395,1.4336483641025501
f4-stars-h0p1,atomic_helium,2.825,1.0223453378129923,91.47263171284574,31.407588400767555,122.88022011361329,12.59313281868762,2.1186418179183044,12.916264093216682,1.4489439742267634
f4-stars-h0p1,atomic_helium,2.85,0.9549753548787192,91.91819842219606,31.319793917044947,123.237992339241,11.191534454180525,2.022833539571595,13.204606480236535,1.405827049879306
f4-stars-h0p1,atomic_helium,2.875,0.9213816545708569,91.8122564573902,31.22318019980477,123.03543665719498,11.2379639344186,1.9633981225014656,13.597403423936857,1.3123799570423793
f4-stars-h0p1,atomic_helium,2.9000000000000004,0.9214687230179535,90.39319436161414,31.034612391310286,121.42780675292443,14.046113121930897,2.022683861325776,14.006028827775085,1.2084613306402754
f4-stars-h0p1,atomic_helium,2.9250000000000003,0.9477032139410437,87.91832439920513,30.7077978564909,118.62612225569603,17.431576226579764,2.2009871920960893,14.345147719195,1.1273202827896087
f4-stars-h0p1,atomic_helium,2.95,0.9818139689549645,85.40497408009922,30.31114558442336,115.71611966452258,19.115272701258355,2.3728413823602965,14.438847894812357,1.0754330697843884
f4-stars-h0p1,atomic_helium,2.975,1.0331852701083937,84.04078213300306,29.98727925551668,114.02806138851975,19.321102712442404,2.468274122942761,14.03447011230507,1.0739359717239039
f4-stars-h0p1,atomic_helium,3.0,1.0786441320645102,83.51923985080799,29.703097104149126,113.22233695495711,18.612864898048777,2.4378622467759707,13.435086429133307,1.0967292158378517
f4-stars-h0p1,atomic_helium,3.0250000000000004,1.0763069101037825,83.40013987697145,29.468892622206344,112.86903249917779,16.856496450177026,2.3247768640441415,12.963569945282268,1.1546372918420136
f4-stars-h0p1,atomic_helium,3.0500000000000003,1.0127178204216736,83.6015038488115,29.30581210581294,112.90731595462444,14.589881451094998,2.19628005479544,12.648391540430618,1.2241856368410013
f4-stars-h0p1,atomic_helium,3.075,0.9183329947366132,84.1502237146918,29.233360716239925,113.38358443093173,13.470500057146916,2.1177374201602097,12.454039808701589,1.2858246207759807
f4-stars-h0p1,atomic_helium,3.1,0.8224765605736302,84.70289390310948,29.207036086926834,113.90992999003632,14.354157324908966,2.1261708951709606,12.116695126021819,1.3433634946755095
f4-stars-h0p1,atomic_helium,3.125,0.7224761987400453,84.20500339031469,29.099657979471537,113.30466136978623,16.054839714153417,2.2223766530285554,11.824634841824073,1.408509340909946
f4-stars-h0p1,atomic_helium,3.1500000000000004,0.6334875167116292,82.33619560376567,28.9360018580554,111.27219746182107,17.312884661358396,2.373934490341438,11.393513752671723,1.474565790835671
f4-stars-h0p1,atomic_helium,3.1750000000000003,0.5811259020293066,79.74366491038933,28.686602538213787,108.43026744860312,17.770477850108694,2.4691684503796245,11.027892224882148,1.490004713504547
f4-stars-h0p1,atomic_helium,3.2,0.5604276061560974,77.45107933227662,28.318308043797217,105.76938737607384,17.259144805789095,2.425802707861938,10.529930169005013,1.4329786180267505
f4-stars-h0p1,atomic_helium,3.225,0.551334748545271,76.30148993216162,27.957983193200135,104.25947312536175,15.674525985255656,2.281091842962037,9.853699566932907,1.3581593059539472
f4-stars-h0p1,atomic_helium,3.25,0.5190253646672758,75.09975175076916,27.595782544160425,102.69553429492959,12.97952815201407,2.0461945310742897,9.139125342136444,1.2891933620482583
f4-stars-h0p1,atomic_helium,3.2750000000000004,0.4748305481623948,72.8071778515673,27.271362933642845,100.07854078521015,11.195622072839383,1.8067907863192405,8.392412324400146,1.2256163412574892
f4-stars-h0p1,atomic_helium,3.3000000000000003,0.46553583929322023,69.39968406090115,27.030716346660697,96.43040040756185,11.549586170128226,1.6891100402492614,7.701511323776203,1.1359681402606936
f4-stars-h0p1,atomic_helium,3.325,0.5235015892868091,66.24267576705456,26.792029316898518,93.03470508395309,11.822424608997249,1.636131465411736,7.614541620741058,1.0430541208835689
f4-stars-h0p1,atomic_helium,3.35,0.6504065780278496,65.37482873046146,26.61764456113959,91.99247329160104,11.948390603686427,1.6562151622452543,8.465440784441606,1.026229688117989
f4-stars-h0p1,atomic_helium,3.375,0.764031905831669,65.93386883008625,26.466646244441563,92.40051507452782,11.541420258543468,1.6739638086563728,9.578135296514251,1.0641604127112605
f4-stars-h0p1,atomic_helium,3.4000000000000004,0.8070583485545412,66.98175497031191,26.300787726911608,93.28254269722352,10.645109021554251,1.6602579669750035,10.437826065831757,1.108217071430774
f4-stars-h0p1,atomic_helium,3.4250000000000003,0.7750565135059634,67.84290042748505,26.15545043424616,93.99835086173121,9.857714907952426,1.63299200939647,10.799748134167288,1.1425278107360188
f4-stars-h0p1,atomic_helium,3.45,0.7056045203933125,67.44339234158585,25.984425008971062,93.42781735055691,9.780963955131549,1.567855578680125,10.63863871571451,1.151760068744485
f4-stars-h0p1,atomic_helium,3.475,0.6453426659295143,66.44630112850159,25.855453303766296,92.30175443226788,9.852684396276704,1.5111401117817687,10.116636089654323,1.1250143657554668
f4-stars-h0p1,atomic_helium,3.5,0.6066872796946775,66.26148073656283,25.77072583533955,92.03220657190238,9.221877302018905,1.4772833684244908,9.575662645599792,1.0774838522108805
f4-stars-h0p1,atomic_helium,3.5250000000000004,0.5532073490815479,67.00039094725255,25.695090288367975,92.69548123562053,8.767815988652016,1.4705820401169136,9.007297446132927,1.027228880149526
f4-stars-h0p1,atomic_helium,3.5500000000000003,0.47658537845678217,67.51298429464633,25.540563838244324,93.05354813289065,9.272602493337098,1.4741368671022617,8.315608566857588,0.9862903697975834
f4-stars-h0p1,atomic_helium,3.575,0.39142060589942707,66.36517933236563,25.27424718621685,91.63942651858248,9.96148106907032,1.459992693890199,7.54219959704761,0.9657620023346882
f4-stars-h0p1,atomic_helium,3.6,0.3256606234685844,63.33798434430887,24.909540305168065,88.24752464947693,9.472089757823964,1.381137323011924,6.780223622792469,0.9549877391448619
f4-stars-h0p1,atomic_helium,3.625,0.30274598798385016,60.1941654476587,24.534503366468595,84.72866881412729,7.607537781790895,1.2438881272433284,6.357400424392093,0.9571132268882175
f4-stars-h0p1,atomic_helium,3.6500000000000004,0.3068530231489259,58.70957804180133,24.248515848805827,82.95809389060716,6.0516911608808615,1.100280020091828,6.289710308775594,0.9663089707687645
f4-stars-h0p1,atomic_helium,3.6750000000000003,0.3234145413252334,58.58850822830601,24.07417644331651,82.66268467162251,5.434335115186206,1.0238802798262177,6.1076632059088665,0.9737629673230463
f4-stars-h0p1,atomic_helium,3.7,0.33593423871095146,58.53278550504827,23.97911061830968,82.51189612335794,5.213758456157524,1.0244120033349209,5.872596993145389,0.9781008142731494
f4-stars-h0p1,atomic_helium,3.725,0.3420536938288925,57.96983632645707,23.958033314751663,81.92786964120873,5.09873878039321,1.0940475622652828,5.857915896702474,0.9733565513435849
f4-stars-h0p1,atomic_helium,3.75,0.344227761895033,57.07381543823085,23.955913938700792,81.02972937693164,5.233717441984448,1.1889925003367001,6.322305426675286,0.954218862011244
f4-stars-h0p1,atomic_helium,3.7750000000000004,0.34277544268630467,56.786279620082084,23.90465072378176,80.69093034386384,5.872772068007442,1.2462179890852423,7.073939651516938,0.9319812205447316
f4-stars-h0p1,atomic_helium,3.8000000000000003,0.33092314522857097,56.70917755375883,23.776416873769463,80.4855944275283,7.035518053864411,1.264982602577622,7.664456718560213,0.9501946688332611
f4-stars-h0p1,atomic_helium,3.825,0.328327239433138,55.99745039122408,23.556905784862536,79.55435617608661,8.533592167647848,1.2361050620910532,8.152269175563498,1.053353847733296
f4-stars-h0p1,atomic_helium,3.85,0.3373037403402493,54.718621761654894,23.298648128183714,78.01726988983862,9.462211876755172,1.1691823306335023,8.337587792714585,1.1801108169756969
f4-stars-h0p1,atomic_helium,3.875,0.3477856032964347,53.8375801156103,23.066605885657204,76.9041860012675,9.269985731204734,1.0853481390052482,8.212643008685722,1.2637613761987911
f4-stars-h0p1,atomic_helium,3.9000000000000004,0.349045172551721,53.40762372163016,22.8598647400765,76.26748846170666,8.360605850450192,0.9860307665297172,7.766910096766958,1.2879464837646206
f4-stars-h0p1,atomic_helium,3.9250000000000003,0.34283955402395916,52.6627932971149,22.646903887914288,75.3096971850292,7.441327412888415,0.8521803643641113,7.244012793094114,1.2696020201366525
f4-stars-h0p1,atomic_helium,3.95,0.3382630615294347,51.115148449259856,22.418947586940778,73.53409603620064,6.960220606716656,0.6841457639299786,6.935119753854349,1.2264493670626426
f4-stars-h0p1,atomic_helium,3.975,0.34831739889314783,49.58317507743015,22.252395219442672,71.83557029687282,6.658914139836232,0.5779833578908462,6.912157960915164,1.177868958697178
f4-stars-h0p1,atomic_helium,4.0,0.3506912949995933,49.35932888152179,22.15244996032391,71.5117788418457,5.293888942078069,0.5770808493346834,7.219556846485882,1.1488230194619795
f4-stars-h0p1,atomic_helium,4.025,0.33489610288310523,50.287410248877265,22.069066362789524,72.35647661166679,3.9010546770499075,0.5834567141106526,7.462257027563157,1.1538452896174238
f4-stars-h0p1,atomic_helium,4.05,0.3083691966757841,50.727656328588246,21.955899156637717,72.68355548522597,5.048496822370201,0.5747012113167909,7.280645036620053,1.1816940383216281
f4-stars-h0p1,atomic_helium,4.075,0.2809408653048079,49.26400509837299,21.804081753767623,71.06808685214061,6.510946396141758,0.5544744288688079,6.807753320767476,1.2134992542556893
f4-stars-h0p1,atomic_helium,4.1000000000000005,0.26958468012682024,46.55086813031763,21.61591063698252,68.16677876730014,6.074554845580239,0.5326519979491817,6.431531429378031,1.1965268195257384
f4-stars-h0p1,atomic_helium,4.125,0.28754728612079183,44.98912564384862,21.446557485877122,66.43568312972573,4.989379036572205,0.528001159308758,6.452600564524725,1.1470565967902797
f4-stars-h0p1,atomic_helium,4.15,0.30860747851536535,44.925148039643354,21.32740434673671,66.25255238638006,3.753728544035818,0.5483552213279139,6.727194606800068,1.110236916926872
f4-stars-h0p1,atomic_helium,4.175,0.32378570499784265,45.757551892608916,21.239458717439426,66.99701061004833,3.6078074381126792,0.5942742360802312,6.909841180193438,1.1022388744363747
f4-stars-h0p1,atomic_helium,4.2,0.32209823148079136,46.49398251691505,21.143904812614572,67.63788732952962,4.836743023370761,0.6396788728309754,6.825895871844227,1.1130301337354491
f4-stars-h0p1,atomic_helium,4.2250000000000005,0.308687515260911,46.249118362177065,21.000823395649853,67.24994175782692,6.41332360296596,0.6708749904789943,6.591791452481356,1.1153212985183794
f4-stars-h0p1,atomic_helium,4.25,0.3049258867313791,44.72416838611956,20.79067794611236,65.51484633223191,7.492842814552713,0.6816400119024865,6.391365968019276,1.086484071021892
f4-stars-h0p1,atomic_helium,4.275,0.3236906449475214,42.68789070840145,20.556687152883125,63.24457786128457,7.708384767718803,0.6721521866986077,6.51809827965381,1.053256740212482
f4-stars-h0p1,atomic_helium,4.3,0.3671350330941746,41.63852422552353,20.35998482848052,61.99850905400405,7.107636579070616,0.6650781281882683,6.738275887590387,1.0297502468631976
f4-stars-h0p1,atomic_helium,4.325,0.4173282179069903,41.67184928294551,20.20314117618656,61.874990459132064,6.55341382688267,0.6625225348926105,6.8347759245363084,1.02703951359899
f4-stars-h0p1,atomic_helium,4.3500000000000005,0.44977600458078193,42.23576044888887,20.073916682351786,62.309677131240655,6.501910282029054,0.6545595357666075,6.8528430105045945,1.051927684360126
f4-stars-h0p1,atomic_helium,4.375,0.44057229210082927,42.886718019369276,19.960312601723157,62.84703062109243,6.169237480137999,0.6355873343171472,7.040956295508228,1.1088814513991347
f4-stars-h0p1,atomic_helium,4.4,0.4031419637308845,43.450854789837976,19.873397044007504,63.32425183384548,5.3864607071662265,0.6123493995999101,7.571249334726717,1.2002343297592282
f4-stars-h0p1,atomic_helium,4.425,0.36557761686933204,43.90174575185747,19.82573592362719,63.727481675484654,4.891110178968496,0.5942040947395307,8.204690888685674,1.2955840773530425
f4-stars-h0p1,atomic_helium,4.45,0.3329866193410396,44.08105808221494,19.808087061547045,63.88914514376198,4.892948458831103,0.5825619156813486,8.569711173502805,1.3549214207077682
f4-stars-h0p1,atomic_helium,4.4750000000000005,0.3093698275015482,44.25949239780255,19.787281244711004,64.04677364251356,5.641068507070461,0.5611938333794342,8.428617751990762,1.3498525697833075
f4-stars-h0p1,atomic_helium,4.5,0.28504234042849974,44.508692908223296,19.72040206822211,64.22909497644541,6.31599467388008,0.540071149101837,7.880326646631297,1.2864312136690526
f4-stars-h0p1,atomic_helium,4.525,0.2556177352712691,44.400482674542936,19.604250605424557,64.0047332799675,6.565239324689273,0.5359280070384663,7.107974307592396,1.1985920965099062
f4-stars-h0p1,atomic_helium,4.55,0.22729856992278308,43.32426569376545,19.435320321126767,62.759586014892214,6.879933039236893,0.5482054682041024,6.253852891022349,1.103859218877657
f4-stars-h0p1,atomic_helium,4.575,0.21836533702487926,40.984132305703746,19.21566496330149,60.19979726900523,6.968549640737765,0.5415206394060907,5.494406236436348,0.9848265376132351
f4-stars-h0p1,atomic_helium,4.6000000000000005,0.240180229397155,38.364831979090546,18.9949153533546,57.359747332445146,6.377763018896792,0.4865236359301504,5.1815708336225175,0.8611784854176304
f4-stars-h0p1,atomic_helium,4.625,0.2865321957438494,37.286173465675006,18.847833818288624,56.134007283963626,5.742311356328704,0.4306290675701426,5.3557683841417045,0.7903250591135135
f4-stars-h0p1,atomic_helium,4.65,0.338001516281105,37.736679942051964,18.76143708135543,56.498117023407396,5.160760950845687,0.4136385806054806,5.679756587902213,0.7830046587796465
f4-stars-h0p1,atomic_helium,4.675,0.3749407235436927,38.45414943368487,18.687491586546845,57.14164102023172,5.3876353607777,0.4283883770458988,5.815049799070516,0.8010731352304834
f4-stars-h0p1,atomic_helium,4.7,0.3792090032267974,38.92095588043277,18.607557085983952,57.52851296641673,5.940969203201896,0.44746344841265434,5.865739594557634,0.8283920640368263
f4-stars-h0p1,atomic_helium,4.7250000000000005,0.36094623836357836,39.16524159096234,18.519205616227172,57.68444720718951,5.826336747037759,0.45611184424470474,5.907079266265353,0.8622898514235858
f4-stars-h0p1,atomic_helium,4.75,0.3209327301125029,39.06471978753687,18.412788781304766,57.47750856884164,5.168471056718737,0.45596452332261733,5.907561368534164,0.8880193543492704
f4-stars-h0p1,atomic_helium,4.775,0.2808157813673246,38.93234298362739,18.306424335628293,57.238767319255686,5.068008475794231,0.44241302269327754,5.729716339927062,0.899234707023691
f4-stars-h0p1,atomic_helium,4.800000000000001,0.24686337570221473,38.85889462564158,18.21937209498452,57.078266720626104,5.086336007507095,0.419576904285761,5.410036993685589,0.9015275825711994
f4-stars-h0p1,atomic_helium,4.825,0.21429599058707677,38.364692699713835,18.147482906499715,56.512175606213546,4.8956627206471515,0.3927395757483372,5.36598198726416,0.9392981584865798
f4-stars-h0p1,atomic_helium,4.8500000000000005,0.19279104615236137,37.39754989422994,18.0919871720433,55.48953706627324,4.988955251703875,0.3696233656006839,5.781392245269442,1.0288270134110495
f4-stars-h0p1,atomic_helium,4.875,0.18279091891164428,36.636293051496324,18.043586536314162,54.67987958781049,4.825484716911797,0.3596931466046905,6.253369324175793,1.1132918124862679
f4-stars-h0p1,atomic_helium,4.9,0.18574459766586782,36.370847988525064,17.99434928227235,54.36519727079741,4.467009077171692,0.36471871034438236,6.508057483983172,1.1636243922402632
f4-stars-h0p1,atomic_helium,4.925000000000001,0.19397563047350114,36.09068983986829,17.92492231335268,54.01561215322097,4.880440387880111,0.39291129487411813,6.545202139692003,1.1728634650697223
f4-stars-h0p1,atomic_helium,4.95,0.20684330604463153,35.44080268624376,17.829026131352975,53.26982881759673,5.547146756597688,0.43118107871198935,6.6554315629779515,1.151154311570806
f4-stars-h0p1,atomic_helium,4.9750000000000005,0.22616337977367537,34.68797854158712,17.722886344674748,52.41086488626187,5.766654587550583,0.4588089651342887,6.9543854779050704,1.1150891980741673
f4-stars-h0p1,atomic_helium,5.0,0.24915988450653964,34.32223879449183,17.629792289749506,51.95203108424134,5.5410334561249694,0.4744047406574992,7.353457872517467,1.0938505967527385
f4-stars-h0p1,atomic_helium,5.025,0.27007414792744777,34.366593911432744,17.553312424928983,51.91990633636173,5.100299543782352,0.48565103805827525,7.733214278395217,1.0921869866418932
f4-stars-h0p1,atomic_helium,5.050000000000001,0.28280749712238934,34.66882187851742,17.48701397828564,52.15583585680306,4.5941626981693275,0.49889321002206727,8.025580147492418,1.0939833010736517
f4-stars-h0p1,atomic_helium,5.075,0.2866900326904447,35.09744772711387,17.42782095948735,52.525268686601216,4.100189616325157,0.5159862354226723,8.228450357617753,1.09132890505419
f4-stars-h0p1,atomic_helium,5.1000000000000005,0.284142341361845,35.58227696203737,17.373568947363452,52.95584590940082,3.700454118236873,0.5374095332784289,8.360584013124493,1.084146317495195
f4-stars-h0p1,atomic_helium,5.125,0.27730491471651253,36.08928300012408,17.323779427272495,53.41306242739657,3.468941684536151,0.5623813942789463,8.427030873784828,1.0737710349389717
f4-stars-h0p1,atomic_helium,5.15,0.26781902331255847,36.59266747519704,17.2768609689738,53.86952844417084,3.4492217484512064,0.5907550476456749,8.432877035067326,1.0612257022408604
f4-stars-h0p1,atomic_helium,5.175000000000001,0.2568779734000515,37.078729871072035,17.23198854372107,54.3107184147931,3.613016385738501,0.6210516263837909,8.377953898121563,1.0464560725481407
f4-stars-h0p1,atomic_helium,5.2,0.24525874788370183,37.5351161849257,17.188219352241525,54.72333553716722,3.8904845065108544,0.6522782588237903,8.269575830168447,1.0301359981796758
f4-stars-h0p1,atomic_helium,5.2250000000000005,0.2333628808885163,37.94814317312051,17.144681757866085,55.092824930986595,4.214020453840596,0.683353943606009,8.120868977903704,1.0132640641606057
f4-stars-h0p1,atomic_helium,5.25,0.2213626818644474,38.30588210928471,17.099881322614007,55.40576343189872,4.536083306101625,0.713538332508994,7.933018874113774,0.9954740581149055
f4-stars-h0p1,atomic_helium,5.275,0.20938116624678135,38.603245625176115,17.05352015546225,55.656765780638366,4.834864364188697,0.742535577788636,7.715011280213862,0.9770985622417332
f4-stars-h0p1,atomic_helium,5.300000000000001,0.19760955056038038,38.842327858245405,17.005373887838303,55.84770174608371,5.100652727020064,0.769913023890729,7.4798765676566425,0.9585225271077489
f4-stars-h0p1,atomic_helium,5.325,0.18591650887413666,39.01867238069373,16.954393059012865,55.973065439706595,5.325853361493283,0.7955046968970357,7.2275150194242945,0.9395100957282808
f4-stars-h0p1,atomic_helium,5.3500000000000005,0.17450759070943384,39.137808146514494,16.900837409240797,56.038645555755295,5.513258151689197,0.8191573572429993,6.961803119686777,0.9204973105920505
f4-stars-h0p1,atomic_helium,5.375,0.16349925116559783,39.20699604975431,16.844796159921266,56.051792209675575,5.664504614629956,0.8409280158443448,6.6938908403609245,0.901505874702782
f4-stars-h0p1,atomic_helium,5.4,0.15291266281937682,39.22537651131056,16.78603514542293,56.011411656733486,5.77998758343653,0.8605702216668265,6.42588204343867,0.8829337658995201
f4-stars-h0p1,atomic_helium,5.425000000000001,0.14270020036321907,39.19821212646352,16.724497340231615,55.92270946669513,5.863854328253989,0.878245533904281,6.155309145279222,0.8645059599022072
f4-stars-h0p1,atomic_helium,5.45,0.13288266204616436,39.128910285615,16.660066414814814,55.788976700429814,5.920381803744501,0.8941532661089153,5.8869046402455085,0.8459938091136779
f4-stars-h0p1,atomic_helium,5.4750000000000005,0.12357863834921834,39.02371099866497,16.593255759047594,55.61696675771256,5.953188751545916,0.9082545775507095,5.622881194945677,0.8275692986127123
f4-stars-h0p1,atomic_helium,5.5,0.11468100913697361,38.88402339864077,16.523733258835893,55.40775665747667,5.9615680553383905,0.9203548700298123,5.361437495659458,0.8095531281100198
f4-stars-h0p1,atomic_helium,5.525,0.10623698521256755,38.71137977910651,16.451331284091413,55.16271106319792,5.9511109763468255,0.9308466541058488,5.107008352226152,0.7921180994961196
f4-stars-h0p1,atomic_helium,5.550000000000001,0.09822862279109706,38.51337609251119,16.376873437596448,54.89024953010764,5.92582704337929,0.9398267055450008,4.860189222675347,0.7747171807467753
f4-stars-h0p1,atomic_helium,5.575,0.09064552266422315,38.287877556355035,16.299776645705375,54.587654202060406,5.884684893125174,0.9471114304484921,4.619581102002141,0.7578377093514932
f4-stars-h0p1,atomic_helium,5.6000000000000005,0.08347184525397394,38.038874185846986,16.220505835633084,54.25938002148007,5.8312185318480685,0.9529119448031161,4.384737007464863,0.7413511302190258
f4-stars-h0p1,atomic_helium,5.625,0.0767147596210419,37.7714364877748,16.13958019796534,53.91101668574014,5.765171757766705,0.9570628937610596,4.157571163816739,0.7255979129927718
f4-stars-h0p1,atomic_helium,5.65,0.0703117348194445,37.48388376454418,16.056249780390868,53.540133544935046,5.69178022796686,0.9601039571335486,3.937858217173721,0.7100589622632083
f4-stars-h0p1,atomic_helium,5.675000000000001,0.06422347346957853,37.17743797072962,15.970734087761539,53.148172058491156,5.609434530576113,0.9618296419556499,3.7235745222207677,0.6946848538463551
f4-stars-h0p1,atomic_helium,5.7,0.058429001408914806,36.853410020436314,15.882946005563564,52.73635602599988,5.520403956733646,0.9626105463293384,3.517141883182411,0.6796122222066906
f4-stars-h0p1,atomic_helium,5.7250000000000005,0.05287626778197523,36.511331726775936,15.792788795300334,52.30412052207627,5.429063606902297,0.962628475839168,3.31734459751725,0.6642582099581186
f4-stars-h0p1,atomic_helium,5.75,0.0475793967712118,36.15428606657059,15.700751936685421,51.85503800325601,5.333837520426091,0.9617853483875218,3.124249060333087,0.649251162302357
f4-stars-h0p1,atomic_helium,5.775,0.04245651445689078,35.77579606085483,15.605714384253593,51.381510445108425,5.237350424106885,0.9603380060294071,2.936365265687834,0.6341746451262267
f4-stars-h0p1,atomic_helium,5.800000000000001,0.037478409374860217,35.38118310577754,15.50874366750436,50.8899267732819,5.138214062827293,0.9581391455085597,2.7553817535621428,0.6194918679341093
f4-stars-h0p1,atomic_helium,5.825,0.03262528823724438,34.96549719542383,15.408958399365401,50.37445559478923,5.037164803856789,0.9557071049231757,2.583145635681813,0.6050917024485557
f4-stars-h0p1,atomic_helium,5.8500000000000005,0.02790114748060226,34.53317606088271,15.30761921553545,49.84079527641816,4.932082515123775,0.9528250826654363,2.4203457451070496,0.5909858923246585
f4-stars-h0p1,atomic_helium,5.875,0.023324051588290824,34.08400204694166,15.20467581563979,49.28867786258145,4.820411022195453,0.9495654711790659,2.2677937753662323,0.5770614766456988
f4-stars-h0p1,atomic_helium,5.9,0.01891096036672514,33.62189848718873,15.10112021861487,48.7230187058036,4.702358965524081,0.9456491259663733,2.1281785554881587,0.5637808786562672
f4-stars-h0p1,atomic_helium,5.925000000000001,0.01466643437826489,33.152222922820634,14.99823938455161,48.150462307372244,4.579004859657674,0.941212478011313,2.0010488773161055,0.5509663391093644
f4-stars-h0p1,atomic_helium,5.95,0.010507692379536348,32.674354836780935,14.896195461721783,47.57055029850272,4.450494007803764,0.9364489813510596,1.886271708212396,0.5386024682385188
f4-stars-h0p1,atomic_helium,5.9750000000000005,0.006347904131028068,32.188412569654986,14.79531470855255,46.98372727820754,4.317966430165448,0.9311614298939138,1.7859077853605705,0.5273847699516854
f4-stars-h0p1,atomic_helium,6.0,0.002100326298309882,31.699398821746467,14.691645325577285,46.391044147323754,4.185102773430886,0.9270300486711681,1.7063502120447205,0.5192297501245808
f4-stars-h0p1,co21,0.05,0.0006360803359544769,-68.51142663508875,-3.4151201688384853,-71.92654680392724,3.236095839436404,0.04797197249699235,37.88424019107547,0.9461175109911698
f4-stars-h0p1,co21,0.07500000000000001,0.4588903190800062,-20.721227165804326,-1.4238851253840423,-22.14511229118837,22.662117392043935,0.5189795034058089,52.28620570751552,2.9424734558829995
f4-stars-h0p1,co21,0.1,2.094688421534939,-26.427327734030975,-0.5931178350505893,-27.020445569081563,29.056086768458627,0.42489465397481274,59.90102576104186,2.4524186232794305
f4-stars-h0p1,co21,0.125,3.865848533688738,-30.67295445305905,0.40624402018611283,-30.266710432872937,32.28057911124348,0.35633250786983667,68.19133453908667,2.1345957622433964
f4-stars-h0p1,co21,0.15000000000000002,5.9581745446188705,-31.682833498683916,1.5919411205374607,-30.090892378146457,31.37794715707636,0.7469728616251093,71.9996855326909,1.8678926996283762
f4-stars-h0p1,co21,0.17500000000000002,7.866329236173535,-20.434651545230622,3.010601459816157,-17.424050085414464,24.093871827883554,1.2222017292965037,71.82151900365538,1.5817538978926153
f4-stars-h0p1,co21,0.2,9.163960930948774,2.7814626404002323,4.605669151114613,7.387131791514845,15.205692241018875,1.6646973020827294,67.96489864922081,1.2270539262131768
f4-stars-h0p1,co21,0.225,9.766231609762228,33.853742359532355,6.236865917768665,40.09060827730102,13.83858569575512,2.082703589043736,61.35959396436824,1.0218457101266214
f4-stars-h0p1,co21,0.25,9.660969029941546,64.95388750815856,7.7064506856706965,72.66033819382926,24.548795461501665,2.551930758745683,52.73629303212768,1.197213781082361
f4-stars-h0p1,co21,0.275,8.92802598848366,86.77665437644565,8.798299990966763,95.57495436741242,40.16032188031932,3.148355121783493,43.27605378653038,1.8224392285509587
f4-stars-h0p1,co21,0.30000000000000004,7.889975485638246,92.3108710235245,9.311365630899093,101.62223665442359,55.313400847130005,3.8216563622500463,35.19918403425309,2.7293488933121317
f4-stars-h0p1,co21,0.325,6.99590951853471,80.7730692262756,9.306782499245172,90.07985172552077,64.32882935611538,4.367455057553695,36.088922637179664,4.061208642183902
f4-stars-h0p1,co21,0.35000000000000003,6.715499746648848,63.67804120341948,9.409214018130555,73.08725522155004,62.941749743417844,4.709911395404051,47.30187351788753,5.661281262326815
f4-stars-h0p1,co21,0.375,6.868056236852643,53.93353829036642,10.0173832243223,63.95092151468872,56.89313898959331,5.116060541694654,60.297016606409215,6.986142097501206
f4-stars-h0p1,co21,0.4,7.152240153944777,54.927995720407985,10.969490009847522,65.89748573025551,53.067644833261554,5.619989529554624,70.31193504482825,7.863696511840937
f4-stars-h0p1,co21,0.42500000000000004,7.232023535188846,60.581032594251134,11.782583148706749,72.36361574295788,53.37843366164492,6.219170290149644,77.96471964180789,8.424110441356294
f4-stars-h0p1,co21,0.45,7.113979592560808,68.00454687240709,12.368395715005615,80.37294258741271,59.94324479173794,6.979247959716847,84.24071505537003,8.731026453342192
f4-stars-h0p1,co21,0.47500000000000003,7.019522427963921,75.49666307103261,12.794098561439117,88.29076163247173,69.76224315762636,7.734858076437452,88.83058344099969,8.831526286041244
f4-stars-h0p1,co21,0.5,6.872574167971091,83.1377750054519,13.36224348359595,96.50001848904785,78.60609500502814,8.371444454283088,91.46806037946416,8.840519075076857
f4-stars-h0p1,co21,0.525,6.675986047080754,89.4455000032303,14.072928298002603,103.5184283012329,84.28733200327504,8.89539282539469,92.31649527166314,8.794738754177612
f4-stars-h0p1,co21,0.55,6.667596096942934,92.3189728344098,14.876003991368547,107.19497682577835,84.78442519900024,9.20234176467016,91.47490202747043,8.687170563439306
f4-stars-h0p1,co21,0.5750000000000001,6.872236989869724,89.5546327531623,15.471593039654318,105.02622579281662,81.55281129344445,9.313626451991933,90.44384604787027,8.59236679381776
f4-stars-h0p1,co21,0.6000000000000001,7.284292636245971,81.91790354138652,15.714920626935342,97.63282416832186,77.73108427086783,9.253817559165398,90.44595351938484,8.644404167269355
f4-stars-h0p1,co21,0.625,7.697018078612889,72.21070305305801,15.62636538963801,87.83706844269602,76.27206246857843,9.119315145427192,91.27830548248829,8.820985095012416
f4-stars-h0p1,co21,0.65,7.945461603577614,63.36198237842354,15.428390560097885,78.79037293852143,77.24055004171714,8.887443107767998,92.31945130922563,9.097081513174631
f4-stars-h0p1,co21,0.675,7.995415128871488,56.477864892695514,15.279455683436364,71.75732057613187,79.1203241425834,8.557059305194226,93.42919946206868,9.479091775614739
f4-stars-h0p1,co21,0.7000000000000001,7.859977177289059,49.60167413971332,15.027682951462296,64.62935709117562,79.44250444286354,8.144998167322838,95.28362899489683,9.996161480787379
f4-stars-h0p1,co21,0.7250000000000001,7.636349595023047,42.90634559696056,14.606173120088599,57.51251871704916,75.54619694454755,7.642011613370965,97.70295009011859,10.590513924729363
f4-stars-h0p1,co21,0.75,7.3214790457058525,38.856090218532366,14.2386358986714,53.09472611720376,68.59112551733583,7.1205279309317735,99.78180429485035,11.110897315513219
f4-stars-h0p1,co21,0.775,7.312533646447179,42.09004422291384,14.574020660095734,56.66406488300957,64.34186816478035,6.955616630490093,99.19210580335653,11.305302170729059
f4-stars-h0p1,co21,0.8,7.645386643452507,48.97804575240804,15.505295237498016,64.48334098990605,64.99935178511018,7.161847198427701,96.53495497324207,11.176225961131577
f4-stars-h0p1,co21,0.8250000000000001,7.9586540148087295,52.160023863852885,16.38632804586251,68.5463519097154,67.46356092525879,7.385963144998007,94.45117721817104,10.965250415892061
f4-stars-h0p1,co21,0.8500000000000001,8.08462334068085,50.46982100169592,17.00681755000957,67.47663855170549,70.24770210037033,7.5333275673779925,93.97744898868443,10.809570098315852
f4-stars-h0p1,co21,0.875,7.985773071165299,47.92898882737948,17.56636217742545,65.49535100480493,72.0360516806505,7.562048374976738,93.60111579659771,10.705334632197268
f4-stars-h0p1,co21,0.9,7.8132626114018615,46.13334555049651,18.090017043196255,64.22336259369277,73.33641680353709,7.513050265196923,93.18139944589065,10.657260560282802
f4-stars-h0p1,co21,0.925,7.774106598535367,46.9820150051597,18.682945908326733,65.66496091348644,74.08498659327606,7.400732690316495,93.860404863923,10.752725257736673
f4-stars-h0p1,co21,0.9500000000000001,7.9881826613916385,50.37130654447326,19.372045489017726,69.74335203349099,74.31769601893767,7.272265620181611,97.00663460521329,11.014887728650082
f4-stars-h0p1,co21,0.9750000000000001,8.459018746832431,53.56976102556529,20.02370054677771,73.593461572343,75.3297622331074,7.261443227808908,101.73145830265277,11.254360609893974
f4-stars-h0p1,co21,1.0,9.201848054291524,54.38109041380221,20.520028292465103,74.90111870626731,78.14941128034518,7.428186469741131,106.25427121791014,11.341021280152736
f4-stars-h0p1,co21,1.0250000000000001,9.892936349544751,55.57132834659271,20.98633187212777,76.55766021872049,80.64774038105863,7.588879315543281,109.98140910781925,11.406167411824725
f4-stars-h0p1,co21,1.05,10.388310570289676,57.69682811285962,21.411362263257924,79.10819037611755,82.63269589051968,7.709937359106797,112.81277939741955,11.50737771564456
f4-stars-h0p1,co21,1.075,10.60574664954105,59.68040924016198,21.742832209562838,81.42324144972481,84.12243201628318,7.787771232633303,114.75865996138926,11.641502285352246
f4-stars-h0p1,co21,1.1,10.517726043552798,61.938870251514345,22.061064180683786,83.99993443219813,85.42742075823328,7.779383631987834,116.32539341600753,11.818663995010947
f4-stars-h0p1,co21,1.125,10.160771204977573,67.2381843063966,22.616226539114912,89.85441084551152,87.79986755527008,7.628422006912748,118.33790025204642,12.034465846514577
f4-stars-h0p1,co21,1.1500000000000001,9.759242803979584,76.5510664462652,23.436988105059456,99.98805455132465,91.50096612293835,7.326602300294657,120.26328645789422,12.244585227922885
f4-stars-h0p1,co21,1.175,9.410152328842146,89.34144785921926,24.42333835355474,113.764786212774,94.32050042033657,6.843166577145466,120.93744760899325,12.383338919612946
f4-stars-h0p1,co21,1.2000000000000002,9.123188463830225,103.68779789875163,25.442493424298586,129.13029132305022,91.86075995615771,6.169781677063145,120.0759557593144,12.431664794938456
f4-stars-h0p1,co21,1.225,9.224011927829423,114.55199459341651,26.12660254664108,140.6785971400576,82.9504819387084,5.4973815409990365,118.38967873305289,12.42441157064613
f4-stars-h0p1,co21,1.25,9.541200031586914,122.49819946249069,26.634871106992335,149.13307056948304,74.23534566727524,4.973650425714129,119.68286341584107,12.308323811019383
f4-stars-h0p1,co21,1.2750000000000001,9.96886355181308,130.58003158998986,27.158471886410876,157.73850347640072,68.08777084703699,4.544454536821848,123.13448108527817,12.143497503243552
f4-stars-h0p1,co21,1.3,10.280620751465381,138.72384670082667,27.73113626933631,166.45498297016297,64.63144031959483,4.209831396035918,126.84904057630878,11.933004827552534
f4-stars-h0p1,co21,1.3250000000000002,10.383167193044553,145.28110853508275,28.277643460837826,173.55875199592057,62.57727188403524,3.9793221680385016,129.29820420394674,11.626020508995593
f4-stars-h0p1,co21,1.35,10.224674115599186,150.70294631623312,28.78803091114507,179.4909772273782,59.85113409148385,3.8200093702681945,130.18043402763814,11.286036352715351
f4-stars-h0p1,co21,1.375,9.806610226474474,156.1914148464117,29.26042483344835,185.45183967986006,57.601285100193515,3.738831806227324,130.0115460602042,11.028319356954539
f4-stars-h0p1,co21,1.4000000000000001,9.188461852243154,163.43926619176733,29.772420850103636,193.21168704187096,59.56131862626604,3.8063752034325127,129.1548706202348,10.902620728610534
f4-stars-h0p1,co21,1.425,8.579853582921256,173.0119790083315,30.381401327464406,203.3933803357959,66.80470933328813,4.072554109364673,127.61882781995385,10.897151376552328
f4-stars-h0p1,co21,1.4500000000000002,8.161746014571438,183.37117250391182,31.040281386392667,214.4114538903045,76.85831783709826,4.478374008906882,125.04911238928018,10.961958388114896
f4-stars-h0p1,co21,1.475,7.860427384028077,192.4393443952571,31.679117486319182,224.11846188157628,86.42750419192944,4.909647599851404,121.01234505479778,10.968813642071767
f4-stars-h0p1,co21,1.5,7.47362481840771,199.23836442036267,32.2519560345015,231.49032045486416,93.8464521456804,5.304621123381858,115.55240685202664,10.81661945444718
f4-stars-h0p1,co21,1.5250000000000001,6.950297841438125,202.40911800993084,32.67267509106507,235.0817931009959,98.64098233410706,5.63830161803544,109.38126092057011,10.553675893347354
f4-stars-h0p1,co21,1.55,6.38006703550111,200.9505904183885,32.844525847540844,233.79511626592932,100.85412696322918,5.874999059728881,103.47237697797532,10.216794386947255
f4-stars-h0p1,co21,1.5750000000000002,5.822296579871866,194.81882821402894,32.75146391885118,227.57029213288013,100.87442299489787,6.019823380834889,97.60383893321075,9.806973787772423
f4-stars-h0p1,co21,1.6,5.427685413123321,184.3642813970487,32.40510243671067,216.76938383375938,97.66712785890468,6.056779734512374,91.36409443347353,9.369297595969531
f4-stars-h0p1,co21,1.625,5.185310775089372,172.3788588369099,31.938841850918358,204.31770068782825,91.69231679004449,5.999944716259353,84.99417497019783,8.941661102392265
f4-stars-h0p1,co21,1.6500000000000001,4.9931889565632925,163.34568925007068,31.579798822486616,194.9254880725573,86.01117070927936,5.932472754993074,79.31269260831706,8.530767182734438
f4-stars-h0p1,co21,1.675,4.856632449868544,157.4573278851873,31.371609928771928,188.82893781395924,81.28278110483899,5.884537314637589,73.72462605449259,8.15678778967733
f4-stars-h0p1,co21,1.7000000000000002,4.722618553798091,153.86615470713008,31.30206193285962,185.1682166399897,77.76637205557253,5.869306509359298,68.05476525771284,7.818343357025366
f4-stars-h0p1,co21,1.725,4.509524683824969,152.09795816216464,31.36801617749597,183.46597433966062,75.68511977670907,5.900686366350228,62.5745296233098,7.477728839328102
f4-stars-h0p1,co21,1.75,4.227897792626177,151.72389560410187,31.545573791661113,183.269469395763,74.30014931630213,5.922520049748152,57.7859597242448,7.139689966546519
f4-stars-h0p1,co21,1.7750000000000001,3.8596018785096335,149.92556956581228,31.62882092673177,181.55439049254406,71.89756615689836,5.849327156098895,54.00053725490397,6.874747778212196
f4-stars-h0p1,co21,1.8,3.4397668481770856,145.62852523594216,31.48808321229179,177.11660844823396,67.80503351248183,5.653569884407143,50.285348580275326,6.679697069255789
f4-stars-h0p1,co21,1.8250000000000002,3.061083764016714,138.60111135996047,31.041520803880633,169.6426321638411,61.120294890726626,5.301164616318825,45.88126233459293,6.542024879327767
f4-stars-h0p1,co21,1.85,2.9144471067938857,131.7805807448852,30.51447407765292,162.29505482253813,53.880012881406905,4.8660601240499055,41.46755913784723,6.382773739519884
f4-stars-h0p1,co21,1.875,3.004521602335219,126.68913287965503,30.11282922389572,156.80196210355075,48.59610350303278,4.490647214884087,37.50044072335981,6.156194180042507
f4-stars-h0p1,co21,1.9000000000000001,3.2114987811802957,121.8924887993252,29.740578922113013,151.6330677214382,45.39836655926956,4.2605191443766675,34.29406564810118,5.893129244046551
f4-stars-h0p1,co21,1.925,3.3708800030167416,116.97521354024101,29.341172825727458,146.31638636596847,42.89034372762073,4.135618677008314,31.79890946510445,5.620260381867208
f4-stars-h0p1,co21,1.9500000000000002,3.3859334480961296,113.54044471048353,29.016547580787524,142.55699229127106,40.69287457699729,4.086587934674619,30.23119010247428,5.368618155833759
f4-stars-h0p1,co21,1.975,3.280765159559952,112.26178185049457,28.82412206564075,141.08590391613532,38.59916675631313,4.079334087499664,29.802294994362523,5.1764717768246165
f4-stars-h0p1,co21,2.0,3.1384264094406014,111.93007330177402,28.70877581385294,140.63884911562695,36.42597061589473,4.074314424660576,30.362477449693984,5.057247068550398
f4-stars-h0p1,co21,2.025,2.9849162544082697,111.26114556773408,28.583142928333867,139.84428849606795,34.21780573349222,4.044228617993085,30.906338996768387,4.95141817573773
f4-stars-h0p1,co21,2.0500000000000003,2.815411775454132,110.13089968950102,28.417391023413472,138.54829071291448,31.770710523488052,4.004754684557243,30.55761338918053,4.809163273336656
f4-stars-h0p1,co21,2.075,2.67247909045017,108.57500063104266,28.197550233067084,136.77255086410975,29.339694962631423,3.946909347698662,29.113034074226267,4.623082283963324
f4-stars-h0p1,co21,2.1,2.563302878924432,106.17988956491874,27.90400368791182,134.08389325283056,27.67311749344577,3.882157353140785,26.79021127724041,4.373974455503318
f4-stars-h0p1,co21,2.125,2.4703728677373196,102.33250374309983,27.46963737907856,129.8021411221784,26.933129409519953,3.842639756683829,24.515683078147806,4.081237798548895
f4-stars-h0p1,co21,2.15,2.3694104217332423,97.97759902878252,26.988908513906328,124.96650754268884,26.414833330089188,3.8079051660356455,22.89046540175315,3.8352435522620745
f4-stars-h0p1,co21,2.1750000000000003,2.2874190856290877,93.74280338758925,26.529172039838798,120.27197542742805,25.593534418287117,3.742073299139717,22.12408934127447,3.702007533662779
f4-stars-h0p1,co21,2.2,2.234319316063811,90.30128292949566,26.142426406870708,116.44370933636637,24.540369336532535,3.64578456996827,21.82406220522426,3.6398249318121745
f4-stars-h0p1,co21,2.225,2.1922358115255203,87.70680336310271,25.822253361678293,113.529056724781,23.585315150423426,3.5356273846858253,21.765219181229384,3.6365152672629657
f4-stars-h0p1,co21,2.25,2.128792776333333,85.44785323860984,25.536166097916716,110.98401933652656,23.03972134193993,3.4788970310380654,21.576895939788283,3.6205668279385694
f4-stars-h0p1,co21,2.275,2.003961169975118,83.2664246396745,25.23249493082621,108.4989195705007,22.878671153768245,3.4716519976959463,20.795756665987565,3.521157041441473
f4-stars-h0p1,co21,2.3000000000000003,1.858576428650593,81.05577202826613,24.866208040169276,105.9219800684354,22.940218365893084,3.4791130824816316,19.365717822348962,3.3161481548589156
f4-stars-h0p1,co21,2.325,1.6898342629254381,79.07757366351511,24.477176759180033,103.55475042269515,23.12750149600867,3.469291679677775,17.504571341553213,3.038996664045588
f4-stars-h0p1,co21,2.35,1.5721768963322602,77.80405673092929,24.177801296285026,101.98185802721432,23.145314454894006,3.4428209276672073,15.116397004048059,2.7296895001728685
f4-stars-h0p1,co21,2.375,1.5416197458259386,76.60670713350781,23.98080374825473,100.58751088176254,22.473183780060857,3.364881852247489,12.983480181777695,2.5578312130235497
f4-stars-h0p1,co21,2.4000000000000004,1.5390939643445745,74.28640704811222,23.69310856729284,97.97951561540506,20.789680345430316,3.1732294481938377,12.693124621993183,2.5836954840336825
f4-stars-h0p1,co21,2.4250000000000003,1.5345159920200138,71.4094212064598,23.364027542127822,94.77344874858761,18.284809225799027,2.886145343554978,13.262645982141162,2.6972139588144755
f4-stars-h0p1,co21,2.45,1.5742849377403583,68.69337136444513,23.07647323068578,91.7698445951309,15.129129466678068,2.5294364398569646,13.988214502887383,2.816237036091641
f4-stars-h0p1,co21,2.475,1.659593047722323,66.9937765905888,22.89171719565828,89.88549378624708,12.961402563274646,2.2400280295597836,14.02776677531499,2.8064191608858424
f4-stars-h0p1,co21,2.5,1.7359103029592078,66.38057759890886,22.79592129506942,89.17649889397828,12.78529619784093,2.1407219235366015,13.605656142737923,2.6829052172710344
f4-stars-h0p1,co21,2.5250000000000004,1.7259569669884602,66.13755648206052,22.692275640906463,88.82983212296698,13.447292145439778,2.171633223929053,13.02407981150605,2.5097674558675758
f4-stars-h0p1,co21,2.5500000000000003,1.605732090676882,65.01730631601427,22.40413742529422,87.4214437413085,13.676793093913988,2.238758697420195,12.115279285734461,2.3061591302264643
f4-stars-h0p1,co21,2.575,1.4536269827021133,62.846687680006355,21.932011713459897,84.77869939346625,13.487590257743802,2.3439987295605813,10.936662385565223,2.0815154699043164
f4-stars-h0p1,co21,2.6,1.3513080774690036,59.89591930734191,21.318756030481346,81.21467533782325,13.226571844401121,2.4432530329542046,9.703441928477108,1.87200914641649
f4-stars-h0p1,co21,2.625,1.3077762055726865,57.04402740057949,20.73962551889824,77.78365291947773,13.162909715954225,2.4557388748779987,8.846514350215655,1.754223488577424
f4-stars-h0p1,co21,2.6500000000000004,1.2866817210906087,54.57633117739694,20.28241839863516,74.8587495760321,12.896433937388423,2.4133539845741514,8.51847688822718,1.7239232326242175
f4-stars-h0p1,co21,2.6750000000000003,1.2771571301149338,52.34463842392999,19.86726031078023,72.21189873471022,12.503587869971813,2.332892729677978,8.534922479379599,1.7364939568189175
f4-stars-h0p1,co21,2.7,1.2473766562241309,50.16912063850499,19.432722298817033,69.60184293732203,11.839624966171748,2.1998807311788604,8.577582061565657,1.7519215445229972
f4-stars-h0p1,co21,2.725,1.2156951235643318,48.93340584975869,19.159075399436933,68.09248124919563,11.304640021551547,2.1716548631471784,8.761191643785814,1.7439183438855197
f4-stars-h0p1,co21,2.75,1.1907134349097033,48.56208719453791,19.025923037130802,67.5880102316687,11.614934234176559,2.272637065243382,8.721639909208657,1.7204693379150222
f4-stars-h0p1,co21,2.7750000000000004,1.1651437203311348,48.66459360524938,19.003448029578283,67.66804163482766,12.71861232602436,2.4456432759993936,8.464202255009305,1.6951390969136775
f4-stars-h0p1,co21,2.8000000000000003,1.1063113987292412,48.58177947501373,19.02186994650936,67.60364942152309,13.570171128987502,2.5816303318302825,8.143433814718737,1.6744102404270316
f4-stars-h0p1,co21,2.825,1.0223453378129923,48.153439849124204,19.03551353842354,67.18895338754774,13.84968058803111,2.632916787417023,7.937168272850992,1.6609757054200582
f4-stars-h0p1,co21,2.85,0.9549753548787192,47.5264140693812,19.00843843877049,66.53485250815169,13.824761590859897,2.5853268174526076,7.9442104547709675,1.649411984920801
f4-stars-h0p1,co21,2.875,0.9213816545708569,46.725973785605056,18.894150837192466,65.62012462279752,13.464811917968738,2.4503957793203743,7.911240542848841,1.611669131383444
f4-stars-h0p1,co21,2.9000000000000004,0.9214687230179535,45.75037072512818,18.70371654970856,64.45408727483674,12.630268043775496,2.2708957796945732,7.764466066330583,1.5449526027792932
f4-stars-h0p1,co21,2.9250000000000003,0.9477032139410437,44.920230317246734,18.51506570287652,63.43529602012325,11.534677095772468,2.0772162220380714,7.647085328121252,1.4781902495007693
f4-stars-h0p1,co21,2.95,0.9818139689549645,44.63369661143001,18.383100984279935,63.016797595709946,10.315653526584715,1.878958806752174,7.553382107126217,1.4279723853475008
f4-stars-h0p1,co21,2.975,1.0331852701083937,44.66187182038141,18.329837040564808,62.99170886094622,9.26333341847276,1.751956221904964,7.4932574365951075,1.3976968635699654
f4-stars-h0p1,co21,3.0,1.0786441320645102,44.52502630007022,18.259955561981762,62.784981862051986,8.808993190729526,1.6904109523129596,7.648271940860116,1.3942894311643719
f4-stars-h0p1,co21,3.0250000000000004,1.0763069101037825,44.36857874379768,18.172550274268488,62.541129018066165,9.21052188920169,1.683332611216749,7.951030579971274,1.41792568146885
f4-stars-h0p1,co21,3.0500000000000003,1.0127178204216736,44.39073782700865,18.09785473377568,62.488592560784326,9.961824061622822,1.7103264712489898,8.365199518401454,1.463825639640415
f4-stars-h0p1,co21,3.075,0.9183329947366132,44.443667976935785,18.054306606669513,62.4979745836053,10.41936456255751,1.7466079970070483,8.961700302514425,1.5140995320243915
f4-stars-h0p1,co21,3.1,0.8224765605736302,44.66893045287617,18.05093057926762,62.71986103214379,11.072778420240633,1.793628567086419,9.576578757002567,1.5519729201218482
f4-stars-h0p1,co21,3.125,0.7224761987400453,44.8786019700502,18.036663315583674,62.91526528563387,12.113742353538662,1.8301051452201755,9.911617430232509,1.5554508623538634
f4-stars-h0p1,co21,3.1500000000000004,0.6334875167116292,44.800614987173766,18.019812899293253,62.820427886467016,12.906696300442574,1.8393860611749029,9.8593812808818,1.522803031613572
f4-stars-h0p1,co21,3.1750000000000003,0.5811259020293066,44.60564110009477,17.92644390358452,62.53208500367929,12.857191070134409,1.8134467538048615,9.555746423501876,1.4564967737147883
f4-stars-h0p1,co21,3.2,0.5604276061560974,44.303964217488264,17.709659919289688,62.01362413677795,12.550565162986764,1.7783844387234147,8.907531494662637,1.3771860848342203
f4-stars-h0p1,co21,3.225,0.551334748545271,43.516390441796844,17.45587000499795,60.97226044679479,13.014638076717784,1.718057715954236,8.378442613978288,1.3290218407328191
f4-stars-h0p1,co21,3.25,0.5190253646672758,41.96604774293812,17.202410353427876,59.168458096365995,12.86347360562207,1.6505598329660576,8.309046413818685,1.3290792457770424
f4-stars-h0p1,co21,3.2750000000000004,0.4748305481623948,40.23012800275733,16.974427905313807,57.20455590807114,11.402844554274436,1.6059079574805013,8.834817128782497,1.3522657100135838
f4-stars-h0p1,co21,3.3000000000000003,0.46553583929322023,39.384979284613216,16.773621039801423,56.158600324414635,10.045601917227398,1.5790167684391891,9.744125843646854,1.3647716115337272
f4-stars-h0p1,co21,3.325,0.5235015892868091,39.57150358093886,16.626444651115076,56.19794823205393,9.30992745681603,1.4939874965574218,10.325793007745467,1.3600603747907318
f4-stars-h0p1,co21,3.35,0.6504065780278496,39.85447856182003,16.508910991751375,56.36338955357141,9.265120505122388,1.4070065908238194,10.273214150387094,1.3474139813168138
f4-stars-h0p1,co21,3.375,0.764031905831669,39.842808277737625,16.382197532307863,56.22500581004549,9.670802097438404,1.3645461233700322,10.044213212428662,1.391119880329178
f4-stars-h0p1,co21,3.4000000000000004,0.8070583485545412,39.346397459768596,16.234820565482778,55.581218025251374,9.712052798235451,1.3449931365917016,10.142440422612173,1.495102809642607
f4-stars-h0p1,co21,3.4250000000000003,0.7750565135059634,38.34809249374794,16.078459381947432,54.426551875695374,9.277696577811481,1.3305192678332882,10.520243056306613,1.5934089784598768
f4-stars-h0p1,co21,3.45,0.7056045203933125,36.8657065203046,15.905461851590681,52.77116837189528,8.9852246274586,1.3101018570912448,11.16342294193698,1.6807015301681165
f4-stars-h0p1,co21,3.475,0.6453426659295143,35.32718077248124,15.748114007112896,51.07529477959414,9.090450366339022,1.3047339615536897,11.90471021195962,1.7193344023118795
f4-stars-h0p1,co21,3.5,0.6066872796946775,34.18256011719557,15.637163591843642,49.81972370903921,9.559990008096502,1.3186218767364823,12.354970332973716,1.6875479323594378
f4-stars-h0p1,co21,3.5250000000000004,0.5532073490815479,33.72670519721839,15.573036707966006,49.2997419051844,10.209911723863113,1.345996707890119,12.482970564214813,1.6407777202181044
f4-stars-h0p1,co21,3.5500000000000003,0.47658537845678217,34.14587129681029,15.541410320159853,49.68728161697015,10.260086693464991,1.3541414631869941,12.459229107867586,1.6557551107121409
f4-stars-h0p1,co21,3.575,0.39142060589942707,35.4738983138401,15.551352246216535,51.025250560056634,9.692075885675884,1.362459566534524,12.448068752747998,1.7499781782013497
f4-stars-h0p1,co21,3.6,0.3256606234685844,37.24844679248088,15.596156870612548,52.84460366309342,8.88892852536445,1.3814684200188043,12.606700076741374,1.88830572532458
f4-stars-h0p1,co21,3.625,0.30274598798385016,38.21612602140294,15.570021148261576,53.78614716966452,8.294041722376603,1.4022397863718474,13.272944759824597,2.013958346799803
f4-stars-h0p1,co21,3.6500000000000004,0.3068530231489259,38.20566324557831,15.415436248674986,53.62109949425329,7.915149259143284,1.4088922679065015,14.503475718045458,2.1194801511208192
f4-stars-h0p1,co21,3.6750000000000003,0.3234145413252334,37.59969787232624,15.263265182952043,52.862963055278286,7.660843498216592,1.346420200642298,15.402311521180572,2.168748359841257
f4-stars-h0p1,co21,3.7,0.33593423871095146,36.42748142501405,15.18879885064571,51.61628027565976,7.7109114469025775,1.2443822978718948,15.354225277869823,2.139202099257251
f4-stars-h0p1,co21,3.725,0.3420536938288925,35.10673555269872,15.144021781603998,50.25075733430272,8.316851958212245,1.1855362826765525,14.296912102860103,1.9932504264197752
f4-stars-h0p1,co21,3.75,0.344227761895033,33.638925725539664,15.042599395338778,48.68152512087844,9.315625650038756,1.1940957398447853,12.474751397007836,1.7392552326613417
f4-stars-h0p1,co21,3.7750000000000004,0.34277544268630467,32.14458833767261,14.884277705693856,47.02886604336646,10.191606641300165,1.215913084208245,10.669642981781728,1.509539133279342
f4-stars-h0p1,co21,3.8000000000000003,0.33092314522857097,31.166744483867873,14.766104352178083,45.932848836045956,10.87398472161967,1.2175704462070391,9.368991016266579,1.371265249725588
f4-stars-h0p1,co21,3.825,0.328327239433138,31.35113578030388,14.751107356293199,46.10224313659708,11.109387340955465,1.1965330750089889,9.05752576899791,1.3784250124983597
f4-stars-h0p1,co21,3.85,0.3373037403402493,32.49431024952211,14.81522458495322,47.30953483447533,10.378005750463457,1.1563603350049727,8.75746926516527,1.440888884317855
f4-stars-h0p1,co21,3.875,0.3477856032964347,33.6815043063166,14.862357043656994,48.54386134997359,8.898877025756427,1.095247994865632,8.429099828929214,1.504055582119723
f4-stars-h0p1,co21,3.9000000000000004,0.349045172551721,34.47742841233133,14.85034094798097,49.327769360312296,7.357209982160277,1.0176062797538665,8.35126792541614,1.554015420302501
f4-stars-h0p1,co21,3.9250000000000003,0.34283955402395916,35.04734398973436,14.804825894895432,49.85216988462979,6.182419563056755,0.9269912946426097,8.47160366964189,1.5604763015314136
f4-stars-h0p1,co21,3.95,0.3382630615294347,35.74564931942147,14.760509326250904,50.50615864567237,5.7949604751946096,0.8354057423548846,8.654437951039483,1.509055479988608
f4-stars-h0p1,co21,3.975,0.34831739889314783,36.55870935909007,14.753425368553838,51.31213472764391,6.4242218327825835,0.7998994478671195,8.858995044284393,1.3923438788539322
f4-stars-h0p1,co21,4.0,0.3506912949995933,36.95880268581942,14.716992176147318,51.675794861966736,7.154518912500268,0.7975660593046882,8.972392612552287,1.256384868603317
f4-stars-h0p1,co21,4.025,0.33489610288310523,36.90576021297013,14.651372217248227,51.55713243021836,7.4338931702893944,0.8114732070227335,8.765784953446065,1.123843228535439
f4-stars-h0p1,co21,4.05,0.3083691966757841,36.29532961520307,14.549299183143793,50.84462879834687,7.251205122978097,0.8333741429606508,8.145643838656122,1.0498502900408522
f4-stars-h0p1,co21,4.075,0.2809408653048079,35.35034244714581,14.434695764132481,49.78503821127829,6.850758020576684,0.8561341168505457,7.4125004693447565,1.041878458669463
f4-stars-h0p1,co21,4.1000000000000005,0.26958468012682024,34.33583425123638,14.306135125129176,48.64196937636555,6.531440677120773,0.8716298920775027,7.0300998123733285,1.094466636178896
f4-stars-h0p1,co21,4.125,0.28754728612079183,33.647108868302645,14.198412492301195,47.84552136060384,6.3805634095146475,0.8610164764326618,7.405233260679506,1.192631456868072
f4-stars-h0p1,co21,4.15,0.30860747851536535,33.51705979683879,14.11731051449503,47.63437031133382,6.548310917475332,0.8358878963137514,7.8116163812691335,1.2864272263425953
f4-stars-h0p1,co21,4.175,0.32378570499784265,33.70508838321207,14.052401107449455,47.75748949066153,6.897555091401131,0.8139021408935099,7.912135233470996,1.3468397432957728
f4-stars-h0p1,co21,4.2,0.32209823148079136,33.77350933752359,13.983087416198591,47.756596753722185,7.210674599760765,0.810064093557187,7.754084312710103,1.3715274619000488
f4-stars-h0p1,co21,4.2250000000000005,0.308687515260911,33.45992955296255,13.884851761658735,47.34478131462129,7.317483646659688,0.8224358596209931,7.385308910275714,1.3623288809800131
f4-stars-h0p1,co21,4.25,0.3049258867313791,32.735965842441956,13.738497858917496,46.474463701359454,7.105213104867219,0.8296704526513333,6.836048706966207,1.3243879489333028
f4-stars-h0p1,co21,4.275,0.3236906449475214,31.87364066823036,13.564511505548532,45.438152173778896,6.741801637299675,0.8254316338639961,6.579990259712901,1.2970215953652005
f4-stars-h0p1,co21,4.3,0.3671350330941746,31.08499952078832,13.388648244336277,44.473647765124596,6.6865532775325,0.8254383159038041,6.546133633879299,1.2691753040242557
f4-stars-h0p1,co21,4.325,0.4173282179069903,30.19461775526297,13.216562908347397,43.41118066361037,6.989279445922601,0.8314099237294629,6.4405658933593175,1.2328175033478117
f4-stars-h0p1,co21,4.3500000000000005,0.44977600458078193,29.162131728776647,13.055181686354198,42.217313415130846,7.4229926444955545,0.8315864956816671,6.252946836033441,1.2026957264895095
f4-stars-h0p1,co21,4.375,0.44057229210082927,28.134948572798294,12.906599480486395,41.041548053284686,7.59633492959713,0.8133609796755379,6.214122115819876,1.1896013901603106
f4-stars-h0p1,co21,4.4,0.4031419637308845,27.488613670963197,12.79779933781923,40.286413008782425,7.299969222935418,0.7858011464102019,6.497883364147272,1.1996717875174039
f4-stars-h0p1,co21,4.425,0.36557761686933204,27.586203858907066,12.758671723023113,40.34487558193018,6.569066447895261,0.768162955368549,6.876295357571438,1.2308816871077541
f4-stars-h0p1,co21,4.45,0.3329866193410396,28.451731523466332,12.793714037660884,41.24544556112721,5.701378532891749,0.771062030751411,7.129381997886325,1.270431987695078
f4-stars-h0p1,co21,4.4750000000000005,0.3093698275015482,29.346414719668562,12.850518434125314,42.19693315379388,5.192247088455473,0.7725923676016563,7.15009255139275,1.2945870309751528
f4-stars-h0p1,co21,4.5,0.28504234042849974,29.505385869428622,12.846961893701986,42.35234776313061,5.147934884893796,0.7637194212584594,7.186782346820671,1.301034034866801
f4-stars-h0p1,co21,4.525,0.2556177352712691,29.368213313521697,12.797022014126275,42.16523532764797,5.363442347159846,0.7556457559398836,7.269918107472426,1.2770112742045991
f4-stars-h0p1,co21,4.55,0.22729856992278308,29.225501614885648,12.71394711402011,41.93944872890576,5.721021138205222,0.7541745584291084,7.239788972303729,1.2085087447918248
f4-stars-h0p1,co21,4.575,0.21836533702487926,28.79415235157493,12.59075252495667,41.3849048765316,5.870243722610334,0.7642986199513467,6.811886981155581,1.08057043844174
f4-stars-h0p1,co21,4.6000000000000005,0.240180229397155,27.895070118218914,12.420025720736252,40.315095838955166,5.618100823377525,0.7611939352396522,6.003780333868447,0.9341718705197732
f4-stars-h0p1,co21,4.625,0.2865321957438494,27.094341615847352,12.260022935335613,39.35436455118297,5.222601777293235,0.7376842964597256,5.311707737791046,0.8461559724013431
f4-stars-h0p1,co21,4.65,0.338001516281105,26.696599000618903,12.143918815073677,38.84051781569258,5.123197915172669,0.7204549361622833,4.90475893781625,0.8153955581824615
f4-stars-h0p1,co21,4.675,0.3749407235436927,26.566095550314078,12.066616620238927,38.632712170553006,5.241339227279747,0.7246095708373028,4.6215788570891085,0.8065367552561046
f4-stars-h0p1,co21,4.7,0.3792090032267974,26.503425305336954,12.004658362947067,38.50808366828402,5.393729793374712,0.7422354563163539,4.32635990435395,0.7866513325173489
f4-stars-h0p1,co21,4.7250000000000005,0.36094623836357836,26.484484000315614,11.960683341756623,38.44516734207224,5.545724716434633,0.7684966700555723,4.028876845750007,0.7402174904199679
f4-stars-h0p1,co21,4.75,0.3209327301125029,26.40380647886687,11.903851056888222,38.30765753575509,5.756248111598461,0.796262995419087,3.7956935290244704,0.6793530497959387
f4-stars-h0p1,co21,4.775,0.2808157813673246,26.143002515906822,11.82491670530084,37.967919221207666,5.899170764442791,0.8165324692776806,3.5612701464989955,0.6168116134632687
f4-stars-h0p1,co21,4.800000000000001,0.24686337570221473,25.671089974089107,11.72740612895492,37.398496103044025,5.826253749172513,0.8238762010696495,3.2674042187057584,0.5774339858168388
f4-stars-h0p1,co21,4.825,0.21429599058707677,25.11238670676124,11.621878324285198,36.734265031046434,5.523844727746957,0.8134640248795724,3.225881556182244,0.6174398800471187
f4-stars-h0p1,co21,4.8500000000000005,0.19279104615236137,24.714516950963066,11.547719910230796,36.26223686119386,5.054014120926346,0.7854405458381248,3.675434662622612,0.7303773373569825
f4-stars-h0p1,co21,4.875,0.18279091891164428,24.55090752708162,11.50504867338423,36.05595620046585,4.663159632476081,0.7517203259551634,4.209265135860197,0.8324817730428911
f4-stars-h0p1,co21,4.9,0.18574459766586782,24.500765221117295,11.476335394463101,35.9771006155804,4.397543871102464,0.7232932489915356,4.532073893101023,0.8892335777322825
f4-stars-h0p1,co21,4.925000000000001,0.19397563047350114,24.33659329177976,11.412640609778363,35.74923390155812,4.281763772946039,0.7087810156104098,4.521067841211146,0.9016523369733691
f4-stars-h0p1,co21,4.95,0.20684330604463153,23.94775359463186,11.300471029180777,35.24822462381263,4.236726047828224,0.7028245773779177,4.282491283269312,0.8829631530561495
f4-stars-h0p1,co21,4.9750000000000005,0.22616337977367537,23.457037921216628,11.171261964688773,34.6282998859054,4.154004586050712,0.6944033981014799,3.9753819814521822,0.8512676983439861
f4-stars-h0p1,co21,5.0,0.24915988450653964,23.06421707430448,11.059683793562078,34.12390086786656,4.064668254869774,0.6838514143526503,3.7920480275932924,0.8295681777269598
f4-stars-h0p1,co21,5.025,0.27007414792744777,22.752248034455253,10.96085765914598,33.713105693601236,4.002636031332008,0.673683621324643,3.7340466812271442,0.8203477089725086
f4-stars-h0p1,co21,5.050000000000001,0.28280749712238934,22.464569644779402,10.866965629043335,33.33153527382274,3.9509270973343615,0.6647789399898001,3.67898341321841,0.8132698971914183
f4-stars-h0p1,co21,5.075,0.2866900326904447,22.168848681293028,10.773003718327283,32.94185239962031,3.889364598627112,0.6553836790093427,3.597928153720476,0.805294367909761
f4-stars-h0p1,co21,5.1000000000000005,0.284142341361845,21.870405142222385,10.680401327178378,32.55080646940076,3.8159704893582624,0.64594849195077,3.4959225224561314,0.7952132049324275
f4-stars-h0p1,co21,5.125,0.27730491471651253,21.572615551852692,10.589262843171257,32.16187839502395,3.7294915200505976,0.6360768331942235,3.38251233658556,0.7837291095079295
f4-stars-h0p1,co21,5.15,0.26781902331255847,21.2765756880968,10.49992939877044,31.77650508686724,3.632294785996794,0.6257893509014028,3.263472479561559,0.7711858054283991
f4-stars-h0p1,co21,5.175000000000001,0.2568779734000515,20.984370689659297,10.412599263776748,31.396969953436045,3.525581889253499,0.6152302997177943,3.1388204972979374,0.7571874653094139
f4-stars-h0p1,co21,5.2,0.24525874788370183,20.69977815822105,10.327696048557709,31.02747420677876,3.4117311440270948,0.60460756901778,3.013082596077353,0.7423388346003902
f4-stars-h0p1,co21,5.2250000000000005,0.2333628808885163,20.42355841138343,10.245238232165901,30.668796643549328,3.2956970429397328,0.5941329346606775,2.8892333933144823,0.7270103393669319
f4-stars-h0p1,co21,5.25,0.2213626818644474,20.155438960224718,10.16452605777905,30.319965018003767,3.17916145788589,0.5838212822704708,2.767094150718561,0.7109373310865856
f4-stars-h0p1,co21,5.275,0.20938116624678135,19.892915525854782,10.085229591348616,29.978145117203397,3.063221415689335,0.5734318965072385,2.6504343614843293,0.6949084765907247
f4-stars-h0p1,co21,5.300000000000001,0.19760955056038038,19.63628585323814,10.006994342723058,29.643280195961196,2.9490770111170006,0.5628877353824491,2.539496703338503,0.6789771548738408
f4-stars-h0p1,co21,5.325,0.18591650887413666,19.385125241255437,9.929620760817556,29.314746002072994,2.8381186930362787,0.5523336242796678,2.433250571504468,0.6629630317036104
f4-stars-h0p1,co21,5.3500000000000005,0.17450759070943384,19.13892961381411,9.853180438309147,28.99211005212326,2.7312035387374074,0.5417087346936222,2.333227406011957,0.6472911272233527
f4-stars-h0p1,co21,5.375,0.16349925116559783,18.899551773934135,9.777635292177454,28.67718706611159,2.6278672891205757,0.5310426350818731,2.238568651169645,0.6319318623990843
f4-stars-h0p1,co21,5.4,0.15291266281937682,18.66548179775011,9.703033109956444,28.368514907706555,2.5303321976058553,0.520537914157041,2.1482342557272913,0.6167722203983393
f4-stars-h0p1,co21,5.425000000000001,0.14270020036321907,18.437731600353246,9.629404899887822,28.06713650024107,2.436585874282823,0.5101247147555126,2.063355208524812,0.6020584489295135
f4-stars-h0p1,co21,5.45,0.13288266204616436,18.21457705338369,9.556482506535977,27.771059559919664,2.345981980069695,0.4997593252794233,1.9824787719161447,0.5876112499564994
f4-stars-h0p1,co21,5.4750000000000005,0.12357863834921834,17.99505327336241,9.484233724107357,27.479286997469764,2.258905537116127,0.4893847439705571,1.9053961347587796,0.573509930833923
f4-stars-h0p1,co21,5.5,0.11468100913697361,17.782060407257596,9.412911973478685,27.19497238073628,2.1756339872879136,0.479217671260108,1.8325504630851261,0.5597487209542472
f4-stars-h0p1,co21,5.525,0.10623698521256755,17.573991231955734,9.342588576238118,26.916579808193852,2.097499125669657,0.469353001290452,1.7634748336888046,0.5463728092804706
f4-stars-h0p1,co21,5.550000000000001,0.09822862279109706,17.370997963135416,9.273102519848708,26.644100482984122,2.0219246000629596,0.4594943369035974,1.6977686124967777,0.5333748822602403
f4-stars-h0p1,co21,5.575,0.09064552266422315,17.173275252203585,9.204611154206074,26.377886406409658,1.9499169885593237,0.44988339015411444,1.635608736735234,0.520715655347208
f4-stars-h0p1,co21,5.6000000000000005,0.08347184525397394,16.97987982468199,9.137031735018354,26.116911559700345,1.8813428785266684,0.4404051226093534,1.577191750234644,0.5085574835255868
f4-stars-h0p1,co21,5.625,0.0767147596210419,16.792717206635952,9.070494969428037,25.86321217606399,1.8160457155612808,0.43112147996352007,1.5224241892086143,0.49691281601558196
f4-stars-h0p1,co21,5.65,0.0703117348194445,16.608903282367454,9.004791938374854,25.613695220742308,1.753726781939099,0.4220176740818314,1.4705126927064034,0.4856749050516603
f4-stars-h0p1,co21,5.675000000000001,0.06422347346957853,16.42959460715708,8.939879544009143,25.369474151166223,1.69397051334574,0.4130578577713243,1.4209716805557933,0.47472102533506655
f4-stars-h0p1,co21,5.7,0.058429001408914806,16.254339169754537,8.875851953733509,25.130191123488046,1.6365487641737397,0.4042991213458924,1.373974308999663,0.46417309335256135
f4-stars-h0p1,co21,5.7250000000000005,0.05287626778197523,16.08174861303069,8.812478149989127,24.894226763019816,1.5815442673955888,0.39567631943853726,1.3280089407643592,0.45370503552324065
f4-stars-h0p1,co21,5.75,0.0475793967712118,15.91423768707137,8.750092039925878,24.66432972699725,1.528633185996637,0.3872473577345933,1.2844658341628628,0.4436403985125119
f4-stars-h0p1,co21,5.775,0.04245651445689078,15.749773128044549,8.688574776303307,24.438347904347857,1.4788286641414503,0.3791998944062315,1.241766939943165,0.43359016994737937
f4-stars-h0p1,co21,5.800000000000001,0.037478409374860217,15.590937483094079,8.628290856786306,24.219228339880384,1.4319407368431136,0.3715105559904928,1.2013313883069925,0.4239580747755634
f4-stars-h0p1,co21,5.825,0.03262528823724438,15.43735471994016,8.5693209995634,24.006675719503562,1.388468954107995,0.36440791612764034,1.1626324327549968,0.4146523695204066
f4-stars-h0p1,co21,5.8500000000000005,0.02790114748060226,15.287813472873003,8.511473865725971,23.799287338598972,1.3473014276072635,0.3575735651821171,1.1265389617316874,0.40591210323502713
f4-stars-h0p1,co21,5.875,0.023324051588290824,15.141851950335608,8.45440920439589,23.5962611547315,1.3072054965834337,0.3509491407752652,1.092328587140462,0.3975652107232956
f4-stars-h0p1,co21,5.9,0.01891096036672514,14.998072143454628,8.3980485495014,23.39612069295603,1.2687731832806015,0.3444679672855393,1.06046161123338,0.3897041339898786
f4-stars-h0p1,co21,5.925000000000001,0.01466643437826489,14.856656221369404,8.342157343257327,23.198813564626732,1.2305624047856007,0.33781456414520655,1.031018555855382,0.382463808094585
f4-stars-h0p1,co21,5.95,0.010507692379536348,14.718034276175194,8.28697576123251,23.005010037407704,1.1933493639891912,0.33118917513619717,1.00416791791717,0.3759426259829732
f4-stars-h0p1,co21,5.9750000000000005,0.006347904131028068,14.583980209907555,8.23294440625562,22.816924616163174,1.1591782015239227,0.32486350936987335,0.980713802004052,0.3703532637038812
f4-stars-h0p1,co21,6.0,0.002100326298309882,14.463743207831428,8.18215202390509,22.645895231736517,1.13584447330031,0.32111048108773976,0.9648905540790181,0.3670305325424289
f4-stars-h0p1,total,0.05,0.0006360803359544769,493.1655651237968,36.83314970264119,529.998714826438,26.930816902484,2.8174175730918227,272.736232040556,47.217194790033005
f4-stars-h0p1,total,0.07500000000000001,0.4588903190800062,551.7740769783102,30.327484171927605,582.1015611502378,108.91221218502562,13.63188273598026,298.61628378499887,31.135551227093824
f4-stars-h0p1,total,0.1,2.094688421534939,576.9832834244046,57.10992198386665,634.0932054082713,153.35617019573965,20.764158040039042,349.5504193927536,39.613985379584534
f4-stars-h0p1,total,0.125,3.865848533688738,609.7847682532574,85.63742561884911,695.4221938721065,220.22696054320744,27.959457514834057,390.3104021324524,45.40496304307578
f4-stars-h0p1,total,0.15000000000000002,5.9581745446188705,719.3716882862025,119.05565190144037,838.4273401876428,288.3554263274173,34.72870011379854,399.044629939795,48.3201518485296
f4-stars-h0p1,total,0.17500000000000002,7.866329236173535,830.7058791845284,150.1629600907953,980.8688392753237,287.69109848387234,36.1232417350164,383.87664747666696,49.87008871009713
f4-stars-h0p1,total,0.2,9.163960930948774,943.8297955239105,178.3736883404951,1122.2034838644056,266.06208696117784,35.40280997821023,374.80476084005807,50.89897642293876
f4-stars-h0p1,total,0.225,9.766231609762228,1064.6468085147944,203.5803828057825,1268.2271913205768,226.67868618598249,35.242426314321804,386.69058353165025,51.68255564129771
f4-stars-h0p1,total,0.25,9.660969029941546,1191.2444587288444,225.3288901874609,1416.5733489163053,191.95285041094806,37.38643329233953,407.9011868292004,52.66270408790956
f4-stars-h0p1,total,0.275,8.92802598848366,1317.6306881048056,243.25729760841236,1560.8879857132179,238.48036170247858,41.416984391540815,424.52678798614,54.04626253214169
f4-stars-h0p1,total,0.30000000000000004,7.889975485638246,1428.6566683262863,256.5421277073673,1685.1987960336537,347.88440284095867,46.030688862971616,433.1471179984133,55.61753885276028
f4-stars-h0p1,total,0.325,6.99590951853471,1520.45274112372,265.22702140357273,1785.6797625272927,446.05990791031536,48.126417552899845,455.5702491018863,57.62225387479788
f4-stars-h0p1,total,0.35000000000000003,6.715499746648848,1593.3433222205256,272.7257218366888,1866.0690440572143,482.83462919865764,45.26902571456552,501.2088608895616,59.70333011233029
f4-stars-h0p1,total,0.375,6.868056236852643,1642.9214452830581,283.56145367694955,1926.4828989600078,453.06862056762736,40.951647218507645,532.6203846318767,61.41327643445679
f4-stars-h0p1,total,0.4,7.152240153944777,1665.7064832221388,298.3022658921535,1964.0087491142922,438.2925526461584,40.55864527368209,534.7031746800337,62.383804481737734
f4-stars-h0p1,total,0.42500000000000004,7.232023535188846,1638.6688235419208,312.3224052591498,1950.9912288010705,503.45370639683136,42.07465654273648,521.7275896642299,62.760984830638215
f4-stars-h0p1,total,0.45,7.113979592560808,1601.6781371263583,325.254289983967,1926.9324271103253,592.4253791713296,45.16095729248671,505.1783657078239,62.281805859433305
f4-stars-h0p1,total,0.47500000000000003,7.019522427963921,1619.8508865509154,337.55433549249926,1957.4052220434146,590.9359887290716,48.98811669452753,503.08499687427604,62.274621402047664
f4-stars-h0p1,total,0.5,6.872574167971091,1735.4382759270563,351.6429257945583,2087.081201721615,526.9996830517849,53.10823778560556,514.1776522705511,63.346672545848996
f4-stars-h0p1,total,0.525,6.675986047080754,1919.445181523607,367.5194475187737,2286.9646290423807,556.9011697287444,57.622901399943885,525.39384014997,64.45950338394535
f4-stars-h0p1,total,0.55,6.667596096942934,2122.7870283940256,386.3453479939412,2509.132376387967,694.4300333665708,63.55827201474734,533.0217968985331,64.83305555737067
f4-stars-h0p1,total,0.5750000000000001,6.872236989869724,2270.419538178094,405.301174534785,2675.720712712879,790.2734049480322,69.34230885455285,544.062464434451,64.51923043064326
f4-stars-h0p1,total,0.6000000000000001,7.284292636245971,2346.370285696368,422.690199392915,2769.060485089283,798.4600525137164,74.05825025251156,566.9172607774626,64.50970636238804
f4-stars-h0p1,total,0.625,7.697018078612889,2380.176310327548,436.9234878398992,2817.0997981674473,784.7228205406901,76.67873500585776,598.958632875972,66.5984427060916
f4-stars-h0p1,total,0.65,7.945461603577614,2405.243135370035,448.82613605691176,2854.0692714269467,790.81820676622,76.46157218256023,638.0683690512657,72.28020197471209
f4-stars-h0p1,total,0.675,7.995415128871488,2419.5360743134643,459.35992676258763,2878.896001076052,789.523220646179,73.72734574457083,692.2235673924298,80.21579407698461
f4-stars-h0p1,total,0.7000000000000001,7.859977177289059,2402.730180142952,467.4082386537998,2870.138418796752,742.3165965406304,69.02212953377979,759.3541457086778,88.14158998697937
f4-stars-h0p1,total,0.7250000000000001,7.636349595023047,2368.1568398629797,472.6492175196097,2840.8060573825896,646.1652788997171,63.02055333425011,817.5955768781074,94.38188789114079
f4-stars-h0p1,total,0.75,7.3214790457058525,2363.012783465619,477.8879141839179,2840.900697649537,554.1343670157429,57.272222462474794,844.948216299126,98.29199088865172
f4-stars-h0p1,total,0.775,7.312533646447179,2433.733389874667,489.2701238226969,2923.003513697364,538.43691792423,57.14299769797463,830.5012458429575,98.40244720855088
f4-stars-h0p1,total,0.8,7.645386643452507,2554.123771112867,505.9873739126037,3060.1111450254707,559.2044787563771,61.06831842792813,789.0189946670341,95.61072713562037
f4-stars-h0p1,total,0.8250000000000001,7.9586540148087295,2653.979129632983,522.0139010850374,3175.9930307180207,552.7086166918832,63.532900241361375,743.2517201134924,92.0342837764773
f4-stars-h0p1,total,0.8500000000000001,8.08462334068085,2704.9248010450865,535.1500008252003,3240.074801870287,518.6930720750713,63.57538714873786,710.2974263260701,88.97370013993326
f4-stars-h0p1,total,0.875,7.985773071165299,2725.093263106286,546.7899299767745,3271.8831930830606,472.80241215478327,61.70136770595261,702.8854268875909,87.54666786112803
f4-stars-h0p1,total,0.9,7.8132626114018615,2723.682874066734,557.1838824270537,3280.8667564937878,439.71106162493277,58.81351563410716,724.5303366260305,88.53425488542369
f4-stars-h0p1,total,0.925,7.774106598535367,2721.087361952183,567.0141079303604,3288.1014698825434,442.41318783230366,55.72526816818579,779.12085157373,92.32545585161269
f4-stars-h0p1,total,0.9500000000000001,7.9881826613916385,2737.484865907033,576.4789995450906,3313.9638654521236,461.3512223846052,53.068422628762164,853.4681303154872,97.57639704971335
f4-stars-h0p1,total,0.9750000000000001,8.459018746832431,2770.3759525812834,584.989056282967,3355.3650088642503,480.3757900372225,51.61882180097296,924.6336840975644,101.55388130331902
f4-stars-h0p1,total,1.0,9.201848054291524,2802.3576241933233,592.2328952441161,3394.5905194374395,489.33547597915174,50.99516772099172,972.3299990724806,102.59220086844905
f4-stars-h0p1,total,1.0250000000000001,9.892936349544751,2844.23291176381,599.0846805878967,3443.317592351707,463.94946151737344,49.51379395790794,994.9114398048973,101.84495301943814
f4-stars-h0p1,total,1.05,10.388310570289676,2899.1292467027265,605.4642900053441,3504.5935367080706,418.75380265454817,47.10537383374261,987.7338091380324,99.90577032730943
f4-stars-h0p1,total,1.075,10.60574664954105,2953.593962450314,611.087405736424,3564.681368186738,376.7374586825013,44.16565169183086,957.5591224813118,97.13810217702748
f4-stars-h0p1,total,1.1,10.517726043552798,3002.554103865947,616.2520879384969,3618.806191804444,354.4893004140202,40.87759482763562,915.9627721257343,94.17349091662629
f4-stars-h0p1,total,1.125,10.160771204977573,3048.5483988909714,621.6990045492073,3670.2474034401785,348.7918940167819,37.30047127424915,876.7527276631337,91.94711073258239
f4-stars-h0p1,total,1.1500000000000001,9.759242803979584,3085.4254550715223,627.0679673263521,3712.4934223978744,353.4428613365185,33.82142416795455,847.6994198051364,90.63401629031546
f4-stars-h0p1,total,1.175,9.410152328842146,3109.3529404774717,632.0170156951699,3741.3699561726417,364.5292934419679,30.823465951169773,830.0788016194774,90.05801841851148
f4-stars-h0p1,total,1.2000000000000002,9.123188463830225,3130.3929779057335,636.6822509895271,3767.075228895261,380.80121824032443,28.49711328225545,820.9562602116565,89.77538653438931
f4-stars-h0p1,total,1.225,9.224011927829423,3143.1250928548257,640.2911155398555,3783.4162083946812,400.84037261829917,27.341321617786114,810.3483560986236,88.6163485677948
f4-stars-h0p1,total,1.25,9.541200031586914,3145.229667048681,643.9444050340098,3789.174072082691,428.5746468954002,27.04394345394054,792.614657022367,86.60276936278277
f4-stars-h0p1,total,1.2750000000000001,9.96886355181308,3137.382007627216,647.9592430698067,3785.3412506970226,455.8463850614866,27.04991988376472,776.5700476129646,84.66324661127189
f4-stars-h0p1,total,1.3,10.280620751465381,3135.1330653785317,652.3710970863997,3787.504162464931,470.85303621561235,26.848418818881065,765.6326814852773,83.30811804678358
f4-stars-h0p1,total,1.3250000000000002,10.383167193044553,3131.094118834192,656.3062342080747,3787.400353042267,472.2622028557434,26.600713613737227,758.5397515215632,82.05801233997593
f4-stars-h0p1,total,1.35,10.224674115599186,3109.7599799519935,659.1861013916221,3768.9460813436153,460.15211606137194,26.474115667530953,755.1136487386144,80.49597809035448
f4-stars-h0p1,total,1.375,9.806610226474474,3070.299390800016,660.9152475641762,3731.2146383641925,447.90446133894227,26.59091089122153,751.1248902811884,78.4126106839448
f4-stars-h0p1,total,1.4000000000000001,9.188461852243154,3033.1797642869396,662.1840390974612,3695.363803384401,463.578987974728,27.23656727972387,742.872752239396,76.16716983758995
f4-stars-h0p1,total,1.425,8.579853582921256,3011.9909855043907,663.5244930419722,3675.515478546363,517.9286774180446,28.622137664628507,728.7070250813712,73.94868083942652
f4-stars-h0p1,total,1.4500000000000002,8.161746014571438,3010.047790099467,665.3567224691848,3675.4045125686516,586.8679987210137,30.356573252240782,714.6997946418865,72.29827323437935
f4-stars-h0p1,total,1.475,7.860427384028077,3021.965778912382,667.8058693048113,3689.7716482171936,633.8040521755983,31.60401325664425,708.8926937118256,71.15202707577542
f4-stars-h0p1,total,1.5,7.47362481840771,3049.313926984183,670.6592954152634,3719.9732223994465,657.7445547210388,31.804622823341937,711.80096829003,70.00443416883522
f4-stars-h0p1,total,1.5250000000000001,6.950297841438125,3098.450586662402,673.5959557040609,3772.046542366463,679.3225338585057,30.773419662499656,714.7780872656392,68.91947135267803
f4-stars-h0p1,total,1.55,6.38006703550111,3150.5341449919656,675.9622050790852,3826.496350071051,705.0659212138746,29.126785461528698,700.0835966589557,67.80879420312486
f4-stars-h0p1,total,1.5750000000000002,5.822296579871866,3153.311302139658,676.6128345227519,3829.92413666241,816.8177733368746,28.387665950594407,679.9457503070976,67.12343241537347
f4-stars-h0p1,total,1.6,5.427685413123321,3088.121601939003,674.8600270884432,3762.981629027446,929.9153624544908,29.001520138085397,766.394769451674,67.92444617868203
f4-stars-h0p1,total,1.625,5.185310775089372,3039.2581347467026,672.2349975983683,3711.493132345071,690.4440841270148,28.925827881359268,1029.7662773541035,70.12587930564565
f4-stars-h0p1,total,1.6500000000000001,4.9931889565632925,3092.778687033665,670.8539838601721,3763.632670893837,573.3417893423837,28.3780359555039,1162.0291883584734,72.33910167175817
f4-stars-h0p1,total,1.675,4.856632449868544,3129.101923955561,669.9814541844806,3799.0833781400415,949.6708075074347,28.707594818033893,1061.823885187177,73.47072069204071
f4-stars-h0p1,total,1.7000000000000002,4.722618553798091,3087.206510325628,668.8325474846116,3756.0390578102397,883.0210937151052,29.137315018364617,878.6602323901981,72.91732186778259
f4-stars-h0p1,total,1.725,4.509524683824969,3015.7702839394124,667.0981032635922,3682.8683872030047,690.4181598024493,29.208134523231887,735.263146230661,70.65145884998518
f4-stars-h0p1,total,1.75,4.227897792626177,2951.0725571261914,665.0359087743014,3616.108465900493,576.51777595716,29.400163461727313,620.1923753266489,66.94489408793163
f4-stars-h0p1,total,1.7750000000000001,3.8596018785096335,2879.9859052855763,662.1571546704803,3542.1430599560567,488.45508476141043,29.59605682212961,527.5113797660379,62.668356174583124
f4-stars-h0p1,total,1.8,3.4397668481770856,2803.158325584944,658.2091255349443,3461.3674511198883,434.2877906839199,29.553752836657058,455.35130276950883,58.596609175825364
f4-stars-h0p1,total,1.8250000000000002,3.061083764016714,2723.4837227923667,653.2143133351423,3376.698036127509,394.01210328838675,28.862622342779584,405.83650082441045,55.71524626486571
f4-stars-h0p1,total,1.85,2.9144471067938857,2656.0025652454833,648.3675384080508,3304.370103653534,361.47601496634735,27.589126850343906,371.6857264315927,53.980318261268756
f4-stars-h0p1,total,1.875,3.004521602335219,2597.0171286197024,643.6881700271576,3240.70529864686,332.44645969647627,26.397522076538078,341.9958496628778,52.85985007889623
f4-stars-h0p1,total,1.9000000000000001,3.2114987811802957,2546.2867893552693,638.8273625006632,3185.1141518559325,307.71281370748795,25.662263046274898,319.6486283296875,51.90698898199238
f4-stars-h0p1,total,1.925,3.3708800030167416,2500.6485236722883,633.7132126681777,3134.361736340466,292.30742745312835,25.58592963246792,302.45721028710733,50.77764575570415
f4-stars-h0p1,total,1.9500000000000002,3.3859334480961296,2460.4324370317568,628.9621657182278,3089.3946027499846,286.06912765595655,26.056480286365346,289.199510832543,49.500272235391044
f4-stars-h0p1,total,1.975,3.280765159559952,2424.4248470274283,624.9861152730783,3049.4109623005065,285.3860718250789,26.81621838467937,279.8118050555462,48.2311069285755
f4-stars-h0p1,total,2.0,3.1384264094406014,2387.6019057805274,621.4891811506947,3009.091086931222,284.3051333694946,27.517640760729417,272.6727275576511,46.9990143690516
f4-stars-h0p1,total,2.025,2.9849162544082697,2346.6748778599567,617.7317437736216,2964.406621633578,276.79153358720515,27.852063557772315,267.4311187651282,46.15214240917238
f4-stars-h0p1,total,2.0500000000000003,2.815411775454132,2305.9226927055142,613.4326696618424,2919.3553623673565,265.9794032119146,27.8775719435863,263.1251087691015,45.81848119216949
f4-stars-h0p1,total,2.075,2.67247909045017,2265.1528585634383,608.474644369672,2873.62750293311,257.21068887540554,28.074135016564743,256.7193176981446,45.52269163853805
f4-stars-h0p1,total,2.1,2.563302878924432,2219.988586745155,602.645420539913,2822.634007285068,256.6176543460532,28.897532260593202,245.83666746491522,44.55027392691428
f4-stars-h0p1,total,2.125,2.4703728677373196,2164.0882520537148,595.650540706285,2759.73879276,265.3582246064969,30.420346434704694,230.54348013850648,42.48305989576448
f4-stars-h0p1,total,2.15,2.3694104217332423,2105.0758576386615,588.5989631172421,2693.6748207559035,274.7967194804641,31.612100398797836,211.9882144374146,39.6861323584117
f4-stars-h0p1,total,2.1750000000000003,2.2874190856290877,2051.0368485781964,582.2165815401196,2633.253430118316,276.2043957218797,31.78253585163128,193.4136892706362,36.9812404096283
f4-stars-h0p1,total,2.2,2.234319316063811,2009.1061715109254,576.920822138896,2586.0269936498216,266.6485462837003,30.980996844859657,179.81594903719736,35.2148932052759
f4-stars-h0p1,total,2.225,2.1922358115255203,1981.4431529035642,572.9325176581835,2554.375670561748,248.95592598546415,29.558051461783304,171.79449442597888,34.073993013697354
f4-stars-h0p1,total,2.25,2.128792776333333,1964.6550228558008,569.9250330910793,2534.58005594688,231.4076816220285,27.94045996307752,166.98395318336918,32.96081571034967
f4-stars-h0p1,total,2.275,2.003961169975118,1943.960802514412,566.3020068602909,2510.262809374703,219.41178937535344,26.670565457623844,163.62031973155177,32.312823988494586
f4-stars-h0p1,total,2.3000000000000003,1.858576428650593,1911.2570269729238,561.264440489374,2472.5214674622976,212.50591672033306,26.115825273573947,160.32423070940257,32.29668076934275
f4-stars-h0p1,total,2.325,1.6898342629254381,1867.2590712224878,555.0984562057954,2422.357527428283,205.71457783877267,25.993282303300482,158.06303270693527,32.73090507503934
f4-stars-h0p1,total,2.35,1.5721768963322602,1824.7989979207327,549.0018703134074,2373.80086823414,201.39902363940294,26.332663398031396,156.63074621825513,32.991856901666615
f4-stars-h0p1,total,2.375,1.5416197458259386,1794.1399902517687,543.8990268210104,2338.039017072779,205.35033654561894,27.001818546488554,155.206445750295,32.672929971908594
f4-stars-h0p1,total,2.4000000000000004,1.5390939643445745,1756.7804709829663,538.3182118521399,2295.098682835106,208.2728674610135,27.28494032911484,150.9011693990036,31.59388025190514
f4-stars-h0p1,total,2.4250000000000003,1.5345159920200138,1709.2134909166884,531.8906114140528,2241.104102330741,206.03705089033969,27.24751325685751,143.30429233563007,29.94302575077092
f4-stars-h0p1,total,2.45,1.5742849377403583,1658.1335753659646,525.1207819756437,2183.2543573416083,193.14446687854883,26.756787425396208,134.13140679459195,28.198416508372706
f4-stars-h0p1,total,2.475,1.659593047722323,1616.6782116976221,519.091279099459,2135.7694907970813,177.4839434452201,26.273811040606503,125.09486288936658,26.670771060602643
f4-stars-h0p1,total,2.5,1.7359103029592078,1589.6802116053127,514.29278609189,2103.9729976972026,168.30092089746557,25.99384558880104,115.56585964569005,25.17712188283559
f4-stars-h0p1,total,2.5250000000000004,1.7259569669884602,1570.207442935543,510.28513807987093,2080.492581015414,166.38743612234492,25.908616252024263,106.01819832344614,23.689534043691808
f4-stars-h0p1,total,2.5500000000000003,1.605732090676882,1545.9978991910032,505.927945060178,2051.925844251181,165.3347925606147,25.2980354552309,96.49905882786726,22.2785220610844
f4-stars-h0p1,total,2.575,1.4536269827021133,1517.201367206309,501.5010537928339,2018.7024209991428,162.01687920947444,23.970555481138373,86.81215754890961,20.698866938568166
f4-stars-h0p1,total,2.6,1.3513080774690036,1487.1647970526237,497.2534109999838,1984.4182080526075,156.42398729464216,22.19588113240552,78.65081102660307,19.15785322727887
f4-stars-h0p1,total,2.625,1.3077762055726865,1457.9056908136156,492.6275696349525,1950.5332604485682,151.9763947369037,20.631978816215142,77.55784525939261,18.462108909536607
f4-stars-h0p1,total,2.6500000000000004,1.2866817210906087,1429.518322435272,487.53914442413424,1917.0574668594063,150.1429102689721,19.4378137238189,85.03637032620773,19.13578223765051
f4-stars-h0p1,total,2.6750000000000003,1.2771571301149338,1399.1887519406064,482.1084727847794,1881.2972247253858,149.4952258379109,18.3652310073862,99.5959617952305,20.76027369580638
f4-stars-h0p1,total,2.7,1.2473766562241309,1370.646504304233,476.71597229559995,1847.362476599833,138.6613807925838,17.02521906716752,118.01772703075534,22.708541646420628
f4-stars-h0p1,total,2.725,1.2156951235643318,1357.155213317501,472.7425164035975,1829.8977297210986,112.8535894013878,16.08723601862194,130.89716013858992,24.104254776516786
f4-stars-h0p1,total,2.75,1.1907134349097033,1355.0605119250802,470.2605955739991,1825.3211074990793,90.55185725038994,15.720921265777118,126.68240597469041,24.663896458421025
f4-stars-h0p1,total,2.7750000000000004,1.1651437203311348,1352.2456810226324,468.5317505479926,1820.7774315706251,86.9961506848542,15.740765237593285,111.10622098725005,24.38381365155135
f4-stars-h0p1,total,2.8000000000000003,1.1063113987292412,1344.6902184626522,466.407521765872,1811.0977402285241,87.82978663802443,15.809339047495282,100.41706434389563,23.808458884650733
f4-stars-h0p1,total,2.825,1.0223453378129923,1331.5886696297578,463.5012776439398,1795.0899472736976,85.80061572035996,15.83095642061966,96.93250334023891,23.40957680823708
f4-stars-h0p1,total,2.85,0.9549753548787192,1311.4187982743276,459.7326925178424,1771.15149079217,84.22425787547995,15.68070904710298,97.81343669222296,23.398520499661846
f4-stars-h0p1,total,2.875,0.9213816545708569,1283.748954640611,455.0840311674293,1738.8329858080401,83.66604153498842,15.296788394536133,101.2376564401045,23.817796837192592
f4-stars-h0p1,total,2.9000000000000004,0.9214687230179535,1250.6193937948078,449.70152641375927,1700.320920208567,84.8980617710634,15.144129564940537,105.15919913962993,24.095051493933255
f4-stars-h0p1,total,2.9250000000000003,0.9477032139410437,1216.1325592825144,443.92072944589216,1660.0532887284066,90.24919063766927,15.413113996100087,106.67539869578191,23.616539930230818
f4-stars-h0p1,total,2.95,0.9818139689549645,1181.7696411437646,438.1534524903686,1619.9230936341332,101.53850363877099,15.682360308637408,105.80836337217764,22.276052887516922
f4-stars-h0p1,total,2.975,1.0331852701083937,1151.0272921994922,433.06268994247523,1584.0899821419675,117.76433517072358,15.814232987919524,104.81061093175983,20.21735147661026
f4-stars-h0p1,total,3.0,1.0786441320645102,1121.5604647096297,428.50718422703625,1550.067648936666,141.28224235317396,15.477374163282967,109.63509696216725,18.10746382806182
f4-stars-h0p1,total,3.0250000000000004,1.0763069101037825,1100.5507328015287,424.5224152917484,1525.0731480932773,149.20705917985572,15.044257934937516,123.79574645072769,16.323881703206425
f4-stars-h0p1,total,3.0500000000000003,1.0127178204216736,1097.240127137688,421.1488759579084,1518.3890030955963,108.76905424087694,14.813604041221678,136.4910113608795,14.988858859298915
f4-stars-h0p1,total,3.075,0.9183329947366132,1100.102863746024,418.2551060957751,1518.357969841799,87.06456286605545,14.877798536109509,128.08569149021505,14.194726761572301
f4-stars-h0p1,total,3.1,0.8224765605736302,1085.7729068857564,415.5131443095896,1501.2860511953459,117.07456156306591,15.399084990054345,102.81010153766198,13.624817699892285
f4-stars-h0p1,total,3.125,0.7224761987400453,1052.765281375308,412.20221341392045,1464.9674947892283,119.59582717116939,16.249593375332417,85.88524513363248,12.944595678703138
f4-stars-h0p1,total,3.1500000000000004,0.6334875167116292,1017.2197226511634,408.7586738420746,1425.978396493238,131.4092242672355,17.40829392740606,88.77302355027992,12.45157386479755
f4-stars-h0p1,total,3.1750000000000003,0.5811259020293066,984.1740361307257,405.0942644972917,1389.2683006280174,148.74635428449156,18.027594302842314,105.23749237901508,12.536903724139934
f4-stars-h0p1,total,3.2,0.5604276061560974,960.221467026384,401.09369829347463,1361.3151653198586,164.33794732534216,17.794206267461156,124.78711706125254,12.66589107853936
f4-stars-h0p1,total,3.225,0.551334748545271,955.8977274147467,397.548491982548,1353.4462193972947,178.82860410899423,17.283394209901072,141.00980110560195,12.54622444075424
f4-stars-h0p1,total,3.25,0.5190253646672758,965.2651566020295,394.32535968472735,1359.5905162867568,170.7221711489937,16.646005075221858,137.91166505225218,12.179201516501134
f4-stars-h0p1,total,3.2750000000000004,0.4748305481623948,965.2609038058768,391.0593969834009,1356.3203007892776,156.83461187739525,15.577148213840308,113.15538594332206,12.077467117869068
f4-stars-h0p1,total,3.3000000000000003,0.46553583929322023,959.1446583973349,387.8060444168073,1346.9507028141422,143.04052784169738,14.133924266255194,115.13979879360356,13.3360098905877
f4-stars-h0p1,total,3.325,0.5235015892868091,953.8862001529427,384.07092346956637,1337.957123622509,104.17853164707095,12.90773936391119,131.21931650401626,14.684497509072683
f4-stars-h0p1,total,3.35,0.6504065780278496,944.0791513649536,380.5358302303693,1324.614981595323,81.24705711889477,12.422441232587293,142.07879637482492,15.290649674234668
f4-stars-h0p1,total,3.375,0.764031905831669,933.8125488689151,377.4064923748378,1311.2190412437528,74.19960237575965,12.33024854033546,150.98659631232275,15.39770265754512
f4-stars-h0p1,total,3.4000000000000004,0.8070583485545412,926.7515662823265,374.4559350291615,1301.207501311488,74.4661383782259,12.249848255203851,156.85282022294814,15.242296533965986
f4-stars-h0p1,total,3.4250000000000003,0.7750565135059634,922.5653110503407,371.79312991279596,1294.3584409631367,88.95113974456493,12.210258812036686,153.5045160998561,15.019545728448623
f4-stars-h0p1,total,3.45,0.7056045203933125,915.7535695043019,369.2056693640805,1284.9592388683825,95.40188957668883,12.039626345335543,138.12687983733574,14.551345928220066
f4-stars-h0p1,total,3.475,0.6453426659295143,908.9023463983777,367.0783609602009,1275.9807073585787,95.17428199370484,11.806940871636685,111.0310715778174,13.926126349387532
f4-stars-h0p1,total,3.5,0.6066872796946775,901.9214700044207,365.08000147051087,1267.0014714749316,94.85931231632733,11.569556080712898,89.02881142848402,13.071854942042327
f4-stars-h0p1,total,3.5250000000000004,0.5532073490815479,893.7756267900746,363.02624964979424,1256.801876439869,96.85319080926391,11.378331268115282,79.01313157102551,12.382743985808162
f4-stars-h0p1,total,3.5500000000000003,0.47658537845678217,883.7307472987983,360.48474868184894,1244.2154959806471,97.64360330531017,11.154418059063905,73.21963003577177,11.73368156046118
f4-stars-h0p1,total,3.575,0.39142060589942707,870.3164917090311,357.4087014896084,1227.7251931986395,92.31169128361618,10.90655823554262,66.92059434516416,11.037107396970177
f4-stars-h0p1,total,3.6,0.3256606234685844,852.6998986405358,353.71999532620634,1206.4198939667422,77.59001674844923,10.613736472892002,58.54650904255735,10.167641941401094
f4-stars-h0p1,total,3.625,0.30274598798385016,830.7273776625749,349.4453024230381,1180.172680085613,77.08816171056992,10.341216119759277,53.412018320327014,9.178751577683459
f4-stars-h0p1,total,3.6500000000000004,0.3068530231489259,808.9902227070726,345.2953113433832,1154.2855340504557,78.96371631013501,9.771153671097247,54.17319457293337,8.639683003098055
f4-stars-h0p1,total,3.6750000000000003,0.3234145413252334,791.8853872051675,341.9849822734004,1133.870369478568,81.50517727209237,9.372222515683768,62.78920848888398,9.033313306173508
f4-stars-h0p1,total,3.7,0.33593423871095146,781.8507464409448,339.60107574722673,1121.4518221881715,85.06840978624906,9.510279057037947,76.0786020083326,10.1569608004126
f4-stars-h0p1,total,3.725,0.3420536938288925,779.0150264777926,337.983272431087,1116.9982989088796,86.72465336801099,9.922044705182124,86.90821252526644,11.269011437098806
f4-stars-h0p1,total,3.75,0.344227761895033,779.4304653057102,336.4521579190222,1115.8826232247325,84.4534137360686,10.208903163471408,93.68849856004707,12.05292565806652
f4-stars-h0p1,total,3.7750000000000004,0.34277544268630467,781.7391417900666,334.71674785723377,1116.4558896473004,80.9177649927531,10.249685616480054,92.92403277101087,12.341887555914472
f4-stars-h0p1,total,3.8000000000000003,0.33092314522857097,780.2916969159855,332.6727947297144,1112.9644916457,79.12955862517352,10.228175421156685,86.0872022803183,12.227999577264223
f4-stars-h0p1,total,3.825,0.328327239433138,776.1305573720666,330.33186689668196,1106.4624242687487,75.14722662684274,10.3397039317217,76.79321184903326,11.732216488024717
f4-stars-h0p1,total,3.85,0.3373037403402493,768.5094778662043,327.5683174218077,1096.077795288012,71.32857331876129,10.485225265056448,68.26225555778517,11.185538609837247
f4-stars-h0p1,total,3.875,0.3477856032964347,759.6051248497544,324.80681058697775,1084.4119354367322,72.09960323537851,10.529603236552868,68.97620140289966,10.792312565764064
f4-stars-h0p1,total,3.9000000000000004,0.349045172551721,749.3715244825058,321.93793201074436,1071.3094564932503,70.6312149791788,10.374778768396665,65.77433815829679,10.3995296750972
f4-stars-h0p1,total,3.9250000000000003,0.34283955402395916,737.6281532873029,319.00311099332947,1056.6312642806324,67.12979315240267,10.047767877300538,58.651525076875146,9.8486535377354
f4-stars-h0p1,total,3.95,0.3382630615294347,726.7089657911491,316.52992936945054,1043.2388951605997,62.281870385871485,9.670311924347013,50.933919178777906,9.151469253283503
f4-stars-h0p1,total,3.975,0.34831739889314783,720.8315268783964,315.23573695172195,1036.0672638301185,57.82333956015685,9.451478024991014,49.67964884111215,8.722027728446003
f4-stars-h0p1,total,4.0,0.3506912949995933,718.3600206874652,314.3102161197888,1032.670236807254,57.16803285213667,9.26935924755883,49.80535858508476,8.526902692087363
f4-stars-h0p1,total,4.025,0.33489610288310523,714.7387994191226,312.8235789806296,1027.562378399752,57.857974416121216,9.112019571778648,48.76064582680124,8.323080987375617
f4-stars-h0p1,total,4.05,0.3083691966757841,708.2834547198815,310.55308825835135,1018.836542978233,58.5385357558551,9.05070063444331,50.1034604051945,8.0176506625121
f4-stars-h0p1,total,4.075,0.2809408653048079,697.2646385483215,307.6559157961233,1004.9205543444448,60.01443403284922,9.082910651667541,55.3219902316897,7.810294163625698
f4-stars-h0p1,total,4.1000000000000005,0.26958468012682024,682.0019549324433,304.27376772279445,986.2757226552377,58.76559978075954,8.970555405806673,56.13862218611759,7.765437506090467
f4-stars-h0p1,total,4.125,0.28754728612079183,670.0131334227791,301.30238102986505,971.3155144526442,56.58982435061719,8.946348640225889,52.584998199524236,7.781718819814028
f4-stars-h0p1,total,4.15,0.30860747851536535,660.4213702178025,298.67127327785215,959.0926434956547,51.860642900405566,8.70926685732185,47.7759673364062,7.870120805023038
f4-stars-h0p1,total,4.175,0.32378570499784265,654.0091340343266,296.42739530935114,950.4365293436778,47.964664718588466,8.373751687977405,44.224942262108044,7.9267616832351875
f4-stars-h0p1,total,4.2,0.32209823148079136,649.1678861861956,294.45501695830086,943.6229031444964,47.29711956139813,8.228439733904867,42.32986518755374,7.880911176536719
f4-stars-h0p1,total,4.2250000000000005,0.308687515260911,642.0313431636214,292.3233044222922,934.3546475859137,51.349792014599515,8.468964112900814,41.52217107619646,7.638033570217877
f4-stars-h0p1,total,4.25,0.3049258867313791,629.1293470271145,289.48216525201906,918.6115122791335,58.79264488328049,8.818311085690919,41.41095133528676,7.035119086506882
f4-stars-h0p1,total,4.275,0.3236906449475214,614.3607771779293,286.37064034782514,900.7314175257545,67.30591426189477,8.919727174085795,43.97436886300736,6.325211300509863
f4-stars-h0p1,total,4.3,0.3671350330941746,604.2982917452589,283.7826991714545,888.0809909167134,73.10265325823575,8.645559232521281,50.805785711414934,5.829231997290464
f4-stars-h0p1,total,4.325,0.4173282179069903,599.070972062098,281.8727808529075,880.9437529150055,72.77601730092202,8.247980365792868,62.07295397225478,5.607331355920074
f4-stars-h0p1,total,4.3500000000000005,0.44977600458078193,597.7691674918785,280.3483613585427,878.1175288504212,58.540503341999354,7.8553122956140475,73.69218434051399,5.538774120410775
f4-stars-h0p1,total,4.375,0.44057229210082927,598.4514868857054,278.96090275951775,877.4123896452231,40.43417220366614,7.496453300232575,79.53641470803288,5.466166704562946
f4-stars-h0p1,total,4.4,0.4031419637308845,599.9452686329362,277.520749373592,877.4660180065282,36.432752259362715,7.141215727222122,75.38780742910782,5.436060143699998
f4-stars-h0p1,total,4.425,0.36557761686933204,600.2345472950251,275.74575510046617,875.9803023954912,39.80299922182464,6.907346901428444,60.591393961144796,5.474845125412208
f4-stars-h0p1,total,4.45,0.3329866193410396,596.7321915163536,273.7765976328779,870.5087891492315,39.67707741171199,6.924859556646971,43.179780807296495,5.566574939063224
f4-stars-h0p1,total,4.4750000000000005,0.3093698275015482,588.6678256887113,271.77895574811413,860.4467814368254,39.12547762789748,7.2350414756749135,30.39491990804815,5.58666592179653
f4-stars-h0p1,total,4.5,0.28504234042849974,578.5369515119311,269.6595607546026,848.1965122665337,38.28335370805853,7.441994930637494,25.836915968088494,5.459133609406638
f4-stars-h0p1,total,4.525,0.2556177352712691,569.4594405126892,267.5903640987877,837.0498046114769,37.18637151912821,7.417258566418737,25.997737539962866,5.220908063401843
f4-stars-h0p1,total,4.55,0.22729856992278308,560.7895146571246,265.64291279824255,826.4324274553671,35.765670681567684,7.0807337198040345,32.24839863158354,4.866442886281253
f4-stars-h0p1,total,4.575,0.21836533702487926,554.6348201848567,263.9786331521606,818.6134533370173,34.09375074284275,6.733878256661563,45.924372785584836,4.391210721054433
f4-stars-h0p1,total,4.6000000000000005,0.240180229397155,551.3166128560065,262.17247760841684,813.4890904644233,38.17990705156706,6.65475548314592,51.147540733785924,3.874688289789079
f4-stars-h0p1,total,4.625,0.2865321957438494,545.8821555571204,259.9437264612892,805.8258820184096,44.4208816262051,6.676575819820613,44.61656500483888,3.4955935595869154
f4-stars-h0p1,total,4.65,0.338001516281105,537.8157000786915,257.4935044920997,795.3092045707913,43.09040708237491,6.550757841239604,35.604308308897146,3.302444168766521
f4-stars-h0p1,total,4.675,0.3749407235436927,531.2819586666353,255.16050370421002,786.4424623708453,37.34549729686023,6.284396005380384,29.954939753257747,3.2760525271472725
f4-stars-h0p1,total,4.7,0.3792090032267974,526.292208266618,252.95571888829141,779.2479271549093,33.53646329341602,5.9706706512995025,27.324071244136483,3.320552674190175
f4-stars-h0p1,total,4.7250000000000005,0.36094623836357836,521.9402638267179,251.18604861158377,773.1263124383017,34.04400330163509,5.95952197616074,26.484271582574575,3.350371716236257
f4-stars-h0p1,total,4.75,0.3209327301125029,515.9068230712254,249.49768674739633,765.4045098186217,35.80555427722696,6.08457686101246,28.66022713434739,3.334885553779444
f4-stars-h0p1,total,4.775,0.2808157813673246,510.04186262368535,247.7533274794292,757.7951901031146,38.09915942323634,6.305440317360054,33.185989872364374,3.2405977439411364
f4-stars-h0p1,total,4.800000000000001,0.24686337570221473,506.0128159671628,245.93079686371428,751.9436128308771,41.08718612329953,6.513601283026438,35.36912590945836,3.095502982795244
f4-stars-h0p1,total,4.825,0.21429599058707677,499.85339543773557,243.91527404153686,743.7686694792724,44.04932610333536,6.527656490840343,33.98897794853919,2.9731097280869943
f4-stars-h0p1,total,4.8500000000000005,0.19279104615236137,493.345751202306,241.99120787962687,735.336959081933,38.367415099752264,6.280630346942049,31.228766351178788,2.9501844989355046
f4-stars-h0p1,total,4.875,0.18279091891164428,488.6187498211037,240.25911137280403,728.8778611939077,30.00438074068235,5.862199122418471,27.654954263908653,2.9889920891078323
f4-stars-h0p1,total,4.9,0.18574459766586782,484.4109421447187,238.84235386337969,723.2532960080985,28.069172233265018,5.638776002266063,24.02760736691026,3.029408049192113
f4-stars-h0p1,total,4.925000000000001,0.19397563047350114,478.33632905967124,237.3304355208482,715.6667645805194,27.4946058093521,5.44079945764001,21.57770294596163,3.0735874315085265
f4-stars-h0p1,total,4.95,0.20684330604463153,471.15579325603784,235.60668681709595,706.7624800731338,27.313105075978033,5.223486289555995,21.965677321561557,3.101025315889203
f4-stars-h0p1,total,4.9750000000000005,0.22616337977367537,464.6264397527118,233.8020559843284,698.4284957370402,26.73239928361267,5.007159322812091,25.370384982439983,3.1135577107971755
f4-stars-h0p1,total,5.0,0.24915988450653964,460.1956633190698,232.06183412409254,692.2574974431624,24.372745788173017,4.772743897659605,28.467990138517838,3.1016320558972796
f4-stars-h0p1,total,5.025,0.27007414792744777,456.85319899555583,230.35656724960455,687.2097662451604,21.831708487094264,4.522906215817309,29.947660243862916,3.0543291780328823
f4-stars-h0p1,total,5.050000000000001,0.28280749712238934,454.1414665236036,228.71255705637932,682.8540235799829,20.051545581092235,4.29768535809077,30.239350425072985,2.984267835161502
f4-stars-h0p1,total,5.075,0.2866900326904447,451.65460129066525,227.10196763132433,678.7565689219896,18.8910290489315,4.083713338196993,29.891137052868864,2.910713419214856
f4-stars-h0p1,total,5.1000000000000005,0.284142341361845,449.2859075659913,225.53475726000684,674.8206648259982,18.158851304801203,3.8884188485395037,29.115604996895925,2.8369758781592465
f4-stars-h0p1,total,5.125,0.27730491471651253,446.8571186385226,223.99962604469385,670.8567446832164,17.718257711611447,3.710668145576706,28.077867671556024,2.764689510357441
f4-stars-h0p1,total,5.15,0.26781902331255847,444.3266741097782,222.49575504932602,666.8224291591042,17.407368625707058,3.5488076651713283,26.849080858412066,2.693392999890632
f4-stars-h0p1,total,5.175000000000001,0.2568779734000515,441.6417639623783,221.0171782487393,662.6589422111176,17.129508603584323,3.40297631148981,25.491441371049962,2.623228493613403
f4-stars-h0p1,total,5.2,0.24525874788370183,438.7840090872116,219.56164658398902,658.3456556712006,16.82285336749749,3.2724404807942262,24.065876182497195,2.555227472728239
f4-stars-h0p1,total,5.2250000000000005,0.2333628808885163,435.76149550308986,218.12324952423862,653.8847450273284,16.435937714330674,3.1547724126042462,22.624774660396806,2.4893528036083596
f4-stars-h0p1,total,5.25,0.2213626818644474,432.54868672548787,216.69721471742585,649.2459014429137,15.974688180912908,3.0474573981996476,21.206001772370815,2.4259972844062405
f4-stars-h0p1,total,5.275,0.20938116624678135,429.17930944588517,215.28005938445068,644.4593688303358,15.441733355289303,2.947328493743962,19.8384641890529,2.3654107924235923
f4-stars-h0p1,total,5.300000000000001,0.19760955056038038,425.66156163075004,213.86714255685138,639.5287041876014,14.848909759477237,2.852424110481991,18.541237834236437,2.3067802928986567
f4-stars-h0p1,total,5.325,0.18591650887413666,422.0152016947958,212.46004020621194,634.4752419010077,14.224930513606074,2.7627615128023395,17.321912094660757,2.2506363945497045
f4-stars-h0p1,total,5.3500000000000005,0.17450759070943384,418.2777020948617,211.0573345292155,629.3350366240772,13.57869426686626,2.6772466816221474,16.17845106052695,2.1962000131752344
f4-stars-h0p1,total,5.375,0.16349925116559783,414.44899554404793,209.65824453641574,624.1072400804637,12.91676145002601,2.595318205890187,15.118172321696509,2.1435753160852524
f4-stars-h0p1,total,5.4,0.15291266281937682,410.55831366368295,208.26336769621662,618.8216813598996,12.26009544880933,2.516870392657691,14.137142754688352,2.092988592992852
f4-stars-h0p1,total,5.425000000000001,0.14270020036321907,406.6228055886675,206.8738301346757,613.4966357233432,11.60770628741712,2.4420934528595852,13.22845121595108,2.0440255750536247
f4-stars-h0p1,total,5.45,0.13288266204616436,402.6548976903456,205.4900766810854,608.144974371431,10.97695763378527,2.3709721350874395,12.387988111312941,1.9968040306340566
f4-stars-h0p1,total,5.4750000000000005,0.12357863834921834,398.67379598160227,204.11114990685968,602.784945888462,10.369791692643306,2.3030054699859117,11.609793872978358,1.9512785090496123
f4-stars-h0p1,total,5.5,0.11468100913697361,394.684012025714,202.73869456641717,597.4227065921311,9.779900394865741,2.2379926164203914,10.893750754512403,1.907031818939002
f4-stars-h0p1,total,5.525,0.10623698521256755,390.7020172137551,201.37370616671416,592.0757233804693,9.225498830239617,2.176165572967196,10.225432405155969,1.8638598088066307
f4-stars-h0p1,total,5.550000000000001,0.09822862279109706,386.72372390716544,200.01462456255965,586.7383484697251,8.69649732487864,2.117144037865967,9.60664852249626,1.8220000756083379
f4-stars-h0p1,total,5.575,0.09064552266422315,382.77075097374194,198.66303726328485,581.4337882370268,8.212767578988975,2.0605942498608516,9.032254280927367,1.7809238073301912
f4-stars-h0p1,total,5.6000000000000005,0.08347184525397394,378.8549266302556,197.31909431289398,576.1740209431496,7.777964753749511,2.006503112393385,8.499283158975699,1.7413459574183314
f4-stars-h0p1,total,5.625,0.0767147596210419,374.9696072376068,195.98153594417195,570.9511431817788,7.378612677724552,1.9544051151222406,8.001744931565495,1.7026521695581878
f4-stars-h0p1,total,5.65,0.0703117348194445,371.13694013079004,194.65324552626225,565.7901856570522,7.026584612300074,1.904954836935813,7.533219992495971,1.6650734139856658
f4-stars-h0p1,total,5.675000000000001,0.06422347346957853,367.3381195873023,193.33327200323492,560.6713915905373,6.695039495028345,1.8579563761812368,7.09716690301142,1.6288523561897972
f4-stars-h0p1,total,5.7,0.058429001408914806,363.58379452403994,192.02319143740579,555.6069859614457,6.390712597590475,1.8136305874434417,6.682677411766,1.5936156377976458
f4-stars-h0p1,total,5.7250000000000005,0.05287626778197523,359.86585767661524,190.72235789462124,550.5882155712364,6.110121965410858,1.7720451339688816,6.293782234380059,1.5593038091867593
f4-stars-h0p1,total,5.75,0.0475793967712118,356.1821126708588,189.43034267763977,545.6124553484985,5.837368223507513,1.7321220970793159,5.92569049865414,1.5258642321610412
f4-stars-h0p1,total,5.775,0.04245651445689078,352.5388556125975,188.1482468842525,540.68710249685,5.592236133872417,1.6945919665328426,5.576004429069402,1.4931124313405377
f4-stars-h0p1,total,5.800000000000001,0.037478409374860217,348.9271480164015,186.87512248308778,535.8022704994893,5.353707658628441,1.658532953137279,5.248426516062564,1.4617453072979
f4-stars-h0p1,total,5.825,0.03262528823724438,345.34918821370655,185.612603695939,530.9617919096455,5.128935917594768,1.6249714366946437,4.93464078378183,1.4314670193690011
f4-stars-h0p1,total,5.8500000000000005,0.02790114748060226,341.80058351305195,184.36004184628598,526.1606253593379,4.917674903266894,1.5938322463513572,4.6428721243892115,1.4031460787773375
f4-stars-h0p1,total,5.875,0.023324051588290824,338.2784090150899,183.11807759874523,521.3964866138351,4.701932207085378,1.565812932687288,4.368933591118373,1.3763322028897753
f4-stars-h0p1,total,5.9,0.01891096036672514,334.78705221860827,181.88558053468796,516.6726327532963,4.499108913131717,1.5403976699829678,4.113270208242106,1.3506535415482368
f4-stars-h0p1,total,5.925000000000001,0.01466643437826489,331.31162005161417,180.65963513905868,511.9712551906729,4.289934229918111,1.5169423738660124,3.8747522430062307,1.3260181518012628
f4-stars-h0p1,total,5.95,0.010507692379536348,327.8610067875456,179.44028732160646,507.3012941091521,4.080567398262581,1.4948475507213637,3.6484506406546284,1.302556499795938
f4-stars-h0p1,total,5.9750000000000005,0.006347904131028068,324.4345126426262,178.22658678571645,502.66109942834265,3.879309636589923,1.4732741326672474,3.436564677371039,1.2804890248225576
f4-stars-h0p1,total,6.0,0.002100326298309882,321.1035548723173,177.035394462665,498.1389493349823,3.696134363434728,1.4611853608198484,3.2238142856808403,1.2680874214566535
f4-stars-h0p4,stellar_luminosity,0.05,0.0006360803359544769,1196.0228188530355,55.11101769773594,1251.1338365507713,8.89185466340683,2.5261281202638024,83.6581872274309,33.916950259820574
f4-stars-h0p4,stellar_luminosity,0.07500000000000001,0.4588903190800062,1410.75920693276,60.63473801481978,1471.3939449475797,152.98904141242798,9.23947160708798,104.84031782713572,20.86782826804219
f4-stars-h0p4,stellar_luminosity,0.1,2.094688421534939,1322.0769066693265,85.33768788511938,1407.4145945544458,279.0754617747634,16.408188192087106,260.19968152077473,31.828940159724937
f4-stars-h0p4,stellar_luminosity,0.125,3.865848533688738,1169.9095644245626,111.36547514389083,1281.2750395684534,430.75645627550693,26.729096436013855,401.94114941172234,41.44215171579569
f4-stars-h0p4,stellar_luminosity,0.15000000000000002,5.9581745446188705,1117.0429678339708,145.83130450068836,1262.874272334659,625.1689061827576,42.26257983069049,547.16668272653,49.37053313009223
f4-stars-h0p4,stellar_luminosity,0.17500000000000002,7.866329236173535,1105.6987013801188,180.26543647890858,1285.9641378590275,730.8675684929143,51.516534277475266,671.4790600436224,55.94479474741795
f4-stars-h0p4,stellar_luminosity,0.2,9.163960930948774,1122.701062544658,212.8729266381966,1335.5739891828546,744.08895701,57.138467675459005,765.1255613033696,61.50616577458199
f4-stars-h0p4,stellar_luminosity,0.225,9.766231609762228,1179.9718268001936,242.54690381245115,1422.5187306126447,697.141385840984,61.325131877822514,820.2188538806266,66.029625695502
f4-stars-h0p4,stellar_luminosity,0.25,9.660969029941546,1276.3667512312256,267.9049340655115,1544.2716852967371,636.9850504598038,65.93838083105464,824.8894018918264,69.62436148475116
f4-stars-h0p4,stellar_luminosity,0.275,8.92802598848366,1415.351298462404,288.26275928479095,1703.614057747195,628.7291057556141,70.89480913202806,771.8788807410124,72.94762612362167
f4-stars-h0p4,stellar_luminosity,0.30000000000000004,7.889975485638246,1570.1183861438642,302.3827459722141,1872.5011321160782,679.6774000979559,75.32460045621413,683.7155993333467,76.23095280095477
f4-stars-h0p4,stellar_luminosity,0.325,6.99590951853471,1714.4604270709945,310.370460183613,2024.8308872546074,738.0882278587814,75.88611075545087,632.4129149458839,80.93889473026347
f4-stars-h0p4,stellar_luminosity,0.35000000000000003,6.715499746648848,1839.4324164215327,316.4362533797709,2155.8686698013034,730.3827023006883,70.20153120731149,712.3567843891216,88.28280859477118
f4-stars-h0p4,stellar_luminosity,0.375,6.868056236852643,1926.0691004909502,327.17791537773724,2253.2470158686874,655.116221012736,63.836075088195045,854.3365256826105,96.07971024973462
f4-stars-h0p4,stellar_luminosity,0.4,7.152240153944777,1976.5786210153337,343.46197121742915,2320.0405922327627,584.6886887062813,64.82375853813738,966.4431119747528,101.65805786062542
f4-stars-h0p4,stellar_luminosity,0.42500000000000004,7.232023535188846,1990.5339536055678,358.24043939793853,2348.7743930035062,585.2036375543034,69.04676682498116,1057.4488001307075,105.57465763604374
f4-stars-h0p4,stellar_luminosity,0.45,7.113979592560808,1995.5735898557084,370.98989281430886,2366.563482670017,674.64872956644,75.85519216967906,1130.5643260004692,107.57046726443282
f4-stars-h0p4,stellar_luminosity,0.47500000000000003,7.019522427963921,1995.793978435857,381.3346245218752,2377.1286029577323,795.6802615594487,83.55513162908484,1173.5951071728175,107.52495234615544
f4-stars-h0p4,stellar_luminosity,0.5,6.872574167971091,2010.02000219572,392.8820594375368,2402.902061633257,905.4256719442834,90.42192901693367,1198.4440259473308,107.49757782604772
f4-stars-h0p4,stellar_luminosity,0.525,6.675986047080754,2028.0007192813416,406.0238585710723,2434.024577852414,997.3178204578514,96.22436477750264,1220.2709530845475,107.92967544268723
f4-stars-h0p4,stellar_luminosity,0.55,6.667596096942934,2083.9442607444053,424.0618153264172,2508.0060760708225,1122.0204204522497,104.93378396799923,1227.4444309042792,108.27905740533583
f4-stars-h0p4,stellar_luminosity,0.5750000000000001,6.872236989869724,2163.687363838616,443.6803128824198,2607.367676721036,1263.9598482729987,114.90438039389271,1217.428249935122,108.33915153871754
f4-stars-h0p4,stellar_luminosity,0.6000000000000001,7.284292636245971,2274.6873497970378,462.68286491446514,2737.3702147115027,1393.2739104870213,124.18905904195333,1204.423264986121,109.50297555359242
f4-stars-h0p4,stellar_luminosity,0.625,7.697018078612889,2389.103355512462,477.8162604768753,2866.919615989337,1460.705891420458,129.3406036702297,1209.9329075411315,114.44838649806562
f4-stars-h0p4,stellar_luminosity,0.65,7.945461603577614,2507.2009095271883,490.0730385147843,2997.2739480419727,1453.8321627059363,128.7838315098147,1253.8900980226115,125.42804006904478
f4-stars-h0p4,stellar_luminosity,0.675,7.995415128871488,2626.9495075155514,501.08263366924166,3128.032141184793,1379.5771203810257,123.42258895186647,1340.2661417770623,140.22531727923172
f4-stars-h0p4,stellar_luminosity,0.7000000000000001,7.859977177289059,2719.928142315441,509.0876919928927,3229.015834308334,1251.5599192171874,114.8090682347236,1451.0273476610248,154.74542152326734
f4-stars-h0p4,stellar_luminosity,0.7250000000000001,7.636349595023047,2766.973405161897,512.8375364390901,3279.810941600987,1125.0469926058204,105.36010903021497,1546.6823839621084,165.6953904181431
f4-stars-h0p4,stellar_luminosity,0.75,7.3214790457058525,2795.8328182641044,515.818674690642,3311.6514929547466,1060.1272291107182,97.89155964275989,1596.3270872155767,171.90949868551598
f4-stars-h0p4,stellar_luminosity,0.775,7.312533646447179,2856.0468542791946,526.6125057990153,3382.65936007821,1043.9656912857774,97.40797922004114,1578.2385227135467,171.50755614293973
f4-stars-h0p4,stellar_luminosity,0.8,7.645386643452507,2932.1826208140224,543.7591051447026,3475.941725958725,1002.6274788477551,100.0178775297299,1514.3297835522437,166.4091120628552
f4-stars-h0p4,stellar_luminosity,0.8250000000000001,7.9586540148087295,2978.759481739381,559.0511001290237,3537.810581868405,916.9603054893653,99.7952887650693,1443.5348369642418,160.0926407594315
f4-stars-h0p4,stellar_luminosity,0.8500000000000001,8.08462334068085,2990.159216984365,570.1419182737952,3560.30113525816,812.0465498629554,96.36197659480924,1383.5684187962624,154.60636804031247
f4-stars-h0p4,stellar_luminosity,0.875,7.985773071165299,2990.6703068981274,579.7026889391323,3570.3729958372596,709.746835530176,90.85293181069747,1351.2975567865858,152.23640380504068
f4-stars-h0p4,stellar_luminosity,0.9,7.8132626114018615,2979.411174359961,588.0729985454777,3567.4841729054388,617.8841691396093,84.56216147916494,1359.0867294730542,153.9545717404777
f4-stars-h0p4,stellar_luminosity,0.925,7.774106598535367,2962.940142988256,596.1790976533998,3559.119240641656,553.9894917444353,78.67407002830667,1414.7582054921525,159.90626881794054
f4-stars-h0p4,stellar_luminosity,0.9500000000000001,7.9881826613916385,2955.396501196817,604.1150767395552,3559.5115779363723,525.2995237653404,74.08251185267775,1502.5400550357238,167.75786676080176
f4-stars-h0p4,stellar_luminosity,0.9750000000000001,8.459018746832431,2933.864953375635,610.3735266523496,3544.2384800279847,555.87641400315,71.76671779962834,1596.804020172259,173.51922497670546
f4-stars-h0p4,stellar_luminosity,1.0,9.201848054291524,2891.496137603562,614.3403325831954,3505.8364701867577,619.1909712432671,71.00323536974409,1672.9863892179171,174.7912579112687
f4-stars-h0p4,stellar_luminosity,1.0250000000000001,9.892936349544751,2892.4475490627224,617.9129127093968,3510.3604617721194,617.143549378441,68.99428361405954,1727.6816601834632,173.39858755402534
f4-stars-h0p4,stellar_luminosity,1.05,10.388310570289676,2943.7247360431743,621.1538258432732,3564.8785618864476,557.3880728368941,65.81351645370934,1746.4131071481045,170.10208812121374
f4-stars-h0p4,stellar_luminosity,1.075,10.60574664954105,3016.2743569974514,623.6546392417586,3639.92899623921,473.9286396771418,62.073260792776374,1736.795537532677,165.6039304856377
f4-stars-h0p4,stellar_luminosity,1.1,10.517726043552798,3090.981041381614,625.6301029516712,3716.611144333285,412.8429310000293,57.98770693693961,1703.4502601985241,160.64045478759635
f4-stars-h0p4,stellar_luminosity,1.125,10.160771204977573,3158.4217797812635,627.8766075795478,3786.2983873608114,422.78632345676084,53.65252589098534,1643.539990157772,155.98200952197755
f4-stars-h0p4,stellar_luminosity,1.1500000000000001,9.759242803979584,3196.6505036691124,629.7291561830408,3826.379659852153,495.3477386699375,49.607043014782754,1563.5332662367648,151.79531657288408
f4-stars-h0p4,stellar_luminosity,1.175,9.410152328842146,3195.188138774264,630.7018204428354,3825.8899592170997,568.4391347636355,46.26527695465002,1478.3581867335035,148.62914476905075
f4-stars-h0p4,stellar_luminosity,1.2000000000000002,9.123188463830225,3154.177772584137,631.0018104262952,3785.179583010432,598.881078449637,43.611073911317035,1401.1843842783783,146.55750125189672
f4-stars-h0p4,stellar_luminosity,1.225,9.224011927829423,3067.893798373314,629.3274447237467,3697.221243097061,610.7619301723444,42.4715251592933,1329.6931685744596,143.8342455507968
f4-stars-h0p4,stellar_luminosity,1.25,9.541200031586914,2988.4653963795636,628.1603763218975,3616.625772701461,641.2752347753963,42.08546467869115,1273.6689484702426,140.29506723060288
f4-stars-h0p4,stellar_luminosity,1.2750000000000001,9.96886355181308,2931.12365201354,628.0402562135815,3559.1639082271213,704.9261175168206,42.25933587198186,1223.0020768126897,136.7911616961208
f4-stars-h0p4,stellar_luminosity,1.3,10.280620751465381,2908.7422925715227,629.0903612454084,3537.8326538169313,771.5109066925293,42.295661841966286,1184.5377092392864,134.0550088164474
f4-stars-h0p4,stellar_luminosity,1.3250000000000002,10.383167193044553,2894.353656861009,630.0533995256512,3524.40705638666,823.2584431227281,42.450916466063056,1161.6646101984632,131.40357724329962
f4-stars-h0p4,stellar_luminosity,1.35,10.224674115599186,2862.91589415053,629.9428084750131,3492.858702625543,846.7707575100316,42.68581937432515,1146.4206535735104,128.20544287268288
f4-stars-h0p4,stellar_luminosity,1.375,9.806610226474474,2812.1910518749874,628.5044240772528,3440.69547595224,842.6815590213996,42.834060757210665,1133.8061449602249,124.29486393664209
f4-stars-h0p4,stellar_luminosity,1.4000000000000001,9.188461852243154,2763.749111117386,626.7851136178958,3390.534224735282,821.0491573925464,42.893365434348866,1132.8984733084872,120.5803674168119
f4-stars-h0p4,stellar_luminosity,1.425,8.579853582921256,2727.7975486245955,625.5022677388129,3353.2998163634084,795.4350326531134,42.93403452525338,1141.0474753388994,117.53515189830017
f4-stars-h0p4,stellar_luminosity,1.4500000000000002,8.161746014571438,2713.975660562898,625.1011026743504,3339.0767632372485,774.3378439764931,42.65590477905893,1152.6317477220687,115.87249725862567
f4-stars-h0p4,stellar_luminosity,1.475,7.860427384028077,2725.7423378749772,625.6654354752019,3351.407773350179,761.4072534659313,41.68301340896113,1159.4197159922487,115.11541314737221
f4-stars-h0p4,stellar_luminosity,1.5,7.47362481840771,2758.023324922555,626.7802768289866,3384.8036017515415,753.7729219902226,39.902994790361475,1157.5883251241992,114.09991198745172
f4-stars-h0p4,stellar_luminosity,1.5250000000000001,6.950297841438125,2804.8362052874218,627.9724337255317,3432.8086390129533,751.859526069197,37.31444322571338,1141.9773236056596,112.75229956638444
f4-stars-h0p4,stellar_luminosity,1.55,6.38006703550111,2842.1243734084796,628.4442653832303,3470.56863879171,770.4951213679374,34.475639995416216,1099.8387207861738,110.91952094668402
f4-stars-h0p4,stellar_luminosity,1.5750000000000002,5.822296579871866,2838.142719531203,627.0880101183974,3465.2307296496006,800.8919758861987,32.835620208933456,1041.2348316001835,109.2909643317545
f4-stars-h0p4,stellar_luminosity,1.6,5.427685413123321,2780.362820272488,623.341573418339,3403.704393690827,785.4237980210394,32.975023433095785,1014.8220510570613,108.61379553214361
f4-stars-h0p4,stellar_luminosity,1.625,5.185310775089372,2721.5341877348164,618.8855923427562,3340.419780077573,679.6634580084082,33.56483462543753,1054.512238835471,108.65949065681386
f4-stars-h0p4,stellar_luminosity,1.6500000000000001,4.9931889565632925,2709.0636289648824,615.9258857660235,3324.9895147309057,612.1398011841075,34.07473280021015,1075.6570322984971,108.95913640919183
f4-stars-h0p4,stellar_luminosity,1.675,4.856632449868544,2706.3569414390004,613.5376265685622,3319.8945680075626,662.1758030127432,34.219334518401176,1041.9767551224045,109.08864648371159
f4-stars-h0p4,stellar_luminosity,1.7000000000000002,4.722618553798091,2678.0928995362146,610.9926119293889,3289.0855114656033,681.9176894240801,33.942056699712865,966.3987433659776,108.36460458495384
f4-stars-h0p4,stellar_luminosity,1.725,4.509524683824969,2622.506624081433,608.0192302016599,3230.525854283093,627.9275846368184,33.923469201448455,885.4251433456598,106.14102691116588
f4-stars-h0p4,stellar_luminosity,1.75,4.227897792626177,2559.162250197539,604.846080885448,3164.008331082987,573.6812592303744,34.886080657318985,812.2219044448134,102.47543981142249
f4-stars-h0p4,stellar_luminosity,1.7750000000000001,3.8596018785096335,2489.3158349144664,600.7656413809524,3090.0814762954187,546.526993839515,36.286401701880855,747.089170656606,98.02845420784793
f4-stars-h0p4,stellar_luminosity,1.8,3.4397668481770856,2412.3497254380945,595.405693671125,3007.7554191092195,535.5667229209752,37.44893651126902,690.9307265454262,93.46517181283888
f4-stars-h0p4,stellar_luminosity,1.8250000000000002,3.061083764016714,2328.787957923209,588.7522937582099,2917.540251681419,522.3339634194632,37.592169878940965,647.5247684661422,89.92941842251355
f4-stars-h0p4,stellar_luminosity,1.85,2.9144471067938857,2255.211247605704,582.352488056813,2837.563735662517,497.9823251637664,36.56278379765769,606.7311864226277,87.1464320936094
f4-stars-h0p4,stellar_luminosity,1.875,3.004521602335219,2184.937241886303,576.4060874143552,2761.3433293006583,463.3359971319907,35.364487416407805,564.9156842943027,85.30925106404868
f4-stars-h0p4,stellar_luminosity,1.9000000000000001,3.2114987811802957,2118.554379925752,570.3502452348798,2688.904625160632,432.08977879630675,34.61412110119624,526.3551030646295,83.88969655973523
f4-stars-h0p4,stellar_luminosity,1.925,3.3708800030167416,2058.4771485124165,564.1119157320778,2622.5890642444942,410.52668702445555,34.54788666763299,492.5780851854026,82.25071076465987
f4-stars-h0p4,stellar_luminosity,1.9500000000000002,3.3859334480961296,2012.6160482435546,558.657023552674,2571.2730717962286,399.8458154373403,35.11394716729376,464.33956451406436,80.31192872217308
f4-stars-h0p4,stellar_luminosity,1.975,3.280765159559952,1981.1796153011621,554.5044922627008,2535.684107563863,394.23322096695154,36.017785234926734,442.94222817634864,78.40595164335762
f4-stars-h0p4,stellar_luminosity,2.0,3.1384264094406014,1955.968040446322,551.1776050434846,2507.1456454898066,386.2817273444206,36.85694334567401,427.01557433730545,76.68042317119306
f4-stars-h0p4,stellar_luminosity,2.025,2.9849162544082697,1928.8638429710184,547.7191087113707,2476.582951682389,372.9519498655439,37.28482114450053,416.00536353816955,75.61156082809732
f4-stars-h0p4,stellar_luminosity,2.0500000000000003,2.815411775454132,1900.7987925684736,543.7964593467811,2444.5952519152547,357.47032299505054,37.34884900509804,409.0101150651971,75.3655073980135
f4-stars-h0p4,stellar_luminosity,2.075,2.67247909045017,1870.6499585046042,539.1939006146588,2409.843859119263,346.5512765502762,37.646159549533785,403.3260029898114,75.2513806439369
f4-stars-h0p4,stellar_luminosity,2.1,2.563302878924432,1833.1914711484471,533.4743285879833,2366.6657997364305,346.16288834577455,38.793911256551254,392.4603299200492,74.01141876523573
f4-stars-h0p4,stellar_luminosity,2.125,2.4703728677373196,1783.928372997579,526.1077210763647,2310.036094073944,354.83399556183866,40.83410537772843,372.68131804679973,70.85476224612472
f4-stars-h0p4,stellar_luminosity,2.15,2.3694104217332423,1732.3084109693825,518.3680129971214,2250.676423966504,362.64065362264813,42.515827404110716,346.1778455122483,66.51260838614712
f4-stars-h0p4,stellar_luminosity,2.1750000000000003,2.2874190856290877,1681.9079567313015,511.0827784554984,2192.9907351868,362.31677341329464,42.96528784780152,318.3164732510493,62.48219480330392
f4-stars-h0p4,stellar_luminosity,2.2,2.234319316063811,1638.6905996382206,505.0148254214065,2143.705425059627,353.5170510496659,42.23609499836323,296.7553449966629,60.006295085751425
f4-stars-h0p4,stellar_luminosity,2.225,2.1922358115255203,1609.1867408482342,500.70104794071705,2109.887788788951,338.1850346671967,40.72020553436843,282.7153752175087,58.52569658763151
f4-stars-h0p4,stellar_luminosity,2.25,2.128792776333333,1594.5821559182457,497.95313077076145,2092.535286689007,322.4613421002282,38.91711983529715,271.6381461117804,56.951673062331245
f4-stars-h0p4,stellar_luminosity,2.275,2.003961169975118,1578.720438481179,494.8132371498968,2073.5336756310758,310.3678990702398,37.371392840452486,263.48758174599897,55.849501177693064
f4-stars-h0p4,stellar_luminosity,2.3000000000000003,1.858576428650593,1551.6369637994221,490.1942263686917,2041.8311901681138,301.491829977926,36.49117599332368,257.076584350478,55.34328554113577
f4-stars-h0p4,stellar_luminosity,2.325,1.6898342629254381,1514.1608514331126,484.2523739267478,1998.4132253598605,292.1772433660852,36.0936056873758,253.05038970642298,55.310678146749794
f4-stars-h0p4,stellar_luminosity,2.35,1.5721768963322602,1478.4035645021067,478.4391858661775,1956.8427503682842,284.6382825757996,36.43881586713804,250.7341700344938,55.05074931909457
f4-stars-h0p4,stellar_luminosity,2.375,1.5416197458259386,1452.9130959616245,473.7357316023588,1926.6488275639833,282.9438932350342,37.27397291895698,250.2512980161873,54.34999169665366
f4-stars-h0p4,stellar_luminosity,2.4000000000000004,1.5390939643445745,1418.0104514139061,468.0278730457155,1886.0383244596217,277.5077627311495,37.537668702535235,245.7000406828991,52.835039998154755
f4-stars-h0p4,stellar_luminosity,2.4250000000000003,1.5345159920200138,1369.1076464272583,460.8164154417409,1829.9240618689992,266.76949190109843,37.28834830159612,236.33716516799052,50.653768721266076
f4-stars-h0p4,stellar_luminosity,2.45,1.5742849377403583,1312.8347004178368,452.8451779929048,1765.6798784107416,246.6825868040269,36.32847133722745,223.1878768189022,48.441900074450004
f4-stars-h0p4,stellar_luminosity,2.475,1.659593047722323,1269.2731936594419,446.01800854718186,1715.2912022066237,228.4420359710569,35.53506806833596,207.24518541342462,46.320859791061395
f4-stars-h0p4,stellar_luminosity,2.5,1.7359103029592078,1247.7537701066856,441.2730631675831,1689.0268332742687,223.38704518288245,35.346663445720694,190.28297038861018,44.05167496629845
f4-stars-h0p4,stellar_luminosity,2.5250000000000004,1.7259569669884602,1237.5052993881543,437.86755783991214,1675.3728572280666,226.16396777458928,35.531341981621736,174.35853505091836,41.617108264955554
f4-stars-h0p4,stellar_luminosity,2.5500000000000003,1.605732090676882,1221.9722369669269,433.9639568514417,1655.9361938183686,224.3649881566307,34.8288793340903,159.9443975235632,39.094011484633015
f4-stars-h0p4,stellar_luminosity,2.575,1.4536269827021133,1201.149576696457,429.8891667934116,1631.0387434898685,215.18047315915467,32.996185376257145,146.70559721466606,36.116983648216724
f4-stars-h0p4,stellar_luminosity,2.6,1.3513080774690036,1177.6695554290768,426.10136908434345,1603.7709245134201,200.53463087024593,30.511969326886252,134.34204486318504,32.88480738337117
f4-stars-h0p4,stellar_luminosity,2.625,1.3077762055726865,1150.1371014596145,421.8966121237204,1572.033713583335,185.51957111160758,28.312841326765508,127.83577615226743,31.007074521088974
f4-stars-h0p4,stellar_luminosity,2.6500000000000004,1.2866817210906087,1122.7346889583423,417.3066789681508,1540.041367926493,175.19175050179075,26.68874532236209,130.25325481045115,31.637485116455707
f4-stars-h0p4,stellar_luminosity,2.6750000000000003,1.2771571301149338,1097.6687724925573,412.4507027663099,1510.1194752588672,166.70108094256742,25.262038537961907,139.32064338423925,33.970783125135156
f4-stars-h0p4,stellar_luminosity,2.7,1.2473766562241309,1078.1338900281166,407.7253482251813,1485.859238253298,155.5101598232086,23.582622050259804,150.40568023471673,36.83683240672849
f4-stars-h0p4,stellar_luminosity,2.725,1.2156951235643318,1072.3054541407448,404.8913949929617,1477.1968491337066,144.18317649923745,22.6897368486164,157.78673701050832,38.9415292487505
f4-stars-h0p4,stellar_luminosity,2.75,1.1907134349097033,1073.8673126635804,403.58581740566,1477.4531300692404,133.78655308397546,22.17283912208805,158.84162809158772,39.884487180546074
f4-stars-h0p4,stellar_luminosity,2.7750000000000004,1.1651437203311348,1074.283805708705,402.7891596195136,1477.0729653282185,128.34216155412136,21.869666120950686,154.83076310171282,39.641632990650336
f4-stars-h0p4,stellar_luminosity,2.8000000000000003,1.1063113987292412,1068.367943891641,401.22104941763,1469.588993309271,125.62364514083885,21.67977685132405,150.56722669661815,39.013350624297395
f4-stars-h0p4,stellar_luminosity,2.825,1.0223453378129923,1057.3482084937507,398.6810309685395,1456.0292394622902,123.63062438003897,21.57825474373822,148.29679773365413,38.68602859706574
f4-stars-h0p4,stellar_luminosity,2.85,0.9549753548787192,1043.3741390345428,395.4733199633559,1438.8474589978987,121.2443899151873,21.45615027744882,148.72207633322677,38.915972229644915
f4-stars-h0p4,stellar_luminosity,2.875,0.9213816545708569,1025.1246837758767,391.6290959112131,1416.7537796870897,118.32106241503547,21.18629972796447,151.90841225364764,39.67742907025422
f4-stars-h0p4,stellar_luminosity,2.9000000000000004,0.9214687230179535,1001.7281762539598,386.97214059928194,1388.7003168532417,116.80453568997726,21.26172657415207,154.78265869399746,40.06020572114652
f4-stars-h0p4,stellar_luminosity,2.9250000000000003,0.9477032139410437,972.3384585129838,381.46163143749317,1353.800089950477,118.68534567732803,21.86526753412147,154.2903307781013,39.22047791113682
f4-stars-h0p4,stellar_luminosity,2.95,0.9818139689549645,939.2131545456339,375.593885816595,1314.807040362229,126.61339388865264,22.524131071159697,151.14048213155584,37.15218799135993
f4-stars-h0p4,stellar_luminosity,2.975,1.0331852701083937,911.6938748955105,370.5549517440527,1282.248826639563,140.07760468324642,23.18690051295169,147.51783139127144,34.10948567287294
f4-stars-h0p4,stellar_luminosity,3.0,1.0786441320645102,891.5583219549052,366.06320006353474,1257.62152201844,141.78695271401665,23.13309281156832,146.22743641220484,31.035969146045815
f4-stars-h0p4,stellar_luminosity,3.0250000000000004,1.0763069101037825,880.7997675799403,362.18029950085287,1242.980067080793,127.38215428711624,22.669961012042595,145.28066501257567,28.50930795376585
f4-stars-h0p4,stellar_luminosity,3.0500000000000003,1.0127178204216736,876.8985232484528,359.0511158248654,1235.9496390733182,113.11490795152274,22.24395890043522,140.354671633991,26.660010314080584
f4-stars-h0p4,stellar_luminosity,3.075,0.9183329947366132,873.1670908549597,356.73073716095087,1229.8978280159106,115.81088437703487,22.109856283494512,130.0137237534412,25.548476404256746
f4-stars-h0p4,stellar_luminosity,3.1,0.8224765605736302,862.1892166431392,354.96134758162765,1217.1505642247669,125.24137651827553,22.523932115514047,116.57263698667295,24.60726913877312
f4-stars-h0p4,stellar_luminosity,3.125,0.7224761987400453,839.8474643149566,352.6839633215828,1192.5314276365393,129.94624561569643,23.298393487979155,105.57940823203249,23.305612044856975
f4-stars-h0p4,stellar_luminosity,3.1500000000000004,0.6334875167116292,815.2191625663654,350.2098983528103,1165.4290609191758,137.82240599105776,24.43773192456806,103.56013550146277,22.00294890953143
f4-stars-h0p4,stellar_luminosity,3.1750000000000003,0.5811259020293066,789.8720523827757,346.94676900315966,1136.8188213859353,143.06231615720128,24.875838891468597,113.13655407593225,21.41842143994713
f4-stars-h0p4,stellar_luminosity,3.2,0.5604276061560974,766.663025712901,342.6220746600689,1109.28510037297,147.01213443594756,24.165616001092708,126.52657947971568,21.163237980493637
f4-stars-h0p4,stellar_luminosity,3.225,0.551334748545271,757.0256121267255,338.6562993437995,1095.681911470525,151.88927927116194,23.13306569018853,136.08123460529592,20.87695758364589
f4-stars-h0p4,stellar_luminosity,3.25,0.5190253646672758,759.2561361644407,335.16991489898345,1094.4260510634242,147.26511814050494,21.852998683531208,131.5687532211604,20.568231339189435
f4-stars-h0p4,stellar_luminosity,3.2750000000000004,0.4748305481623948,758.9070725874041,332.15002881487356,1091.0571014022776,141.0401632201028,20.191557161799533,118.42074587537415,20.74136819030605
f4-stars-h0p4,stellar_luminosity,3.3000000000000003,0.46553583929322023,760.0051996426356,329.6706104030649,1089.6758100457005,123.74461102029683,18.48894567506629,127.61565609641495,22.34798663262092
f4-stars-h0p4,stellar_luminosity,3.325,0.5235015892868091,758.8276077775475,326.6754081014889,1085.5030158790364,96.39317182832606,17.358127017016532,140.47291094684513,23.912497072606264
f4-stars-h0p4,stellar_luminosity,3.35,0.6504065780278496,753.4124036373287,323.8367973327505,1077.249200970079,87.90877378420593,17.227512984694332,145.98503549462447,24.497804193247354
f4-stars-h0p4,stellar_luminosity,3.375,0.764031905831669,749.2516476875173,321.43890832616285,1070.6905560136802,87.69097024793626,17.455604917677206,148.7733736783538,24.48457072100124
f4-stars-h0p4,stellar_luminosity,3.4000000000000004,0.8070583485545412,746.6347471003139,319.1554903501565,1065.7902374504704,89.62877285378538,17.584288741580547,149.30966380973672,24.123893697594827
f4-stars-h0p4,stellar_luminosity,3.4250000000000003,0.7750565135059634,745.662476446519,317.0610471757897,1062.7235236223087,95.79205554183774,17.630921582342392,145.14154440353593,23.71166746477394
f4-stars-h0p4,stellar_luminosity,3.45,0.7056045203933125,741.9997966018435,314.7508967436577,1056.750693345501,99.10676313966864,17.252226672864417,132.26060154507968,22.941283552944785
f4-stars-h0p4,stellar_luminosity,3.475,0.6453426659295143,736.2451002629623,312.92115086625193,1049.1662511292143,97.03568192003526,16.638255798538275,110.90218504202973,22.057276573416374
f4-stars-h0p4,stellar_luminosity,3.5,0.6066872796946775,729.8345805346875,311.4431737857618,1041.2777543204493,95.31098751070347,16.130005727479627,92.20492394262604,20.8753782272328
f4-stars-h0p4,stellar_luminosity,3.5250000000000004,0.5532073490815479,722.9201406280272,310.1019775219778,1033.022118150005,95.1666961837232,15.791089121236492,82.94402728717566,19.901822679479494
f4-stars-h0p4,stellar_luminosity,3.5500000000000003,0.47658537845678217,712.2591503468194,308.07764113374463,1020.336791480564,93.8086622470778,15.457982939247977,77.49607576276314,18.969737198302195
f4-stars-h0p4,stellar_luminosity,3.575,0.39142060589942707,698.4737503086812,305.31501155874923,1003.7887618674305,86.83564582743828,15.08004042321259,72.60150296293398,18.007460983539804
f4-stars-h0p4,stellar_luminosity,3.6,0.3256606234685844,682.8994545935608,301.8405347147896,984.7399893083505,71.63985834477286,14.615167149868775,66.58906174725747,16.802532395063242
f4-stars-h0p4,stellar_luminosity,3.625,0.30274598798385016,665.7872341431187,297.8173493139441,963.6045834570627,69.62051941990217,14.192413374069831,62.095129337995814,15.404545196304767
f4-stars-h0p4,stellar_luminosity,3.6500000000000004,0.3068530231489259,648.3710425270165,293.9823893896748,942.3534319166913,70.22550113476187,13.463035447102598,61.158875655979756,14.610156999233372
f4-stars-h0p4,stellar_luminosity,3.6750000000000003,0.3234145413252334,635.7080036279947,291.07853395299753,926.7865375809922,72.87589739942202,13.017767178987896,67.34473580531153,15.055163460123453
f4-stars-h0p4,stellar_luminosity,3.7,0.33593423871095146,631.6800497920674,289.2921245731145,920.9721743651819,79.9310298683857,13.383093467087734,79.85098980784541,16.57410286671254
f4-stars-h0p4,stellar_luminosity,3.725,0.3420536938288925,636.3929371569527,288.63520026895145,925.0281374259041,85.49753974065725,14.286354125386202,90.38891005685596,18.159594692462722
f4-stars-h0p4,stellar_luminosity,3.75,0.344227761895033,643.6597609269236,288.2483289928196,931.9080899197431,86.67104577282312,14.977228949275048,96.1212525027901,19.313026224229144
f4-stars-h0p4,stellar_luminosity,3.7750000000000004,0.34277544268630467,648.2640459044678,287.40234069439776,935.6663865988655,84.98266058214404,15.075837694697467,95.95707898578421,19.782889001274558
f4-stars-h0p4,stellar_luminosity,3.8000000000000003,0.33092314522857097,647.736592227885,285.9539370608702,933.6905292887552,83.60696511841509,14.962429174920413,91.68482564377076,19.728671023181203
f4-stars-h0p4,stellar_luminosity,3.825,0.328327239433138,643.1420245776877,283.9083406476806,927.0503652253683,83.28838870330658,15.064041097835217,84.3013817193443,19.125685706049453
f4-stars-h0p4,stellar_luminosity,3.85,0.3373037403402493,633.8870098150664,281.31875798019763,915.2057677952641,82.50261490080179,15.265397161362955,77.21466806820834,18.260931577907822
f4-stars-h0p4,stellar_luminosity,3.875,0.3477856032964347,624.1536828375304,278.7062777177061,902.8599605552365,82.15292145072789,15.172418546152016,75.01140699059448,17.52586777715584
f4-stars-h0p4,stellar_luminosity,3.9000000000000004,0.349045172551721,613.8246809640187,275.8332235295559,889.6579044935746,79.95309515625567,14.735146728503391,70.88306490722364,16.884726462064624
f4-stars-h0p4,stellar_luminosity,3.9250000000000003,0.34283955402395916,602.7261121567738,272.8103212582,875.5364334149738,76.18925174425964,14.058486184138474,64.39350188922954,16.110509268318683
f4-stars-h0p4,stellar_luminosity,3.95,0.3382630615294347,594.0598297909804,270.36289614667993,864.4227259376603,71.52175847826521,13.35680119293017,57.541738258509845,15.120875041881666
f4-stars-h0p4,stellar_luminosity,3.975,0.34831739889314783,592.3514971000368,269.6656509587835,862.0171480588203,69.3341304312396,13.222444384234983,55.52748322474771,14.23898224308589
f4-stars-h0p4,stellar_luminosity,4.0,0.3506912949995933,592.6083499658012,269.55177102266197,862.1601209884632,70.15997644760532,13.17024856790925,55.47710054991619,13.81271020931827
f4-stars-h0p4,stellar_luminosity,4.025,0.33489610288310523,590.1925199336314,268.9470238243413,859.1395437579727,70.94025224543932,13.124567318846875,55.276772839391384,13.626577956392328
f4-stars-h0p4,stellar_luminosity,4.05,0.3083691966757841,585.164295475375,267.5551162168883,852.7194116922633,70.72017510280376,13.087365213217268,56.56828362201247,13.53484688305762
f4-stars-h0p4,stellar_luminosity,4.075,0.2809408653048079,578.1353936744692,265.51888155474046,843.6542752292097,70.37064719659416,13.10873772702169,60.037800317967104,13.504820804731173
f4-stars-h0p4,stellar_luminosity,4.1000000000000005,0.26958468012682024,566.9262001781069,262.59371655074085,829.5199167288478,66.80836302240941,12.982517143760164,59.80267199324441,13.392189219845498
f4-stars-h0p4,stellar_luminosity,4.125,0.28754728612079183,556.9569891035784,259.6744684095987,816.6314575131771,63.50886907408952,12.945293994871255,57.22633495946931,13.34578867252914
f4-stars-h0p4,stellar_luminosity,4.15,0.30860747851536535,547.2255132975188,256.8788148739271,804.1043281714459,58.97687918195138,12.496946286059346,54.142319015662416,13.57398104011425
f4-stars-h0p4,stellar_luminosity,4.175,0.32378570499784265,539.1889488251962,254.4939100954276,793.6828589206239,55.04600484691542,11.789973208783568,51.8780986376041,13.821995831367145
f4-stars-h0p4,stellar_luminosity,4.2,0.32209823148079136,533.3015070795984,252.5489846782684,785.8504917578668,53.51207198680824,11.356960105329195,50.38931058136036,13.8511975782992
f4-stars-h0p4,stellar_luminosity,4.2250000000000005,0.308687515260911,527.2643532521508,250.58704354780244,777.8513967999532,55.94509267314027,11.593810311142427,48.87744201903505,13.40889806349763
f4-stars-h0p4,stellar_luminosity,4.25,0.3049258867313791,517.5506154384315,247.9030214142388,765.4536368526702,61.00226006593284,12.09553584397461,45.69197284695145,12.263798146451462
f4-stars-h0p4,stellar_luminosity,4.275,0.3236906449475214,506.4398883018098,244.83601924304233,751.2759075448521,66.57841150345283,12.263497739680252,43.82034828380034,10.858684171464327
f4-stars-h0p4,stellar_luminosity,4.3,0.3671350330941746,497.2982569932921,242.20448574283125,739.5027427361233,68.58562469611226,11.786596134607155,46.58450975185128,9.777255871956479
f4-stars-h0p4,stellar_luminosity,4.325,0.4173282179069903,491.44465507112136,240.34581503852715,731.7904701096485,64.48980339409164,11.08230620985798,54.06535394008167,9.229180178686365
f4-stars-h0p4,stellar_luminosity,4.3500000000000005,0.44977600458078193,489.55068001710384,239.03922276199165,728.5899027790955,52.97397220381366,10.45645584085321,62.04259431665742,9.04723265339122
f4-stars-h0p4,stellar_luminosity,4.375,0.44057229210082927,490.10451162192277,237.97850966922016,728.0830212911429,41.65882909513466,9.936533193350943,66.84362682982443,8.973458680955032
f4-stars-h0p4,stellar_luminosity,4.4,0.4031419637308845,491.4513122812382,236.92486223264504,728.3761745138833,37.26591615795577,9.453130412020611,65.8670745058587,9.155474788101536
f4-stars-h0p4,stellar_luminosity,4.425,0.36557761686933204,491.0429585148131,235.56786214548865,726.6108206603018,38.7264208676785,9.151822208174181,57.50638722103491,9.638716761221422
f4-stars-h0p4,stellar_luminosity,4.45,0.3329866193410396,487.9293027221026,234.17220292228714,722.1015056443897,40.58333218313873,9.298283696293325,45.64093297317124,10.193814732091276
f4-stars-h0p4,stellar_luminosity,4.4750000000000005,0.3093698275015482,482.5755593994448,232.9483036221729,715.5238630216177,42.26286401111593,9.969845863238978,36.15675864492053,10.412168959519155
f4-stars-h0p4,stellar_luminosity,4.5,0.28504234042849974,475.4636653942757,231.46418639918218,706.9278517934579,43.14313535821202,10.35609336510968,32.1280843229635,10.209538401122009
f4-stars-h0p4,stellar_luminosity,4.525,0.2556177352712691,468.25606721753917,229.81222744373457,698.0682946612737,42.78062553372414,10.337508350480059,30.89066530216945,9.71238261873577
f4-stars-h0p4,stellar_luminosity,4.55,0.22729856992278308,460.9717084418121,228.07296443813573,689.0446728799478,40.525852418963524,9.846903690969357,32.731996003001036,9.054286872854952
f4-stars-h0p4,stellar_luminosity,4.575,0.21836533702487926,456.8554238540306,226.66744688452428,683.522870738555,38.25558296231905,9.4672663270094,39.6482026472491,8.19438938999558
f4-stars-h0p4,stellar_luminosity,4.6000000000000005,0.240180229397155,455.9358740050502,225.19530842863148,681.1311824336817,39.90289394500586,9.640581741583185,43.49927612684382,7.136194110972947
f4-stars-h0p4,stellar_luminosity,4.625,0.2865321957438494,452.9309273304282,223.1431532051288,676.074080535557,43.785248210919605,9.844279706749292,40.355664918329815,6.37971808499095
f4-stars-h0p4,stellar_luminosity,4.65,0.338001516281105,446.19737921768854,220.65932032463397,666.8566995423225,43.62753073197834,9.648338159936577,34.27859180566933,6.096045553592595
f4-stars-h0p4,stellar_luminosity,4.675,0.3749407235436927,438.7095892869504,218.22199758191067,656.9315868688611,40.05973645485791,9.107749377481177,29.677059721313732,6.176391926852486
f4-stars-h0p4,stellar_luminosity,4.7,0.3792090032267974,431.7467239209451,215.95667134723527,647.7033952681804,36.02692991867017,8.423431038815135,27.738932017098946,6.382084321408037
f4-stars-h0p4,stellar_luminosity,4.7250000000000005,0.36094623836357836,427.1451394932682,214.43091172017893,641.576051213447,35.05664434519882,8.29708213880264,27.56885059689708,6.537993039608856
f4-stars-h0p4,stellar_luminosity,4.75,0.3209327301125029,422.29501473451245,213.1177807826664,635.4127955171789,35.10269256675413,8.348434187333837,28.708691673068152,6.58986972145232
f4-stars-h0p4,stellar_luminosity,4.775,0.2808157813673246,417.5947206277622,211.84822831222002,629.4429489399822,36.176944672830835,8.62880717877154,30.694627057823425,6.44439034989845
f4-stars-h0p4,stellar_luminosity,4.800000000000001,0.24686337570221473,414.3830058767279,210.52687203285643,624.9098779095843,37.13186671031469,9.04747080331131,32.05720519154094,6.15255164732378
f4-stars-h0p4,stellar_luminosity,4.825,0.21429599058707677,410.95797631482515,208.90355540942858,619.8615317242537,37.83003824055542,9.220226113680623,31.532464336107584,5.927948987669466
f4-stars-h0p4,stellar_luminosity,4.8500000000000005,0.19279104615236137,407.8943606335453,207.34613262731492,615.2404932608603,37.829723480340114,9.052753538430014,29.074837509028658,6.019273927109799
f4-stars-h0p4,stellar_luminosity,4.875,0.18279091891164428,404.6185034322053,205.92432149085306,610.5428249230583,34.317484669608604,8.609928069621859,26.273665640049472,6.297765505446484
f4-stars-h0p4,stellar_luminosity,4.9,0.18574459766586782,401.94163515384145,204.83776414037584,606.7793992942172,30.79996284654954,8.484803273014863,24.412531919937702,6.499265259893163
f4-stars-h0p4,stellar_luminosity,4.925000000000001,0.19397563047350114,397.99723305054175,203.5054633039112,601.502696354453,28.670718139930756,8.31561864280467,23.465242853745345,6.561847063966632
f4-stars-h0p4,stellar_luminosity,4.95,0.20684330604463153,392.5255614561308,201.80520705554488,594.3307685116756,27.53505781348432,8.023515991987237,23.139418239178383,6.444216236194194
f4-stars-h0p4,stellar_luminosity,4.9750000000000005,0.22616337977367537,386.524060496946,199.99628226724053,586.5203427641866,27.15207957482566,7.7214252205534395,23.168734148575204,6.204821531692425
f4-stars-h0p4,stellar_luminosity,5.0,0.24915988450653964,381.35036263000177,198.28934653359687,579.6397091635986,26.1628419871213,7.4020626453259695,23.160730223213566,5.964061253785358
f4-stars-h0p4,stellar_luminosity,5.025,0.27007414792744777,376.6673445725824,196.6203796926495,573.2877242652319,24.64249785360114,7.048440209171877,22.930002673464045,5.741133411939504
f4-stars-h0p4,stellar_luminosity,5.050000000000001,0.28280749712238934,372.37579025071625,195.01898642732604,567.3947766780423,23.127026285111754,6.736539744402779,22.678882187665266,5.524948323730993
f4-stars-h0p4,stellar_luminosity,5.075,0.2866900326904447,368.289384887255,193.44583044764622,561.7352153349012,21.583729422171125,6.440550483456893,22.54772644073356,5.311477970250108
f4-stars-h0p4,stellar_luminosity,5.1000000000000005,0.284142341361845,364.4700111184228,191.92548225875115,556.3954933771739,20.11516257732764,6.1730640455113726,22.505504913070446,5.108483326531558
f4-stars-h0p4,stellar_luminosity,5.125,0.27730491471651253,360.85489033566114,190.44961304326415,551.3045033789253,18.781832978504564,5.931295235853518,22.50365840157722,4.916606899261991
f4-stars-h0p4,stellar_luminosity,5.15,0.26781902331255847,357.4345115655423,189.02294496987494,546.4574565354172,17.58327545928117,5.712715605551265,22.489703711851107,4.740280057214378
f4-stars-h0p4,stellar_luminosity,5.175000000000001,0.2568779734000515,354.18272099059305,187.6444812222212,541.8272022128142,16.565925637406345,5.519915745551967,22.431936000688236,4.579976560276748
f4-stars-h0p4,stellar_luminosity,5.2,0.24525874788370183,351.0824052928379,186.3138823917993,537.3962876846372,15.745397102536632,5.35587262659755,22.319728571637206,4.43781731891126
f4-stars-h0p4,stellar_luminosity,5.2250000000000005,0.2333628808885163,348.1065249233387,185.0240632907536,533.1305882140923,15.103954764316548,5.217899648438557,22.142140055405697,4.311259620644767
f4-stars-h0p4,stellar_luminosity,5.25,0.2213626818644474,345.21987970278934,183.76843399394562,528.988313696735,14.625370067454574,5.099365218737475,21.912364061197525,4.1978711589473
f4-stars-h0p4,stellar_luminosity,5.275,0.20938116624678135,342.3976992693012,182.53856358650995,524.9362628558112,14.260033354718917,4.995111684187808,21.63352753158556,4.094233880313832
f4-stars-h0p4,stellar_luminosity,5.300000000000001,0.19760955056038038,339.61184399087864,181.32646911986663,520.9383131107453,13.989614023755614,4.899394848000009,21.30853333199888,3.9968218786668834
f4-stars-h0p4,stellar_luminosity,5.325,0.18591650887413666,336.8639641993179,180.13334216491995,516.9973063642378,13.78949395356271,4.811483146960309,20.953305654185968,3.905359709290313
f4-stars-h0p4,stellar_luminosity,5.3500000000000005,0.17450759070943384,334.1475811222379,178.95531707613262,513.1028981983706,13.635013849836236,4.7289425723260585,20.566828983071552,3.8184801497841536
f4-stars-h0p4,stellar_luminosity,5.375,0.16349925116559783,331.44745228399944,177.7897667680989,509.23721905209834,13.525929109907375,4.650657013213943,20.154197877373054,3.7346314719688625
f4-stars-h0p4,stellar_luminosity,5.4,0.15291266281937682,328.77109015717946,176.63654224524274,505.4076324024222,13.43511661294052,4.576037895451424,19.726950321449763,3.6544762355185254
f4-stars-h0p4,stellar_luminosity,5.425000000000001,0.14270020036321907,326.1158215008887,175.49586674284106,501.61168824372976,13.369188486369696,4.505325680201466,19.280385913490395,3.577235588042414
f4-stars-h0p4,stellar_luminosity,5.45,0.13288266204616436,323.48369985678863,174.3672836538621,497.85098351065074,13.316375941906891,4.438075880617286,18.82384657692495,3.502385942538092
f4-stars-h0p4,stellar_luminosity,5.4750000000000005,0.12357863834921834,320.8696785560635,173.24769281320746,494.1173713692709,13.26642626091763,4.372728731948685,18.35535579102638,3.4287874930218556
f4-stars-h0p4,stellar_luminosity,5.5,0.11468100913697361,318.279084467031,172.13884966916996,490.417934136201,13.226066831622825,4.309253388935218,17.881339206767375,3.357085350012871
f4-stars-h0p4,stellar_luminosity,5.525,0.10623698521256755,315.71411618166667,171.0416047406508,486.75572092231744,13.18030014865922,4.2479905685767845,17.398477369055836,3.28828525947679
f4-stars-h0p4,stellar_luminosity,5.550000000000001,0.09822862279109706,313.1639781913023,169.95281141794806,483.11678960925036,13.140154943141328,4.18881524902062,16.902818174508806,3.2199853784640875
f4-stars-h0p4,stellar_luminosity,5.575,0.09064552266422315,310.638191689446,168.87413982633362,479.5123315157796,13.095192454526137,4.1307036790937435,16.401193542364155,3.1532992745787887
f4-stars-h0p4,stellar_luminosity,5.6000000000000005,0.08347184525397394,308.1330388549109,167.80412761042484,475.93716646533574,13.043371132997944,4.073403865637173,15.894103290575053,3.088729922041558
f4-stars-h0p4,stellar_luminosity,5.625,0.0767147596210419,305.6375929641445,166.73987462251296,472.3774675866575,12.991146867374447,4.015438709008708,15.376871821083892,3.0255574294455765
f4-stars-h0p4,stellar_luminosity,5.65,0.0703117348194445,303.16805558846073,165.68532108263196,468.8533766710927,12.929731951832666,3.9583292965635786,14.855911979267098,2.964459315987841
f4-stars-h0p4,stellar_luminosity,5.675000000000001,0.06422347346957853,300.7213034793846,164.63939915823326,465.3607026376178,12.867408306554708,3.902158907526594,14.330191848678309,2.9045698706076046
f4-stars-h0p4,stellar_luminosity,5.7,0.058429001408914806,298.30212969619504,163.6037673542285,461.9058970504235,12.803724995874136,3.848038644463762,13.798706549956952,2.846478718905282
f4-stars-h0p4,stellar_luminosity,5.7250000000000005,0.05287626778197523,295.9129394888712,162.57834507300146,458.49128456187265,12.737753579403462,3.7963255701529413,13.262647346779648,2.7891674585619293
f4-stars-h0p4,stellar_luminosity,5.75,0.0475793967712118,293.5427279760951,161.56093974974118,455.10366772583626,12.671029301487703,3.745511577810965,12.716797139426886,2.733050254434938
f4-stars-h0p4,stellar_luminosity,5.775,0.04245651445689078,291.2029363407383,160.5548772636039,451.75781360434223,12.595113234142621,3.6960473371288884,12.16112750311378,2.6779903848736852
f4-stars-h0p4,stellar_luminosity,5.800000000000001,0.037478409374860217,288.8770700413396,159.55671002183638,448.43378006317596,12.513920965346925,3.647665076696216,11.590252837125213,2.6246603140538367
f4-stars-h0p4,stellar_luminosity,5.825,0.03262528823724438,286.56461920354855,158.5695340008358,445.13415320438435,12.426725900803675,3.602332965430525,10.999769580214771,2.573498902088354
f4-stars-h0p4,stellar_luminosity,5.8500000000000005,0.02790114748060226,284.25739198219685,157.59028366612856,441.84767564832543,12.332370750868886,3.561054335165419,10.392065820830037,2.5251063999714214
f4-stars-h0p4,stellar_luminosity,5.875,0.023324051588290824,281.952826742225,156.61974205335343,438.57256879557843,12.233545001338697,3.524757061801372,9.773029252799102,2.4788127313905037
f4-stars-h0p4,stellar_luminosity,5.9,0.01891096036672514,279.6422964095684,155.65424463147005,435.2965410410385,12.11854640912918,3.4918262336816155,9.149424163096919,2.435046962159817
f4-stars-h0p4,stellar_luminosity,5.925000000000001,0.01466643437826489,277.283976099874,154.68568334264938,431.9696594425234,11.972697409721093,3.4590070953655054,8.525443628771182,2.3920150805285068
f4-stars-h0p4,stellar_luminosity,5.95,0.010507692379536348,274.8545198002619,153.7115381194768,428.56605791973874,11.773636446018767,3.4236925515061785,7.910714870453394,2.3494027437824623
f4-stars-h0p4,stellar_luminosity,5.9750000000000005,0.006347904131028068,272.3156761649387,152.72659567778933,425.04227184272804,11.47671630770543,3.3814697292716867,7.310519764301346,2.3072163676915842
f4-stars-h0p4,stellar_luminosity,6.0,0.002100326298309882,269.6602897645247,151.746642179488,421.4069319440127,11.072397066049987,3.3305769223673387,6.663085741129108,2.279899165310136
f4-stars-h0p4,atomic_helium,0.05,0.0006360803359544769,-103.25377453521045,-4.3207118235790976,-107.57448635878956,0.4887608307793217,0.068169422720742,6.98102138799614,2.053853758336176
f4-stars-h0p4,atomic_helium,0.07500000000000001,0.4588903190800062,-85.08771692784066,-1.849389547830352,-86.93710647567102,27.526626278185237,1.3838832463249628,73.96649345218876,4.818439490404275
f4-stars-h0p4,atomic_helium,0.1,2.094688421534939,-94.20241228113227,-1.738381844362282,-95.94079412549455,36.11419134769768,1.4283877930654227,70.63496157365796,4.215957917036204
f4-stars-h0p4,atomic_helium,0.125,3.865848533688738,-90.92381667648172,-1.3208869131596288,-92.24470358964135,34.65586026042565,1.0550836333196194,69.37296081815667,3.6281079606858975
f4-stars-h0p4,atomic_helium,0.15000000000000002,5.9581745446188705,-76.64017069249083,-0.5350786397782854,-77.17524933226912,26.5142341352466,0.7709319117718721,66.24733975030152,2.9435249056128003
f4-stars-h0p4,atomic_helium,0.17500000000000002,7.866329236173535,-56.36090965222321,0.5517786768927982,-55.80913097533041,18.81942098848171,0.920443682604284,61.18300737626814,2.3114749121997886
f4-stars-h0p4,atomic_helium,0.2,9.163960930948774,-30.60038084549602,1.823078727518562,-28.777302117977456,20.178401818751592,1.2546987686123234,55.373236701039886,1.766211374786313
f4-stars-h0p4,atomic_helium,0.225,9.766231609762228,-1.2354113037718197,3.1525512387868804,1.9171399350150606,28.329086924283242,1.563877008506943,50.57751263689872,1.4484065518445746
f4-stars-h0p4,atomic_helium,0.25,9.660969029941546,26.726666382841817,4.391970311344474,31.118636694186293,36.14488612162243,1.8130177138644827,48.26152376713954,1.4560809317668846
f4-stars-h0p4,atomic_helium,0.275,8.92802598848366,47.03299380162393,5.414564487195676,52.44755828881961,42.80114251630188,2.005998888430961,47.31632548103711,1.7656662608694198
f4-stars-h0p4,atomic_helium,0.30000000000000004,7.889975485638246,54.881699300973736,6.109207580589341,60.99090688156308,49.19086868966437,2.1463084429547874,46.32638027674481,2.244726830141477
f4-stars-h0p4,atomic_helium,0.325,6.99590951853471,48.55282735087378,6.509878207281328,55.0627055581551,54.78293077768774,2.255465225855734,43.686582340209775,2.8372869321113225
f4-stars-h0p4,atomic_helium,0.35000000000000003,6.715499746648848,31.396270158186585,6.799679652822181,38.19594981100877,55.779038153102114,2.422884528630344,38.89007204783255,3.5240466233158236
f4-stars-h0p4,atomic_helium,0.375,6.868056236852643,16.164779699539714,7.259233350034126,23.42401304957384,49.09592774936706,2.735763795000655,34.29324728655669,4.067507188461124
f4-stars-h0p4,atomic_helium,0.4,7.152240153944777,10.98662807515471,7.9352459278449246,18.921874002999637,40.27080504310332,3.186343582123559,32.28140059767847,4.3839807686907735
f4-stars-h0p4,atomic_helium,0.42500000000000004,7.232023535188846,10.115202189596872,8.590057344326436,18.705259533923307,33.55701903747622,3.7392876188850472,32.58682818777962,4.564675947924405
f4-stars-h0p4,atomic_helium,0.45,7.113979592560808,9.194306186626234,9.170281918625243,18.364588105251478,32.46752749237651,4.3956616541838365,34.16568118231365,4.633471919884483
f4-stars-h0p4,atomic_helium,0.47500000000000003,7.019522427963921,9.669069714856496,9.72897330666143,19.39804302151793,36.896912629661706,5.025106194562083,36.60960759678593,4.571094799146463
f4-stars-h0p4,atomic_helium,0.5,6.872574167971091,12.704453186034138,10.436165169121312,23.14061835515545,41.64629787089775,5.5595547158430225,39.496937271956185,4.465182363782011
f4-stars-h0p4,atomic_helium,0.525,6.675986047080754,17.829459523150906,11.30929432189732,29.138753845048228,46.432613935054476,5.984175087021642,42.140030832513595,4.423187046126228
f4-stars-h0p4,atomic_helium,0.55,6.667596096942934,24.138462919368205,12.277028485751245,36.415491405119454,51.31278416982015,6.199488023034275,44.05891473906989,4.510074735471835
f4-stars-h0p4,atomic_helium,0.5750000000000001,6.872236989869724,29.204462743559976,13.139189634051023,42.343652377611,55.55751709969914,6.211925525223375,45.89405055489355,4.732381410947934
f4-stars-h0p4,atomic_helium,0.6000000000000001,7.284292636245971,32.57934747585356,13.71366186360834,46.2930093394619,57.30699857339698,6.08897609918689,48.275302077229725,5.0637716064486575
f4-stars-h0p4,atomic_helium,0.625,7.697018078612889,35.229031662175,13.990575968959934,49.219607631134934,56.14996030415551,5.903140492131546,51.3443252353947,5.432947381945754
f4-stars-h0p4,atomic_helium,0.65,7.945461603577614,36.96948272268143,14.093941360686314,51.06342408336774,54.66312694966457,5.668524015992651,53.71311734829982,5.770412608254447
f4-stars-h0p4,atomic_helium,0.675,7.995415128871488,36.05805315540832,14.110418040988431,50.16847119639675,56.40270560517347,5.473891575875508,54.998063500288005,6.067711847607219
f4-stars-h0p4,atomic_helium,0.7000000000000001,7.859977177289059,30.912275224629493,14.032646621982913,44.9449218466124,60.609439534306716,5.394471610930745,56.36908118893083,6.344766761013999
f4-stars-h0p4,atomic_helium,0.7250000000000001,7.636349595023047,22.842794194252676,13.910994016767985,36.75378821102066,61.77429261848324,5.358460302957632,58.7700916479969,6.594007423769199
f4-stars-h0p4,atomic_helium,0.75,7.3214790457058525,17.190397356916073,13.970246802077437,31.16064415899351,56.27236221427889,5.200902114003589,62.26684114395426,6.8112366206347055
f4-stars-h0p4,atomic_helium,0.775,7.312533646447179,16.15954364101579,14.424725970181944,30.584269611197733,49.755183427609,5.0207861515147005,64.93566343815559,6.912938066194657
f4-stars-h0p4,atomic_helium,0.8,7.645386643452507,18.826669869964608,15.19343780449613,34.02010767446074,46.264518666298116,4.854366862189988,66.24222776237073,6.891151947142314
f4-stars-h0p4,atomic_helium,0.8250000000000001,7.9586540148087295,23.614450081612947,16.008544192537716,39.62299427415066,42.9866423402135,4.702666659149782,66.48641398542223,6.837517890952699
f4-stars-h0p4,atomic_helium,0.8500000000000001,8.08462334068085,30.045131619702232,16.78851040788294,46.83364202758517,40.06563189416903,4.605909167265767,66.12661785771951,6.839412273971639
f4-stars-h0p4,atomic_helium,0.875,7.985773071165299,38.067680688758614,17.62753267705496,55.69521336581357,40.109679820265534,4.5721344752721995,65.06732166740788,6.95373662730578
f4-stars-h0p4,atomic_helium,0.9,7.8132626114018615,45.44523890417,18.520716845079775,63.96595574924977,43.16452577721773,4.558545023596442,63.61869956318702,7.1093824498212435
f4-stars-h0p4,atomic_helium,0.925,7.774106598535367,50.561913267736486,19.515558602201324,70.07747186993781,45.97079397951207,4.516196957698896,62.719404925858385,7.238867393840472
f4-stars-h0p4,atomic_helium,0.9500000000000001,7.9881826613916385,53.63621944542239,20.618153522330065,74.25437296775246,46.586515827678625,4.451837049674187,63.12314596187134,7.284583200531877
f4-stars-h0p4,atomic_helium,0.9750000000000001,8.459018746832431,56.33962374796376,21.67593291761151,78.01555666557528,49.64006286866393,4.507644601674667,63.89032552338387,7.190015504528205
f4-stars-h0p4,atomic_helium,1.0,9.201848054291524,59.931472438491,22.580731571413562,82.51220400990456,59.726805898125285,4.782470560948044,63.98344089248345,6.984813866387878
f4-stars-h0p4,atomic_helium,1.0250000000000001,9.892936349544751,65.99574453887575,23.419902652604385,89.41564719148013,69.45923738412911,5.076860252622535,64.23275954772357,6.8355988234306615
f4-stars-h0p4,atomic_helium,1.05,10.388310570289676,72.41675663371646,24.17591710343547,96.59267373715193,75.59828291412803,5.322329849692292,65.34187790424055,6.7742056181138945
f4-stars-h0p4,atomic_helium,1.075,10.60574664954105,78.61366942389705,24.837644645363174,103.45131406926022,76.9790479705571,5.506175787492996,67.53260951804688,6.813925016800036
f4-stars-h0p4,atomic_helium,1.1,10.517726043552798,86.43680564650101,25.48957971545491,111.92638536195592,74.23282626751855,5.60852783400188,70.63233292022066,6.992295140934646
f4-stars-h0p4,atomic_helium,1.125,10.160771204977573,96.3830506593416,26.291187145058935,122.67423780440055,71.55609017431742,5.593464279897115,73.46186912731851,7.310951126577582
f4-stars-h0p4,atomic_helium,1.1500000000000001,9.759242803979584,103.9645195112826,27.153730640433707,131.11825015171632,72.06252318927663,5.479940072438831,75.1269924800464,7.6961752905011025
f4-stars-h0p4,atomic_helium,1.175,9.410152328842146,105.8377393472495,27.92048145960492,133.7582208068544,73.89007026961066,5.289897009165178,75.80059745365355,8.064951011950464
f4-stars-h0p4,atomic_helium,1.2000000000000002,9.123188463830225,102.8257436830076,28.527412049857297,131.3531557328649,74.03216107669368,5.073361617241245,76.20261247132964,8.360851398084336
f4-stars-h0p4,atomic_helium,1.225,9.224011927829423,95.76394324438847,28.77455474785211,124.53849799224058,75.86380169926413,5.020424987980554,76.79896157721659,8.506402041413372
f4-stars-h0p4,atomic_helium,1.25,9.541200031586914,94.72934543772489,29.095203621510162,123.82454905923505,74.88498784285817,4.844449918090712,78.26196735501159,8.493832409712175
f4-stars-h0p4,atomic_helium,1.2750000000000001,9.96886355181308,98.5125451574704,29.58796847871221,128.1005136361826,72.48930919040974,4.583260718861088,80.0416953499825,8.404648934687575
f4-stars-h0p4,atomic_helium,1.3,10.280620751465381,104.83786092083241,30.228061010471958,135.06592193130436,68.18783666821628,4.262656745813271,81.99631734439441,8.27514860252901
f4-stars-h0p4,atomic_helium,1.3250000000000002,10.383167193044553,112.80449845381129,30.95274669817403,143.75724515198533,63.23226416485787,3.9134976624075675,83.9525996139333,8.094675284024902
f4-stars-h0p4,atomic_helium,1.35,10.224674115599186,121.76958558265754,31.720154777818117,153.48974036047565,60.37302670415674,3.599448968517837,85.89193812787583,7.911497616804311
f4-stars-h0p4,atomic_helium,1.375,9.806610226474474,131.3492978824305,32.503930117658996,163.8532280000895,58.75367875289369,3.3239906491414004,87.92462624455045,7.791033386962155
f4-stars-h0p4,atomic_helium,1.4000000000000001,9.188461852243154,140.83534342025126,33.32360274571537,174.15894616596663,56.834949189326615,3.057398609264614,90.39758915847881,7.800169578195876
f4-stars-h0p4,atomic_helium,1.425,8.579853582921256,149.55693318482716,34.19410661512387,183.75103979995103,53.93244861555349,2.829160928865279,92.65698089600222,7.913577964244345
f4-stars-h0p4,atomic_helium,1.4500000000000002,8.161746014571438,158.24434937166055,35.09415458743177,193.33850395909232,50.95977263709313,2.667101560230329,94.07048634017521,8.073107191446157
f4-stars-h0p4,atomic_helium,1.475,7.860427384028077,168.30462094085667,36.00338099046603,204.30800193132268,49.28765832694747,2.5869980844543696,94.03440729049038,8.18649953703742
f4-stars-h0p4,atomic_helium,1.5,7.47362481840771,179.35630316570862,36.872768407502214,216.22907157321083,49.89225255897239,2.5838546071337527,92.22367301947304,8.181933803359788
f4-stars-h0p4,atomic_helium,1.5250000000000001,6.950297841438125,189.12325951183684,37.62567375254007,226.7489332643769,53.254292233469,2.671656061736568,88.93996632153628,8.052412818040526
f4-stars-h0p4,atomic_helium,1.55,6.38006703550111,194.92540937874617,38.21049863885844,233.1359080176046,58.680266269987854,2.864041139930866,84.14623767285379,7.757895177655366
f4-stars-h0p4,atomic_helium,1.5750000000000002,5.822296579871866,195.54639711483006,38.61416988336618,234.16056699819623,63.52122391158501,3.1490887148641318,78.37023256753866,7.328294298584502
f4-stars-h0p4,atomic_helium,1.6,5.427685413123321,192.02864449208133,38.83771650312409,230.8663609952054,65.64679494040234,3.501743655037633,72.53845806408684,6.8381247986400835
f4-stars-h0p4,atomic_helium,1.625,5.185310775089372,188.3644712726578,38.95956760824553,227.32403888090332,67.01660850172826,3.8914395834139106,67.81455850510818,6.386408178283755
f4-stars-h0p4,atomic_helium,1.6500000000000001,4.9931889565632925,186.61658691824974,39.083828912705194,225.70041583095494,69.19523355817503,4.272673517755636,64.68543912808863,6.044798352813396
f4-stars-h0p4,atomic_helium,1.675,4.856632449868544,185.16628055887367,39.194808806584554,224.3610893654582,69.88116149445985,4.510681324061894,62.01259091125701,5.838021886708414
f4-stars-h0p4,atomic_helium,1.7000000000000002,4.722618553798091,183.412834740509,39.3137541649681,222.72658890547712,67.58518222627234,4.557713705262826,59.900350928800414,5.769556293343973
f4-stars-h0p4,atomic_helium,1.725,4.509524683824969,181.62258044883498,39.46472193364751,221.0873023824825,62.34317092129468,4.47823773452936,58.551083606134306,5.800292091264618
f4-stars-h0p4,atomic_helium,1.75,4.227897792626177,182.47485645913403,39.72711099224729,222.20196745138134,57.16633929135037,4.41850815511105,57.56418485906377,5.8254903483840765
f4-stars-h0p4,atomic_helium,1.7750000000000001,3.8596018785096335,185.06246069588457,40.00933408773455,225.0717947836191,54.875439795235785,4.431960734963811,55.26794684060171,5.7059993488146
f4-stars-h0p4,atomic_helium,1.8,3.4397668481770856,184.44381492342467,40.14295395738592,224.58676888081058,54.69339791795623,4.467719334193416,51.22768464656194,5.421844716790776
f4-stars-h0p4,atomic_helium,1.8250000000000002,3.061083764016714,176.76583414621538,40.00281453905994,216.7686486852753,54.495995858909595,4.445176589344646,45.81626532979545,5.034200068580826
f4-stars-h0p4,atomic_helium,1.85,2.9144471067938857,165.66939938925256,39.71224421333122,205.38164360258378,52.32121223119847,4.3860446028905615,41.902662735914475,4.651963500667707
f4-stars-h0p4,atomic_helium,1.875,3.004521602335219,157.24342759558033,39.4530329227503,196.69646051833064,48.76628942476412,4.340386744489575,40.553268706043085,4.473599339085561
f4-stars-h0p4,atomic_helium,1.9000000000000001,3.2114987811802957,153.38022892031776,39.23575695860951,192.61598587892726,45.72218238697117,4.298306614042311,39.96010608925579,4.418407146041732
f4-stars-h0p4,atomic_helium,1.925,3.3708800030167416,152.84889740795782,39.06106286049726,191.90996026845508,43.86862313144895,4.300609798016369,39.08427459099607,4.354811361405028
f4-stars-h0p4,atomic_helium,1.9500000000000002,3.3859334480961296,154.41451718465436,38.992982810443976,193.40749999509833,43.05514636265816,4.366712630496308,38.25081448941327,4.252438064523719
f4-stars-h0p4,atomic_helium,1.975,3.280765159559952,156.72340375592057,39.06429598807901,195.78769974399958,43.36537052761711,4.478138291202499,37.58004883421595,4.164184809785226
f4-stars-h0p4,atomic_helium,2.0,3.1384264094406014,158.08522420830266,39.202198244311965,197.28742245261463,44.13381058537553,4.568401287348677,36.94717799686146,4.116814338370387
f4-stars-h0p4,atomic_helium,2.025,2.9849162544082697,157.8756359476255,39.26278744364143,197.13842339126694,43.85112827592963,4.555648386499422,36.23428979094477,4.095138676609145
f4-stars-h0p4,atomic_helium,2.0500000000000003,2.815411775454132,156.3145822282647,39.1833126887656,195.4978949170303,41.72933506373827,4.417647785130069,35.720830934421464,4.118234914497993
f4-stars-h0p4,atomic_helium,2.075,2.67247909045017,153.78707739871246,39.00316050213372,192.79023790084617,39.331252132309636,4.249950081602965,35.033632356515746,4.130156184799074
f4-stars-h0p4,atomic_helium,2.1,2.563302878924432,150.44671237576014,38.740375394729824,189.18708777048997,38.59943825370232,4.15864760071464,33.593382847551396,4.047872096951892
f4-stars-h0p4,atomic_helium,2.125,2.4703728677373196,145.52798061111952,38.35647849958505,183.88445911070457,39.828042363583,4.207861860324913,31.408222620725464,3.8486397355965947
f4-stars-h0p4,atomic_helium,2.15,2.3694104217332423,139.901480209911,37.939555921113495,177.8410361310245,39.736230682980974,4.256110715442296,29.563136484001298,3.613416662361093
f4-stars-h0p4,atomic_helium,2.1750000000000003,2.2874190856290877,134.80536084831394,37.543385020148094,172.34874586846203,37.328479803378315,4.1981998466943535,28.785569540543108,3.396784564727242
f4-stars-h0p4,atomic_helium,2.2,2.234319316063811,132.14767014745175,37.26162545612841,169.40929560358015,33.85402619194207,4.060900626956061,28.828277160408156,3.220872396783922
f4-stars-h0p4,atomic_helium,2.225,2.1922358115255203,132.93165276063385,37.19791499784073,170.1295677584746,30.920692549312026,3.9909097287220097,28.761579762615387,3.0853798163726625
f4-stars-h0p4,atomic_helium,2.25,2.128792776333333,135.3029161645669,37.23155627215728,172.53447243672417,30.904495245382023,4.004392569196576,28.39604858384728,3.0055202655995314
f4-stars-h0p4,atomic_helium,2.275,2.003961169975118,137.17655807591623,37.170385925551315,174.34694400146753,33.81135089846955,4.02474412888548,27.189497888728923,2.932714768048485
f4-stars-h0p4,atomic_helium,2.3000000000000003,1.858576428650593,136.18514180803803,36.90959514520945,173.0947369532475,36.55039538105085,4.037477304177502,24.69441318755918,2.8030828331991406
f4-stars-h0p4,atomic_helium,2.325,1.6898342629254381,131.41425780684486,36.49803457501359,167.91229238185844,35.6598157115097,4.001503507685945,21.924688632653044,2.6267875775922387
f4-stars-h0p4,atomic_helium,2.35,1.5721768963322602,126.48567449790436,36.1592467740046,162.64492127190897,31.85575416207886,3.942795939305572,20.275571102586234,2.468126270430062
f4-stars-h0p4,atomic_helium,2.375,1.5416197458259386,125.10088892635825,36.04130805487562,161.14219698123387,30.75532113326473,3.9360353763905427,20.775874451630177,2.47112905966109
f4-stars-h0p4,atomic_helium,2.4000000000000004,1.5390939643445745,123.74353022648363,35.847153467478236,159.59068369396186,32.635147086817824,3.9891379565002234,19.92982347744316,2.4571306007702254
f4-stars-h0p4,atomic_helium,2.4250000000000003,1.5345159920200138,119.30470319702609,35.418307934309276,154.72301113133537,35.128200145963994,4.059473923138499,18.239236612185685,2.3765837984792832
f4-stars-h0p4,atomic_helium,2.45,1.5742849377403583,112.40896333486835,34.83366336390493,147.24262669877328,35.281292415356255,4.04655158942174,16.27817694005148,2.2325343235264143
f4-stars-h0p4,atomic_helium,2.475,1.659593047722323,107.108547267554,34.30725877629885,141.41580604385285,32.45726282746564,3.9269858096663453,15.050133377240726,2.0462370559636405
f4-stars-h0p4,atomic_helium,2.5,1.7359103029592078,105.96878719889781,33.98937645597079,139.9581636548686,28.563571212441406,3.785393584069009,14.520064647555099,1.8648070832029946
f4-stars-h0p4,atomic_helium,2.5250000000000004,1.7259569669884602,107.51539339755479,33.81145077162152,141.3268441691763,25.599223645935986,3.667711529082816,14.430349271651451,1.7502994817260982
f4-stars-h0p4,atomic_helium,2.5500000000000003,1.605732090676882,108.07261399247416,33.527659086164945,141.6002730786391,24.68456503382244,3.5109539109295365,13.908207105778391,1.642243681406307
f4-stars-h0p4,atomic_helium,2.575,1.4536269827021133,105.61314627837152,33.13715911717612,138.75030539554763,25.62752669228,3.35156598744609,13.173362952984277,1.5493764483615597
f4-stars-h0p4,atomic_helium,2.6,1.3513080774690036,100.50819096924154,32.68345605567041,133.19164702491196,26.116711761264842,3.233010877462793,12.418721631823406,1.4438975329893569
f4-stars-h0p4,atomic_helium,2.625,1.3077762055726865,96.72306915877493,32.28440688853587,129.0074760473108,24.59915190358666,3.117697882087445,12.075590838200286,1.3307036528309044
f4-stars-h0p4,atomic_helium,2.6500000000000004,1.2866817210906087,95.76188618887257,32.008714331410175,127.77060052028274,22.862277734616985,2.9726570972047264,12.140542966384693,1.2378408212291676
f4-stars-h0p4,atomic_helium,2.6750000000000003,1.2771571301149338,95.02936651875753,31.776590704866248,126.80595722362378,21.284753859797178,2.7702755531725094,12.358769724407349,1.2027417471474922
f4-stars-h0p4,atomic_helium,2.7,1.2473766562241309,93.0282859895829,31.54545297751346,124.57373896709636,19.540988545302383,2.524051336121062,12.57724082177374,1.1751102474890907
f4-stars-h0p4,atomic_helium,2.725,1.2156951235643318,91.82968860304892,31.495496244323427,123.32518484737236,18.014953814597007,2.411849320415538,12.780102074677826,1.1841923010891962
f4-stars-h0p4,atomic_helium,2.75,1.1907134349097033,91.41414253038798,31.52571674198508,122.93985927237306,16.685018025749553,2.3583542111646763,12.909861098552385,1.2643817660603895
f4-stars-h0p4,atomic_helium,2.7750000000000004,1.1651437203311348,91.30921980001915,31.549277875680602,122.85849767569975,15.691886592674244,2.3083385674098222,12.796270532311278,1.3675672905565404
f4-stars-h0p4,atomic_helium,2.8000000000000003,1.1063113987292412,91.27674100127307,31.502554703702486,122.77929570497555,14.348562236978902,2.2231268173201646,12.728374888016395,1.4336483641025501
f4-stars-h0p4,atomic_helium,2.825,1.0223453378129923,91.47263171284574,31.407588400767555,122.88022011361329,12.59313281868762,2.1186418179183044,12.916264093216682,1.4489439742267634
f4-stars-h0p4,atomic_helium,2.85,0.9549753548787192,91.91819842219606,31.319793917044947,123.237992339241,11.191534454180525,2.022833539571595,13.204606480236535,1.405827049879306
f4-stars-h0p4,atomic_helium,2.875,0.9213816545708569,91.8122564573902,31.22318019980477,123.03543665719498,11.2379639344186,1.9633981225014656,13.597403423936857,1.3123799570423793
f4-stars-h0p4,atomic_helium,2.9000000000000004,0.9214687230179535,90.39319436161414,31.034612391310286,121.42780675292443,14.046113121930897,2.022683861325776,14.006028827775085,1.2084613306402754
f4-stars-h0p4,atomic_helium,2.9250000000000003,0.9477032139410437,87.91832439920513,30.7077978564909,118.62612225569603,17.431576226579764,2.2009871920960893,14.345147719195,1.1273202827896087
f4-stars-h0p4,atomic_helium,2.95,0.9818139689549645,85.40497408009922,30.31114558442336,115.71611966452258,19.115272701258355,2.3728413823602965,14.438847894812357,1.0754330697843884
f4-stars-h0p4,atomic_helium,2.975,1.0331852701083937,84.04078213300306,29.98727925551668,114.02806138851975,19.321102712442404,2.468274122942761,14.03447011230507,1.0739359717239039
f4-stars-h0p4,atomic_helium,3.0,1.0786441320645102,83.51923985080799,29.703097104149126,113.22233695495711,18.612864898048777,2.4378622467759707,13.435086429133307,1.0967292158378517
f4-stars-h0p4,atomic_helium,3.0250000000000004,1.0763069101037825,83.40013987697145,29.468892622206344,112.86903249917779,16.856496450177026,2.3247768640441415,12.963569945282268,1.1546372918420136
f4-stars-h0p4,atomic_helium,3.0500000000000003,1.0127178204216736,83.6015038488115,29.30581210581294,112.90731595462444,14.589881451094998,2.19628005479544,12.648391540430618,1.2241856368410013
f4-stars-h0p4,atomic_helium,3.075,0.9183329947366132,84.1502237146918,29.233360716239925,113.38358443093173,13.470500057146916,2.1177374201602097,12.454039808701589,1.2858246207759807
f4-stars-h0p4,atomic_helium,3.1,0.8224765605736302,84.70289390310948,29.207036086926834,113.90992999003632,14.354157324908966,2.1261708951709606,12.116695126021819,1.3433634946755095
f4-stars-h0p4,atomic_helium,3.125,0.7224761987400453,84.20500339031469,29.099657979471537,113.30466136978623,16.054839714153417,2.2223766530285554,11.824634841824073,1.408509340909946
f4-stars-h0p4,atomic_helium,3.1500000000000004,0.6334875167116292,82.33619560376567,28.9360018580554,111.27219746182107,17.312884661358396,2.373934490341438,11.393513752671723,1.474565790835671
f4-stars-h0p4,atomic_helium,3.1750000000000003,0.5811259020293066,79.74366491038933,28.686602538213787,108.43026744860312,17.770477850108694,2.4691684503796245,11.027892224882148,1.490004713504547
f4-stars-h0p4,atomic_helium,3.2,0.5604276061560974,77.45107933227662,28.318308043797217,105.76938737607384,17.259144805789095,2.425802707861938,10.529930169005013,1.4329786180267505
f4-stars-h0p4,atomic_helium,3.225,0.551334748545271,76.30148993216162,27.957983193200135,104.25947312536175,15.674525985255656,2.281091842962037,9.853699566932907,1.3581593059539472
f4-stars-h0p4,atomic_helium,3.25,0.5190253646672758,75.09975175076916,27.595782544160425,102.69553429492959,12.97952815201407,2.0461945310742897,9.139125342136444,1.2891933620482583
f4-stars-h0p4,atomic_helium,3.2750000000000004,0.4748305481623948,72.8071778515673,27.271362933642845,100.07854078521015,11.195622072839383,1.8067907863192405,8.392412324400146,1.2256163412574892
f4-stars-h0p4,atomic_helium,3.3000000000000003,0.46553583929322023,69.39968406090115,27.030716346660697,96.43040040756185,11.549586170128226,1.6891100402492614,7.701511323776203,1.1359681402606936
f4-stars-h0p4,atomic_helium,3.325,0.5235015892868091,66.24267576705456,26.792029316898518,93.03470508395309,11.822424608997249,1.636131465411736,7.614541620741058,1.0430541208835689
f4-stars-h0p4,atomic_helium,3.35,0.6504065780278496,65.37482873046146,26.61764456113959,91.99247329160104,11.948390603686427,1.6562151622452543,8.465440784441606,1.026229688117989
f4-stars-h0p4,atomic_helium,3.375,0.764031905831669,65.93386883008625,26.466646244441563,92.40051507452782,11.541420258543468,1.6739638086563728,9.578135296514251,1.0641604127112605
f4-stars-h0p4,atomic_helium,3.4000000000000004,0.8070583485545412,66.98175497031191,26.300787726911608,93.28254269722352,10.645109021554251,1.6602579669750035,10.437826065831757,1.108217071430774
f4-stars-h0p4,atomic_helium,3.4250000000000003,0.7750565135059634,67.84290042748505,26.15545043424616,93.99835086173121,9.857714907952426,1.63299200939647,10.799748134167288,1.1425278107360188
f4-stars-h0p4,atomic_helium,3.45,0.7056045203933125,67.44339234158585,25.984425008971062,93.42781735055691,9.780963955131549,1.567855578680125,10.63863871571451,1.151760068744485
f4-stars-h0p4,atomic_helium,3.475,0.6453426659295143,66.44630112850159,25.855453303766296,92.30175443226788,9.852684396276704,1.5111401117817687,10.116636089654323,1.1250143657554668
f4-stars-h0p4,atomic_helium,3.5,0.6066872796946775,66.26148073656283,25.77072583533955,92.03220657190238,9.221877302018905,1.4772833684244908,9.575662645599792,1.0774838522108805
f4-stars-h0p4,atomic_helium,3.5250000000000004,0.5532073490815479,67.00039094725255,25.695090288367975,92.69548123562053,8.767815988652016,1.4705820401169136,9.007297446132927,1.027228880149526
f4-stars-h0p4,atomic_helium,3.5500000000000003,0.47658537845678217,67.51298429464633,25.540563838244324,93.05354813289065,9.272602493337098,1.4741368671022617,8.315608566857588,0.9862903697975834
f4-stars-h0p4,atomic_helium,3.575,0.39142060589942707,66.36517933236563,25.27424718621685,91.63942651858248,9.96148106907032,1.459992693890199,7.54219959704761,0.9657620023346882
f4-stars-h0p4,atomic_helium,3.6,0.3256606234685844,63.33798434430887,24.909540305168065,88.24752464947693,9.472089757823964,1.381137323011924,6.780223622792469,0.9549877391448619
f4-stars-h0p4,atomic_helium,3.625,0.30274598798385016,60.1941654476587,24.534503366468595,84.72866881412729,7.607537781790895,1.2438881272433284,6.357400424392093,0.9571132268882175
f4-stars-h0p4,atomic_helium,3.6500000000000004,0.3068530231489259,58.70957804180133,24.248515848805827,82.95809389060716,6.0516911608808615,1.100280020091828,6.289710308775594,0.9663089707687645
f4-stars-h0p4,atomic_helium,3.6750000000000003,0.3234145413252334,58.58850822830601,24.07417644331651,82.66268467162251,5.434335115186206,1.0238802798262177,6.1076632059088665,0.9737629673230463
f4-stars-h0p4,atomic_helium,3.7,0.33593423871095146,58.53278550504827,23.97911061830968,82.51189612335794,5.213758456157524,1.0244120033349209,5.872596993145389,0.9781008142731494
f4-stars-h0p4,atomic_helium,3.725,0.3420536938288925,57.96983632645707,23.958033314751663,81.92786964120873,5.09873878039321,1.0940475622652828,5.857915896702474,0.9733565513435849
f4-stars-h0p4,atomic_helium,3.75,0.344227761895033,57.07381543823085,23.955913938700792,81.02972937693164,5.233717441984448,1.1889925003367001,6.322305426675286,0.954218862011244
f4-stars-h0p4,atomic_helium,3.7750000000000004,0.34277544268630467,56.786279620082084,23.90465072378176,80.69093034386384,5.872772068007442,1.2462179890852423,7.073939651516938,0.9319812205447316
f4-stars-h0p4,atomic_helium,3.8000000000000003,0.33092314522857097,56.70917755375883,23.776416873769463,80.4855944275283,7.035518053864411,1.264982602577622,7.664456718560213,0.9501946688332611
f4-stars-h0p4,atomic_helium,3.825,0.328327239433138,55.99745039122408,23.556905784862536,79.55435617608661,8.533592167647848,1.2361050620910532,8.152269175563498,1.053353847733296
f4-stars-h0p4,atomic_helium,3.85,0.3373037403402493,54.718621761654894,23.298648128183714,78.01726988983862,9.462211876755172,1.1691823306335023,8.337587792714585,1.1801108169756969
f4-stars-h0p4,atomic_helium,3.875,0.3477856032964347,53.8375801156103,23.066605885657204,76.9041860012675,9.269985731204734,1.0853481390052482,8.212643008685722,1.2637613761987911
f4-stars-h0p4,atomic_helium,3.9000000000000004,0.349045172551721,53.40762372163016,22.8598647400765,76.26748846170666,8.360605850450192,0.9860307665297172,7.766910096766958,1.2879464837646206
f4-stars-h0p4,atomic_helium,3.9250000000000003,0.34283955402395916,52.6627932971149,22.646903887914288,75.3096971850292,7.441327412888415,0.8521803643641113,7.244012793094114,1.2696020201366525
f4-stars-h0p4,atomic_helium,3.95,0.3382630615294347,51.115148449259856,22.418947586940778,73.53409603620064,6.960220606716656,0.6841457639299786,6.935119753854349,1.2264493670626426
f4-stars-h0p4,atomic_helium,3.975,0.34831739889314783,49.58317507743015,22.252395219442672,71.83557029687282,6.658914139836232,0.5779833578908462,6.912157960915164,1.177868958697178
f4-stars-h0p4,atomic_helium,4.0,0.3506912949995933,49.35932888152179,22.15244996032391,71.5117788418457,5.293888942078069,0.5770808493346834,7.219556846485882,1.1488230194619795
f4-stars-h0p4,atomic_helium,4.025,0.33489610288310523,50.287410248877265,22.069066362789524,72.35647661166679,3.9010546770499075,0.5834567141106526,7.462257027563157,1.1538452896174238
f4-stars-h0p4,atomic_helium,4.05,0.3083691966757841,50.727656328588246,21.955899156637717,72.68355548522597,5.048496822370201,0.5747012113167909,7.280645036620053,1.1816940383216281
f4-stars-h0p4,atomic_helium,4.075,0.2809408653048079,49.26400509837299,21.804081753767623,71.06808685214061,6.510946396141758,0.5544744288688079,6.807753320767476,1.2134992542556893
f4-stars-h0p4,atomic_helium,4.1000000000000005,0.26958468012682024,46.55086813031763,21.61591063698252,68.16677876730014,6.074554845580239,0.5326519979491817,6.431531429378031,1.1965268195257384
f4-stars-h0p4,atomic_helium,4.125,0.28754728612079183,44.98912564384862,21.446557485877122,66.43568312972573,4.989379036572205,0.528001159308758,6.452600564524725,1.1470565967902797
f4-stars-h0p4,atomic_helium,4.15,0.30860747851536535,44.925148039643354,21.32740434673671,66.25255238638006,3.753728544035818,0.5483552213279139,6.727194606800068,1.110236916926872
f4-stars-h0p4,atomic_helium,4.175,0.32378570499784265,45.757551892608916,21.239458717439426,66.99701061004833,3.6078074381126792,0.5942742360802312,6.909841180193438,1.1022388744363747
f4-stars-h0p4,atomic_helium,4.2,0.32209823148079136,46.49398251691505,21.143904812614572,67.63788732952962,4.836743023370761,0.6396788728309754,6.825895871844227,1.1130301337354491
f4-stars-h0p4,atomic_helium,4.2250000000000005,0.308687515260911,46.249118362177065,21.000823395649853,67.24994175782692,6.41332360296596,0.6708749904789943,6.591791452481356,1.1153212985183794
f4-stars-h0p4,atomic_helium,4.25,0.3049258867313791,44.72416838611956,20.79067794611236,65.51484633223191,7.492842814552713,0.6816400119024865,6.391365968019276,1.086484071021892
f4-stars-h0p4,atomic_helium,4.275,0.3236906449475214,42.68789070840145,20.556687152883125,63.24457786128457,7.708384767718803,0.6721521866986077,6.51809827965381,1.053256740212482
f4-stars-h0p4,atomic_helium,4.3,0.3671350330941746,41.63852422552353,20.35998482848052,61.99850905400405,7.107636579070616,0.6650781281882683,6.738275887590387,1.0297502468631976
f4-stars-h0p4,atomic_helium,4.325,0.4173282179069903,41.67184928294551,20.20314117618656,61.874990459132064,6.55341382688267,0.6625225348926105,6.8347759245363084,1.02703951359899
f4-stars-h0p4,atomic_helium,4.3500000000000005,0.44977600458078193,42.23576044888887,20.073916682351786,62.309677131240655,6.501910282029054,0.6545595357666075,6.8528430105045945,1.051927684360126
f4-stars-h0p4,atomic_helium,4.375,0.44057229210082927,42.886718019369276,19.960312601723157,62.84703062109243,6.169237480137999,0.6355873343171472,7.040956295508228,1.1088814513991347
f4-stars-h0p4,atomic_helium,4.4,0.4031419637308845,43.450854789837976,19.873397044007504,63.32425183384548,5.3864607071662265,0.6123493995999101,7.571249334726717,1.2002343297592282
f4-stars-h0p4,atomic_helium,4.425,0.36557761686933204,43.90174575185747,19.82573592362719,63.727481675484654,4.891110178968496,0.5942040947395307,8.204690888685674,1.2955840773530425
f4-stars-h0p4,atomic_helium,4.45,0.3329866193410396,44.08105808221494,19.808087061547045,63.88914514376198,4.892948458831103,0.5825619156813486,8.569711173502805,1.3549214207077682
f4-stars-h0p4,atomic_helium,4.4750000000000005,0.3093698275015482,44.25949239780255,19.787281244711004,64.04677364251356,5.641068507070461,0.5611938333794342,8.428617751990762,1.3498525697833075
f4-stars-h0p4,atomic_helium,4.5,0.28504234042849974,44.508692908223296,19.72040206822211,64.22909497644541,6.31599467388008,0.540071149101837,7.880326646631297,1.2864312136690526
f4-stars-h0p4,atomic_helium,4.525,0.2556177352712691,44.400482674542936,19.604250605424557,64.0047332799675,6.565239324689273,0.5359280070384663,7.107974307592396,1.1985920965099062
f4-stars-h0p4,atomic_helium,4.55,0.22729856992278308,43.32426569376545,19.435320321126767,62.759586014892214,6.879933039236893,0.5482054682041024,6.253852891022349,1.103859218877657
f4-stars-h0p4,atomic_helium,4.575,0.21836533702487926,40.984132305703746,19.21566496330149,60.19979726900523,6.968549640737765,0.5415206394060907,5.494406236436348,0.9848265376132351
f4-stars-h0p4,atomic_helium,4.6000000000000005,0.240180229397155,38.364831979090546,18.9949153533546,57.359747332445146,6.377763018896792,0.4865236359301504,5.1815708336225175,0.8611784854176304
f4-stars-h0p4,atomic_helium,4.625,0.2865321957438494,37.286173465675006,18.847833818288624,56.134007283963626,5.742311356328704,0.4306290675701426,5.3557683841417045,0.7903250591135135
f4-stars-h0p4,atomic_helium,4.65,0.338001516281105,37.736679942051964,18.76143708135543,56.498117023407396,5.160760950845687,0.4136385806054806,5.679756587902213,0.7830046587796465
f4-stars-h0p4,atomic_helium,4.675,0.3749407235436927,38.45414943368487,18.687491586546845,57.14164102023172,5.3876353607777,0.4283883770458988,5.815049799070516,0.8010731352304834
f4-stars-h0p4,atomic_helium,4.7,0.3792090032267974,38.92095588043277,18.607557085983952,57.52851296641673,5.940969203201896,0.44746344841265434,5.865739594557634,0.8283920640368263
f4-stars-h0p4,atomic_helium,4.7250000000000005,0.36094623836357836,39.16524159096234,18.519205616227172,57.68444720718951,5.826336747037759,0.45611184424470474,5.907079266265353,0.8622898514235858
f4-stars-h0p4,atomic_helium,4.75,0.3209327301125029,39.06471978753687,18.412788781304766,57.47750856884164,5.168471056718737,0.45596452332261733,5.907561368534164,0.8880193543492704
f4-stars-h0p4,atomic_helium,4.775,0.2808157813673246,38.93234298362739,18.306424335628293,57.238767319255686,5.068008475794231,0.44241302269327754,5.729716339927062,0.899234707023691
f4-stars-h0p4,atomic_helium,4.800000000000001,0.24686337570221473,38.85889462564158,18.21937209498452,57.078266720626104,5.086336007507095,0.419576904285761,5.410036993685589,0.9015275825711994
f4-stars-h0p4,atomic_helium,4.825,0.21429599058707677,38.364692699713835,18.147482906499715,56.512175606213546,4.8956627206471515,0.3927395757483372,5.36598198726416,0.9392981584865798
f4-stars-h0p4,atomic_helium,4.8500000000000005,0.19279104615236137,37.39754989422994,18.0919871720433,55.48953706627324,4.988955251703875,0.3696233656006839,5.781392245269442,1.0288270134110495
f4-stars-h0p4,atomic_helium,4.875,0.18279091891164428,36.636293051496324,18.043586536314162,54.67987958781049,4.825484716911797,0.3596931466046905,6.253369324175793,1.1132918124862679
f4-stars-h0p4,atomic_helium,4.9,0.18574459766586782,36.370847988525064,17.99434928227235,54.36519727079741,4.467009077171692,0.36471871034438236,6.508057483983172,1.1636243922402632
f4-stars-h0p4,atomic_helium,4.925000000000001,0.19397563047350114,36.09068983986829,17.92492231335268,54.01561215322097,4.880440387880111,0.39291129487411813,6.545202139692003,1.1728634650697223
f4-stars-h0p4,atomic_helium,4.95,0.20684330604463153,35.44080268624376,17.829026131352975,53.26982881759673,5.547146756597688,0.43118107871198935,6.6554315629779515,1.151154311570806
f4-stars-h0p4,atomic_helium,4.9750000000000005,0.22616337977367537,34.68797854158712,17.722886344674748,52.41086488626187,5.766654587550583,0.4588089651342887,6.9543854779050704,1.1150891980741673
f4-stars-h0p4,atomic_helium,5.0,0.24915988450653964,34.32223879449183,17.629792289749506,51.95203108424134,5.5410334561249694,0.4744047406574992,7.353457872517467,1.0938505967527385
f4-stars-h0p4,atomic_helium,5.025,0.27007414792744777,34.366593911432744,17.553312424928983,51.91990633636173,5.100299543782352,0.48565103805827525,7.733214278395217,1.0921869866418932
f4-stars-h0p4,atomic_helium,5.050000000000001,0.28280749712238934,34.66882187851742,17.48701397828564,52.15583585680306,4.5941626981693275,0.49889321002206727,8.025580147492418,1.0939833010736517
f4-stars-h0p4,atomic_helium,5.075,0.2866900326904447,35.09744772711387,17.42782095948735,52.525268686601216,4.100189616325157,0.5159862354226723,8.228450357617753,1.09132890505419
f4-stars-h0p4,atomic_helium,5.1000000000000005,0.284142341361845,35.58227696203737,17.373568947363452,52.95584590940082,3.700454118236873,0.5374095332784289,8.360584013124493,1.084146317495195
f4-stars-h0p4,atomic_helium,5.125,0.27730491471651253,36.08928300012408,17.323779427272495,53.41306242739657,3.468941684536151,0.5623813942789463,8.427030873784828,1.0737710349389717
f4-stars-h0p4,atomic_helium,5.15,0.26781902331255847,36.59266747519704,17.2768609689738,53.86952844417084,3.4492217484512064,0.5907550476456749,8.432877035067326,1.0612257022408604
f4-stars-h0p4,atomic_helium,5.175000000000001,0.2568779734000515,37.078729871072035,17.23198854372107,54.3107184147931,3.613016385738501,0.6210516263837909,8.377953898121563,1.0464560725481407
f4-stars-h0p4,atomic_helium,5.2,0.24525874788370183,37.5351161849257,17.188219352241525,54.72333553716722,3.8904845065108544,0.6522782588237903,8.269575830168447,1.0301359981796758
f4-stars-h0p4,atomic_helium,5.2250000000000005,0.2333628808885163,37.94814317312051,17.144681757866085,55.092824930986595,4.214020453840596,0.683353943606009,8.120868977903704,1.0132640641606057
f4-stars-h0p4,atomic_helium,5.25,0.2213626818644474,38.30588210928471,17.099881322614007,55.40576343189872,4.536083306101625,0.713538332508994,7.933018874113774,0.9954740581149055
f4-stars-h0p4,atomic_helium,5.275,0.20938116624678135,38.603245625176115,17.05352015546225,55.656765780638366,4.834864364188697,0.742535577788636,7.715011280213862,0.9770985622417332
f4-stars-h0p4,atomic_helium,5.300000000000001,0.19760955056038038,38.842327858245405,17.005373887838303,55.84770174608371,5.100652727020064,0.769913023890729,7.4798765676566425,0.9585225271077489
f4-stars-h0p4,atomic_helium,5.325,0.18591650887413666,39.01867238069373,16.954393059012865,55.973065439706595,5.325853361493283,0.7955046968970357,7.2275150194242945,0.9395100957282808
f4-stars-h0p4,atomic_helium,5.3500000000000005,0.17450759070943384,39.137808146514494,16.900837409240797,56.038645555755295,5.513258151689197,0.8191573572429993,6.961803119686777,0.9204973105920505
f4-stars-h0p4,atomic_helium,5.375,0.16349925116559783,39.20699604975431,16.844796159921266,56.051792209675575,5.664504614629956,0.8409280158443448,6.6938908403609245,0.901505874702782
f4-stars-h0p4,atomic_helium,5.4,0.15291266281937682,39.22537651131056,16.78603514542293,56.011411656733486,5.77998758343653,0.8605702216668265,6.42588204343867,0.8829337658995201
f4-stars-h0p4,atomic_helium,5.425000000000001,0.14270020036321907,39.19821212646352,16.724497340231615,55.92270946669513,5.863854328253989,0.878245533904281,6.155309145279222,0.8645059599022072
f4-stars-h0p4,atomic_helium,5.45,0.13288266204616436,39.128910285615,16.660066414814814,55.788976700429814,5.920381803744501,0.8941532661089153,5.8869046402455085,0.8459938091136779
f4-stars-h0p4,atomic_helium,5.4750000000000005,0.12357863834921834,39.02371099866497,16.593255759047594,55.61696675771256,5.953188751545916,0.9082545775507095,5.622881194945677,0.8275692986127123
f4-stars-h0p4,atomic_helium,5.5,0.11468100913697361,38.88402339864077,16.523733258835893,55.40775665747667,5.9615680553383905,0.9203548700298123,5.361437495659458,0.8095531281100198
f4-stars-h0p4,atomic_helium,5.525,0.10623698521256755,38.71137977910651,16.451331284091413,55.16271106319792,5.9511109763468255,0.9308466541058488,5.107008352226152,0.7921180994961196
f4-stars-h0p4,atomic_helium,5.550000000000001,0.09822862279109706,38.51337609251119,16.376873437596448,54.89024953010764,5.92582704337929,0.9398267055450008,4.860189222675347,0.7747171807467753
f4-stars-h0p4,atomic_helium,5.575,0.09064552266422315,38.287877556355035,16.299776645705375,54.587654202060406,5.884684893125174,0.9471114304484921,4.619581102002141,0.7578377093514932
f4-stars-h0p4,atomic_helium,5.6000000000000005,0.08347184525397394,38.038874185846986,16.220505835633084,54.25938002148007,5.8312185318480685,0.9529119448031161,4.384737007464863,0.7413511302190258
f4-stars-h0p4,atomic_helium,5.625,0.0767147596210419,37.7714364877748,16.13958019796534,53.91101668574014,5.765171757766705,0.9570628937610596,4.157571163816739,0.7255979129927718
f4-stars-h0p4,atomic_helium,5.65,0.0703117348194445,37.48388376454418,16.056249780390868,53.540133544935046,5.69178022796686,0.9601039571335486,3.937858217173721,0.7100589622632083
f4-stars-h0p4,atomic_helium,5.675000000000001,0.06422347346957853,37.17743797072962,15.970734087761539,53.148172058491156,5.609434530576113,0.9618296419556499,3.7235745222207677,0.6946848538463551
f4-stars-h0p4,atomic_helium,5.7,0.058429001408914806,36.853410020436314,15.882946005563564,52.73635602599988,5.520403956733646,0.9626105463293384,3.517141883182411,0.6796122222066906
f4-stars-h0p4,atomic_helium,5.7250000000000005,0.05287626778197523,36.511331726775936,15.792788795300334,52.30412052207627,5.429063606902297,0.962628475839168,3.31734459751725,0.6642582099581186
f4-stars-h0p4,atomic_helium,5.75,0.0475793967712118,36.15428606657059,15.700751936685421,51.85503800325601,5.333837520426091,0.9617853483875218,3.124249060333087,0.649251162302357
f4-stars-h0p4,atomic_helium,5.775,0.04245651445689078,35.77579606085483,15.605714384253593,51.381510445108425,5.237350424106885,0.9603380060294071,2.936365265687834,0.6341746451262267
f4-stars-h0p4,atomic_helium,5.800000000000001,0.037478409374860217,35.38118310577754,15.50874366750436,50.8899267732819,5.138214062827293,0.9581391455085597,2.7553817535621428,0.6194918679341093
f4-stars-h0p4,atomic_helium,5.825,0.03262528823724438,34.96549719542383,15.408958399365401,50.37445559478923,5.037164803856789,0.9557071049231757,2.583145635681813,0.6050917024485557
f4-stars-h0p4,atomic_helium,5.8500000000000005,0.02790114748060226,34.53317606088271,15.30761921553545,49.84079527641816,4.932082515123775,0.9528250826654363,2.4203457451070496,0.5909858923246585
f4-stars-h0p4,atomic_helium,5.875,0.023324051588290824,34.08400204694166,15.20467581563979,49.28867786258145,4.820411022195453,0.9495654711790659,2.2677937753662323,0.5770614766456988
f4-stars-h0p4,atomic_helium,5.9,0.01891096036672514,33.62189848718873,15.10112021861487,48.7230187058036,4.702358965524081,0.9456491259663733,2.1281785554881587,0.5637808786562672
f4-stars-h0p4,atomic_helium,5.925000000000001,0.01466643437826489,33.152222922820634,14.99823938455161,48.150462307372244,4.579004859657674,0.941212478011313,2.0010488773161055,0.5509663391093644
f4-stars-h0p4,atomic_helium,5.95,0.010507692379536348,32.674354836780935,14.896195461721783,47.57055029850272,4.450494007803764,0.9364489813510596,1.886271708212396,0.5386024682385188
f4-stars-h0p4,atomic_helium,5.9750000000000005,0.006347904131028068,32.188412569654986,14.79531470855255,46.98372727820754,4.317966430165448,0.9311614298939138,1.7859077853605705,0.5273847699516854
f4-stars-h0p4,atomic_helium,6.0,0.002100326298309882,31.699398821746467,14.691645325577285,46.391044147323754,4.185102773430886,0.9270300486711681,1.7063502120447205,0.5192297501245808
f4-stars-h0p4,co21,0.05,0.0006360803359544769,-68.51142663508875,-3.4151201688384853,-71.92654680392724,3.236095839436404,0.04797197249699235,37.88424019107547,0.9461175109911698
f4-stars-h0p4,co21,0.07500000000000001,0.4588903190800062,-20.721227165804326,-1.4238851253840423,-22.14511229118837,22.662117392043935,0.5189795034058089,52.28620570751552,2.9424734558829995
f4-stars-h0p4,co21,0.1,2.094688421534939,-26.427327734030975,-0.5931178350505893,-27.020445569081563,29.056086768458627,0.42489465397481274,59.90102576104186,2.4524186232794305
f4-stars-h0p4,co21,0.125,3.865848533688738,-30.67295445305905,0.40624402018611283,-30.266710432872937,32.28057911124348,0.35633250786983667,68.19133453908667,2.1345957622433964
f4-stars-h0p4,co21,0.15000000000000002,5.9581745446188705,-31.682833498683916,1.5919411205374607,-30.090892378146457,31.37794715707636,0.7469728616251093,71.9996855326909,1.8678926996283762
f4-stars-h0p4,co21,0.17500000000000002,7.866329236173535,-20.434651545230622,3.010601459816157,-17.424050085414464,24.093871827883554,1.2222017292965037,71.82151900365538,1.5817538978926153
f4-stars-h0p4,co21,0.2,9.163960930948774,2.7814626404002323,4.605669151114613,7.387131791514845,15.205692241018875,1.6646973020827294,67.96489864922081,1.2270539262131768
f4-stars-h0p4,co21,0.225,9.766231609762228,33.853742359532355,6.236865917768665,40.09060827730102,13.83858569575512,2.082703589043736,61.35959396436824,1.0218457101266214
f4-stars-h0p4,co21,0.25,9.660969029941546,64.95388750815856,7.7064506856706965,72.66033819382926,24.548795461501665,2.551930758745683,52.73629303212768,1.197213781082361
f4-stars-h0p4,co21,0.275,8.92802598848366,86.77665437644565,8.798299990966763,95.57495436741242,40.16032188031932,3.148355121783493,43.27605378653038,1.8224392285509587
f4-stars-h0p4,co21,0.30000000000000004,7.889975485638246,92.3108710235245,9.311365630899093,101.62223665442359,55.313400847130005,3.8216563622500463,35.19918403425309,2.7293488933121317
f4-stars-h0p4,co21,0.325,6.99590951853471,80.7730692262756,9.306782499245172,90.07985172552077,64.32882935611538,4.367455057553695,36.088922637179664,4.061208642183902
f4-stars-h0p4,co21,0.35000000000000003,6.715499746648848,63.67804120341948,9.409214018130555,73.08725522155004,62.941749743417844,4.709911395404051,47.30187351788753,5.661281262326815
f4-stars-h0p4,co21,0.375,6.868056236852643,53.93353829036642,10.0173832243223,63.95092151468872,56.89313898959331,5.116060541694654,60.297016606409215,6.986142097501206
f4-stars-h0p4,co21,0.4,7.152240153944777,54.927995720407985,10.969490009847522,65.89748573025551,53.067644833261554,5.619989529554624,70.31193504482825,7.863696511840937
f4-stars-h0p4,co21,0.42500000000000004,7.232023535188846,60.581032594251134,11.782583148706749,72.36361574295788,53.37843366164492,6.219170290149644,77.96471964180789,8.424110441356294
f4-stars-h0p4,co21,0.45,7.113979592560808,68.00454687240709,12.368395715005615,80.37294258741271,59.94324479173794,6.979247959716847,84.24071505537003,8.731026453342192
f4-stars-h0p4,co21,0.47500000000000003,7.019522427963921,75.49666307103261,12.794098561439117,88.29076163247173,69.76224315762636,7.734858076437452,88.83058344099969,8.831526286041244
f4-stars-h0p4,co21,0.5,6.872574167971091,83.1377750054519,13.36224348359595,96.50001848904785,78.60609500502814,8.371444454283088,91.46806037946416,8.840519075076857
f4-stars-h0p4,co21,0.525,6.675986047080754,89.4455000032303,14.072928298002603,103.5184283012329,84.28733200327504,8.89539282539469,92.31649527166314,8.794738754177612
f4-stars-h0p4,co21,0.55,6.667596096942934,92.3189728344098,14.876003991368547,107.19497682577835,84.78442519900024,9.20234176467016,91.47490202747043,8.687170563439306
f4-stars-h0p4,co21,0.5750000000000001,6.872236989869724,89.5546327531623,15.471593039654318,105.02622579281662,81.55281129344445,9.313626451991933,90.44384604787027,8.59236679381776
f4-stars-h0p4,co21,0.6000000000000001,7.284292636245971,81.91790354138652,15.714920626935342,97.63282416832186,77.73108427086783,9.253817559165398,90.44595351938484,8.644404167269355
f4-stars-h0p4,co21,0.625,7.697018078612889,72.21070305305801,15.62636538963801,87.83706844269602,76.27206246857843,9.119315145427192,91.27830548248829,8.820985095012416
f4-stars-h0p4,co21,0.65,7.945461603577614,63.36198237842354,15.428390560097885,78.79037293852143,77.24055004171714,8.887443107767998,92.31945130922563,9.097081513174631
f4-stars-h0p4,co21,0.675,7.995415128871488,56.477864892695514,15.279455683436364,71.75732057613187,79.1203241425834,8.557059305194226,93.42919946206868,9.479091775614739
f4-stars-h0p4,co21,0.7000000000000001,7.859977177289059,49.60167413971332,15.027682951462296,64.62935709117562,79.44250444286354,8.144998167322838,95.28362899489683,9.996161480787379
f4-stars-h0p4,co21,0.7250000000000001,7.636349595023047,42.90634559696056,14.606173120088599,57.51251871704916,75.54619694454755,7.642011613370965,97.70295009011859,10.590513924729363
f4-stars-h0p4,co21,0.75,7.3214790457058525,38.856090218532366,14.2386358986714,53.09472611720376,68.59112551733583,7.1205279309317735,99.78180429485035,11.110897315513219
f4-stars-h0p4,co21,0.775,7.312533646447179,42.09004422291384,14.574020660095734,56.66406488300957,64.34186816478035,6.955616630490093,99.19210580335653,11.305302170729059
f4-stars-h0p4,co21,0.8,7.645386643452507,48.97804575240804,15.505295237498016,64.48334098990605,64.99935178511018,7.161847198427701,96.53495497324207,11.176225961131577
f4-stars-h0p4,co21,0.8250000000000001,7.9586540148087295,52.160023863852885,16.38632804586251,68.5463519097154,67.46356092525879,7.385963144998007,94.45117721817104,10.965250415892061
f4-stars-h0p4,co21,0.8500000000000001,8.08462334068085,50.46982100169592,17.00681755000957,67.47663855170549,70.24770210037033,7.5333275673779925,93.97744898868443,10.809570098315852
f4-stars-h0p4,co21,0.875,7.985773071165299,47.92898882737948,17.56636217742545,65.49535100480493,72.0360516806505,7.562048374976738,93.60111579659771,10.705334632197268
f4-stars-h0p4,co21,0.9,7.8132626114018615,46.13334555049651,18.090017043196255,64.22336259369277,73.33641680353709,7.513050265196923,93.18139944589065,10.657260560282802
f4-stars-h0p4,co21,0.925,7.774106598535367,46.9820150051597,18.682945908326733,65.66496091348644,74.08498659327606,7.400732690316495,93.860404863923,10.752725257736673
f4-stars-h0p4,co21,0.9500000000000001,7.9881826613916385,50.37130654447326,19.372045489017726,69.74335203349099,74.31769601893767,7.272265620181611,97.00663460521329,11.014887728650082
f4-stars-h0p4,co21,0.9750000000000001,8.459018746832431,53.56976102556529,20.02370054677771,73.593461572343,75.3297622331074,7.261443227808908,101.73145830265277,11.254360609893974
f4-stars-h0p4,co21,1.0,9.201848054291524,54.38109041380221,20.520028292465103,74.90111870626731,78.14941128034518,7.428186469741131,106.25427121791014,11.341021280152736
f4-stars-h0p4,co21,1.0250000000000001,9.892936349544751,55.57132834659271,20.98633187212777,76.55766021872049,80.64774038105863,7.588879315543281,109.98140910781925,11.406167411824725
f4-stars-h0p4,co21,1.05,10.388310570289676,57.69682811285962,21.411362263257924,79.10819037611755,82.63269589051968,7.709937359106797,112.81277939741955,11.50737771564456
f4-stars-h0p4,co21,1.075,10.60574664954105,59.68040924016198,21.742832209562838,81.42324144972481,84.12243201628318,7.787771232633303,114.75865996138926,11.641502285352246
f4-stars-h0p4,co21,1.1,10.517726043552798,61.938870251514345,22.061064180683786,83.99993443219813,85.42742075823328,7.779383631987834,116.32539341600753,11.818663995010947
f4-stars-h0p4,co21,1.125,10.160771204977573,67.2381843063966,22.616226539114912,89.85441084551152,87.79986755527008,7.628422006912748,118.33790025204642,12.034465846514577
f4-stars-h0p4,co21,1.1500000000000001,9.759242803979584,76.5510664462652,23.436988105059456,99.98805455132465,91.50096612293835,7.326602300294657,120.26328645789422,12.244585227922885
f4-stars-h0p4,co21,1.175,9.410152328842146,89.34144785921926,24.42333835355474,113.764786212774,94.32050042033657,6.843166577145466,120.93744760899325,12.383338919612946
f4-stars-h0p4,co21,1.2000000000000002,9.123188463830225,103.68779789875163,25.442493424298586,129.13029132305022,91.86075995615771,6.169781677063145,120.0759557593144,12.431664794938456
f4-stars-h0p4,co21,1.225,9.224011927829423,114.55199459341651,26.12660254664108,140.6785971400576,82.9504819387084,5.4973815409990365,118.38967873305289,12.42441157064613
f4-stars-h0p4,co21,1.25,9.541200031586914,122.49819946249069,26.634871106992335,149.13307056948304,74.23534566727524,4.973650425714129,119.68286341584107,12.308323811019383
f4-stars-h0p4,co21,1.2750000000000001,9.96886355181308,130.58003158998986,27.158471886410876,157.73850347640072,68.08777084703699,4.544454536821848,123.13448108527817,12.143497503243552
f4-stars-h0p4,co21,1.3,10.280620751465381,138.72384670082667,27.73113626933631,166.45498297016297,64.63144031959483,4.209831396035918,126.84904057630878,11.933004827552534
f4-stars-h0p4,co21,1.3250000000000002,10.383167193044553,145.28110853508275,28.277643460837826,173.55875199592057,62.57727188403524,3.9793221680385016,129.29820420394674,11.626020508995593
f4-stars-h0p4,co21,1.35,10.224674115599186,150.70294631623312,28.78803091114507,179.4909772273782,59.85113409148385,3.8200093702681945,130.18043402763814,11.286036352715351
f4-stars-h0p4,co21,1.375,9.806610226474474,156.1914148464117,29.26042483344835,185.45183967986006,57.601285100193515,3.738831806227324,130.0115460602042,11.028319356954539
f4-stars-h0p4,co21,1.4000000000000001,9.188461852243154,163.43926619176733,29.772420850103636,193.21168704187096,59.56131862626604,3.8063752034325127,129.1548706202348,10.902620728610534
f4-stars-h0p4,co21,1.425,8.579853582921256,173.0119790083315,30.381401327464406,203.3933803357959,66.80470933328813,4.072554109364673,127.61882781995385,10.897151376552328
f4-stars-h0p4,co21,1.4500000000000002,8.161746014571438,183.37117250391182,31.040281386392667,214.4114538903045,76.85831783709826,4.478374008906882,125.04911238928018,10.961958388114896
f4-stars-h0p4,co21,1.475,7.860427384028077,192.4393443952571,31.679117486319182,224.11846188157628,86.42750419192944,4.909647599851404,121.01234505479778,10.968813642071767
f4-stars-h0p4,co21,1.5,7.47362481840771,199.23836442036267,32.2519560345015,231.49032045486416,93.8464521456804,5.304621123381858,115.55240685202664,10.81661945444718
f4-stars-h0p4,co21,1.5250000000000001,6.950297841438125,202.40911800993084,32.67267509106507,235.0817931009959,98.64098233410706,5.63830161803544,109.38126092057011,10.553675893347354
f4-stars-h0p4,co21,1.55,6.38006703550111,200.9505904183885,32.844525847540844,233.79511626592932,100.85412696322918,5.874999059728881,103.47237697797532,10.216794386947255
f4-stars-h0p4,co21,1.5750000000000002,5.822296579871866,194.81882821402894,32.75146391885118,227.57029213288013,100.87442299489787,6.019823380834889,97.60383893321075,9.806973787772423
f4-stars-h0p4,co21,1.6,5.427685413123321,184.3642813970487,32.40510243671067,216.76938383375938,97.66712785890468,6.056779734512374,91.36409443347353,9.369297595969531
f4-stars-h0p4,co21,1.625,5.185310775089372,172.3788588369099,31.938841850918358,204.31770068782825,91.69231679004449,5.999944716259353,84.99417497019783,8.941661102392265
f4-stars-h0p4,co21,1.6500000000000001,4.9931889565632925,163.34568925007068,31.579798822486616,194.9254880725573,86.01117070927936,5.932472754993074,79.31269260831706,8.530767182734438
f4-stars-h0p4,co21,1.675,4.856632449868544,157.4573278851873,31.371609928771928,188.82893781395924,81.28278110483899,5.884537314637589,73.72462605449259,8.15678778967733
f4-stars-h0p4,co21,1.7000000000000002,4.722618553798091,153.86615470713008,31.30206193285962,185.1682166399897,77.76637205557253,5.869306509359298,68.05476525771284,7.818343357025366
f4-stars-h0p4,co21,1.725,4.509524683824969,152.09795816216464,31.36801617749597,183.46597433966062,75.68511977670907,5.900686366350228,62.5745296233098,7.477728839328102
f4-stars-h0p4,co21,1.75,4.227897792626177,151.72389560410187,31.545573791661113,183.269469395763,74.30014931630213,5.922520049748152,57.7859597242448,7.139689966546519
f4-stars-h0p4,co21,1.7750000000000001,3.8596018785096335,149.92556956581228,31.62882092673177,181.55439049254406,71.89756615689836,5.849327156098895,54.00053725490397,6.874747778212196
f4-stars-h0p4,co21,1.8,3.4397668481770856,145.62852523594216,31.48808321229179,177.11660844823396,67.80503351248183,5.653569884407143,50.285348580275326,6.679697069255789
f4-stars-h0p4,co21,1.8250000000000002,3.061083764016714,138.60111135996047,31.041520803880633,169.6426321638411,61.120294890726626,5.301164616318825,45.88126233459293,6.542024879327767
f4-stars-h0p4,co21,1.85,2.9144471067938857,131.7805807448852,30.51447407765292,162.29505482253813,53.880012881406905,4.8660601240499055,41.46755913784723,6.382773739519884
f4-stars-h0p4,co21,1.875,3.004521602335219,126.68913287965503,30.11282922389572,156.80196210355075,48.59610350303278,4.490647214884087,37.50044072335981,6.156194180042507
f4-stars-h0p4,co21,1.9000000000000001,3.2114987811802957,121.8924887993252,29.740578922113013,151.6330677214382,45.39836655926956,4.2605191443766675,34.29406564810118,5.893129244046551
f4-stars-h0p4,co21,1.925,3.3708800030167416,116.97521354024101,29.341172825727458,146.31638636596847,42.89034372762073,4.135618677008314,31.79890946510445,5.620260381867208
f4-stars-h0p4,co21,1.9500000000000002,3.3859334480961296,113.54044471048353,29.016547580787524,142.55699229127106,40.69287457699729,4.086587934674619,30.23119010247428,5.368618155833759
f4-stars-h0p4,co21,1.975,3.280765159559952,112.26178185049457,28.82412206564075,141.08590391613532,38.59916675631313,4.079334087499664,29.802294994362523,5.1764717768246165
f4-stars-h0p4,co21,2.0,3.1384264094406014,111.93007330177402,28.70877581385294,140.63884911562695,36.42597061589473,4.074314424660576,30.362477449693984,5.057247068550398
f4-stars-h0p4,co21,2.025,2.9849162544082697,111.26114556773408,28.583142928333867,139.84428849606795,34.21780573349222,4.044228617993085,30.906338996768387,4.95141817573773
f4-stars-h0p4,co21,2.0500000000000003,2.815411775454132,110.13089968950102,28.417391023413472,138.54829071291448,31.770710523488052,4.004754684557243,30.55761338918053,4.809163273336656
f4-stars-h0p4,co21,2.075,2.67247909045017,108.57500063104266,28.197550233067084,136.77255086410975,29.339694962631423,3.946909347698662,29.113034074226267,4.623082283963324
f4-stars-h0p4,co21,2.1,2.563302878924432,106.17988956491874,27.90400368791182,134.08389325283056,27.67311749344577,3.882157353140785,26.79021127724041,4.373974455503318
f4-stars-h0p4,co21,2.125,2.4703728677373196,102.33250374309983,27.46963737907856,129.8021411221784,26.933129409519953,3.842639756683829,24.515683078147806,4.081237798548895
f4-stars-h0p4,co21,2.15,2.3694104217332423,97.97759902878252,26.988908513906328,124.96650754268884,26.414833330089188,3.8079051660356455,22.89046540175315,3.8352435522620745
f4-stars-h0p4,co21,2.1750000000000003,2.2874190856290877,93.74280338758925,26.529172039838798,120.27197542742805,25.593534418287117,3.742073299139717,22.12408934127447,3.702007533662779
f4-stars-h0p4,co21,2.2,2.234319316063811,90.30128292949566,26.142426406870708,116.44370933636637,24.540369336532535,3.64578456996827,21.82406220522426,3.6398249318121745
f4-stars-h0p4,co21,2.225,2.1922358115255203,87.70680336310271,25.822253361678293,113.529056724781,23.585315150423426,3.5356273846858253,21.765219181229384,3.6365152672629657
f4-stars-h0p4,co21,2.25,2.128792776333333,85.44785323860984,25.536166097916716,110.98401933652656,23.03972134193993,3.4788970310380654,21.576895939788283,3.6205668279385694
f4-stars-h0p4,co21,2.275,2.003961169975118,83.2664246396745,25.23249493082621,108.4989195705007,22.878671153768245,3.4716519976959463,20.795756665987565,3.521157041441473
f4-stars-h0p4,co21,2.3000000000000003,1.858576428650593,81.05577202826613,24.866208040169276,105.9219800684354,22.940218365893084,3.4791130824816316,19.365717822348962,3.3161481548589156
f4-stars-h0p4,co21,2.325,1.6898342629254381,79.07757366351511,24.477176759180033,103.55475042269515,23.12750149600867,3.469291679677775,17.504571341553213,3.038996664045588
f4-stars-h0p4,co21,2.35,1.5721768963322602,77.80405673092929,24.177801296285026,101.98185802721432,23.145314454894006,3.4428209276672073,15.116397004048059,2.7296895001728685
f4-stars-h0p4,co21,2.375,1.5416197458259386,76.60670713350781,23.98080374825473,100.58751088176254,22.473183780060857,3.364881852247489,12.983480181777695,2.5578312130235497
f4-stars-h0p4,co21,2.4000000000000004,1.5390939643445745,74.28640704811222,23.69310856729284,97.97951561540506,20.789680345430316,3.1732294481938377,12.693124621993183,2.5836954840336825
f4-stars-h0p4,co21,2.4250000000000003,1.5345159920200138,71.4094212064598,23.364027542127822,94.77344874858761,18.284809225799027,2.886145343554978,13.262645982141162,2.6972139588144755
f4-stars-h0p4,co21,2.45,1.5742849377403583,68.69337136444513,23.07647323068578,91.7698445951309,15.129129466678068,2.5294364398569646,13.988214502887383,2.816237036091641
f4-stars-h0p4,co21,2.475,1.659593047722323,66.9937765905888,22.89171719565828,89.88549378624708,12.961402563274646,2.2400280295597836,14.02776677531499,2.8064191608858424
f4-stars-h0p4,co21,2.5,1.7359103029592078,66.38057759890886,22.79592129506942,89.17649889397828,12.78529619784093,2.1407219235366015,13.605656142737923,2.6829052172710344
f4-stars-h0p4,co21,2.5250000000000004,1.7259569669884602,66.13755648206052,22.692275640906463,88.82983212296698,13.447292145439778,2.171633223929053,13.02407981150605,2.5097674558675758
f4-stars-h0p4,co21,2.5500000000000003,1.605732090676882,65.01730631601427,22.40413742529422,87.4214437413085,13.676793093913988,2.238758697420195,12.115279285734461,2.3061591302264643
f4-stars-h0p4,co21,2.575,1.4536269827021133,62.846687680006355,21.932011713459897,84.77869939346625,13.487590257743802,2.3439987295605813,10.936662385565223,2.0815154699043164
f4-stars-h0p4,co21,2.6,1.3513080774690036,59.89591930734191,21.318756030481346,81.21467533782325,13.226571844401121,2.4432530329542046,9.703441928477108,1.87200914641649
f4-stars-h0p4,co21,2.625,1.3077762055726865,57.04402740057949,20.73962551889824,77.78365291947773,13.162909715954225,2.4557388748779987,8.846514350215655,1.754223488577424
f4-stars-h0p4,co21,2.6500000000000004,1.2866817210906087,54.57633117739694,20.28241839863516,74.8587495760321,12.896433937388423,2.4133539845741514,8.51847688822718,1.7239232326242175
f4-stars-h0p4,co21,2.6750000000000003,1.2771571301149338,52.34463842392999,19.86726031078023,72.21189873471022,12.503587869971813,2.332892729677978,8.534922479379599,1.7364939568189175
f4-stars-h0p4,co21,2.7,1.2473766562241309,50.16912063850499,19.432722298817033,69.60184293732203,11.839624966171748,2.1998807311788604,8.577582061565657,1.7519215445229972
f4-stars-h0p4,co21,2.725,1.2156951235643318,48.93340584975869,19.159075399436933,68.09248124919563,11.304640021551547,2.1716548631471784,8.761191643785814,1.7439183438855197
f4-stars-h0p4,co21,2.75,1.1907134349097033,48.56208719453791,19.025923037130802,67.5880102316687,11.614934234176559,2.272637065243382,8.721639909208657,1.7204693379150222
f4-stars-h0p4,co21,2.7750000000000004,1.1651437203311348,48.66459360524938,19.003448029578283,67.66804163482766,12.71861232602436,2.4456432759993936,8.464202255009305,1.6951390969136775
f4-stars-h0p4,co21,2.8000000000000003,1.1063113987292412,48.58177947501373,19.02186994650936,67.60364942152309,13.570171128987502,2.5816303318302825,8.143433814718737,1.6744102404270316
f4-stars-h0p4,co21,2.825,1.0223453378129923,48.153439849124204,19.03551353842354,67.18895338754774,13.84968058803111,2.632916787417023,7.937168272850992,1.6609757054200582
f4-stars-h0p4,co21,2.85,0.9549753548787192,47.5264140693812,19.00843843877049,66.53485250815169,13.824761590859897,2.5853268174526076,7.9442104547709675,1.649411984920801
f4-stars-h0p4,co21,2.875,0.9213816545708569,46.725973785605056,18.894150837192466,65.62012462279752,13.464811917968738,2.4503957793203743,7.911240542848841,1.611669131383444
f4-stars-h0p4,co21,2.9000000000000004,0.9214687230179535,45.75037072512818,18.70371654970856,64.45408727483674,12.630268043775496,2.2708957796945732,7.764466066330583,1.5449526027792932
f4-stars-h0p4,co21,2.9250000000000003,0.9477032139410437,44.920230317246734,18.51506570287652,63.43529602012325,11.534677095772468,2.0772162220380714,7.647085328121252,1.4781902495007693
f4-stars-h0p4,co21,2.95,0.9818139689549645,44.63369661143001,18.383100984279935,63.016797595709946,10.315653526584715,1.878958806752174,7.553382107126217,1.4279723853475008
f4-stars-h0p4,co21,2.975,1.0331852701083937,44.66187182038141,18.329837040564808,62.99170886094622,9.26333341847276,1.751956221904964,7.4932574365951075,1.3976968635699654
f4-stars-h0p4,co21,3.0,1.0786441320645102,44.52502630007022,18.259955561981762,62.784981862051986,8.808993190729526,1.6904109523129596,7.648271940860116,1.3942894311643719
f4-stars-h0p4,co21,3.0250000000000004,1.0763069101037825,44.36857874379768,18.172550274268488,62.541129018066165,9.21052188920169,1.683332611216749,7.951030579971274,1.41792568146885
f4-stars-h0p4,co21,3.0500000000000003,1.0127178204216736,44.39073782700865,18.09785473377568,62.488592560784326,9.961824061622822,1.7103264712489898,8.365199518401454,1.463825639640415
f4-stars-h0p4,co21,3.075,0.9183329947366132,44.443667976935785,18.054306606669513,62.4979745836053,10.41936456255751,1.7466079970070483,8.961700302514425,1.5140995320243915
f4-stars-h0p4,co21,3.1,0.8224765605736302,44.66893045287617,18.05093057926762,62.71986103214379,11.072778420240633,1.793628567086419,9.576578757002567,1.5519729201218482
f4-stars-h0p4,co21,3.125,0.7224761987400453,44.8786019700502,18.036663315583674,62.91526528563387,12.113742353538662,1.8301051452201755,9.911617430232509,1.5554508623538634
f4-stars-h0p4,co21,3.1500000000000004,0.6334875167116292,44.800614987173766,18.019812899293253,62.820427886467016,12.906696300442574,1.8393860611749029,9.8593812808818,1.522803031613572
f4-stars-h0p4,co21,3.1750000000000003,0.5811259020293066,44.60564110009477,17.92644390358452,62.53208500367929,12.857191070134409,1.8134467538048615,9.555746423501876,1.4564967737147883
f4-stars-h0p4,co21,3.2,0.5604276061560974,44.303964217488264,17.709659919289688,62.01362413677795,12.550565162986764,1.7783844387234147,8.907531494662637,1.3771860848342203
f4-stars-h0p4,co21,3.225,0.551334748545271,43.516390441796844,17.45587000499795,60.97226044679479,13.014638076717784,1.718057715954236,8.378442613978288,1.3290218407328191
f4-stars-h0p4,co21,3.25,0.5190253646672758,41.96604774293812,17.202410353427876,59.168458096365995,12.86347360562207,1.6505598329660576,8.309046413818685,1.3290792457770424
f4-stars-h0p4,co21,3.2750000000000004,0.4748305481623948,40.23012800275733,16.974427905313807,57.20455590807114,11.402844554274436,1.6059079574805013,8.834817128782497,1.3522657100135838
f4-stars-h0p4,co21,3.3000000000000003,0.46553583929322023,39.384979284613216,16.773621039801423,56.158600324414635,10.045601917227398,1.5790167684391891,9.744125843646854,1.3647716115337272
f4-stars-h0p4,co21,3.325,0.5235015892868091,39.57150358093886,16.626444651115076,56.19794823205393,9.30992745681603,1.4939874965574218,10.325793007745467,1.3600603747907318
f4-stars-h0p4,co21,3.35,0.6504065780278496,39.85447856182003,16.508910991751375,56.36338955357141,9.265120505122388,1.4070065908238194,10.273214150387094,1.3474139813168138
f4-stars-h0p4,co21,3.375,0.764031905831669,39.842808277737625,16.382197532307863,56.22500581004549,9.670802097438404,1.3645461233700322,10.044213212428662,1.391119880329178
f4-stars-h0p4,co21,3.4000000000000004,0.8070583485545412,39.346397459768596,16.234820565482778,55.581218025251374,9.712052798235451,1.3449931365917016,10.142440422612173,1.495102809642607
f4-stars-h0p4,co21,3.4250000000000003,0.7750565135059634,38.34809249374794,16.078459381947432,54.426551875695374,9.277696577811481,1.3305192678332882,10.520243056306613,1.5934089784598768
f4-stars-h0p4,co21,3.45,0.7056045203933125,36.8657065203046,15.905461851590681,52.77116837189528,8.9852246274586,1.3101018570912448,11.16342294193698,1.6807015301681165
f4-stars-h0p4,co21,3.475,0.6453426659295143,35.32718077248124,15.748114007112896,51.07529477959414,9.090450366339022,1.3047339615536897,11.90471021195962,1.7193344023118795
f4-stars-h0p4,co21,3.5,0.6066872796946775,34.18256011719557,15.637163591843642,49.81972370903921,9.559990008096502,1.3186218767364823,12.354970332973716,1.6875479323594378
f4-stars-h0p4,co21,3.5250000000000004,0.5532073490815479,33.72670519721839,15.573036707966006,49.2997419051844,10.209911723863113,1.345996707890119,12.482970564214813,1.6407777202181044
f4-stars-h0p4,co21,3.5500000000000003,0.47658537845678217,34.14587129681029,15.541410320159853,49.68728161697015,10.260086693464991,1.3541414631869941,12.459229107867586,1.6557551107121409
f4-stars-h0p4,co21,3.575,0.39142060589942707,35.4738983138401,15.551352246216535,51.025250560056634,9.692075885675884,1.362459566534524,12.448068752747998,1.7499781782013497
f4-stars-h0p4,co21,3.6,0.3256606234685844,37.24844679248088,15.596156870612548,52.84460366309342,8.88892852536445,1.3814684200188043,12.606700076741374,1.88830572532458
f4-stars-h0p4,co21,3.625,0.30274598798385016,38.21612602140294,15.570021148261576,53.78614716966452,8.294041722376603,1.4022397863718474,13.272944759824597,2.013958346799803
f4-stars-h0p4,co21,3.6500000000000004,0.3068530231489259,38.20566324557831,15.415436248674986,53.62109949425329,7.915149259143284,1.4088922679065015,14.503475718045458,2.1194801511208192
f4-stars-h0p4,co21,3.6750000000000003,0.3234145413252334,37.59969787232624,15.263265182952043,52.862963055278286,7.660843498216592,1.346420200642298,15.402311521180572,2.168748359841257
f4-stars-h0p4,co21,3.7,0.33593423871095146,36.42748142501405,15.18879885064571,51.61628027565976,7.7109114469025775,1.2443822978718948,15.354225277869823,2.139202099257251
f4-stars-h0p4,co21,3.725,0.3420536938288925,35.10673555269872,15.144021781603998,50.25075733430272,8.316851958212245,1.1855362826765525,14.296912102860103,1.9932504264197752
f4-stars-h0p4,co21,3.75,0.344227761895033,33.638925725539664,15.042599395338778,48.68152512087844,9.315625650038756,1.1940957398447853,12.474751397007836,1.7392552326613417
f4-stars-h0p4,co21,3.7750000000000004,0.34277544268630467,32.14458833767261,14.884277705693856,47.02886604336646,10.191606641300165,1.215913084208245,10.669642981781728,1.509539133279342
f4-stars-h0p4,co21,3.8000000000000003,0.33092314522857097,31.166744483867873,14.766104352178083,45.932848836045956,10.87398472161967,1.2175704462070391,9.368991016266579,1.371265249725588
f4-stars-h0p4,co21,3.825,0.328327239433138,31.35113578030388,14.751107356293199,46.10224313659708,11.109387340955465,1.1965330750089889,9.05752576899791,1.3784250124983597
f4-stars-h0p4,co21,3.85,0.3373037403402493,32.49431024952211,14.81522458495322,47.30953483447533,10.378005750463457,1.1563603350049727,8.75746926516527,1.440888884317855
f4-stars-h0p4,co21,3.875,0.3477856032964347,33.6815043063166,14.862357043656994,48.54386134997359,8.898877025756427,1.095247994865632,8.429099828929214,1.504055582119723
f4-stars-h0p4,co21,3.9000000000000004,0.349045172551721,34.47742841233133,14.85034094798097,49.327769360312296,7.357209982160277,1.0176062797538665,8.35126792541614,1.554015420302501
f4-stars-h0p4,co21,3.9250000000000003,0.34283955402395916,35.04734398973436,14.804825894895432,49.85216988462979,6.182419563056755,0.9269912946426097,8.47160366964189,1.5604763015314136
f4-stars-h0p4,co21,3.95,0.3382630615294347,35.74564931942147,14.760509326250904,50.50615864567237,5.7949604751946096,0.8354057423548846,8.654437951039483,1.509055479988608
f4-stars-h0p4,co21,3.975,0.34831739889314783,36.55870935909007,14.753425368553838,51.31213472764391,6.4242218327825835,0.7998994478671195,8.858995044284393,1.3923438788539322
f4-stars-h0p4,co21,4.0,0.3506912949995933,36.95880268581942,14.716992176147318,51.675794861966736,7.154518912500268,0.7975660593046882,8.972392612552287,1.256384868603317
f4-stars-h0p4,co21,4.025,0.33489610288310523,36.90576021297013,14.651372217248227,51.55713243021836,7.4338931702893944,0.8114732070227335,8.765784953446065,1.123843228535439
f4-stars-h0p4,co21,4.05,0.3083691966757841,36.29532961520307,14.549299183143793,50.84462879834687,7.251205122978097,0.8333741429606508,8.145643838656122,1.0498502900408522
f4-stars-h0p4,co21,4.075,0.2809408653048079,35.35034244714581,14.434695764132481,49.78503821127829,6.850758020576684,0.8561341168505457,7.4125004693447565,1.041878458669463
f4-stars-h0p4,co21,4.1000000000000005,0.26958468012682024,34.33583425123638,14.306135125129176,48.64196937636555,6.531440677120773,0.8716298920775027,7.0300998123733285,1.094466636178896
f4-stars-h0p4,co21,4.125,0.28754728612079183,33.647108868302645,14.198412492301195,47.84552136060384,6.3805634095146475,0.8610164764326618,7.405233260679506,1.192631456868072
f4-stars-h0p4,co21,4.15,0.30860747851536535,33.51705979683879,14.11731051449503,47.63437031133382,6.548310917475332,0.8358878963137514,7.8116163812691335,1.2864272263425953
f4-stars-h0p4,co21,4.175,0.32378570499784265,33.70508838321207,14.052401107449455,47.75748949066153,6.897555091401131,0.8139021408935099,7.912135233470996,1.3468397432957728
f4-stars-h0p4,co21,4.2,0.32209823148079136,33.77350933752359,13.983087416198591,47.756596753722185,7.210674599760765,0.810064093557187,7.754084312710103,1.3715274619000488
f4-stars-h0p4,co21,4.2250000000000005,0.308687515260911,33.45992955296255,13.884851761658735,47.34478131462129,7.317483646659688,0.8224358596209931,7.385308910275714,1.3623288809800131
f4-stars-h0p4,co21,4.25,0.3049258867313791,32.735965842441956,13.738497858917496,46.474463701359454,7.105213104867219,0.8296704526513333,6.836048706966207,1.3243879489333028
f4-stars-h0p4,co21,4.275,0.3236906449475214,31.87364066823036,13.564511505548532,45.438152173778896,6.741801637299675,0.8254316338639961,6.579990259712901,1.2970215953652005
f4-stars-h0p4,co21,4.3,0.3671350330941746,31.08499952078832,13.388648244336277,44.473647765124596,6.6865532775325,0.8254383159038041,6.546133633879299,1.2691753040242557
f4-stars-h0p4,co21,4.325,0.4173282179069903,30.19461775526297,13.216562908347397,43.41118066361037,6.989279445922601,0.8314099237294629,6.4405658933593175,1.2328175033478117
f4-stars-h0p4,co21,4.3500000000000005,0.44977600458078193,29.162131728776647,13.055181686354198,42.217313415130846,7.4229926444955545,0.8315864956816671,6.252946836033441,1.2026957264895095
f4-stars-h0p4,co21,4.375,0.44057229210082927,28.134948572798294,12.906599480486395,41.041548053284686,7.59633492959713,0.8133609796755379,6.214122115819876,1.1896013901603106
f4-stars-h0p4,co21,4.4,0.4031419637308845,27.488613670963197,12.79779933781923,40.286413008782425,7.299969222935418,0.7858011464102019,6.497883364147272,1.1996717875174039
f4-stars-h0p4,co21,4.425,0.36557761686933204,27.586203858907066,12.758671723023113,40.34487558193018,6.569066447895261,0.768162955368549,6.876295357571438,1.2308816871077541
f4-stars-h0p4,co21,4.45,0.3329866193410396,28.451731523466332,12.793714037660884,41.24544556112721,5.701378532891749,0.771062030751411,7.129381997886325,1.270431987695078
f4-stars-h0p4,co21,4.4750000000000005,0.3093698275015482,29.346414719668562,12.850518434125314,42.19693315379388,5.192247088455473,0.7725923676016563,7.15009255139275,1.2945870309751528
f4-stars-h0p4,co21,4.5,0.28504234042849974,29.505385869428622,12.846961893701986,42.35234776313061,5.147934884893796,0.7637194212584594,7.186782346820671,1.301034034866801
f4-stars-h0p4,co21,4.525,0.2556177352712691,29.368213313521697,12.797022014126275,42.16523532764797,5.363442347159846,0.7556457559398836,7.269918107472426,1.2770112742045991
f4-stars-h0p4,co21,4.55,0.22729856992278308,29.225501614885648,12.71394711402011,41.93944872890576,5.721021138205222,0.7541745584291084,7.239788972303729,1.2085087447918248
f4-stars-h0p4,co21,4.575,0.21836533702487926,28.79415235157493,12.59075252495667,41.3849048765316,5.870243722610334,0.7642986199513467,6.811886981155581,1.08057043844174
f4-stars-h0p4,co21,4.6000000000000005,0.240180229397155,27.895070118218914,12.420025720736252,40.315095838955166,5.618100823377525,0.7611939352396522,6.003780333868447,0.9341718705197732
f4-stars-h0p4,co21,4.625,0.2865321957438494,27.094341615847352,12.260022935335613,39.35436455118297,5.222601777293235,0.7376842964597256,5.311707737791046,0.8461559724013431
f4-stars-h0p4,co21,4.65,0.338001516281105,26.696599000618903,12.143918815073677,38.84051781569258,5.123197915172669,0.7204549361622833,4.90475893781625,0.8153955581824615
f4-stars-h0p4,co21,4.675,0.3749407235436927,26.566095550314078,12.066616620238927,38.632712170553006,5.241339227279747,0.7246095708373028,4.6215788570891085,0.8065367552561046
f4-stars-h0p4,co21,4.7,0.3792090032267974,26.503425305336954,12.004658362947067,38.50808366828402,5.393729793374712,0.7422354563163539,4.32635990435395,0.7866513325173489
f4-stars-h0p4,co21,4.7250000000000005,0.36094623836357836,26.484484000315614,11.960683341756623,38.44516734207224,5.545724716434633,0.7684966700555723,4.028876845750007,0.7402174904199679
f4-stars-h0p4,co21,4.75,0.3209327301125029,26.40380647886687,11.903851056888222,38.30765753575509,5.756248111598461,0.796262995419087,3.7956935290244704,0.6793530497959387
f4-stars-h0p4,co21,4.775,0.2808157813673246,26.143002515906822,11.82491670530084,37.967919221207666,5.899170764442791,0.8165324692776806,3.5612701464989955,0.6168116134632687
f4-stars-h0p4,co21,4.800000000000001,0.24686337570221473,25.671089974089107,11.72740612895492,37.398496103044025,5.826253749172513,0.8238762010696495,3.2674042187057584,0.5774339858168388
f4-stars-h0p4,co21,4.825,0.21429599058707677,25.11238670676124,11.621878324285198,36.734265031046434,5.523844727746957,0.8134640248795724,3.225881556182244,0.6174398800471187
f4-stars-h0p4,co21,4.8500000000000005,0.19279104615236137,24.714516950963066,11.547719910230796,36.26223686119386,5.054014120926346,0.7854405458381248,3.675434662622612,0.7303773373569825
f4-stars-h0p4,co21,4.875,0.18279091891164428,24.55090752708162,11.50504867338423,36.05595620046585,4.663159632476081,0.7517203259551634,4.209265135860197,0.8324817730428911
f4-stars-h0p4,co21,4.9,0.18574459766586782,24.500765221117295,11.476335394463101,35.9771006155804,4.397543871102464,0.7232932489915356,4.532073893101023,0.8892335777322825
f4-stars-h0p4,co21,4.925000000000001,0.19397563047350114,24.33659329177976,11.412640609778363,35.74923390155812,4.281763772946039,0.7087810156104098,4.521067841211146,0.9016523369733691
f4-stars-h0p4,co21,4.95,0.20684330604463153,23.94775359463186,11.300471029180777,35.24822462381263,4.236726047828224,0.7028245773779177,4.282491283269312,0.8829631530561495
f4-stars-h0p4,co21,4.9750000000000005,0.22616337977367537,23.457037921216628,11.171261964688773,34.6282998859054,4.154004586050712,0.6944033981014799,3.9753819814521822,0.8512676983439861
f4-stars-h0p4,co21,5.0,0.24915988450653964,23.06421707430448,11.059683793562078,34.12390086786656,4.064668254869774,0.6838514143526503,3.7920480275932924,0.8295681777269598
f4-stars-h0p4,co21,5.025,0.27007414792744777,22.752248034455253,10.96085765914598,33.713105693601236,4.002636031332008,0.673683621324643,3.7340466812271442,0.8203477089725086
f4-stars-h0p4,co21,5.050000000000001,0.28280749712238934,22.464569644779402,10.866965629043335,33.33153527382274,3.9509270973343615,0.6647789399898001,3.67898341321841,0.8132698971914183
f4-stars-h0p4,co21,5.075,0.2866900326904447,22.168848681293028,10.773003718327283,32.94185239962031,3.889364598627112,0.6553836790093427,3.597928153720476,0.805294367909761
f4-stars-h0p4,co21,5.1000000000000005,0.284142341361845,21.870405142222385,10.680401327178378,32.55080646940076,3.8159704893582624,0.64594849195077,3.4959225224561314,0.7952132049324275
f4-stars-h0p4,co21,5.125,0.27730491471651253,21.572615551852692,10.589262843171257,32.16187839502395,3.7294915200505976,0.6360768331942235,3.38251233658556,0.7837291095079295
f4-stars-h0p4,co21,5.15,0.26781902331255847,21.2765756880968,10.49992939877044,31.77650508686724,3.632294785996794,0.6257893509014028,3.263472479561559,0.7711858054283991
f4-stars-h0p4,co21,5.175000000000001,0.2568779734000515,20.984370689659297,10.412599263776748,31.396969953436045,3.525581889253499,0.6152302997177943,3.1388204972979374,0.7571874653094139
f4-stars-h0p4,co21,5.2,0.24525874788370183,20.69977815822105,10.327696048557709,31.02747420677876,3.4117311440270948,0.60460756901778,3.013082596077353,0.7423388346003902
f4-stars-h0p4,co21,5.2250000000000005,0.2333628808885163,20.42355841138343,10.245238232165901,30.668796643549328,3.2956970429397328,0.5941329346606775,2.8892333933144823,0.7270103393669319
f4-stars-h0p4,co21,5.25,0.2213626818644474,20.155438960224718,10.16452605777905,30.319965018003767,3.17916145788589,0.5838212822704708,2.767094150718561,0.7109373310865856
f4-stars-h0p4,co21,5.275,0.20938116624678135,19.892915525854782,10.085229591348616,29.978145117203397,3.063221415689335,0.5734318965072385,2.6504343614843293,0.6949084765907247
f4-stars-h0p4,co21,5.300000000000001,0.19760955056038038,19.63628585323814,10.006994342723058,29.643280195961196,2.9490770111170006,0.5628877353824491,2.539496703338503,0.6789771548738408
f4-stars-h0p4,co21,5.325,0.18591650887413666,19.385125241255437,9.929620760817556,29.314746002072994,2.8381186930362787,0.5523336242796678,2.433250571504468,0.6629630317036104
f4-stars-h0p4,co21,5.3500000000000005,0.17450759070943384,19.13892961381411,9.853180438309147,28.99211005212326,2.7312035387374074,0.5417087346936222,2.333227406011957,0.6472911272233527
f4-stars-h0p4,co21,5.375,0.16349925116559783,18.899551773934135,9.777635292177454,28.67718706611159,2.6278672891205757,0.5310426350818731,2.238568651169645,0.6319318623990843
f4-stars-h0p4,co21,5.4,0.15291266281937682,18.66548179775011,9.703033109956444,28.368514907706555,2.5303321976058553,0.520537914157041,2.1482342557272913,0.6167722203983393
f4-stars-h0p4,co21,5.425000000000001,0.14270020036321907,18.437731600353246,9.629404899887822,28.06713650024107,2.436585874282823,0.5101247147555126,2.063355208524812,0.6020584489295135
f4-stars-h0p4,co21,5.45,0.13288266204616436,18.21457705338369,9.556482506535977,27.771059559919664,2.345981980069695,0.4997593252794233,1.9824787719161447,0.5876112499564994
f4-stars-h0p4,co21,5.4750000000000005,0.12357863834921834,17.99505327336241,9.484233724107357,27.479286997469764,2.258905537116127,0.4893847439705571,1.9053961347587796,0.573509930833923
f4-stars-h0p4,co21,5.5,0.11468100913697361,17.782060407257596,9.412911973478685,27.19497238073628,2.1756339872879136,0.479217671260108,1.8325504630851261,0.5597487209542472
f4-stars-h0p4,co21,5.525,0.10623698521256755,17.573991231955734,9.342588576238118,26.916579808193852,2.097499125669657,0.469353001290452,1.7634748336888046,0.5463728092804706
f4-stars-h0p4,co21,5.550000000000001,0.09822862279109706,17.370997963135416,9.273102519848708,26.644100482984122,2.0219246000629596,0.4594943369035974,1.6977686124967777,0.5333748822602403
f4-stars-h0p4,co21,5.575,0.09064552266422315,17.173275252203585,9.204611154206074,26.377886406409658,1.9499169885593237,0.44988339015411444,1.635608736735234,0.520715655347208
f4-stars-h0p4,co21,5.6000000000000005,0.08347184525397394,16.97987982468199,9.137031735018354,26.116911559700345,1.8813428785266684,0.4404051226093534,1.577191750234644,0.5085574835255868
f4-stars-h0p4,co21,5.625,0.0767147596210419,16.792717206635952,9.070494969428037,25.86321217606399,1.8160457155612808,0.43112147996352007,1.5224241892086143,0.49691281601558196
f4-stars-h0p4,co21,5.65,0.0703117348194445,16.608903282367454,9.004791938374854,25.613695220742308,1.753726781939099,0.4220176740818314,1.4705126927064034,0.4856749050516603
f4-stars-h0p4,co21,5.675000000000001,0.06422347346957853,16.42959460715708,8.939879544009143,25.369474151166223,1.69397051334574,0.4130578577713243,1.4209716805557933,0.47472102533506655
f4-stars-h0p4,co21,5.7,0.058429001408914806,16.254339169754537,8.875851953733509,25.130191123488046,1.6365487641737397,0.4042991213458924,1.373974308999663,0.46417309335256135
f4-stars-h0p4,co21,5.7250000000000005,0.05287626778197523,16.08174861303069,8.812478149989127,24.894226763019816,1.5815442673955888,0.39567631943853726,1.3280089407643592,0.45370503552324065
f4-stars-h0p4,co21,5.75,0.0475793967712118,15.91423768707137,8.750092039925878,24.66432972699725,1.528633185996637,0.3872473577345933,1.2844658341628628,0.4436403985125119
f4-stars-h0p4,co21,5.775,0.04245651445689078,15.749773128044549,8.688574776303307,24.438347904347857,1.4788286641414503,0.3791998944062315,1.241766939943165,0.43359016994737937
f4-stars-h0p4,co21,5.800000000000001,0.037478409374860217,15.590937483094079,8.628290856786306,24.219228339880384,1.4319407368431136,0.3715105559904928,1.2013313883069925,0.4239580747755634
f4-stars-h0p4,co21,5.825,0.03262528823724438,15.43735471994016,8.5693209995634,24.006675719503562,1.388468954107995,0.36440791612764034,1.1626324327549968,0.4146523695204066
f4-stars-h0p4,co21,5.8500000000000005,0.02790114748060226,15.287813472873003,8.511473865725971,23.799287338598972,1.3473014276072635,0.3575735651821171,1.1265389617316874,0.40591210323502713
f4-stars-h0p4,co21,5.875,0.023324051588290824,15.141851950335608,8.45440920439589,23.5962611547315,1.3072054965834337,0.3509491407752652,1.092328587140462,0.3975652107232956
f4-stars-h0p4,co21,5.9,0.01891096036672514,14.998072143454628,8.3980485495014,23.39612069295603,1.2687731832806015,0.3444679672855393,1.06046161123338,0.3897041339898786
f4-stars-h0p4,co21,5.925000000000001,0.01466643437826489,14.856656221369404,8.342157343257327,23.198813564626732,1.2305624047856007,0.33781456414520655,1.031018555855382,0.382463808094585
f4-stars-h0p4,co21,5.95,0.010507692379536348,14.718034276175194,8.28697576123251,23.005010037407704,1.1933493639891912,0.33118917513619717,1.00416791791717,0.3759426259829732
f4-stars-h0p4,co21,5.9750000000000005,0.006347904131028068,14.583980209907555,8.23294440625562,22.816924616163174,1.1591782015239227,0.32486350936987335,0.980713802004052,0.3703532637038812
f4-stars-h0p4,co21,6.0,0.002100326298309882,14.463743207831428,8.18215202390509,22.645895231736517,1.13584447330031,0.32111048108773976,0.9648905540790181,0.3670305325424289
f4-stars-h0p4,total,0.05,0.0006360803359544769,1024.257617682736,47.37518570531836,1071.6328033880545,6.225677057254964,2.4106267723264017,43.283535623612075,30.969772507439142
f4-stars-h0p4,total,0.07500000000000001,0.4588903190800062,1304.950262839115,57.36146334160538,1362.3117261807206,198.41156507450847,8.963700993499637,204.57351287733087,21.19339382415249
f4-stars-h0p4,total,0.1,2.094688421534939,1201.447166654163,83.00618820570648,1284.4533548598695,334.37894360203455,16.53013138348628,338.4393203974949,31.392418745327532
f4-stars-h0p4,total,0.125,3.865848533688738,1048.312793295022,110.45083225091732,1158.7636255459392,476.0678000981454,26.814666942762493,460.48300498502624,40.47799416597357
f4-stars-h0p4,total,0.15000000000000002,5.9581745446188705,1008.7199636427961,146.8881669814475,1155.6081306242436,646.7393794012925,42.43653261085065,595.110133064477,48.370199975045225
f4-stars-h0p4,total,0.17500000000000002,7.866329236173535,1028.9031401826649,183.82781661561754,1212.7309567982825,737.0083923884584,51.95059226043894,713.071661830232,55.0836516183223
f4-stars-h0p4,total,0.2,9.163960930948774,1094.8821443395623,219.3016745168298,1314.183818856392,740.5637819645931,57.88837892144768,800.9040086530466,60.932738652886194
f4-stars-h0p4,total,0.225,9.766231609762228,1212.5901578559542,251.9363209690067,1464.5264788249608,691.0048879516904,62.46642079638208,848.40704758517,65.86758954863801
f4-stars-h0p4,total,0.25,9.660969029941546,1368.0473051222261,280.0033550625267,1648.0506601847528,637.5373953848958,67.6157370929477,845.0330451441041,70.05478021022451
f4-stars-h0p4,total,0.275,8.92802598848366,1549.1609466404734,302.4756237629533,1851.6365704034267,640.4285203696162,73.20266572703208,784.2606207603562,74.31556849769851
f4-stars-h0p4,total,0.30000000000000004,7.889975485638246,1717.3109564683625,317.80331918370257,2035.114275652065,697.8938642628617,78.25031523778968,691.6442859428541,78.94672522570653
f4-stars-h0p4,total,0.325,6.99590951853471,1843.7863236481437,326.1871208901395,2169.9734445382833,753.3948202310798,79.18529578200197,647.0462819940651,85.59206183754412
f4-stars-h0p4,total,0.35000000000000003,6.715499746648848,1934.5067277831392,332.6451470507236,2267.151874833863,742.508489982043,73.69138512357739,744.5703774393717,95.3356953102585
f4-stars-h0p4,total,0.375,6.868056236852643,1996.1674184808562,344.45453195209376,2340.62195043295,673.1755763320413,67.92383028158488,899.0748925714641,105.10612324633382
f4-stars-h0p4,total,0.4,7.152240153944777,2042.4932448108968,362.3667071551215,2404.8599519660183,617.6561333088375,69.93221948082187,1016.7834043851453,111.84234394773459
f4-stars-h0p4,total,0.42500000000000004,7.232023535188846,2061.2301883894156,378.6130798909717,2439.8432682803873,627.5931449389744,75.26904436429214,1107.967641576622,116.29248972498212
f4-stars-h0p4,total,0.45,7.113979592560808,2072.7724429147424,392.5285704479397,2465.301013362682,720.1473192825712,83.48632795730212,1175.6328143218357,118.23169697502715
f4-stars-h0p4,total,0.47500000000000003,7.019522427963921,2080.959711221746,403.8576963899757,2484.817407611722,840.2066071479533,92.68390315183356,1208.1951706112995,117.65915790575056
f4-stars-h0p4,total,0.5,6.872574167971091,2105.862230387206,416.68046809025395,2522.5426984774604,948.4846296461762,100.90554108020605,1222.0330503165558,117.01072600312088
f4-stars-h0p4,total,0.525,6.675986047080754,2135.2756788077227,431.4060811909722,2566.681759998695,1041.0697143773084,107.88224769855478,1235.0155813148212,116.9579770210607
f4-stars-h0p4,total,0.55,6.667596096942934,2200.4016964981834,451.21484780353705,2651.6165443017203,1167.1262795969649,116.99791264543633,1237.924459562233,117.06887221890472
f4-stars-h0p4,total,0.5750000000000001,6.872236989869724,2282.4464593353377,472.29109555612513,2754.737554891463,1310.4882261293862,126.78897907458877,1226.7247302051937,117.15956259041974
f4-stars-h0p4,total,0.6000000000000001,7.284292636245971,2389.1846008142775,492.11144740500885,2881.296048219286,1442.6242062152862,135.62307849551024,1215.9581397473614,118.70774131523714
f4-stars-h0p4,total,0.625,7.697018078612889,2496.5430902276944,507.4332018354732,3003.9762920631674,1517.2143704350278,140.46675450081673,1226.5627998577957,124.22337689325043
f4-stars-h0p4,total,0.65,7.945461603577614,2607.5323746282934,519.5953704355684,3127.1277450638618,1519.5672979167427,139.61202676078574,1280.5054276481467,135.93200735740402
f4-stars-h0p4,total,0.675,7.995415128871488,2719.485425563655,530.4725073936664,3249.9579329573216,1454.5218902193596,133.89764493746915,1383.0088022092355,151.67874272617294
f4-stars-h0p4,total,0.7000000000000001,7.859977177289059,2800.4420916797835,538.1480215663379,3338.5901132461213,1333.910589751957,124.91213077855922,1512.2125133364034,167.3544354084711
f4-stars-h0p4,total,0.7250000000000001,7.636349595023047,2832.7225449531106,541.3547035759467,3374.077248529057,1208.1205078895396,115.06186798964546,1623.7634039251159,179.490433779899
f4-stars-h0p4,total,0.75,7.3214790457058525,2851.879305839553,544.0275573913907,3395.9068632309436,1133.8869967353764,107.12574582108978,1683.3479118824057,186.6850691838537
f4-stars-h0p4,total,0.775,7.312533646447179,2914.296442143124,555.611252429293,3469.907694572417,1105.3116299310705,106.67333567896183,1668.278486288806,186.62211587995773
f4-stars-h0p4,total,0.8,7.645386643452507,2999.9873364363953,574.4578381866968,3574.445174623092,1054.8191732653281,109.78482180803024,1601.4695883948098,181.22980662256504
f4-stars-h0p4,total,0.8250000000000001,7.9586540148087295,3054.5339556848467,591.4459723674239,3645.9799280522707,965.1920948716601,110.03628967712191,1525.199782544508,174.45339426903294
f4-stars-h0p4,total,0.8500000000000001,8.08462334068085,3070.6741696057625,603.9372462316879,3674.6114158374503,863.7459209229485,106.97119598838376,1461.0669198320663,168.6919614520815
f4-stars-h0p4,total,0.875,7.985773071165299,3076.6669764142657,614.8965837936128,3691.5635602078783,770.5202326299293,101.69511638246927,1429.0763359000593,166.3826067859417
f4-stars-h0p4,total,0.9,7.8132626114018615,3070.9897588146273,624.6837324337539,3695.673491248381,689.5162573435289,95.51449909569203,1439.8194292493417,168.3512496263222
f4-stars-h0p4,total,0.925,7.774106598535367,3060.484071261152,634.3776021639278,3694.86167342508,630.7009813660964,89.58707105286038,1501.1528449301768,174.70081155063374
f4-stars-h0p4,total,0.9500000000000001,7.9881826613916385,3059.404027186713,644.1052757509032,3703.509302937616,596.8983650959041,84.8757418293363,1596.3969683000191,183.0068080760278
f4-stars-h0p4,total,0.9750000000000001,8.459018746832431,3043.7743381491646,652.0731601167389,3695.8474982659036,622.4598349640761,82.67732789136927,1695.6650900967993,188.9721961753886
f4-stars-h0p4,total,1.0,9.201848054291524,3005.8087004558547,657.441092447074,3663.2497929029287,689.7761659619266,82.42356012251828,1773.539595951153,190.11513339485853
f4-stars-h0p4,total,1.0250000000000001,9.892936349544751,3014.014621948191,662.3191472341291,3676.33376918232,686.8929451351698,80.89668926092199,1832.258731286514,188.67165052850518
f4-stars-h0p4,total,1.05,10.388310570289676,3073.8383207897505,666.7411052099666,3740.579425999717,624.9974993611295,78.06253693576795,1857.655531526345,185.4948287252693
f4-stars-h0p4,total,1.075,10.60574664954105,3154.5684356615106,670.2351160966845,3824.803551758195,543.6111184486149,74.50426732387777,1856.6102625995848,181.29126540148602
f4-stars-h0p4,total,1.1,10.517726043552798,3239.3567172796297,673.1807468478098,3912.5374641274393,479.0019856895961,70.30919636961772,1832.9586070176465,176.8400629128632
f4-stars-h0p4,total,1.125,10.160771204977573,3322.0430147470024,676.7840212637216,3998.827036010724,468.2778257174898,65.3797574412569,1781.8474152516699,172.8961872216458
f4-stars-h0p4,total,1.1500000000000001,9.759242803979584,3377.1660896266603,680.3198749285339,4057.485964555194,520.1931999457453,60.23106051019887,1708.0747097517656,169.4767871411605
f4-stars-h0p4,total,1.175,9.410152328842146,3390.367325980733,683.0456402559952,4073.412966236728,587.0575932776832,55.392410058397516,1625.237937542476,166.92352711223302
f4-stars-h0p4,total,1.2000000000000002,9.123188463830225,3360.6913141658965,684.9717159004509,4045.6630300663473,623.2680848680635,51.16085853992904,1546.9230196912672,165.21404107136323
f4-stars-h0p4,total,1.225,9.224011927829423,3278.209736211119,684.2286020182398,3962.438338229359,650.7885068168739,49.056066985799454,1472.8520162938885,162.57899374743621
f4-stars-h0p4,total,1.25,9.541200031586914,3205.6929412797786,683.8904510504001,3889.583392330179,687.073226550658,47.88277434955318,1417.5276369742403,158.81021249404034
f4-stars-h0p4,total,1.2750000000000001,9.96886355181308,3160.216228761,684.7866965787046,3845.0029253397042,751.774414844333,47.41149190630544,1370.7936402590635,154.98958073327788
f4-stars-h0p4,total,1.3,10.280620751465381,3152.3040001931818,687.0495585252165,3839.3535587183983,817.6990076827146,46.87053417266404,1337.7776746837883,151.9031777779903
f4-stars-h0p4,total,1.3250000000000002,10.383167193044553,3152.4392638499025,689.283789684663,3841.7230535345657,867.3249707988698,46.36722528178481,1319.1427702736482,148.7801417467312
f4-stars-h0p4,total,1.35,10.224674115599186,3135.388426049421,690.4509941639762,3825.8394202133973,889.2636676365119,45.89575113054105,1306.2459397699522,145.0971412586771
f4-stars-h0p4,total,1.375,9.806610226474474,3099.73176460383,690.2687790283601,3790.00054363219,885.4490893993584,45.414232963050985,1293.9724040933029,140.84482436201037
f4-stars-h0p4,total,1.4000000000000001,9.188461852243154,3068.0237207294044,689.8811372137147,3757.904857943119,866.410932119817,45.05438514040133,1292.2766530296685,137.0590661326217
f4-stars-h0p4,total,1.425,8.579853582921256,3050.366460817754,690.0777756814011,3740.4442364991555,846.160177288679,45.02429102987626,1298.0780089653617,134.1641890206981
f4-stars-h0p4,total,1.4500000000000002,8.161746014571438,3055.5911824384702,691.2355386481747,3746.826721086645,832.421269319241,45.029694342148,1305.67235396671,132.74874896973697
f4-stars-h0p4,total,1.475,7.860427384028077,3086.486303211091,693.3479339519871,3779.8342371630783,826.4053993049038,44.52181248001996,1306.6447984987535,132.10843110722868
f4-stars-h0p4,total,1.5,7.47362481840771,3136.617992508626,695.9050012709902,3832.5229937796157,826.0539972863921,43.293787831621216,1297.7663365996548,130.91928214380874
f4-stars-h0p4,total,1.5250000000000001,6.950297841438125,3196.368582809189,698.2707825691367,3894.6393653783257,834.1980278217688,41.40158706501129,1274.7828197415492,129.13644484708675
f4-stars-h0p4,total,1.55,6.38006703550111,3238.000373205614,699.4992898696296,3937.4996630752435,864.2106753786787,39.45698079578125,1224.8612766923561,126.56250847398036
f4-stars-h0p4,total,1.5750000000000002,5.822296579871866,3228.507944860062,698.4536439206147,3926.9615887806767,903.3784286798937,38.825588644483936,1157.5597518670597,123.92282672791751
f4-stars-h0p4,total,1.6,5.427685413123321,3156.7557461616175,694.5843923581738,3851.3401385197913,892.0304871534581,39.793340646954775,1118.2168014168815,122.12623162686931
f4-stars-h0p4,total,1.625,5.185310775089372,3082.2775178443844,689.78400180192,3772.0615196463045,790.621329284632,40.99582452320381,1140.985221293434,121.17145365908335
f4-stars-h0p4,total,1.6500000000000001,4.9931889565632925,3059.0259051332027,686.5895135012154,3745.6154186344183,719.2496047730177,42.055397861054594,1151.3383025354249,120.73236133066773
f4-stars-h0p4,total,1.675,4.856632449868544,3048.980549883061,684.1040453039187,3733.0845951869796,749.3865804336106,42.52496072537961,1113.3062764885362,120.42663748421367
f4-stars-h0p4,total,1.7000000000000002,4.722618553798091,3015.371888983854,681.6084280272166,3696.980317011071,758.9518925853284,42.343931276198894,1037.4765510346685,119.53129743697954
f4-stars-h0p4,total,1.725,4.509524683824969,2956.2271626924326,678.8519683128035,3635.079131005236,708.9315774186975,42.35494588492149,957.4450673173432,117.25117512516023
f4-stars-h0p4,total,1.75,4.227897792626177,2893.3610022607754,676.1187656693564,3569.479767930132,663.7916262749827,43.41082564105234,885.0829401397935,113.51912881298371
f4-stars-h0p4,total,1.7750000000000001,3.8596018785096335,2824.3038651761635,672.4037963954187,3496.7076615715823,642.4420952645812,44.86542656846825,819.1576032530102,108.87954623014019
f4-stars-h0p4,total,1.8,3.4397668481770856,2742.4220655974614,667.0367308408026,3409.458796438264,632.7431272829532,45.95503069250426,759.5234679072951,103.97761442487106
f4-stars-h0p4,total,1.8250000000000002,3.061083764016714,2644.154903429385,659.7966291011505,3303.9515325305356,615.4985613678828,45.782677448910356,710.3412309665543,100.04292858173794
f4-stars-h0p4,total,1.85,2.9144471067938857,2552.661227739842,652.5792063477971,3205.240434087639,584.0999442996921,44.26767260710618,663.9392758241735,96.81191034796261
f4-stars-h0p4,total,1.875,3.004521602335219,2468.869802361539,645.971949561001,3114.84175192254,544.3014115091985,42.73002236491857,618.9983716984948,94.6317706255419
f4-stars-h0p4,total,1.9000000000000001,3.2114987811802957,2393.8270976453946,639.3265811156023,3033.1536787609966,508.52671382415986,41.78728089372669,578.3479020811703,92.91972201966338
f4-stars-h0p4,total,1.925,3.3708800030167416,2328.3012594606157,632.5141514183025,2960.815410878918,482.3685405655043,41.63407309249763,542.4504675952912,90.95665929216688
f4-stars-h0p4,total,1.9500000000000002,3.3859334480961296,2280.5710101386926,626.6665539439053,2907.237564082598,468.00082944842,42.22940827753238,512.5622955037453,88.672307903744
f4-stars-h0p4,total,1.975,3.280765159559952,2250.164800907577,622.3929103164205,2872.5577112239976,459.94832890308385,43.25660465929265,490.77482581727475,86.48674581871926
f4-stars-h0p4,total,2.0,3.1384264094406014,2225.983337956399,619.0885791016495,2845.0719170580483,450.03457298896143,44.219997846467464,475.58028288049144,84.58305068658132
f4-stars-h0p4,total,2.025,2.9849162544082697,2198.0006244863775,615.5650390833459,2813.5656635697233,434.29995032417236,44.67144257174749,465.47699090355417,83.36337494698736
f4-stars-h0p4,total,2.0500000000000003,2.815411775454132,2167.244274486239,611.3971630589604,2778.6414375451996,415.2740800217232,44.635649165128434,458.7498666742572,82.95706973400284
f4-stars-h0p4,total,2.075,2.67247909045017,2133.0120365343596,606.3946113498596,2739.406647884219,400.49576991870646,44.793327108212004,451.9399825756607,82.63197192654103
f4-stars-h0p4,total,2.1,2.563302878924432,2089.818073089126,600.1187076706249,2689.936780759751,398.08310620921134,45.88557760612301,438.37220725075804,81.0518931701665
f4-stars-h0p4,total,2.125,2.4703728677373196,2031.7888573517982,591.9338369550283,2623.7226943068263,408.0521225390386,48.050385112745566,414.9708786912928,77.42008440870266
f4-stars-h0p4,total,2.15,2.3694104217332423,1970.187490208076,583.2964774321412,2553.483967640217,416.6847317398499,49.828596266782135,385.0810780822173,72.61657407872616
f4-stars-h0p4,total,2.1750000000000003,2.2874190856290877,1910.456120967205,575.1553355154851,2485.6114564826903,414.3100834818246,50.18454417915382,354.59427836712507,68.24907341505843
f4-stars-h0p4,total,2.2,2.234319316063811,1861.139552715168,568.4188772844058,2429.558429999574,401.46699250047436,49.206492754300335,331.2376127304632,65.55443351981228
f4-stars-h0p4,total,2.225,2.1922358115255203,1829.825196971971,563.7212163002362,2393.5464132722072,382.98344912601283,47.43577573355607,315.8713879404325,63.957799468968936
f4-stars-h0p4,total,2.25,2.128792776333333,1815.3329253214224,560.7208531408354,2376.053778462258,366.77852080495774,45.468778606682015,303.50208830224733,62.27108202427046
f4-stars-h0p4,total,2.275,2.003961169975118,1799.1634211967694,557.2161180062743,2356.379539203044,356.7894961198555,43.88774926828172,293.40274424809525,60.958599654724274
f4-stars-h0p4,total,2.3000000000000003,1.858576428650593,1768.8778776357267,551.9700295540704,2320.8479071897973,350.3657191005521,43.06735539881468,284.2434880712101,60.09993448389998
f4-stars-h0p4,total,2.325,1.6898342629254381,1724.6526829034726,545.2275852609414,2269.880268164414,340.9220104210682,42.71917510116607,277.63499968639707,59.65787176735522
f4-stars-h0p4,total,2.35,1.5721768963322602,1682.6932957309407,538.7762339364672,2221.469529667408,331.6350775750218,43.103080733463585,273.26115902860187,59.02166751040973
f4-stars-h0p4,total,2.375,1.5416197458259386,1654.6206920214906,533.757843405489,2188.3785354269794,329.68347145143,43.940550090910165,272.05373369755495,58.17062322306528
f4-stars-h0p4,total,2.4000000000000004,1.5390939643445745,1616.040388688502,527.5681350804866,2143.6085237689886,324.6827356748798,44.04739301610312,266.93631593560514,56.66640576455691
f4-stars-h0p4,total,2.4250000000000003,1.5345159920200138,1559.821770830744,519.598750918178,2079.420521748922,313.5260019111781,43.50447406151574,256.9206269684414,54.53458871595031
f4-stars-h0p4,total,2.45,1.5742849377403583,1493.9370351171503,510.7553145874955,2004.692349704646,289.50876270375306,42.094778161780404,242.7878479267773,52.353212285993315
f4-stars-h0p4,total,2.475,1.659593047722323,1443.375517517585,503.216984519139,1946.592502036724,265.60565041891743,40.8712491311841,225.2114596217892,50.07868963198455
f4-stars-h0p4,total,2.5,1.7359103029592078,1420.1031349044922,498.05836091862335,1918.1614958231155,256.2571569751808,40.447417760849596,206.20102408199406,47.498921733052256
f4-stars-h0p4,total,2.5250000000000004,1.7259569669884602,1411.1582492677696,494.37128425244015,1905.5295335202097,256.23719575074875,40.53605425716359,188.3031563504515,44.7086793140507
f4-stars-h0p4,total,2.5500000000000003,1.605732090676882,1395.062157275415,489.8957533629008,1884.9579106383158,251.6104583793888,39.64345340367025,171.77184556379405,41.80853739496261
f4-stars-h0p4,total,2.575,1.4536269827021133,1369.6094106548348,484.9583376240477,1854.5677482788826,240.16883753521333,37.583258503381124,156.4260261180478,38.451911922391155
f4-stars-h0p4,total,2.6,1.3513080774690036,1338.0736657056602,480.1035811704953,1818.1772468761556,224.5571460980824,34.924977014455315,142.0104350112636,34.816886290668556
f4-stars-h0p4,total,2.625,1.3077762055726865,1303.9041980189688,474.9206445311545,1778.8248425501233,209.22163196131999,32.5909110170807,134.17359915273727,32.62234193269887
f4-stars-h0p4,total,2.6500000000000004,1.2866817210906087,1273.072906324612,469.5978116981962,1742.6707180228082,197.95018697375718,30.789441820484274,136.37917124478784,33.11340560597442
f4-stars-h0p4,total,2.6750000000000003,1.2771571301149338,1245.042777435245,464.09455378195645,1709.1373312172013,186.29171262563958,29.057528882117136,146.22305158652983,35.49461467504331
f4-stars-h0p4,total,2.7,1.2473766562241309,1221.3312966562046,458.70352350151177,1680.0348201577162,170.5697856941366,26.963985254522907,158.36782659243528,38.4905450694967
f4-stars-h0p4,total,2.725,1.2156951235643318,1213.0685485935526,455.545966636722,1668.6145152302747,157.66851202089683,26.01190777066287,166.59228727807377,40.72560296926358
f4-stars-h0p4,total,2.75,1.1907134349097033,1213.8435423885064,454.13745718477594,1667.9809995732824,148.71128540828954,25.683860160682567,168.28783630175135,41.78578037357389
f4-stars-h0p4,total,2.7750000000000004,1.1651437203311348,1214.2576191139735,453.3418855247725,1667.599504638746,145.2208840583193,25.62441440998124,164.50893006242185,41.60438028568882
f4-stars-h0p4,total,2.8000000000000003,1.1063113987292412,1208.226464367928,451.7454740678419,1659.97193843577,142.5413106058678,25.527704928303418,160.24686060769605,40.97832544775207
f4-stars-h0p4,total,2.825,1.0223453378129923,1196.9742800557208,449.1241329077306,1646.0984129634514,139.1550947323972,25.353762121936963,157.75426865611666,40.588687221667264
f4-stars-h0p4,total,2.85,0.9549753548787192,1182.8187515261202,445.80155231917126,1628.6203038452913,135.29667702604414,25.051330420049652,157.70545587412454,40.674240999498586
f4-stars-h0p4,total,2.875,0.9213816545708569,1163.6629140188718,441.7464269482102,1605.409340967082,131.61589617761507,24.54212878743485,160.5611919946551,41.25183587934961
f4-stars-h0p4,total,2.9000000000000004,0.9214687230179535,1137.871741340702,436.7104695403008,1574.582210881003,130.7650893340947,24.42934587718105,163.46752730872848,41.45233693671729
f4-stars-h0p4,total,2.9250000000000003,0.9477032139410437,1105.1770132294357,430.6844949968606,1535.8615082262963,134.204500251127,24.93804093948325,162.932505433397,40.44508952304804
f4-stars-h0p4,total,2.95,0.9818139689549645,1069.2518252371628,424.2881323852983,1493.539957622461,142.8549266493442,25.52474643980851,159.1164191192671,38.197493203252385
f4-stars-h0p4,total,2.975,1.0331852701083937,1040.3965288488948,418.87206804013414,1459.268596889029,155.24999100289435,26.17295590815355,154.13253333430856,34.95022040366491
f4-stars-h0p4,total,3.0,1.0786441320645102,1019.6025881057833,414.02625272966566,1433.628840835449,155.0104469083671,26.032542241424682,150.98209357279265,31.662447132644314
f4-stars-h0p4,total,3.0250000000000004,1.0763069101037825,1008.5684862007093,409.8217423973278,1418.390228598037,139.03441552371194,25.42805869209186,148.02210781782554,28.97643904347081
f4-stars-h0p4,total,3.0500000000000003,1.0127178204216736,1004.8907649242728,406.454782664454,1411.3455475887267,123.90793203898984,24.87123334110376,141.51487699436478,27.038292056259362
f4-stars-h0p4,total,3.075,0.9183329947366132,1001.7609825465873,404.0184044838603,1405.7793870304477,125.70365030969096,24.68258518749819,130.31618773692728,25.87347572276915
f4-stars-h0p4,total,3.1,0.8224765605736302,991.5610409991248,402.21931424782207,1393.7803552469468,134.99405626605224,25.188820093205823,116.84610499821663,24.922267441082347
f4-stars-h0p4,total,3.125,0.7224761987400453,968.9310696753216,399.82028461663793,1368.7513542919596,140.10061598331072,26.168475024366348,106.71500200260215,23.604416918321945
f4-stars-h0p4,total,3.1500000000000004,0.6334875167116292,942.3559731573047,397.1657131101589,1339.5216862674636,146.7022703271312,27.580885238526072,106.02056328316202,22.295674783748666
f4-stars-h0p4,total,3.1750000000000003,0.5811259020293066,914.2213583932597,393.55981544495796,1307.7811738382177,149.21365690505365,28.17412204493252,116.74407349233783,21.689266397307467
f4-stars-h0p4,total,3.2,0.5604276061560974,888.418069262666,388.6500426231558,1277.0681118858217,150.11856834625897,27.40667054481234,129.71125605707897,21.408188012017728
f4-stars-h0p4,total,3.225,0.551334748545271,876.8434925006841,384.0701525419977,1260.9136450426818,154.34489738691954,26.187209855897777,137.95616522630328,21.129840515156552
f4-stars-h0p4,total,3.25,0.5190253646672758,876.3219356581479,379.9681077965717,1256.2900434547196,151.71983095627786,24.628490961781296,132.55135872713447,20.942377552911797
f4-stars-h0p4,total,3.2750000000000004,0.4748305481623948,871.9443784417286,376.3958196538302,1248.340198095559,146.5263277952944,22.679153421333652,119.08108667156516,21.226496118559375
f4-stars-h0p4,total,3.3000000000000003,0.46553583929322023,868.7898629881499,373.4749477895271,1242.264810777677,130.22502310404062,20.75579741891764,128.91317779868305,22.82466478262827
f4-stars-h0p4,total,3.325,0.5235015892868091,864.641787125541,370.09388206950257,1234.7356691950436,104.9916441646262,19.42093450300942,142.29163361868137,24.34081194491731
f4-stars-h0p4,total,3.35,0.6504065780278496,858.6417109296103,366.9633528856414,1225.6050638152517,96.9772719685391,19.21871313213882,147.7664659303757,24.821032493124413
f4-stars-h0p4,total,3.375,0.764031905831669,855.0283247953412,364.2877521029123,1219.3160768982534,96.51464784944945,19.44652089713083,150.56314966305123,24.735182660457255
f4-stars-h0p4,total,3.4000000000000004,0.8070583485545412,852.9628995303945,361.6910986425509,1214.6539981729454,97.63047631964109,19.55542038981368,151.24716035745018,24.336365272619535
f4-stars-h0p4,total,3.4250000000000003,0.7750565135059634,851.8534693677519,359.2949569919833,1211.1484263597354,101.81514420110597,19.544489017362743,147.43786583828975,23.939702156080845
f4-stars-h0p4,total,3.45,0.7056045203933125,846.3088954637338,356.64078360421945,1202.9496790679532,103.11949315475997,19.032708737024414,135.47166854251248,23.274471667310202
f4-stars-h0p4,total,3.475,0.6453426659295143,838.018582163945,354.52471817713115,1192.5433003410762,100.34797750763775,18.307168414759367,115.15082036085022,22.478877245247876
f4-stars-h0p4,total,3.5,0.6066872796946775,830.2786213884458,352.851063212945,1183.1296846013909,99.1557706045056,17.753085962731266,97.2229333330428,21.313517405366163
f4-stars-h0p4,total,3.5250000000000004,0.5532073490815479,823.6472367724981,351.3701045183118,1175.0173412908098,99.99883651180537,17.430576485313527,88.07505336902503,20.318374971712732
f4-stars-h0p4,total,3.5500000000000003,0.47658537845678217,813.9180059382759,349.1596152921487,1163.0776212304245,99.15428944741993,17.107577895981905,81.81589359486335,19.34125518734508
f4-stars-h0p4,total,3.575,0.39142060589942707,800.3128279548871,346.14061099118265,1146.4534389460698,92.42120738961805,16.74150448210202,75.38669514083877,18.34678538283546
f4-stars-h0p4,total,3.6,0.3256606234685844,783.4858857303504,342.34623189057027,1125.8321176209206,77.45296842727494,16.298577228396834,67.74744708092655,17.13939009421403
f4-stars-h0p4,total,3.625,0.30274598798385016,764.1975256121804,337.9218738286743,1102.1193994408545,75.30199856860474,15.899932130450077,62.77507010450267,15.731547664387234
f4-stars-h0p4,total,3.6500000000000004,0.3068530231489259,745.286283814396,333.6463414871556,1078.9326253015515,75.16253828121056,15.09244835852835,62.799112822081185,14.895408128672958
f4-stars-h0p4,total,3.6750000000000003,0.3234145413252334,731.8962097286269,330.41597557926605,1062.3121853078928,75.87113103055171,14.481301651216953,70.35297620635663,15.280239331524202
f4-stars-h0p4,total,3.7,0.33593423871095146,726.6403167221297,328.4600340420699,1055.1003507641994,80.23922592599861,14.689073963696098,83.39143551781062,16.72848281112666
f4-stars-h0p4,total,3.725,0.3420536938288925,729.4695090361085,327.73725536530713,1057.2067644014157,84.73703219205971,15.548727624920025,93.58292473964259,18.249877359415947
f4-stars-h0p4,total,3.75,0.344227761895033,734.3725020906941,327.2468423268592,1061.6193444175533,86.91500066257028,16.26119367698353,98.28733140074893,19.32931437525206
f4-stars-h0p4,total,3.7750000000000004,0.34277544268630467,737.1949138622226,326.1912691238734,1063.386182986096,87.02494208613847,16.374346740498495,96.66741035462645,19.69570408551717
f4-stars-h0p4,total,3.8000000000000003,0.33092314522857097,735.6125142655117,324.49645828681776,1060.1089725523293,86.77782008802698,16.267735615869018,91.32323538850969,19.547297430384955
f4-stars-h0p4,total,3.825,0.328327239433138,730.4906107492156,322.2163537888363,1052.706964538052,86.94241662743015,16.369268099875942,83.57679111529771,18.881336049085036
f4-stars-h0p4,total,3.85,0.3373037403402493,721.0999418262435,319.4326306933345,1040.532572519578,86.2337689184158,16.574923696610455,76.37484259201753,18.045475403805717
f4-stars-h0p4,total,3.875,0.3477856032964347,711.6727672594573,316.6352406470202,1028.3080079064775,85.22130755694012,16.443756370246852,74.48682086247501,17.40502035472914
f4-stars-h0p4,total,3.9000000000000004,0.349045172551721,701.7097330979801,313.5434292176134,1015.2531623155935,81.96446758914682,15.904902154339174,70.7323139829634,16.8740686219998
f4-stars-h0p4,total,3.9250000000000003,0.34283955402395916,690.4362494436231,310.2620510410098,1000.6983004846329,77.45538025838354,15.089823074303034,64.69369194722931,16.20014382173316
f4-stars-h0p4,total,3.95,0.3382630615294347,680.9206275596616,307.5423530598716,988.4629806195333,72.30207416723593,14.24245132315071,58.238109604874886,15.256273010039365
f4-stars-h0p4,total,3.975,0.34831739889314783,678.4933815365571,306.67147154677997,985.164853083337,70.0293512678651,14.051160143415354,56.275111544608016,14.313667668430213
f4-stars-h0p4,total,4.0,0.3506912949995933,678.9264815331425,306.4212131591332,985.3476946922756,70.91640550194751,13.969410991905825,55.69868922817752,13.714818918315816
f4-stars-h0p4,total,4.025,0.33489610288310523,677.3856903954787,305.667462404379,983.0531527998578,72.30439868866272,13.940225576233587,54.81843455726422,13.358347954027746
f4-stars-h0p4,total,4.05,0.3083691966757841,672.1872814191664,304.0603145566699,976.2475959758362,73.0986189896172,13.974888439538754,55.20254574546966,13.13529313581609
f4-stars-h0p4,total,4.075,0.2809408653048079,662.749741219988,301.7576590726405,964.5074002926285,73.52236892417096,14.105586140007816,58.32075370972674,13.092312456497366
f4-stars-h0p4,total,4.1000000000000005,0.26958468012682024,647.8129025596608,298.5157623128526,946.3286648725134,70.25128501417657,14.060117622066867,59.18008317688594,13.189202301075783
f4-stars-h0p4,total,4.125,0.28754728612079183,635.5932236157297,295.319438387777,930.9126620035067,67.44476616731681,14.02874888434077,57.30654142457251,13.290637049681619
f4-stars-h0p4,total,4.15,0.30860747851536535,625.6677211340009,292.32352973515884,917.9912508691598,62.976327842526636,13.527659997804635,54.70555785347743,13.576958053713502
f4-stars-h0p4,total,4.175,0.32378570499784265,618.6515891010172,289.78576992031645,908.4373590213336,58.814982001858745,12.747412261509805,52.657088477031785,13.821357601784328
f4-stars-h0p4,total,4.2,0.32209823148079136,613.568998934037,287.6759769070816,901.2449758411186,57.44796517763903,12.26176415139189,51.181331589257965,13.813550401466948
f4-stars-h0p4,total,4.2250000000000005,0.308687515260911,606.9734011672904,285.47271870511105,892.4461198724014,60.4664530452667,12.507015717882227,49.54269859637866,13.34489725082615
f4-stars-h0p4,total,4.25,0.3049258867313791,595.010749666993,282.4321972192687,877.4429468862617,66.45797185872064,13.083763250825593,46.42643820204622,12.228919929724576
f4-stars-h0p4,total,4.275,0.3236906449475214,581.0014196784416,278.957217901474,859.9586375799156,72.65668233217846,13.307511966830921,44.5141299182231,10.881485079779948
f4-stars-h0p4,total,4.3,0.3671350330941746,570.021780739604,275.9531188156481,845.974899555252,74.34168139906862,12.78813180106724,47.067757864205305,9.825679317533517
f4-stars-h0p4,total,4.325,0.4173282179069903,563.3111221093297,273.7655191230611,837.0766412323908,69.4784897056225,11.964748460437466,54.12306331240331,9.225714707161739
f4-stars-h0p4,total,4.3500000000000005,0.44977600458078193,560.9485721947694,272.1683211306976,833.1168933254671,57.44492016135441,11.202019839970662,61.54766871861726,8.935896681492714
f4-stars-h0p4,total,4.375,0.44057229210082927,561.1261782140903,270.8454217514297,831.97159996552,45.55327406302396,10.551157184756246,65.70529832684446,8.708826855507859
f4-stars-h0p4,total,4.4,0.4031419637308845,562.3907807420394,269.5960586144718,831.9868393565112,40.257800362521756,9.970981115525047,64.14672039471503,8.711828613417735
f4-stars-h0p4,total,4.425,0.36557761686933204,562.5309081255775,268.15226979213895,830.6831779177164,41.209020777669906,9.645896364618626,55.46442170063595,9.05657725518119
f4-stars-h0p4,total,4.45,0.3329866193410396,560.4620923277839,266.77400402149505,827.236096349279,43.609005835766325,9.869925171601365,43.725662900300016,9.566477421814017
f4-stars-h0p4,total,4.4750000000000005,0.3093698275015482,556.1814665169157,265.5861033010092,821.7675698179249,46.13525508049314,10.642499572485123,34.95470828183616,9.859845305475092
f4-stars-h0p4,total,4.5,0.28504234042849974,549.4777441719276,264.03155036110627,813.5092945330339,47.47801125421993,11.076022561836034,31.779287929384267,9.77120854087347
f4-stars-h0p4,total,4.525,0.2556177352712691,542.0247632056038,262.2135000632854,804.2382632688891,46.9344248457511,11.045778198753391,31.24047589085738,9.381242181895393
f4-stars-h0p4,total,4.55,0.22729856992278308,533.5214757504632,260.22223187328257,793.7437076237458,44.38005342497558,10.495983682569758,33.254014533124476,8.771101742550545
f4-stars-h0p4,total,4.575,0.21836533702487926,526.6337085113094,258.4738643727825,785.1075728840918,42.1730619224986,10.07863223943096,39.738663240861,7.875410403335727
f4-stars-h0p4,total,4.6000000000000005,0.240180229397155,522.1957761023597,256.6102495027223,778.8060256050819,44.19500567395169,10.264010303089067,43.21790777010881,6.779623721325717
f4-stars-h0p4,total,4.625,0.2865321957438494,517.3114424119505,254.2510099587531,771.5624523707036,48.42489250041834,10.461383033276077,39.92789317914179,6.008413696643995
f4-stars-h0p4,total,4.65,0.338001516281105,510.6306581603594,251.56467622106305,762.1953343814225,47.978457098904556,10.209509749690586,34.009770484635055,5.757069100377591
f4-stars-h0p4,total,4.675,0.3749407235436927,503.7298342709493,248.97610578869643,752.7059400596457,43.62257850638671,9.595444695271468,29.98407558534554,5.910155370064015
f4-stars-h0p4,total,4.7,0.3792090032267974,497.1711051067148,246.5688867961663,743.7399919028811,39.03267953477049,8.853061742639888,28.74238274425461,6.185608996212976
f4-stars-h0p4,total,4.7250000000000005,0.36094623836357836,492.7948650845461,244.9108006781627,737.7056657627088,38.48860994681711,8.724092019629824,28.963391189374946,6.353978435210388
f4-stars-h0p4,total,4.75,0.3209327301125029,487.76354100091623,243.43442062085938,731.1979616217757,39.785502018976075,8.802389852372986,30.243051294832195,6.375877946426171
f4-stars-h0p4,total,4.775,0.2808157813673246,482.67006612729637,241.97956935314917,724.6496354804456,41.88037370591552,9.132030884255398,32.15686845557204,6.176218094304845
f4-stars-h0p4,total,4.800000000000001,0.24686337570221473,478.91299047645856,240.47365025679588,719.3866407332545,42.50246392773591,9.602824154805885,33.365843969669015,5.819375924134938
f4-stars-h0p4,total,4.825,0.21429599058707677,474.4350557213002,238.67291664021351,713.1079723615137,42.20856664365756,9.80691382219028,32.73920713035512,5.54089481979451
f4-stars-h0p4,total,4.8500000000000005,0.19279104615236137,470.0064274787384,236.98583970958902,706.9922671883273,41.453116013816626,9.639066918078672,30.122418515481865,5.613748392859711
f4-stars-h0p4,total,4.875,0.18279091891164428,465.80570401078336,235.4729567005514,701.2786607113347,37.52960200612047,9.160003682366694,27.131096580626917,5.9101048851148965
f4-stars-h0p4,total,4.9,0.18574459766586782,462.81324836348386,234.30844881711133,697.1216971805952,33.60559908127147,8.981759746068912,24.98323238110324,6.114368623883681
f4-stars-h0p4,total,4.925000000000001,0.19397563047350114,458.42451618218985,232.8430262270423,691.2675424092322,31.786061587154265,8.777666281682722,23.728383460399584,6.16503224951256
f4-stars-h0p4,total,4.95,0.20684330604463153,451.9141177370064,230.93470421607861,682.848821953085,31.390258999741206,8.459125552610027,23.27514797662645,6.0463425823658845
f4-stars-h0p4,total,4.9750000000000005,0.22616337977367537,444.6690769597497,228.8904305766041,673.5595075363537,31.602291583170235,8.131558691648252,23.407298092838367,5.821633787323333
f4-stars-h0p4,total,5.0,0.24915988450653964,438.7368184987981,226.9788226169085,665.7156411157066,30.75257295281395,7.775759168030944,23.655733082755628,5.5993191925895065
f4-stars-h0p4,total,5.025,0.27007414792744777,433.78618651847034,225.13454977672447,658.9207362951948,29.016027536373873,7.371512928646194,23.720112014187023,5.393268975776043
f4-stars-h0p4,total,5.050000000000001,0.28280749712238934,429.50918177401303,223.372966034655,652.882147808668,27.05761449747063,6.99893304593744,23.761104743744514,5.19251004776845
f4-stars-h0p4,total,5.075,0.2866900326904447,425.5556812956618,221.64665512546085,647.2023364211227,24.926850421645092,6.634962626939213,23.902033839234754,4.996666685614449
f4-stars-h0p4,total,5.1000000000000005,0.284142341361845,421.92269322268254,219.979452533293,641.9021457559755,22.776223947368617,6.296532737911208,24.08842887476454,4.811174093161033
f4-stars-h0p4,total,5.125,0.27730491471651253,418.5167888876379,218.3626553137079,636.8794442013458,20.695930422878423,5.9826648876521045,24.262944270991262,4.636195254719311
f4-stars-h0p4,total,5.15,0.26781902331255847,415.3037547288362,216.79973533761913,632.1034900664554,18.72182583529905,5.691822941210841,24.376953301288594,4.475409177850512
f4-stars-h0p4,total,5.175000000000001,0.2568779734000515,412.2458215513243,215.28906902971903,627.5348905810433,16.94099667514235,5.429726734968148,24.40387720060034,4.328987682272647
f4-stars-h0p4,total,5.2,0.24525874788370183,409.3172996359847,213.82979779259855,623.1470974285833,15.399311072862082,5.201300159208503,24.339370727531424,4.198662788834066
f4-stars-h0p4,total,5.2250000000000005,0.2333628808885163,406.47822650784263,212.41398328078557,618.8922097886282,14.099679910056004,5.0047063326108905,24.18220374933842,4.08178821205364
f4-stars-h0p4,total,5.25,0.2213626818644474,403.6812007722988,211.03284137433863,614.7140421466374,13.034062546173686,4.832804270958776,23.95028744330444,3.9765518965932314
f4-stars-h0p4,total,5.275,0.20938116624678135,400.8938604203321,209.67731333332085,610.5711737536529,12.153155234480819,4.679139889451372,23.654519440900387,3.880199343647117
f4-stars-h0p4,total,5.300000000000001,0.19760955056038038,398.0904577023622,208.338837350428,606.4292950527902,11.445271995224656,4.537559569552901,23.3022081320794,3.789487580206372
f4-stars-h0p4,total,5.325,0.18591650887413666,395.267761821267,207.01735598475037,602.2851178060174,10.886082199033838,4.406801882261976,22.91048474148867,3.7042453660267984
f4-stars-h0p4,total,5.3500000000000005,0.17450759070943384,392.4243188825665,205.70933492368258,598.1336538062491,10.450773405034637,4.284220323652388,22.478965879239887,3.622944191407973
f4-stars-h0p4,total,5.375,0.16349925116559783,389.55400010768795,204.41219822019764,593.9661983278856,10.136690347853703,4.168715901625658,22.015995258716057,3.5441755391558876
f4-stars-h0p4,total,5.4,0.15291266281937682,386.6619484662402,203.12561050062212,589.7875589668623,9.909832141057707,4.059811661083254,21.534349104602885,3.4685375851820437
f4-stars-h0p4,total,5.425000000000001,0.14270020036321907,383.7517652277055,201.8497689829605,585.601534210666,9.770926330831841,3.957439018209015,21.027784264587417,3.395268215910671
f4-stars-h0p4,total,5.45,0.13288266204616436,380.8271871957873,200.58383257521288,581.4110197710002,9.696053797108927,3.86100158805378,20.508584244135633,3.324081164838755
f4-stars-h0p4,total,5.4750000000000005,0.12357863834921834,377.8884428280909,199.32518229636244,577.2136251244533,9.668234049125743,3.768884608380412,19.975819566622416,3.2539161127471568
f4-stars-h0p4,total,5.5,0.11468100913697361,374.9451682729293,198.07549490148457,573.0206631744139,9.687636170341067,3.681331771489752,19.436247347977602,3.1852609450388933
f4-stars-h0p4,total,5.525,0.10623698521256755,371.9994871927289,196.83552460098034,568.8350117937092,9.729620635460682,3.5981526045724816,18.88460508603406,3.1186568806102053
f4-stars-h0p4,total,5.550000000000001,0.09822862279109706,369.04835224694887,195.6027873753932,564.651139622342,9.800096889073414,3.5194283364618504,18.31962696123396,3.052411535023891
f4-stars-h0p4,total,5.575,0.09064552266422315,366.09934449800454,194.3785276262451,560.4778721242496,9.884294499282126,3.444310088302684,17.74893419080607,2.9873737955365165
f4-stars-h0p4,total,5.6000000000000005,0.08347184525397394,363.1517928654399,193.16166518107633,556.3134580465162,9.975487486592106,3.3720572357605403,17.17310351021568,2.9240814737943674
f4-stars-h0p4,total,5.625,0.0767147596210419,360.2017466585553,191.94994978990633,552.1516964484616,10.07586425409001,3.301473482903825,16.586117343126073,2.861666346794138
f4-stars-h0p4,total,5.65,0.0703117348194445,357.2608426353724,190.74636280139768,548.00720543677,10.171785684458477,3.233344692547762,15.995561715908766,2.8008745589094084
f4-stars-h0p4,total,5.675000000000001,0.06422347346957853,354.3283360572713,189.55001279000396,543.8783488472752,10.271177376860276,3.168163432826623,15.401287235413848,2.7411890286507035
f4-stars-h0p4,total,5.7,0.058429001408914806,351.4098788863858,188.36256531352558,539.7724441999114,10.368211830021105,3.1064340980241685,14.800748665925177,2.682814185874162
f4-stars-h0p4,total,5.7250000000000005,0.05287626778197523,348.5060198286778,187.18361201829092,535.6896318469687,10.462308911203754,3.048713369362812,14.196152504627246,2.6249618533713917
f4-stars-h0p4,total,5.75,0.0475793967712118,345.61125172973703,186.0117837263525,531.6230354560895,10.551905462062201,2.9934981748256457,13.582651401109784,2.568010982812779
f4-stars-h0p4,total,5.775,0.04245651445689078,342.72850552963763,184.84916642416079,527.5776719537985,10.630344219691619,2.941176429643509,12.962070670777308,2.5119458570963196
f4-stars-h0p4,total,5.800000000000001,0.037478409374860217,339.8491906302112,183.69374454612705,523.5429351763382,10.695619102285267,2.8914485102119367,12.32793081009218,2.45748084303527
f4-stars-h0p4,total,5.825,0.03262528823724438,336.96747111891256,182.5478133997646,519.5152845186772,10.741186631737396,2.8455828610270073,11.674556934704755,2.404742766518438
f4-stars-h0p4,total,5.8500000000000005,0.02790114748060226,334.07838151595263,181.40937674738998,515.4877582633426,10.760844520492588,2.8042205558121114,11.003241642917434,2.3544726821549142
f4-stars-h0p4,total,5.875,0.023324051588290824,331.1786807395024,180.27882707338912,511.45750781289155,10.752231770949084,2.767863430959403,10.319057041403306,2.305938104027314
f4-stars-h0p4,total,5.9,0.01891096036672514,328.2622670402118,179.15341339958633,507.4156804397981,10.704108236222138,2.7348491288056054,9.627958058373428,2.259244321132823
f4-stars-h0p4,total,5.925000000000001,0.01466643437826489,325.29285524406407,178.0260800704583,503.3189353145224,10.596685160447592,2.7017625089792228,8.93370783292496,2.213002110595527
f4-stars-h0p4,total,5.95,0.010507692379536348,322.2469089132181,176.8947093424311,499.1416182556492,10.408246631144811,2.6657863132669872,8.246435593900214,2.1671564866931123
f4-stars-h0p4,total,5.9750000000000005,0.006347904131028068,319.0880689445012,175.7548547925975,494.84292373709866,10.089084705384153,2.622884086228731,7.572361950790316,2.121854774930889
f4-stars-h0p4,total,6.0,0.002100326298309882,315.82343179410253,174.62043952897037,490.4438713230729,9.587325196560315,2.5645272760436795,6.857483819314139,2.091979349804774
