radius_kpc,angle_deg,newton_inward,newton_tangential,mond_inward,mond_tangential,algebraic_inward
2.0,0.0,9254.442703277353,2381.1860630348674,11229.356737582915,2955.8201794659108,12016.24752679676
2.0,5.0,8343.45285441149,-1188.7693384377276,10054.181601192155,-1389.6136305480857,11099.111278094819
2.0,10.0,7089.9773848218465,-3405.10873617201,8545.352498232782,-4145.574851472498,9564.291335333477
2.0,14.999999999999998,5828.203160204669,-4632.6438589035515,7101.859886500588,-5682.058222800531,7952.547929462878
2.0,20.0,5639.210535651957,-3298.0128633207178,6991.350544622299,-4009.0939432120026,7916.1621961599985
2.0,25.0,5819.286829545717,-2696.155158627291,7272.934855186924,-3254.131459545857,8202.77699379852
2.0,29.999999999999996,5656.412913503492,-2223.4091888032262,7071.275090207839,-2669.2161945331,8071.444360366978
2.0,35.0,7504.3789360709325,-2148.4024964992186,9286.202160040375,-2481.6160790843296,10139.133229479656
2.0,40.0,8703.252107437846,-3439.906181593832,10690.989803955374,-3993.223996451277,11344.98860336961
2.0,45.0,8927.06293293254,-4630.056087713117,10942.170690668967,-5391.853967863493,11482.536633059446
2.0,50.0,9085.199048752333,-4386.140146792767,11096.851038803747,-5075.627335491186,11679.142452479677
2.0,54.99999999999999,8947.488571210588,-4922.253943473118,10936.607128841417,-5705.325112318756,11476.788969862251
2.0,59.99999999999999,8333.266006580552,-5280.187666383362,10211.09623133627,-6132.31025714821,10756.439127479065
2.0,65.0,8171.989400079734,-3180.4653837504625,10036.030022277893,-3633.999761517512,10786.317686959826
2.0,70.0,7427.806419025048,-1356.8057949369042,9143.199969992173,-1441.2277707835683,10105.238940470728
2.0,74.99999999999999,6537.274604234831,64.5590571101925,8086.497012106566,281.9424725931665,9175.338204829748
2.0,80.0,5997.275235466118,182.042339126437,7460.350225778946,372.6751112454324,8583.294591905535
2.0,85.0,5500.374675305198,114.55464052248499,6846.58003364729,252.13103724370978,8034.6905444668455
2.0,90.0,4789.763521143614,193.67694743127475,5903.939177522479,323.62955220606784,7238.080736406104
2.0,95.0,5822.550309455585,191.11644443700936,7217.661902544901,255.4713180186444,8390.666897904897
2.0,100.0,6454.258617974465,496.92928369422214,7990.832872719833,611.3612857445399,9078.860320734482
2.0,105.00000000000001,7073.485239184335,919.1424734123599,8706.293578281098,1135.130930686401,9740.127220189815
2.0,109.99999999999999,7532.1779618841,1259.4648963965367,9205.728989311696,1559.4935171354343,10223.004920408437
2.0,115.0,7773.925697129635,1339.7513141629358,9444.605224171471,1621.8842454347591,10480.572823819068
2.0,119.99999999999999,8254.273350330715,1527.102459539342,9992.723652316488,1812.386520282555,10989.153505521177
2.0,125.00000000000001,9070.807298684542,1593.0455788793834,10927.586983694171,1873.5013700151671,11860.094329440692
2.0,130.0,9976.683418553419,1727.6082012300208,11962.023832601944,1978.258884328402,12816.728013827915
2.0,135.0,10585.947390005646,2790.979956985918,12673.399602456138,3214.4022466791903,13411.973628277527
2.0,140.0,11340.126654657699,4197.1452658490325,13547.501945502814,4881.216624131809,14127.563896279056
2.0,145.0,11350.342529172967,2964.6599034706696,13558.017376465554,3419.062350844192,14211.654016875715
2.0,149.99999999999997,12020.425715889376,1283.170479737434,14319.494100353604,1405.797411340527,14975.73540727847
2.0,155.0,11448.522234263988,1694.3271215173431,13673.498897453743,1917.9921140097913,14367.30157359642
2.0,160.0,10777.498617807962,1748.2781794122893,12878.135825417303,1988.4584941907833,13661.038418460515
2.0,165.00000000000003,10254.420552009327,1082.6561163219062,12242.448957953427,1154.7231245492712,13130.248049621121
2.0,170.0,10133.433106032873,2061.544515459974,12139.589199282524,2286.5743815264664,12968.655882927542
2.0,175.0,10142.243469097117,4205.297401997369,12184.104548375086,4876.089003427711,12843.333993761327
2.0,180.0,10394.003170379134,7737.843316538841,12475.034773736292,9199.53633788628,12804.923371061052
2.0,185.0,8305.63514594804,6715.969602395061,10093.18672202736,8205.99636554264,10568.439380762364
2.0,190.0,6128.54853205582,3033.2644221989212,7467.958533626615,3799.0375896537535,8516.603412130464
2.0,194.99999999999997,5016.213648746703,-1919.0880736260774,6062.165732373894,-2321.053422999077,7370.0484575433375
2.0,200.0,5888.562747697404,-3751.603946400123,7233.239991523649,-4699.1188606615615,8146.017596951527
2.0,204.99999999999997,6004.9031373822945,-5341.9054575314785,7443.5750988660275,-6609.281686938862,8064.82227092357
2.0,210.00000000000003,5627.118748029332,-6508.629973282029,7021.33225856041,-7951.051028317417,7455.047469772892
2.0,214.99999999999997,7457.199949390168,-4833.929756707045,9215.42910779135,-5803.878281703752,9817.349844437009
2.0,219.99999999999997,8213.242373476018,-2648.7973894274983,10127.822620076164,-3055.9840326790613,10874.815259401244
2.0,225.0,8984.375292781095,-2348.0614531761526,11019.521059498002,-2653.077492804524,11728.63328076212
2.0,230.0,9258.765954665332,-3830.7788757414846,11345.697671781816,-4429.618391057885,11917.059188466215
2.0,235.00000000000003,9665.59887691016,-4295.095821318527,11781.442396822598,-5010.9224169490835,12320.261725111593
2.0,239.99999999999997,9033.806626829253,-4012.1185601519865,11026.569114009051,-4709.808992012432,11656.477243626648
2.0,244.99999999999997,9012.140606099996,-2651.859536856802,10974.197168168592,-3075.297774654556,11739.172999693925
2.0,250.00000000000003,8632.724005667867,-1202.9360168553542,10499.29928846783,-1336.0186357193556,11407.938072648878
2.0,255.00000000000003,8578.714952167711,-36.95171907522035,10428.38143110716,42.53955601791813,11371.98911764578
2.0,260.0,9062.93017037663,-132.50446535711717,11040.216815747805,-122.710633255326,11885.982488767022
2.0,265.0,9293.23296484401,-99.6649681568656,11349.342188239694,-101.28488191312806,12129.942665731533
2.0,270.0,8748.488308654312,52.090415412456636,10706.931049031016,111.1613504874093,11552.506813495022
2.0,275.0,8185.441069900955,591.1372856926804,10009.455373141847,766.1900782427698,10946.97392413771
2.0,280.0,8114.712380364883,1077.5041060615054,9901.53818599137,1329.4565624436357,10857.941760355181
2.0,285.0,8558.448797337196,1649.7397110750976,10407.157124409867,1980.376632603378,11309.81854451879
2.0,290.0,9158.553484583044,2078.6067269304776,11093.65599950247,2472.9293528823537,11930.544016495965
2.0,294.99999999999994,9279.772159350514,2151.9625737694205,11209.131679976694,2519.2424214103175,12056.189387298191
2.0,299.99999999999994,9303.168064342668,1815.1114068468078,11229.792370678026,2076.153377660898,12097.899410782175
2.0,305.0,9512.334411427988,1478.86046744829,11459.176651502094,1650.3419390873305,12334.123456510459
2.0,310.0,9949.098549238404,1243.136402608403,11974.733446437971,1339.8644653420888,12804.079212212871
2.0,315.0,9859.617557984102,1824.4870660989973,11880.522022298126,2030.4811108169451,12688.795904000144
2.0,320.0,10108.152266385569,2651.043192073754,12170.896733155725,3044.487352831835,12912.056055091682
2.0,325.0,9981.010873058076,3004.4885043407235,12014.154801717099,3482.5664925996025,12755.449665386712
2.0,330.00000000000006,10049.996094609054,3305.50885961599,12092.582231327073,3835.3104816173063,12809.653921955987
2.0,335.0,9655.319896382263,3258.3509810955466,11631.178473482654,3788.875279469766,12389.487587639984
2.0,340.0,9395.83864802458,2983.674783930991,11336.724326681793,3461.935080003631,12129.590785576378
2.0,345.0,8910.4722718991,2135.174644258015,10791.531200930931,2456.342292601597,11661.804003977726
2.0,350.0,8856.650289706466,3007.753665133716,10726.490302700344,3553.824445397053,11546.103444350332
2.0,355.0,8758.438909541115,3299.2485965469523,10613.825564867799,3968.648395631354,11416.73272841167
2.5,0.0,7412.14336008126,3172.0904146188113,9432.219572368253,3874.2532382476493,9948.444336197444
2.5,5.0,6730.142894912423,1612.8985595600248,8760.795504146954,1965.882790111766,9328.120436685918
2.5,10.0,6169.451503994616,249.64859160201092,8135.54019735106,223.60751119914653,8771.656263505049
2.5,14.999999999999998,5650.906276663075,-2493.532167313184,7486.114215345255,-3151.2410531834653,8033.76830533018
2.5,20.0,7138.220633579884,-4821.007599006522,9178.79767428156,-5914.5449189157425,9454.890177723619
2.5,25.0,9764.140639588912,-4859.865779980115,12282.265819148784,-5788.508097082324,12378.857946637818
2.5,29.999999999999996,11405.815726609217,-4487.876888467062,14018.37090498604,-5259.328961959011,14177.80664668397
2.5,35.0,11499.478794434048,-4121.067967966921,14125.384232675791,-4781.136757246034,14302.146440874016
2.5,40.0,10885.233513589734,-3550.4494511832877,13382.324432085326,-4089.140736508355,13685.26370236239
2.5,45.0,11188.86753419449,-3334.2624855959475,13731.718536857185,-3870.567699923701,14020.7327079637
2.5,50.0,10195.82164325906,-3578.3050019169223,12589.932193574514,-4161.550006693842,12947.225126591233
2.5,54.99999999999999,9759.507241313513,-3024.9983009711,12078.860354692162,-3497.190723344011,12517.133254428492
2.5,59.99999999999999,8509.479456521927,-1041.4568471739558,10587.831142500814,-1093.059217803991,11281.72038764222
2.5,65.0,7493.062988238513,334.4171123578635,9370.369609496016,562.7773518702179,10208.289673832094
2.5,70.0,6635.764820144233,378.59245372104715,8330.824155148599,580.5720143594781,9279.37950700053
2.5,74.99999999999999,6807.756684385513,-93.3741419563878,8570.447148790841,-47.854727017678215,9469.508368347084
2.5,80.0,7237.41067989172,124.80816288040569,9105.895808972195,221.4058649177291,9934.544437290297
2.5,85.0,7075.053191484742,1025.4917642192447,8867.013837533168,1360.2754588942412,9737.588145935611
2.5,90.0,8214.590632873034,226.26453062421882,10362.841237740882,324.2719535875652,10983.008856149489
2.5,95.0,7601.333941203653,-490.8171335375664,9591.303167173312,-558.5896673547294,10322.391923809942
2.5,100.0,6388.389966100215,-70.9341244512666,8064.743124028966,-21.10090179257304,9012.823477152451
2.5,105.00000000000001,5741.366444270443,343.874379506153,7278.269161817677,489.8498279037851,8298.574121721875
2.5,109.99999999999999,5837.091059182458,685.865522346053,7410.803922459583,902.9367310807565,8394.300063125751
2.5,115.0,5598.79713322519,1095.2260162113425,7112.481035575723,1410.4671329949374,8108.099716890298
2.5,119.99999999999999,5327.911586606114,1119.8035797826046,6763.949424374733,1483.0847102272758,7802.350966255314
2.5,125.00000000000001,5057.880809278654,1056.3226720854109,6389.883213579401,1409.826403270244,7501.70442108656
2.5,130.0,5136.4853783788585,147.75671829344446,6445.845832181733,143.5899322890691,7628.623261176128
2.5,135.0,5530.7596145317875,-224.08013526510103,6935.411917841298,-449.9954081324595,8067.257492287676
2.5,140.0,6732.246069530282,824.1158798605961,8419.326631799053,857.0599696918489,9372.314141259563
2.5,145.0,7724.7347307309665,1340.2452604055284,9648.8415660522,1525.0411029921752,10427.433941785137
2.5,149.99999999999997,8182.859085869386,1696.9483599780183,10149.687567681569,1977.4149806237597,10903.782512715277
2.5,155.0,8365.157177854831,1873.9418524845705,10339.742408919932,2191.0240029856595,11090.50484640595
2.5,160.0,8223.742193107475,2086.4692906223,10160.25185141814,2443.126895427658,10925.336328415722
2.5,165.00000000000003,8018.3302668339375,1912.24457830347,9899.68324279113,2194.072987899486,10713.928883751876
2.5,170.0,7619.009175104839,1529.8677945103618,9390.43871466519,1652.521055912381,10303.501484522045
2.5,175.0,7924.349456140093,2895.39567907565,9798.2141077317,3278.743833531921,10539.343271870059
2.5,180.0,8052.465252905416,6606.95075373593,9932.92015976753,7844.688797414928,10292.123149283381
2.5,185.0,8442.689348596308,9016.293601048535,10341.643063144676,10750.368053591721,10481.32264313022
2.5,190.0,7452.509526717699,6581.565908176996,9367.3268544831,7931.445975969871,9605.788661610792
2.5,194.99999999999997,5286.977873253843,-1153.401710052697,6763.802602976504,-1476.1500637297065,7753.7590179300805
2.5,200.0,6367.144099484263,-6350.7544830536945,8021.251061391116,-7839.535237121651,8363.108152711886
2.5,204.99999999999997,9561.149718079594,-6432.241091705279,11828.05991689437,-7798.5814857628775,12007.496423603365
2.5,210.00000000000003,10663.586283393173,-7685.490313324145,13032.172726213641,-9133.512690497424,13107.440056691645
2.5,214.99999999999997,11613.174997448885,-6116.036888978861,14094.228854706631,-7251.530999608523,14277.951595435863
2.5,219.99999999999997,11637.484447563207,-4007.1688893832,14142.631756120949,-4723.268858473148,14455.954852292189
2.5,225.0,12008.209365356062,-2520.0725788474992,14594.844073395485,-2911.6813201554205,14924.052944567706
2.5,230.0,10959.945554754191,-1968.3875875786425,13430.62057490455,-2258.1458579333776,13844.997808868953
2.5,235.00000000000003,10311.75093669731,-1724.1331989312894,12681.315843308528,-1982.3475830928564,13171.03344027936
2.5,239.99999999999997,8934.72340883474,-1332.3471246524819,11069.21156455397,-1544.3115990843457,11725.39983824345
2.5,244.99999999999997,8042.447505719858,29.905755288138607,9997.122742961914,122.25935496724969,10799.845629828835
2.5,250.00000000000003,7726.436908825564,22.868484436491144,9632.64390202655,94.59072002564335,10461.239619826318
2.5,255.00000000000003,7804.812789689761,-317.9116673510814,9740.624601727375,-368.0290129709415,10543.535352946863
2.5,260.0,7884.533331197394,-251.6813908727829,9854.810956276611,-322.98625913717024,10629.68448569385
2.5,265.0,7849.872131769602,-151.83703938837607,9824.43123540717,-192.57281074509262,10593.241439042671
2.5,270.0,7724.890456529698,118.99382566714343,9637.634506611212,179.88266232942811,10459.332048939496
2.5,275.0,8809.380505509796,335.93678404549337,10979.87374483222,469.1470527785687,11615.591301459757
2.5,280.0,8843.48313451017,359.8865559593712,11007.544527243268,513.8694583701963,11651.574365829905
2.5,285.0,8263.551079426605,769.9132898006112,10252.17661877903,1019.8498109591758,11026.556638007372
2.5,290.0,7855.179104156288,1235.9827464590717,9701.440614698138,1570.902105146018,10572.791883345417
2.5,294.99999999999994,7760.273811028121,1254.5756779543524,9547.07078476579,1534.507302869623,10469.674256836506
2.5,299.99999999999994,7636.524122645189,846.7658554233453,9418.176381570749,930.7226472384482,10351.523133679011
2.5,305.0,8644.73858646925,770.066481783655,10671.305705411965,791.9409325973229,11433.380308329615
2.5,310.0,8899.114010994084,758.3859143399841,11001.078358764393,740.6112592036361,11704.300626476726
2.5,315.0,9303.343672106657,1107.2249626024286,11525.86404432353,1173.1429080494809,12124.635524103434
2.5,320.0,8882.51637685674,2126.3649451971078,11022.348165037014,2467.2476689648456,11632.316644244387
2.5,325.0,8416.127411663574,2735.0420730783517,10459.98726560982,3237.3838133661566,11088.8638776008
2.5,330.00000000000006,8061.5096252614985,2232.7049461367747,10007.471389936616,2628.6152069715104,10740.025715971049
2.5,335.0,8328.665056084676,2281.486633518107,10280.506744090277,2633.1490825730793,11026.210990205265
2.5,340.0,8928.52439326065,2554.3223233150106,10991.86732159725,2903.6503512693002,11655.585503499206
2.5,345.0,9320.490803225111,2803.5039913900155,11505.420678846946,3170.371398656198,12060.734138797046
2.5,350.0,9049.420324334196,3050.2740518564333,11252.34475301634,3490.0376946317365,11751.467287415475
2.5,355.0,8957.572298636438,3244.231067602097,11238.581676644317,3810.2751013821535,11637.374185764138
3.0,0.0,11844.614977009303,3926.81070639308,14623.359110043326,4494.072582841385,14680.386989562081
3.0,5.0,13907.75564665453,2058.779049781788,17089.907821762077,2333.669231620353,16918.771358341288
3.0,10.0,12914.945956263362,-696.4276847637602,15876.93257972942,-862.0474111514495,15915.33802945739
3.0,14.999999999999998,14558.776115989518,-5260.399657982742,17757.008341622277,-6163.424850709473,17462.209979307947
3.0,20.0,14311.245005216302,-5441.300640801988,17386.327753092748,-6352.13912935469,17192.324094973086
3.0,25.0,11704.508692382764,-4027.024597417011,14407.120244750158,-4747.757011178645,14525.817120781116
3.0,29.999999999999996,10814.104599183309,-3156.2221057523207,13425.229371178793,-3705.7705739774547,13633.540215247713
3.0,35.0,10525.57826698091,-1522.2200003175385,13129.493239799209,-1754.352623365421,13403.422069353666
3.0,40.0,9949.28555940036,-2573.5051170773672,12492.180550015555,-3013.523182611644,12747.25991275783
3.0,45.0,9165.793027648067,-1610.9739825570637,11586.128350027051,-1841.5767492192617,11960.550987989287
3.0,50.0,8109.211283285134,-1455.24463915868,10335.478050828713,-1686.5548475871356,10836.537176445176
3.0,54.99999999999999,6681.9325383441155,-56.92357463624785,8608.67573282487,21.540283182589974,9332.886259706378
3.0,59.99999999999999,6152.1429561998875,890.7573866766302,7970.7043862625715,1232.5925807503836,8733.576504591161
3.0,65.0,6590.724051842221,75.57710382706455,8553.724628446635,173.62017799186196,9233.545742203698
3.0,70.0,6653.399668130915,-239.87469156333623,8638.230529361339,-216.77755488223283,9300.57893372899
3.0,74.99999999999999,6545.392241091464,-141.33023181234103,8489.402912467933,-104.78722268420324,9183.809057318707
3.0,80.0,5979.602497556847,233.80153287334838,7749.086077005668,368.42881989186526,8563.25229018128
3.0,85.0,6665.324658514223,266.1496568936826,8642.019523906203,360.2669345580015,9313.250707440846
3.0,90.0,6661.519775463632,181.10600082630077,8586.990603657745,250.977507444913,9309.991725431455
3.0,95.0,6510.096810996658,340.7644666658196,8339.089102429,489.0303636114993,9143.006971845047
3.0,100.0,6913.528528128298,383.47605023047845,8873.310743739492,509.1411953381802,9581.25881829153
3.0,105.00000000000001,7296.311192739867,566.2103716800291,9398.570930205427,726.1774814337828,9992.044950883488
3.0,109.99999999999999,6798.105960719873,332.2872545143382,8757.848383529637,431.69924111147293,9456.747276924287
3.0,115.0,6863.354288457062,437.47647416545124,8831.654805880764,553.5369236566694,9525.826486973741
3.0,119.99999999999999,6588.777541153945,1427.8542014701666,8549.043805166935,1853.8521751009785,9184.766306658272
3.0,125.00000000000001,6100.163883698538,566.1914800480818,7977.988424033383,788.4401891447715,8688.707352809599
3.0,130.0,5630.817486186355,952.7431885227925,7388.226429985038,1280.77421747089,8152.467222950152
3.0,135.0,4959.171834560129,93.07858853060816,6485.363436367705,99.78605377261238,7430.141361866515
3.0,140.0,4572.822090380811,-985.1715040473161,5963.278352847436,-1424.557266790374,6953.337027148892
3.0,145.0,4579.103677972071,-260.9054905748817,5981.417385654952,-492.0607376841399,6998.071461726322
3.0,149.99999999999997,5328.837129611936,1382.2848666524678,6983.680814671715,1690.573314402016,7782.885063160376
3.0,155.0,5312.423708119031,1585.7196684727626,6940.7889319956275,1958.531908334593,7745.866034824337
3.0,160.0,5222.78486304657,991.0910482075958,6772.6052724374495,1113.3817231146643,7692.661821263959
3.0,165.00000000000003,6436.712952407812,1434.9185781652834,8297.819494700188,1639.7089133968193,9016.694931425804
3.0,170.0,6224.539625883422,1500.9788724054033,7988.427282371918,1701.5463706113212,8777.276458156597
3.0,175.0,5521.489792350675,1515.9626725521466,7080.244453742227,1669.7425834983724,7989.240565670382
3.0,180.0,5542.596813687139,5591.214838045445,7075.344101811542,6754.497529702187,7475.411615633235
3.0,185.0,7240.216701698808,7074.258663275228,9083.744972965751,8299.89180040979,9301.712234707376
3.0,190.0,11283.423840255555,6318.822532228452,13943.294476284069,7334.688508470961,13905.030093496436
3.0,194.99999999999997,11808.260746550726,-983.3328489450637,14614.702577751155,-1179.9848586768303,14760.298608045008
3.0,200.0,10524.611575880659,-9095.386414248465,12901.85846327764,-10930.71378113426,12823.887319781921
3.0,204.99999999999997,11476.99412598235,-8441.523080104926,14044.927643529112,-10054.487027118961,13933.897703715596
3.0,210.00000000000003,10024.802941477881,-5991.733443049039,12431.068098675893,-7132.995405256908,12561.35468895358
3.0,214.99999999999997,8575.828590308542,-3589.73175553338,10794.106037452493,-4294.154964979447,11192.855966872801
3.0,219.99999999999997,7158.939060011253,-2088.9640707486806,9132.525636384558,-2518.0759783174403,9764.903096291784
3.0,225.0,6670.972441118009,-1884.6575320954953,8601.606481580127,-2327.385938285565,9242.80362053758
3.0,230.0,6602.689226898736,-1150.3216654963694,8574.075370283952,-1395.273213936995,9216.122700725029
3.0,235.00000000000003,7311.570354850217,-360.6506792291325,9430.771853722512,-366.7971730945819,10012.299016700132
3.0,239.99999999999997,7448.096499709628,-66.02005041689426,9574.646163983649,-6.237460818177169,10161.93309314653
3.0,244.99999999999997,7455.161302027569,370.6935937609351,9575.255438864158,542.9545231563061,10166.980032627878
3.0,250.00000000000003,7072.920072526332,-206.30507735903848,9126.262576123172,-163.62141408549996,9756.19610859235
3.0,255.00000000000003,6174.6173408107215,-388.9238184495284,7996.31018631653,-403.0296540980728,8774.989107473011
3.0,260.0,5709.459669129015,-878.9791262898004,7395.463814113309,-1077.5973408041214,8244.01358100567
3.0,265.0,5567.620647741417,-274.07088662275953,7218.2170380595435,-308.81351747606567,8107.3923757321945
3.0,270.0,5906.829595967531,133.4534058327834,7586.831269842252,154.17546797290422,8484.143943671348
3.0,275.0,6346.951834507585,575.9477873160279,8181.599131708951,657.4856724764855,8959.351628341996
3.0,280.0,6230.613944793786,2205.367013435267,7995.090895054126,2778.2369045381956,8723.670187759948
3.0,285.0,5845.964729867034,2393.794395409682,7503.058801926366,3037.465570804284,8268.632250586408
3.0,290.0,6103.605639887253,1211.2551736154167,7892.886048793362,1519.3679290751713,8662.659406251742
3.0,294.99999999999994,6754.556896652447,214.53793413668836,8727.338725996868,218.78129300921137,9410.87316873592
3.0,299.99999999999994,7071.334333999352,-89.76893555653487,9053.979991085742,-173.77783711129086,9755.205904456523
3.0,305.0,7337.101028203906,36.810901008083874,9324.785234139837,-23.194153467390606,10042.390388426884
3.0,310.0,7001.999395637393,-818.0803438168064,8887.860755952002,-1171.0439379041554,9666.137707710288
3.0,315.0,7475.368210504772,436.95451140527666,9456.92749285464,401.73278160483187,10187.723456488931
3.0,320.0,7925.047238403753,1615.8739984426306,9983.974285354196,1891.0167684282242,10629.97937775874
3.0,325.0,8451.500084513886,2503.904637937824,10591.683625265905,2964.6160428200533,11143.996848016659
3.0,330.00000000000006,8728.809584657842,3063.4424729363727,10905.97930196987,3655.076470574898,11403.261201881072
3.0,335.0,8308.734392577513,2698.818542144209,10448.933839596451,3195.588364316982,10974.892095503834
3.0,340.0,7410.8510363595415,882.4466609627866,9375.264805539573,901.3862932233951,10106.884602424045
3.0,345.0,8621.695045403767,151.25312522200466,10848.590491061408,-44.36804521130216,11417.39521929816
3.0,350.0,9559.53081059217,1462.9653143166659,11962.242861499668,1576.5383433429922,12384.760250940517
3.0,355.0,10602.680204124981,4504.642455988616,13153.09713432532,5172.958284290541,13316.201182905757
3.5,0.0,11907.800955037237,18.535891277337214,14866.320585471272,3.6106884417386027,14872.489985916372
3.5,5.0,12716.986898799816,934.6651728534509,15783.443234493367,1108.3977689041583,15706.883384391222
3.5,10.0,13338.823569324712,-873.0195999576881,16482.19604698433,-1030.5644816007225,16352.736412208997
3.5,14.999999999999998,12019.091543376671,-2736.1500501883393,14965.835814209686,-3288.1823392622046,14926.319154644978
3.5,20.0,10702.450426016623,-2147.665728000889,13494.73424713048,-2615.6346357816024,13566.466858467258
3.5,25.0,10041.848304995387,-1536.7945508367466,12764.607087151986,-1867.5897060721136,12892.698903417679
3.5,29.999999999999996,8915.877592720995,-1308.978629863102,11421.567730129056,-1592.639770986364,11706.173034322763
3.5,35.0,9062.433797051657,-1257.8967331233098,11630.859705542407,-1542.2682681228189,11864.003962745492
3.5,40.0,8876.271798663614,-1004.157953105414,11447.223660224578,-1218.4886170467844,11673.873992275181
3.5,45.0,7712.372215667688,378.4802312200054,10030.506403741763,562.8958223875743,10443.546631693718
3.5,50.0,7074.220212429085,311.1858213519522,9227.196327335714,451.40089417293257,9756.463497285386
3.5,54.99999999999999,7287.5377229184105,285.35149801659327,9493.701573154398,412.64690237522336,9987.330887339043
3.5,59.99999999999999,7495.398377977853,37.71240394836059,9741.635143322555,123.11308513953645,10212.910493121333
3.5,65.0,7640.273865703589,-58.908162099293804,9944.372212448096,-33.50036472055672,10368.65672475092
3.5,70.0,7481.130022019856,429.08871496049323,9747.347320911178,606.0444888058878,10194.060205096781
3.5,74.99999999999999,7175.2729839593785,337.59305215678046,9343.778310636086,535.7426896570837,9865.412542509726
3.5,80.0,6728.6788617128,151.15793215178041,8756.769705558503,268.6658782322654,9383.270859545206
3.5,85.0,6512.901371263263,607.5478766132197,8510.400408218084,795.3304546505224,9140.01084797957
3.5,90.0,5372.582722566585,1510.9921668947352,7092.803171091524,1967.5416173782573,7821.158886350627
3.5,95.0,5828.260423360248,183.68239923575868,7702.28194960866,219.91528828033296,8397.049533655707
3.5,100.0,6145.778386103313,-11.568638335293826,8083.565389671871,-56.409695838746075,8747.329815698715
3.5,105.00000000000001,6138.032875680627,897.1863457519931,8104.590056066342,1110.4101491087363,8717.722392381409
3.5,109.99999999999999,5902.647538251053,1145.5035253730766,7844.593315475852,1477.5685447499313,8443.719503700799
3.5,115.0,6012.256330751985,-22.828724987997248,7947.2012783564105,-38.92541640434365,8600.67082360123
3.5,119.99999999999999,7182.613730317653,933.1969924308305,9370.251716213612,1187.9243899099065,9858.019699946703
3.5,125.00000000000001,7035.138289496548,1498.3856347027095,9156.434123321998,1887.2421410921029,9669.935939499605
3.5,130.0,7001.259141854294,1249.8651152649718,9149.751303425426,1620.6971912046151,9646.789615145597
3.5,135.0,6453.224623009706,896.5861673866993,8489.076195768681,1157.3439258952562,9064.31488147994
3.5,140.0,6566.923212829332,-561.4278619073675,8591.499958326107,-774.9444090763564,9200.287546309815
3.5,145.0,6601.746207519638,-740.0221659239187,8599.066272029166,-1102.39743869298,9232.875185353896
3.5,149.99999999999997,7033.037417675382,389.68555306961025,9113.557198247916,376.5959879833781,9710.71307104698
3.5,155.0,7604.830983875702,1450.2618328817307,9889.160052264891,1785.0557278982292,10292.341993457017
3.5,160.0,6841.090429276626,1338.4837773793795,8978.349642892465,1595.4062728876315,9467.03629673564
3.5,165.00000000000003,6590.520105663405,468.01561915279945,8628.465025958854,526.9845208904267,9228.294899026589
3.5,170.0,6277.022149897034,1581.3069493271555,8161.3342933698605,1941.5424449631314,8829.618702090585
3.5,175.0,7030.190999270211,835.2648966639367,9094.291721670741,875.1935818986028,9696.16101964239
3.5,180.0,9564.138625947962,2278.240372209488,12209.238093460575,2734.0502963213935,12352.967138762708
3.5,185.0,10532.166863611445,924.0213228663662,13296.61204979076,1132.3286535401176,13425.80477023053
3.5,190.0,10682.72460511302,2053.7418398945383,13398.22690665138,2442.2889600793974,13549.58696279403
3.5,194.99999999999997,11019.541772142942,2147.1706374472055,13794.246686226446,2508.8197118341773,13900.698778635444
3.5,200.0,9852.597137370141,-5434.362207605011,12416.515689445976,-6608.709573067003,12423.875380106107
3.5,204.99999999999997,9823.085702171262,-6581.509105999905,12350.771715622357,-7959.840697758402,12283.16629231435
3.5,210.00000000000003,8344.425656896812,-3430.219784011323,10676.635234235706,-4247.410938607363,10953.423340187794
3.5,214.99999999999997,7658.844872552494,-1380.9113203606557,9891.477773206625,-1704.439607615283,10354.27670137424
3.5,219.99999999999997,7742.4890263069265,-906.9374179257757,10011.577032839934,-1139.6532382318292,10463.72796010256
3.5,225.0,8391.847660625774,-2227.613500707233,10836.80757048128,-2826.796532024747,11098.032461868399
3.5,230.0,7813.272968845227,-978.446384482641,10167.31737052081,-1198.3160035544342,10537.524791477746
3.5,235.00000000000003,6601.055839515535,445.28336561851665,8664.545006490429,654.1736421707642,9240.270217342499
3.5,239.99999999999997,6249.553276698564,167.2277330972106,8279.846511816128,244.73330769245058,8860.35652659869
3.5,244.99999999999997,6628.9892322231135,164.67992457577657,8782.40567276827,215.99019571121062,9274.713742558513
3.5,250.00000000000003,6506.173037486401,582.5699919632189,8608.288397400378,771.8482267538602,9133.368383658464
3.5,255.00000000000003,6765.507942347742,420.84062958706227,8959.378047039028,573.7064647071247,9419.815350639721
3.5,260.0,6796.967748808231,108.4206024361647,9000.217177847911,192.00041554743825,9457.724135603
3.5,265.0,5956.3136904107305,332.73872248434236,7871.597456997166,510.7946958446672,8536.05223954
3.5,270.0,5659.033550402979,278.61344603923396,7557.082707210866,427.87553634219375,8208.657868728767
3.5,275.0,4533.338827514195,-294.6820289112107,6046.475811827754,-359.6223626569026,6945.188875267058
3.5,280.0,5317.695486767694,462.355012661821,7037.945700341614,635.638119081731,7824.68710804942
3.5,285.0,6310.985946144586,622.2021716079146,8273.063446523975,820.1994325909927,8918.546639799515
3.5,290.0,7032.897712354186,713.5257889492948,9144.527304546169,880.6893604415382,9703.04071864571
3.5,294.99999999999994,6753.435325111846,568.7357734235152,8780.917070918083,696.9866011722706,9403.385520081094
3.5,299.99999999999994,5615.535114530132,803.1568698701744,7331.9105852523735,1025.680000377357,8143.249846429898
3.5,305.0,5357.032168052442,585.3765944723514,7038.895037534139,700.9651254853179,7864.37773596636
3.5,310.0,4834.67121537214,-372.5812561560606,6384.430265250061,-610.6497268354474,7284.82694803078
3.5,315.0,5170.505619058706,-128.31648825841148,6808.467429746217,-307.7952652703475,7666.891822890551
3.5,320.0,5353.849914809736,1055.1698273091101,7065.07629534846,1242.296063710813,7836.002462900235
3.5,325.0,5488.688476541778,1559.4421181772996,7243.893480743196,1862.781568100041,7948.309751897869
3.5,330.00000000000006,6086.371386518802,1875.5586501824596,7980.384272800575,2225.7055783365213,8592.804064755805
3.5,335.0,8244.985937309058,271.63589520815503,10634.784563368521,171.60185825883582,11015.100244385601
3.5,340.0,8734.241997827232,603.3629017626386,11205.558288758904,642.3051279694223,11532.043831400799
3.5,345.0,8721.396696941705,-470.1133778462204,11104.736443128739,-715.3020303277658,11520.487311767523
3.5,350.0,10056.97395473275,-354.44492122999395,12682.27254738616,-554.7283928564934,12934.28674797296
3.5,355.0,11214.230487201154,503.5112620057049,14062.594826420054,561.7554727177469,14146.561873177654
4.0,0.0,9560.415559121,-430.4934637381957,12427.78068767413,-465.6299184896634,12410.082229190408
4.0,5.0,8746.673419166606,15.157468093587,11409.628117947668,55.35650749319768,11550.614901432073
4.0,10.0,9088.38107946603,-270.3279424403029,11829.862091895335,-360.44506722204824,11912.186697109835
4.0,14.999999999999998,8837.07848538442,-911.3604846360286,11569.774835328742,-1181.4899547565046,11634.695084498064
4.0,20.0,8949.121795718287,-1461.3281113512003,11703.137821465203,-1839.1634014229985,11735.791710622352
4.0,25.0,8333.49849300752,-599.8167512199279,10954.293674492064,-738.3414262599695,11105.017442114387
4.0,29.999999999999996,7707.486059592651,-211.81796115325596,10186.680531528044,-231.68723840475923,10440.088325786593
4.0,35.0,6933.814581914947,-1002.5075363195274,9245.202125136911,-1304.3445950450082,9584.901150150528
4.0,40.0,6922.485165397815,-85.93941668421121,9259.222924123305,-115.34072525455849,9594.01470653688
4.0,45.0,6842.212146506816,1019.7229887260683,9149.788514150467,1353.4669525895615,9484.32607177057
4.0,50.0,6738.006545439019,475.7235426095299,9023.681232976585,652.2793423964013,9388.788095877046
4.0,54.99999999999999,6356.897283519016,-165.1296061802782,8556.468766868966,-154.26215929373438,8977.84522550749
4.0,59.99999999999999,6078.229232374534,189.7059078716875,8192.065042136412,303.48450858360275,8672.21416708662
4.0,65.0,6492.860025355075,-227.7213964269622,8706.959421532305,-231.02899295521092,9125.748155550345
4.0,70.0,6249.592530052849,440.961857225627,8349.183467320412,644.5602660341228,8856.116796776749
4.0,74.99999999999999,5852.237079618156,1371.4573569118656,7829.418176758258,1841.2999991920467,8372.246599194435
4.0,80.0,6017.322249298182,869.4676570068256,8070.551987670306,1133.3931288833517,8585.761061781624
4.0,85.0,5542.60599738727,512.7084988513557,7484.31707438951,680.4493965974394,8073.765349472537
4.0,90.0,5924.515027426387,-8.85943052446273,8018.233723133264,-13.672292395393505,8504.126953828505
4.0,95.0,5363.135365064097,836.0925774615133,7283.9704999526875,1069.9880315417745,7859.645070414844
4.0,100.0,6066.053555198478,-314.7331424119784,8141.23381514068,-439.6189167115692,8657.1304345461
4.0,105.00000000000001,6720.869664818418,-460.6713459733803,8924.493789817063,-618.032165032575,9370.459099219099
4.0,109.99999999999999,7055.13858643611,941.0680259796382,9330.73475548132,1193.6922908666702,9719.35897442876
4.0,115.0,6550.420749821437,1108.1475791592995,8714.19068294454,1411.2091885703835,9160.971554385122
4.0,119.99999999999999,5791.776491064447,910.9447190848828,7771.895927838606,1221.3872107943212,8333.865384233597
4.0,125.00000000000001,6179.82360979182,218.10084714820823,8271.642853862759,260.11238538368843,8783.421199517514
4.0,130.0,6793.143642683426,1364.9941402643922,9032.845319138196,1746.9342448036973,9413.009211624605
4.0,135.0,6521.425713155973,968.8550524842108,8654.699396609223,1261.737601016509,9135.89056527279
4.0,140.0,5985.707759622234,461.76337677033234,7986.953658434657,581.914302742317,8565.597617693384
4.0,145.0,4878.140459169477,-610.6954560283518,6576.795624946454,-870.5007692313366,7324.9685669487235
4.0,149.99999999999997,4881.2300432983075,-1298.3163864442963,6567.144603374524,-1779.4959617792458,7280.406482603309
4.0,155.0,6060.140459388549,128.8589913070814,8080.126675201901,109.39500951911123,8652.865084061757
4.0,160.0,7272.048716104895,470.8455778571729,9558.72928210588,551.6998412689859,9967.804933940271
4.0,165.00000000000003,7322.714437764454,1801.85960446519,9565.231277261464,2234.9006868754072,9964.912142524145
4.0,170.0,7344.972776608026,1040.5021609409782,9596.346741607125,1261.9476724141084,10029.794095753436
4.0,175.0,8615.818340700804,-1695.5924280123024,11196.730032304024,-2219.416438976411,11369.10109697584
4.0,180.0,8304.478671660996,786.6289167317435,10848.144966652646,1014.0916197853498,11069.897390051523
4.0,185.0,8195.199069046526,1181.3977947829853,10677.232793103662,1493.9061070406638,10940.488944563342
4.0,190.0,9166.669732262013,400.75691951369413,11793.488136534179,513.2014979321641,11993.937527398612
4.0,194.99999999999997,11091.839134531516,-605.8070747934303,14109.517202450512,-728.8050297214436,14017.46660470511
4.0,200.0,10590.900562765906,-1972.2654221601974,13544.695452539265,-2424.6112811400735,13456.033797571536
4.0,204.99999999999997,8084.544141829338,-2694.09749796349,10544.419698769561,-3379.4051112660713,10731.077368772181
4.0,210.00000000000003,6815.598057846017,-1660.895578464394,9026.747115099159,-2156.8971973872995,9418.825446476665
4.0,214.99999999999997,6770.551947537566,-834.7034733051073,8993.572461890453,-1077.9556401657155,9413.692499233835
4.0,219.99999999999997,6592.949855336919,-1203.649561693649,8801.236671866816,-1558.3465034833125,9202.595906987448
4.0,225.0,6199.502358176143,-1287.927962838839,8352.122491468737,-1704.190086331264,8764.039891159857
4.0,230.0,5713.523051735843,115.26114768676416,7752.293647705531,152.03616344891861,8270.899574856554
4.0,235.00000000000003,5679.829729186109,682.0430089012789,7724.630031367723,896.212230019285,8220.105664532006
4.0,239.99999999999997,6788.577819295853,-250.47592124696985,9154.02481002959,-326.16751815074804,9447.464879491085
4.0,244.99999999999997,6629.591357216831,127.86534267303341,8923.67811495966,180.05217121813212,9275.62142127419
4.0,250.00000000000003,6610.647930701433,245.4788578095322,8907.8070702021,350.30956514469744,9253.962553588726
4.0,255.00000000000003,6566.464263234515,-104.96144000562572,8833.757310025758,-99.50684339772533,9206.989174467522
4.0,260.0,6569.05282453461,957.8306883473795,8823.072064216489,1298.479356578957,9188.556459337526
4.0,265.0,5958.072486271131,775.8791703078173,8089.393484153159,1096.832118330852,8524.446091932752
4.0,270.0,4880.848955427049,-224.65648164303366,6706.9634689557715,-202.21303818248393,7340.366204345416
4.0,275.0,5276.4866138124535,465.14663186184424,7201.73252547084,659.3912909273836,7778.544321867216
4.0,280.0,5023.586496509357,217.79525093399127,6868.462601236383,322.85081512999875,7501.0867916500265
4.0,285.0,4964.733895829931,82.51996772915186,6765.120464665143,108.14927960738623,7436.465102849903
4.0,290.0,4751.859567823558,644.575682608088,6521.507691085517,858.4924251505477,7180.158448860161
4.0,294.99999999999994,4631.077103410496,688.7586244439246,6344.6417820140305,909.1524062623162,7040.278818295563
4.0,299.99999999999994,4858.26416290942,-86.09018769994509,6608.112705312571,-166.9493731535299,7316.5754926400405
4.0,305.0,5951.406973552798,913.6106121342495,8000.2486359944705,1109.6455144558622,8510.73739184554
4.0,310.0,5815.840412422759,69.29248864565898,7832.828425338337,-21.30773597668849,8384.181855875831
4.0,315.0,5527.253470288529,-111.20925976161016,7473.992298424053,-262.15266734845545,8064.558532536057
4.0,320.0,5666.841303325675,93.28497873605238,7617.612538269249,56.6406289928309,8219.39171731928
4.0,325.0,6934.380322940362,26.5299963901266,9160.844885280492,-36.84611862030397,9607.054490967777
4.0,330.00000000000006,8088.581437041621,-264.45488007196127,10587.638974265528,-406.5383402900452,10848.024817574607
4.0,335.0,8009.434980679821,-76.18378332620796,10484.081615118841,-204.5363271368842,10764.440962112332
4.0,340.0,8673.670798875988,-32.82151392608057,11311.176280219672,-122.39182939034117,11473.003361548987
4.0,345.0,8770.50796655445,20.364104376544674,11445.251342865442,-7.902236490398536,11575.936616435234
4.0,350.0,7863.521921447797,-1637.9972006674154,10280.792750720078,-2111.058047701453,10562.299181290227
4.0,355.0,8764.720740758494,-1225.8445582168363,11438.352300078821,-1526.4816878179706,11547.998318257547
4.5,0.0,7134.957246486607,-3.7436858014116297,9715.730841963414,37.427679587723105,9824.18008927506
4.5,5.0,6967.511314366719,361.61412401786333,9452.605737372338,505.93154403442327,9640.156299279117
4.5,10.0,6616.98378195615,-636.3215316883286,9070.068868096681,-851.140444061205,9252.822103630431
4.5,14.999999999999998,7024.255163190277,-827.4908421648395,9621.418730826643,-1089.1441030511915,9689.984953670035
4.5,20.0,6294.919628774677,-169.51006064220792,8695.079207417979,-230.10923457623994,8910.008541735018
4.5,25.0,5727.341629286796,63.03545672177688,7975.443621099386,66.39463292007486,8286.456242620641
4.5,29.999999999999996,5780.31458276203,430.0636315620254,8070.432867128453,555.7096210546697,8339.69290789796
4.5,35.0,5424.435994951674,-365.3830635298159,7613.387069912693,-524.761469408933,7946.373828329955
4.5,40.0,5351.649857871151,162.08427985097524,7503.893934727623,227.74221753449956,7868.812114514225
4.5,45.0,5629.946123421075,312.8026005099673,7835.471779380116,439.38329264428467,8175.813427561779
4.5,50.0,6203.839034410708,71.62909977107802,8576.340666034823,142.16728606675315,8810.86251206817
4.5,54.99999999999999,5766.981011155638,539.5403461785736,7959.468387057785,769.5214873125637,8321.847305224772
4.5,59.99999999999999,6101.531220277821,108.20044258846565,8387.597268526399,153.78043783035992,8698.459738845682
4.5,65.0,5551.719756772714,873.9552175802885,7677.094488511748,1216.4446244861251,8068.524917600074
4.5,70.0,4903.7461420129885,668.1689257368976,6849.082124389981,940.9191125581588,7351.168070602928
4.5,74.99999999999999,4918.801101508406,628.5557439139959,6851.771015309853,872.7487168912289,7370.1176500569
4.5,80.0,5545.732213001827,195.95557163599824,7667.616647385792,286.8584922383084,8084.249089617535
4.5,85.0,5594.2199406899335,19.142295108924372,7668.077249197763,66.12389674347105,8139.211971096886
4.5,90.0,6399.653987412414,223.18312481987192,8656.964672546994,298.85194735011413,9024.019503652342
4.5,95.0,6851.051355479313,-25.210151522825754,9219.883090520061,16.049093045025643,9516.684608008587
4.5,100.0,5865.544171788276,-22.312631993194145,7956.776829061944,-6.474170910572411,8439.132839735836
4.5,105.00000000000001,5284.780663183038,67.1605713906456,7222.532041726564,68.74503665415955,7794.982081889503
4.5,109.99999999999999,5545.657738595111,270.8535453788511,7573.83069497367,331.0557893076966,8083.070496901193
4.5,115.0,6067.594476353199,785.4831397576286,8239.764545163775,988.6714378294018,8644.961757378887
4.5,119.99999999999999,6419.425797472595,1613.6413571166559,8683.918891285275,2130.8002727936528,8985.094961490411
4.5,125.00000000000001,5529.340780516185,-97.86477834151037,7536.352918739698,-167.00714073024665,8066.96345221353
4.5,130.0,5364.613715313853,1291.1772899235725,7354.590977844098,1683.5744662495508,7830.843219893208
4.5,135.0,5402.797375103315,1171.9977003729937,7402.819638608731,1516.5849868231762,7882.942664148744
4.5,140.0,5750.060193305624,130.85005962037667,7844.945466594198,133.49349352624085,8311.17629869891
4.5,145.0,5991.099162353071,-64.76424402338716,8137.375534331712,-145.27563202278725,8577.300352546214
4.5,149.99999999999997,6203.472182127686,-753.5671848013503,8423.012849732091,-1073.031140499672,8795.894556214775
4.5,155.0,5788.938248995129,-667.0545189667746,7855.717303511167,-901.4403236548492,8341.70720965477
4.5,160.0,5948.315195906643,740.7809334473802,8077.822728740961,951.2133015043842,8515.12090911645
4.5,165.00000000000003,6177.685813793809,692.042808987226,8375.510885715054,895.3671621775277,8769.826414795252
4.5,170.0,6993.731451878365,-31.63332524988118,9416.29786629697,-81.73846608097392,9671.352379208283
4.5,175.0,7017.430191999328,-1574.8668777618163,9442.023103585163,-2119.8663099781,9645.87127056641
4.5,180.0,7620.821472838012,239.81474892802268,10162.277659898711,369.05484554682937,10346.751159960002
4.5,185.0,7911.940557789125,790.6449275338229,10503.036556949264,1068.4578030612106,10649.321127386533
4.5,190.0,7494.157015690722,-475.904370007084,10000.14525310552,-585.7405328496388,10207.285656414295
4.5,194.99999999999997,8210.718649590395,-1210.6378353726532,10951.931452504352,-1529.5999867086484,10956.019260748446
4.5,200.0,7586.627810743987,-834.6945123769347,10215.73983398551,-1040.9138093757988,10298.127522662327
4.5,204.99999999999997,6557.785817829391,-428.86982041771535,8912.826639532734,-585.3046027171981,9193.42016206725
4.5,210.00000000000003,5855.812310773239,-1290.7334451924644,8053.801347068996,-1746.51765241371,8382.017550521303
4.5,214.99999999999997,5944.545195148778,-428.50005961319266,8181.393749717763,-558.7624435945704,8521.054510904729
4.5,219.99999999999997,5777.977351267952,-1081.5726103056759,7951.937241451157,-1427.6638398160203,8308.930061802195
4.5,225.0,5621.522183633886,-831.4354117705238,7719.122013266488,-1105.5939080379326,8148.534294370484
4.5,230.0,6129.550660630084,-133.6074203632793,8356.528755095933,-179.05783323654532,8729.052725438443
4.5,235.00000000000003,6718.828099117956,-209.01450968607787,9121.540482271244,-262.56653986889796,9372.083838066395
4.5,239.99999999999997,6730.97220008972,-230.61007491699183,9151.826862375063,-291.7006101117445,9385.07194347022
4.5,244.99999999999997,6570.194308162057,168.01173229542155,8938.485912008919,241.32882878601367,9210.644760397432
4.5,250.00000000000003,6319.303242543172,160.35770321962764,8623.064211209263,245.9335215690353,8936.767428616735
4.5,255.00000000000003,6221.459991343819,650.8994670139268,8488.136852263586,866.3214966619635,8819.363184188469
4.5,260.0,6130.012946241697,911.9244316961706,8360.073889467554,1214.3758534870465,8708.186950623067
4.5,265.0,6703.795870970801,513.541809676859,9082.626257821472,748.2729770807125,9350.698497219972
4.5,270.0,7028.04740517422,1192.049418315581,9398.960839450592,1606.1412154415284,9678.881005426234
4.5,275.0,6788.77058048788,574.9843874327938,9100.226516105173,755.5153391325337,9441.675632241135
4.5,280.0,6307.945303747539,594.191158544107,8509.359859188817,805.6386445669945,8916.068201584403
4.5,285.0,5571.539351726842,156.22005733463607,7572.6181396284355,230.93010001076777,8113.318524823662
4.5,290.0,5753.003292730873,459.6933973665948,7811.216427076724,598.960145879626,8308.708945933153
4.5,294.99999999999994,6193.345915228486,403.3256155976262,8424.056995605373,535.6258355234181,8795.243982122563
4.5,299.99999999999994,5696.164352220024,740.0860005866882,7776.0567464273645,977.1510255700255,8235.809030972281
4.5,305.0,5311.01500325845,-486.02725579893786,7279.873129146808,-690.8416132790117,7816.474762835146
4.5,310.0,5548.1766467159705,-372.14365258185217,7577.541359061906,-560.7792994533052,8083.831125527627
4.5,315.0,6020.669610756917,-493.74430046155476,8167.96696307585,-727.147796073069,8603.27146653026
4.5,320.0,6445.794697130124,-46.847385697350546,8736.947484874228,-108.51265887528825,9075.589891644258
4.5,325.0,6287.372495002717,-297.7663581162242,8562.06661557603,-416.4041060767395,8900.218508228458
4.5,330.00000000000006,6239.048846835904,-745.5707547436764,8513.364354469331,-1006.0048588066197,8835.31457036384
4.5,335.0,6483.959370936517,-762.4836371593665,8801.230863206185,-1010.6176147943402,9103.295114110517
4.5,340.0,6880.990922216682,-981.2202229811785,9303.885275014045,-1315.543768973127,9528.259184844526
4.5,345.0,7593.235881897336,-153.97086471623538,10199.147294237195,-207.2967131063433,10317.7269362
4.5,350.0,7732.405257636246,-916.8896394822589,10358.58828563418,-1201.2678139718455,10452.55084049391
4.5,355.0,6748.852491811322,-1300.7740153106374,9173.986459720323,-1718.39636408182,9368.16199101989
5.0,0.0,5628.720378757091,216.93814915390976,7972.250192370368,237.17758511453576,8176.007351460046
5.0,5.0,5732.187006180053,551.715087178016,8125.448423955786,758.4946680932951,8282.925961093522
5.0,10.0,6061.243027517954,-1222.3600092948914,8560.229756940438,-1650.8342059837148,8615.00957236939
5.0,14.999999999999998,5516.640914590952,-79.01344768735748,7903.876873387946,-111.38669467715499,8052.971256388134
5.0,20.0,5138.600931804189,-38.306225986393656,7389.876065706127,-66.0149605937122,7631.71639679538
5.0,25.0,5510.650747439779,89.58849385340386,7862.383692012896,103.51996579511751,8046.264014082926
5.0,29.999999999999996,5994.9065652317495,23.96288313164132,8483.341611085707,34.299951047535615,8581.588613811447
5.0,35.0,5834.875462274743,-309.90080872315593,8246.443527304456,-435.8356332902699,8402.5528156976
5.0,40.0,5690.932354347846,674.0623307052883,8058.276070918417,942.2021500742017,8232.75296793439
5.0,45.0,5469.823191577777,-323.31280405632424,7793.981228088389,-432.1720987993772,7997.818158957254
5.0,50.0,5264.258748222631,735.7492654246394,7510.5170550683815,1050.3487420259535,7753.948827040391
5.0,54.99999999999999,5187.535533962848,297.7954224718974,7399.351787280214,458.2363695135796,7683.417415080063
5.0,59.99999999999999,4764.144166884214,93.54052679888787,6836.819907137888,156.87737703157518,7210.281225556125
5.0,65.0,4786.957081112213,832.0552380379345,6815.216405045615,1198.0145605258604,7209.296726738155
5.0,70.0,5447.371181777581,678.054712268301,7638.11408818193,944.5770032262126,7961.489946147516
5.0,74.99999999999999,5861.349076933638,236.0843807364315,8168.591449046915,353.79292115690623,8432.924048097158
5.0,80.0,5561.032180740648,363.9962574319345,7761.476358223959,520.4806056169205,8098.294144837063
5.0,85.0,5797.345196902659,30.798293076173024,8083.142671612105,87.2125278360395,8363.879424211102
5.0,90.0,4900.358275895895,262.15128570279893,6907.871088198881,359.78762857783255,7361.653441426663
5.0,95.0,4510.040645535903,487.3024509537189,6418.957953015116,672.0489862929893,6912.092241806122
5.0,100.0,4979.100495616557,266.6091896995006,7015.816233400098,352.2099577564102,7450.212040754963
5.0,105.00000000000001,4987.504390567269,140.5606126970381,7024.967322006824,152.70900024305615,7461.575348102103
5.0,109.99999999999999,4518.1308910516345,193.23386013580557,6421.990977880751,264.78595502186613,6930.028007116658
5.0,115.0,4485.978758337028,-18.909889813954123,6380.040480249025,-76.29938803038658,6895.042117635704
5.0,119.99999999999999,5538.971948678971,1193.4156499283959,7775.040779214702,1602.5298408144458,8034.439438076974
5.0,125.00000000000001,5255.754139199518,511.52725914437497,7360.754686350105,630.0605180926491,7753.81988453275
5.0,130.0,5265.926889096111,864.7891055929522,7362.3363640225125,1145.997172440273,7748.968406964841
5.0,135.0,5629.564180749129,408.02594226531346,7807.584618437704,519.5053906987146,8173.2972441563725
5.0,140.0,5430.197395987564,365.42330107147654,7561.969651896645,454.61300119756515,7952.788362760696
5.0,145.0,5286.7619093121975,-21.571159736172376,7384.42456063958,-83.22684554885245,7797.330039039668
5.0,149.99999999999997,5285.5292213328175,-896.7144126123173,7424.708094645644,-1303.1242564539443,7769.148503559818
5.0,155.0,5208.250162091832,213.2961137496825,7355.734327754784,273.76291084935474,7708.093362517356
5.0,160.0,4771.551303076779,-428.3879804126534,6739.975237534596,-589.6988052414888,7211.67553488987
5.0,165.00000000000003,5938.715902678466,267.4387094636695,8275.448589498226,371.45309613744894,8517.76114019696
5.0,170.0,6430.566307653151,-932.9919841643751,8882.91910835899,-1237.6257391084812,9037.86880190779
5.0,175.0,6502.317202277428,-1234.4489330539127,8965.428841134555,-1657.0643342287033,9101.320523109805
5.0,180.0,5870.706901932441,435.80460809072173,8188.023053885801,616.9363129919137,8439.422953863177
5.0,185.0,5989.314764333425,70.26500138872905,8338.237995003985,147.77852440479683,8575.316839679192
5.0,190.0,6827.200373778266,-650.691011728542,9416.958353654627,-846.1810904873162,9481.422850565505
5.0,194.99999999999997,6463.398811724678,-580.1511143083228,8990.25134193921,-771.1450088717893,9086.68081327687
5.0,200.0,5797.963014529351,54.69186988070851,8137.622205434503,73.94466318936838,8364.501801179831
5.0,204.99999999999997,6068.005716461414,-340.7510957334912,8496.422765329624,-481.6437390451465,8658.815858207137
5.0,210.00000000000003,6180.413162966786,-1109.468714717298,8624.236171635728,-1476.5961286348165,8753.618594768734
5.0,214.99999999999997,5888.504051018803,-427.56838653474506,8232.323016072918,-567.3307564313536,8459.267652642135
5.0,219.99999999999997,5989.456579822035,-464.1836074023745,8382.138719663899,-624.5409918918613,8569.66607501892
5.0,225.0,5537.0024548096035,-260.42872058214834,7789.821732666496,-342.61897065087805,8073.634949684885
5.0,230.0,5122.3770076992405,-646.6512239807489,7290.970420943964,-872.7883177810845,7598.800750272912
5.0,235.00000000000003,4879.340888387025,-348.40343816444056,6988.432888996753,-454.960611602472,7335.933974346669
5.0,239.99999999999997,5166.518987700998,-144.54401383599134,7379.557712806822,-185.84291110795948,7662.275269447075
5.0,244.99999999999997,5275.238635856596,-9.775820816117857,7519.453772582629,8.894594296489686,7784.484853472421
5.0,250.00000000000003,4923.24291491917,453.24586359086334,7015.437280990219,651.9030573143673,7382.257866069173
5.0,255.00000000000003,5251.975979096693,407.45573927231703,7435.0260879435555,573.4652402715692,7752.842428402994
5.0,260.0,5155.694225449831,410.1776652964327,7293.93191335011,585.5767755498462,7644.970183483081
5.0,265.0,4898.945326623481,1141.048487147224,6956.991422798305,1548.8805060081995,7314.336849481212
5.0,270.0,5362.276769988792,1189.8133854000907,7594.234569013657,1634.0987265807548,7835.997587231519
5.0,275.0,4303.812043459509,502.3199350779039,6152.585362958565,711.7055451982596,6675.119790409169
5.0,280.0,4591.809653356011,613.6209249480097,6498.758991784082,815.6263552220205,6999.5182474650055
5.0,285.0,5122.959529375454,802.2318966303593,7183.211968970152,1050.74917709469,7591.6037964837515
5.0,290.0,5430.777244327877,-75.56515054089346,7558.050541654124,-144.10073499969212,7957.577300160735
5.0,294.99999999999994,5378.595703142742,467.6997492785199,7486.84957196564,612.7114795495713,7892.507120584587
5.0,299.99999999999994,5883.104793765317,696.7189247484207,8163.290407032489,894.8396213781584,8444.787446228987
5.0,305.0,5779.745492859467,-38.16058641064501,8031.75644241354,-95.72196503632267,8344.431880700597
5.0,310.0,5507.196914948743,-603.6402940167318,7661.475078401576,-830.1879139302446,8031.194554809806
5.0,315.0,5949.029324178545,-681.7449758302291,8219.166313244254,-959.2960449898528,8518.218000757677
5.0,320.0,6182.782177615038,-539.9758268733444,8534.739883909833,-774.993970200966,8780.290060066813
5.0,325.0,6427.848043938857,-233.2694737189181,8863.544800425421,-332.9195017972643,9054.709073229234
5.0,330.00000000000006,6446.89011034721,-783.9821684836593,8891.7840313995,-1063.769674937765,9061.908312559792
5.0,335.0,6160.916591265393,-597.4520203136135,8547.2575348243,-803.519937926927,8754.560032566453
5.0,340.0,6084.171851592003,-1035.4532251208807,8481.812992869265,-1417.8588476557552,8651.319417648514
5.0,345.0,5886.017909124717,-491.35828842196304,8235.35903100945,-637.3683694236877,8454.867030508978
5.0,350.0,5976.257293039664,-350.7846982932024,8395.25213425672,-492.6028298021341,8557.675731170859
5.0,355.0,6092.760052318911,-1030.382309007508,8556.662083206478,-1427.1788106849713,8661.086362970826
5.5,0.0,4874.37915931872,-169.2093096755416,7135.409166478159,-239.64229015729507,7333.917345994648
5.5,5.0,5434.225914652406,45.33569822663475,7937.4238535820095,86.30281681663246,7961.53146809325
5.5,10.0,5166.554471450912,-501.5143104424267,7553.000222403821,-755.7601924967141,7654.234661712648
5.5,14.999999999999998,5405.735037594262,-5.093728724545599,7865.42761046234,-2.2793077099138372,7929.904005976657
5.5,20.0,5162.160319038808,45.58685837035341,7522.6010616751355,70.57726084526485,7658.061973935371
5.5,25.0,5107.6067112088485,-86.11146462513602,7466.4546371431115,-120.77349423493297,7596.792283088045
5.5,29.999999999999996,4793.28365604532,134.17722758713785,7046.179341283763,189.94606291098125,7242.833711690885
5.5,35.0,5103.650433465842,-210.7815605685796,7441.065092298841,-301.9923227862487,7591.029432354765
5.5,40.0,5427.451308880242,505.7978936772429,7844.078294941482,724.8029889394588,7945.784532023202
5.5,45.0,5595.044538871815,-177.11181673277133,8053.846143543036,-239.73691873079815,8139.166486333799
5.5,50.0,5402.103609046246,997.4038749594233,7778.943763272549,1431.5127979728727,7893.9503054607485
5.5,54.99999999999999,5475.169946120609,511.9551514812324,7866.298916064736,728.4078517926773,7998.749485886618
5.5,59.99999999999999,5399.761769193552,298.2022031418401,7737.606634861731,437.7504067038967,7920.344997807976
5.5,65.0,4821.509490968275,694.0872538838428,6981.054157057872,1016.3075574722211,7256.652387266358
5.5,70.0,4877.553063913046,318.80021087921955,7068.906961674606,480.8176293338174,7334.677240672491
5.5,74.99999999999999,4646.207355748682,438.80143138674975,6754.844410238123,646.8671528254886,7069.115920400665
5.5,80.0,4669.830013826616,95.78135546565409,6766.896809265529,170.1823034761519,7103.531138878285
5.5,85.0,4520.3953024898165,466.9252507551851,6529.227599729573,666.8444589872599,6924.754119290908
5.5,90.0,4728.392361466467,335.2887387237276,6807.129326782568,438.27500545592153,7165.646426875622
5.5,95.0,4678.482005297197,285.06743281711766,6753.433588644145,384.1516304204238,7110.354495410507
5.5,100.0,3842.9638275735624,613.8962738430002,5629.39341252251,891.8840984918639,6133.810242398451
5.5,105.00000000000001,3744.484267554106,-56.31304297978079,5479.561237358739,-143.1708540753525,6039.837163260208
5.5,109.99999999999999,4400.51475196547,411.9709641462957,6396.2030564861,510.42048578094455,6789.862661317956
5.5,115.0,4087.9725725557087,-46.11750997344893,5979.83339538208,-106.92482007789158,6438.7462564487105
5.5,119.99999999999999,3905.082305044374,732.12804473031,5752.951523129594,995.6731818069636,6198.079003632004
5.5,125.00000000000001,4624.656397184867,432.90666466506013,6732.600667053036,518.9687132626577,7044.828978010258
5.5,130.0,4868.833024872933,731.9356837906605,7049.225805195125,968.404395476367,7308.268856505666
5.5,135.0,4745.097455323887,273.70308072290527,6890.778696498905,351.83243657289495,7186.075508366472
5.5,140.0,4869.411863907739,226.4137170515569,7036.538674789681,277.1110718663713,7327.440923930987
5.5,145.0,5214.603023656355,21.89089726187194,7480.405597788578,-7.871913221345494,7716.758568220031
5.5,149.99999999999997,5286.469769047416,-1422.7151667896708,7545.684485021882,-1991.9141823130649,7731.352647280182
5.5,155.0,5894.931405726006,80.38149060701835,8295.689699476308,116.74552157814969,8471.35512283401
5.5,160.0,6072.94071345512,-91.03674982118446,8525.882899690585,-151.81078962295896,8667.153305568067
5.5,165.00000000000003,5898.677816001941,-338.8279104989856,8308.599657072096,-442.6043914509137,8472.413864637048
5.5,170.0,5949.666081462816,-755.4775629358204,8434.375391771755,-1011.9016216590343,8516.010579052596
5.5,175.0,5675.915206223671,-978.7833717409627,8102.052113951861,-1346.0916345015864,8201.274261382534
5.5,180.0,5255.477590558468,115.03448948785017,7511.037410886456,236.09855185852848,7761.977043822847
5.5,185.0,5975.156435035451,-78.47923506410086,8508.837314071618,-94.82717665459006,8559.705548621474
5.5,190.0,5691.295808827591,-423.2043862851026,8148.977903419394,-573.7345773008565,8241.340114292294
5.5,194.99999999999997,5244.883784473396,-218.20788553562625,7568.347325926748,-294.529617799265,7748.965080193328
5.5,200.0,5492.744376439283,-18.657690076293648,7885.466532447302,-28.582670228853203,8026.623004419094
5.5,204.99999999999997,5821.9028829650315,-778.1987405138602,8315.851500771469,-1075.0838548444667,8373.644586393204
5.5,210.00000000000003,5489.995892575549,61.24910322521373,7890.771543728086,95.90847544604048,8023.461494354131
5.5,214.99999999999997,5242.0428175817515,-384.847216367104,7570.296898562297,-523.185193055911,7742.345393401395
5.5,219.99999999999997,4660.233547355365,-208.46385309286825,6806.403748236824,-281.6900918842002,7091.227914860781
5.5,225.0,4732.389061004809,-268.6520921474198,6911.527842297059,-376.2276603512314,7171.801766634399
5.5,230.0,4886.037419910358,-610.5772937640297,7109.786133906901,-846.1960882520216,7333.907655497323
5.5,235.00000000000003,5051.086183835764,-63.61196884173569,7315.918904292008,-67.82345568821029,7533.547982317783
5.5,239.99999999999997,4706.283255896065,-221.16678017745767,6865.925701897454,-300.1533501160079,7143.188812113121
5.5,244.99999999999997,4694.258851965486,160.95156590748888,6856.160458598103,243.56010907592372,7130.514384500232
5.5,250.00000000000003,4835.5593918945115,585.3169260210864,7041.184535114871,807.5640136733723,7277.932421945437
5.5,255.00000000000003,4764.339360753654,419.6734762896458,6956.498608460712,591.235027813028,7203.802639457003
5.5,260.0,4616.420986395939,574.3314559055086,6736.73228144041,808.5255993693131,7029.524669397791
5.5,265.0,5119.391378001722,363.75919888556115,7373.663073789944,546.7447593361397,7605.537408827549
5.5,270.0,5030.425419666964,934.9283964694323,7212.091635749843,1331.290893528187,7479.023684648933
5.5,275.0,5335.294863636623,774.8661921137714,7600.238291818721,1095.03897925077,7831.641052393788
5.5,280.0,4941.135317808713,308.3636838100175,7070.354958301132,452.231707562068,7406.586301585115
5.5,285.0,4680.095162270265,322.12095086031115,6722.1986363315045,477.65910864328475,7111.2568901262675
5.5,290.0,4291.548239159312,-28.453739237280388,6201.0752348965925,-84.24021257394679,6672.892224880234
5.5,294.99999999999994,4346.48435264081,560.0390554354174,6273.470064823445,772.949221822689,6721.345457036664
5.5,299.99999999999994,5162.340962887786,135.70673432603053,7381.408278413222,116.97351869511613,7657.687341940754
5.5,305.0,5300.46168718011,-191.5934741951619,7552.649987508343,-293.56000554088405,7811.387033759571
5.5,310.0,5422.810123434807,38.02492985353683,7715.7055236267115,25.64707021470622,7948.854453774671
5.5,315.0,5148.414976453674,-597.745932600998,7349.310996914651,-827.726520100538,7630.190032791952
5.5,320.0,4764.171491648891,-1205.1897212128756,6844.948030856662,-1677.2620333636492,7154.552826887212
5.5,325.0,5199.907103502882,-537.6754911214398,7460.956664214131,-729.8196211892136,7690.329724831818
5.5,330.00000000000006,5017.402709070169,-640.2220740582077,7212.889513192888,-864.1030884989664,7480.890318250276
5.5,335.0,5446.956398015112,-424.9775360588501,7810.010298412555,-614.8087837276057,7969.932845436564
5.5,340.0,5378.40768939619,-852.30465427375,7746.084749587007,-1193.9951973864183,7875.880294133933
5.5,345.0,4819.016791531902,-42.9348825734196,7013.570739201288,-61.91929484047864,7272.526083636896
5.5,350.0,5183.891913028755,-747.2988205780596,7528.217212717395,-1067.029151618082,7663.116660183862
5.5,355.0,5092.338026923118,-212.86640724358017,7415.687634641777,-325.2328825235451,7578.315688218879
6.0,0.0,4555.937314628347,-190.3318495604617,6847.760936128179,-271.70932365699264,6973.096289092957
6.0,5.0,4547.570988110578,-44.35596826407493,6861.159067569026,-59.789394516649736,6965.065165876265
6.0,10.0,4861.707029103057,-503.21822793615763,7284.6589785411925,-720.7001380297086,7310.953540664874
6.0,14.999999999999998,4590.908083733471,4.283239799544617,6906.6104235920075,9.519372744535076,7014.392104921873
6.0,20.0,4905.791088054275,108.2895759704827,7331.149679734401,161.4777549291748,7369.957687687229
6.0,25.0,4772.816877973815,-151.2050630919407,7141.133251920891,-212.13130262719324,7219.516348250923
6.0,29.999999999999996,4738.184327180465,-45.779432102391866,7087.198550164054,-43.37799299405515,7181.200830667943
6.0,35.0,4710.568005374847,-179.32309571665746,7047.695153606943,-232.35692495096873,7148.726471690642
6.0,40.0,4645.542713333805,60.24983882917695,6956.531015077365,117.9272023189792,7076.232902493414
6.0,45.0,4490.8732629954175,98.07934182114695,6736.487804086031,153.41585372566942,6900.206837003812
6.0,50.0,4471.014072610722,659.0953914513059,6699.053902907403,959.9629442644837,6858.905893619388
6.0,54.99999999999999,4513.098466572166,774.5147937143981,6743.418061205395,1113.391496550817,6900.0817782677605
6.0,59.99999999999999,4429.856592925293,566.8996445394337,6624.778005953311,812.9023566855376,6816.6834978341485
6.0,65.0,4527.3282729087405,568.5946655339201,6745.845136931072,835.312623624437,6928.142584014067
6.0,70.0,4391.312434881135,434.0887746913704,6559.701269561769,642.0364355446836,6778.47721767194
6.0,74.99999999999999,3975.1234419779466,368.2285483636251,5994.250105548882,546.3395296171609,6301.120858234566
6.0,80.0,3763.2903889662457,543.456200450182,5714.447717373174,777.5543491668772,6044.851193410281
6.0,85.0,3486.569994404066,459.6677009282911,5343.093450459834,656.2464382004437,5723.03395864071
6.0,90.0,3369.932820656468,383.73570709061437,5193.041672768071,524.3154262491586,5588.454873217903
6.0,95.0,3207.181262526373,367.39579870602626,4956.219937871005,496.21654824386985,5394.360302493033
6.0,100.0,3830.114980500643,700.8074413193069,5845.310030797196,974.8146069814161,6112.442500279618
6.0,105.00000000000001,3396.478332769621,188.59084118823523,5187.9195004273515,239.23356794550796,5627.768181371712
6.0,109.99999999999999,3603.6566257055706,-206.3251379321548,5476.4147580495155,-380.378290874502,5872.262582855326
6.0,115.0,4234.713825017856,706.7166716199247,6372.399375671221,945.0060306543412,6583.860494762634
6.0,119.99999999999999,3893.4103688543146,285.9944658045695,5898.639852626052,414.9518626275203,6209.039556236229
6.0,125.00000000000001,4056.994398955663,-451.88629031144615,6065.829596939091,-661.1860460970529,6392.527908505568
6.0,130.0,4799.523863435583,494.1145199258108,7019.110068454985,680.3208067961227,7240.955917910384
6.0,135.0,5742.192931392914,497.14946514833264,8252.888375636692,649.786791394622,8295.690312805888
6.0,140.0,5475.860313727435,-77.79406926166712,7891.510982461066,-114.17158102845269,8007.683753720578
6.0,145.0,5281.532791524667,-336.64512534364303,7631.010493901669,-480.46127437836367,7787.665416832221
6.0,149.99999999999997,5671.21010712088,-735.2451113841569,8151.941908451194,-1051.6408638549578,8208.295546346695
6.0,155.0,5194.577199887225,134.10684414072648,7540.320845550988,198.00009820677406,7693.762855173839
6.0,160.0,5081.071946510686,-573.4304067616306,7402.312296370258,-791.6597353758862,7555.503689455223
6.0,165.00000000000003,5076.181290310583,-397.72272551838444,7402.790842147876,-570.0181281281336,7556.120702231919
6.0,170.0,5558.971974972647,-214.1771295601576,8079.012663390847,-290.86439990408894,8098.707362753305
6.0,175.0,4990.234255465376,-714.7271554252563,7340.32131432935,-998.8590486931473,7446.567250381664
6.0,180.0,4946.093009032076,215.02395313593965,7281.587057794561,345.04702080127663,7414.011473584589
6.0,185.0,4889.273744801873,-397.563115727286,7227.7621363877215,-565.5433402031265,7345.7347814610575
6.0,190.0,4876.255318393014,-241.3015875979578,7222.709715637528,-337.7453313268727,7334.88799252559
6.0,194.99999999999997,5067.063524102759,8.951255265461668,7475.394325695905,19.83321053949453,7551.613377336665
6.0,200.0,4933.382030859937,-342.92672521410987,7282.875938309684,-468.68781909486006,7397.003666367995
6.0,204.99999999999997,4864.988365272191,-732.6412639744822,7220.168869165265,-1033.9636469483835,7303.870938543049
6.0,210.00000000000003,4727.465628898833,259.1245952944323,7028.076818669127,372.22122926344855,7166.431796587555
6.0,214.99999999999997,4864.151274240805,-98.44629879597778,7211.405481785456,-153.191336194388,7323.123297297054
6.0,219.99999999999997,4851.05227869056,-102.58998421644674,7176.335711808254,-140.19395974293957,7308.322628669559
6.0,225.0,5235.855794920365,-338.43508320604633,7689.427429526284,-468.8291672269488,7736.576883739753
6.0,230.0,4517.863278354309,-339.5767110166166,6729.456877524975,-466.0866094790522,6926.320642895267
6.0,235.00000000000003,4347.099773268383,-99.78953887372859,6515.543202420013,-136.02145140709217,6736.068678308999
6.0,239.99999999999997,4432.594728723479,-21.307302059788753,6628.374074432381,-23.007452004291736,6834.181533767268
6.0,244.99999999999997,4216.99721122365,207.82764838757794,6325.13241263191,309.37529064734827,6585.28209762204
6.0,250.00000000000003,4558.7516936665115,-3.2815791172986337,6791.867901664829,24.184835076997388,6977.860215071939
6.0,255.00000000000003,4392.619893362217,533.8882194877201,6522.828429651652,796.2716183937675,6775.611766413527
6.0,260.0,4820.952484929269,236.47842727027353,7120.983986437925,343.930878543013,7272.579127755153
6.0,265.0,4066.7919217750095,819.9250728053756,6091.653715098413,1190.860408638976,6380.376603702943
6.0,270.0,4082.7282829096803,739.5913823941365,6118.2439570455535,1059.2199316017784,6405.151756441254
6.0,275.0,4279.251706379593,1240.1494974286693,6359.068603834975,1706.1190396869765,6589.013431771523
6.0,280.0,4362.768841838755,524.0665215923066,6466.154490869174,717.6851073205039,6741.828686038983
6.0,285.0,4074.09034422779,338.70233062977593,6060.827095187597,460.00829827583175,6416.9178227435195
6.0,290.0,4040.500779915179,109.849930796217,6022.030977752219,107.90151756572004,6383.403454149266
6.0,294.99999999999994,4445.570678604006,381.9760844452244,6618.589965684277,529.2045170003175,6842.467401974348
6.0,299.99999999999994,4140.13596024972,-671.758951967465,6170.899717775032,-953.7665182834003,6476.589671948407
6.0,305.0,4746.244901841019,-174.79978449033024,6960.976758275101,-246.06514870412275,7189.164523123165
6.0,310.0,5021.0833610268655,-241.66727512625266,7328.340208165786,-354.98904629757453,7497.871160865533
6.0,315.0,4961.3564670758005,-219.02622704305213,7249.210880882163,-315.9714936034552,7431.119088556735
6.0,320.0,4775.031017724996,-760.1671436910754,7003.175439763588,-1079.9460244217503,7200.144618550827
6.0,325.0,4316.296469752668,-658.0951202045874,6398.664945196906,-943.1159713362435,6681.13988987561
6.0,330.00000000000006,4764.791591070872,-19.09124719299234,7078.071381926852,-38.893139219909244,7211.350218526649
6.0,335.0,4154.4024306654965,-772.9948811423975,6218.20080585526,-1113.5836985762296,6486.075944544002
6.0,340.0,4576.424313950237,-448.9431270941934,6844.583090050617,-662.5748431406946,6989.340207207573
6.0,345.0,4535.541210361694,-117.71910389519326,6771.49067031811,-188.40695961256824,6950.866913051219
6.0,350.0,4538.096277194513,-666.6745668641602,6819.764720850395,-985.2473902441823,6935.295096542076
6.0,355.0,4364.677729551607,-240.35358016663653,6585.782487811247,-354.9052240610646,6753.962164832768
6.5,0.0,4228.390574948862,-159.71811304078437,6541.654809825828,-216.65273861439346,6599.237552783528
6.5,5.0,4447.930471691302,-301.3087905495896,6850.475144729919,-424.21765922053464,6847.623632217526
6.5,10.0,4275.739244939022,-208.55687465879578,6614.149797112162,-305.33865624956707,6652.728365594209
6.5,14.999999999999998,4206.272365637428,-151.0885170439235,6509.258385256768,-207.80928434294856,6573.950897050259
6.5,20.0,4208.738771038952,55.47854946977009,6514.5205342020445,97.31594548253952,6577.756222339478
6.5,25.0,4251.541176295651,-101.84299004887794,6569.441142146316,-138.91142595372457,6626.553656310567
6.5,29.999999999999996,4304.162427965404,-53.50464959456576,6639.967937980257,-60.32435964967817,6687.247287671906
6.5,35.0,4088.1476839662464,45.10521053877551,6337.250807907638,82.051687492381,6438.953065235495
6.5,40.0,3967.313419553773,191.20853900505722,6164.836515980569,297.7028541352679,6297.365334354032
6.5,45.0,3839.287786876106,221.80023335854935,5975.345594876246,330.82970746288584,6147.827155500707
6.5,50.0,3963.8694334708816,405.64320416024043,6136.013274741084,619.7889045138882,6286.499331908456
6.5,54.99999999999999,3980.320127747453,558.3450915505687,6136.320412570364,830.582737393755,6297.8528380919215
6.5,59.99999999999999,4136.5622876158,528.7636184449391,6333.105080383108,773.3961031059584,6480.885811685826
6.5,65.0,4182.540065716649,599.0725853435588,6378.045149426686,877.5321730032638,6530.201837650685
6.5,70.0,4052.1364930079417,676.5452111326031,6181.853836081607,970.6064945352459,6373.987523716209
6.5,74.99999999999999,4280.505097754029,627.3322345697959,6496.477044603717,870.9821372317915,6641.704372217521
6.5,80.0,4097.914725383684,535.2959608676488,6235.561752054759,779.7442995713513,6435.7802137189055
6.5,85.0,4087.9842991111054,553.0131273230545,6192.292089971286,793.8199662908247,6423.297322140706
6.5,90.0,3955.973178174172,358.8272864126045,5975.483324257486,488.04237991543744,6279.238836648404
6.5,95.0,4507.251057607078,129.50137585116232,6748.380592553574,149.35049770465992,6918.542656997813
6.5,100.0,4358.885555881397,574.7146519625061,6564.504856963733,802.6830193704056,6734.837496568276
6.5,105.00000000000001,3989.8483995510287,472.4597882043935,6136.434769402316,643.9697358195517,6313.590939223982
6.5,109.99999999999999,3623.3159498322057,-551.8456986043957,5589.491657136235,-829.2863796258773,5879.288072712494
6.5,115.0,4442.275709139208,-191.45595876295874,6684.435656650976,-260.7721665459303,6843.595473595496
6.5,119.99999999999999,4966.244102144015,255.90304152367457,7353.369860425969,378.5269076733116,7435.960039752096
6.5,125.00000000000001,4732.408851359229,-291.7653218810692,7038.772373800454,-412.15670510177006,7171.299662343468
6.5,130.0,4286.877118634408,73.96727471804661,6446.717374385231,142.4875478529134,6667.316459704299
6.5,135.0,4625.564335985203,15.90934681228191,6912.964113800232,14.151251352056079,7053.716702227216
6.5,140.0,4893.064622381119,41.093376942214945,7265.155764200411,46.12768698310083,7356.011429087132
6.5,145.0,4813.268984110922,-236.51304578984718,7172.183378251164,-348.8417809961902,7263.901973868109
6.5,149.99999999999997,4580.194727597136,-382.0123482183053,6872.243275517255,-563.7912255382298,6995.994487191828
6.5,155.0,4387.933345257394,-56.98911059458146,6616.568446577883,-85.40389085429388,6783.064259936283
6.5,160.0,4756.086830587602,-316.0815295405457,7142.04360280265,-455.03942659052314,7197.5069070606605
6.5,165.00000000000003,4592.807166078716,-691.3448860996323,6913.74894288999,-964.050339969454,6996.437623932209
6.5,170.0,4519.352940685476,-326.62551154976876,6836.396701648731,-455.52893086007055,6928.393962855241
6.5,175.0,4452.129051365414,-299.66517540951,6736.632945688078,-443.68577746041285,6852.461467902069
6.5,180.0,4540.757472244237,264.8507184333133,6851.07815627952,386.13671238381636,6954.358665042489
6.5,185.0,4526.1239235836865,-631.8298495766377,6849.771295101272,-888.7314412195542,6923.5225478934235
6.5,190.0,4732.641773348694,-113.61718909980891,7138.52061695455,-144.42815918722408,7174.492548100024
6.5,194.99999999999997,4526.249946457175,-58.268360001073006,6864.1110204069655,-65.70864091399312,6940.75296585119
6.5,200.0,4615.0457825784615,-368.5451955923811,6986.307686188927,-527.3564983988267,7036.062231878854
6.5,204.99999999999997,4504.476071902499,-239.1232257985746,6845.45479443077,-348.7506939313621,6913.606604261285
6.5,210.00000000000003,4458.66340730547,60.52575692672167,6773.630693954741,95.60212161550271,6863.767607726889
6.5,214.99999999999997,4571.428831963549,-51.0874753241219,6930.9987280461555,-69.70482089350253,6992.154688200251
6.5,219.99999999999997,4378.708293982059,-76.62067547907236,6666.0498507423235,-102.75606791743576,6772.402075012529
6.5,225.0,4257.912327804254,-175.2451199973093,6513.015458600125,-253.46366038206952,6632.884590196995
6.5,230.0,4238.960015956571,-55.214036975909494,6475.12425037584,-84.63277951345526,6612.467971546451
6.5,235.00000000000003,4201.3490475363,-82.43132602771198,6424.938384608192,-114.77961139587933,6569.080311610617
6.5,239.99999999999997,4056.485383538259,132.7543184473202,6221.12318853611,201.70000977264726,6401.586778936691
6.5,244.99999999999997,4008.9698139377247,12.464436205561015,6161.877702745358,40.226339878430736,6347.566063214571
6.5,250.00000000000003,3759.139502268979,135.52069756075548,5823.201558966888,212.60166357766525,6056.067914453976
6.5,255.00000000000003,3782.157683125684,481.4037116784574,5844.2223437889315,720.4031184342116,6070.638434799226
6.5,260.0,3823.849644419005,303.3868633212197,5885.086836789589,442.4838657748769,6127.38462069637
6.5,265.0,4082.813882543113,653.863874305446,6199.05001800588,954.61248436182,6411.191559121945
6.5,270.0,3878.9334617514105,765.6311027668264,5887.0548230814165,1114.2673841878484,6164.703738452952
6.5,275.0,4324.365821278221,682.155313857404,6522.694481134318,962.2440334169635,6688.966548001558
6.5,280.0,4222.831863476811,599.3250293414274,6345.691323971292,854.6651510312147,6576.7597144835045
6.5,285.0,4617.14237466124,319.28054890739395,6894.694529374112,408.27391291567164,7039.869711817832
6.5,290.0,4661.4953968432965,-0.667437276162218,6937.29115105211,30.20059477765244,7094.467974370577
6.5,294.99999999999994,4625.481382737289,-238.6000303734952,6872.139294128985,-363.6131859022139,7051.234227938089
6.5,299.99999999999994,4623.608674001698,-140.45851818701522,6903.371149483653,-208.25224365907025,7050.675900872335
6.5,305.0,4331.019240796597,-267.1168101131889,6529.772688569402,-376.8535416046893,6714.792247950485
6.5,310.0,4046.907522970724,-582.6100856623389,6160.713659333342,-830.3149601790706,6373.90125461392
6.5,315.0,4179.2760042053105,-173.3291199851776,6347.101618012108,-250.952503797374,6542.544143214938
6.5,320.0,4123.433922567876,-486.2484256669718,6271.312402094263,-710.3191895628242,6467.839621260038
6.5,325.0,3943.487493740753,-455.1020013387415,6024.183006720794,-677.5543542233295,6260.507271489134
6.5,330.00000000000006,4168.322203883271,-638.6423708355705,6363.4427151523405,-960.4838779216511,6511.374273757537
6.5,335.0,4404.3662510409495,-160.21848462436787,6736.671575291503,-254.95758402746924,6800.810715032044
6.5,340.0,3761.1096838531075,-423.4426721768791,5833.934628843442,-647.1947530382886,6048.976695486141
6.5,345.0,3904.2125344989995,-367.54095252214245,6055.3105438318225,-541.9398984572799,6218.6800563475335
6.5,350.0,4106.55741149977,-485.3211120242902,6346.04285576068,-729.4511257081201,6448.352984571278
6.5,355.0,4220.892989311658,-255.91590801039786,6523.083131467169,-391.49025547351533,6588.673163466741
7.0,0.0,3920.4284878882536,-226.4876789619084,6223.591300572232,-320.7959838519091,6242.140172813354
7.0,5.0,3793.960176144537,-258.5472873590982,6051.138091897218,-375.7298161794138,6093.925606897209
7.0,10.0,3797.711807814111,-145.97060489836804,6066.068349407294,-210.10937235631854,6100.938098856828
7.0,14.999999999999998,3753.851556523676,-86.29162906893555,5996.994037927383,-118.87725759143746,6050.532137351455
7.0,20.0,3793.8199114668532,-59.42108528601079,6057.855304585187,-73.85623815318468,6097.427861036961
7.0,25.0,3706.4897862751154,-51.74932075325819,5929.540626103037,-64.37171949813,5995.420419240792
7.0,29.999999999999996,3695.5323720098013,-10.774536029114643,5914.412778190764,-6.61145177334447,5982.744709434802
7.0,35.0,3595.3231068569285,121.98731844636563,5758.511721758953,194.90918936390835,5864.200654427427
7.0,40.0,3533.3486710237385,321.10002282955065,5655.915227211101,502.6073225238961,5785.477035386629
7.0,45.0,3598.705461714801,188.19150442791033,5742.830011168543,289.3129431553825,5866.885269635198
7.0,50.0,3485.021999906445,402.52999080021686,5564.085035508082,628.1689282689667,5724.407957543101
7.0,54.99999999999999,3580.0328307104014,434.291312407277,5691.018114964168,662.6669891292154,5835.245209430891
7.0,59.99999999999999,3636.927369177142,426.1830938501437,5752.563060002858,644.1539330989976,5902.842795495307
7.0,65.0,3593.738334807109,573.1387742834404,5670.026716772935,858.1764117788414,5842.806933935383
7.0,70.0,3742.9492920428615,512.1134748837319,5856.0746013987755,760.0017787828956,6022.851333303602
7.0,74.99999999999999,3776.53614701162,339.41712593304874,5898.902644223478,484.19235071141406,6070.75849977071
7.0,80.0,3863.425749243769,564.7562703772709,6017.702942826099,796.3612781086165,6160.970469738635
7.0,85.0,3767.2648736339356,543.5784704220821,5891.533353644116,792.180105457833,6049.513671343719
7.0,90.0,3726.293428633937,245.84067975253834,5836.458640282737,392.1515553927999,6015.152622610131
7.0,95.0,3483.8768016155364,-143.61024920206893,5462.457502813323,-226.94614358642286,5732.370458749634
7.0,100.0,3611.52761381685,578.5549148359804,5613.7552526627305,825.4404898973039,5863.5014906524975
7.0,105.00000000000001,4866.242160362398,303.7820761064305,7323.555037760045,358.2837914575539,7322.278017954806
7.0,109.99999999999999,5238.731145452954,-250.73885943584833,7834.303019604119,-370.0885370695996,7741.566046095809
7.0,115.0,4086.8944935356917,-327.4308838788759,6278.974696964672,-460.93362317813717,6432.108541859326
7.0,119.99999999999999,3833.1962768899293,69.94983445123717,5976.759337408624,125.0151012484639,6143.25108381406
7.0,125.00000000000001,4304.9708142115605,436.15686318241774,6619.445558821004,621.7127794073613,6679.350573572876
7.0,130.0,3995.189892404057,70.08676673221066,6178.083852610831,114.39450877050331,6331.363654824305
7.0,135.0,3789.3331620834424,-143.91027635888008,5904.867884166997,-207.89147855001374,6091.194455276768
7.0,140.0,4019.51851341712,136.28041423878904,6236.568696934431,188.95597438758205,6358.794889575551
7.0,145.0,4264.231881370044,-167.71467396769208,6572.098313331218,-258.599647633785,6640.261206588171
7.0,149.99999999999997,4055.5130271719827,-317.89171401796466,6288.784531751917,-475.5027693198417,6396.1293745700095
7.0,155.0,4089.3513141425437,-300.6856088138891,6327.131123034342,-448.1381484361982,6435.806999918853
7.0,160.0,4316.1967608429095,-299.55408210723294,6657.649168641627,-433.2294528388952,6696.942586964908
7.0,165.00000000000003,4187.455167146819,-249.05903056998636,6481.828941520006,-370.530883646162,6550.374975936203
7.0,170.0,3996.7607116006147,-240.6103187131955,6223.015779596016,-349.74482043611465,6330.358760086619
7.0,175.0,4096.817336342983,-316.7161001877779,6369.426770197308,-466.7862520535846,6443.92890240349
7.0,180.0,4082.807634201825,-60.37323921998227,6360.534848856019,-63.02073395733247,6432.707786912847
7.0,185.0,4213.58566723265,-204.41324707210475,6551.774639042502,-297.6439509440157,6581.428995469382
7.0,190.0,4054.5129661034043,-121.43213011753437,6343.570859639562,-161.2686509055095,6399.45773115462
7.0,194.99999999999997,4031.0976331688667,-86.91633174274239,6310.455243001507,-113.86538076230977,6372.769231153
7.0,200.0,4028.2981002689994,-266.3357351056213,6312.333771984795,-391.77391469677946,6366.198710748935
7.0,204.99999999999997,3846.5831152835935,-41.46551242828605,6061.4299881811585,-59.105733122455604,6159.020688078152
7.0,210.00000000000003,3870.448319241554,-81.68776144414664,6103.904039221852,-119.07240383101907,6186.512012292792
7.0,214.99999999999997,3780.564406103378,-26.129743693288447,5978.628371983969,-32.09091506200957,6082.126171788366
7.0,219.99999999999997,3898.0575316747554,-25.848912805232658,6140.572414069734,-35.855849139574275,6218.943785487546
7.0,225.0,3702.8373366018427,-31.00411450221668,5863.4726486558175,-49.955540043767996,5991.24778012975
7.0,230.0,3684.984858133357,-50.68623651099438,5839.078785941501,-68.44507784597454,5970.239752985806
7.0,235.00000000000003,3443.02846962969,-9.787818274956635,5494.982380835646,-12.72983579226593,5685.407606170349
7.0,239.99999999999997,3433.5925413953546,107.84709832672229,5480.853728289398,162.6368039942763,5673.445614199265
7.0,244.99999999999997,3434.668006042517,195.4459317348792,5476.706404405858,292.3059562905339,5672.916003985402
7.0,250.00000000000003,3443.181454423495,289.80667026954416,5479.383449146157,435.9471405399447,5679.924981689768
7.0,255.00000000000003,3447.6045514918806,271.8544953927203,5488.998664389294,421.1761412485073,5685.850466650701
7.0,260.0,3231.08481522985,437.7135010566826,5165.895895210012,660.9161949031048,5418.933814645926
7.0,265.0,3422.4764143255197,374.55158522421925,5431.190634673661,568.5886139289681,5651.531552106461
7.0,270.0,3780.8298682079912,458.4846148645222,5932.025054930513,706.5323555535349,6070.314604128994
7.0,275.0,3545.660624935086,324.0039554318444,5565.650591790517,490.1150968299326,5799.9100372882995
7.0,280.0,3749.563108124203,468.3015350457804,5821.214892959542,697.8570185302743,6033.110769873019
7.0,285.0,3922.081040475851,27.440644742475797,6042.211063303324,-5.394513637835871,6246.837708177074
7.0,290.0,4181.633221850244,435.6919210050012,6427.1824387786255,601.522348874101,6537.383033273452
7.0,294.99999999999994,3796.8537384811725,-530.8541280501449,5899.201864079678,-780.6055971267988,6085.028536567958
7.0,299.99999999999994,4109.979255816227,172.0239822634178,6342.919630875642,241.749097379869,6462.727661491151
7.0,305.0,3655.1311928251735,-344.3933842593251,5708.683876669735,-524.5102600215951,5928.124547799041
7.0,310.0,4057.0687242587783,-273.5111944439568,6288.160701154502,-414.8746902053517,6399.289065025967
7.0,315.0,3941.9469795477353,-239.25296207990846,6128.133939516143,-345.7655155437278,6266.810861661387
7.0,320.0,3801.655148277161,-233.44764976078932,5950.6024886020905,-356.39757288246346,6103.624063227296
7.0,325.0,3552.5948093463,-247.3357335967769,5602.005813813326,-387.1209671513957,5810.905396209397
7.0,330.00000000000006,3574.2525953512077,-574.0860795473932,5654.654542056757,-889.2844951387922,5819.635289375281
7.0,335.0,3634.313692710075,-293.39251471531384,5772.740349388948,-450.76397694029924,5905.629144393726
7.0,340.0,3724.888433785397,-363.77960898418155,5898.699190047022,-566.146013979172,6009.244825648734
7.0,345.0,3979.197388343808,-311.1918118496285,6279.506683227694,-461.05566021535424,6307.917320941331
7.0,350.0,3700.91818011372,-383.9635534703108,5887.83564013417,-587.2668171825131,5980.210353432555
7.0,355.0,3779.8688972370323,-417.3541687998252,6016.069708583922,-623.2574808563354,6071.256696329269
7.5,0.0,3432.156368294105,-178.71805271610356,5643.572556043553,-261.130795542369,5670.362365959357
7.5,5.0,3394.8927072725246,-181.22247567457117,5593.429113966184,-271.6589531688955,5626.07274401655
7.5,10.0,3351.1149597962135,-79.85939513095889,5535.186936276062,-111.36928109277676,5575.880968158931
7.5,14.999999999999998,3303.0064370663986,-55.084909651011685,5460.729552608219,-65.93865930241327,5518.825019923114
7.5,20.0,3327.437621232731,-52.26287601708009,5503.422919510803,-67.87094323845622,5547.95881295376
7.5,25.0,3247.8501369441838,-1.2665381933768458,5382.077585011393,6.490751006060236,5453.1957223086665
7.5,29.999999999999996,3157.3785681247573,59.10026539215255,5248.1837032630565,102.76888003073236,5344.508583627275
7.5,35.0,3217.5932809863375,131.1647873598231,5324.74755202629,213.67618893179633,5415.696452658924
7.5,40.0,3182.8734640956636,264.95026304967837,5254.154184170966,428.21619343157454,5370.012446333195
7.5,45.0,3063.441314589546,227.67562093893207,5074.159902980857,353.9190275958849,5227.437165857798
7.5,50.0,3167.2824416752674,294.7144757539761,5214.085245810192,474.72864248315,5349.983013257758
7.5,54.99999999999999,3119.826055791923,375.3928234818195,5130.3074727455305,588.4416905663452,5288.549815135753
7.5,59.99999999999999,3201.722377132325,464.33744425642044,5230.877074101364,710.559330881666,5381.785972310226
7.5,65.0,3270.756370507965,542.846617731029,5309.291699059915,832.576448804459,5459.2539211975745
7.5,70.0,3294.776268502928,539.3352185370717,5330.709916529357,813.0257693183157,5488.428149833674
7.5,74.99999999999999,3384.0635108025604,418.51726826249353,5444.047355292668,597.4285422868561,5603.3977714285265
7.5,80.0,3649.3461196088106,437.59120089583075,5808.838830272344,644.2150879901161,5916.881242399648
7.5,85.0,3730.2668086155622,419.6386956806028,5921.0076127589355,619.501806166073,6012.979111320464
7.5,90.0,3583.7136645875507,475.9080883544809,5693.449445118487,677.9353193485946,5837.235706287741
7.5,95.0,3493.2589413290566,218.63577866188484,5553.046466177246,278.82898392867565,5741.668781114337
7.5,100.0,3881.4627515860548,-135.94506569789462,6124.057584652598,-189.5579779276843,6198.660716177091
7.5,105.00000000000001,3592.228861052191,-250.5828551590829,5753.171763364934,-355.3400664316198,5857.534671157496
7.5,109.99999999999999,3606.6183204462586,-78.88481798472776,5780.142953334327,-148.0539880727456,5878.031756279035
7.5,115.0,4087.0513947387353,107.32085068553624,6417.522675729213,128.90626954369782,6437.199551767293
7.5,119.99999999999999,3918.0647596672106,-6.136665027004028,6166.588872230358,-2.330256518540864,6242.214792535027
7.5,125.00000000000001,3670.1866854466507,119.13269137565135,5838.118183890313,190.00489913633692,5952.183234508209
7.5,130.0,3848.9603973598773,84.27100272810594,6084.598323645105,127.35758228566783,6161.48270753338
7.5,135.0,3727.879535770752,-101.87918026804141,5910.057072423396,-158.24260150583723,6019.99086574451
7.5,140.0,3812.3498606468743,-190.06208534447705,6048.122599107108,-285.32185776256483,6117.16194659289
7.5,145.0,3785.875020969895,-186.3909941828747,6019.722909821068,-288.9181196813133,6086.341994907152
7.5,149.99999999999997,3798.1389355589754,-266.1616258479844,6038.161011403941,-419.03233820186324,6098.576355401699
7.5,155.0,3837.967977438728,-333.6506958181235,6103.281823811272,-500.88972876249363,6142.77125404548
7.5,160.0,3841.6307227906873,-361.6853829894545,6128.585616324218,-524.5796041272083,6145.9477415750835
7.5,165.00000000000003,3826.139619149699,-266.3356070870375,6105.512285849294,-399.2049303405056,6131.258532879711
7.5,170.0,3716.783191493979,-224.99358765230755,5949.785847218545,-333.00103481712756,6004.597810456911
7.5,175.0,3676.5329900160773,-235.74850190220138,5904.0543980770435,-344.31263562019035,5957.105762926103
7.5,180.0,3785.161618751117,-128.97380925069638,6074.533413529283,-174.50823667419974,6086.562096804852
7.5,185.0,3695.827473852727,-151.70713434044626,5947.949387367377,-222.8982253298234,5981.70483320513
7.5,190.0,3676.0105314704324,-152.21048187342717,5922.894290960961,-219.37266906695515,5958.465168010117
7.5,194.99999999999997,3620.3085025950404,-69.48777981122043,5851.973193432031,-90.76606013395804,5894.210512097513
7.5,200.0,3531.6260049075377,-180.43615312078623,5728.0464790601145,-273.32520106238053,5788.002985544927
7.5,204.99999999999997,3459.628923641295,-53.08418683931177,5625.663317128237,-79.63016265453962,5704.875420608625
7.5,210.00000000000003,3430.536846376287,-58.792807862767404,5588.922256133115,-87.5158885193805,5670.38124993681
7.5,214.99999999999997,3394.1012451797224,12.649678044487473,5533.726836091265,25.269599625341925,5627.396164416306
7.5,219.99999999999997,3378.294658015103,38.554061839517544,5514.471560873168,59.26770119300954,5608.534766640956
7.5,225.0,3336.898931943867,-36.54970263581981,5450.430819431008,-60.889213406476756,5559.32283498576
7.5,230.0,3181.4432521495255,44.69459214452672,5229.893037821538,64.58304367932988,5373.514605087362
7.5,235.00000000000003,3173.929976514295,64.35305274030884,5207.523138175652,97.11396075470248,5364.3334384270975
7.5,239.99999999999997,3120.1284664028362,39.8881829123809,5127.004251698168,54.94230427711909,5299.864893661809
7.5,244.99999999999997,3105.14815818251,169.14149760781197,5101.362893066836,254.68752532071312,5279.670768640272
7.5,250.00000000000003,3127.452291604067,251.13693025277246,5124.576990805011,384.2976118938118,5303.840312815303
7.5,255.00000000000003,3216.0992475160933,364.28748749755266,5239.22814065296,565.2734181186136,5405.255315199798
7.5,260.0,3174.7549770297655,297.81223015726016,5163.361608907157,470.97632018400327,5358.837194231218
7.5,265.0,3161.202430834872,431.77276297254866,5137.151974812757,663.9432635248834,5335.0601666556695
7.5,270.0,3297.168392821266,211.82381128255597,5321.185057032322,341.60589036437426,5508.831743659903
7.5,275.0,3276.083503232117,573.5235572821637,5281.617534022173,873.827387752592,5463.245664408679
7.5,280.0,3411.9512357608196,256.3226986815112,5486.20003125602,371.1752956515114,5644.080443474367
7.5,285.0,3156.3693936799496,-251.859409810108,5093.026012469787,-367.59322906947773,5338.647716601075
7.5,290.0,3423.8951805519227,-64.67718820644836,5500.324184086582,-111.59520731088105,5662.459851226715
7.5,294.99999999999994,3543.385739194055,60.50368831804417,5671.04319759006,62.28747212558983,5803.74922672229
7.5,299.99999999999994,3422.2040730739536,-127.11357398595896,5499.214881986518,-197.64859191718006,5659.63592954633
7.5,305.0,3692.0245996785993,-231.5462871742791,5877.513313615864,-356.68383704632924,5975.3987351036385
7.5,310.0,3593.511330414265,-253.93584307635456,5738.70928006392,-385.7143956394957,5858.938977911339
7.5,315.0,3349.5572529148103,-194.98626431680304,5396.650617439291,-298.2711204515849,5571.7911375422955
7.5,320.0,3464.4827359219507,-243.37394637087232,5568.39972484108,-384.2101666125018,5706.842746833758
7.5,325.0,3503.3570416676007,-321.72629816622975,5643.525421104515,-513.1037392705971,5749.965297527368
7.5,330.00000000000006,3211.206200612806,-479.2121415191525,5227.774177515051,-757.6269325160379,5392.188431775598
7.5,335.0,3396.205588775106,-363.46909871831963,5523.588549006145,-569.0250012378422,5620.813866910713
7.5,340.0,3644.0086357921664,-364.9824269320551,5898.974596653743,-564.5125401646299,5914.143943994877
7.5,345.0,3580.57097092885,-292.53851709211267,5830.771982215452,-435.8461005497379,5842.356224859345
7.5,350.0,3398.868364686882,-697.4001100074049,5558.652788238084,-1069.7207058132071,5600.280626693567
7.5,355.0,3461.3991587065816,-346.96863098743785,5654.612148768296,-529.7424374568917,5699.115460493885
8.0,0.0,2996.57819261081,-135.30012990680552,5095.623015179044,-202.70224122673244,5149.226811436908
8.0,5.0,3027.2902594910543,-150.97780096130452,5154.405113655661,-227.14379579531249,5186.06901535367
8.0,10.0,2996.3470322583253,-85.59283959182835,5111.361001239967,-123.13261647103536,5149.87352569658
8.0,14.999999999999998,2958.2542788558667,22.58887508783573,5053.476330830336,52.49818450158887,5104.2285803937475
8.0,20.0,2906.491806207952,2.68711129456085,4976.164694539932,16.00466621558894,5041.297600628225
8.0,25.0,2865.1824747440537,15.490834779684747,4913.695680645935,30.62914851660662,4990.877031410735
8.0,29.999999999999996,2850.955592941362,128.46228590326405,4888.331895152669,217.2067052309751,4972.003168146052
8.0,35.0,2758.7772104217256,143.68272702449804,4742.322562055599,234.87820636037304,4858.486595438527
8.0,40.0,2643.756603204504,246.2116786237923,4550.745496023926,404.2190342468068,4712.235367689673
8.0,45.0,2803.8720160676976,180.75909975061563,4788.644548804736,294.5967490333751,4912.795013215149
8.0,50.0,2775.3097573197315,300.48570919665053,4725.262842644777,490.8590193314799,4872.239552469841
8.0,54.99999999999999,2806.417700179836,322.94506683759005,4756.598756788601,517.2096121157483,4909.276197944943
8.0,59.99999999999999,2859.037396828634,349.8608007076755,4820.650110971088,550.6608657017373,4972.345350783599
8.0,65.0,2808.786422633454,348.96981314538516,4740.923399461428,550.6652037426336,4910.584582806098
8.0,70.0,2824.5572388155238,433.1629368544437,4756.161491016575,660.8073537040455,4924.041786821528
8.0,74.99999999999999,2910.940591462627,211.08628772937266,4887.881745231848,319.18695557035494,5042.786109541612
8.0,80.0,2903.2516406220666,288.7204953750793,4848.038999573958,439.4981735610859,5029.98415070738
8.0,85.0,3220.9565934498355,378.8985578048474,5288.651938018965,562.9866288750994,5410.28968790101
8.0,90.0,3328.8011980367883,591.0895524205987,5433.036236246313,857.188966631336,5525.270251077717
8.0,95.0,3455.649590571868,-66.95054431364258,5629.8492100403855,-102.89000797719143,5700.053675517728
8.0,100.0,3453.36577601205,-151.24476186603863,5627.424389088414,-247.56180038405012,5696.110527164193
8.0,105.00000000000001,3543.486774270267,-25.408753758929038,5761.6922916022195,-50.73874642050032,5804.063633083016
8.0,109.99999999999999,3570.662725717581,-184.9198632501732,5790.629945768589,-279.25823085897514,5833.93728419728
8.0,115.0,3402.5581967036887,-58.42985167369261,5556.450905341593,-89.7093792685032,5637.207245538842
8.0,119.99999999999999,3404.614620459989,33.743867147710034,5558.434555724486,45.48067572107175,5639.804312667274
8.0,125.00000000000001,3568.5284761884623,147.97866652743937,5784.211968179416,222.64166844903457,5832.207744753002
8.0,130.0,3443.2976298160406,62.92201317512672,5610.746612935849,100.4205945946178,5685.464394619679
8.0,135.0,3431.991471847934,-121.08659573742375,5595.47855639499,-198.04397108211197,5671.341768751924
8.0,140.0,3493.489073074709,-228.2047689767944,5700.125029672594,-356.605769928522,5741.659138959338
8.0,145.0,3482.280236373739,-150.4261837376423,5687.366462423004,-237.35354772039818,5730.349069362446
8.0,149.99999999999997,3543.4712196210676,-224.37013618944684,5785.513725411858,-353.3707813469696,5800.834104904724
8.0,155.0,3607.0897649661533,-226.96745712036386,5889.537406147822,-347.006762979815,5875.74219860968
8.0,160.0,3477.9520684763397,-232.76705426731917,5713.552992748425,-350.577251254108,5723.132020818849
8.0,165.00000000000003,3330.1480840271593,-346.16641883174015,5495.506811319674,-531.7967103389955,5542.870072675484
8.0,170.0,3379.4492346884044,-158.93581187426173,5575.096069925198,-240.23450508165172,5608.2475859948645
8.0,175.0,3332.9526211088128,-208.30055884876577,5507.829391320323,-307.31788685965705,5551.629108714637
8.0,180.0,3297.3758936179365,-167.92836353110073,5476.864752238784,-248.27410168395795,5510.285499909608
8.0,185.0,3211.96308830348,-142.10476868087375,5354.249472317254,-213.28053318455954,5408.724355827304
8.0,190.0,3230.073290733107,-93.96136295621852,5386.805390921352,-135.2779284458246,5431.270892085733
8.0,194.99999999999997,3182.552732207706,1.3269023125038757,5319.223951870208,11.963377407270627,5374.999055506468
8.0,200.0,3079.3891212568114,-35.0197925901482,5169.12028977883,-55.606713020986945,5250.802811373206
8.0,204.99999999999997,3117.7692019318247,-79.4870497645934,5229.951625076989,-121.61855585093735,5296.649677813152
8.0,210.00000000000003,3056.2043501028534,-55.309858084287725,5140.709585313297,-86.12027385129704,5222.665342758863
8.0,214.99999999999997,3000.043235186556,30.439092910930412,5056.9062776367355,47.79318748641708,5154.894049166735
8.0,219.99999999999997,2961.7020540458693,35.74396523115615,5001.779629493119,54.13693438846303,5108.350212642797
8.0,225.0,2983.0893996837935,-26.11957937886973,5029.218179438441,-49.8889088148926,5134.360190694206
8.0,230.0,2948.7856094460517,64.00448204200438,4976.346286924365,95.29462133613015,5092.41228760506
8.0,235.00000000000003,2811.74181051286,140.2481351514441,4765.817144159916,216.15645111133472,4923.668512953184
8.0,239.99999999999997,2770.2199277746613,99.60398167261201,4702.073673665665,146.5045764816391,4873.592764138627
8.0,244.99999999999997,2749.760860814052,139.22049043545871,4669.746921215916,214.01810661521927,4847.505040793731
8.0,250.00000000000003,2789.475285020677,173.65792366933783,4729.9547838925855,272.3336969337281,4895.343463136158
8.0,255.00000000000003,2723.779861974435,283.00601374911685,4617.381228898677,454.61156448381826,4809.55412804651
8.0,260.0,2757.0074241144043,324.52615561105284,4660.087346189452,506.8521081934823,4848.223990641374
8.0,265.0,2787.205038078469,347.13213432437817,4705.227267904338,544.4149161298428,4884.090130579111
8.0,270.0,2624.438237084505,368.01189623291384,4451.571647067569,575.2897134578299,4680.537497782112
8.0,275.0,2837.526712275486,362.7784686685378,4760.483073942773,553.8826800142872,4945.077074688191
8.0,280.0,2936.887808139231,79.42771257800683,4915.044164046946,106.72588318526846,5077.751219242074
8.0,285.0,3207.2345720900666,175.31168537141957,5322.4555962177765,253.42924212124035,5402.258706204847
8.0,290.0,2915.934327810956,-292.1267241474187,4884.984973194241,-459.4370572974517,5045.31285492317
8.0,294.99999999999994,3299.575826483873,-20.894873691388284,5442.662257501442,-33.56725477163263,5514.922810978685
8.0,299.99999999999994,3266.0799538573883,-186.97948518509043,5370.660200467714,-282.4516930204172,5472.406283909352
8.0,305.0,3096.9484459500513,-222.03127301114546,5137.810069253978,-345.7912905801463,5268.129546982313
8.0,310.0,3024.8159775965896,-207.3628744606067,5037.782081293404,-332.1466748483658,5181.396926409526
8.0,315.0,3010.1032939513734,-87.16844988606931,5021.766438160109,-142.18099923651243,5166.5212746552725
8.0,320.0,2962.664492723492,-155.89713448865632,4967.142302913484,-248.06871048114954,5107.53987346447
8.0,325.0,2982.978963808152,-386.36576266796374,4999.488823932452,-624.0187344387355,5121.703443698312
8.0,330.00000000000006,3201.173921175393,-339.3726459900315,5331.016754890121,-541.3756613744724,5388.617133130304
8.0,335.0,3144.4861944596255,-494.4809316077567,5249.72925236101,-778.8964921256343,5310.4306351657515
8.0,340.0,3172.3618588401982,-411.65489366907195,5308.947991173973,-643.9115591374984,5349.818411377926
8.0,345.0,3203.015000179443,-251.56993006562038,5366.235049497289,-391.6723634689703,5394.7355650825
8.0,350.0,3299.6354967232796,-417.2670015722685,5518.688594154943,-657.2910244167964,5502.517496244544
8.0,355.0,3020.5178101681613,-349.36978136419486,5112.077157116755,-554.075365372032,5169.66075169315
8.5,0.0,2715.5596265807835,-109.82893803762272,4768.471820411265,-174.00960544520058,4806.049231991949
8.5,5.0,2693.7518664480244,-61.785039245460865,4744.203033406927,-90.82131757357587,4779.9375154775025
8.5,10.0,2659.587876930586,-49.53136110110961,4695.675873628599,-72.84008615911216,4737.814088818149
8.5,14.999999999999998,2604.1047002252226,2.0883621013780385,4609.9145717455995,19.321250453732546,4669.224786115701
8.5,20.0,2562.118264604691,13.127518226535017,4540.941661669573,29.41585096661288,4616.929789705284
8.5,25.0,2557.0003306266517,28.13146516034317,4534.075674769834,50.638054990592764,4610.479162631826
8.5,29.999999999999996,2522.8132019556933,140.7083112746418,4469.659966247136,238.08868635200747,4565.6699843527185
8.5,35.0,2483.4349997576646,170.67566154712563,4392.520952917355,285.19734581317584,4515.235180287594
8.5,40.0,2624.776165496566,93.8859334057845,4603.217615252569,158.724306643589,4693.98631117333
8.5,45.0,2542.652626036648,198.19502544347984,4464.707620504675,333.2285037489519,4588.367987282714
8.5,50.0,2500.809393370918,268.92261347745693,4385.668659295379,448.8289761509802,4532.242885419012
8.5,54.99999999999999,2457.247405324935,300.0270447703556,4306.9461886288955,491.0554372229981,4475.340601511128
8.5,59.99999999999999,2495.580249492871,324.8109956811235,4350.569214318023,518.4405559911943,4521.986006902129
8.5,65.0,2546.136803923143,437.4655769181021,4418.151585653216,691.9212180309594,4576.463791333813
8.5,70.0,2737.9013479054315,236.07072220201655,4716.7158423188075,352.1151698490057,4829.367812649277
8.5,74.99999999999999,2735.6508628909746,290.57501703448645,4716.055410106577,429.91503500063936,4823.81833961513
8.5,80.0,2661.188434057547,158.28225725032763,4610.828857551053,252.68560620247763,4737.496143952522
8.5,85.0,2645.4436572159134,162.1021136430726,4541.294472038955,280.922245067245,4717.841580737511
8.5,90.0,3088.7606696934527,216.35325855093814,5227.099051255893,314.1391210686339,5258.442760278506
8.5,95.0,3125.1212502148715,70.51992224589469,5244.4584016175895,88.10723084193921,5305.606250538448
8.5,100.0,3134.8198201294913,-90.11374960321803,5261.864161416761,-156.70880592390188,5317.027593532918
8.5,105.00000000000001,3201.627489583049,-55.26782797146484,5370.4446687069585,-99.05917593145068,5397.637008628135
8.5,109.99999999999999,3164.209626407561,-57.70975502827673,5317.93746743319,-95.48915425168002,5352.726024562038
8.5,115.0,3025.790778059758,-77.00593027736136,5110.395105874309,-122.57849123641904,5185.655056721867
8.5,119.99999999999999,3065.510989738314,65.66581154763094,5173.202160976285,101.76374577302613,5233.802688281055
8.5,125.00000000000001,3031.4908496119324,23.673639369897273,5120.810983715148,39.80685398600417,5192.997925916537
8.5,130.0,3062.550294184258,56.09049903425216,5160.166673854012,87.60611318396423,5230.322788690838
8.5,135.0,3139.2065363441143,-100.32415270549063,5280.155932160474,-174.1276615073657,5322.151476457528
8.5,140.0,3125.5962609623243,-140.97079799280436,5274.124080563912,-229.1690455284861,5305.001134416678
8.5,145.0,3039.7655162611213,-160.69476582557604,5155.8522150858025,-257.36965402994065,5200.919616950985
8.5,149.99999999999997,3156.3611551265053,-251.8759098321991,5334.506136518707,-390.643598607224,5338.63715760474
8.5,155.0,3148.730739569629,-220.96690794718552,5326.229643244054,-342.7980417783499,5330.584768292914
8.5,160.0,3161.055401014679,-144.66162291226874,5344.329878681607,-226.231495003522,5347.572642298045
8.5,165.00000000000003,3170.805762331692,-164.29658428642006,5376.548250691483,-258.9795353104687,5358.819618184497
8.5,170.0,2972.765625686315,-124.99975651194416,5079.612430128571,-185.49057213134904,5120.5555112813245
8.5,175.0,2972.3357694659717,-134.39468458562112,5093.468090782426,-205.9132089495494,5119.825218188669
8.5,180.0,2881.468639304032,-116.51174590388145,4954.793223087341,-176.97438808561188,5009.563771107056
8.5,185.0,2913.4105361116935,-88.4177076273717,5010.9398886526915,-135.05201451772416,5049.036042566007
8.5,190.0,2875.199212626597,-27.85943904593131,4961.23838233952,-31.498521782465104,5003.061453936324
8.5,194.99999999999997,2792.8912259245717,-16.854132799614263,4836.841592817149,-20.914610316601284,4902.3586556237715
8.5,200.0,2798.876794719703,-42.77200330955043,4846.0068765226515,-70.35602358062215,4909.557419573106
8.5,204.99999999999997,2717.9679391414484,-29.462190193429024,4728.322749485902,-51.41252877072611,4810.124866982801
8.5,210.00000000000003,2659.4618352535413,17.708853299760676,4640.647079792114,30.711330114729662,4737.876471959469
8.5,214.99999999999997,2620.1590509977577,54.41000599727363,4579.872088870121,88.45176114727565,4688.862802985693
8.5,219.99999999999997,2634.1614575091885,58.55139608068271,4598.970117742925,90.73564338473261,4706.195738069737
8.5,225.0,2534.6955960540226,63.93685383133811,4445.400324013868,91.2187070479822,4582.267102468699
8.5,230.0,2533.2075697793193,84.34675840925479,4440.247427400813,126.93457369796442,4580.073878540335
8.5,235.00000000000003,2509.6980710822045,131.67843376492692,4397.692218297412,202.31600863205563,4549.515056408608
8.5,239.99999999999997,2483.492701213806,102.00482414586031,4349.9172076381055,149.80675955643255,4517.428927179898
8.5,244.99999999999997,2462.129832941071,140.81555711206204,4319.112525589592,212.9955410026605,4489.508318627344
8.5,250.00000000000003,2427.274146783061,168.07656812062692,4270.165187848264,267.90658815295205,4444.61016327295
8.5,255.00000000000003,2423.1873607479747,297.3792530681027,4250.258949176986,476.2579923494127,4432.4251985091005
8.5,260.0,2496.7115537375116,237.41650604870296,4360.780851224183,381.2823413679105,4528.863627830415
8.5,265.0,2555.6654562350095,268.08203516971173,4438.287194920947,437.82730131446317,4601.139857778153
8.5,270.0,2615.4555100122743,266.07516056491977,4519.135949034629,420.12967371320616,4675.956666106462
8.5,275.0,2778.0431735699885,128.77968794662468,4749.189860731346,205.8746073817889,4882.575790581476
8.5,280.0,3051.217395118906,162.58770440576166,5143.998122540869,239.3618674866584,5214.72291676209
8.5,285.0,3106.759029862383,24.8446419912907,5233.330789617311,38.61515926553625,5283.844381654671
8.5,290.0,3060.6217248696876,-111.37275433256525,5156.128498726729,-184.37790476895498,5227.237387023348
8.5,294.99999999999994,2953.080993428036,-115.57252675002655,5004.206002668845,-181.56970438386725,5096.83252568488
8.5,299.99999999999994,2884.3628746349964,-11.204138413999544,4909.953005834342,-19.216042062062115,5014.304524985645
8.5,305.0,2866.2281324086566,-108.22371928300072,4892.009216420881,-180.47752880744974,4991.114291880062
8.5,310.0,2691.841770056222,-63.59898303057025,4632.097329759681,-114.02415055366009,4777.554488020047
8.5,315.0,2787.2858530403178,-26.952565782708007,4789.32924794373,-50.26140833549516,4895.436278307978
8.5,320.0,2824.5568990728398,-127.38139775126956,4845.9645137453645,-202.96004321240753,4939.702050345985
8.5,325.0,2906.6911571918854,-366.70246271124506,4970.090212533791,-593.142505825384,5029.727249674176
8.5,330.00000000000006,2855.01823552188,-342.9158096975839,4906.363494551952,-550.8105197778489,4967.83982757803
8.5,335.0,2856.8067282560164,-442.77763830336585,4913.334998711802,-708.291882139267,4963.052794601576
8.5,340.0,2895.057479115746,-339.26649441396216,4988.158822044355,-539.8602858200115,5017.169831045033
8.5,345.0,2890.384069598633,-318.90328069867206,4998.897892114203,-504.2158194414425,5012.625049779663
8.5,350.0,2880.5980773933065,-287.5571164780563,5001.40047882868,-467.31953625032776,5002.324577172879
8.5,355.0,2725.176092607871,-296.01523312561017,4760.501968366194,-485.20871485645745,4810.552032177142
9.0,0.0,2427.195486068551,-200.4771796968853,4393.537897857961,-327.5047106765487,4443.1131684885395
9.0,5.0,2429.4041504699762,-70.61429649178757,4414.375504332939,-108.04906610369562,4450.027872360255
9.0,10.0,2383.0110214845613,-54.22937449561908,4341.784527923667,-83.31104166222678,4391.700178072664
9.0,14.999999999999998,2361.567598792287,54.18652271954443,4308.709058653722,100.51196715854678,4364.554023309952
9.0,20.0,2296.5078039746177,44.18619834818173,4199.450319654366,78.63698597645157,4282.014043939873
9.0,25.0,2282.13916960263,69.48878952571113,4177.83964647059,120.25779039939925,4263.321977921198
9.0,29.999999999999996,2220.4004973204455,130.5023939444277,4074.0968022946904,227.90891682816846,4182.6762367202855
9.0,35.0,2241.772497656678,161.33773450336298,4097.837849152765,281.43033193231713,4208.901223856937
9.0,40.0,2247.3192986677714,119.64181799598032,4100.39558500906,204.97335032359615,4217.564451870358
9.0,45.0,2208.294360445313,253.89885338994304,4018.105348531474,432.5734663241226,4160.701766526925
9.0,50.0,2192.851295146355,295.47370212413637,3983.45937421934,499.5298595693546,4137.666481208007
9.0,54.99999999999999,2159.1464811687124,309.7535476553095,3920.910648885242,517.0795471506385,4092.772661938826
9.0,59.99999999999999,2124.4129243248753,286.5040074509599,3858.3051360909376,461.13089699857437,4049.514931967995
9.0,65.0,2269.263754455198,253.15085799341932,4087.595815909341,401.8725097876875,4239.184538760967
9.0,70.0,2392.859261300159,193.0011588223398,4281.307819770347,300.28883827659774,4400.032858541336
9.0,74.99999999999999,2514.5238153385744,90.38722675128133,4460.686854574541,128.046587061212,4556.581489938084
9.0,80.0,2661.5045496107746,271.55041312703196,4689.555040895619,413.12092871317054,4732.965893215996
9.0,85.0,2251.268700635442,437.383729479353,4082.1074646269203,749.7384489902512,4199.731355635645
9.0,90.0,2600.9288424325787,-201.8267195489172,4589.481564825037,-317.48558443036046,4660.984601841016
9.0,95.0,2622.217570460365,38.21509943226732,4627.697252776318,52.36990135740973,4691.575745678479
9.0,100.0,2791.925205283573,-187.5109579605592,4866.62782018699,-306.5471704401149,4897.883723337899
9.0,105.00000000000001,2832.239950840092,-146.1931041443337,4913.820502889524,-234.59113246788047,4948.6414389080865
9.0,109.99999999999999,2827.3220919121577,-5.7351497796730655,4914.721033674696,-17.195257942473972,4944.590284555107
9.0,115.0,2708.7278130427558,-60.0768443758127,4725.700177655886,-100.98263020731451,4798.452818058353
9.0,119.99999999999999,2750.4049911787265,52.31130681129821,4786.30098980843,81.88205637343367,4849.9076630514
9.0,125.00000000000001,2797.372342574922,59.18427245896805,4864.2345436647765,92.56780192248789,4907.5538608034185
9.0,130.0,2666.3241505342085,91.27973374040221,4672.580277942993,146.771615944117,4745.55723572265
9.0,135.0,2791.331669162076,-161.674685279781,4869.583899601546,-271.5967105579989,4898.003492225425
9.0,140.0,2815.62007634555,-95.12300628267462,4905.1130574580375,-158.73112138867464,4929.414691844172
9.0,145.0,2989.9175093085087,-152.32861052216435,5170.325024712157,-245.4670609783252,5140.732609180304
9.0,149.99999999999997,2922.9313156084945,-213.9251264784284,5077.254489357045,-342.2417369412294,5057.307552362096
9.0,155.0,2817.3667687041834,-215.80577691774943,4924.408715256954,-341.6460334991709,4928.072681068496
9.0,160.0,2741.382159516621,-100.51885474296,4816.982700631847,-156.81815786265747,4838.082442166525
9.0,165.00000000000003,2804.8608792069376,-111.95813150760398,4920.071173591399,-179.44090725020897,4915.893528170444
9.0,170.0,2663.6286797022863,-112.86616522243247,4697.879701386542,-179.22884537995208,4741.771256769819
9.0,175.0,2742.7141301274078,-99.68832083668241,4850.535923256784,-150.74809298830206,4839.739452408178
9.0,180.0,2613.474811674503,-48.45521664392468,4638.559744473874,-71.27336127661749,4680.6236758555315
9.0,185.0,2522.5483269905253,-68.8024605636607,4501.187090528837,-109.88110993572212,4567.006323602967
9.0,190.0,2511.0932266829104,26.415045265092942,4493.9145108633775,53.5250845306291,4553.1202337882705
9.0,194.99999999999997,2473.291391987628,-17.804217098119807,4432.682008041806,-28.51409609069674,4505.772653066328
9.0,200.0,2482.975941427861,-27.67227299030833,4455.244596289838,-47.541289390676866,4517.875813229612
9.0,204.99999999999997,2413.0595385541337,-27.450791722032477,4340.071151223414,-55.41381497971702,4429.919980126741
9.0,210.00000000000003,2474.2896761053253,60.600817815727396,4442.122626041258,100.83388621854351,4506.642178659441
9.0,214.99999999999997,2355.503733743508,55.11945133417589,4247.566817385523,89.84343997716451,4356.85591571725
9.0,219.99999999999997,2335.4109365732156,50.033986510217574,4216.916804072022,79.70623205845936,4331.42833349408
9.0,225.0,2291.087680287177,81.91919442807898,4138.833831627249,121.16533496703073,4274.492937954567
9.0,230.0,2178.393009792451,156.8776088644223,3965.650641993255,241.13888755894504,4127.5670840763305
9.0,235.00000000000003,2197.2379977158093,136.31164532648017,4006.295185316022,208.73723690012707,4152.684164494454
9.0,239.99999999999997,2125.6349211508114,118.02510601825566,3884.4730832666874,183.93662784738694,4060.867650150159
9.0,244.99999999999997,2158.838655051712,89.73258348131128,3935.4617730616546,122.65416416034532,4104.650852013293
9.0,250.00000000000003,2240.882310704952,247.9927223545808,4053.2154044691424,407.79784886716016,4203.071108713035
9.0,255.00000000000003,2315.958455675185,174.53537944719278,4164.795468499719,276.13235988792974,4303.1705176815985
9.0,260.0,2417.1415914796607,217.67030730701606,4313.341413080435,359.4325008971256,4429.563690546318
9.0,265.0,2402.4387758245844,182.44156239039611,4274.606662012387,313.8900586481199,4412.631791480156
9.0,270.0,2639.7691579408274,166.45997724446303,4623.110859002605,277.26184528995424,4710.650153266108
9.0,275.0,2754.4928410100156,137.21766695368711,4798.162895176632,222.85009042224928,4853.386212302328
9.0,280.0,2699.370337176971,-33.482527549422116,4711.479283319191,-46.90350042289003,4787.147178967812
9.0,285.0,2791.628478425992,-11.071927397862623,4854.4767895509185,-22.97039807604483,4900.824165791041
9.0,290.0,2854.9489831017604,-28.5939580976476,4943.643756060996,-47.62141097096969,4978.318861145536
9.0,294.99999999999994,2688.032712389671,-88.66215699909594,4686.671622885748,-155.47124689321095,4772.463934241302
9.0,299.99999999999994,2663.377483463716,0.7505662924056651,4668.616949008249,-1.4429095907789815,4742.756542784602
9.0,305.0,2593.1620449126385,-44.29506552387943,4560.932770134361,-90.47861004475999,4655.407635611291
9.0,310.0,2528.522050994191,-69.79844834714822,4479.713461078869,-126.4337898721028,4574.46273439687
9.0,315.0,2648.5512563725333,-153.03850433997968,4664.33600025781,-243.7267971655333,4721.99035486359
9.0,320.0,2713.0981174736953,-192.56664392101493,4758.494116234361,-309.34830454960684,4800.545467419076
9.0,325.0,2690.426791397923,-332.50639779326707,4726.337930778455,-538.3147252730714,4765.231741443028
9.0,330.00000000000006,2707.5326652749914,-373.3224319476295,4759.839416449768,-601.5773505327252,4783.665406336251
9.0,335.0,2719.055959793552,-354.469737927878,4790.731944096928,-575.1673603291636,4799.294440557739
9.0,340.0,2616.441736378033,-327.09124127945927,4650.637774572989,-530.0013813617093,4673.455903882863
9.0,345.0,2594.7965916207695,-271.33437129943434,4636.834390556962,-440.62150581268247,4649.887813668855
9.0,350.0,2565.0108465253975,-201.28103827344341,4605.712609381065,-331.0277479008295,4616.192200172079
9.0,355.0,2531.241427965753,-209.99681634683517,4562.696321797115,-370.02250505828965,4573.553679989927
9.5,0.0,2213.7880594020753,-86.52901368767925,4137.824218948037,-144.74460596552672,4175.477306035677
9.5,5.0,2173.3350517588074,-56.723660175893855,4078.4867494189534,-93.16529501457245,4124.028261976373
9.5,10.0,2129.5419809297073,-15.571226784200007,4008.7182614197536,-20.470170172585426,4067.906421045527
9.5,14.999999999999998,2093.4479303119865,67.11393119310168,3950.251174739706,125.63206178080543,4020.4921204762113
9.5,20.0,2079.620919930886,48.92692819321087,3921.575971412743,84.23204518634634,4002.8364656175495
9.5,25.0,2046.883818521915,96.01742553975771,3861.4294041591875,165.5662971487195,3959.1422332582124
9.5,29.999999999999996,2099.058174200369,126.09477104949292,3939.203416813791,225.0276120831711,4026.0951053379645
9.5,35.0,2094.246793649504,164.55289534798976,3928.306993423041,295.4209161310198,4018.191268480344
9.5,40.0,1997.7573308020828,158.9475847858199,3759.98798338473,279.27519961857047,3892.28109929799
9.5,45.0,1956.0377237929767,255.62130606881396,3676.8173535155174,443.5680100377101,3830.7889292973073
9.5,50.0,1953.9555607953273,289.894153955736,3662.7649955925813,498.73858849517455,3825.0087981214256
9.5,54.99999999999999,2001.3469677446933,330.3903289096464,3730.1105778728597,553.6276608983337,3883.9007877435024
9.5,59.99999999999999,2107.381334162612,182.9188373154575,3902.438937709999,292.2954370505238,4034.340453845376
9.5,65.0,2184.5899215603094,133.98803352785865,4020.858686961224,213.5021685839954,4136.480324740809
9.5,70.0,2276.082056352855,188.8694692979226,4157.246086745054,303.4048362779404,4251.588335178126
9.5,74.99999999999999,2385.0369972673157,104.10990633182325,4325.879741345555,148.94765321857085,4393.306656839385
9.5,80.0,2533.701492864742,141.53020614064832,4549.178574703707,213.73892970080055,4579.271508068139
9.5,85.0,2911.657766648096,373.2583660108854,5097.133643307897,607.6709088308901,5035.388946670097
9.5,90.0,2713.5446888557562,-166.48678389099967,4772.84645028416,-245.26606490476144,4802.018606373386
9.5,95.0,2838.719248055654,-40.14424371377865,4973.885473633564,-49.38921952609354,4958.395884996179
9.5,100.0,2719.2897520532124,-67.63740204771113,4812.963885909212,-125.76175396335077,4811.389741434445
9.5,105.00000000000001,2597.3652888466704,-48.086795815014625,4635.1194561346765,-79.31623193970677,4660.599806672713
9.5,109.99999999999999,2547.2240702118697,19.142006577734264,4565.541486815673,22.80547332955166,4598.324948108167
9.5,115.0,2607.5081816878846,5.224929333068189,4649.103857457438,6.6592714556313695,4673.453008178519
9.5,119.99999999999999,2525.9017098286267,-3.0991625354172356,4524.693471637284,-6.392849086665819,4571.724004708176
9.5,125.00000000000001,2539.734562356736,78.31378107551222,4547.784241925151,123.4112384783225,4588.339467663096
9.5,130.0,2733.7237679838263,49.39668348049781,4852.928486310612,76.51168056379993,4829.39383090806
9.5,135.0,2673.638814556492,-165.27556479199802,4761.466662258718,-272.803872733095,4752.695510431373
9.5,140.0,2668.4637778377723,-147.9764936011734,4757.870709798948,-244.68030819872956,4746.832059699849
9.5,145.0,2661.8666406321486,-183.0322973176735,4758.346787802921,-297.8229602677179,4737.479908733932
9.5,149.99999999999997,2616.035968662782,-211.31337947217082,4693.492236812568,-347.8593005776627,4679.390892825032
9.5,155.0,2548.3662612996736,-115.13184075593449,4599.150893437687,-186.19704581201654,4598.344865091636
9.5,160.0,2452.6093004743216,-151.31619998053384,4445.476729911808,-254.84427494846432,4477.172553167299
9.5,165.00000000000003,2451.1352083217407,-95.41578499846742,4454.137013230651,-157.79981387368082,4476.912355531282
9.5,170.0,2465.8755213556806,-65.84620387125238,4482.706629276528,-108.47696699616995,4495.9973879634545
9.5,175.0,2382.8600411804387,-68.74096154360114,4361.123587655949,-113.78188596445966,4391.292788155984
9.5,180.0,2313.9722837651207,-59.03128545736428,4251.157938045937,-88.6491275031736,4304.054154226857
9.5,185.0,2292.821896913942,-68.74890311351274,4229.476300806064,-123.02531139350896,4276.959639147225
9.5,190.0,2245.994314678455,39.08846203319814,4155.144580906824,70.52444283760417,4217.566689630169
9.5,194.99999999999997,2192.0949867263193,-17.486516580161265,4058.8653986395816,-27.392655927420833,4148.584125953404
9.5,200.0,2156.6306520548533,31.94428297804268,4010.30709204126,52.88156415906087,4102.796818025835
9.5,204.99999999999997,2128.497892651163,-15.014709255308503,3962.2394341655863,-38.332368914323524,4066.557992617887
9.5,210.00000000000003,2148.745097856255,100.49414067649411,4002.0159995223553,169.65393695926014,4091.3230837701003
9.5,214.99999999999997,2135.8690281463496,68.28015137104887,3971.145228132764,117.04394349424933,4075.45338849773
9.5,219.99999999999997,2047.622503877749,114.8279941644497,3828.9816388522395,190.76487199402914,3959.4983942662925
9.5,225.0,1950.2842333342414,97.57207046687586,3667.7556433320187,139.8252265382314,3832.3119478073404
9.5,230.0,2001.05287818436,70.3002068103624,3755.3748005341513,91.74086112550003,3899.8383681010773
9.5,235.00000000000003,2094.9232861931896,132.77888723631008,3907.4848617764446,205.1300436517638,4020.465375513435
9.5,239.99999999999997,2023.283215338931,197.43986793644592,3788.0942695612102,315.0790874313143,3923.6581128613875
9.5,244.99999999999997,2109.52799088838,-11.404654007511908,3925.264891128686,-36.041263842810395,4042.003659772636
9.5,250.00000000000003,2122.840985215693,216.1375530512439,3938.1989199973486,376.02443501421044,4052.5187334178895
9.5,255.00000000000003,2303.053578346389,127.27798303268037,4215.783900085257,210.0664136548453,4288.531388700016
9.5,260.0,2311.944297711888,126.95965995659452,4213.656101555218,231.88518691579725,4299.869482844083
9.5,265.0,2428.574860483784,110.7689579142882,4380.24251448209,196.82657342079415,4448.126258921272
9.5,270.0,2322.3801195453634,100.55028756526693,4212.889153731594,177.5570241056404,4313.9116129933645
9.5,275.0,2440.477773159477,44.942562971968044,4384.5475558470835,83.11219585468268,4464.323364127995
9.5,280.0,2579.7322499203133,2.6125792586236685,4606.679250803711,-0.20921627516258923,4638.8982367179615
9.5,285.0,2588.885282695072,-78.2940065045018,4628.707397545178,-119.18355707541309,4649.6414934944205
9.5,290.0,2501.755428997148,-27.228348673098594,4486.570908600295,-40.970510453750194,4541.421623954762
9.5,294.99999999999994,2427.4507976817094,-102.48945195962608,4364.233821413075,-186.86798354122084,4446.916581411399
9.5,299.99999999999994,2445.736689846161,-46.220701969711854,4410.8691530754095,-89.36552023435115,4470.928699292942
9.5,305.0,2342.502052750309,-73.60595233566278,4251.577646108014,-140.0856978647048,4340.067431192834
9.5,310.0,2696.2459198404704,-79.97643903963603,4807.798487592156,-143.253275371967,4782.76137999572
9.5,315.0,2559.2259370235333,-134.2811900067461,4604.281410867106,-217.99495686190812,4611.388344873821
9.5,320.0,2500.1610186778307,-295.5108840626774,4510.722649005984,-479.1479421949862,4529.765449963037
9.5,325.0,2567.031189982845,-241.21790011755252,4618.538862370295,-387.7859150070128,4616.826207269837
9.5,330.00000000000006,2534.8816261863176,-330.40887768863,4578.084636084036,-538.5681368678047,4571.05492565081
9.5,335.0,2451.3489177306424,-334.51311548872286,4457.024432615572,-551.745899370505,4465.398855400117
9.5,340.0,2380.911872294991,-289.4570861301502,4355.921813770823,-484.4468380382448,4379.314442839929
9.5,345.0,2303.266548396904,-221.66930555558486,4247.090123846731,-371.26473106669664,4284.6190069621025
9.5,350.0,2283.587179954422,-154.56681077821568,4227.9814285434895,-265.24909839662524,4262.7046748572875
9.5,355.0,2256.712157054615,-217.75744879340584,4189.715969387539,-379.4614754754923,4225.2478051373255
10.0,0.0,2021.3535115757477,-49.0041332717301,3896.8806076222754,-85.91094379538845,3926.8323117755413
10.0,5.0,1947.878455644438,-51.470150761761346,3774.0516267054536,-88.8241258946851,3830.2779374600086
10.0,10.0,1928.3645874485594,23.599882863905293,3740.4558162164453,46.123321444589465,3804.8664507587414
10.0,14.999999999999998,1907.6453534767984,52.12379386698615,3700.994879737952,99.10334269030636,3777.08259764845
10.0,20.0,1898.3371857651919,32.67172109081173,3687.2544796856,55.625157243838885,3765.0286732668615
10.0,25.0,1900.4277505681673,51.89490525518556,3684.769128142014,87.54241597224586,3767.5198628736116
10.0,29.999999999999996,1841.591836854858,119.85091158367345,3583.861963235723,211.03121226285657,3687.1184617347067
10.0,35.0,1877.9392369774719,161.6748713442414,3638.0888506315914,294.49305131176106,3733.55274616967
10.0,40.0,1809.1730855235419,186.98430800541712,3504.3944318790614,335.6648948424263,3639.8765481741934
10.0,45.0,1809.6561490671365,215.5476833402971,3491.2860378259834,374.8902956422003,3638.415369202096
10.0,50.0,1818.036193269319,264.5863574162586,3495.901160342292,459.99433073796695,3645.436204142406
10.0,54.99999999999999,1900.5725859909285,175.78676454283652,3631.954716846295,297.10028096865653,3762.865049562665
10.0,59.99999999999999,2025.3844957451006,161.30732220013851,3823.3712815964236,269.5690622223358,3928.424303593825
10.0,65.0,2108.8594371540603,84.3159707166086,3966.5444312045474,132.0222055764516,4040.1123150411754
10.0,70.0,2165.671172538414,57.44315497819184,4048.1628003648802,86.6391605381632,4114.137136696599
10.0,74.99999999999999,2292.154158693545,65.0404229534887,4239.529443122104,99.69601802080047,4276.172338975743
10.0,80.0,2416.3060128869874,47.51613202955622,4425.961825631027,84.77152557252646,4433.836468506392
10.0,85.0,2628.901118749536,40.23427417244474,4760.613672795842,86.00153038014923,4699.855989911598
10.0,90.0,2485.336193966592,50.8771312598254,4561.384186170537,98.11819565283048,4520.629624059026
10.0,95.0,2406.397391602703,-34.59255226119845,4422.377534626847,-58.55204488073912,4421.460084119853
10.0,100.0,2437.5001545974815,-78.55315573209407,4460.626345863049,-137.44753550488292,4460.0886912882215
10.0,105.00000000000001,2362.535353408508,-18.742239719468216,4347.946646422366,-43.204570909814265,4366.098113762175
10.0,109.99999999999999,2388.4603932858454,-68.3695689831967,4387.674067805103,-116.88594247516039,4398.381733736765
10.0,115.0,2376.787337908713,10.28980264160748,4364.140646654698,21.210270911332145,4384.171559143925
10.0,119.99999999999999,2407.032841409904,3.5472913764276655,4404.067259825627,1.435870122584447,4422.40362411596
10.0,125.00000000000001,2383.1696978417917,109.48524787485007,4373.264503546617,186.68082092355962,4390.804881261864
10.0,130.0,2561.2407744522266,-45.74451611983227,4656.51308457493,-81.16285913994761,4615.6274645053045
10.0,135.0,2487.826213361449,-110.25242208398708,4548.1154627303,-191.12429898369965,4522.669361342308
10.0,140.0,2442.3284183175974,-144.51216306247102,4484.649978048492,-245.58898959829457,4464.4554690135055
10.0,145.0,2466.7952704214254,-93.4328047592121,4536.995207621413,-159.62390705638086,4496.648575842075
10.0,149.99999999999997,2345.2126114166226,-122.55603320371551,4349.7834399467565,-209.33299551839445,4342.315498590494
10.0,155.0,2302.66171200961,-24.16387609728065,4287.9847136268645,-38.69666075362397,4290.027919914934
10.0,160.0,2248.863035125367,-126.29686041085802,4206.340016564947,-210.63740022461684,4219.324881127354
10.0,165.00000000000003,2222.579367494855,-56.61848588851575,4161.876622495491,-96.79151264112284,4187.3410076131595
10.0,170.0,2187.617848732437,-69.67048414577562,4114.867625360199,-120.55115781069617,4142.194256254229
10.0,175.0,2145.9120596646317,-79.19266344047924,4051.4614606346545,-141.2629740959216,4088.207373402576
10.0,180.0,2087.5442027860117,41.04259849817001,3962.230476805875,73.67729744666528,4013.2422055970446
10.0,185.0,2045.9727698923434,-34.87259215789612,3897.4748254181545,-68.27501445811805,3959.1838754674377
10.0,190.0,2041.551312340262,-0.4976954844013335,3895.632052818108,0.7232774990836788,3953.6011973065506
10.0,194.99999999999997,1961.2537499313405,25.12653893451909,3758.040492545016,38.3390460527703,3848.2372446483646
10.0,200.0,1965.8023478608775,29.755657984293634,3764.1697596953004,49.09324982533349,3854.183059620886
10.0,204.99999999999997,1969.7447502301736,-42.68556037243309,3775.258828674429,-86.74654168648863,3859.2172164734184
10.0,210.00000000000003,1937.921669799152,105.2986667669353,3722.6888594267857,183.35810691559527,3815.7269695880755
10.0,214.99999999999997,1843.942366508901,80.53024397484035,3559.6737259437878,128.05698072937594,3691.682853640885
10.0,219.99999999999997,1832.3912501121576,142.57757179304247,3534.1018503068817,242.5974809556708,3673.7253569992827
10.0,225.0,1889.8317766610253,97.45884142287628,3625.2183656313873,137.2869394414272,3752.276447338456
10.0,230.0,1951.5025314592963,39.55145572903541,3733.590866442101,46.88955703599959,3835.236541511754
10.0,235.00000000000003,1976.1644063397418,142.036323756412,3769.2448093899943,227.22929315839838,3864.685428833048
10.0,239.99999999999997,2130.96893853921,79.99177740986897,4016.6483814393723,128.23198602765478,4068.8631466472243
10.0,244.99999999999997,2143.1304210017643,45.211474680806305,4024.384015796633,62.83428790388575,4085.2171721563896
10.0,250.00000000000003,2227.421069090281,163.2815188681143,4142.5616395901225,290.93723244450234,4190.397678798215
10.0,255.00000000000003,2244.1933058001287,46.88796674472678,4168.610992948784,86.22807755377494,4215.172171438144
10.0,260.0,2277.2361121556805,187.98571747308893,4211.764392402101,332.82829598302396,4253.107785142301
10.0,265.0,2278.2866526750236,94.05389685428662,4191.563442953037,185.0282738133912,4257.883088931655
10.0,270.0,2481.6896652285054,155.1622475291363,4524.623113795537,261.49201954402,4513.614386210283
10.0,275.0,2294.404972334407,75.18321372036418,4232.385087902257,137.20138093412987,4278.858414964511
10.0,280.0,2324.6752935840964,-69.72022875429155,4285.035136553744,-113.45191822987977,4317.49188035401
10.0,285.0,2372.0448819859084,8.179920971481124,4355.956024208827,7.4726411992633075,4378.174671656156
10.0,290.0,2205.9123561196247,68.73973505629715,4106.66269947043,119.94953811347568,4165.737690941121
10.0,294.99999999999994,2293.124960564761,-103.65065573118284,4234.317124030524,-193.28649440695517,4276.571738009074
10.0,299.99999999999994,2366.5242506300733,0.7138347361642445,4353.73326152355,-10.226326134258215,4371.193405946734
10.0,305.0,2464.063443324496,-90.20418655693197,4497.391393035741,-157.22095770838678,4493.283169275528
10.0,310.0,2554.8915264589596,-155.78125942160727,4645.664454329881,-268.0762430271834,4605.300427353688
10.0,315.0,2491.305622333665,-140.08900277471344,4551.640731952895,-235.10779191553092,4526.192446811925
10.0,320.0,2488.61776545723,-198.03638617932324,4560.792015479531,-331.26748044770557,4520.610512500649
10.0,325.0,2484.17396588462,-209.62648498896647,4579.504070448353,-329.097296370649,4514.492181726958
10.0,330.00000000000006,2268.036050708441,-296.3593380249066,4228.9869266113965,-488.9364932588642,4234.553570554742
10.0,335.0,2258.297589627324,-266.7940419787211,4220.447229960005,-447.56813697269445,4224.1900560703325
10.0,340.0,2141.221892780751,-250.06411888318166,4040.44920852759,-434.0113815404005,4074.147330404853
10.0,345.0,2101.4261304026654,-175.31430712030652,3992.4177602741056,-304.2362261254573,4026.99401910539
10.0,350.0,2077.604870267756,-148.13441315824682,3966.0600518856018,-256.49504670203214,3997.2839014981814
10.0,355.0,2079.6572548643558,-134.38869002872042,3983.527646499941,-240.04460631987632,4000.5376217427197
10.5,0.0,1788.1129774416913,-91.77852671677829,3565.1238566268003,-168.6155388859188,3616.4967353647753
10.5,5.0,1754.188835465292,-28.80184863876434,3502.3342386619156,-52.09796550190998,3572.247970006165
10.5,10.0,1738.4161302036584,19.96711299979006,3479.178550719483,40.38723079581018,3551.0223987435415
10.5,14.999999999999998,1719.174856322584,52.61173397574504,3446.944628455815,96.65001999844378,3524.4879736138037
10.5,20.0,1686.5725052192658,50.703191671951345,3383.9445715151164,90.36882613423631,3480.2114147300344
10.5,25.0,1659.7501166368957,87.44120125606617,3334.2327904297163,154.16682075841754,3442.5223613410562
10.5,29.999999999999996,1706.77178464512,99.85157882708461,3413.981227319877,177.36494548172914,3506.183819504033
10.5,35.0,1631.4006743121226,180.3953464735697,3272.5236637315897,329.9538599230036,3398.246178155658
10.5,40.0,1580.2895316871795,222.65869864566196,3170.0346290659436,409.2653319068022,3323.643111746739
10.5,45.0,1599.3892808966198,182.27478421549324,3199.5383405206335,317.72750769725644,3353.8407739243735
10.5,50.0,1612.6739860145044,176.61195873892905,3217.7431389868752,300.50420811545996,3372.680571143186
10.5,54.99999999999999,1768.4850979735456,122.40245714632317,3484.835901109973,211.6585667359243,3588.7990631205203
10.5,59.99999999999999,1768.8079669621493,135.58773874759845,3472.6554583436928,233.54896699950837,3588.5817849200034
10.5,65.0,1957.4484005961096,60.92682477331721,3788.7024733432286,102.16181934405427,3842.717601753003
10.5,70.0,2042.4235009450028,-18.493038409028372,3918.5538792577167,-32.67196047833477,3954.686812775544
10.5,74.99999999999999,2099.567416047819,-11.867005935234602,4006.0929120927367,-19.720837196345883,4029.083522357548
10.5,80.0,2148.52150007037,23.68709339460389,4083.7466095737814,52.22532916522846,4092.3936607185437
10.5,85.0,2192.617300045568,9.653174229797173,4162.671466911324,25.759626614436797,4149.285235522329
10.5,90.0,2228.630256767334,129.09648405457833,4184.944846189115,228.39721869686738,4193.290488270801
10.5,95.0,2285.2323214709754,-26.295494562993724,4288.215922499963,-45.51644625911371,4267.804111789714
10.5,100.0,2104.5001646642686,-66.2358318654646,3997.0115089793753,-117.21534203074714,4034.8570470047407
10.5,105.00000000000001,2212.777549786115,-25.69470428608497,4176.495841323734,-55.00988286240727,4175.109269486887
10.5,109.99999999999999,2178.8375047421177,-11.049177510034042,4121.013208966167,-22.473413123815135,4131.549179025311
10.5,115.0,2141.3869748761645,32.262752326514374,4059.492577435843,59.357939711253266,4083.107885176417
10.5,119.99999999999999,2143.6122316152982,-5.518136081777243,4064.6055684546873,-9.357690775497076,4086.128178685329
10.5,125.00000000000001,2291.0011422405573,25.34893251758126,4296.07653868415,46.07072451760837,4275.1653086811975
10.5,130.0,2164.429290404073,-116.09215480382443,4108.096100660838,-203.03329567178594,4111.102594355295
10.5,135.0,2275.8764438774597,-48.895984298931126,4295.397105831367,-92.62509602733144,4255.646397084265
10.5,140.0,2208.934794081652,-138.3774693489438,4191.629676869472,-245.36254971322433,4167.655105736465
10.5,145.0,2124.864963277702,-103.05113236157399,4065.601213310134,-177.65211831639203,4060.3490957742442
10.5,149.99999999999997,2126.301369403678,-36.68085692886689,4069.9766093247677,-66.18673588501156,4063.553101630504
10.5,155.0,2076.9693273102002,-0.5131661718202167,3994.7240884560133,5.1563638314901254,3999.7478047450736
10.5,160.0,2059.030283282468,-24.920859840088838,3973.1918820346186,-44.8499973467201,3976.3010796710346
10.5,165.00000000000003,1897.9722141887678,-89.22633760776625,3693.230308275824,-151.70995680838837,3763.3524375345123
10.5,170.0,1980.893266790716,-48.572426996721845,3851.578467454333,-86.20293904045036,3873.7880979938227
10.5,175.0,1918.7584739659303,-37.36023977261203,3748.2883452385445,-77.29291358093238,3792.022193525797
10.5,180.0,1888.286120716235,15.536308860595224,3696.9874223919323,29.550471092915817,3751.836072061753
10.5,185.0,1858.3963321308265,-25.684843712541692,3647.0465794719807,-50.14034618520202,3712.010839524307
10.5,190.0,1842.4272541946802,35.659029108895936,3629.1646850489396,57.83580528605148,3690.6036160088124
10.5,194.99999999999997,1822.653701911828,18.8494037159561,3593.3022657353545,24.03182143565425,3664.343696785458
10.5,200.0,1756.73090262541,30.791520182747263,3476.702248143354,48.33034552842332,3575.65540181235
10.5,204.99999999999997,1754.289473840223,-16.53523482697085,3471.9912915040054,-44.236482188888886,3572.4926550288906
10.5,210.00000000000003,1798.1711202647907,67.34830402794114,3548.6556331479774,112.02953725819066,3630.7482864844037
10.5,214.99999999999997,1791.368969253128,33.59208456464876,3536.3482455747944,39.62993961978668,3622.255451701151
10.5,219.99999999999997,1743.4141295269205,149.07673179952678,3435.4274552151646,267.35282422762157,3553.485957578886
10.5,225.0,1756.469963908123,-43.775016329381174,3477.2749530284727,-121.98498374428095,3575.114250177697
10.5,230.0,1797.5821613526905,36.5479787124799,3538.8033859739508,43.51670228414696,3630.559894778591
10.5,235.00000000000003,1973.4575001202984,61.162262276580805,3824.585443409881,104.86401311789132,3863.788180325771
10.5,239.99999999999997,2087.930202490662,29.67290503702543,4002.3269264751857,50.199778981254894,4013.863721194351
10.5,244.99999999999997,2130.6964775655765,24.92532786792367,4056.7119537789376,45.33201820636282,4069.3452284063756
10.5,250.00000000000003,2153.5638825542173,91.34673017804073,4083.5803762757587,169.25951079390438,4097.798340260256
10.5,255.00000000000003,2184.2438388340724,64.03700572674711,4134.90796743584,115.04641201764753,4137.955689945986
10.5,260.0,2143.1842362766156,82.2910745289787,4060.2988722769765,160.98052532588042,4084.610023562247
10.5,265.0,2036.0273890161259,192.65668195778898,3894.806887466153,335.81170377806166,3940.658859130459
10.5,270.0,1993.73257406932,102.64524186964915,3838.1052008875204,194.63426018408674,3889.3387550235134
10.5,275.0,2074.504841256694,42.738743828626724,3968.0599286386114,82.80418444472497,3996.266891387237
10.5,280.0,2123.1020935791626,-75.28688939251634,4036.4180908286394,-132.13162927235862,4058.7835637090725
10.5,285.0,1935.5233399796052,-63.24139372045238,3730.606166654271,-106.63224171234913,3813.745019519239
10.5,290.0,2270.9759577815116,85.15661261063053,4258.5265232848715,146.4939473018128,4248.754240087765
10.5,294.99999999999994,2318.4198802357982,-201.52288766210904,4323.721853839778,-335.9438521040479,4305.031764234205
10.5,299.99999999999994,2371.4416502537006,-92.66603912660389,4410.361449575087,-155.18154930236597,4376.370100616367
10.5,305.0,2429.0582837724314,-93.72910787199567,4501.805552463179,-157.1505860911061,4449.145251006583
10.5,310.0,2378.661130518907,-156.6092197718881,4428.511270399137,-278.880515771702,4383.578006063062
10.5,315.0,2427.617073390611,-72.68108268119067,4524.665042204964,-130.85660782414334,4447.740736182662
10.5,320.0,2410.441563816967,-144.20075606125283,4507.4324044615,-245.79098492766207,4424.23354497906
10.5,325.0,2341.236641542163,-180.25566562637846,4404.21367929261,-298.67064160947393,4335.097498944821
10.5,330.00000000000006,2158.9445369434998,-231.51196707031795,4114.204007748528,-398.5472986711336,4098.389002810054
10.5,335.0,2032.9439530653756,-210.18329583021443,3928.646629304405,-364.49176086971784,3935.5325032170217
10.5,340.0,1933.0277676023209,-225.10159396289293,3767.9770739946557,-399.9940582513817,3802.6638302128385
10.5,345.0,1884.5835028546048,-141.9460286685627,3698.7907317638123,-254.36007581045487,3743.4458128873393
10.5,350.0,1856.831880585992,-111.87549114152065,3666.1449826618914,-196.5197686274421,3707.806500278147
10.5,355.0,1843.5255699561717,-109.8073018545056,3654.9658546295127,-201.720928720594,3690.1197336198406
11.0,0.0,1628.3891940011526,-31.03388190442638,3341.606949678462,-52.78046965599788,3400.976182603452
11.0,5.0,1583.2528619149082,-4.3598456230265015,3260.7676350164147,-9.387389320028603,3339.005400186161
11.0,10.0,1586.5137748852583,37.0825391085844,3270.5276771764666,69.83145808635305,3343.201283110286
11.0,14.999999999999998,1574.88654836539,49.95707926491269,3243.7784223229514,92.56133478061008,3326.8616627928504
11.0,20.0,1553.7761931897614,64.52604529222896,3205.798782416786,117.47507532540283,3297.194268360675
11.0,25.0,1541.5155826794812,71.18058790802286,3178.3701122353436,128.88151200598145,3279.9282013647376
11.0,29.999999999999996,1514.898069687768,107.97057218078828,3126.763100577644,189.9250948590261,3241.1801628232556
11.0,35.0,1503.86347807994,164.4668494745398,3104.78677198001,300.52579601839784,3221.936199905172
11.0,40.0,1527.3474306103903,221.7513700888212,3137.027587113222,408.0594757992685,3249.634054875259
11.0,45.0,1526.477114634236,156.5875009984709,3117.38022339741,279.68340350955214,3254.279757279968
11.0,50.0,1710.8846742403773,93.49155795354181,3438.1591167312704,155.94396105896658,3512.0247892956127
11.0,54.99999999999999,1771.9174922007865,53.95586937813164,3538.7101378914876,92.52864006820619,3595.7488628068822
11.0,59.99999999999999,1824.4589199558632,25.023422969015314,3620.0087782906185,42.32387767787441,3666.7090191866164
11.0,65.0,1880.5561305416568,62.828054094417325,3708.7900979055376,112.63861734977172,3740.91866758816
11.0,70.0,1979.3719545554918,32.49016901000027,3876.0993746124996,58.16091945174685,3872.000249779546
11.0,74.99999999999999,1949.3607963987688,-58.941536313056986,3821.2153057043633,-100.0659681047357,3832.0958904912236
11.0,80.0,1959.1804875690427,-2.1162014456821794,3843.1614597948146,5.749004947632898,3845.6104781980775
11.0,85.0,1977.622283239376,27.078264274557682,3870.3652958807806,56.70523555406788,3869.753145043116
11.0,90.0,2035.7780620311823,-2.447880562431362,3958.7113219551757,9.9913494950449,3946.062233254561
11.0,95.0,2014.9909337241893,-17.908306329817236,3922.10547138721,-42.15864392598496,3918.8331805771554
11.0,100.0,1962.030844121728,-4.64014293031812,3833.9927691036783,-24.660541901696547,3849.360667900305
11.0,105.00000000000001,1954.4992710049974,-97.5001773870656,3832.4097543592075,-174.44959097371566,3837.874437789981
11.0,109.99999999999999,1954.671376912661,-0.07481700803543845,3824.2717479444436,-1.1628100559346422,3839.67176567285
11.0,115.0,1987.9691270181556,59.13274113316095,3874.1795269907916,106.71148719123153,3882.8994316085004
11.0,119.99999999999999,2003.6011108235189,-26.01247026125668,3897.5708119084875,-46.24756163627626,3903.858380080531
11.0,125.00000000000001,1946.9023276442217,-47.32646272580541,3812.6269300011236,-76.37201211837123,3829.058563102191
11.0,130.0,2011.785118686087,-63.9240753567351,3932.000170674232,-121.8630449535342,3914.040843569845
11.0,135.0,2005.0360900824762,-75.52304960594108,3932.479608808967,-136.0024732261445,3904.940347779411
11.0,140.0,1982.6862997359783,-105.13625879713857,3894.278971155978,-196.18675642276912,3874.7401081598077
11.0,145.0,1962.261594056176,-51.54997164887152,3864.914634959744,-93.65002491244081,3849.231143239767
11.0,149.99999999999997,1869.1017696386991,-32.51983369498282,3709.3000095309903,-55.922068586161004,3726.1942324178594
11.0,155.0,1866.8992498014077,25.6186094666798,3713.59904666769,47.51611877377172,3723.3342859397553
11.0,160.0,1882.9500418139328,-16.42756981076741,3743.1013075205387,-29.008081692917813,3744.744890759825
11.0,165.00000000000003,1785.3108861074497,32.369489836415994,3576.9720195978302,58.67564425390947,3614.1293021385663
11.0,170.0,1755.6905961479802,-32.90841153306104,3537.832398010829,-54.48703460711113,3574.225241478026
11.0,175.0,1730.160309656614,-22.49447741311974,3493.512166024275,-50.924897375257245,3539.8292155212857
11.0,180.0,1750.1314239932108,15.782597498546023,3528.1671819710973,24.62227083156133,3566.8840698102804
11.0,185.0,1719.959283807598,31.250121751625784,3465.276060184041,44.826313590768734,3525.913212776034
11.0,190.0,1663.0072230535634,57.03111706487934,3374.6447594192496,102.86126300972956,3447.9105657175237
11.0,194.99999999999997,1717.4272719260935,-18.74214103731026,3472.650033920032,-44.33684121237491,3522.6060265399733
11.0,200.0,1740.1803574884586,-19.91085088135992,3502.1108155782294,-37.68769531781436,3553.4086092746434
11.0,204.99999999999997,1708.6292457661725,21.281109785417925,3440.479505071662,21.663832589875256,3510.646219760015
11.0,210.00000000000003,1654.9525134172,97.1825501370331,3347.132924687239,166.45338657514526,3435.5710550635795
11.0,214.99999999999997,1664.9870639323624,78.18153953226044,3373.614425010531,128.85727506946455,3450.010654700426
11.0,219.99999999999997,1476.8309850785934,232.22979641651068,3026.0634830042454,406.02382006992093,3177.125343364143
11.0,225.0,1878.884955911159,-155.25955294390735,3736.3192454725704,-311.14823373461195,3735.167779489649
11.0,230.0,1980.4076553034845,-118.34511024805192,3893.5641874169573,-224.20878253447972,3871.2669521089138
11.0,235.00000000000003,1951.8659270332846,57.362632293131355,3826.3316303910833,107.65149742069593,3835.429557847771
11.0,239.99999999999997,1959.345257119507,54.07469175834194,3843.92409205905,99.83212284444267,3845.346428924377
11.0,244.99999999999997,1949.9668200086744,52.318328147866396,3821.1559682595434,100.69449448091268,3833.0173281056773
11.0,250.00000000000003,1904.5901587831777,60.86055963154706,3746.9503565900354,115.27545716311829,3772.864079050866
11.0,255.00000000000003,1957.7659937385706,59.079036911413425,3830.755558979633,111.41868485672012,3843.1726164242414
11.0,260.0,1924.5372286245074,156.66231566153402,3766.7392211381825,283.9419732524059,3795.759177556905
11.0,265.0,2018.6469601159843,122.64391229669036,3937.954810971263,207.5672311196364,3921.3071670793834
11.0,270.0,2062.0187496052954,84.88738612533022,3997.3795899639636,142.52345861021558,3979.193342516138
11.0,275.0,2073.201446929935,75.71373724612323,4025.5669693573727,141.8133162721078,3993.982058008184
11.0,280.0,2007.6215916669598,-124.03154886922619,3910.9633875755903,-211.7003471941972,3906.7984511716063
11.0,285.0,2206.5848952808574,-41.92354332907212,4219.237240439265,-60.823526237292754,4167.007740883845
11.0,290.0,2089.4480331746136,-13.595104006399083,4029.8677845365196,0.5066715532339003,4015.939264607707
11.0,294.99999999999994,2166.369406893215,-43.85561580063745,4143.474773174596,-78.96116875298412,4115.231360752504
11.0,299.99999999999994,2124.591693283553,-134.55830998553438,4082.892884188823,-236.2266301164616,4058.911919692996
11.0,305.0,2125.9046034593175,-98.19745028837201,4096.723848820479,-163.03657231446255,4061.837220680176
11.0,310.0,2100.4376737321486,-162.76466295530554,4057.164136808604,-296.62007927169407,4026.330564185035
11.0,315.0,2210.942181847163,-114.62155484020082,4251.3529775002935,-199.98174913560592,4171.053009619568
11.0,320.0,2201.6033478205773,-120.33540815070239,4243.359032394653,-211.04767484764147,4158.8631504689365
11.0,325.0,2081.1459931674917,-146.26524202519556,4055.699407606645,-255.5612733420735,4001.9789374846064
11.0,330.00000000000006,2015.3094050431077,-140.40722427605613,3951.675881040005,-253.2409335414818,3916.200193175194
11.0,335.0,1833.2381505938597,-175.84462125620655,3653.8759978020166,-316.14255594315864,3672.9417768675266
11.0,340.0,1772.3840445987985,-157.91254013495234,3553.1606447749327,-294.88134735134906,3592.1574779576163
11.0,345.0,1707.9908749517058,-132.58873733898463,3457.917878012172,-245.72776624883716,3506.298018826086
11.0,350.0,1674.4080149295662,-100.31127200853928,3414.324976375435,-189.25368575022958,3462.053396413654
11.0,355.0,1643.5800725590423,-70.37062100294011,3361.248544407086,-134.06035188800368,3420.951082891796
11.5,0.0,1456.028515085789,27.21726838653558,3084.330048056654,62.54519696839998,3161.21472755438
11.5,5.0,1454.190167006994,-13.36181091330377,3086.2970356337914,-28.726631478014383,3158.7682452877852
11.5,10.0,1404.2941496280566,31.398757967744984,2994.8584826363135,64.73448848716356,3087.8440370886156
11.5,14.999999999999998,1410.216634804655,66.60042162927772,3001.6012392006605,125.99694411645771,3095.324370057785
11.5,20.0,1421.6368080565928,92.87253504522056,3019.2616803809074,176.3021973111977,3110.426961835496
11.5,25.0,1384.1510769604242,80.09610784289714,2947.240172566324,149.61180461023434,3057.590644103704
11.5,29.999999999999996,1394.906591157715,39.349296996091084,2966.211455933293,59.55272184541195,3074.3137526108717
11.5,35.0,1423.1622415497645,167.13489258723803,2998.2482374335514,311.9799726830138,3107.4282324505193
11.5,40.0,1523.8532859249735,202.52465431973576,3166.0077818280665,385.98399579581564,3246.658821254838
11.5,45.0,1566.8984287785995,111.26747947774652,3230.2568921909424,203.34893810534072,3313.498891380219
11.5,50.0,1602.7554480199767,16.49617549233278,3298.9690568054684,18.810457190678108,3365.8651593398913
11.5,54.99999999999999,1744.5778322805709,54.01229944807051,3540.7013491447624,100.27694815614655,3558.8554711231436
11.5,59.99999999999999,1779.4642767187772,-20.46521061906992,3586.6688590380627,-29.172536232884568,3606.386550416029
11.5,65.0,1803.555451471023,0.8845944959695089,3631.6589440214493,5.445514881186,3638.825590070573
11.5,70.0,1812.3670200099045,-41.48212223563257,3649.1500754107037,-64.43851829676237,3650.3168433188566
11.5,74.99999999999999,1797.6781857719582,-49.879823353898246,3623.633623003057,-90.48233263484144,3630.471785661999
11.5,80.0,1789.5327018916487,-10.63934419155305,3617.7520498506983,-12.210116278719056,3619.9809927575025
11.5,85.0,1762.8880088165024,13.284780394080428,3573.6591540971062,37.92188211037802,3584.1099110026607
11.5,90.0,1742.919331962432,74.48986522689654,3544.9047020512808,146.6166494544084,3556.0937981704055
11.5,95.0,1748.8551637540756,-24.495257238588835,3541.405699730795,-51.827345244279115,3565.0914950638926
11.5,100.0,1847.9039668877965,-40.01362199051846,3705.8410324491383,-79.40963899222129,3697.8529764378086
11.5,105.00000000000001,1802.1972175488643,-56.18248634575133,3623.567427767746,-111.6712566055462,3636.411729143552
11.5,109.99999999999999,1764.737027571722,0.4599583061796011,3562.981535627496,1.4993853956214025,3586.636501988173
11.5,115.0,1772.6169699514403,22.44892321752627,3575.4313876975784,47.23724649993619,3597.1544366212347
11.5,119.99999999999999,1784.6970727675427,-35.68073316541313,3598.138089205395,-67.67818893459253,3613.261122417841
11.5,125.00000000000001,1816.2653871966936,1.3127346240805764,3659.1202198252536,3.6304690782383204,3655.858025093955
11.5,130.0,1802.6759569305677,-67.09334806671734,3646.3595583578713,-132.2630407290028,3636.8020870654555
11.5,135.0,1809.502540783406,-70.55895317599811,3664.700142760422,-131.8623433771204,3645.870843315043
11.5,140.0,1779.7587913530137,-73.22828052121065,3615.3029619152185,-140.39093742191653,3605.837480877903
11.5,145.0,1762.3274221654983,-0.7260093083327774,3589.756640365131,-0.9613941388001876,3583.38834892941
11.5,149.99999999999997,1759.1906620568884,-15.834082786417866,3580.4193533112148,-32.72581007540862,3579.109792311007
11.5,155.0,1741.8683183607807,-2.4175320490654713,3556.8861288595717,-11.88689126656368,3555.7680314142694
11.5,160.0,1678.0987092707433,0.8303003667742814,3447.0491146702225,-0.5905472130050384,3469.1993387595703
11.5,165.00000000000003,1722.5045854259536,46.6102467041639,3527.247618394844,91.80836506232208,3529.1230242195916
11.5,170.0,1651.0769902649383,40.99169716921364,3399.8402207904974,69.64488909254908,3431.926798077522
11.5,175.0,1543.6514153423564,20.641532302396143,3211.786743694079,39.272602820712905,3284.007359627027
11.5,180.0,1619.6809688508001,-37.12178094260909,3350.382923112251,-74.72838803881355,3388.9184121304584
11.5,185.0,1542.3630208842021,-32.6148247977699,3214.681569635952,-70.2034126558238,3282.0631244323586
11.5,190.0,1576.849164693223,90.92689958525145,3270.237206152847,165.78658476157437,3328.248975737958
11.5,194.99999999999997,1598.472202358916,31.429399416687716,3308.992125318064,53.36706158185609,3359.7982214047342
11.5,200.0,1594.7322088199323,65.3616120323598,3297.861539815654,118.36793538541724,3353.8939269743673
11.5,204.99999999999997,1533.9649014096344,11.856473674410836,3187.6396855499647,2.4433635313996547,3270.5953897892414
11.5,210.00000000000003,1587.8102389809696,105.99367764241958,3286.4954455157904,193.01962442117838,3342.7467689996274
11.5,214.99999999999997,1527.5239285733473,169.54848058476261,3178.865167903822,309.154663931384,3254.734613265511
11.5,219.99999999999997,1714.9297199242192,9.867049678535977,3505.676759627244,2.3124828134573363,3519.2697195971464
11.5,225.0,1792.4396882022425,-32.414257102678675,3618.7929333672523,-78.66826050206623,3623.7084656270167
11.5,230.0,1869.655660109932,-80.4697768690362,3757.3690538471637,-147.2809993227727,3725.971905966934
11.5,235.00000000000003,1815.1774367390726,2.8021989072395854,3662.1517116628365,10.1897339729544,3654.3999714869674
11.5,239.99999999999997,1865.943932176339,3.5649815966498863,3747.6925171006533,15.952801051648748,3722.177177481928
11.5,244.99999999999997,1805.511687784294,63.44744715831075,3638.284941763268,122.4379752044897,3640.6960098999875
11.5,250.00000000000003,1845.0682545985933,42.61787792633015,3697.784171441522,85.33998881224034,3694.030171225588
11.5,255.00000000000003,1809.301233179414,101.85014288187426,3634.5501079562264,188.42321906645668,3644.5972118855293
11.5,260.0,1784.637996007244,177.31941746074642,3592.7159764413213,313.7128895093124,3607.46819505741
11.5,265.0,1893.0994797136623,-24.037373777282284,3769.460049766101,-34.04726099289263,3758.1658155432488
11.5,270.0,2056.76833454091,-109.0686430800598,4030.1631426171816,-182.49329023029836,3971.633572445012
11.5,275.0,2138.1955499272353,19.197742640249828,4161.268251439205,57.28553824826446,4079.0794093145723
11.5,280.0,2069.074629376599,-23.73859274370784,4046.3254164892983,-34.59395544095139,3989.390932925147
11.5,285.0,1955.8958896084034,-15.787360834011963,3871.405950413545,-15.924318149037049,3841.2438056251885
11.5,290.0,1969.9112213032372,-19.961755770872287,3891.618256534113,-15.675519201200586,3859.668840668142
11.5,294.99999999999994,1845.3285268867198,-60.97425839734717,3693.9768548192374,-107.29052748031177,3694.0337674836182
11.5,299.99999999999994,1880.8387980444581,-117.13963433694914,3756.3595178191727,-211.7627406840843,3739.5827345678913
11.5,305.0,1872.0134140716405,-18.37247079927181,3752.727895672128,-28.918957134697166,3730.195415156222
11.5,310.0,1858.1749217107927,-182.82444522555818,3728.0680711252644,-333.9179549140915,3705.8868371914145
11.5,315.0,1910.7008070319512,-126.95597643964084,3829.6559718962153,-224.2441606201087,3778.840486891856
11.5,320.0,1909.4991971877955,-95.77047772720891,3836.9680427102103,-174.62682410726802,3778.4332265521675
11.5,325.0,1894.0920177690623,-63.769240990182425,3815.58960940814,-118.98181017235788,3758.8769742988106
11.5,330.00000000000006,1796.825341887141,-41.71230560692629,3661.424061036989,-78.74543692713223,3629.4677222046557
11.5,335.0,1717.2297247279075,-98.08420632242678,3522.121738892065,-184.05490732045837,3520.466340647887
11.5,340.0,1578.0408582715982,-178.21482943830654,3284.25830389943,-349.1644638645555,3324.534943527408
11.5,345.0,1542.5530569552077,-94.98097517878205,3225.2660128451034,-186.11290936857392,3280.431001650964
11.5,350.0,1545.6674188556615,-146.4040929509901,3243.4180680961204,-281.536563322587,3281.8349167561887
11.5,355.0,1514.286177628641,-51.292300072234696,3190.20124604041,-103.3139549348021,3242.534507916407
12.0,0.0,1349.7189712187974,52.00645163012814,2939.539359070157,108.89112499172916,3009.273019016403
12.0,5.0,1328.113384036046,-2.2947521094002923,2897.212446450743,-10.107380336286354,2978.9475281648474
12.0,10.0,1295.0593778938378,89.41404849600795,2842.6470784490784,176.48326424452688,2928.597162690755
12.0,14.999999999999998,1252.08634821501,72.27790062166471,2755.29921813167,136.72523739442374,2866.682902374777
12.0,20.0,1270.2841366785976,99.9085263157238,2785.2055184475353,197.37574324417199,2891.8097982833738
12.0,25.0,1300.143887224523,122.81171281093339,2840.8731353418625,233.02329289613863,2933.807525574939
12.0,29.999999999999996,1356.6000066101328,65.49973220182358,2933.9244544602434,116.64841560367495,3018.702181498634
12.0,35.0,1380.3796887199385,110.18353929169837,2967.7083292332586,214.94948762170316,3050.580559300975
12.0,40.0,1435.429464149698,151.99326935758836,3052.337841783954,297.1798482804181,3126.177513124639
12.0,45.0,1478.6258899267063,56.56211834924227,3125.6396581436657,101.95951655608815,3192.4043583116345
12.0,50.0,1575.3397620904025,13.603161063011044,3294.252925415579,14.23626138647478,3328.0232195110943
12.0,54.99999999999999,1622.6573083875126,36.61586644208535,3381.3277818280194,76.90190637546903,3393.018367908494
12.0,59.99999999999999,1638.9872170982198,32.520431288237546,3408.5227106021557,64.36606909518332,3415.4980031513314
12.0,65.0,1648.0779529660188,-19.99084546654251,3420.4290395676658,-33.68012877481692,3428.096575061681
12.0,70.0,1619.9828558973804,-1.5490456803353254,3380.9441352104823,-1.183925083792019,3389.6381301218803
12.0,74.99999999999999,1616.5512171340608,-25.5097910309928,3371.8562461068195,-42.608731358998966,3384.7754294848496
12.0,80.0,1635.6490253376408,2.0951135298897725,3407.184986339409,7.702485412448141,3411.1495211122215
12.0,85.0,1625.5350099721122,44.378703623493465,3389.3156778699226,87.75261973679306,3396.8343510394857
12.0,90.0,1634.8588349855127,33.52405465809706,3400.5808902736826,81.2289453954943,3409.8212157966464
12.0,95.0,1599.9082777728822,5.898004899570708,3338.7600897891557,7.357850683163576,3361.993891934135
12.0,100.0,1611.4050654072194,-26.927638212178977,3362.990145399374,-52.17529286969341,3377.677539281314
12.0,105.00000000000001,1600.2343217380756,-37.64432533069464,3344.7884234708454,-71.38769592046344,3362.1314534388343
12.0,109.99999999999999,1580.8485218442258,19.123807412505244,3309.554129727986,33.53968247871376,3335.6018302767698
12.0,115.0,1598.3046804913242,21.443996296527075,3337.941875036077,48.03255212895465,3359.686537557812
12.0,119.99999999999999,1609.0221961078323,-7.708678109568041,3358.301371300356,-12.00932624477241,3374.5457661271007
12.0,125.00000000000001,1634.637638713058,-9.966254889433458,3407.7955629426156,-21.282129522124933,3409.741473267737
12.0,130.0,1585.3437582892473,-147.49716465341794,3321.8377993345475,-284.05115727534235,3336.9433958185446
12.0,135.0,1643.9065634467029,-78.32451867504767,3433.8396321412606,-148.82076870327046,3421.1432736799206
12.0,140.0,1676.8112250212644,-43.56196873212389,3488.728461325266,-88.28381144579384,3467.045634113227
12.0,145.0,1625.713485778733,18.936235269360395,3404.0021615655387,32.20614963225785,3397.4342620677567
12.0,149.99999999999997,1467.112063236409,4.897959291426901,3125.6067358204846,8.86693978675521,3177.019954314865
12.0,155.0,1531.815698914466,-60.13034913907586,3243.534270393648,-115.2425294713446,3266.7631227631705
12.0,160.0,1527.3325065269012,28.002430396986313,3234.0020513166633,48.77544167997803,3261.197570244486
12.0,165.00000000000003,1534.3505435482848,0.906750459739385,3255.970834995685,2.5852775365973457,3271.1661253475627
12.0,170.0,1468.5447321556971,55.509955784125935,3119.081204254358,99.3485517363248,3178.2490525967646
12.0,175.0,1498.9254052821677,10.306263703202802,3178.211436429181,13.838477167782685,3221.668958898435
12.0,180.0,1420.3877708324799,27.974155258911022,3042.7331830609037,41.22671357317412,3110.774247111974
12.0,185.0,1450.8398577662356,87.70515432552986,3104.8231068302716,160.6662896010854,3152.0706594410312
12.0,190.0,1503.379383104206,30.367449063247903,3200.266167064049,57.927736771887055,3227.7015951140397
12.0,194.99999999999997,1526.3291526979049,17.787429620221303,3241.291123058102,34.97483083073337,3259.9120625611663
12.0,200.0,1453.7872766890528,50.92170458295794,3101.9059868097193,88.1041343713913,3157.5679769664125
12.0,204.99999999999997,1407.9194555500474,20.30501277615599,3010.6853404428593,19.320398448356173,3093.1603932130643
12.0,210.00000000000003,1514.28305566369,95.6310766291341,3201.335184347447,175.69303662426046,3240.933476994702
12.0,214.99999999999997,1556.985326568606,206.76092038699255,3262.977117697894,387.1981341477299,3292.673464119393
12.0,219.99999999999997,1842.2203605261234,-148.35965026187796,3760.6961143452886,-271.40100275407735,3686.5809036944806
12.0,225.0,1722.6906545031356,-81.63379467752588,3554.886601561024,-159.44661520111663,3528.472494963577
12.0,230.0,1679.4818151266802,-30.86081668541317,3484.8941062099993,-60.782210975714634,3470.8856082923066
12.0,235.00000000000003,1733.6736563231066,0.06460674181755621,3573.540949494024,5.8763957385251615,3544.685891145826
12.0,239.99999999999997,1734.348719294005,24.09840222482717,3567.251359273959,51.98014587875787,3545.4836556088103
12.0,244.99999999999997,1726.6379179133341,50.745535340467086,3548.4900605443977,104.16126101646569,3534.6440459770865
12.0,250.00000000000003,1713.670383074943,43.206919318496716,3528.656969051767,80.24550703239265,3517.202038688424
12.0,255.00000000000003,1651.3283183888493,116.4698570455954,3419.915870066869,215.37697643500326,3429.7242817030938
12.0,260.0,1734.7772086804125,9.701946134727677,3566.314004771907,21.098232295979756,3546.160395173065
12.0,265.0,1834.3127233180583,37.621762469159535,3738.3519194737087,88.81033202907474,3679.7393617946345
12.0,270.0,1807.8907622317208,-11.168194744270556,3693.282811908766,-4.301044084292201,3644.61521140921
12.0,275.0,1873.5717933937865,38.120471582888854,3796.6573235333663,77.9499586421696,3732.0709375312695
12.0,280.0,1915.826828139739,8.268781939593111,3853.045866416576,23.87431291425446,3788.369332894842
12.0,285.0,1888.2474529030428,-25.469336899905443,3802.9881028583172,-33.8808581034865,3751.713630136688
12.0,290.0,1863.0902744936006,23.95017268009792,3760.615574894545,54.924079100533845,3718.278255174519
12.0,294.99999999999994,1899.9684095827197,-94.94806002387554,3824.2837830234566,-166.47845446987458,3765.8197127462386
12.0,299.99999999999994,1824.6735468390543,-98.58648565620445,3706.7813610786097,-180.52399098214505,3665.3248490169026
12.0,305.0,1860.3933237840918,-24.446014835689766,3775.22463655035,-39.58674848251712,3714.6822431614296
12.0,310.0,1783.1930528370747,-173.66565012676085,3651.571473497427,-324.84708910490804,3605.759839185563
12.0,315.0,1732.351122785263,-98.39673941549461,3584.712512960611,-178.79704479758993,3540.967178380701
12.0,320.0,1682.9648826545022,-65.44867414357941,3512.2015298073297,-122.060986520715,3474.9383829591347
12.0,325.0,1662.8905806457792,-44.688376095457215,3480.476485895589,-87.31834007821772,3448.0178666391084
12.0,330.00000000000006,1625.5371960984426,-45.073433718060755,3414.228824421002,-90.76679454840132,3396.823674790353
12.0,335.0,1567.258558822374,-36.671858164955324,3308.3801818342763,-74.10637266518643,3316.5628303341396
12.0,340.0,1538.344157424496,-99.05667055952813,3253.9008606892976,-208.42134318544208,3274.377480863218
12.0,345.0,1424.0482089248053,-85.24579838682894,3062.757735502695,-171.39579638411885,3114.2190104851775
12.0,350.0,1428.2042857640197,-49.0426378559645,3079.132933032609,-95.76383523910982,3121.424365354064
12.0,355.0,1369.4348072859098,-75.59373122383116,2976.0670115823623,-157.66887145624264,3036.714656752835
12.5,0.0,1226.432285967967,52.60860402973776,2750.302422288434,107.73123087324348,2829.7700662804073
12.5,5.0,1197.3219002071248,24.519055679370894,2691.6346879960615,38.45045791003818,2787.4790866856174
12.5,10.0,1223.6441107174574,86.59382211322811,2752.592215056539,172.83845743405595,2824.049142747996
12.5,14.999999999999998,1172.9585562260993,38.88719533395414,2644.437916633286,67.49227660747329,2750.923623625524
12.5,20.0,1236.1507194324317,69.27862894061644,2767.547184644147,133.02832011597104,2843.4024747471726
12.5,25.0,1315.3424483913382,50.308818190035936,2910.8669646458707,91.64737099888066,2959.722509284915
12.5,29.999999999999996,1281.19075150057,66.7633881141827,2835.6068560459457,127.79059794600312,2909.5035382442575
12.5,35.0,1307.1045698348926,89.51251919494257,2876.2459824395237,182.0030170019702,2946.1022267293606
12.5,40.0,1306.7563437707936,83.12829732755404,2865.8662086899167,163.90853909516295,2945.934965984633
12.5,45.0,1411.1578696665106,46.28257176462046,3059.973470653319,86.0425440074307,3097.2911638719484
12.5,50.0,1442.1457913117401,-43.688680493609354,3116.994921909829,-88.78405660501221,3141.2988701913823
12.5,54.99999999999999,1485.1877489353333,33.624108310865495,3191.3189704369306,76.02895482113195,3202.1486092160176
12.5,59.99999999999999,1536.7886158390738,11.364895182592363,3277.682212355943,31.831478995814223,3274.529825182319
12.5,65.0,1522.8585450297628,-17.28442986373409,3249.5511526000582,-31.429650523334658,3255.075585307542
12.5,70.0,1570.732552666211,-10.594687146417414,3337.5113519819984,-17.550925840067748,3321.6621890342103
12.5,74.99999999999999,1548.828895010944,32.363823138862415,3292.114481149001,61.6086098841746,3291.0570573444193
12.5,80.0,1458.014212685059,7.235721202171504,3148.693387192197,11.462174160621885,3164.1947795782135
12.5,85.0,1476.7405253314505,27.205563010544694,3187.5762583930155,63.07865896364751,3190.381093557258
12.5,90.0,1403.4473089569365,67.72980511949564,3057.9665172578825,139.63618169364034,3085.6444129956003
12.5,95.0,1481.5946360334995,-35.09131021753626,3184.120951732053,-70.74881854436205,3197.07714226236
12.5,100.0,1453.6792205409877,-22.54320441150739,3140.2394796856074,-46.00243305873187,3157.9609883237563
12.5,105.00000000000001,1455.2980492706483,59.39229200236247,3144.8825317973433,110.23334144328146,3159.4565461210136
12.5,109.99999999999999,1415.8620257499142,-10.497462372873997,3062.1992807239117,-19.73424266039899,3104.531664493843
12.5,115.0,1478.4735905017633,37.29519587100913,3171.2964893720414,82.97481880541454,3192.65104137129
12.5,119.99999999999999,1546.3511973262857,6.129044748901606,3290.628349528006,16.918968421444788,3287.8535101071598
12.5,125.00000000000001,1510.00556912331,-61.42453544312923,3229.4067503035844,-119.26217086652605,3236.268050969428
12.5,130.0,1576.0387353324923,-130.46712942594854,3349.756862705811,-256.8455238375657,3325.115711691352
12.5,135.0,1536.5205392217874,-36.095060372605644,3291.106074285779,-71.94007473355214,3273.8745687431824
12.5,140.0,1494.5271408573208,-37.69947683584235,3216.9580969851013,-73.10685502191222,3215.1772081902873
12.5,145.0,1463.4607336905706,7.596759147728108,3162.858283207485,11.863256849779418,3171.8692757754825
12.5,149.99999999999997,1538.7761922794866,104.69089798272046,3292.947828281269,193.84022025416903,3274.7059084780676
12.5,155.0,1422.6288846676243,3.4556844221430083,3092.060206723728,0.49694094939877687,3114.1630772680574
12.5,160.0,1443.7913139505285,33.360083551929904,3130.712671000043,58.21544671395566,3143.8362441123495
12.5,165.00000000000003,1449.0487320346165,35.25237909093511,3146.404391127965,62.16954542136489,3151.230999748742
12.5,170.0,1367.7493968897093,8.48678007816821,2984.898558075089,10.389685900259224,3035.9179575179023
12.5,175.0,1419.6811175025477,33.25949645882342,3084.593825371067,53.07778525822084,3109.6833579615663
12.5,180.0,1396.5021991564063,43.55793892504863,3041.0109035057176,75.84520913874402,3076.491570369058
12.5,185.0,1464.1861945829526,25.615985536086825,3169.372816713152,48.297021488513025,3172.7361682742785
12.5,190.0,1449.0320954483004,30.38256421596418,3140.380970871941,62.991305611949485,3151.2915797885594
12.5,194.99999999999997,1426.5510480666392,107.20122379988322,3098.0543332765255,206.86651272441566,3116.640263392753
12.5,200.0,1420.5329119258652,25.889644737788217,3070.995860753061,39.55859013875772,3111.0107047666475
12.5,204.99999999999997,1539.318199667611,-23.732379779826374,3309.961706492354,-62.333917716978476,3277.9464488594235
12.5,210.00000000000003,1502.4334286105193,50.6527477080798,3212.79768167519,94.12855679686345,3225.9687789280392
12.5,214.99999999999997,1615.2384976092835,59.57228242710096,3407.3603653134132,128.65368712723648,3382.3253518625957
12.5,219.99999999999997,1633.9574441853797,-56.76585638057736,3446.793379062481,-113.56936154373875,3408.126221029308
12.5,225.0,1650.4633808059796,-95.64788471137945,3477.8057338811427,-185.9544384219796,3429.4836363598183
12.5,230.0,1646.1540978729518,-31.341223849628022,3471.28991173207,-60.54824993705711,3425.336131993831
12.5,235.00000000000003,1644.3526229859706,-21.57189944657557,3466.1854318240084,-33.15711613818712,3422.9801184135736
12.5,239.99999999999997,1589.7125587580072,28.682112066814966,3365.7018710525153,62.85008770090394,3347.746236839722
12.5,244.99999999999997,1540.5334791428932,59.955874416558686,3277.8650330918163,117.72909688143068,3278.9124284612258
12.5,250.00000000000003,1535.5023128828748,53.754030858889394,3268.512380055476,102.03911899711557,3272.075247122071
12.5,255.00000000000003,1598.2495589107787,80.66697969874605,3372.0545905248778,152.36319308607744,3358.2450017037754
12.5,260.0,1773.2715471088063,-45.655595997170394,3675.720133970064,-79.73751559524567,3597.7316604290363
12.5,265.0,1774.6321033680997,64.1947409945758,3668.9952197795697,136.3122836069055,3599.172563314643
12.5,270.0,1739.90580826957,25.727396646303266,3616.1169578704425,63.48768991651692,3552.984747099856
12.5,275.0,1713.9814502305126,3.564453286426044,3584.038154964092,18.38497348945117,3518.000372266893
12.5,280.0,1661.4264622314408,7.083785259944079,3489.313964448798,23.555954145588885,3446.431147960257
12.5,285.0,1654.4293350424482,-22.339300992294113,3471.229844225104,-31.05512920376475,3436.767949757227
12.5,290.0,1661.3207846088296,-11.452011470740786,3474.996954161763,-8.119309736327978,3446.269479887632
12.5,294.99999999999994,1670.9274303289346,-47.26072211610108,3496.9615974614435,-90.77382146091645,3458.945800169041
12.5,299.99999999999994,1594.1243515389147,-94.99483306322213,3375.487606533235,-183.1317086025383,3351.979009874796
12.5,305.0,1608.5834354289095,-53.9622094432126,3403.6156226257244,-92.77888983050366,3373.303262842458
12.5,310.0,1621.1884230602568,-140.74895412717956,3433.958337770224,-273.7006014702033,3386.9335439798706
12.5,315.0,1551.7713985655423,-76.9414273959544,3320.2024040591878,-145.55939172218154,3293.993716785687
12.5,320.0,1526.1159214731763,-40.41954233940237,3286.940542207826,-81.59443995384095,3259.2948378018104
12.5,325.0,1514.9023518430158,-41.25187869985041,3265.2143096753953,-80.35689078050018,3243.62373454637
12.5,330.00000000000006,1501.864791324655,-16.69243368567743,3241.866964935788,-38.41168657926505,3225.741606111141
12.5,335.0,1463.1295854578188,5.894734962071766,3174.5377101542626,6.2413042455373215,3171.408736548499
12.5,340.0,1394.2623613529063,-58.80953722250382,3047.1225329467807,-131.07085999749995,3072.8623095695893
12.5,345.0,1369.1269498726874,-93.94756336856844,2994.225346528658,-189.33151393568073,3035.3835771090894
12.5,350.0,1325.5825824350081,-16.396748782500566,2933.4946699823286,-34.61703633686284,2975.2145627583886
12.5,355.0,1283.0369498848136,-61.7895618794729,2853.3384210123572,-133.34534699334733,2912.3976629284766
13.0,0.0,1181.2646454200076,-21.33901629482716,2694.4381530046594,-52.99150011880556,2763.6797765201122
13.0,5.0,1126.7413362664527,16.13827161458657,2589.237248458101,15.677049627818377,2682.1135040373315
13.0,10.0,1157.1946532387615,64.46258821993149,2660.9025850732914,129.9866730439254,2726.390965312093
13.0,14.999999999999998,1210.700024447493,-7.909598144036693,2760.5269851883336,-32.73940853647605,2807.473732352245
13.0,20.0,1160.5854855172329,47.19146936529404,2643.273171209577,102.63785865065097,2732.1808810600883
13.0,25.0,1193.2700072524483,29.917296591491663,2715.28664628574,52.97560986881672,2781.3640706043548
13.0,29.999999999999996,1191.1467363899985,43.579066868958364,2702.3757514317836,82.27952331228335,2777.854857081951
13.0,35.0,1233.3157276312215,102.30259425570551,2775.7313007571947,213.56678145784872,2837.327644023128
13.0,40.0,1224.621284199051,80.70201752274625,2753.7729081189655,160.36763163969727,2825.8268052887124
13.0,45.0,1282.7146826595201,29.87213736823719,2876.0604835531076,50.976483638507034,2912.8556408723825
13.0,50.0,1353.4307907258876,-68.05607020497587,3008.5659373234766,-131.1462629663181,3014.047465003848
13.0,54.99999999999999,1383.7788521032244,11.708542008928589,3058.69640489796,34.95527130670848,3058.8288059794645
13.0,59.99999999999999,1359.5705956668419,16.37318305028282,3011.6720343523716,42.96217537592838,3024.1357064037575
13.0,65.0,1385.8795931144136,-47.13257450553016,3055.15441789216,-87.91509129343285,3061.241625355307
13.0,70.0,1391.1087499329435,-19.923040176055906,3067.475580175083,-35.17684327309155,3069.2189267448284
13.0,74.99999999999999,1380.049602736863,16.877504402782165,3037.301476136264,30.967560084666275,3053.4582937783575
13.0,80.0,1429.0581767320919,8.114570631316752,3132.6235790592996,11.666375799411185,3123.263579301821
13.0,85.0,1422.2287862151165,72.82983671525395,3127.5834756202817,148.32678595445952,3112.1641238455236
13.0,90.0,1453.7990323202248,98.82998357569878,3178.232113802893,203.50419433394543,3155.7126534674376
13.0,95.0,1255.1057470253168,-58.543499699717344,2825.131860158472,-115.41763176701221,2871.700188550742
13.0,100.0,1356.9783641904417,-27.67645514360791,3004.4428279845365,-55.84081436360816,3020.2705715219663
13.0,105.00000000000001,1379.8039519050342,-36.506263434518075,3044.3550313426163,-67.00124652608213,3052.8098470882715
13.0,109.99999999999999,1414.3765271887803,-43.44550354851714,3101.162753802156,-83.56364833599696,3101.936304793923
13.0,115.0,1455.3094157608666,31.28415980099055,3176.408276104151,76.18554577297778,3160.138108944419
13.0,119.99999999999999,1415.8167895042577,-7.385194241000704,3100.599779294539,-10.420508240223626,3104.4826013796937
13.0,125.00000000000001,1402.4833828801316,-69.6402460728051,3083.2591873700894,-138.02547176236612,3084.1985587349914
13.0,130.0,1394.886996005754,-71.83889965174058,3076.7850662607507,-150.28584885036094,3073.279561690751
13.0,135.0,1387.4031818553306,-38.43823487488771,3065.173173867901,-76.97761010044042,3063.6269215428824
13.0,140.0,1368.9055430898884,14.437910231434103,3039.4736618504935,25.231749301997297,3037.53480738183
13.0,145.0,1362.8636428888433,26.110863887330424,3033.9246967253584,46.3317965631054,3028.7393763000905
13.0,149.99999999999997,1353.0769150444453,1.008884324453561,3007.6334352135923,-7.149557286632444,3014.8912570664065
13.0,155.0,1343.2399627679451,15.85852880664288,2991.1316937094643,24.622092967513936,3000.674151424898
13.0,160.0,1318.863204573282,-8.04664200470927,2951.784704902302,-15.845214301740839,2965.5675686850855
13.0,165.00000000000003,1331.1770066687416,40.94344857067733,2968.154947710338,71.05391886987945,2982.866619495533
13.0,170.0,1366.9525156117559,-30.277133843830967,3028.9687708024567,-71.46616982710066,3034.53311407433
13.0,175.0,1321.6850318626796,64.50204496394093,2945.2051204361132,118.1771910615079,2968.4057005834707
13.0,180.0,1340.6118403871442,15.864195261281402,2973.426290452153,23.4100759927529,2996.890881191418
13.0,185.0,1389.4024803897264,9.841240840289146,3074.8590376688117,11.312421774016087,3066.86870179729
13.0,190.0,1359.2857134414653,83.80060085115227,3015.114250876112,166.41224939963593,3021.7695673194894
13.0,194.99999999999997,1355.5185872214913,65.71958595348389,3005.86929894896,130.06091085836454,3017.139749190106
13.0,200.0,994.740939893263,-78.66400290349486,2332.787772822207,-173.66026933310786,2477.081000175905
13.0,204.99999999999997,1486.1470649853563,-36.33656670494429,3240.426789637053,-72.29248139037259,3203.4472792312076
13.0,210.00000000000003,1476.1876962097158,-69.40613451914885,3205.8219117719095,-134.64051499625452,3188.562784497164
13.0,214.99999999999997,1564.9250740659013,-26.76783644840225,3372.743276928314,-35.56178270232863,3313.475216489948
13.0,219.99999999999997,1539.818125220773,-27.791624913080796,3324.7932738227837,-54.667441023767424,3278.5920330743
13.0,225.0,1527.8357261042443,-34.108181539075304,3307.2938268212974,-74.1761887963894,3261.807255235027
13.0,230.0,1531.1943351071463,-44.83546828368799,3316.5966652667767,-84.70924136172289,3266.284356360462
13.0,235.00000000000003,1495.0863053854987,-14.69730038360683,3251.4476768104637,-23.289971561981474,3216.2631543348516
13.0,239.99999999999997,1429.9279417227056,45.03201915536886,3129.0899047537123,88.4806091402138,3123.9691038848505
13.0,244.99999999999997,1397.512217218924,79.48205344964606,3070.0089877292667,150.87316194403775,3076.7043172499903
13.0,250.00000000000003,1442.4726647451807,64.90176407350862,3151.3310845832184,129.51334620163016,3141.1516883571558
13.0,255.00000000000003,1518.632297203348,35.905353795998394,3281.6742937998665,79.99637707432976,3248.934902638469
13.0,260.0,1553.132744626464,-6.181509211488503,3349.8585202184818,-3.2381636283258786,3297.2746162795224
13.0,265.0,1535.8768826833038,13.22124322734075,3320.3837014017868,39.32585138538735,3273.2495571208106
13.0,270.0,1520.9454136218917,-20.78027771823617,3297.7162530612472,-29.757397363965037,3252.3735409120645
13.0,275.0,1510.2473557968929,-0.4549780556062899,3277.2067680280547,12.547661456558387,3237.536859684088
13.0,280.0,1521.8808073204711,-7.7903711841779,3299.377978018433,-1.0098992863231615,3253.7694501883684
13.0,285.0,1493.3510378012793,-10.873464114865328,3237.7517501786383,-11.31259824361041,3213.855597123009
13.0,290.0,1461.193861835853,-0.313054077186564,3181.1313108326635,11.2473289194063,3168.690350233057
13.0,294.99999999999994,1439.7630799243557,-41.87389468678646,3145.807914769652,-85.12826231588292,3137.969566859298
13.0,299.99999999999994,1514.2805685503645,-98.24129657425988,3280.3039854378635,-189.8372224110301,3240.8062055704568
13.0,305.0,1450.395678335659,-25.928947116179756,3174.471123984087,-43.34592371861663,3153.2830998444056
13.0,310.0,1435.2554418111595,-109.15435227759042,3155.336442418138,-217.72671423263228,3128.886567273659
13.0,315.0,1415.844188425142,-46.60806941804651,3123.674050658402,-93.55743796197726,3103.9441753584015
13.0,320.0,1391.5017730161965,-62.322241793259764,3087.7727151298814,-131.17200119716017,3068.803828766949
13.0,325.0,1330.597100663903,-30.406359223440404,2978.4193035158773,-60.248951186897784,2982.2553071789557
13.0,330.00000000000006,1319.3306011668199,-2.724589386866569,2962.091892943604,-10.004987422236354,2966.260740178226
13.0,335.0,1354.9108068639234,9.120784861833613,3020.539429773555,12.258003877073179,3017.5010519115713
13.0,340.0,1356.9185363481627,-27.255739728548463,3017.072206764151,-67.4685343791881,3020.191409208767
13.0,345.0,1304.4871164549788,-14.117948843646218,2930.0663511482517,-42.63061473083769,2944.7118312625935
13.0,350.0,1266.1044811718214,11.340962764586408,2861.4729860752445,14.064036890002455,2888.8703474454924
13.0,355.0,1186.8507345340151,-27.92655069005562,2706.5653554245746,-65.50857134344008,2771.870693065021
13.5,0.0,1084.3760860648545,-12.899386955075897,2541.5439155095955,-39.58003000160534,2617.9832607526514
13.5,5.0,1089.6754590705468,-22.52841053337599,2558.4872876351787,-68.23409209582249,2625.9073284361366
13.5,10.0,1124.2567715555406,54.34659119221942,2627.142274439185,106.40811054803879,2677.3223888451585
13.5,14.999999999999998,1149.4724443037308,-7.2167132918653465,2683.5506950248955,-35.32877992410158,2716.3523094255033
13.5,20.0,1085.3409675873897,84.70616637704188,2543.668163386817,178.85441865470932,2616.58515919176
13.5,25.0,1159.3277926443236,26.59453104591836,2692.389491875092,55.07427889066446,2730.86247598706
13.5,29.999999999999996,1168.828153420359,25.09257118313218,2702.944411031353,45.70823645644464,2745.0841156780793
13.5,35.0,1150.6694624028762,125.50052432277681,2664.023069614326,262.3448650056491,2712.296547847112
13.5,40.0,1146.3791949050042,33.10965207760387,2665.7406520618497,62.0378975519111,2711.3207611607445
13.5,45.0,1311.8647457402521,-83.37391510159898,2973.1891544775854,-167.98510501937494,2953.3345505331545
13.5,50.0,1341.846302304903,-17.698906001698788,3016.1561711534187,-30.38533568651019,2998.6498935910354
13.5,54.99999999999999,1357.0135852806748,-18.328056211884245,3041.2056180883465,-22.22139946383072,3020.446353606083
13.5,59.99999999999999,1364.351602654041,15.49322713735603,3050.2722004289726,41.4480086535641,3031.000424108251
13.5,65.0,1323.5170195840346,-52.92600227979818,2984.0944177071847,-103.8464267648053,2971.4655818311044
13.5,70.0,1310.3605528434546,-18.99856290197988,2956.597778165885,-35.65269252354835,2953.1732080185184
13.5,74.99999999999999,1133.2344684653224,20.354119753770135,2628.497596789768,36.78043720262781,2691.8310694803668
13.5,80.0,1289.9197950512414,-10.623955448229282,2928.1089992289785,-21.133739518587163,2923.587377206401
13.5,85.0,1346.8130378923306,58.6988589809403,3023.7152420178495,124.45541498111078,3004.8746346667763
13.5,90.0,1319.2601385105154,99.91298126299071,2967.4437385765923,208.6244870836743,2963.135282245681
13.5,95.0,1449.6313218392993,-11.784336350850467,3204.08957261882,-31.64834784122047,3152.3440823933624
13.5,100.0,1347.5296918682243,-35.04327815477012,3014.926152795682,-65.70114648635467,3006.557869546413
13.5,105.00000000000001,1313.6577242748306,-17.450851227103556,2959.7709816709344,-31.87243371232887,2957.964243904105
13.5,109.99999999999999,1326.4463618738152,-27.92661712176823,2981.604796588149,-46.60248420364155,2976.3076499489052
13.5,115.0,1322.469958244678,3.227380578456632,2974.4237504263797,16.53947476771259,2970.7968853129887
13.5,119.99999999999999,1240.5780697607993,-55.80445988349402,2830.173151627658,-109.83608910880776,2850.478891127671
13.5,125.00000000000001,1293.112261534543,-56.15855671025565,2929.3278423283828,-118.87914917409398,2927.2750555441894
13.5,130.0,1272.156496503535,-64.05850163257765,2894.4417177885553,-136.04504399763232,2896.4305829311334
13.5,135.0,1235.8419824468847,-26.072543115245594,2827.376392447539,-54.88535846160926,2844.3307020617685
13.5,140.0,1249.1931900103614,11.851596253624962,2854.751142517811,22.50725400000283,2864.114769183207
13.5,145.0,1238.8269496395724,-41.18135239393996,2836.845731216894,-99.38298587322174,2848.378549927335
13.5,149.99999999999997,1174.0843105300958,-42.8461473537983,2719.12583277717,-91.9544044945394,2752.484671985533
13.5,155.0,1250.9025327073261,24.325106988916218,2865.6668371091737,41.858847636666724,2866.471581194711
13.5,160.0,1280.9814899622563,8.863552712530577,2924.448960721381,12.912021958142077,2910.58983771229
13.5,165.00000000000003,1244.0985066215676,-18.400899162613598,2834.398343158077,-48.24647924895817,2856.5750920031105
13.5,170.0,1256.2152480556624,1.7437134676180506,2863.626873348501,-5.548142435796819,2874.4479767743687
13.5,175.0,1258.0170588957762,20.700715846317635,2864.9360790025853,32.5205001644278,2876.9460852033053
13.5,180.0,1319.7379412362134,6.494305759617257,2990.6663462027354,-4.087187570956669,2966.8390239385876
13.5,185.0,1333.66001290471,-24.164725926751117,3016.854479302252,-57.40538170794565,2986.7751771506664
13.5,190.0,1315.610651790763,21.810944501279124,2970.8086538992125,40.27569214846886,2960.7379952866972
13.5,194.99999999999997,1321.4511142016859,56.70247424319473,2975.9349388537257,106.48520916846473,2968.353426184967
13.5,200.0,1633.7554281169196,-27.601326258435392,3526.332834993978,-46.23329061920754,3408.38635896745
13.5,204.99999999999997,1400.514814282105,-9.124242629406126,3108.9844943998014,-19.686542133279772,3082.71306952976
13.5,210.00000000000003,1437.209121881235,-102.32897461447646,3179.4879600053796,-202.3578717223079,3132.0401550745096
13.5,214.99999999999997,1429.6549380185982,-4.3580556617451975,3166.9723307426075,0.8352756621052322,3124.121711087397
13.5,219.99999999999997,1408.2468011191627,-12.000389266062257,3133.5761110066205,-22.031146153871532,3093.699753416936
13.5,225.0,1436.0263549762515,-43.651789888927624,3184.797728125688,-91.08475673465887,3132.640512919075
13.5,230.0,1415.1035762460697,-21.23364615342166,3153.3608581953126,-43.77810355671386,3103.361423843935
13.5,235.00000000000003,1341.758387329582,17.99948711016657,3023.0108675894744,35.29808773481727,2998.5201544017364
13.5,239.99999999999997,1297.1898738789098,44.94929419427524,2921.9576987953724,89.50895733304469,2933.555764204999
13.5,244.99999999999997,1454.9863705775242,74.34621474170729,3219.3053774214504,138.58363854945924,3158.4949014741683
13.5,250.00000000000003,1402.9095622938569,35.73700000921053,3123.7833388050994,80.92016731044248,3085.792448393309
13.5,255.00000000000003,1411.134948407066,4.843857229773505,3136.6764088532145,20.00710636392489,3097.8391241805675
13.5,260.0,1423.4375898812254,0.08226854784302873,3168.114994537993,4.915376023814133,3115.3133917823993
13.5,265.0,1387.4309495981302,35.404156517570314,3107.6068620204223,77.63987056323106,3063.729576558584
13.5,270.0,1460.089221263668,-20.965686429924823,3238.596474255653,-26.894594281496808,3167.019240371905
13.5,275.0,1442.2316491961078,33.566989832966385,3204.15374077166,75.53517711280062,3141.6274337498667
13.5,280.0,1413.7991677645375,22.655191963163986,3150.172204917389,54.20036252207342,3101.4912198184743
13.5,285.0,1342.2220499124624,-19.785795211811944,3012.9892566503454,-33.489472908917605,2999.167616610494
13.5,290.0,1324.482651597598,16.059697660569327,2981.3670820397647,38.9755914989114,2973.629394197731
13.5,294.99999999999994,1360.7062219882018,-51.48422051701965,3051.415707263983,-104.72927742199522,3025.0745328730804
13.5,299.99999999999994,1339.6429787762509,-60.504665399865075,3019.2266813530764,-117.12497936074897,2994.4842224873614
13.5,305.0,1339.1667117163047,-13.81461993223752,3016.2080126498945,-21.392997470780983,2994.8278782892353
13.5,310.0,1303.700959632988,-81.32546444510649,2958.0779795862345,-165.14947140220374,2941.5895376119756
13.5,315.0,1271.656558769734,-48.159739747563776,2898.184092832994,-96.69789811132546,2896.2731538252197
13.5,320.0,1284.5150123088451,-82.29401894557532,2926.570954799192,-177.3768559806863,2913.6188937470592
13.5,325.0,1257.5968324993653,14.902148759142051,2881.066073367716,26.22451268877603,2876.398597171677
13.5,330.00000000000006,1220.152139535437,-11.762408012498781,2811.3435403969343,-31.159770333578308,2821.4055830483744
13.5,335.0,1213.4838407572383,1.0405949209697951,2800.6729060554535,0.5075852066529478,2811.6088019334084
13.5,340.0,1208.9830885571232,-33.99543177416973,2786.9493831939,-81.7241163861404,2804.5551109372377
13.5,345.0,1212.2265501417098,-28.812601268494404,2794.9417717186057,-79.93881163247204,2809.4639717456103
13.5,350.0,1155.1610590635457,-0.4166235503629707,2688.9423782501713,-10.230275048372505,2724.891519923672
13.5,355.0,1158.6352809736488,39.90134983505311,2694.382691970807,76.90387750033756,2729.498332058496
14.0,0.0,997.945376578049,49.10256401998049,2396.3235665377433,92.41361520065402,2483.8439724012323
14.0,5.0,1098.4371544611727,-5.496794849618922,2616.8594480163097,-33.493657524206384,2639.409382505828
14.0,10.0,1079.347638119179,50.68470931981864,2573.7655362400174,101.33272286251497,2609.3286624336033
14.0,14.999999999999998,1084.6037035235136,-10.206953140033761,2588.431923451949,-44.95744859766239,2618.3553848416273
14.0,20.0,1033.612832893784,32.45156275870585,2483.0301113386686,61.33376432125783,2539.79407883681
14.0,25.0,1090.5802154109772,34.89938432668936,2589.5716018477606,75.26509027470547,2626.993720440185
14.0,29.999999999999996,1104.2673906950156,32.99122988997158,2623.716380677775,61.415677262446025,2647.825408588436
14.0,35.0,1069.7141971658584,96.27595135934337,2554.436433266983,198.5201970016385,2591.8155939248595
14.0,40.0,1228.5017253503502,-44.40879398666789,2858.6861980264302,-87.11732163701504,2833.090020286722
14.0,45.0,1330.2240745667245,-84.43438479421411,3033.617862718572,-159.90076089740796,2979.8588170705834
14.0,50.0,1361.4572368510972,-7.692646978382527,3080.284558804524,-5.034007158771374,3026.902667747238
14.0,54.99999999999999,1312.8711867288857,-8.872976484317292,2991.1772837637554,-7.607091583865895,2956.8949591420037
14.0,59.99999999999999,1269.8296696372272,10.587424353390247,2917.391890648158,29.849458411348223,2894.316383179701
14.0,65.0,1250.1831722097668,-1.3383532826164242,2881.5125242241156,-4.917806032542558,2865.6119415421285
14.0,70.0,1172.593941692236,2.6923065501832752,2732.468315989515,10.191000830939174,2750.9283249312107
14.0,74.99999999999999,1337.2708412283541,-38.26403743015334,3039.382324216672,-92.60054560103663,2991.7177497361895
14.0,80.0,1240.8690028008962,5.164538464332452,2867.3073015636546,12.39567334944752,2851.9373966049166
14.0,85.0,1238.939333227544,10.178808853017586,2866.0975383611267,28.899005351205687,2849.0769503073993
14.0,90.0,1268.8099378061597,47.26006557224165,2917.6962483896787,106.02536427834984,2892.1427829174936
14.0,95.0,1281.885984125359,-14.981361237305322,2939.616763592972,-34.935090467587344,2911.860869818121
14.0,100.0,1255.508647408149,-8.450015564978543,2894.8179784848307,-23.396961875248905,2873.390996475909
14.0,105.00000000000001,1275.7065586359572,-6.73319216856936,2928.7921538439964,-9.326561488564494,2902.912653052849
14.0,109.99999999999999,1217.0682728159297,8.364910027645351,2818.779547226279,25.884817714885685,2816.8782444037806
14.0,115.0,1197.0631752088634,16.599389701179064,2782.6680479206016,41.574633021707086,2787.2104517828693
14.0,119.99999999999999,1228.0515990427602,-28.443125802605664,2839.5716156113126,-61.337456104432476,2832.8214313294966
14.0,125.00000000000001,1176.9677748654185,-90.6765605415876,2751.7236632374943,-191.36244369434235,2754.477524871218
14.0,130.0,1160.7124337413775,-73.35627450425841,2723.462239201649,-160.2912288550026,2731.2064950421277
14.0,135.0,1170.5988880635286,-22.852998549437075,2737.1547798069796,-44.51808799324135,2747.7652981319197
14.0,140.0,1201.7102966382645,24.871804232508453,2798.55512246365,52.60091647237505,2793.976847972361
14.0,145.0,1198.4149341380148,-71.929246917652,2789.0466426483003,-167.61718342448376,2787.4909751050154
14.0,149.99999999999997,1237.7645478979448,12.854849698284966,2864.339620211218,22.303502526796365,2847.3299169947777
14.0,155.0,1185.0937408265177,3.3490902089818633,2773.3247409325754,-7.975554180190784,2769.534444243568
14.0,160.0,1185.1821612068088,1.4824691420903378,2783.805901134685,1.5848338677775473,2769.669119049802
14.0,165.00000000000003,1151.555555550714,-13.66455683403683,2700.4661763229687,-42.92277754690144,2719.42300888515
14.0,170.0,1185.2216191920345,54.259716174676925,2764.589226888773,102.78280801094041,2768.6737655709744
14.0,175.0,1182.6296100302295,-34.97782212592382,2754.5924759982818,-85.62220614279408,2765.434294910637
14.0,180.0,1249.1480367082986,-72.66357116322631,2893.0970798203343,-157.38370465663354,2862.351610834951
14.0,185.0,1263.6613063783554,-35.627101950610566,2924.60031026283,-78.83441354494724,2884.9292007126483
14.0,190.0,1251.016396789655,-0.3260386029402582,2893.550428623968,-3.032270685439812,2866.833754516485
14.0,194.99999999999997,1268.6013861912138,22.255503772360953,2912.7877442528143,47.92170809776178,2892.3991208140214
14.0,200.0,1379.804383664749,6.742810726111088,3135.0866355113253,17.658164539757877,3053.175721176641
14.0,204.99999999999997,1298.2371050859103,2.334610784704637,2961.186245432002,5.276924915820928,2935.7047589292742
14.0,210.00000000000003,1348.9559073142548,-66.48651810135414,3061.2083972312257,-128.40951259894746,3007.6723694645
14.0,214.99999999999997,1323.206607930397,-14.995392905856534,3019.5274542064262,-26.678367526508964,2971.796174377785
14.0,219.99999999999997,1324.6171041910623,-24.354146599654314,3025.9222051604356,-48.20065965378694,2973.7222723160617
14.0,225.0,1306.9388691275876,-56.414890328489264,2991.0075256890677,-114.48198214453669,2947.3461607720715
14.0,230.0,1288.8301680924849,4.682179601605753,2961.2597430208175,3.9716395134826143,2922.0314995017793
14.0,235.00000000000003,1310.7344704729728,33.79912949623656,3000.0434549220536,62.771227817500176,2953.4747553567863
14.0,239.99999999999997,1173.1629287650546,44.520601873120086,2736.2478258496003,90.780152572195,2751.0574416515447
14.0,244.99999999999997,1302.543631246335,3.0224003693354007,2982.7832188171556,8.74385899988215,2941.952415783208
14.0,250.00000000000003,1341.9409405469596,52.14215782613269,3055.2731938742227,109.23095771136855,2998.0740586249453
14.0,255.00000000000003,1332.2377648352965,-19.064827341642342,3041.1098337652857,-26.339020655193735,2984.7902214103956
14.0,260.0,1317.248121022346,-11.961456532480469,3012.8047673310266,-15.984281420818888,2963.2082237791487
14.0,265.0,1349.9408439754975,13.537087941973112,3072.933440270645,36.67607796472009,3010.331722032055
14.0,270.0,1309.6289066828758,1.1679893216060389,3001.1219499523286,9.315039854504072,2952.2241052458535
14.0,275.0,1325.267709330426,10.432696697546717,3030.4244545758074,27.003193320081152,2974.808202087935
14.0,280.0,1328.5790143968402,22.030009034922415,3028.763340078669,49.55841393270981,2979.4750630354374
14.0,285.0,1263.3565871415717,12.501475501196467,2909.1045553423123,36.35315538390728,2884.845346467284
14.0,290.0,1241.7063839402651,17.876748098573103,2868.215407782194,43.08271608030918,2853.069338622347
14.0,294.99999999999994,1249.720914953298,-74.53234788478557,2890.29011279871,-152.1615246925005,2863.1021466819097
14.0,299.99999999999994,1242.3552316593155,-24.888802954840457,2875.2829220284207,-47.3965703238232,2853.922115234546
14.0,305.0,1210.347012655111,-20.116250177129473,2819.987310626285,-37.775010850556555,2806.8330801488946
14.0,310.0,1196.0168150517543,-53.42704547115636,2797.526902409938,-111.85996303423099,2784.7477069503184
14.0,315.0,1156.8118936157039,-38.82370764650716,2722.453176801375,-80.81364438975493,2726.801021471483
14.0,320.0,1131.7136811285868,-65.4840006818024,2681.767018264818,-150.66333047953844,2688.0539669603777
14.0,325.0,1167.4622793387546,12.302869659420253,2749.0762485709934,22.038879027144503,2743.221044499131
14.0,330.00000000000006,1158.869081940508,-17.836276868227912,2732.2673998449695,-42.7651601682951,2730.3208337818737
14.0,335.0,1148.175101159627,6.112056576278576,2707.204635939438,13.65655335009842,2714.413245991108
14.0,340.0,1114.5209746034252,-28.221095159650304,2638.808383069151,-74.56656149034768,2663.460797037143
14.0,345.0,1114.3455627700737,-55.91130694666961,2644.6726383572823,-136.15023166032722,2662.2786902303556
14.0,350.0,1151.273952798079,-15.750968298414051,2711.0804664512834,-46.33573542542695,2718.9781271633587
14.0,355.0,1087.8743747463084,64.4525527982949,2590.538842093645,126.3875337438705,2621.679223151429
14.5,0.0,1074.088944316929,36.4344477727027,2597.8557552072452,70.23503301134042,2601.8159344407977
14.5,5.0,1059.6716345425878,-32.02920148706998,2566.573815879552,-89.56305395943977,2579.8848114728066
14.5,10.0,1105.6335507856766,26.00789302236538,2653.074247192523,58.0878427682818,2650.0598673221593
14.5,14.999999999999998,1115.934094509466,0.9963696122419492,2659.552822863031,-11.061171331143896,2665.909399455721
14.5,20.0,1208.6881674617155,-30.56133679236143,2853.2820720893455,-68.7041836031791,2804.1959398023423
14.5,25.0,1147.951355420595,16.615084633408344,2727.3964720613135,39.293984399419514,2713.987881890154
14.5,29.999999999999996,1186.6000019722642,29.96275336024314,2803.385305602993,63.27663801730387,2771.455835395082
14.5,35.0,1365.6938968864624,-8.322757678279117,3127.820892429917,-4.583733463916587,3032.9736052062703
14.5,40.0,1420.268549858998,-29.953333516056432,3219.685372476487,-48.17677389855794,3110.5739241479123
14.5,45.0,1335.7012348545663,-54.13620650818791,3064.5013386071805,-101.28555987067261,2989.0182564916067
14.5,50.0,1246.1250571083335,-7.942452350808708,2907.19358837263,-5.958271602767127,2859.640579191626
14.5,54.99999999999999,1199.4231536771945,8.81641274571382,2816.8646917474757,26.699937906353853,2790.7783860175946
14.5,59.99999999999999,1210.7825549516137,30.614836857231467,2837.277831253282,68.95176321859321,2807.292186395308
14.5,65.0,1206.7731119975465,-0.9592703497062871,2826.7058400795113,-3.8671950835257576,2801.6879933303917
14.5,70.0,1165.5403083456972,46.21960209589156,2755.6802649402566,94.73949845711559,2739.6219415901487
14.5,74.99999999999999,1166.759558353585,-110.55069827004286,2774.7954666722153,-218.91168806807883,2737.761644016819
14.5,80.0,1190.5132680626568,6.102041671357654,2801.8990079009254,13.155732102061904,2777.576656010285
14.5,85.0,1188.2891719347895,18.004488911358607,2798.0719734100253,40.97281664475287,2774.171083004405
14.5,90.0,1196.7544176056836,29.716985507344287,2812.3527836656867,78.46764804710966,2786.5380056932177
14.5,95.0,1227.9002046309683,-21.000219871033508,2873.0774782496187,-44.740263330654614,2832.723386905313
14.5,100.0,1224.9417594980205,3.32017596678989,2868.867150339486,-1.4268252680244018,2828.5111114333517
14.5,105.00000000000001,1173.8308954022716,-15.203131183452115,2775.732294165258,-32.27728696591805,2752.690516422095
14.5,109.99999999999999,1173.495899112405,22.84817029202236,2771.827999100872,56.743514622964994,2752.085281951148
14.5,115.0,1152.4992959608153,14.190424344514327,2726.9075844073077,34.954804343927776,2720.8311219586344
14.5,119.99999999999999,1147.9025536172426,-38.711679969465365,2725.96259794069,-78.29457350608368,2713.4544236204006
14.5,125.00000000000001,1159.6589012841994,-61.980420775748144,2743.9536257077953,-134.3806091109766,2730.197410252043
14.5,130.0,1146.4930808717118,-77.94308783306906,2724.147486341513,-170.9286597772766,2709.6183934074124
14.5,135.0,1042.7067784074272,78.29511337382303,2521.103474487594,172.08548543117854,2551.6043524992733
14.5,140.0,1091.791394354476,4.307406280102214,2622.692079555468,13.559926531306928,2629.323191738085
14.5,145.0,1120.247016267916,-47.08175854510597,2676.699742838349,-115.46827029564815,2671.5554959258143
14.5,149.99999999999997,1139.7016608284998,58.38472181495217,2719.557253926702,120.99948454173455,2700.415460102431
14.5,155.0,1131.4381997748155,-28.550961651675493,2702.4385122917033,-72.75967139047077,2688.973454739384
14.5,160.0,1145.578273561581,0.5286324331104879,2729.0936995029924,-12.676221301504484,2710.5330829701593
14.5,165.00000000000003,1029.3482651792817,-111.68004463240854,2514.9967303815633,-271.9885239305457,2528.1628118427693
14.5,170.0,1148.3450467378332,9.725583429030564,2723.42595168028,22.890974889633753,2714.6464610380635
14.5,175.0,1182.4926976857835,-48.50751504421251,2787.9664139799497,-119.6989682651596,2764.8245788772415
14.5,180.0,1197.97461536415,0.00845156858835134,2828.775953218581,-12.468789017657746,2788.6589477330926
14.5,185.0,1199.0164171445479,0.2442608913418951,2834.2432699572,-7.379905939268525,2790.2030056370513
14.5,190.0,1209.1408668104662,10.121776070045883,2850.057097111397,20.072083898467326,2805.154716374285
14.5,194.99999999999997,1254.3831673297648,-22.65811947747926,2926.5235543083622,-35.880408368380245,2871.597552115918
14.5,200.0,1245.8082320807532,2.1416254349034034,2919.742771367732,11.826914683727182,2859.1951884975338
14.5,204.99999999999997,1257.685233067946,-37.095176240376475,2927.31855559844,-75.15327483601527,2876.1503523704346
14.5,210.00000000000003,1227.7175835074368,4.200872783497516,2877.0006250571278,13.55158131089911,2832.5982430518898
14.5,214.99999999999997,1228.7140134370825,-29.620425138101155,2875.044899465651,-60.12086075713751,2833.7739219500477
14.5,219.99999999999997,1275.9516501147493,-38.3357374393222,2974.679024035755,-79.02651418641994,2902.8141517398594
14.5,225.0,1161.5459685649241,-15.87472764586812,2755.2641437631237,-35.420043817966416,2734.3475160088205
14.5,230.0,1171.132434012495,-0.3292462609882705,2776.6097134663796,-5.541313073127185,2748.751863000526
14.5,235.00000000000003,1168.3579240453182,32.43344572637022,2769.089007642303,61.2895856580908,2744.2276042611875
14.5,239.99999999999997,1276.139319160515,0.616332803692103,2944.0280970127824,-6.475274825497081,2903.558067178931
14.5,244.99999999999997,1202.8743928440285,-1.986461875010832,2829.7328262129718,-4.297839627819485,2795.9165616769683
14.5,250.00000000000003,1246.2221993347139,24.388770748619834,2917.835481897525,52.77410783325263,2859.6065539029923
14.5,255.00000000000003,1249.3623809118421,20.20008992072229,2919.9845914324137,47.06954352307707,2864.2743285054603
14.5,260.0,1207.7575359105483,14.177704591790786,2842.803244926577,31.4997813876995,2803.074505315256
14.5,265.0,1241.441188986775,7.536333788068575,2918.236409341522,25.369799467533454,2852.7676484440854
14.5,270.0,1223.1564612311963,5.885426875331338,2880.015132843459,11.613748863856413,2825.871632327743
14.5,275.0,1208.5946573960307,-9.98054802269101,2853.1653741528835,-10.178274669682452,2804.3479656731056
14.5,280.0,1178.8041677596984,6.8069451710827025,2797.23374878577,15.380149508718716,2760.1654423223563
14.5,285.0,1244.412923908638,75.35191455987953,2910.4039073309823,161.6890299494031,2855.263796536903
14.5,290.0,1212.860383998395,9.049512761594826,2847.0892139464722,28.988606633818904,2810.659737581708
14.5,294.99999999999994,1196.8686797026799,-62.940433013113534,2822.966663190489,-132.34673846317105,2785.621899236359
14.5,299.99999999999994,1129.91607429538,-17.64405979388914,2697.777706789194,-31.74521773755282,2686.8759477768913
14.5,305.0,1149.7579270366127,-45.47710350719615,2742.9084122169334,-93.45107388724068,2716.0230864200794
14.5,310.0,1125.9177131605093,-50.331616573348015,2695.111288686445,-108.21959763868017,2679.991253282151
14.5,315.0,1072.0424698291338,-17.882712404571862,2592.53810609063,-42.15418037160043,2599.1110297721843
14.5,320.0,1036.75868394895,-76.48884577050978,2527.24158302148,-173.82217946028163,2542.542265983653
14.5,325.0,1055.4559114149215,-10.501526985037401,2567.4666682776297,-20.650543806349333,2573.8118575728167
14.5,330.00000000000006,1103.7331964383377,5.894773426390657,2662.1995840613226,2.940072429816837,2647.4372108887133
14.5,335.0,1073.4631749094763,43.57932947603973,2599.0703278731635,94.02321587435586,2600.621811850785
14.5,340.0,1037.2433575076846,-35.292422305199466,2526.689494524811,-91.43181819135282,2545.3099714263944
14.5,345.0,1066.660300661423,-62.2858439293787,2584.3887486295016,-162.8928925540717,2589.386629028826
14.5,350.0,1020.2382568883062,-0.6788681566891626,2491.6023815211324,-17.50281912627969,2519.5897725093305
14.5,355.0,1041.7338563902126,23.813956786541908,2531.663013028527,40.17673829103998,2552.5265062704334
15.0,0.0,1077.9152071608005,47.15729615471719,2646.0008989916023,100.40083095058071,2607.2853690488732
15.0,5.0,1086.9148767392253,-1.0507525790089858,2648.1704083420937,-14.76630646300569,2621.915219621472
15.0,10.0,1062.0574199617104,23.310969066038695,2588.304263485738,53.22011920159031,2583.745126519092
15.0,14.999999999999998,1105.200805081424,-51.21706793546497,2680.197474981338,-107.03552587467345,2648.628070178186
15.0,20.0,1201.5533025829025,9.851955684433563,2865.78278312953,17.110368653370188,2793.9274310689034
15.0,25.0,1171.8310556656807,65.97110200299545,2791.1721060143204,141.39044361115054,2748.207958547877
15.0,29.999999999999996,1227.1720339337005,71.31158089870945,2890.8063377980066,160.575546005839,2830.075068960683
15.0,35.0,1266.8529406191808,-25.232837692534872,2978.300854258485,-37.09220960952098,2889.79934507306
15.0,40.0,1264.8683973753796,-29.521164522085883,2974.940493006638,-52.04673583543945,2886.8230691318554
15.0,45.0,1218.0121685048334,-14.824539607266274,2885.7976396404274,-24.248037957165252,2818.2199280686755
15.0,50.0,1192.7764845682818,16.633067612369018,2839.223629355017,40.96524380288497,2780.8510968186615
15.0,54.99999999999999,1140.2233874446295,21.08022090624297,2740.9336601793484,50.105670289632826,2702.326523132034
15.0,59.99999999999999,1127.3010916873607,7.388297679084133,2712.9882050335364,22.43196369936095,2683.036668781019
15.0,65.0,1084.734435313722,8.04471740453124,2633.2013605974216,7.134218276806564,2618.570632388087
15.0,70.0,1106.7595631678146,58.999995978229435,2664.7517146398786,123.04446626121774,2650.6499823046142
15.0,74.99999999999999,1121.105281584729,-27.597301847563983,2695.043460600043,-66.5090639434319,2673.4192767908003
15.0,80.0,1099.9565488995067,-17.801434178255192,2667.429504068759,-31.602835061937526,2641.598781130462
15.0,85.0,1121.504035269578,13.443938620758544,2706.610667696407,31.73117307775101,2674.2477756738613
15.0,90.0,1156.6579728385623,55.00668577847311,2776.533809366745,120.86883903438121,2726.006280377097
15.0,95.0,1081.0473210793866,1.598508252016643,2632.2582595009126,2.2158788655600006,2612.9805675313464
15.0,100.0,1114.334845421012,-26.268984837546185,2696.961830137431,-55.97576692474519,2663.2213581990595
15.0,105.00000000000001,1104.8322196143738,-15.18991583239233,2677.8367684494665,-37.20494710325215,2649.023888683404
15.0,109.99999999999999,1089.7292747492058,30.89361726702657,2646.156366208478,75.13266541540656,2625.806916108141
15.0,115.0,1066.8371264048535,0.7743897080647457,2595.544502996983,8.457504315141477,2591.2895036979817
15.0,119.99999999999999,1102.155407623499,-24.817411000754646,2670.9810338190546,-50.13288448345543,2644.8131000347735
15.0,125.00000000000001,1043.3388916735712,-45.26739001443838,2553.470867594254,-100.23064183550946,2554.3516279980045
15.0,130.0,1066.3535932028253,-53.29174351078359,2603.328451230967,-120.71512172526468,2589.3538149935384
15.0,135.0,1074.2765536349148,34.55388488413689,2615.9541930044616,79.2800861240305,2602.158065926763
15.0,140.0,1052.4788912478518,5.114244535376201,2578.0353529641307,10.939780109465119,2569.279966195
15.0,145.0,1032.3049123881144,-45.63418877015431,2539.7285443372166,-113.5992776333776,2537.3194736245187
15.0,149.99999999999997,1051.5874331329753,54.45177434866844,2589.8843352238828,122.8636908057747,2566.646750758543
15.0,155.0,1111.8034058782418,-23.155264449207323,2696.8266839215257,-61.161749974420445,2659.4544994855487
15.0,160.0,1115.0792361067236,-2.6442050692748467,2697.68485192371,-17.22428533949551,2664.6155107311497
15.0,165.00000000000003,1257.672497208647,-70.2468239827165,2963.7318936363176,-167.8264067172429,2874.9693654503717
15.0,170.0,1083.3458951191408,5.310897196203541,2633.5110318505604,22.664456218097257,2616.4714318160127
15.0,175.0,1106.6711596607972,-46.66217015756071,2684.858802863994,-118.31492832669556,2651.034072308084
15.0,180.0,1145.4466469637919,-15.383653550929152,2762.0165240339848,-42.86825768031156,2710.246280422588
15.0,185.0,1164.7900524386516,-16.64829646669986,2800.1781788394483,-37.59873224474339,2739.1850827338026
15.0,190.0,1188.7573816593615,9.687366176407295,2841.835987599873,29.889070739631677,2774.9488642397882
15.0,194.99999999999997,1179.6017435530819,-8.943834564003453,2826.7554013616823,-7.757927672882261,2761.3404893700554
15.0,200.0,1181.0374102203048,-5.2724475298423386,2827.976019095737,-3.1887474252129095,2763.495823200274
15.0,204.99999999999997,1131.9002242971462,-46.382128940321024,2731.5228535552224,-99.0236484590339,2689.155266422556
15.0,210.00000000000003,1166.580218228618,-4.420400203644192,2803.1979184141187,1.8654953573345665,2741.952855536158
15.0,214.99999999999997,1115.5770084056119,-29.232548311080677,2694.443233545394,-66.88774638388918,2665.034030912219
15.0,219.99999999999997,1127.6036184346624,-24.37626745846262,2731.74373939173,-53.72114483645828,2683.2835032822304
15.0,225.0,1107.3691637381323,-11.576654299017946,2685.873723895006,-28.02555113608355,2652.9043446334076
15.0,230.0,1066.5323527424014,-5.3785677085109,2605.820850888479,-17.455953813446058,2590.811452320666
15.0,235.00000000000003,1115.460408076885,19.991870586689174,2698.825547860662,41.81831125522126,2665.036821830308
15.0,239.99999999999997,1180.0343870487138,1.706502249749576,2837.7726619737537,-6.499650658204928,2762.012245054351
15.0,244.99999999999997,1117.4305548964066,-36.84677781819295,2700.254487106854,-84.04183142676425,2667.637186421894
15.0,250.00000000000003,1172.0394459067634,-17.8183984962414,2813.199708223622,-29.21099951435997,2749.988457491414
15.0,255.00000000000003,1136.9109376331255,20.30189876704236,2746.668166667636,50.43824056792289,2697.361125830126
15.0,260.0,1168.3750132120397,-16.261857360352025,2803.4426382972892,-28.550191298918094,2744.541727932609
15.0,265.0,1179.857330143691,8.401092772699982,2826.712722140406,24.91040973818491,2761.7242953352916
15.0,270.0,1201.7723204575923,11.97693681317472,2868.6303629202516,32.66028679580639,2794.2355381285147
15.0,275.0,1178.8983202474983,11.982949318117107,2820.690311613085,28.83674397753734,2760.2704258484996
15.0,280.0,1163.0195199436127,39.8593028734299,2787.50960430273,87.88477617328033,2736.056252982419
15.0,285.0,1174.1266157500102,53.871889808065845,2809.946955526936,117.28031106434582,2752.1604616534605
15.0,290.0,1160.7245292801754,20.370622554170893,2782.5320056635856,51.242570489572245,2733.0593213581283
15.0,294.99999999999994,1164.3993153580263,-38.16445489716881,2793.2859325978175,-85.92283446845636,2738.1670626577225
15.0,299.99999999999994,1115.1858114973015,15.169657664569229,2703.5238748735997,32.201441315035254,2664.6886542189463
15.0,305.0,1119.2941522828198,-49.96239906988194,2711.6149909412156,-108.53806763741022,2670.0070133059708
15.0,310.0,1031.5996238903676,-44.38228447432772,2542.276342776879,-99.88937656733265,2536.2798979938407
15.0,315.0,1031.586866599965,-23.751351918111993,2541.6178313635733,-59.33748296302224,2536.883283231813
15.0,320.0,1060.2267519213106,-54.28302165292314,2598.164013350226,-124.69620686378494,2579.919768772908
15.0,325.0,1028.307092459974,-7.159329519531923,2539.88406065095,-17.083689224585896,2532.046149801629
15.0,330.00000000000006,1009.1107230246785,-19.848590604661183,2502.333171262846,-52.97533248948321,2502.154399827188
15.0,335.0,997.7075585864513,40.28946326047679,2479.355178062742,88.76444540911962,2483.8402285706316
15.0,340.0,1033.3589119079888,-26.397105080367396,2553.0392162464004,-72.18505350605267,2539.559768140767
15.0,345.0,1006.2998427686133,-69.59040018784947,2494.4836266886123,-171.6208693503516,2495.7417029251606
15.0,350.0,999.2249479057017,20.67631557047298,2475.9945683443725,33.541346332143576,2486.762190095375
15.0,355.0,1028.251277914871,37.0730304918942,2536.615506854419,75.0794869877013,2531.370097191606
