branch,case_index,spatial_fwhm_arcsec,spectral_fwhm_stored_channels,subchannel_phase,peak_detector_sigma,position,y,x,peak_selected,true_flux_fraction_retained,reference_flux_jy_kms,post_continuum_flux_over_reference,selected_noisy_flux_over_reference,paired_selected_flux_difference_over_reference,selected_voxel_fraction
boxcar_independent,0,6,1,0,2,0,96,352,False,0.0,0.016566471225813277,0.9999999999999997,0.0,0.0,0.0
boxcar_independent,1,6,1,0,5,0,96,352,False,0.0,0.04141617806453318,0.9999999999999999,0.0,0.0,0.0
boxcar_independent,2,6,1,0.5,2,0,96,352,False,0.0,0.025689176080952437,1.0,0.0,0.0,0.0
boxcar_independent,3,6,1,0.5,5,0,96,352,False,0.0,0.06422294020238109,0.9999999999999998,0.0,0.0,0.0
boxcar_independent,4,6,3,0,2,0,96,352,False,0.0,0.04129383944041109,0.9999999999999999,0.0,0.0,0.0
boxcar_independent,5,6,3,0,5,0,96,352,False,0.0,0.10323459860102767,1.0000000000000004,0.0,0.0,0.0
boxcar_independent,6,6,3,0.5,2,0,96,352,False,0.0,0.044427510597597704,1.0000000000000002,0.0,0.0,0.0
boxcar_independent,7,6,3,0.5,5,0,96,352,True,0.38587990588013094,0.11106877649399426,1.0,0.38695452740655645,0.38695452740655645,0.0003701526335271191
boxcar_independent,8,6,6,0,2,0,96,352,False,0.0,0.0810326599700814,0.9999999999999684,0.0,0.0,0.0
boxcar_independent,9,6,6,0,5,0,96,352,True,0.28693382002934914,0.20258164992520347,0.9999999999999685,0.29108428768771355,0.29108428768771355,0.0008600605308424239
boxcar_independent,10,6,6,0.5,2,0,96,352,False,0.0,0.08258767888082215,0.9999999999999848,0.0,0.0,0.0
boxcar_independent,11,6,6,0.5,5,0,96,352,True,0.37509736156450346,0.20646919720205534,0.9999999999999849,0.42600649136632107,0.42600649136632107,0.0015931079031216205
boxcar_independent,12,30,1,0,2,0,96,352,False,0.0,0.03185835624898194,1.0,0.0,0.0,0.0
boxcar_independent,13,30,1,0,5,0,96,352,False,0.0,0.07964589062245483,1.0000000000000002,0.0,0.0,0.0
boxcar_independent,14,30,1,0.5,2,0,96,352,False,0.0,0.04940188602474281,0.9999999999999998,0.0,0.0,0.0
boxcar_independent,15,30,1,0.5,5,0,96,352,False,0.0,0.12350471506185697,1.0000000000000002,0.0,0.0,0.0
boxcar_independent,16,30,3,0,2,0,96,352,False,0.0,0.07941062582664128,1.0,0.0,0.0,0.0
boxcar_independent,17,30,3,0,5,0,96,352,False,0.0,0.19852656456660317,1.0000000000000002,0.0,0.0,0.0
boxcar_independent,18,30,3,0.5,2,0,96,352,False,0.0,0.08543687068784347,0.9999999999999999,0.0,0.0,0.0
boxcar_independent,19,30,3,0.5,5,0,96,352,True,0.12337790354957193,0.2135921767196086,1.0000000000000004,0.11141191262566875,0.11141191262566875,0.001085055268868712
boxcar_independent,20,30,6,0,2,0,96,352,False,0.0,0.15583085341113362,0.9999999999999682,0.0,0.0,0.0
boxcar_independent,21,30,6,0,5,0,96,352,True,0.1232040695921445,0.389577133527834,0.9999999999999682,0.1908660432159207,0.1908660432159207,0.0029067868574041414
boxcar_independent,22,30,6,0.5,2,0,96,352,False,0.0001205693422024462,0.15882125165328262,0.9999999999999846,0.00040740697368033153,0.00040740697368033153,1.0886842162562326e-05
boxcar_independent,23,30,6,0.5,5,0,96,352,True,0.20067192167803835,0.39705312913320634,0.9999999999999849,0.2928902709984172,0.2928902709984172,0.005294634238392812
boxcar_independent,0,6,1,0,2,1,128,384,False,0.0,0.016566471225813277,0.9999999999999997,0.0,0.0,0.0
boxcar_independent,1,6,1,0,5,1,128,384,False,0.0,0.04141617806453318,0.9999999999999999,0.0,0.0,0.0
boxcar_independent,2,6,1,0.5,2,1,128,384,False,0.0,0.025689176080952437,1.0,0.0,0.0,0.0
boxcar_independent,3,6,1,0.5,5,1,128,384,False,0.0,0.06422294020238109,0.9999999999999998,0.0,0.0,0.0
boxcar_independent,4,6,3,0,2,1,128,384,False,0.0,0.04129383944041109,0.9999999999999999,0.0,0.0,0.0
boxcar_independent,5,6,3,0,5,1,128,384,True,0.652367152395431,0.10323459860102767,1.0000000000000004,0.7178001731950193,0.7178001731950193,0.002086644747824446
boxcar_independent,6,6,3,0.5,2,1,128,384,False,0.0,0.044427510597597704,1.0000000000000002,0.0,0.0,0.0
boxcar_independent,7,6,3,0.5,5,1,128,384,False,0.27575931599416753,0.11106877649399426,1.0,0.32408800562773715,0.32408800562773715,0.0010886842162562327
boxcar_independent,8,6,6,0,2,1,128,384,False,0.0,0.0810326599700814,0.9999999999999684,0.0,0.0,0.0
boxcar_independent,9,6,6,0,5,1,128,384,True,0.5771391712095044,0.20258164992520347,0.9999999999999685,0.6483912224179638,0.6483912224179638,0.0029866236999295985
boxcar_independent,10,6,6,0.5,2,1,128,384,False,0.0,0.08258767888082215,0.9999999999999848,0.0,0.0,0.0
boxcar_independent,11,6,6,0.5,5,1,128,384,True,0.5602635208813666,0.20646919720205534,0.9999999999999849,0.6284004095509812,0.6284004095509812,0.003059202647680014
boxcar_independent,12,30,1,0,2,1,128,384,False,0.0,0.03185835624898194,1.0,0.0,0.0,0.0
boxcar_independent,13,30,1,0,5,1,128,384,False,0.0,0.07964589062245483,1.0000000000000002,0.0,0.0,0.0
boxcar_independent,14,30,1,0.5,2,1,128,384,False,0.0,0.04940188602474281,0.9999999999999998,0.0,0.0,0.0
boxcar_independent,15,30,1,0.5,5,1,128,384,False,0.0,0.12350471506185697,1.0000000000000002,0.0,0.0,0.0
boxcar_independent,16,30,3,0,2,1,128,384,False,0.0,0.07941062582664128,1.0,0.0,0.0,0.0
boxcar_independent,17,30,3,0,5,1,128,384,True,0.37257105977649563,0.19852656456660317,1.0000000000000002,0.5499453896866033,0.5499453896866033,0.0049970605526161085
boxcar_independent,18,30,3,0.5,2,1,128,384,False,0.0,0.08543687068784347,0.9999999999999999,0.0,0.0,0.0
boxcar_independent,19,30,3,0.5,5,1,128,384,False,0.24683800768153952,0.2135921767196086,1.0000000000000004,0.3854434310153991,0.3854434310153991,0.0034402421233696956
boxcar_independent,20,30,6,0,2,1,128,384,False,0.0,0.15583085341113362,0.9999999999999682,0.0,0.0,0.0
boxcar_independent,21,30,6,0,5,1,128,384,True,0.3130258167123256,0.389577133527834,0.9999999999999682,0.4386022950167748,0.4386022950167748,0.007319586880629405
boxcar_independent,22,30,6,0.5,2,1,128,384,False,0.0,0.15882125165328262,0.9999999999999846,0.0,0.0,0.0
boxcar_independent,23,30,6,0.5,5,1,128,384,True,0.3124777012284507,0.39705312913320634,0.9999999999999849,0.43166247046385237,0.43166247046385237,0.0074066816179299035
boxcar_independent,0,6,1,0,2,2,192,192,False,0.0,0.016566471225813277,0.9999999999999997,0.631539978943077,0.0,0.0006169210558785318
boxcar_independent,1,6,1,0,5,2,192,192,False,0.0,0.04141617806453318,0.9999999999999999,0.2526159915772309,0.0,0.0006169210558785318
boxcar_independent,2,6,1,0.5,2,2,192,192,False,0.0,0.025689176080952437,1.0,0.4072683707777097,0.0,0.0006169210558785318
boxcar_independent,3,6,1,0.5,5,2,192,192,False,0.0,0.06422294020238109,0.9999999999999998,0.1629073483110839,0.0,0.0006169210558785318
boxcar_independent,4,6,3,0,2,2,192,192,False,4.3660383016022886e-26,0.04129383944041109,0.9999999999999999,0.2533644008619958,0.0,0.0006169210558785318
boxcar_independent,5,6,3,0,5,2,192,192,False,4.3660383016022904e-26,0.10323459860102767,1.0000000000000004,0.10134576034479839,0.0,0.0006169210558785318
boxcar_independent,6,6,3,0.5,2,2,192,192,False,4.349287000052858e-25,0.044427510597597704,1.0000000000000002,0.235493475740163,0.0,0.0006169210558785318
boxcar_independent,7,6,3,0.5,5,2,192,192,True,0.10884672475591095,0.11106877649399426,1.0,0.19628634953728014,0.10208895924121493,0.0007040157931790305
boxcar_independent,8,6,6,0,2,2,192,192,False,3.6013434468376453e-20,0.0810326599700814,0.9999999999999684,0.12911323524334628,0.0,0.0006169210558785318
boxcar_independent,9,6,6,0,5,2,192,192,False,0.1259754202189109,0.20258164992520347,0.9999999999999685,0.2368200974159302,0.18517480331859165,0.0017382657986224515
boxcar_independent,10,6,6,0.5,2,2,192,192,False,6.671603460120817e-20,0.08258767888082215,0.9999999999999848,0.12668220043099795,0.0,0.0006169210558785318
boxcar_independent,11,6,6,0.5,5,2,192,192,True,0.31961401458997635,0.20646919720205534,0.9999999999999849,0.42155293305860414,0.37088005288620496,0.0027398552775781855
boxcar_independent,12,30,1,0,2,2,192,192,False,0.0,0.03185835624898194,1.0,0.32840328632603394,0.0,0.0006169210558785318
boxcar_independent,13,30,1,0,5,2,192,192,False,0.0,0.07964589062245483,1.0000000000000002,0.1313613145304136,0.0,0.0006169210558785318
boxcar_independent,14,30,1,0.5,2,2,192,192,False,0.0,0.04940188602474281,0.9999999999999998,0.2117811632509566,0.0,0.0006169210558785318
boxcar_independent,15,30,1,0.5,5,2,192,192,False,0.0,0.12350471506185697,1.0000000000000002,0.08471246530038269,0.0,0.0006169210558785318
boxcar_independent,16,30,3,0,2,2,192,192,False,1.767176021782505e-14,0.07941062582664128,1.0,0.13175049031791675,1.7662517968663487e-14,0.0006169210558785318
boxcar_independent,17,30,3,0,5,2,192,192,False,1.7671760217825057e-14,0.19852656456660317,1.0000000000000002,0.05270019612717731,1.766251796866349e-14,0.0006169210558785318
boxcar_independent,18,30,3,0.5,2,2,192,192,False,1.7603958479986563e-13,0.08543687068784347,0.9999999999999999,0.12245753858837093,1.760429270233089e-13,0.0006169210558785318
boxcar_independent,19,30,3,0.5,5,2,192,192,True,0.05245680036162478,0.2135921767196086,1.0000000000000004,0.1434683047641229,0.09448528932884491,0.0015640763240214544
boxcar_independent,20,30,6,0,2,2,192,192,False,1.4557470215646532e-08,0.15583085341113362,0.9999999999999682,0.06713940743179368,1.455747021964667e-08,0.0006169210558785318
boxcar_independent,21,30,6,0,5,2,192,192,False,0.07048451806947204,0.389577133527834,0.9999999999999682,0.1640194464667773,0.1371636893170479,0.0033966947547194462
boxcar_independent,22,30,6,0.5,2,2,192,192,False,2.693971823182258e-08,0.15882125165328262,0.9999999999999846,0.06587527209866775,2.6939718233727202e-08,0.0006169210558785318
boxcar_independent,23,30,6,0.5,5,2,192,192,True,0.15304845016878862,0.39705312913320634,0.9999999999999849,0.2570073163611523,0.23065721829757252,0.005156734237667022
boxcar_independent,0,6,1,0,2,3,224,224,False,0.0,0.016566471225813277,0.9999999999999997,0.8504363002753936,0.0,0.0007838526357044876
boxcar_independent,1,6,1,0,5,3,224,224,False,0.0,0.04141617806453318,0.9999999999999999,0.3401745201101576,0.0,0.0007838526357044876
boxcar_independent,2,6,1,0.5,2,3,224,224,False,0.0,0.025689176080952437,1.0,0.548430531734557,0.0,0.0007838526357044876
boxcar_independent,3,6,1,0.5,5,3,224,224,False,0.0,0.06422294020238109,0.9999999999999998,0.2193722126938228,0.0,0.0007838526357044876
boxcar_independent,4,6,3,0,2,3,224,224,False,-1.5709259305089922e-27,0.04129383944041109,0.9999999999999999,0.34118233346235805,0.0,0.0007838526357044876
boxcar_independent,5,6,3,0,5,3,224,224,True,0.7320483521059228,0.10323459860102767,1.0000000000000004,1.004687106923083,0.8682141735381398,0.00299388159470464
boxcar_independent,6,6,3,0.5,2,3,224,224,False,-1.564898714952016e-26,0.044427510597597704,1.0000000000000002,0.3171172165262219,0.0,0.0007838526357044876
boxcar_independent,7,6,3,0.5,5,3,224,224,True,0.7218192016052764,0.11106877649399426,1.0,1.0305920820334886,0.9037451954229998,0.0035055631763450694
boxcar_independent,8,6,6,0,2,3,224,224,False,-1.294060923935002e-21,0.0810326599700814,0.9999999999999684,0.1738648157804668,0.0,0.0007838526357044876
boxcar_independent,9,6,6,0,5,3,224,224,True,0.6697650858873394,0.20258164992520347,0.9999999999999685,0.8150179827479537,0.745472056435767,0.005385357923080831
boxcar_independent,10,6,6,0.5,2,3,224,224,False,-2.3947278464332525e-21,0.08258767888082215,0.9999999999999848,0.17059116673117908,0.0,0.0007838526357044876
boxcar_independent,11,6,6,0.5,5,3,224,224,True,0.6580143247601037,0.20646919720205534,0.9999999999999849,0.7878283017285044,0.7195918350360327,0.005254715817130083
boxcar_independent,12,30,1,0,2,3,224,224,False,0.0,0.03185835624898194,1.0,0.44223023899262304,0.0,0.0007838526357044876
boxcar_independent,13,30,1,0,5,3,224,224,False,0.0,0.07964589062245483,1.0000000000000002,0.17689209559704924,0.0,0.0007838526357044876
boxcar_independent,14,30,1,0.5,2,3,224,224,False,0.0,0.04940188602474281,0.9999999999999998,0.28518604514093054,0.0,0.0007838526357044876
boxcar_independent,15,30,1,0.5,5,3,224,224,False,0.007529679077679217,0.12350471506185697,1.0000000000000002,0.12139159667394052,0.007317178617568253,0.0008818342151675485
boxcar_independent,16,30,3,0,2,3,224,224,False,8.865517920395908e-13,0.07941062582664128,1.0,0.17741616252623987,8.865456625505113e-13,0.0007838526357044876
boxcar_independent,17,30,3,0,5,3,224,224,True,0.42927943309587435,0.19852656456660317,1.0000000000000002,0.5817197779661776,0.5107533129560363,0.005624868450657202
boxcar_independent,18,30,3,0.5,2,3,224,224,False,8.831503339254477e-12,0.08543687068784347,0.9999999999999999,0.16490220656757482,8.831486839002662e-12,0.0007838526357044876
boxcar_independent,19,30,3,0.5,5,3,224,224,True,0.434840344293593,0.2135921767196086,1.0000000000000004,0.5695288774365778,0.5035679948130805,0.005715592135345221
boxcar_independent,20,30,6,0,2,3,224,224,False,7.303030708464186e-07,0.15583085341113362,0.9999999999999682,0.09041112201624882,7.303030708349942e-07,0.0007838526357044876
boxcar_independent,21,30,6,0,5,3,224,224,True,0.443062750893713,0.389577133527834,0.9999999999999682,0.5424126077539714,0.5062484510687002,0.01066547637192356
boxcar_independent,22,30,6,0.5,2,3,224,224,False,1.3514642686015262e-06,0.15882125165328262,0.9999999999999846,0.08870943272694523,1.3514642685964364e-06,0.0007838526357044876
boxcar_independent,23,30,6,0.5,5,3,224,224,True,0.44427045000695164,0.39705312913320634,0.9999999999999849,0.5344140706754299,0.49893083817035927,0.010785231635711745
boxcar_independent,0,6,1,0,2,4,320,128,False,0.0,0.016566471225813277,0.9999999999999997,0.08589399991884433,0.0,9.798157946306095e-05
boxcar_independent,1,6,1,0,5,4,320,128,False,0.0,0.04141617806453318,0.9999999999999999,0.03435759996753775,0.0,9.798157946306095e-05
boxcar_independent,2,6,1,0.5,2,4,320,128,False,0.0,0.025689176080952437,1.0,0.05539144087928202,0.0,9.798157946306095e-05
boxcar_independent,3,6,1,0.5,5,4,320,128,False,0.0,0.06422294020238109,0.9999999999999998,0.022156576351712805,0.0,9.798157946306095e-05
boxcar_independent,4,6,3,0,2,4,320,128,False,0.0,0.04129383944041109,0.9999999999999999,0.03445938903741175,0.0,9.798157946306095e-05
boxcar_independent,5,6,3,0,5,4,320,128,False,0.0,0.10323459860102767,1.0000000000000004,0.013783755614964706,0.0,9.798157946306095e-05
boxcar_independent,6,6,3,0.5,2,4,320,128,False,0.0,0.044427510597597704,1.0000000000000002,0.03202881410606169,0.0,9.798157946306095e-05
boxcar_independent,7,6,3,0.5,5,4,320,128,False,0.0,0.11106877649399426,1.0,0.012811525642424677,0.0,9.798157946306095e-05
boxcar_independent,8,6,6,0,2,4,320,128,False,-8.562824226655523e-31,0.0810326599700814,0.9999999999999684,0.017560332817050845,0.0,9.798157946306095e-05
boxcar_independent,9,6,6,0,5,4,320,128,False,-8.562824226655526e-31,0.20258164992520347,0.9999999999999685,0.007024133126820338,0.0,9.798157946306095e-05
boxcar_independent,10,6,6,0.5,2,4,320,128,False,-2.123885805467081e-31,0.08258767888082215,0.9999999999999848,0.01722969451870588,0.0,9.798157946306095e-05
boxcar_independent,11,6,6,0.5,5,4,320,128,False,-2.1238858054670815e-31,0.20646919720205534,0.9999999999999849,0.006891877807482353,0.0,9.798157946306095e-05
boxcar_independent,12,30,1,0,2,4,320,128,False,0.0,0.03185835624898194,1.0,0.04466521960532771,0.0,9.798157946306095e-05
boxcar_independent,13,30,1,0,5,4,320,128,False,0.0,0.07964589062245483,1.0000000000000002,0.017866087842131086,0.0,9.798157946306095e-05
boxcar_independent,14,30,1,0.5,2,4,320,128,False,0.0,0.04940188602474281,0.9999999999999998,0.028803768289592357,0.0,9.798157946306095e-05
boxcar_independent,15,30,1,0.5,5,4,320,128,False,0.0,0.12350471506185697,1.0000000000000002,0.011521507315836947,0.0,9.798157946306095e-05
boxcar_independent,16,30,3,0,2,4,320,128,False,0.0,0.07941062582664128,1.0,0.017919018560966397,0.0,9.798157946306095e-05
boxcar_independent,17,30,3,0,5,4,320,128,False,0.0,0.19852656456660317,1.0000000000000002,0.007167607424386561,0.0,9.798157946306095e-05
boxcar_independent,18,30,3,0.5,2,4,320,128,False,0.0,0.08543687068784347,0.9999999999999999,0.01665510998553006,0.0,9.798157946306095e-05
boxcar_independent,19,30,3,0.5,5,4,320,128,False,0.004793011473773956,0.2135921767196086,1.0000000000000004,0.010063265130078877,0.0034012211358668476,0.00014152894811331025
boxcar_independent,20,30,6,0,2,4,320,128,False,1.7939049701674447e-17,0.15583085341113362,0.9999999999999682,0.009131442503053632,1.7953585931431557e-17,9.798157946306095e-05
boxcar_independent,21,30,6,0,5,4,320,128,False,1.793904970167444e-17,0.389577133527834,0.9999999999999682,0.003652577001221463,1.7714204785679138e-17,9.798157946306095e-05
boxcar_independent,22,30,6,0.5,2,4,320,128,False,4.449524130876169e-18,0.15882125165328262,0.9999999999999846,0.0089595092804832,3.523108637366386e-18,9.798157946306095e-05
boxcar_independent,23,30,6,0.5,5,4,320,128,False,0.007705201776539712,0.39705312913320634,0.9999999999999849,0.009947415790464856,0.006363612078271576,0.00024313947496389196
boxcar_independent,0,6,1,0,2,5,512,96,False,0.0,0.016566471225813277,0.9999999999999997,0.04053356717439631,0.0,0.0001197552637881856
boxcar_independent,1,6,1,0,5,5,512,96,False,0.0,0.04141617806453318,0.9999999999999999,0.01621342686975853,0.0,0.0001197552637881856
boxcar_independent,2,6,1,0.5,2,5,512,96,False,0.0,0.025689176080952437,1.0,0.026139342583746655,0.0,0.0001197552637881856
boxcar_independent,3,6,1,0.5,5,5,512,96,False,0.0,0.06422294020238109,0.9999999999999998,0.010455737033498662,0.0,0.0001197552637881856
boxcar_independent,4,6,3,0,2,5,512,96,False,4.721541892842929e-26,0.04129383944041109,0.9999999999999999,0.016261461355348387,0.0,0.0001197552637881856
boxcar_independent,5,6,3,0,5,5,512,96,False,0.21545347905274442,0.10323459860102767,1.0000000000000004,0.28105510175948123,0.2745505172173419,0.0006749842140788643
boxcar_independent,6,6,3,0.5,2,5,512,96,False,3.4882893592938843e-25,0.044427510597597704,1.0000000000000002,0.015114467707999724,0.0,0.0001197552637881856
boxcar_independent,7,6,3,0.5,5,5,512,96,False,0.24522824837526377,0.11106877649399426,1.0,0.2925854750176315,0.2865396879344316,0.0007040157931790305
boxcar_independent,8,6,6,0,2,5,512,96,False,1.4825964644776154e-21,0.0810326599700814,0.9999999999999684,0.008286759616704355,0.0,0.0001197552637881856
boxcar_independent,9,6,6,0,5,5,512,96,True,0.3360324591597189,0.20258164992520347,0.9999999999999685,0.4322688907417398,0.42895418689505804,0.001956002641873698
boxcar_independent,10,6,6,0.5,2,5,512,96,False,2.5470603113652172e-21,0.08258767888082215,0.9999999999999848,0.008130730677674197,0.0,0.0001197552637881856
boxcar_independent,11,6,6,0.5,5,5,512,96,True,0.33402088408233366,0.20646919720205534,0.9999999999999849,0.3893515483740371,0.3860992561029674,0.001277389480407313
boxcar_independent,12,30,1,0,2,5,512,96,False,0.0,0.03185835624898194,1.0,0.021077615211100676,0.0,0.0001197552637881856
boxcar_independent,13,30,1,0,5,5,512,96,False,0.019591330257674636,0.07964589062245483,1.0000000000000002,0.06054798904190657,0.0521169429574663,0.00030483158055174517
boxcar_independent,14,30,1,0.5,2,5,512,96,False,0.0,0.04940188602474281,0.9999999999999998,0.013592561505402605,0.0,0.0001197552637881856
boxcar_independent,15,30,1,0.5,5,5,512,96,False,0.0,0.12350471506185697,1.0000000000000002,0.0054370246021610445,0.0,0.0001197552637881856
boxcar_independent,16,30,3,0,2,5,512,96,False,1.0282569313896045e-13,0.07941062582664128,1.0,0.00845602420699085,1.0282427432062958e-13,0.0001197552637881856
boxcar_independent,17,30,3,0,5,5,512,96,False,0.12812364224773873,0.19852656456660317,1.0000000000000002,0.20289732854606274,0.19951491886330752,0.0016221394822217867
boxcar_independent,18,30,3,0.5,2,5,512,96,False,7.596793153151129e-13,0.08543687068784347,0.9999999999999999,0.007859582975511014,7.596784970626633e-13,0.0001197552637881856
boxcar_independent,19,30,3,0.5,5,5,512,96,False,0.11814416618628651,0.2135921767196086,1.0000000000000004,0.16359170661335756,0.160447873423457,0.0015060131658211219
boxcar_independent,20,30,6,0,2,5,512,96,False,3.228797171423538e-09,0.15583085341113362,0.9999999999999682,0.004309150997516441,3.2287971719444533e-09,0.0001197552637881856
boxcar_independent,21,30,6,0,5,5,512,96,True,0.19854168125850413,0.389577133527834,0.9999999999999682,0.3088731297659563,0.3071494706584686,0.004732147393327091
boxcar_independent,22,30,6,0.5,2,5,512,96,False,5.546985629023955e-09,0.15882125165328262,0.9999999999999846,0.00422801765042964,5.546985628905643e-09,0.0001197552637881856
boxcar_independent,23,30,6,0.5,5,5,512,96,True,0.17269426600879825,0.39705312913320634,0.9999999999999849,0.24091840063727296,0.23922719579589535,0.0037922500199592105
boxcar_independent,0,6,1,0,2,6,640,96,False,7.675552988859931e-19,0.016566471225813277,0.9999999999999997,0.7134398908612165,0.0,0.0010777973740936705
boxcar_independent,1,6,1,0,5,6,640,96,False,7.675552988859935e-19,0.04141617806453318,0.9999999999999999,0.2853759563444867,0.0,0.0010777973740936705
boxcar_independent,2,6,1,0.5,2,6,640,96,False,5.95070698262239e-20,0.025689176080952437,1.0,0.4600840986902336,0.0,0.0010777973740936705
boxcar_independent,3,6,1,0.5,5,6,640,96,False,5.95070698262239e-20,0.06422294020238109,0.9999999999999998,0.1840336394760934,0.0,0.0010777973740936705
boxcar_independent,4,6,3,0,2,6,640,96,False,2.211490877528903e-18,0.04129383944041109,0.9999999999999999,0.28622142148722524,0.0,0.0010777973740936705
boxcar_independent,5,6,3,0,5,6,640,96,False,0.0003791864037791421,0.10323459860102767,1.0000000000000004,0.2304299182720751,0.11594134967718493,0.0018507631676355956
boxcar_independent,6,6,3,0.5,2,6,640,96,False,1.3833350479123232e-18,0.044427510597597704,1.0000000000000002,0.2660329436495323,0.0,0.0010777973740936705
boxcar_independent,7,6,3,0.5,5,6,640,96,False,4.502083684855733e-05,0.11106877649399426,1.0,0.17469799663186872,0.06828481917205581,0.0015132710605961636
boxcar_independent,8,6,6,0,2,6,640,96,False,0.10791968565934436,0.0810326599700814,0.9999999999999684,0.34930482475576796,0.20344781564779166,0.002373331591438587
boxcar_independent,9,6,6,0,5,6,640,96,False,0.43366711983161743,0.20258164992520347,0.9999999999999685,0.7111701864039117,0.6528273827607212,0.007435713197030069
boxcar_independent,10,6,6,0.5,2,6,640,96,False,0.024011733552018827,0.08258767888082215,0.9999999999999848,0.1777630440798908,0.034652333336278096,0.001426176323295665
boxcar_independent,11,6,6,0.5,5,6,640,96,False,0.5648721313576295,0.20646919720205534,0.9999999999999849,0.8232317367947238,0.7659874524972787,0.007736915830194294
boxcar_independent,12,30,1,0,2,6,640,96,False,2.3824726557274283e-07,0.03185835624898194,1.0,0.37099180262458337,2.3824726556754975e-07,0.0010777973740936705
boxcar_independent,13,30,1,0,5,6,640,96,False,2.4093760957632e-07,0.07964589062245483,1.0000000000000002,0.1529601134658089,0.0045634877148817525,0.0010886842162562327
boxcar_independent,14,30,1,0.5,2,6,640,96,False,1.847084723266293e-08,0.04940188602474281,0.9999999999999998,0.2392455690836336,1.8470847226862523e-08,0.0010777973740936705
boxcar_independent,15,30,1,0.5,5,6,640,96,False,1.8470847232662935e-08,0.12350471506185697,1.0000000000000002,0.09569823871596182,1.8470847238944002e-08,0.0010777973740936705
boxcar_independent,16,30,3,0,2,6,640,96,False,0.014477147541090755,0.07941062582664128,1.0,0.2754358934388271,0.12659962247048367,0.0016221394822217867
boxcar_independent,17,30,3,0,5,6,640,96,False,0.034178662383587174,0.19852656456660317,1.0000000000000002,0.1855454177854822,0.12601090939814483,0.002427765802251399
boxcar_independent,18,30,3,0.5,2,6,640,96,False,0.00029422051013392516,0.08543687068784347,0.9999999999999999,0.1470010831388296,0.008662900476652344,0.0011104579005813573
boxcar_independent,19,30,3,0.5,5,6,640,96,False,0.010339287980519129,0.2135921767196086,1.0000000000000004,0.11339833711543064,0.058063064050559714,0.00173100790384741
boxcar_independent,20,30,6,0,2,6,640,96,False,0.12089753003894063,0.15583085341113362,0.9999999999999682,0.38168256647206766,0.3058363449788389,0.004692228972064363
boxcar_independent,21,30,6,0,5,6,640,96,False,0.30831994540638075,0.389577133527834,0.9999999999999682,0.5367459031311013,0.5064074145338097,0.011743273746017231
boxcar_independent,22,30,6,0.5,2,6,640,96,False,0.07523574956296644,0.15882125165328262,0.9999999999999846,0.28609972825718905,0.21168159277301737,0.0037450737039214405
boxcar_independent,23,30,6,0.5,5,6,640,96,False,0.3304292985797067,0.39705312913320634,0.9999999999999849,0.5809873845453545,0.5512201303516858,0.012628736908572299
boxcar_independent,0,6,1,0,2,7,704,128,False,-2.5099766332963236e-26,0.016566471225813277,0.9999999999999997,0.1928408772619547,0.0,0.00015241579027587258
boxcar_independent,1,6,1,0,5,7,704,128,False,-2.509976633296324e-26,0.04141617806453318,0.9999999999999999,0.07713635090478191,0.0,0.00015241579027587258
boxcar_independent,2,6,1,0.5,2,7,704,128,False,-1.5842884096525115e-23,0.025689176080952437,1.0,0.12435949032594736,0.0,0.00015241579027587258
boxcar_independent,3,6,1,0.5,5,7,704,128,False,-1.5842884096525113e-23,0.06422294020238109,0.9999999999999998,0.04974379613037894,0.0,0.00015241579027587258
boxcar_independent,4,6,3,0,2,7,704,128,False,-3.173366354529372e-19,0.04129383944041109,0.9999999999999999,0.0773648778513524,0.0,0.00015241579027587258
boxcar_independent,5,6,3,0,5,7,704,128,False,-3.1733663545293737e-19,0.10323459860102767,1.0000000000000004,0.03094595114054098,0.0,0.00015241579027587258
boxcar_independent,6,6,3,0.5,2,7,704,128,False,-7.428504501742799e-19,0.044427510597597704,1.0000000000000002,0.0719079867710055,0.0,0.00015241579027587258
boxcar_independent,7,6,3,0.5,5,7,704,128,False,-7.4285045017428e-19,0.11106877649399426,1.0,0.0287631947084022,0.0,0.00015241579027587258
boxcar_independent,8,6,6,0,2,7,704,128,False,-1.8873467559489925e-18,0.0810326599700814,0.9999999999999684,0.03942475596259948,0.0,0.00015241579027587258
boxcar_independent,9,6,6,0,5,7,704,128,False,-1.887346755948992e-18,0.20258164992520347,0.9999999999999685,0.015769902385039794,0.0,0.00015241579027587258
boxcar_independent,10,6,6,0.5,2,7,704,128,False,-2.4436915854662238e-18,0.08258767888082215,0.9999999999999848,0.03868243892567622,0.0,0.00015241579027587258
boxcar_independent,11,6,6,0.5,5,7,704,128,False,0.06254375635164507,0.20646919720205534,0.9999999999999849,0.07770353143408769,0.0622305558638172,0.00027217105406405817
boxcar_independent,12,30,1,0,2,7,704,128,False,2.5727390192948686e-15,0.03185835624898194,1.0,0.10027801871990598,2.5759813052350694e-15,0.00015241579027587258
boxcar_independent,13,30,1,0,5,7,704,128,False,2.5727390192948682e-15,0.07964589062245483,1.0000000000000002,0.04011120748796394,2.5759813052350694e-15,0.00015241579027587258
boxcar_independent,14,30,1,0.5,2,7,704,128,False,1.6239038066170024e-12,0.04940188602474281,0.9999999999999998,0.0646674267213388,1.623900825203305e-12,0.00015241579027587258
boxcar_independent,15,30,1,0.5,5,7,704,128,False,1.6239038066170028e-12,0.12350471506185697,1.0000000000000002,0.025866970689509872,1.62390384557125e-12,0.00015241579027587258
boxcar_independent,16,30,3,0,2,7,704,128,False,3.252716911588624e-08,0.07941062582664128,1.0,0.040230074931002974,3.252716911994394e-08,0.00015241579027587258
boxcar_independent,17,30,3,0,5,7,704,128,False,3.252716911588625e-08,0.19852656456660317,1.0000000000000002,0.016092049488702666,3.252716911900446e-08,0.00015241579027587258
boxcar_independent,18,30,3,0.5,2,7,704,128,False,7.614255500674612e-08,0.08543687068784347,0.9999999999999999,0.03739251360662196,7.614255500394205e-08,0.00015241579027587258
boxcar_independent,19,30,3,0.5,5,7,704,128,False,7.614255500674616e-08,0.2135921767196086,1.0000000000000004,0.014957051128181796,7.614255500568855e-08,0.00015241579027587258
boxcar_independent,20,30,6,0,2,7,704,128,False,2.014854831545086e-07,0.15583085341113362,0.9999999999999682,0.020477900314847607,-2.3128681586754582e-05,0.00016330263243843492
boxcar_independent,21,30,6,0,5,7,704,128,False,0.0040988114499121864,0.389577133527834,0.9999999999999682,0.01269551345339181,0.004495101854818065,0.0002830578962266205
boxcar_independent,22,30,6,0.5,2,7,704,128,False,2.6087860019697195e-07,0.15882125165328262,0.9999999999999846,0.02009239119024341,-2.2630011673513103e-05,0.00016330263243843492
boxcar_independent,23,30,6,0.5,5,7,704,128,False,0.021138165738222,0.39705312913320634,0.9999999999999849,0.03175580334632145,0.023709794865554676,0.0004790210551527424
boxcar_independent,0,6,1,0,2,8,768,160,False,0.0,0.016566471225813277,0.9999999999999997,0.0,0.0,0.0
boxcar_independent,1,6,1,0,5,8,768,160,False,0.0,0.04141617806453318,0.9999999999999999,0.0,0.0,0.0
boxcar_independent,2,6,1,0.5,2,8,768,160,False,0.0,0.025689176080952437,1.0,0.0,0.0,0.0
boxcar_independent,3,6,1,0.5,5,8,768,160,False,0.0,0.06422294020238109,0.9999999999999998,0.0,0.0,0.0
boxcar_independent,4,6,3,0,2,8,768,160,False,0.0,0.04129383944041109,0.9999999999999999,0.0,0.0,0.0
boxcar_independent,5,6,3,0,5,8,768,160,False,0.0,0.10323459860102767,1.0000000000000004,0.0,0.0,0.0
boxcar_independent,6,6,3,0.5,2,8,768,160,False,0.0,0.044427510597597704,1.0000000000000002,0.0,0.0,0.0
boxcar_independent,7,6,3,0.5,5,8,768,160,False,0.0,0.11106877649399426,1.0,0.0,0.0,0.0
boxcar_independent,8,6,6,0,2,8,768,160,False,0.0,0.0810326599700814,0.9999999999999684,0.0,0.0,0.0
boxcar_independent,9,6,6,0,5,8,768,160,False,0.06927280095851422,0.20258164992520347,0.9999999999999685,0.08463198911484109,0.08463198911484109,0.0002830578962266205
boxcar_independent,10,6,6,0.5,2,8,768,160,False,0.0,0.08258767888082215,0.9999999999999848,0.0,0.0,0.0
boxcar_independent,11,6,6,0.5,5,8,768,160,False,0.2560796972686043,0.20646919720205534,0.9999999999999849,0.27469183615096215,0.27469183615096215,0.0012338421117570636
boxcar_independent,12,30,1,0,2,8,768,160,False,0.0,0.03185835624898194,1.0,0.0,0.0,0.0
boxcar_independent,13,30,1,0,5,8,768,160,False,0.0,0.07964589062245483,1.0000000000000002,0.0,0.0,0.0
boxcar_independent,14,30,1,0.5,2,8,768,160,False,0.0,0.04940188602474281,0.9999999999999998,0.0,0.0,0.0
boxcar_independent,15,30,1,0.5,5,8,768,160,False,0.0,0.12350471506185697,1.0000000000000002,0.0,0.0,0.0
boxcar_independent,16,30,3,0,2,8,768,160,False,0.0,0.07941062582664128,1.0,0.0,0.0,0.0
boxcar_independent,17,30,3,0,5,8,768,160,False,0.0,0.19852656456660317,1.0000000000000002,0.0,0.0,0.0
boxcar_independent,18,30,3,0.5,2,8,768,160,False,0.0,0.08543687068784347,0.9999999999999999,0.0,0.0,0.0
boxcar_independent,19,30,3,0.5,5,8,768,160,False,0.0,0.2135921767196086,1.0000000000000004,0.0,0.0,0.0
boxcar_independent,20,30,6,0,2,8,768,160,False,0.0,0.15583085341113362,0.9999999999999682,0.0,0.0,0.0
boxcar_independent,21,30,6,0,5,8,768,160,False,0.014760128929212961,0.389577133527834,0.9999999999999682,0.020585889613590924,0.020585889613590924,0.0004354736865024931
boxcar_independent,22,30,6,0.5,2,8,768,160,False,0.0,0.15882125165328262,0.9999999999999846,0.0,0.0,0.0
boxcar_independent,23,30,6,0.5,5,8,768,160,False,0.07215556065704425,0.39705312913320634,0.9999999999999849,0.08754700048649863,0.08754700048649863,0.0018326184306979916
boxcar_independent,0,6,1,0,2,9,832,192,False,0.0,0.016566471225813277,0.9999999999999997,1.179986356780779,0.0,0.0011431184270690445
boxcar_independent,1,6,1,0,5,9,832,192,False,0.0,0.04141617806453318,0.9999999999999999,0.4719945427123117,0.0,0.0011431184270690445
boxcar_independent,2,6,1,0.5,2,9,832,192,False,0.0,0.025689176080952437,1.0,0.7609512257170163,0.0,0.0011431184270690445
boxcar_independent,3,6,1,0.5,5,9,832,192,False,0.0,0.06422294020238109,0.9999999999999998,0.3043804902868065,0.0,0.0011431184270690445
boxcar_independent,4,6,3,0,2,9,832,192,False,-3.911624401138209e-21,0.04129383944041109,0.9999999999999999,0.4733928908371424,0.0,0.0011431184270690445
boxcar_independent,5,6,3,0,5,9,832,192,False,0.14531460544494687,0.10323459860102767,1.0000000000000004,0.35621967718394465,0.16686252084908754,0.001375371059870374
boxcar_independent,6,6,3,0.5,2,9,832,192,False,-8.243222003226004e-22,0.044427510597597704,1.0000000000000002,0.44000237158275596,0.0,0.0011431184270690445
boxcar_independent,7,6,3,0.5,5,9,832,192,False,0.13534479616823983,0.11106877649399426,1.0,0.330118565812805,0.15411761717970263,0.0013354526386076455
boxcar_independent,8,6,6,0,2,9,832,192,False,-7.037085220883015e-19,0.0810326599700814,0.9999999999999684,0.2412386565327923,0.0,0.0011431184270690445
boxcar_independent,9,6,6,0,5,9,832,192,False,0.17392685299938587,0.20258164992520347,0.9999999999999685,0.2972192518800561,0.20072378926693918,0.002591068434689834
boxcar_independent,10,6,6,0.5,2,9,832,192,False,-4.55942571585132e-19,0.08258767888082215,0.9999999999999848,0.23669644541857132,0.0,0.0011431184270690445
boxcar_independent,11,6,6,0.5,5,9,832,192,False,0.42577990190466347,0.20646919720205534,0.9999999999999849,0.5987025300797965,0.5040239519123679,0.003331373701744072
boxcar_independent,12,30,1,0,2,9,832,192,False,0.0,0.03185835624898194,1.0,0.6135975715032597,0.0,0.0011431184270690445
boxcar_independent,13,30,1,0,5,9,832,192,False,0.0,0.07964589062245483,1.0000000000000002,0.24543902860130387,0.0,0.0011431184270690445
boxcar_independent,14,30,1,0.5,2,9,832,192,False,0.0,0.04940188602474281,0.9999999999999998,0.3956976463746818,0.0,0.0011431184270690445
boxcar_independent,15,30,1,0.5,5,9,832,192,False,0.0,0.12350471506185697,1.0000000000000002,0.1582790585498728,0.0,0.0011431184270690445
boxcar_independent,16,30,3,0,2,9,832,192,False,4.824312150961336e-08,0.07941062582664128,1.0,0.2461662233987747,4.824312149716826e-08,0.0011431184270690445
boxcar_independent,17,30,3,0,5,9,832,192,False,0.08502688594465498,0.19852656456660317,1.0000000000000002,0.20975759535870936,0.11129112529644807,0.0020068079052989888
boxcar_independent,18,30,3,0.5,2,9,832,192,False,1.0166588607449971e-08,0.08543687068784347,0.9999999999999999,0.22880298327504145,1.01665886083465e-08,0.0011431184270690445
boxcar_independent,19,30,3,0.5,5,9,832,192,False,0.07396434275464982,0.2135921767196086,1.0000000000000004,0.18265400918284425,0.09113281993946305,0.0017999579042103048
boxcar_independent,20,30,6,0,2,9,832,192,False,8.785356589804915e-06,0.15583085341113362,0.9999999999999682,0.12539619997804266,-4.8855340279532076e-05,0.0011540052692316067
boxcar_independent,21,30,6,0,5,9,832,192,False,0.16850004211588837,0.389577133527834,0.9999999999999682,0.2563526973806771,0.20617467525334823,0.005653900029757368
boxcar_independent,22,30,6,0.5,2,9,832,192,False,5.6921551325840154e-06,0.15882125165328262,0.9999999999999846,0.12303222433567534,-5.08632421512189e-05,0.0011540052692316067
boxcar_independent,23,30,6,0.5,5,9,832,192,False,0.23881572478256258,0.39705312913320634,0.9999999999999849,0.3587503137336993,0.30951707870256867,0.007497405302617922
boxcar_independent,0,6,1,0,2,10,864,320,False,0.0,0.016566471225813277,0.9999999999999997,2.7365864338265746,0.0,0.002652760540277687
boxcar_independent,1,6,1,0,5,10,864,320,False,0.0,0.04141617806453318,0.9999999999999999,1.0946345735306302,0.0,0.002652760540277687
boxcar_independent,2,6,1,0.5,2,10,864,320,False,0.0,0.025689176080952437,1.0,1.7647736256731705,0.0,0.002652760540277687
boxcar_independent,3,6,1,0.5,5,10,864,320,False,0.0,0.06422294020238109,0.9999999999999998,0.7059094502692681,0.0,0.002652760540277687
boxcar_independent,4,6,3,0,2,10,864,320,False,2.1087578512328208e-23,0.04129383944041109,0.9999999999999999,1.0978775775587601,0.0,0.002652760540277687
boxcar_independent,5,6,3,0,5,10,864,320,True,0.6546821672477489,0.10323459860102767,1.0000000000000004,1.1896230167227335,0.7504719856992292,0.003578142124095485
boxcar_independent,6,6,3,0.5,2,10,864,320,False,3.311124224264857e-24,0.044427510597597704,1.0000000000000002,1.0204393584769145,0.0,0.002652760540277687
boxcar_independent,7,6,3,0.5,5,10,864,320,True,0.6985937590686565,0.11106877649399426,1.0,1.2055061447268576,0.7973304013360919,0.003774105283021607
boxcar_independent,8,6,6,0,2,10,864,320,False,3.9476454162362926e-07,0.0810326599700814,0.9999999999999684,0.5594733335731319,3.947645383596317e-07,0.002652760540277687
boxcar_independent,9,6,6,0,5,10,864,320,True,0.6397812694335888,0.20258164992520347,0.9999999999999685,0.9496148208743366,0.7258256453508991,0.0056103526611071194
boxcar_independent,10,6,6,0.5,2,10,864,320,False,1.4255960823612887e-07,0.08258767888082215,0.9999999999999848,0.5489389313389876,1.4255960727722926e-07,0.002652760540277687
boxcar_independent,11,6,6,0.5,5,10,864,320,True,0.66573313045829,0.20646919720205534,0.9999999999999849,1.0182453430320957,0.7986698275203434,0.006717181614300956
boxcar_independent,12,30,1,0,2,10,864,320,False,0.0,0.03185835624898194,1.0,1.423035766774303,0.0,0.002652760540277687
boxcar_independent,13,30,1,0,5,10,864,320,False,0.0,0.07964589062245483,1.0000000000000002,0.5692143067097213,0.0,0.002652760540277687
boxcar_independent,14,30,1,0.5,2,10,864,320,False,0.0,0.04940188602474281,0.9999999999999998,0.917689263730391,0.0,0.002652760540277687
boxcar_independent,15,30,1,0.5,5,10,864,320,False,0.0,0.12350471506185697,1.0000000000000002,0.36707570549215657,0.0,0.002652760540277687
boxcar_independent,16,30,3,0,2,10,864,320,False,2.5430716442840634e-12,0.07941062582664128,1.0,0.5709006816305853,2.54310194888382e-12,0.002652760540277687
boxcar_independent,17,30,3,0,5,10,864,320,True,0.21194526106660247,0.19852656456660317,1.0000000000000002,0.49155056290812305,0.2631902902569061,0.004420057918000305
boxcar_independent,18,30,3,0.5,2,10,864,320,False,3.993261965238694e-13,0.08543687068784347,0.9999999999999999,0.5306325014947403,3.993100678036641e-13,0.002652760540277687
boxcar_independent,19,30,3,0.5,5,10,864,320,True,0.23050502198275166,0.2135921767196086,1.0000000000000004,0.49893192966286415,0.28667892906512765,0.004699486866839404
boxcar_independent,20,30,6,0,2,10,864,320,False,1.1806134114658524e-07,0.15583085341113362,0.9999999999999682,0.29092825854535953,1.1806134012549944e-07,0.002652760540277687
boxcar_independent,21,30,6,0,5,10,864,320,True,0.26263385716415566,0.389577133527834,0.9999999999999682,0.434768967569218,0.31839771137561024,0.007693368461544044
boxcar_independent,22,30,6,0.5,2,10,864,320,False,4.775673295230948e-08,0.15882125165328262,0.9999999999999846,0.2854503885707537,4.775673269327968e-08,0.002652760540277687
boxcar_independent,23,30,6,0.5,5,10,864,320,True,0.31823619284048227,0.39705312913320634,0.9999999999999849,0.524936087437298,0.41075595111168955,0.009522357944854516
boxcar_independent,0,6,1,0,2,11,928,384,False,0.0,0.016566471225813277,0.9999999999999997,1.1199669513068777,0.0,0.0014588368497833518
boxcar_independent,1,6,1,0,5,11,928,384,False,0.0,0.04141617806453318,0.9999999999999999,0.44798678052275126,0.0,0.0014588368497833518
boxcar_independent,2,6,1,0.5,2,11,928,384,False,0.0,0.025689176080952437,1.0,0.7222458289132999,0.0,0.0014588368497833518
boxcar_independent,3,6,1,0.5,5,11,928,384,False,0.1963127549363833,0.06422294020238109,0.9999999999999998,0.6566402986498746,0.36774196708455464,0.002395105275763712
boxcar_independent,4,6,3,0,2,11,928,384,False,0.0018395781822686714,0.04129383944041109,0.9999999999999999,0.45429921035703813,0.004985207975124967,0.0014697236919459142
boxcar_independent,5,6,3,0,5,11,928,384,True,0.928671627797833,0.10323459860102767,1.0000000000000004,1.6354826336203496,1.4557570326675842,0.006996610563140056
boxcar_independent,6,6,3,0.5,2,11,928,384,False,0.05710594737558035,0.044427510597597704,1.0000000000000002,0.5451923604918805,0.12757048559685855,0.0016729447456470777
boxcar_independent,7,6,3,0.5,5,11,928,384,True,0.9314192929285545,0.11106877649399426,1.0,1.6081967743154062,1.4411480243573975,0.007276039511979155
boxcar_independent,8,6,6,0,2,11,928,384,False,0.23287112334207608,0.0810326599700814,0.9999999999999684,0.7705397485921853,0.5415715735435368,0.002957592120829432
boxcar_independent,9,6,6,0,5,11,928,384,True,0.9339985967971678,0.20258164992520347,0.9999999999999685,1.497414702098356,1.4058274320788964,0.013234771122288269
boxcar_independent,10,6,6,0.5,2,11,928,384,False,0.3454911553131984,0.08258767888082215,0.9999999999999848,0.9618243977611409,0.7371673965701843,0.003705155282658712
boxcar_independent,11,6,6,0.5,5,11,928,384,True,0.9312450426417446,0.20646919720205534,0.9999999999999849,1.5057038105223524,1.4158410100459697,0.01417103954826863
boxcar_independent,12,30,1,0,2,11,928,384,False,0.0,0.03185835624898194,1.0,0.5823872433242727,0.0,0.0014588368497833518
boxcar_independent,13,30,1,0,5,11,928,384,False,0.0,0.07964589062245483,1.0000000000000002,0.23295489732970912,0.0,0.0014588368497833518
boxcar_independent,14,30,1,0.5,2,11,928,384,False,0.0,0.04940188602474281,0.9999999999999998,0.37557068698540247,0.0,0.0014588368497833518
boxcar_independent,15,30,1,0.5,5,11,928,384,False,0.1815169084126384,0.12350471506185697,1.0000000000000002,0.5043055643417964,0.35407728954763534,0.0034366131759821744
boxcar_independent,16,30,3,0,2,11,928,384,False,0.0006551589344302079,0.07941062582664128,1.0,0.23593595681002394,0.0022908988653652595,0.0014697236919459142
boxcar_independent,17,30,3,0,5,11,928,384,True,0.5957476137357894,0.19852656456660317,1.0000000000000002,1.153245744560291,1.0597877213824276,0.01127876848041457
boxcar_independent,18,30,3,0.5,2,11,928,384,False,0.025757540775230136,0.08543687068784347,0.9999999999999999,0.3008229779786487,0.08365795164620393,0.0017999579042103048
boxcar_independent,19,30,3,0.5,5,11,928,384,True,0.6174475721609443,0.2135921767196086,1.0000000000000004,1.1778338616619932,1.0909678511290153,0.012381968486220887
boxcar_independent,20,30,6,0,2,11,928,384,False,0.06245551888041869,0.15583085341113362,0.9999999999999682,0.3767132806617143,0.2576489242358667,0.003476531597244903
boxcar_independent,21,30,6,0,5,11,928,384,True,0.6454890786499248,0.389577133527834,0.9999999999999682,1.1178305924581822,1.0702048498878431,0.022677292224617326
boxcar_independent,22,30,6,0.5,2,11,928,384,False,0.10380279522253606,0.15882125165328262,0.9999999999999846,0.4713525021476783,0.354529973175349,0.004547071076563532
boxcar_independent,23,30,6,0.5,5,11,928,384,True,0.6649007143788255,0.39705312913320634,0.9999999999999849,1.1546213306241995,1.1078923190352679,0.024125242232238116
boxcar_hanning_full,0,6,1,0,2,0,96,352,False,0.0,0.028642215306728096,1.0,0.0,0.0,0.0
boxcar_hanning_full,1,6,1,0,5,0,96,352,False,0.0,0.07160553826682023,1.0000000000000002,0.0,0.0,0.0
boxcar_hanning_full,2,6,1,0.5,2,0,96,352,False,0.0,0.0340380327897801,0.9999999999999997,0.0,0.0,0.0
boxcar_hanning_full,3,6,1,0.5,5,0,96,352,False,0.0,0.08509508197445022,0.9999999999999999,0.0,0.0,0.0
boxcar_hanning_full,4,6,3,0,2,0,96,352,False,0.0,0.04729274316131588,0.9999999999999997,0.0,0.0,0.0
boxcar_hanning_full,5,6,3,0,5,0,96,352,False,0.0,0.11823185790328967,0.9999999999999998,0.0,0.0,0.0
boxcar_hanning_full,6,6,3,0.5,2,0,96,352,False,0.0,0.04996208984624281,1.0,0.0,0.0,0.0
boxcar_hanning_full,7,6,3,0.5,5,0,96,352,True,0.433884267327696,0.12490522461560703,0.9999999999999998,0.4462399690073723,0.4462399690073723,0.0005370842133530749
boxcar_hanning_full,8,6,6,0,2,0,96,352,False,0.0,0.08411175592328275,0.9999999999998278,0.0,0.0,0.0
boxcar_hanning_full,9,6,6,0,5,0,96,352,True,0.2981942015834086,0.2102793898082068,0.9999999999998282,0.299063801632717,0.299063801632717,0.0009580421103054848
boxcar_hanning_full,10,6,6,0.5,2,0,96,352,False,0.0,0.08560679403863361,0.999999999999912,0.0,0.0,0.0
boxcar_hanning_full,11,6,6,0.5,5,0,96,352,True,0.4156707796631305,0.21401698509658404,0.999999999999912,0.48318726956896596,0.48318726956896596,0.002347928959725942
boxcar_hanning_full,12,30,1,0,2,0,96,352,False,0.0,0.055080764428575,1.0000000000000004,0.0,0.0,0.0
boxcar_hanning_full,13,30,1,0,5,0,96,352,False,0.0,0.13770191107143753,1.0000000000000002,0.0,0.0,0.0
boxcar_hanning_full,14,30,1,0.5,2,0,96,352,False,0.0,0.06545725760484687,1.0,0.0,0.0,0.0
boxcar_hanning_full,15,30,1,0.5,5,0,96,352,False,0.00839062888976638,0.16364314401211716,1.0,0.005109765337411688,0.005109765337411688,5.443421081281164e-05
boxcar_hanning_full,16,30,3,0,2,0,96,352,False,0.0,0.09094689141023397,1.0,0.0,0.0,0.0
boxcar_hanning_full,17,30,3,0,5,0,96,352,False,0.0,0.22736722852558489,1.0,0.0,0.0,0.0
boxcar_hanning_full,18,30,3,0.5,2,0,96,352,False,0.0,0.09608021138413002,1.0,0.0,0.0,0.0
boxcar_hanning_full,19,30,3,0.5,5,0,96,352,True,0.13580925651388262,0.24020052846032508,0.9999999999999998,0.11983338699362432,0.11983338699362432,0.0014189184285206234
boxcar_hanning_full,20,30,6,0,2,0,96,352,False,0.0,0.16175214675506785,0.9999999999998276,0.0,0.0,0.0
boxcar_hanning_full,21,30,6,0,5,0,96,352,True,0.1449958956502247,0.40438036688766965,0.9999999999998275,0.23221573115949948,0.23221573115949948,0.0036833815983335874
boxcar_hanning_full,22,30,6,0.5,2,0,96,352,False,0.0005105478841491903,0.16462719819091265,0.9999999999999115,0.0015414562322188699,0.0015414562322188699,4.3547368650249306e-05
boxcar_hanning_full,23,30,6,0.5,5,0,96,352,True,0.21508703319913852,0.41156799547728157,0.9999999999999116,0.31195303150552744,0.31195303150552744,0.005915184241658864
boxcar_hanning_full,0,6,1,0,2,1,128,384,False,0.0,0.028642215306728096,1.0,0.0,0.0,0.0
boxcar_hanning_full,1,6,1,0,5,1,128,384,False,0.3879379911345805,0.07160553826682023,1.0000000000000002,0.46705557353816124,0.46705557353816124,0.0012084394800444182
boxcar_hanning_full,2,6,1,0.5,2,1,128,384,False,0.0,0.0340380327897801,0.9999999999999997,0.0,0.0,0.0
boxcar_hanning_full,3,6,1,0.5,5,1,128,384,False,0.0,0.08509508197445022,0.9999999999999999,0.0,0.0,0.0
boxcar_hanning_full,4,6,3,0,2,1,128,384,False,0.0,0.04729274316131588,0.9999999999999997,0.0,0.0,0.0
boxcar_hanning_full,5,6,3,0,5,1,128,384,True,0.6278789839349316,0.11823185790328967,0.9999999999999998,0.7128728506693509,0.7128728506693509,0.0023406710649509005
boxcar_hanning_full,6,6,3,0.5,2,1,128,384,False,0.0,0.04996208984624281,1.0,0.0,0.0,0.0
boxcar_hanning_full,7,6,3,0.5,5,1,128,384,True,0.49330117625563097,0.12490522461560703,0.9999999999999998,0.5544913427515228,0.5544913427515228,0.0017418947460099725
boxcar_hanning_full,8,6,6,0,2,1,128,384,False,0.0,0.08411175592328275,0.9999999999998278,0.0,0.0,0.0
boxcar_hanning_full,9,6,6,0,5,1,128,384,True,0.5638183443321607,0.2102793898082068,0.9999999999998282,0.6314065304423352,0.6314065304423352,0.0030120263316422437
boxcar_hanning_full,10,6,6,0.5,2,1,128,384,False,0.0,0.08560679403863361,0.999999999999912,0.0,0.0,0.0
boxcar_hanning_full,11,6,6,0.5,5,1,128,384,True,0.549491912262848,0.21401698509658404,0.999999999999912,0.6152643821264899,0.6152643821264899,0.00308823422678018
boxcar_hanning_full,12,30,1,0,2,1,128,384,False,0.0,0.055080764428575,1.0000000000000004,0.0,0.0,0.0
boxcar_hanning_full,13,30,1,0,5,1,128,384,False,0.3295591103135899,0.13770191107143753,1.0000000000000002,0.5484960989125868,0.5484960989125868,0.003429355281207133
boxcar_hanning_full,14,30,1,0.5,2,1,128,384,False,0.0,0.06545725760484687,1.0,0.0,0.0,0.0
boxcar_hanning_full,15,30,1,0.5,5,1,128,384,False,0.003296252808809953,0.16364314401211716,1.0,0.00856955796469127,0.00856955796469127,0.00010886842162562328
boxcar_hanning_full,16,30,3,0,2,1,128,384,False,0.0,0.09094689141023397,1.0,0.0,0.0,0.0
boxcar_hanning_full,17,30,3,0,5,1,128,384,True,0.36918449364439804,0.22736722852558489,1.0,0.5573725565988324,0.5573725565988324,0.005606723713719598
boxcar_hanning_full,18,30,3,0.5,2,1,128,384,False,0.0,0.09608021138413002,1.0,0.0,0.0,0.0
boxcar_hanning_full,19,30,3,0.5,5,1,128,384,True,0.3056079626665774,0.24020052846032508,0.9999999999999998,0.44796072498242934,0.44796072498242934,0.004601505287376344
boxcar_hanning_full,20,30,6,0,2,1,128,384,False,0.0,0.16175214675506785,0.9999999999998276,0.0,0.0,0.0
boxcar_hanning_full,21,30,6,0,5,1,128,384,True,0.3070125061233255,0.40438036688766965,0.9999999999998275,0.42805723178276095,0.42805723178276095,0.0074066816179299035
boxcar_hanning_full,22,30,6,0.5,2,1,128,384,False,0.0,0.16462719819091265,0.9999999999999115,0.0,0.0,0.0
boxcar_hanning_full,23,30,6,0.5,5,1,128,384,True,0.30711194684571796,0.41156799547728157,0.9999999999999116,0.4238314927362294,0.4238314927362294,0.0075445816186556925
boxcar_hanning_full,0,6,1,0,2,2,192,192,False,0.0,0.028642215306728096,1.0,0.3652786202837313,0.0,0.0006169210558785318
boxcar_hanning_full,1,6,1,0,5,2,192,192,False,0.0,0.07160553826682023,1.0000000000000002,0.14611144811349255,0.0,0.0006169210558785318
boxcar_hanning_full,2,6,1,0.5,2,2,192,192,False,0.0,0.0340380327897801,0.9999999999999997,0.30737348875968346,0.0,0.0006169210558785318
boxcar_hanning_full,3,6,1,0.5,5,2,192,192,False,0.0,0.08509508197445022,0.9999999999999999,0.1229493955038734,0.0,0.0006169210558785318
boxcar_hanning_full,4,6,3,0,2,2,192,192,False,9.544312859986575e-25,0.04729274316131588,0.9999999999999997,0.22122609495126824,0.0,0.0006169210558785318
boxcar_hanning_full,5,6,3,0,5,2,192,192,False,9.544312859986578e-25,0.11823185790328967,0.9999999999999998,0.08849043798050732,0.0,0.0006169210558785318
boxcar_hanning_full,6,6,3,0.5,2,2,192,192,False,7.107977223704217e-24,0.04996208984624281,1.0,0.20940655047274787,0.0,0.0006169210558785318
boxcar_hanning_full,7,6,3,0.5,5,2,192,192,True,0.11319017318490379,0.12490522461560703,0.9999999999999998,0.22117176119887627,0.1374091410097771,0.0009979605315682133
boxcar_hanning_full,8,6,6,0,2,2,192,192,False,5.020557621263578e-20,0.08411175592328275,0.9999999999998278,0.12438676109263275,0.0,0.0006169210558785318
boxcar_hanning_full,9,6,6,0,5,2,192,192,False,0.1423511438892742,0.2102793898082068,0.9999999999998282,0.24868352720082612,0.19892882276377302,0.0018797947467357617
boxcar_hanning_full,10,6,6,0.5,2,2,192,192,False,8.965592796589053e-20,0.08560679403863361,0.999999999999912,0.12221446915053988,0.0,0.0006169210558785318
boxcar_hanning_full,11,6,6,0.5,5,2,192,192,True,0.3243852291213993,0.21401698509658404,0.999999999999912,0.42218125451336286,0.3732954668531469,0.002848723699203809
boxcar_hanning_full,12,30,1,0,2,2,192,192,False,0.0,0.055080764428575,1.0000000000000004,0.18994632695554045,0.0,0.0006169210558785318
boxcar_hanning_full,13,30,1,0,5,2,192,192,False,0.0,0.13770191107143753,1.0000000000000002,0.07597853078221617,0.0,0.0006169210558785318
boxcar_hanning_full,14,30,1,0.5,2,2,192,192,False,0.0,0.06545725760484687,1.0,0.15983542959087407,0.0,0.0006169210558785318
boxcar_hanning_full,15,30,1,0.5,5,2,192,192,False,0.0,0.16364314401211716,1.0,0.06393417183634964,0.0,0.0006169210558785318
boxcar_hanning_full,16,30,3,0,2,2,192,192,False,3.863108764842687e-13,0.09094689141023397,1.0,0.11503844416136957,3.863070749963217e-13,0.0006169210558785318
boxcar_hanning_full,17,30,3,0,5,2,192,192,False,3.863108764842687e-13,0.22736722852558489,1.0,0.046015377664779616,3.8630707499632174e-13,0.0006169210558785318
boxcar_hanning_full,18,30,3,0.5,2,2,192,192,False,2.8769896289037368e-12,0.09608021138413002,1.0,0.10889223429743358,2.8769967428155823e-12,0.0006169210558785318
boxcar_hanning_full,19,30,3,0.5,5,2,192,192,True,0.0693555669421115,0.24020052846032508,0.9999999999999998,0.17003912670225288,0.12648223298443026,0.0022608342224254433
boxcar_hanning_full,20,30,6,0,2,2,192,192,False,2.0259606113860387e-08,0.16175214675506785,0.9999999999998276,0.06468162788583325,2.025960610509889e-08,0.0006169210558785318
boxcar_hanning_full,21,30,6,0,5,2,192,192,False,0.07802442560204838,0.40438036688766965,0.9999999999998275,0.17273035225274472,0.14685770920225388,0.003672494756171025
boxcar_hanning_full,22,30,6,0.5,2,2,192,192,False,3.6096158913840036e-08,0.16462719819091265,0.9999999999999115,0.06355204332268248,3.60961589114365e-08,0.0006169210558785318
boxcar_hanning_full,23,30,6,0.5,5,2,192,192,True,0.1549751824377418,0.41156799547728157,0.9999999999999116,0.25519233652922924,0.2297715336386198,0.005312778975330416
boxcar_hanning_full,0,6,1,0,2,3,224,224,False,0.0,0.028642215306728096,1.0,0.4918868302267788,0.0,0.0007838526357044876
boxcar_hanning_full,1,6,1,0,5,3,224,224,True,0.6838712384589248,0.07160553826682023,1.0000000000000002,0.9574765506515512,0.7607218185608398,0.0018181026411479087
boxcar_hanning_full,2,6,1,0.5,2,3,224,224,False,0.0,0.0340380327897801,0.9999999999999997,0.4139113615910712,0.0,0.0007838526357044876
boxcar_hanning_full,3,6,1,0.5,5,3,224,224,True,0.860916930758774,0.08509508197445022,0.9999999999999999,1.193594114791265,1.0280295701548365,0.0031462973849805125
boxcar_hanning_full,4,6,3,0,2,3,224,224,False,-3.434099182121453e-26,0.04729274316131588,0.9999999999999997,0.297904658434438,0.0,0.0007838526357044876
boxcar_hanning_full,5,6,3,0,5,3,224,224,True,0.7259940568016651,0.11823185790328967,0.9999999999999998,1.0022459302942173,0.8830840669204421,0.003654350019233421
boxcar_hanning_full,6,6,3,0.5,2,3,224,224,False,-2.5574914746135936e-25,0.04996208984624281,1.0,0.2819883744106211,0.0,0.0007838526357044876
boxcar_hanning_full,7,6,3,0.5,5,3,224,224,True,0.6634228206938642,0.12490522461560703,0.9999999999999998,0.9357649398518973,0.8229695900876488,0.003527336860670194
boxcar_hanning_full,8,6,6,0,2,3,224,224,False,-1.8009040867153297e-21,0.08411175592328275,0.9999999999998278,0.16750011152721098,0.0,0.0007838526357044876
boxcar_hanning_full,9,6,6,0,5,3,224,224,True,0.6802198415869828,0.2102793898082068,0.9999999999998282,0.8217469350372747,0.7547468904263903,0.005639384240207285
boxcar_hanning_full,10,6,6,0.5,2,3,224,224,False,-3.2085451689565043e-21,0.08560679403863361,0.999999999999912,0.16457488749714522,0.0,0.0007838526357044876
boxcar_hanning_full,11,6,6,0.5,5,3,224,224,True,0.6589886757632419,0.21401698509658404,0.999999999999912,0.7881887764562588,0.7223588214574008,0.005374471080918269
boxcar_hanning_full,12,30,1,0,2,3,224,224,False,0.0,0.055080764428575,1.0000000000000004,0.25578309676817784,0.0,0.0007838526357044876
boxcar_hanning_full,13,30,1,0,5,3,224,224,True,0.28880408323050905,0.13770191107143753,1.0000000000000002,0.42241005178874946,0.32009681308147836,0.0030374289633548894
boxcar_hanning_full,14,30,1,0.5,2,3,224,224,False,0.0,0.06545725760484687,1.0,0.21523554474204232,0.0,0.0007838526357044876
boxcar_hanning_full,15,30,1,0.5,5,3,224,224,True,0.46695828334192746,0.16364314401211716,1.0,0.6702159714613103,0.5841217535644934,0.00490996581531561
boxcar_hanning_full,16,30,3,0,2,3,224,224,False,1.938033311962088e-11,0.09094689141023397,1.0,0.15491160039887442,1.938032342691561e-11,0.0007838526357044876
boxcar_hanning_full,17,30,3,0,5,3,224,224,True,0.44519114583220887,0.22736722852558489,1.0,0.6129179414030137,0.5509533012512161,0.006550250034475
boxcar_hanning_full,18,30,3,0.5,2,3,224,224,False,1.443319895553585e-10,0.09608021138413002,1.0,0.14663506989425662,1.4433197927393316e-10,0.0007838526357044876
boxcar_hanning_full,19,30,3,0.5,5,3,224,224,True,0.42620664508904277,0.24020052846032508,0.9999999999999998,0.5432185532937022,0.48456452539373235,0.006379689507261524
boxcar_hanning_full,20,30,6,0,2,3,224,224,False,1.0163399268936815e-06,0.16175214675506785,0.9999999999998276,0.08710173667369268,1.0163399268939106e-06,0.0007838526357044876
boxcar_hanning_full,21,30,6,0,5,3,224,224,True,0.4418538405813834,0.40438036688766965,0.9999999999998275,0.5390890491764205,0.5042487610429142,0.011006597426350512
boxcar_hanning_full,22,30,6,0.5,2,3,224,224,False,1.8107419415100653e-06,0.16462719819091265,0.9999999999999115,0.08558140301296578,1.8107419415207146e-06,0.0007838526357044876
boxcar_hanning_full,23,30,6,0.5,5,3,224,224,True,0.4515612712137012,0.41156799547728157,0.9999999999999116,0.545944110951201,0.5117122740427912,0.011489247428890776
boxcar_hanning_full,0,6,1,0,2,4,320,128,False,0.0,0.028642215306728096,1.0,0.049680531442387675,0.0,9.798157946306095e-05
boxcar_hanning_full,1,6,1,0,5,4,320,128,False,0.0,0.07160553826682023,1.0000000000000002,0.01987221257695507,0.0,9.798157946306095e-05
boxcar_hanning_full,2,6,1,0.5,2,4,320,128,False,0.0,0.0340380327897801,0.9999999999999997,0.041805015199138824,0.0,9.798157946306095e-05
boxcar_hanning_full,3,6,1,0.5,5,4,320,128,False,0.0,0.08509508197445022,0.9999999999999999,0.016722006079655533,0.0,9.798157946306095e-05
boxcar_hanning_full,4,6,3,0,2,4,320,128,False,0.0,0.04729274316131588,0.9999999999999997,0.030088347239064023,0.0,9.798157946306095e-05
boxcar_hanning_full,5,6,3,0,5,4,320,128,False,0.0,0.11823185790328967,0.9999999999999998,0.012035338895625611,0.0,9.798157946306095e-05
boxcar_hanning_full,6,6,3,0.5,2,4,320,128,False,0.0,0.04996208984624281,1.0,0.028480803795531192,0.0,9.798157946306095e-05
boxcar_hanning_full,7,6,3,0.5,5,4,320,128,False,0.0,0.12490522461560703,0.9999999999999998,0.011392321518212477,0.0,9.798157946306095e-05
boxcar_hanning_full,8,6,6,0,2,4,320,128,False,-3.547281280114446e-30,0.08411175592328275,0.9999999999998278,0.016917498184479785,0.0,9.798157946306095e-05
boxcar_hanning_full,9,6,6,0,5,4,320,128,False,-3.547281280114447e-30,0.2102793898082068,0.9999999999998282,0.006766999273791916,0.0,9.798157946306095e-05
boxcar_hanning_full,10,6,6,0.5,2,4,320,128,False,-9.401240617289004e-31,0.08560679403863361,0.999999999999912,0.016622050785868384,0.0,9.798157946306095e-05
boxcar_hanning_full,11,6,6,0.5,5,4,320,128,False,0.026710274657134898,0.21401698509658404,0.999999999999912,0.032938659763126786,0.026289839448779433,0.00018507631676355956
boxcar_hanning_full,12,30,1,0,2,4,320,128,False,0.0,0.055080764428575,1.0000000000000004,0.025834072799965246,0.0,9.798157946306095e-05
boxcar_hanning_full,13,30,1,0,5,4,320,128,False,0.0,0.13770191107143753,1.0000000000000002,0.010333629119986096,0.0,9.798157946306095e-05
boxcar_hanning_full,14,30,1,0.5,2,4,320,128,False,0.0,0.06545725760484687,1.0,0.021738773211607595,0.0,9.798157946306095e-05
boxcar_hanning_full,15,30,1,0.5,5,4,320,128,False,0.0,0.16364314401211716,1.0,0.008695509284643039,0.0,9.798157946306095e-05
boxcar_hanning_full,16,30,3,0,2,4,320,128,False,0.0,0.09094689141023397,1.0,0.01564605954157353,0.0,9.798157946306095e-05
boxcar_hanning_full,17,30,3,0,5,4,320,128,False,0.0,0.22736722852558489,1.0,0.006258423816629412,0.0,9.798157946306095e-05
boxcar_hanning_full,18,30,3,0.5,2,4,320,128,False,0.0,0.09608021138413002,1.0,0.014810130594285716,0.0,9.798157946306095e-05
boxcar_hanning_full,19,30,3,0.5,5,4,320,128,False,0.005396633284828244,0.24020052846032508,0.9999999999999998,0.0096813687927359,0.003757316555021614,0.00015241579027587258
boxcar_hanning_full,20,30,6,0,2,4,320,128,False,7.43152650403604e-17,0.16175214675506785,0.9999999999998276,0.008797165952179066,7.379778305309635e-17,9.798157946306095e-05
boxcar_hanning_full,21,30,6,0,5,4,320,128,False,7.43152650403604e-17,0.40438036688766965,0.9999999999998275,0.0035188663808716713,7.42590191971782e-17,9.798157946306095e-05
boxcar_hanning_full,22,30,6,0.5,2,4,320,128,False,1.9695525474638782e-17,0.16462719819091265,0.9999999999999115,0.008643532136624147,2.039314996473919e-17,9.798157946306095e-05
boxcar_hanning_full,23,30,6,0.5,5,4,320,128,False,0.023136043884950563,0.41156799547728157,0.9999999999999116,0.027001192298165975,0.023543779443516325,0.0006060342137159696
boxcar_hanning_full,0,6,1,0,2,5,512,96,False,0.0,0.028642215306728096,1.0,0.023444351880019216,0.0,0.0001197552637881856
boxcar_hanning_full,1,6,1,0,5,5,512,96,False,0.01886769801607254,0.07160553826682023,1.0000000000000002,0.030162881681785023,0.020785140929777336,0.00027217105406405817
boxcar_hanning_full,2,6,1,0.5,2,5,512,96,False,0.0,0.0340380327897801,0.9999999999999997,0.019727878471161912,0.0,0.0001197552637881856
boxcar_hanning_full,3,6,1,0.5,5,5,512,96,False,0.08706312321103105,0.08509508197445022,0.9999999999999999,0.10159830935823967,0.0937071579697749,0.00027217105406405817
boxcar_hanning_full,4,6,3,0,2,5,512,96,False,5.791426065790363e-25,0.04729274316131588,0.9999999999999997,0.014198757132436176,0.0,0.0001197552637881856
boxcar_hanning_full,5,6,3,0,5,5,512,96,True,0.33044107000015516,0.11823185790328967,0.9999999999999998,0.4049640464906198,0.3992845436376453,0.0008636894782299446
boxcar_hanning_full,6,6,3,0.5,2,5,512,96,False,3.2274629838794723e-24,0.04996208984624281,1.0,0.013440153851464708,0.0,0.0001197552637881856
boxcar_hanning_full,7,6,3,0.5,5,5,512,96,False,0.27620774264442094,0.12490522461560703,0.9999999999999998,0.34008328473255867,0.33470722319197277,0.0008636894782299446
boxcar_hanning_full,8,6,6,0,2,5,512,96,False,1.9094174190818833e-21,0.08411175592328275,0.9999999999998278,0.007983404542008027,0.0,0.0001197552637881856
boxcar_hanning_full,9,6,6,0,5,5,512,96,True,0.34557265588457253,0.2102793898082068,0.9999999999998282,0.4503749970869478,0.4471816352701446,0.002213657906387673
boxcar_hanning_full,10,6,6,0.5,2,5,512,96,False,3.169565362332534e-21,0.08560679403863361,0.999999999999912,0.00784398226583704,0.0,0.0001197552637881856
boxcar_hanning_full,11,6,6,0.5,5,5,512,96,True,0.33408760701091683,0.21401698509658404,0.999999999999912,0.40166374098304475,0.39852614807670994,0.001487868428883518
boxcar_hanning_full,12,30,1,0,2,5,512,96,False,0.0,0.055080764428575,1.0000000000000004,0.012191155682760345,0.0,0.0001197552637881856
boxcar_hanning_full,13,30,1,0,5,5,512,96,False,0.06245146694843606,0.13770191107143753,1.0000000000000002,0.10820014332434406,0.10332368105123993,0.0008274000043547369
boxcar_hanning_full,14,30,1,0.5,2,5,512,96,False,0.0,0.06545725760484687,1.0,0.010258574814238537,0.0,0.0001197552637881856
boxcar_hanning_full,15,30,1,0.5,5,5,512,96,False,0.06495898426529863,0.16364314401211716,1.0,0.07639432357425806,0.07229089364856264,0.0008128842148046537
boxcar_hanning_full,16,30,3,0,2,5,512,96,False,1.2612562018789386e-12,0.09094689141023397,1.0,0.007383409855758431,1.2612546188522616e-12,0.0001197552637881856
boxcar_hanning_full,17,30,3,0,5,5,512,96,True,0.15477140236695902,0.22736722852558489,1.0,0.23018329669731655,0.22722993275551767,0.0020068079052989888
boxcar_hanning_full,18,30,3,0.5,2,5,512,96,False,7.028765728009272e-12,0.09608021138413002,1.0,0.006988933155703335,7.028765653774665e-12,0.0001197552637881856
boxcar_hanning_full,19,30,3,0.5,5,5,512,96,False,0.1346016792969089,0.24020052846032508,0.9999999999999998,0.19272844792144128,0.18993287466197145,0.0018362473780855126
boxcar_hanning_full,20,30,6,0,2,5,512,96,False,4.158327585058977e-09,0.16175214675506785,0.9999999999998276,0.004151406088658794,4.158327583302104e-09,0.0001197552637881856
boxcar_hanning_full,21,30,6,0,5,5,512,96,True,0.20169954999119852,0.40438036688766965,0.9999999999998275,0.30953475745864717,0.30787419668651467,0.005015205289553712
boxcar_hanning_full,22,30,6,0.5,2,5,512,96,False,6.902677120847548e-09,0.16462719819091265,0.9999999999999115,0.004078908698086964,6.902677118982408e-09,0.0001197552637881856
boxcar_hanning_full,23,30,6,0.5,5,5,512,96,True,0.17671731469417354,0.41156799547728157,0.9999999999999116,0.2548475712465219,0.25321601052835796,0.0041224842322236015
boxcar_hanning_full,0,6,1,0,2,6,640,96,False,1.7977696053959496e-18,0.028642215306728096,1.0,0.412648997178768,0.0,0.0010777973740936705
boxcar_hanning_full,1,6,1,0,5,6,640,96,False,1.1464047087580594e-05,0.07160553826682023,1.0000000000000002,0.21996537914289876,0.05490578027139152,0.0012737605330197922
boxcar_hanning_full,2,6,1,0.5,2,6,640,96,False,8.325305189318679e-19,0.0340380327897801,0.9999999999999997,0.3472345624759023,0.0,0.0010777973740936705
boxcar_hanning_full,3,6,1,0.5,5,6,640,96,False,8.325305189318678e-19,0.08509508197445022,0.9999999999999999,0.13889382499036096,0.0,0.0010777973740936705
boxcar_hanning_full,4,6,3,0,2,6,640,96,False,2.305241481892826e-18,0.04729274316131588,0.9999999999999997,0.24991532808711048,0.0,0.0010777973740936705
boxcar_hanning_full,5,6,3,0,5,6,640,96,False,0.010265071381363473,0.11823185790328967,0.9999999999999998,0.2489446912135509,0.14897855997870668,0.00252574738171446
boxcar_hanning_full,6,6,3,0.5,2,6,640,96,False,1.5729735850447627e-18,0.04996208984624281,1.0,0.23656299125342772,0.0,0.0010777973740936705
boxcar_hanning_full,7,6,3,0.5,5,6,640,96,False,0.0002696925256961162,0.12490522461560703,0.9999999999999998,0.18764682000379793,0.09302162350242685,0.0018181026411479087
boxcar_hanning_full,8,6,6,0,2,6,640,96,False,0.13269237642641646,0.08411175592328275,0.9999999999998278,0.3805017545737081,0.23998416231133957,0.0025692947503647093
boxcar_hanning_full,9,6,6,0,5,6,640,96,False,0.4765842142023976,0.2102793898082068,0.9999999999998282,0.7601278465485938,0.7039208096436463,0.007911105304795291
boxcar_hanning_full,10,6,6,0.5,2,6,640,96,False,0.03979923180238857,0.08560679403863361,0.999999999999912,0.20476323863551515,0.06669964735132557,0.001600365797896662
boxcar_hanning_full,11,6,6,0.5,5,6,640,96,False,0.586949260353141,0.21401698509658404,0.999999999999912,0.8489763179614386,0.7937508814477627,0.008353836886072826
boxcar_hanning_full,12,30,1,0,2,6,640,96,False,5.643245664797381e-07,0.055080764428575,1.0000000000000004,0.22117805529427154,0.006598945038348681,0.0010886842162562327
boxcar_hanning_full,13,30,1,0,5,6,640,96,False,0.005571402054171108,0.13770191107143753,1.0000000000000002,0.12605637431130406,0.04022473020893493,0.0013390815859951662
boxcar_hanning_full,14,30,1,0.5,2,6,640,96,False,2.613335005593794e-07,0.06545725760484687,1.0,0.18611599124308234,0.00555264569857634,0.0010886842162562327
boxcar_hanning_full,15,30,1,0.5,5,6,640,96,False,0.0012068059931575198,0.16364314401211716,1.0,0.09294303026266983,0.02071769204486743,0.001197552637881856
boxcar_hanning_full,16,30,3,0,2,6,640,96,False,0.02330493567549932,0.09094689141023397,1.0,0.2949619914687941,0.16500503263237878,0.0018834236941232827
boxcar_hanning_full,17,30,3,0,5,6,640,96,False,0.07019518462349224,0.22736722852558489,1.0,0.22073849915208005,0.1687557156175139,0.003483789492019945
boxcar_hanning_full,18,30,3,0.5,2,6,640,96,False,0.004159870549416771,0.09608021138413002,1.0,0.16593216640195407,0.042918475517715104,0.0013390815859951662
boxcar_hanning_full,19,30,3,0.5,5,6,640,96,False,0.021589121968989874,0.24020052846032508,0.9999999999999998,0.14118307613994002,0.09197759978624442,0.0022426894854878396
boxcar_hanning_full,20,30,6,0,2,6,640,96,False,0.12235294045797006,0.16175214675506785,0.9999999999998276,0.3784473925892244,0.30537768896917394,0.004779323709364861
boxcar_hanning_full,21,30,6,0,5,6,640,96,False,0.32627818948597925,0.40438036688766965,0.9999999999998275,0.5638945114797531,0.534666630031733,0.012541642171271801
boxcar_hanning_full,22,30,6,0.5,2,6,640,96,False,0.08225769284133082,0.16462719819091265,0.9999999999999115,0.2966922551181161,0.22489864171048585,0.003984584231497812
boxcar_hanning_full,23,30,6,0.5,5,6,640,96,False,0.3450753618738319,0.41156799547728157,0.9999999999999116,0.5989870417862535,0.5702695964232013,0.013467023755089598
boxcar_hanning_full,0,6,1,0,2,7,704,128,False,-6.5770617855096285e-22,0.028642215306728096,1.0,0.11153791039236846,0.0,0.00015241579027587258
boxcar_hanning_full,1,6,1,0,5,7,704,128,False,-6.5770617855096285e-22,0.07160553826682023,1.0000000000000002,0.044615164156947384,0.0,0.00015241579027587258
boxcar_hanning_full,2,6,1,0.5,2,7,704,128,False,-2.958577539884544e-20,0.0340380327897801,0.9999999999999997,0.09385656521489595,0.0,0.00015241579027587258
boxcar_hanning_full,3,6,1,0.5,5,7,704,128,False,-2.9585775398845444e-20,0.08509508197445022,0.9999999999999999,0.03754262608595839,0.0,0.00015241579027587258
boxcar_hanning_full,4,6,3,0,2,7,704,128,False,-5.491124856808658e-19,0.04729274316131588,0.9999999999999997,0.06755143877832678,0.0,0.00015241579027587258
boxcar_hanning_full,5,6,3,0,5,7,704,128,False,-5.491124856808658e-19,0.11823185790328967,0.9999999999999998,0.027020575511330722,0.0,0.00015241579027587258
boxcar_hanning_full,6,6,3,0.5,2,7,704,128,False,-1.0885826632066082e-18,0.04996208984624281,1.0,0.06394233816384297,0.0,0.00015241579027587258
boxcar_hanning_full,7,6,3,0.5,5,7,704,128,False,-1.0885826632066082e-18,0.12490522461560703,0.9999999999999998,0.025576935265537185,0.0,0.00015241579027587258
boxcar_hanning_full,8,6,6,0,2,7,704,128,False,-1.961159669029147e-18,0.08411175592328275,0.9999999999998278,0.03798152599779989,0.0,0.00015241579027587258
boxcar_hanning_full,9,6,6,0,5,7,704,128,False,-1.9611596690291477e-18,0.2102793898082068,0.9999999999998282,0.015192610399119962,0.0,0.00015241579027587258
boxcar_hanning_full,10,6,6,0.5,2,7,704,128,False,-2.4967356443964897e-18,0.08560679403863361,0.999999999999912,0.037318216155589536,0.0,0.00015241579027587258
boxcar_hanning_full,11,6,6,0.5,5,7,704,128,False,0.07470905437823824,0.21401698509658404,0.999999999999912,0.08777487257886855,0.07284758611663274,0.00029757368577670363
boxcar_hanning_full,12,30,1,0,2,7,704,128,False,6.74152231675223e-11,0.055080764428575,1.0000000000000004,0.0580001545217606,6.741522620402453e-11,0.00015241579027587258
boxcar_hanning_full,13,30,1,0,5,7,704,128,False,6.74152231675223e-11,0.13770191107143753,1.0000000000000002,0.02320006184915337,6.741522349505934e-11,0.00015241579027587258
boxcar_hanning_full,14,30,1,0.5,2,7,704,128,False,3.0325572666682937e-09,0.06545725760484687,1.0,0.048805788077914976,3.0325572675681313e-09,0.00015241579027587258
boxcar_hanning_full,15,30,1,0.5,5,7,704,128,False,3.0325572666682937e-09,0.16364314401211716,1.0,0.01952231705070035,3.032557266428366e-09,0.00015241579027587258
boxcar_hanning_full,16,30,3,0,2,7,704,128,False,5.628431353314414e-08,0.09094689141023397,1.0,0.035127071565247844,5.628431352914551e-08,0.00015241579027587258
boxcar_hanning_full,17,30,3,0,5,7,704,128,False,5.628431353314414e-08,0.22736722852558489,1.0,0.014050862396687262,5.628431353324714e-08,0.00015241579027587258
boxcar_hanning_full,18,30,3,0.5,2,7,704,128,False,1.115802854977784e-07,0.09608021138413002,1.0,0.03325038027035255,1.1158028549742497e-07,0.00015241579027587258
boxcar_hanning_full,19,30,3,0.5,5,7,704,128,False,1.1621266900661302e-07,0.24020052846032508,0.9999999999999998,0.013285088168936431,-1.5019307090390431e-05,0.00016330263243843492
boxcar_hanning_full,20,30,6,0,2,7,704,128,False,2.0936545031375952e-07,0.16175214675506785,0.9999999999998276,0.019728276958321724,-2.22667495049518e-05,0.00016330263243843492
boxcar_hanning_full,21,30,6,0,5,7,704,128,False,0.011196783917651233,0.40438036688766965,0.9999999999998275,0.01839326731753182,0.010493049834401151,0.00046813421299018006
boxcar_hanning_full,22,30,6,0.5,2,7,704,128,False,2.66541368741413e-07,0.16462719819091265,0.9999999999999115,0.0193838029165397,-2.1817050435525823e-05,0.00016330263243843492
boxcar_hanning_full,23,30,6,0.5,5,7,704,128,False,0.025442861389592866,0.41156799547728157,0.9999999999999116,0.03518633668235669,0.027424088695566593,0.0005733736872282826
boxcar_hanning_full,0,6,1,0,2,8,768,160,False,0.0,0.028642215306728096,1.0,0.0,0.0,0.0
boxcar_hanning_full,1,6,1,0,5,8,768,160,False,0.0,0.07160553826682023,1.0000000000000002,0.0,0.0,0.0
boxcar_hanning_full,2,6,1,0.5,2,8,768,160,False,0.0,0.0340380327897801,0.9999999999999997,0.0,0.0,0.0
boxcar_hanning_full,3,6,1,0.5,5,8,768,160,False,0.0,0.08509508197445022,0.9999999999999999,0.0,0.0,0.0
boxcar_hanning_full,4,6,3,0,2,8,768,160,False,0.0,0.04729274316131588,0.9999999999999997,0.0,0.0,0.0
boxcar_hanning_full,5,6,3,0,5,8,768,160,False,0.0,0.11823185790328967,0.9999999999999998,0.0,0.0,0.0
boxcar_hanning_full,6,6,3,0.5,2,8,768,160,False,0.0,0.04996208984624281,1.0,0.0,0.0,0.0
boxcar_hanning_full,7,6,3,0.5,5,8,768,160,False,0.0,0.12490522461560703,0.9999999999999998,0.0,0.0,0.0
boxcar_hanning_full,8,6,6,0,2,8,768,160,False,0.0,0.08411175592328275,0.9999999999998278,0.0,0.0,0.0
boxcar_hanning_full,9,6,6,0,5,8,768,160,False,0.11735645623177528,0.2102793898082068,0.9999999999998282,0.13364355897524172,0.13364355897524172,0.0005153105290279502
boxcar_hanning_full,10,6,6,0.5,2,8,768,160,False,0.0,0.08560679403863361,0.999999999999912,0.0,0.0,0.0
boxcar_hanning_full,11,6,6,0.5,5,8,768,160,False,0.2767044628287997,0.21401698509658404,0.999999999999912,0.3001925904446968,0.3001925904446968,0.001491497376271039
boxcar_hanning_full,12,30,1,0,2,8,768,160,False,0.0,0.055080764428575,1.0000000000000004,0.0,0.0,0.0
boxcar_hanning_full,13,30,1,0,5,8,768,160,False,0.0,0.13770191107143753,1.0000000000000002,0.0,0.0,0.0
boxcar_hanning_full,14,30,1,0.5,2,8,768,160,False,0.0,0.06545725760484687,1.0,0.0,0.0,0.0
boxcar_hanning_full,15,30,1,0.5,5,8,768,160,False,0.0,0.16364314401211716,1.0,0.0,0.0,0.0
boxcar_hanning_full,16,30,3,0,2,8,768,160,False,0.0,0.09094689141023397,1.0,0.0,0.0,0.0
boxcar_hanning_full,17,30,3,0,5,8,768,160,False,0.0,0.22736722852558489,1.0,0.0,0.0,0.0
boxcar_hanning_full,18,30,3,0.5,2,8,768,160,False,0.0,0.09608021138413002,1.0,0.0,0.0,0.0
boxcar_hanning_full,19,30,3,0.5,5,8,768,160,False,0.0,0.24020052846032508,0.9999999999999998,0.0,0.0,0.0
boxcar_hanning_full,20,30,6,0,2,8,768,160,False,0.0,0.16175214675506785,0.9999999999998276,0.0,0.0,0.0
boxcar_hanning_full,21,30,6,0,5,8,768,160,False,0.028008212733851297,0.40438036688766965,0.9999999999998275,0.03662137934970676,0.03662137934970676,0.000823771056967216
boxcar_hanning_full,22,30,6,0.5,2,8,768,160,False,0.0,0.16462719819091265,0.9999999999999115,0.0,0.0,0.0
boxcar_hanning_full,23,30,6,0.5,5,8,768,160,False,0.08328423963012738,0.41156799547728157,0.9999999999999116,0.09926723332559033,0.09926723332559033,0.0021955131694500695
boxcar_hanning_full,0,6,1,0,2,9,832,192,False,-5.269504870097584e-34,0.028642215306728096,1.0,0.6824964416027245,0.0,0.0011431184270690445
boxcar_hanning_full,1,6,1,0,5,9,832,192,False,0.07212151966603236,0.07160553826682023,1.0000000000000002,0.3533564754977437,0.08035789885665384,0.001197552637881856
boxcar_hanning_full,2,6,1,0.5,2,9,832,192,False,0.0,0.0340380327897801,0.9999999999999997,0.574304929641244,0.0,0.0011431184270690445
boxcar_hanning_full,3,6,1,0.5,5,9,832,192,False,0.0251604675188774,0.08509508197445022,0.9999999999999999,0.25839217767581996,0.028670205819322305,0.0011757789535567313
boxcar_hanning_full,4,6,3,0,2,9,832,192,False,-1.6252915990403985e-20,0.04729274316131588,0.9999999999999997,0.4133448119044804,0.0,0.0011431184270690445
boxcar_hanning_full,5,6,3,0,5,9,832,192,False,0.14989417743045888,0.11823185790328967,0.9999999999999998,0.3357035768780324,0.1703656521162402,0.0014152894811331025
boxcar_hanning_full,6,6,3,0.5,2,9,832,192,False,-4.4306685261116765e-21,0.04996208984624281,1.0,0.39126085571320546,0.0,0.0011431184270690445
boxcar_hanning_full,7,6,3,0.5,5,9,832,192,False,0.14578200544230194,0.12490522461560703,0.9999999999999998,0.3224024287157813,0.1658980864304991,0.0014116605337455817
boxcar_hanning_full,8,6,6,0,2,9,832,192,False,-8.000153654199968e-19,0.08411175592328275,0.9999999999998278,0.23240758455085261,0.0,0.0011431184270690445
boxcar_hanning_full,9,6,6,0,5,9,832,192,False,0.20692207746342298,0.2102793898082068,0.9999999999998282,0.33121108047245357,0.23824804665211247,0.0028668684361414128
boxcar_hanning_full,10,6,6,0.5,2,9,832,192,False,-5.330514315191521e-19,0.08560679403863361,0.999999999999912,0.22834881560497494,0.0,0.0011431184270690445
boxcar_hanning_full,11,6,6,0.5,5,9,832,192,False,0.4650415922992129,0.21401698509658404,0.999999999999912,0.6436295207017289,0.5522899944597389,0.00397369738933525
boxcar_hanning_full,12,30,1,0,2,9,832,192,False,6.499022852747435e-21,0.055080764428575,1.0000000000000004,0.35490084840434283,0.0,0.0011431184270690445
boxcar_hanning_full,13,30,1,0,5,9,832,192,False,0.02752326016627572,0.13770191107143753,1.0000000000000002,0.18252282616691304,0.04056248680517592,0.0013064210595074793
boxcar_hanning_full,14,30,1,0.5,2,9,832,192,False,0.0,0.06545725760484687,1.0,0.2986408343666011,0.0,0.0011431184270690445
boxcar_hanning_full,15,30,1,0.5,5,9,832,192,False,0.03023908681013685,0.16364314401211716,1.0,0.15159462533511414,0.032138291588473686,0.001360855270320291
boxcar_hanning_full,16,30,3,0,2,9,832,192,False,2.0045160797709558e-07,0.09094689141023397,1.0,0.2149411371163362,2.0045160797088076e-07,0.0011431184270690445
boxcar_hanning_full,17,30,3,0,5,9,832,192,False,0.08457966118973133,0.22736722852558489,1.0,0.19458999319869175,0.10861361853280044,0.002083015800436925
boxcar_hanning_full,18,30,3,0.5,2,9,832,192,False,5.464463306135122e-08,0.09608021138413002,1.0,0.20345724676411123,5.4644633049920075e-08,0.0011431184270690445
boxcar_hanning_full,19,30,3,0.5,5,9,832,192,False,0.08312007734370357,0.24020052846032508,0.9999999999999998,0.18206435094982196,0.10068147410203068,0.002072128958274363
boxcar_hanning_full,20,30,6,0,2,9,832,192,False,1.0321032197802032e-05,0.16175214675506785,0.9999999999998276,0.12063365280369963,-0.00021921016362632547,0.0011757789535567313
boxcar_hanning_full,21,30,6,0,5,9,832,192,False,0.18434767599535792,0.40438036688766965,0.9999999999998275,0.2772629839060973,0.2289218387191669,0.0062708210856359005
boxcar_hanning_full,22,30,6,0.5,2,9,832,192,False,6.654810563760797e-06,0.16462719819091265,0.9999999999999115,0.1186943810319483,-4.7906034078355235e-05,0.0011540052692316067
boxcar_hanning_full,23,30,6,0.5,5,9,832,192,False,0.2615763246504238,0.41156799547728157,0.9999999999999116,0.38378295336307044,0.3362860385366597,0.008437302675985803
boxcar_hanning_full,0,6,1,0,2,10,864,320,False,0.0,0.028642215306728096,1.0,1.5828238118959161,0.0,0.002652760540277687
boxcar_hanning_full,1,6,1,0,5,10,864,320,True,0.44150469725472213,0.07160553826682023,1.0000000000000002,1.1472490310496108,0.5141195062912444,0.0030120263316422437
boxcar_hanning_full,2,6,1,0.5,2,10,864,320,False,0.0,0.0340380327897801,0.9999999999999997,1.3319095346353538,0.0,0.002652760540277687
boxcar_hanning_full,3,6,1,0.5,5,10,864,320,False,0.018931459436525064,0.08509508197445022,0.9999999999999999,0.5706158308913107,0.03785201703716908,0.0027289684354156233
boxcar_hanning_full,4,6,3,0,2,10,864,320,False,1.4811120512008655e-22,0.04729274316131588,0.9999999999999997,0.9586160028463339,0.0,0.002652760540277687
boxcar_hanning_full,5,6,3,0,5,10,864,320,True,0.6771597102703831,0.11823185790328967,0.9999999999999998,1.1530724987647405,0.7696260976262068,0.0038720868624846677
boxcar_hanning_full,6,6,3,0.5,2,10,864,320,False,3.063532593224711e-23,0.04996208984624281,1.0,0.9073996014269646,0.0,0.002652760540277687
boxcar_hanning_full,7,6,3,0.5,5,10,864,320,True,0.755959171357952,0.12490522461560703,0.9999999999999998,1.185279183199307,0.8223193426285211,0.004361994759799972
boxcar_hanning_full,8,6,6,0,2,10,864,320,False,8.866110264797095e-07,0.08411175592328275,0.9999999999998278,0.5389930871101747,8.866110088278128e-07,0.002652760540277687
boxcar_hanning_full,9,6,6,0,5,10,864,320,True,0.6419696948124349,0.2102793898082068,0.9999999999998282,0.9515261938526726,0.7359293136530062,0.005817202662195804
boxcar_hanning_full,10,6,6,0.5,2,10,864,320,False,3.387331539223888e-07,0.08560679403863361,0.999999999999912,0.5295795727420679,3.3873314849917605e-07,0.002652760540277687
boxcar_hanning_full,11,6,6,0.5,5,10,864,320,True,0.6654023113424147,0.21401698509658404,0.999999999999912,1.0101685455880078,0.79833685198444,0.006934918457552203
boxcar_hanning_full,12,30,1,0,2,10,864,320,False,0.0,0.055080764428575,1.0000000000000004,0.8230746410886695,0.0,0.002652760540277687
boxcar_hanning_full,13,30,1,0,5,10,864,320,True,0.08778566390647954,0.13770191107143753,1.0000000000000002,0.458326141431026,0.1290962849955583,0.003186215806243241
boxcar_hanning_full,14,30,1,0.5,2,10,864,320,False,0.0,0.06545725760484687,1.0,0.6925982247319507,0.0,0.002652760540277687
boxcar_hanning_full,15,30,1,0.5,5,10,864,320,False,0.06027887540096562,0.16364314401211716,1.0,0.36038486762758243,0.08334557773480213,0.0031426684375929917
boxcar_hanning_full,16,30,3,0,2,10,864,320,False,1.786166347317679e-11,0.09094689141023397,1.0,0.498484112118448,1.786167363119831e-11,0.002652760540277687
boxcar_hanning_full,17,30,3,0,5,10,864,320,True,0.22317040980156302,0.22736722852558489,1.0,0.4686250185520401,0.2692313737118055,0.0048591605518903186
boxcar_hanning_full,18,30,3,0.5,2,10,864,320,False,3.69549959371024e-12,0.09608021138413002,1.0,0.47185138084305106,3.695501578475053e-12,0.002652760540277687
boxcar_hanning_full,19,30,3,0.5,5,10,864,320,True,0.2724615687649481,0.24020052846032508,0.9999999999999998,0.5116145666775576,0.3228740143418154,0.005806315820033241
boxcar_hanning_full,20,30,6,0,2,10,864,320,False,2.5933568022303044e-07,0.16175214675506785,0.9999999999998276,0.28027833491255133,2.5933567488330435e-07,0.002652760540277687
boxcar_hanning_full,21,30,6,0,5,10,864,320,True,0.26993198284654246,0.40438036688766965,0.9999999999998275,0.4419306463231882,0.3298194160924376,0.008219565832734557
boxcar_hanning_full,22,30,6,0.5,2,10,864,320,False,1.0653783604913736e-07,0.16462719819091265,0.9999999999999115,0.27538340231843056,1.0653783440715637e-07,0.002652760540277687
boxcar_hanning_full,23,30,6,0.5,5,10,864,320,True,0.32160977251711004,0.41156799547728157,0.9999999999999116,0.5272513607687757,0.4170980424565372,0.00991791321009428
boxcar_hanning_full,0,6,1,0,2,11,928,384,False,1.2586126575703831e-18,0.028642215306728096,1.0,0.6477816074627745,0.0,0.0014588368497833518
boxcar_hanning_full,1,6,1,0,5,11,928,384,True,0.9199562246763476,0.07160553826682023,1.0000000000000002,1.6266080601134694,1.3674954171283595,0.004833757920177673
boxcar_hanning_full,2,6,1,0.5,2,11,928,384,False,0.002180533928885509,0.0340380327897801,0.9999999999999997,0.5616508180136488,0.016557616321393284,0.0014806105341084765
boxcar_hanning_full,3,6,1,0.5,5,11,928,384,True,0.8523433005295932,0.08509508197445022,0.9999999999999999,1.4480239638663008,1.2299866831893986,0.004409171075837742
boxcar_hanning_full,4,6,3,0,2,11,928,384,False,0.017286849026732734,0.04729274316131588,0.9999999999999997,0.41912974458011987,0.026809506157922092,0.0015241579027587258
boxcar_hanning_full,5,6,3,0,5,11,928,384,True,0.919469026302202,0.11823185790328967,0.9999999999999998,1.5407719586713224,1.3838438633024435,0.00762441846118115
boxcar_hanning_full,6,6,3,0.5,2,11,928,384,False,0.12506550552772314,0.04996208984624281,1.0,0.6068255055299216,0.23546593410714062,0.0018689079045731995
boxcar_hanning_full,7,6,3,0.5,5,11,928,384,True,0.9431815462471939,0.12490522461560703,0.9999999999999998,1.6133071886185741,1.4647633600494618,0.008473592149861011
boxcar_hanning_full,8,6,6,0,2,11,928,384,False,0.2569780922703403,0.08411175592328275,0.9999999999998278,0.8178049409992783,0.5972186499508547,0.0032116184379558867
boxcar_hanning_full,9,6,6,0,5,11,928,384,True,0.935170121262286,0.2102793898082068,0.9999999999998282,1.4907923210524492,1.4025578046330798,0.013742823756541178
boxcar_hanning_full,10,6,6,0.5,2,11,928,384,False,0.3622432519663934,0.08560679403863361,0.999999999999912,1.006153363430594,0.78941939411136,0.0040607921266357485
boxcar_hanning_full,11,6,6,0.5,5,11,928,384,True,0.9370756210997078,0.21401698509658404,0.999999999999912,1.5305501844356824,1.4438565967079888,0.014762557972434516
boxcar_hanning_full,12,30,1,0,2,11,928,384,False,3.076883714343875e-18,0.055080764428575,1.0000000000000004,0.3368489973799592,0.0,0.0014588368497833518
boxcar_hanning_full,13,30,1,0,5,11,928,384,True,0.5036606138327944,0.13770191107143753,1.0000000000000002,0.9647448972521601,0.8300052983001764,0.007051044773952867
boxcar_hanning_full,14,30,1,0.5,2,11,928,384,False,0.004104372883527027,0.06545725760484687,1.0,0.30443491774493253,0.020984297422681774,0.0015132710605961636
boxcar_hanning_full,15,30,1,0.5,5,11,928,384,True,0.5161360702250778,0.16364314401211716,1.0,1.0180644337983384,0.9046841856694381,0.007428455302255028
boxcar_hanning_full,16,30,3,0,2,11,928,384,False,0.005438128218921661,0.09094689141023397,1.0,0.21916985057783642,0.01516177526060356,0.0015459315870838505
boxcar_hanning_full,17,30,3,0,5,11,928,384,True,0.6093994971878111,0.22736722852558489,1.0,1.1370986842832174,1.0554954541563242,0.012828329014885943
boxcar_hanning_full,18,30,3,0.5,2,11,928,384,False,0.03809370713294872,0.09608021138413002,1.0,0.3088035744714959,0.11569512887796515,0.00201043685268651
boxcar_hanning_full,19,30,3,0.5,5,11,928,384,True,0.6438153965258009,0.24020052846032508,0.9999999999999998,1.2129533948703588,1.1357100166329466,0.014719010603784267
boxcar_hanning_full,20,30,6,0,2,11,928,384,False,0.06987136332881774,0.16175214675506785,0.9999999999998276,0.3992294930422285,0.2845237494406778,0.00383579738860946
boxcar_hanning_full,21,30,6,0,5,11,928,384,True,0.6471098343501727,0.40438036688766965,0.9999999999998275,1.11080011130575,1.0649178138651296,0.02351920801852215
boxcar_hanning_full,22,30,6,0.5,2,11,928,384,False,0.11072364556383711,0.16462719819091265,0.9999999999999115,0.48145028635767545,0.3687477652883994,0.004895450025765527
boxcar_hanning_full,23,30,6,0.5,5,11,928,384,True,0.6681001455143757,0.41156799547728157,0.9999999999999116,1.1543928788197793,1.109311870392069,0.02502522118434327
boxcar_hanning_decimated,0,6,1,0,2,0,96,352,False,0.0,0.018450001257976766,0.9999999999999997,0.0,0.0,0.0
boxcar_hanning_decimated,1,6,1,0,5,0,96,352,False,0.0,0.0461250031449419,0.9999999999999999,0.0,0.0,0.0
boxcar_hanning_decimated,2,6,1,0.5,2,0,96,352,False,0.0,0.02627216352264527,1.0000000000000002,0.0,0.0,0.0
boxcar_hanning_decimated,3,6,1,0.5,5,0,96,352,False,0.0,0.06568040880661319,0.9999999999999998,0.0,0.0,0.0
boxcar_hanning_decimated,4,6,3,0,2,0,96,352,False,0.0,0.04205587796164148,1.0000000000000002,0.0,0.0,0.0
boxcar_hanning_decimated,5,6,3,0,5,0,96,352,False,0.0,0.10513969490410367,1.0000000000000004,0.0,0.0,0.0
boxcar_hanning_decimated,6,6,3,0.5,2,0,96,352,False,0.0,0.04512678851650755,0.9999999999999998,0.0,0.0,0.0
boxcar_hanning_decimated,7,6,3,0.5,5,0,96,352,True,0.3829383777746845,0.11281697129126882,1.0000000000000002,0.38443022753905604,0.38443022753905604,0.00037741052830216065
boxcar_hanning_decimated,8,6,6,0,2,0,96,352,False,0.0,0.08141864784322295,0.9999999999999593,0.0,0.0,0.0
boxcar_hanning_decimated,9,6,6,0,5,0,96,352,True,0.29260955668891775,0.20354661960805734,0.9999999999999593,0.2975817896423466,0.2975817896423466,0.0008709473730049862
boxcar_hanning_decimated,10,6,6,0.5,2,0,96,352,False,0.0,0.08296608655007377,0.9999999999999801,0.0,0.0,0.0
boxcar_hanning_decimated,11,6,6,0.5,5,0,96,352,True,0.3788489367730376,0.20741521637518442,0.99999999999998,0.44057797182841946,0.44057797182841946,0.0017273789564598893
boxcar_hanning_decimated,12,30,1,0,2,0,96,352,False,0.0,0.03548050184368297,1.0,0.0,0.0,0.0
boxcar_hanning_decimated,13,30,1,0,5,0,96,352,False,0.0,0.0887012546092074,1.0000000000000002,0.0,0.0,0.0
boxcar_hanning_decimated,14,30,1,0.5,2,0,96,352,False,0.0,0.05052300719490443,1.0000000000000002,0.0,0.0,0.0
boxcar_hanning_decimated,15,30,1,0.5,5,0,96,352,False,0.0,0.12630751798726103,1.0000000000000004,0.0,0.0,0.0
boxcar_hanning_decimated,16,30,3,0,2,0,96,352,False,0.0,0.08087607337753415,1.0000000000000002,0.0,0.0,0.0
boxcar_hanning_decimated,17,30,3,0,5,0,96,352,False,0.0,0.20219018344383538,0.9999999999999999,0.0,0.0,0.0
boxcar_hanning_decimated,18,30,3,0.5,2,0,96,352,False,0.0,0.08678162569052406,1.0000000000000002,0.0,0.0,0.0
boxcar_hanning_decimated,19,30,3,0.5,5,0,96,352,True,0.12620940384489268,0.2169540642263101,1.0000000000000002,0.11362155956201966,0.11362155956201966,0.0011467473744565652
boxcar_hanning_decimated,20,30,6,0,2,0,96,352,False,0.0,0.15657313213801,0.999999999999959,0.0,0.0,0.0
boxcar_hanning_decimated,21,30,6,0,5,0,96,352,True,0.12748342546763652,0.39143283034502496,0.999999999999959,0.2009395514135358,0.2009395514135358,0.0030519447529049723
boxcar_hanning_decimated,22,30,6,0.5,2,0,96,352,False,0.00012049320373561772,0.15954895317583617,0.9999999999999803,0.0004060225710287667,0.0004060225710287667,1.0886842162562326e-05
boxcar_hanning_decimated,23,30,6,0.5,5,0,96,352,True,0.2028679298414251,0.39887238293959043,0.9999999999999803,0.294732993887941,0.294732993887941,0.0053817289756933106
boxcar_hanning_decimated,0,6,1,0,2,1,128,384,False,0.0,0.018450001257976766,0.9999999999999997,0.0,0.0,0.0
boxcar_hanning_decimated,1,6,1,0,5,1,128,384,False,0.0,0.0461250031449419,0.9999999999999999,0.0,0.0,0.0
boxcar_hanning_decimated,2,6,1,0.5,2,1,128,384,False,0.0,0.02627216352264527,1.0000000000000002,0.0,0.0,0.0
boxcar_hanning_decimated,3,6,1,0.5,5,1,128,384,False,0.0,0.06568040880661319,0.9999999999999998,0.0,0.0,0.0
boxcar_hanning_decimated,4,6,3,0,2,1,128,384,False,0.0,0.04205587796164148,1.0000000000000002,0.0,0.0,0.0
boxcar_hanning_decimated,5,6,3,0,5,1,128,384,True,0.6496966272606677,0.10513969490410367,1.0000000000000004,0.7189095914801408,0.7189095914801408,0.0021265631690871745
boxcar_hanning_decimated,6,6,3,0.5,2,1,128,384,False,0.0,0.04512678851650755,0.9999999999999998,0.0,0.0,0.0
boxcar_hanning_decimated,7,6,3,0.5,5,1,128,384,False,0.2961531024190616,0.11281697129126882,1.0000000000000002,0.34636945736579605,0.34636945736579605,0.0012084394800444182
boxcar_hanning_decimated,8,6,6,0,2,1,128,384,False,0.0,0.08141864784322295,0.9999999999999593,0.0,0.0,0.0
boxcar_hanning_decimated,9,6,6,0,5,1,128,384,True,0.575096883155227,0.20354661960805734,0.9999999999999593,0.6460111440855184,0.6460111440855184,0.0029866236999295985
boxcar_hanning_decimated,10,6,6,0.5,2,1,128,384,False,0.0,0.08296608655007377,0.9999999999999801,0.0,0.0,0.0
boxcar_hanning_decimated,11,6,6,0.5,5,1,128,384,True,0.5602626725162205,0.20741521637518442,0.99999999999998,0.6280054532857116,0.6280054532857116,0.003073718437230097
boxcar_hanning_decimated,12,30,1,0,2,1,128,384,False,0.0,0.03548050184368297,1.0,0.0,0.0,0.0
boxcar_hanning_decimated,13,30,1,0,5,1,128,384,False,0.0,0.0887012546092074,1.0000000000000002,0.0,0.0,0.0
boxcar_hanning_decimated,14,30,1,0.5,2,1,128,384,False,0.0,0.05052300719490443,1.0000000000000002,0.0,0.0,0.0
boxcar_hanning_decimated,15,30,1,0.5,5,1,128,384,False,0.0,0.12630751798726103,1.0000000000000004,0.0,0.0,0.0
boxcar_hanning_decimated,16,30,3,0,2,1,128,384,False,0.0,0.08087607337753415,1.0000000000000002,0.0,0.0,0.0
boxcar_hanning_decimated,17,30,3,0,5,1,128,384,True,0.3707898763903201,0.20219018344383538,0.9999999999999999,0.549537081168549,0.549537081168549,0.005040607921266357
boxcar_hanning_decimated,18,30,3,0.5,2,1,128,384,False,0.0,0.08678162569052406,1.0000000000000002,0.0,0.0,0.0
boxcar_hanning_decimated,19,30,3,0.5,5,1,128,384,False,0.25606296921989513,0.2169540642263101,1.0000000000000002,0.3939598874955833,0.3939598874955833,0.003581771071483006
boxcar_hanning_decimated,20,30,6,0,2,1,128,384,False,0.0,0.15657313213801,0.999999999999959,0.0,0.0,0.0
boxcar_hanning_decimated,21,30,6,0,5,1,128,384,True,0.3122685889743488,0.39143283034502496,0.999999999999959,0.4372334840604074,0.4372334840604074,0.007326844775404446
boxcar_hanning_decimated,22,30,6,0.5,2,1,128,384,False,0.0,0.15954895317583617,0.9999999999999803,0.0,0.0,0.0
boxcar_hanning_decimated,23,30,6,0.5,5,1,128,384,True,0.3121073640792749,0.39887238293959043,0.9999999999999803,0.43168331290826356,0.43168331290826356,0.007424826354867507
boxcar_hanning_decimated,0,6,1,0,2,2,192,192,False,0.0,0.018450001257976766,0.9999999999999997,0.5670671097969626,0.0,0.0006169210558785318
boxcar_hanning_decimated,1,6,1,0,5,2,192,192,False,0.0,0.0461250031449419,0.9999999999999999,0.2268268439187851,0.0,0.0006169210558785318
boxcar_hanning_decimated,2,6,1,0.5,2,2,192,192,False,0.0,0.02627216352264527,1.0000000000000002,0.3982309595512818,0.0,0.0006169210558785318
boxcar_hanning_decimated,3,6,1,0.5,5,2,192,192,False,0.0,0.06568040880661319,0.9999999999999998,0.1592923838205127,0.0,0.0006169210558785318
boxcar_hanning_decimated,4,6,3,0,2,2,192,192,False,7.674243030810711e-26,0.04205587796164148,1.0000000000000002,0.24877352218526486,0.0,0.0006169210558785318
boxcar_hanning_decimated,5,6,3,0,5,2,192,192,False,7.674243030810713e-26,0.10513969490410367,1.0000000000000004,0.09950940887410598,0.0,0.0006169210558785318
boxcar_hanning_decimated,6,6,3,0.5,2,2,192,192,False,7.190694498360346e-25,0.04512678851650755,0.9999999999999998,0.23184430430461558,0.0,0.0006169210558785318
boxcar_hanning_decimated,7,6,3,0.5,5,2,192,192,True,0.10766039803983982,0.11281697129126882,1.0000000000000002,0.19374507156370913,0.10100734984186284,0.0007040157931790305
boxcar_hanning_decimated,8,6,6,0,2,2,192,192,False,3.767210171338624e-20,0.08141864784322295,0.9999999999999593,0.12850113783831485,0.0,0.0006169210558785318
boxcar_hanning_decimated,9,6,6,0,5,2,192,192,False,0.12656088251230826,0.20354661960805734,0.9999999999999593,0.23645357018188398,0.18505311504655803,0.001749152640785014
boxcar_hanning_decimated,10,6,6,0.5,2,2,192,192,False,6.942812080032279e-20,0.08296608655007377,0.9999999999999801,0.12610440390962258,0.0,0.0006169210558785318
boxcar_hanning_decimated,11,6,6,0.5,5,2,192,192,True,0.3212960370988329,0.20741521637518442,0.99999999999998,0.4238089139746613,0.3733671524108123,0.0027725158040658726
boxcar_hanning_decimated,12,30,1,0,2,2,192,192,False,0.0,0.03548050184368297,1.0,0.29487713942732624,0.0,0.0006169210558785318
boxcar_hanning_decimated,13,30,1,0,5,2,192,192,False,0.0,0.0887012546092074,1.0000000000000002,0.11795085577093052,0.0,0.0006169210558785318
boxcar_hanning_decimated,14,30,1,0.5,2,2,192,192,False,0.0,0.05052300719490443,1.0000000000000002,0.20708167367690672,0.0,0.0006169210558785318
boxcar_hanning_decimated,15,30,1,0.5,5,2,192,192,False,0.0,0.12630751798726103,1.0000000000000004,0.0828326694707627,0.0,0.0006169210558785318
boxcar_hanning_decimated,16,30,3,0,2,2,192,192,False,3.106188570174287e-14,0.08087607337753415,1.0000000000000002,0.12936321525248498,3.1050417219590204e-14,0.0006169210558785318
boxcar_hanning_decimated,17,30,3,0,5,2,192,192,False,3.1061885701742865e-14,0.20219018344383538,0.9999999999999999,0.05174528610101262,3.1054107108742857e-14,0.0006169210558785318
boxcar_hanning_decimated,18,30,3,0.5,2,2,192,192,False,2.910469862988231e-13,0.08678162569052406,1.0000000000000002,0.12055995501221506,2.9104195191458294e-13,0.0006169210558785318
boxcar_hanning_decimated,19,30,3,0.5,5,2,192,192,True,0.054246566497181396,0.2169540642263101,1.0000000000000002,0.14630367257126659,0.09807969056649697,0.0016620579034845153
boxcar_hanning_decimated,20,30,6,0,2,2,192,192,False,1.522522949585803e-08,0.15657313213801,0.999999999999959,0.06682111502854203,1.5225229488908753e-08,0.0006169210558785318
boxcar_hanning_decimated,21,30,6,0,5,2,192,192,False,0.07101336238652096,0.39143283034502496,0.999999999999959,0.16447736050152403,0.137748920580199,0.003411210544269529
boxcar_hanning_decimated,22,30,6,0.5,2,2,192,192,False,2.8026212386627163e-08,0.15954895317583617,0.9999999999999803,0.06557481670928691,2.8026212384293753e-08,0.0006169210558785318
boxcar_hanning_decimated,23,30,6,0.5,5,2,192,192,True,0.1531456955805056,0.39887238293959043,0.9999999999999803,0.2568673483881558,0.23063743291492594,0.005167621079829585
boxcar_hanning_decimated,0,6,1,0,2,3,224,224,False,0.0,0.018450001257976766,0.9999999999999997,0.763616668687663,0.0,0.0007838526357044876
boxcar_hanning_decimated,1,6,1,0,5,3,224,224,False,0.0,0.0461250031449419,0.9999999999999999,0.30544666747506527,0.0,0.0007838526357044876
boxcar_hanning_decimated,2,6,1,0.5,2,3,224,224,False,0.0,0.02627216352264527,1.0000000000000002,0.5362606884566489,0.0,0.0007838526357044876
boxcar_hanning_decimated,3,6,1,0.5,5,3,224,224,False,0.0,0.06568040880661319,0.9999999999999998,0.2145042753826595,0.0,0.0007838526357044876
boxcar_hanning_decimated,4,6,3,0,2,3,224,224,False,-2.7612371997983093e-27,0.04205587796164148,1.0000000000000002,0.3350002230544211,0.0,0.0007838526357044876
boxcar_hanning_decimated,5,6,3,0,5,3,224,224,True,0.7326232661134374,0.10513969490410367,1.0000000000000004,1.00828355691457,0.8742834676928016,0.0031426684375929917
boxcar_hanning_decimated,6,6,3,0.5,2,3,224,224,False,-2.5872536302984524e-26,0.04512678851650755,0.9999999999999998,0.3122032158957134,0.0,0.0007838526357044876
boxcar_hanning_decimated,7,6,3,0.5,5,3,224,224,True,0.7139520525940612,0.11281697129126882,1.0000000000000002,1.017940234967311,0.8930589486090255,0.0035055631763450694
boxcar_hanning_decimated,8,6,6,0,2,3,224,224,False,-1.3534172257049197e-21,0.08141864784322295,0.9999999999999593,0.17304056099074744,0.0,0.0007838526357044876
boxcar_hanning_decimated,9,6,6,0,5,3,224,224,True,0.6728322892298473,0.20354661960805734,0.9999999999999593,0.8171461450075101,0.7479299206112112,0.0054252763443435595
boxcar_hanning_decimated,10,6,6,0.5,2,3,224,224,False,-2.4912990366097114e-21,0.08296608655007377,0.9999999999999801,0.16981310175931014,0.0,0.0007838526357044876
boxcar_hanning_decimated,11,6,6,0.5,5,3,224,224,True,0.6559377562246491,0.20741521637518442,0.99999999999998,0.7844891299161681,0.7165638892124441,0.005261973711905125
boxcar_hanning_decimated,12,30,1,0,2,3,224,224,False,0.0,0.03548050184368297,1.0,0.3970836872592826,0.0,0.0007838526357044876
boxcar_hanning_decimated,13,30,1,0,5,3,224,224,False,0.0,0.0887012546092074,1.0000000000000002,0.15883347490371308,0.0,0.0007838526357044876
boxcar_hanning_decimated,14,30,1,0.5,2,3,224,224,False,0.0,0.05052300719490443,1.0000000000000002,0.2788576785136485,0.0,0.0007838526357044876
boxcar_hanning_decimated,15,30,1,0.5,5,3,224,224,False,0.01683624570564672,0.12630751798726103,1.0000000000000004,0.13642436342957154,0.02488129202411211,0.0009907026367931718
boxcar_hanning_decimated,16,30,3,0,2,3,224,224,False,1.5583037622495716e-12,0.08087607337753415,1.0000000000000002,0.17420144066908944,1.5583139869491784e-12,0.0007838526357044876
boxcar_hanning_decimated,17,30,3,0,5,3,224,224,True,0.432190852046177,0.20219018344383538,0.9999999999999999,0.5909473554309516,0.521266779163939,0.0057627684513829915
boxcar_hanning_decimated,18,30,3,0.5,2,3,224,224,False,1.4601161632482848e-11,0.08678162569052406,1.0000000000000002,0.16234690681422567,1.46011691223295e-11,0.0007838526357044876
boxcar_hanning_decimated,19,30,3,0.5,5,3,224,224,True,0.43122766941999857,0.2169540642263101,1.0000000000000002,0.5617943398086688,0.49685557708881894,0.0057482526618329085
boxcar_hanning_decimated,20,30,6,0,2,3,224,224,False,7.638007900456375e-07,0.15657313213801,0.999999999999959,0.08998253976399315,7.638007900569919e-07,0.0007838526357044876
boxcar_hanning_decimated,21,30,6,0,5,3,224,224,True,0.44291849465947675,0.39143283034502496,0.999999999999959,0.5415830911192299,0.5055903807339487,0.010709023740573809
boxcar_hanning_decimated,22,30,6,0.5,2,3,224,224,False,1.4059642039884206e-06,0.15954895317583617,0.9999999999999803,0.0883048903648347,1.4059642039890084e-06,0.0007838526357044876
boxcar_hanning_decimated,23,30,6,0.5,5,3,224,224,True,0.44498888750276466,0.39887238293959043,0.9999999999999803,0.5362007593265439,0.5008793655662916,0.010868697425624723
boxcar_hanning_decimated,0,6,1,0,2,4,320,128,False,0.0,0.018450001257976766,0.9999999999999997,0.0771252239080652,0.0,9.798157946306095e-05
boxcar_hanning_decimated,1,6,1,0,5,4,320,128,False,0.0,0.0461250031449419,0.9999999999999999,0.030850089563226088,0.0,9.798157946306095e-05
boxcar_hanning_decimated,2,6,1,0.5,2,4,320,128,False,0.0,0.02627216352264527,1.0000000000000002,0.05416228765853345,0.0,9.798157946306095e-05
boxcar_hanning_decimated,3,6,1,0.5,5,4,320,128,False,0.0,0.06568040880661319,0.9999999999999998,0.02166491506341338,0.0,9.798157946306095e-05
boxcar_hanning_decimated,4,6,3,0,2,4,320,128,False,0.0,0.04205587796164148,1.0000000000000002,0.03383499636895949,0.0,9.798157946306095e-05
boxcar_hanning_decimated,5,6,3,0,5,4,320,128,False,0.0,0.10513969490410367,1.0000000000000004,0.013533998547583798,0.0,9.798157946306095e-05
boxcar_hanning_decimated,6,6,3,0.5,2,4,320,128,False,0.0,0.04512678851650755,0.9999999999999998,0.0315325004261054,0.0,9.798157946306095e-05
boxcar_hanning_decimated,7,6,3,0.5,5,4,320,128,False,0.0,0.11281697129126882,1.0000000000000002,0.012613000170442167,0.0,9.798157946306095e-05
boxcar_hanning_decimated,8,6,6,0,2,4,320,128,False,-1.0617966396796557e-30,0.08141864784322295,0.9999999999999593,0.017477083147653696,0.0,9.798157946306095e-05
boxcar_hanning_decimated,9,6,6,0,5,4,320,128,False,-1.0617966396796557e-30,0.20354661960805734,0.9999999999999593,0.006990833259061479,0.0,9.798157946306095e-05
boxcar_hanning_decimated,10,6,6,0.5,2,4,320,128,False,-2.6638890004112632e-31,0.08296608655007377,0.9999999999999801,0.017151110017304745,0.0,9.798157946306095e-05
boxcar_hanning_decimated,11,6,6,0.5,5,4,320,128,False,-2.6638890004112632e-31,0.20741521637518442,0.99999999999998,0.006860444006921898,0.0,9.798157946306095e-05
boxcar_hanning_decimated,12,30,1,0,2,4,320,128,False,0.0,0.03548050184368297,1.0,0.0401054214056696,0.0,9.798157946306095e-05
boxcar_hanning_decimated,13,30,1,0,5,4,320,128,False,0.0,0.0887012546092074,1.0000000000000002,0.016042168562267842,0.0,9.798157946306095e-05
boxcar_hanning_decimated,14,30,1,0.5,2,4,320,128,False,0.0,0.05052300719490443,1.0000000000000002,0.02816460375440711,0.0,9.798157946306095e-05
boxcar_hanning_decimated,15,30,1,0.5,5,4,320,128,False,0.0,0.12630751798726103,1.0000000000000004,0.011265841501762847,0.0,9.798157946306095e-05
boxcar_hanning_decimated,16,30,3,0,2,4,320,128,False,0.0,0.08087607337753415,1.0000000000000002,0.017594331904357937,0.0,9.798157946306095e-05
boxcar_hanning_decimated,17,30,3,0,5,4,320,128,False,0.0,0.20219018344383538,0.9999999999999999,0.007037732761743174,0.0,9.798157946306095e-05
boxcar_hanning_decimated,18,30,3,0.5,2,4,320,128,False,0.0,0.08678162569052406,1.0000000000000002,0.016397024909397612,0.0,9.798157946306095e-05
boxcar_hanning_decimated,19,30,3,0.5,5,4,320,128,False,0.004740772165935111,0.2169540642263101,1.0000000000000002,0.009929358765264336,0.003370548801505289,0.00014152894811331025
boxcar_hanning_decimated,20,30,6,0,2,4,320,128,False,2.224455645485543e-17,0.15657313213801,0.999999999999959,0.009088152345775969,2.26333977851587e-17,9.798157946306095e-05
boxcar_hanning_decimated,21,30,6,0,5,4,320,128,False,2.2244556454855432e-17,0.39143283034502496,0.999999999999959,0.0036352609383104007,2.1918658907732635e-17,9.798157946306095e-05
boxcar_hanning_decimated,22,30,6,0.5,2,4,320,128,False,5.580826595664741e-18,0.15954895317583617,0.9999999999999803,0.008918645029010774,7.014079533074165e-18,9.798157946306095e-05
boxcar_hanning_decimated,23,30,6,0.5,5,4,320,128,False,0.01046418583271262,0.39887238293959043,0.9999999999999803,0.013295176196699393,0.009727718185095087,0.00030483158055174517
boxcar_hanning_decimated,0,6,1,0,2,5,512,96,False,0.0,0.018450001257976766,0.9999999999999997,0.03639556251975252,0.0,0.0001197552637881856
boxcar_hanning_decimated,1,6,1,0,5,5,512,96,False,0.0,0.0461250031449419,0.9999999999999999,0.01455822500790101,0.0,0.0001197552637881856
boxcar_hanning_decimated,2,6,1,0.5,2,5,512,96,False,0.0,0.02627216352264527,1.0000000000000002,0.02555930247980562,0.0,0.0001197552637881856
boxcar_hanning_decimated,3,6,1,0.5,5,5,512,96,False,0.0,0.06568040880661319,0.9999999999999998,0.010223720991922246,0.0,0.0001197552637881856
boxcar_hanning_decimated,4,6,3,0,2,5,512,96,False,7.358616718795853e-26,0.04205587796164148,1.0000000000000002,0.01596680908401601,0.0,0.0001197552637881856
boxcar_hanning_decimated,5,6,3,0,5,5,512,96,False,0.2461038552417268,0.10513969490410367,1.0000000000000004,0.313053478129248,0.3066667544956416,0.0007076447405665512
boxcar_hanning_decimated,6,6,3,0.5,2,5,512,96,False,5.13753400482834e-25,0.04512678851650755,0.9999999999999998,0.014880256192584354,0.0,0.0001197552637881856
boxcar_hanning_decimated,7,6,3,0.5,5,5,512,96,False,0.24853135387417055,0.11281697129126882,1.0000000000000002,0.29793007187271453,0.29197796939568077,0.0007294184248916759
boxcar_hanning_decimated,8,6,6,0,2,5,512,96,False,1.533992715348042e-21,0.08141864784322295,0.9999999999999593,0.008247473914909773,0.0,0.0001197552637881856
boxcar_hanning_decimated,9,6,6,0,5,5,512,96,True,0.3405347531529851,0.20354661960805734,0.9999999999999593,0.43885342712834585,0.43555443756238194,0.00201043685268651
boxcar_hanning_decimated,10,6,6,0.5,2,5,512,96,False,2.6229262839476038e-21,0.08296608655007377,0.9999999999999801,0.008093646478901071,0.0,0.0001197552637881856
boxcar_hanning_decimated,11,6,6,0.5,5,5,512,96,True,0.33328912239676073,0.20741521637518442,0.99999999999998,0.3900940088916233,0.3868565503000629,0.001295534217344917
boxcar_hanning_decimated,12,30,1,0,2,5,512,96,False,0.0,0.03548050184368297,1.0,0.018925836427924177,0.0,0.0001197552637881856
boxcar_hanning_decimated,13,30,1,0,5,5,512,96,False,0.0296385574600152,0.0887012546092074,1.0000000000000002,0.07431412040586632,0.06674378583469666,0.00041370000217736845
boxcar_hanning_decimated,14,30,1,0.5,2,5,512,96,False,0.0,0.05052300719490443,1.0000000000000002,0.013290938357721726,0.0,0.0001197552637881856
boxcar_hanning_decimated,15,30,1,0.5,5,5,512,96,False,0.0,0.12630751798726103,1.0000000000000004,0.005316375343088692,0.0,0.0001197552637881856
boxcar_hanning_decimated,16,30,3,0,2,5,512,96,False,1.6025588289306273e-13,0.08087607337753415,1.0000000000000002,0.008302803860822655,1.6025534517087892e-13,0.0001197552637881856
boxcar_hanning_decimated,17,30,3,0,5,5,512,96,False,0.13344935683025402,0.20219018344383538,0.9999999999999999,0.20931631164733341,0.20599519010306847,0.00168383158780964
boxcar_hanning_decimated,18,30,3,0.5,2,5,512,96,False,1.1188516528302408e-12,0.08678162569052406,1.0000000000000002,0.007737792061720097,1.1188520839983284e-12,0.0001197552637881856
boxcar_hanning_decimated,19,30,3,0.5,5,5,512,96,False,0.12068583229558796,0.2169540642263101,1.0000000000000002,0.16828824170167955,0.16519312487743906,0.0015459315870838505
boxcar_hanning_decimated,20,30,6,0,2,5,512,96,False,3.340727887526061e-09,0.15657313213801,0.999999999999959,0.004288722389167948,3.3407278880153685e-09,0.0001197552637881856
boxcar_hanning_decimated,21,30,6,0,5,5,512,96,True,0.19889444271382364,0.39143283034502496,0.999999999999959,0.310260266393661,0.308544778774285,0.00477206581458982
boxcar_hanning_decimated,22,30,6,0.5,2,5,512,96,False,5.712206514469377e-09,0.15954895317583617,0.9999999999999803,0.004208733885647798,5.7122065135808645e-09,0.0001197552637881856
boxcar_hanning_decimated,23,30,6,0.5,5,5,512,96,True,0.17336043362221634,0.39887238293959043,0.9999999999999803,0.24558151533531472,0.24389802406593822,0.003853942125547064
boxcar_hanning_decimated,0,6,1,0,2,6,640,96,False,1.017012721900668e-18,0.018450001257976766,0.9999999999999997,0.6406059955247833,0.0,0.0010777973740936705
boxcar_hanning_decimated,1,6,1,0,5,6,640,96,False,1.0170127219006682e-18,0.0461250031449419,0.9999999999999999,0.25624239820991335,0.0,0.0010777973740936705
boxcar_hanning_decimated,2,6,1,0.5,2,6,640,96,False,1.2944189187236647e-19,0.02627216352264527,1.0000000000000002,0.44987469011115794,0.0,0.0010777973740936705
boxcar_hanning_decimated,3,6,1,0.5,5,6,640,96,False,1.2944189187236642e-19,0.06568040880661319,0.9999999999999998,0.17994987604446316,0.0,0.0010777973740936705
boxcar_hanning_decimated,4,6,3,0,2,6,640,96,False,2.2260961693903003e-18,0.04205587796164148,1.0000000000000002,0.2810351845247364,0.0,0.0010777973740936705
boxcar_hanning_decimated,5,6,3,0,5,6,640,96,False,0.0010355945114113826,0.10513969490410367,1.0000000000000004,0.23431309652913315,0.12189902271923855,0.0019378579049360942
boxcar_hanning_decimated,6,6,3,0.5,2,6,640,96,False,1.4104286091964742e-18,0.04512678851650755,0.9999999999999998,0.261910537218402,0.0,0.0010777973740936705
boxcar_hanning_decimated,7,6,3,0.5,5,6,640,96,False,5.322929649375645e-05,0.11281697129126882,1.0000000000000002,0.17499278210244806,0.0702285672150872,0.0015568184292464127
boxcar_hanning_decimated,8,6,6,0,2,6,640,96,False,0.11916869630459317,0.08141864784322295,0.9999999999999593,0.3634043609875337,0.218238827827878,0.002427765802251399
boxcar_hanning_decimated,9,6,6,0,5,6,640,96,False,0.44052279881107526,0.20354661960805734,0.9999999999999593,0.7197228748280683,0.661656661564206,0.007475631618292798
boxcar_hanning_decimated,10,6,6,0.5,2,6,640,96,False,0.02956357518787024,0.08296608655007377,0.9999999999999801,0.18702487001238607,0.04456688609667734,0.0014806105341084765
boxcar_hanning_decimated,11,6,6,0.5,5,6,640,96,False,0.5641538147473079,0.20741521637518442,0.99999999999998,0.819817475813996,0.7628342822477124,0.0077913500410071055
boxcar_hanning_decimated,12,30,1,0,2,6,640,96,False,3.1924294507391493e-07,0.03548050184368297,1.0,0.34336145124380546,0.010243800445863802,0.0010886842162562327
boxcar_hanning_decimated,13,30,1,0,5,6,640,96,False,3.19242945073915e-07,0.0887012546092074,1.0000000000000002,0.13734477204328924,0.004097711724112549,0.0010886842162562327
boxcar_hanning_decimated,14,30,1,0.5,2,6,640,96,False,4.0178442952466096e-08,0.05052300719490443,1.0000000000000002,0.23393665795941598,4.017844293468169e-08,0.0010777973740936705
boxcar_hanning_decimated,15,30,1,0.5,5,6,640,96,False,4.01784429524661e-08,0.12630751798726103,1.0000000000000004,0.09357468729083221,4.017844296421516e-08,0.0010777973740936705
boxcar_hanning_decimated,16,30,3,0,2,6,640,96,False,0.015205817543817546,0.08087607337753415,1.0000000000000002,0.2734104599243971,0.1272710526842967,0.0016439131665469113
boxcar_hanning_decimated,17,30,3,0,5,6,640,96,False,0.03681242596892479,0.20219018344383538,0.9999999999999999,0.18912536314490316,0.13066960024886298,0.002514860539551898
boxcar_hanning_decimated,18,30,3,0.5,2,6,640,96,False,0.000299983019682424,0.08678162569052406,1.0000000000000002,0.14473349819864195,0.008538983181734617,0.0011104579005813573
boxcar_hanning_decimated,19,30,3,0.5,5,6,640,96,False,0.011652880687732107,0.2169540642263101,1.0000000000000002,0.1164727134988645,0.06199490749210156,0.0018072157989853462
boxcar_hanning_decimated,20,30,6,0,2,6,640,96,False,0.12176596587511107,0.15657313213801,0.999999999999959,0.3835510564083778,0.30806440514255395,0.00472488949855205
boxcar_hanning_decimated,21,30,6,0,5,6,640,96,False,0.3117768130452172,0.39143283034502496,0.999999999999959,0.5429866086680676,0.512791948161738,0.011884802694130541
boxcar_hanning_decimated,22,30,6,0.5,2,6,640,96,False,0.07700493479571201,0.15954895317583617,0.9999999999999803,0.29055105475390197,0.21647233980129435,0.0038103947568968147
boxcar_hanning_decimated,23,30,6,0.5,5,6,640,96,False,0.33220760320378123,0.39887238293959043,0.9999999999999803,0.5815172480348185,0.5518857620537755,0.01267954217199759
boxcar_hanning_decimated,0,6,1,0,2,7,704,128,False,-3.733248734560612e-25,0.018450001257976766,0.9999999999999997,0.1731540718968544,0.0,0.00015241579027587258
boxcar_hanning_decimated,1,6,1,0,5,7,704,128,False,-3.7332487345606136e-25,0.0461250031449419,0.9999999999999999,0.06926162875874177,0.0,0.00015241579027587258
boxcar_hanning_decimated,2,6,1,0.5,2,7,704,128,False,-1.208245138125332e-22,0.02627216352264527,1.0000000000000002,0.12159991473740257,0.0,0.00015241579027587258
boxcar_hanning_decimated,3,6,1,0.5,5,7,704,128,False,-1.208245138125332e-22,0.06568040880661319,0.9999999999999998,0.048639965894961015,0.0,0.00015241579027587258
boxcar_hanning_decimated,4,6,3,0,2,7,704,128,False,-3.4543682135770753e-19,0.04205587796164148,1.0000000000000002,0.07596305199559959,0.0,0.00015241579027587258
boxcar_hanning_decimated,5,6,3,0,5,7,704,128,False,-3.4543682135770767e-19,0.10513969490410367,1.0000000000000004,0.030385220798239843,0.0,0.00015241579027587258
boxcar_hanning_decimated,6,6,3,0.5,2,7,704,128,False,-7.874947824724048e-19,0.04512678851650755,0.9999999999999998,0.07079371143710197,0.0,0.00015241579027587258
boxcar_hanning_decimated,7,6,3,0.5,5,7,704,128,False,-7.874947824724051e-19,0.11281697129126882,1.0000000000000002,0.028317484574840804,0.0,0.00015241579027587258
boxcar_hanning_decimated,8,6,6,0,2,7,704,128,False,-1.897031308875038e-18,0.08141864784322295,0.9999999999999593,0.03923785187973592,0.0,0.00015241579027587258
boxcar_hanning_decimated,9,6,6,0,5,7,704,128,False,-1.897031308875038e-18,0.20354661960805734,0.9999999999999593,0.01569514075189437,0.0,0.00015241579027587258
boxcar_hanning_decimated,10,6,6,0.5,2,7,704,128,False,-2.450787287767227e-18,0.08296608655007377,0.9999999999999801,0.03850600862549569,0.0,0.00015241579027587258
boxcar_hanning_decimated,11,6,6,0.5,5,7,704,128,False,0.07485161255628357,0.20741521637518442,0.99999999999998,0.08823043211630327,0.072828028666105,0.00029394473838918284
boxcar_hanning_decimated,12,30,1,0,2,7,704,128,False,3.826599244282035e-14,0.03548050184368297,1.0,0.09004080208326903,3.826969668209058e-14,0.00015241579027587258
boxcar_hanning_decimated,13,30,1,0,5,7,704,128,False,3.826599244282036e-14,0.0887012546092074,1.0000000000000002,0.03601632083333058,3.8269696682090584e-14,0.00015241579027587258
boxcar_hanning_decimated,14,30,1,0.5,2,7,704,128,False,1.2384575101187306e-11,0.05052300719490443,1.0000000000000002,0.06323243651396653,1.2384571876350607e-11,0.00015241579027587258
boxcar_hanning_decimated,15,30,1,0.5,5,7,704,128,False,1.238457510118731e-11,0.12630751798726103,1.0000000000000004,0.02529297461301737,1.2384577783040698e-11,0.00015241579027587258
boxcar_hanning_decimated,16,30,3,0,2,7,704,128,False,3.540745269174164e-08,0.08087607337753415,1.0000000000000002,0.03950112282310594,3.540745268932617e-08,0.00015241579027587258
boxcar_hanning_decimated,17,30,3,0,5,7,704,128,False,3.540745269174164e-08,0.20219018344383538,0.9999999999999999,0.01580047037371399,3.540745269393853e-08,0.00015241579027587258
boxcar_hanning_decimated,18,30,3,0.5,2,7,704,128,False,8.0718622137017e-08,0.08678162569052406,1.0000000000000002,0.036813090602920734,8.071862214137221e-08,0.00015241579027587258
boxcar_hanning_decimated,19,30,3,0.5,5,7,704,128,False,8.071862213701703e-08,0.2169540642263101,1.0000000000000002,0.014725284672341576,8.071862213793343e-08,0.00015241579027587258
boxcar_hanning_decimated,20,30,6,0,2,7,704,128,False,2.0251936673699772e-07,0.15657313213801,0.999999999999959,0.020380821089756612,-2.3017044520660345e-05,0.00016330263243843492
boxcar_hanning_decimated,21,30,6,0,5,7,704,128,False,0.004554912686539495,0.39143283034502496,0.999999999999959,0.012976255990096122,0.004814720736385213,0.00029394473838918284
boxcar_hanning_decimated,22,30,6,0.5,2,7,704,128,False,2.616361085890741e-07,0.15954895317583617,0.9999999999999803,0.020000751899176782,-2.2524848994337035e-05,0.00016330263243843492
boxcar_hanning_decimated,23,30,6,0.5,5,7,704,128,False,0.02171165624704627,0.39887238293959043,0.9999999999999803,0.03182670117780085,0.0238173904785324,0.0004899078973153047
boxcar_hanning_decimated,0,6,1,0,2,8,768,160,False,0.0,0.018450001257976766,0.9999999999999997,0.0,0.0,0.0
boxcar_hanning_decimated,1,6,1,0,5,8,768,160,False,0.0,0.0461250031449419,0.9999999999999999,0.0,0.0,0.0
boxcar_hanning_decimated,2,6,1,0.5,2,8,768,160,False,0.0,0.02627216352264527,1.0000000000000002,0.0,0.0,0.0
boxcar_hanning_decimated,3,6,1,0.5,5,8,768,160,False,0.0,0.06568040880661319,0.9999999999999998,0.0,0.0,0.0
boxcar_hanning_decimated,4,6,3,0,2,8,768,160,False,0.0,0.04205587796164148,1.0000000000000002,0.0,0.0,0.0
boxcar_hanning_decimated,5,6,3,0,5,8,768,160,False,0.0,0.10513969490410367,1.0000000000000004,0.0,0.0,0.0
boxcar_hanning_decimated,6,6,3,0.5,2,8,768,160,False,0.0,0.04512678851650755,0.9999999999999998,0.0,0.0,0.0
boxcar_hanning_decimated,7,6,3,0.5,5,8,768,160,False,0.0,0.11281697129126882,1.0000000000000002,0.0,0.0,0.0
boxcar_hanning_decimated,8,6,6,0,2,8,768,160,False,0.0,0.08141864784322295,0.9999999999999593,0.0,0.0,0.0
boxcar_hanning_decimated,9,6,6,0,5,8,768,160,False,0.08099473904718334,0.20354661960805734,0.9999999999999593,0.0952456497283574,0.0952456497283574,0.0003157184227143075
boxcar_hanning_decimated,10,6,6,0.5,2,8,768,160,False,0.0,0.08296608655007377,0.9999999999999801,0.0,0.0,0.0
boxcar_hanning_decimated,11,6,6,0.5,5,8,768,160,False,0.25833361364579194,0.20741521637518442,0.99999999999998,0.2774927449709792,0.2774927449709792,0.0012483579013071468
boxcar_hanning_decimated,12,30,1,0,2,8,768,160,False,0.0,0.03548050184368297,1.0,0.0,0.0,0.0
boxcar_hanning_decimated,13,30,1,0,5,8,768,160,False,0.0,0.0887012546092074,1.0000000000000002,0.0,0.0,0.0
boxcar_hanning_decimated,14,30,1,0.5,2,8,768,160,False,0.0,0.05052300719490443,1.0000000000000002,0.0,0.0,0.0
boxcar_hanning_decimated,15,30,1,0.5,5,8,768,160,False,0.0,0.12630751798726103,1.0000000000000004,0.0,0.0,0.0
boxcar_hanning_decimated,16,30,3,0,2,8,768,160,False,0.0,0.08087607337753415,1.0000000000000002,0.0,0.0,0.0
boxcar_hanning_decimated,17,30,3,0,5,8,768,160,False,0.0,0.20219018344383538,0.9999999999999999,0.0,0.0,0.0
boxcar_hanning_decimated,18,30,3,0.5,2,8,768,160,False,0.0,0.08678162569052406,1.0000000000000002,0.0,0.0,0.0
boxcar_hanning_decimated,19,30,3,0.5,5,8,768,160,False,0.0,0.2169540642263101,1.0000000000000002,0.0,0.0,0.0
boxcar_hanning_decimated,20,30,6,0,2,8,768,160,False,0.0,0.15657313213801,0.999999999999959,0.0,0.0,0.0
boxcar_hanning_decimated,21,30,6,0,5,8,768,160,False,0.016757336818485655,0.39143283034502496,0.999999999999959,0.023728156213033966,0.023728156213033966,0.0004971657920903463
boxcar_hanning_decimated,22,30,6,0.5,2,8,768,160,False,0.0,0.15954895317583617,0.9999999999999803,0.0,0.0,0.0
boxcar_hanning_decimated,23,30,6,0.5,5,8,768,160,False,0.07326684400940546,0.39887238293959043,0.9999999999999803,0.08833520797044744,0.08833520797044744,0.001876165799348241
boxcar_hanning_decimated,0,6,1,0,2,9,832,192,False,0.0,0.018450001257976766,0.9999999999999997,1.0595235064284585,0.0,0.0011431184270690445
boxcar_hanning_decimated,1,6,1,0,5,9,832,192,False,0.0,0.0461250031449419,0.9999999999999999,0.4238094025713835,0.0,0.0011431184270690445
boxcar_hanning_decimated,2,6,1,0.5,2,9,832,192,False,0.0,0.02627216352264527,1.0000000000000002,0.7440654824491881,0.0,0.0011431184270690445
boxcar_hanning_decimated,3,6,1,0.5,5,9,832,192,False,0.0,0.06568040880661319,0.9999999999999998,0.2976261929796752,0.0,0.0011431184270690445
boxcar_hanning_decimated,4,6,3,0,2,9,832,192,False,-4.9484594573578964e-21,0.04205587796164148,1.0000000000000002,0.46481516910170406,0.0,0.0011431184270690445
boxcar_hanning_decimated,5,6,3,0,5,9,832,192,False,0.14591652457764023,0.10513969490410367,1.0000000000000004,0.3526787145655162,0.1667526469248345,0.0013826289546454156
boxcar_hanning_decimated,6,6,3,0.5,2,9,832,192,False,-1.093473664164247e-21,0.04512678851650755,0.9999999999999998,0.43318416109558083,0.0,0.0011431184270690445
boxcar_hanning_decimated,7,6,3,0.5,5,9,832,192,False,0.13620195283777822,0.11281697129126882,1.0000000000000002,0.3278394968382771,0.1545658324000447,0.0013390815859951662
boxcar_hanning_decimated,8,6,6,0,2,9,832,192,False,-7.158294898891716e-19,0.08141864784322295,0.9999999999999593,0.2400949972063206,0.0,0.0011431184270690445
boxcar_hanning_decimated,9,6,6,0,5,9,832,192,False,0.1811418514631277,0.20354661960805734,0.9999999999999593,0.3033606170552652,0.20732261817273695,0.002638244750727604
boxcar_hanning_decimated,10,6,6,0.5,2,9,832,192,False,-4.655492785368866e-19,0.08296608655007377,0.9999999999999801,0.23561687478971047,0.0,0.0011431184270690445
boxcar_hanning_decimated,11,6,6,0.5,5,9,832,192,False,0.4280013592410032,0.20741521637518442,0.99999999999998,0.6022553040124119,0.5080085540965278,0.003400323702106967
boxcar_hanning_decimated,12,30,1,0,2,9,832,192,False,0.0,0.03548050184368297,1.0,0.5509564129781728,0.0,0.0011431184270690445
boxcar_hanning_decimated,13,30,1,0,5,9,832,192,False,0.0,0.0887012546092074,1.0000000000000002,0.22038256519126914,0.0,0.0011431184270690445
boxcar_hanning_decimated,14,30,1,0.5,2,9,832,192,False,0.0,0.05052300719490443,1.0000000000000002,0.3869169931047291,0.0,0.0011431184270690445
boxcar_hanning_decimated,15,30,1,0.5,5,9,832,192,False,0.0,0.12630751798726103,1.0000000000000004,0.15476679724189168,0.0,0.0011431184270690445
boxcar_hanning_decimated,16,30,3,0,2,9,832,192,False,6.103068863596584e-08,0.08087607337753415,1.0000000000000002,0.24170578696533992,6.103068865445162e-08,0.0011431184270690445
boxcar_hanning_decimated,17,30,3,0,5,9,832,192,False,0.08462499071250938,0.20219018344383538,0.9999999999999999,0.20706147357617985,0.11037918320231933,0.00201043685268651
boxcar_hanning_decimated,18,30,3,0.5,2,9,832,192,False,1.3486106394184455e-08,0.08678162569052406,1.0000000000000002,0.2252574901802258,1.3486106403857345e-08,0.0011431184270690445
boxcar_hanning_decimated,19,30,3,0.5,5,9,832,192,False,0.07600003887017734,0.2169540642263101,1.0000000000000002,0.18443046296366836,0.09432747228602058,0.0018326184306979916
boxcar_hanning_decimated,20,30,6,0,2,9,832,192,False,8.936679219845233e-06,0.15657313213801,0.999999999999959,0.12480191719042259,-4.84307558036978e-05,0.0011540052692316067
boxcar_hanning_decimated,21,30,6,0,5,9,832,192,False,0.1697642745083264,0.39143283034502496,0.999999999999959,0.25754571361804807,0.20760557443955757,0.005693818451020097
boxcar_hanning_decimated,22,30,6,0.5,2,9,832,192,False,5.812088803380646e-06,0.15954895317583617,0.9999999999999803,0.1224712212221545,-5.048535975750379e-05,0.0011540052692316067
boxcar_hanning_decimated,23,30,6,0.5,5,9,832,192,False,0.24387598600278967,0.39887238293959043,0.9999999999999803,0.36652150867445177,0.31751282604168696,0.007711513198481648
boxcar_hanning_decimated,0,6,1,0,2,10,864,320,False,0.0,0.018450001257976766,0.9999999999999997,2.4572128629713945,0.0,0.002652760540277687
boxcar_hanning_decimated,1,6,1,0,5,10,864,320,False,0.0,0.0461250031449419,0.9999999999999999,0.9828851451885581,0.0,0.002652760540277687
boxcar_hanning_decimated,2,6,1,0.5,2,10,864,320,False,0.0,0.02627216352264527,1.0000000000000002,1.7256127525950407,0.0,0.002652760540277687
boxcar_hanning_decimated,3,6,1,0.5,5,10,864,320,False,0.0,0.06568040880661319,0.9999999999999998,0.6902451010380161,0.0,0.002652760540277687
boxcar_hanning_decimated,4,6,3,0,2,10,864,320,False,2.943013134005989e-23,0.04205587796164148,1.0000000000000002,1.077984400998329,0.0,0.002652760540277687
boxcar_hanning_decimated,5,6,3,0,5,10,864,320,True,0.6469415513500658,0.10513969490410367,1.0000000000000004,1.1721894505494326,0.7409956901501007,0.003578142124095485
boxcar_hanning_decimated,6,6,3,0.5,2,10,864,320,False,4.876604289047241e-24,0.04512678851650755,0.9999999999999998,1.0046267838526775,0.0,0.002652760540277687
boxcar_hanning_decimated,7,6,3,0.5,5,10,864,320,True,0.7056107834956777,0.11281697129126882,1.0000000000000002,1.2060552681149856,0.8042045545739145,0.003799507914734252
boxcar_hanning_decimated,8,6,6,0,2,10,864,320,False,4.4306932236940656e-07,0.08141864784322295,0.9999999999999593,0.5568210439252255,4.430693181811251e-07,0.002652760540277687
boxcar_hanning_decimated,9,6,6,0,5,10,864,320,True,0.6378951097783142,0.20354661960805734,0.9999999999999593,0.9462598086070784,0.7235315682647154,0.0056103526611071194
boxcar_hanning_decimated,10,6,6,0.5,2,10,864,320,False,1.6140805846633111e-07,0.08296608655007377,0.9999999999999801,0.5464352446824365,1.614080572293612e-07,0.002652760540277687
boxcar_hanning_decimated,11,6,6,0.5,5,10,864,320,True,0.6638719667296864,0.20741521637518442,0.99999999999998,1.0147763738700952,0.7962023405603436,0.006717181614300956
boxcar_hanning_decimated,12,30,1,0,2,10,864,320,False,0.0,0.03548050184368297,1.0,1.2777604052128302,0.0,0.002652760540277687
boxcar_hanning_decimated,13,30,1,0,5,10,864,320,False,0.0,0.0887012546092074,1.0000000000000002,0.5111041620851322,0.0,0.002652760540277687
boxcar_hanning_decimated,14,30,1,0.5,2,10,864,320,False,0.0,0.05052300719490443,1.0000000000000002,0.8973254548773436,0.0,0.002652760540277687
boxcar_hanning_decimated,15,30,1,0.5,5,10,864,320,False,0.0,0.12630751798726103,1.0000000000000004,0.35893018195093757,0.0,0.002652760540277687
boxcar_hanning_decimated,16,30,3,0,2,10,864,320,False,3.5491490630838566e-12,0.08087607337753415,1.0000000000000002,0.5605561511573005,3.5491567803725534e-12,0.002652760540277687
boxcar_hanning_decimated,17,30,3,0,5,10,864,320,True,0.21462799751871084,0.20219018344383538,0.9999999999999999,0.4897954682933809,0.2655730078318803,0.0044890079183631994
boxcar_hanning_decimated,18,30,3,0.5,2,10,864,320,False,5.881378968990941e-13,0.08678162569052406,1.0000000000000002,0.5224099001632357,5.881705612981659e-13,0.002652760540277687
boxcar_hanning_decimated,19,30,3,0.5,5,10,864,320,True,0.23112217549282738,0.2169540642263101,1.0000000000000002,0.4947934378919205,0.28582947782686147,0.0047357763407146125
boxcar_hanning_decimated,20,30,6,0,2,10,864,320,False,1.3196521600337314e-07,0.15657313213801,0.999999999999959,0.2895490462257934,1.3196521469254635e-07,0.002652760540277687
boxcar_hanning_decimated,21,30,6,0,5,10,864,320,True,0.2639260859765834,0.39143283034502496,0.999999999999959,0.4360167923147738,0.32019722661054234,0.007773205304069501
boxcar_hanning_decimated,22,30,6,0.5,2,10,864,320,False,5.346226591447761e-08,0.15954895317583617,0.9999999999999803,0.28414845751337425,5.3462265534726514e-08,0.002652760540277687
boxcar_hanning_decimated,23,30,6,0.5,5,10,864,320,True,0.318745277458318,0.39887238293959043,0.9999999999999803,0.5248740483792648,0.41121468675882134,0.009562276366117244
boxcar_hanning_decimated,0,6,1,0,2,11,928,384,False,0.0,0.018450001257976766,0.9999999999999997,1.0056313825271705,0.0,0.0014588368497833518
boxcar_hanning_decimated,1,6,1,0,5,11,928,384,False,0.0,0.0461250031449419,0.9999999999999999,0.4022525530108683,0.0,0.0014588368497833518
boxcar_hanning_decimated,2,6,1,0.5,2,11,928,384,False,0.0,0.02627216352264527,1.0000000000000002,0.706218970382652,0.0,0.0014588368497833518
boxcar_hanning_decimated,3,6,1,0.5,5,11,928,384,False,0.21696217660230332,0.06568040880661319,0.9999999999999998,0.678651316772152,0.3961637286190912,0.00243139474963892
boxcar_hanning_decimated,4,6,3,0,2,11,928,384,False,0.0018541420216584969,0.04205587796164148,1.0000000000000002,0.44611535614572445,0.0049427740488784955,0.0014697236919459142
boxcar_hanning_decimated,5,6,3,0,5,11,928,384,True,0.9263443244595893,0.10513969490410367,1.0000000000000004,1.6241888847433852,1.4477198519046468,0.007051044773952867
boxcar_hanning_decimated,6,6,3,0.5,2,11,928,384,False,0.07283474486330521,0.04512678851650755,0.9999999999999998,0.5598196437495685,0.1486691745354758,0.0017056052721347646
boxcar_hanning_decimated,7,6,3,0.5,5,11,928,384,True,0.9344453891580129,0.11281697129126882,1.0000000000000002,1.6092967480144897,1.4448365603288527,0.007417568460092465
boxcar_hanning_decimated,8,6,6,0,2,11,928,384,False,0.23760789557851306,0.08141864784322295,0.9999999999999593,0.7741716673991177,0.5462889800273747,0.002972107910379515
boxcar_hanning_decimated,9,6,6,0,5,11,928,384,True,0.934384374341633,0.20354661960805734,0.9999999999999593,1.5002185361169305,1.4090654611682334,0.013314607964813726
boxcar_hanning_decimated,10,6,6,0.5,2,11,928,384,False,0.3450607748513058,0.08296608655007377,0.9999999999999801,0.9629835593701642,0.7393512169974877,0.0037305579143713575
boxcar_hanning_decimated,11,6,6,0.5,5,11,928,384,True,0.9308106540719294,0.20741521637518442,0.99999999999998,1.5038274909619502,1.4143745540128796,0.014210957969531358
boxcar_hanning_decimated,12,30,1,0,2,11,928,384,False,0.0,0.03548050184368297,1.0,0.522932295445832,0.0,0.0014588368497833518
boxcar_hanning_decimated,13,30,1,0,5,11,928,384,False,0.00725670049956002,0.0887012546092074,1.0000000000000002,0.22122690469048334,0.012053986512150486,0.0015241579027587258
boxcar_hanning_decimated,14,30,1,0.5,2,11,928,384,False,0.0,0.05052300719490443,1.0000000000000002,0.3672366571750403,0.0,0.0014588368497833518
boxcar_hanning_decimated,15,30,1,0.5,5,11,928,384,False,0.1943295330040506,0.12630751798726103,1.0000000000000004,0.5230715029255215,0.37617684005550545,0.003545481597607798
boxcar_hanning_decimated,16,30,3,0,2,11,928,384,False,0.0013106461326601046,0.08087607337753415,1.0000000000000002,0.23530097875237946,0.005889491549278726,0.0014806105341084765
boxcar_hanning_decimated,17,30,3,0,5,11,928,384,True,0.6001117421610938,0.20219018344383538,0.9999999999999999,1.1577327770314056,1.0659681821501654,0.01150739216582838
boxcar_hanning_decimated,18,30,3,0.5,2,11,928,384,False,0.025747815470018587,0.08678162569052406,1.0000000000000002,0.29763476677969797,0.08383489699098108,0.0018035868515978255
boxcar_hanning_decimated,19,30,3,0.5,5,11,928,384,True,0.6232728466316643,0.2169540642263101,1.0000000000000002,1.1816655386960175,1.0961455907805309,0.012744863224972964
boxcar_hanning_decimated,20,30,6,0,2,11,928,384,False,0.0627023759543451,0.15657313213801,0.999999999999959,0.3777448821846301,0.259244983643078,0.003512821071120111
boxcar_hanning_decimated,21,30,6,0,5,11,928,384,True,0.6453845387415132,0.39143283034502496,0.999999999999959,1.1149147636514762,1.0675148042348555,0.022746242224980222
boxcar_hanning_decimated,22,30,6,0.5,2,11,928,384,False,0.10406894134458462,0.15954895317583617,0.9999999999999803,0.47066771148329023,0.35437800914823775,0.0045652158135011355
boxcar_hanning_decimated,23,30,6,0.5,5,11,928,384,True,0.6649921158716198,0.39887238293959043,0.9999999999999803,1.1558663962532034,1.1093505153191825,0.024219594864313656
