branch,case_index,spatial_fwhm_arcsec,spectral_fwhm_stored_channels,subchannel_phase,peak_detector_sigma,draw,peak_selected,true_flux_fraction_retained,reference_flux_jy_kms,post_continuum_flux_over_reference,selected_noisy_flux_over_reference,paired_selected_flux_difference_over_reference,selected_voxel_fraction
boxcar_independent,0,6,1,0,2,0,False,0.0,0.016566471225813277,0.9999999999999997,0.0,0.0,0.0
boxcar_independent,1,6,1,0,5,0,False,0.0,0.04141617806453318,0.9999999999999999,0.0,0.0,0.0
boxcar_independent,2,6,1,0.5,2,0,False,0.0,0.025689176080952437,1.0,0.0,0.0,0.0
boxcar_independent,3,6,1,0.5,5,0,False,0.007404637492845263,0.06422294020238109,0.9999999999999998,0.030850782704736377,0.030850782704736377,0.0006967578984039889
boxcar_independent,4,6,3,0,2,0,False,0.0,0.04129383944041109,0.9999999999999999,0.0,0.0,0.0
boxcar_independent,5,6,3,0,5,0,True,0.8586585191496086,0.10323459860102767,1.0000000000000004,0.95100233989199,0.95100233989199,0.003639834229683338
boxcar_independent,6,6,3,0.5,2,0,False,0.20771371918933437,0.044427510597597704,1.0000000000000002,0.2379944092024133,0.2379944092024133,0.0002830578962266205
boxcar_independent,7,6,3,0.5,5,0,True,0.8487051431217437,0.11106877649399426,1.0,0.8765599885757901,0.8765599885757901,0.003784992125184169
boxcar_independent,8,6,6,0,2,0,True,0.21506262552267053,0.0810326599700814,0.9999999999999684,0.24814849100692146,0.24814849100692146,0.0003919263178522438
boxcar_independent,9,6,6,0,5,0,True,0.672021011197212,0.20258164992520347,0.9999999999999685,0.7282362344968443,0.7282362344968443,0.0062563052960858175
boxcar_independent,10,6,6,0.5,2,0,True,0.32871230598247503,0.08258767888082215,0.9999999999999848,0.3761578241254247,0.3761578241254247,0.0006967578984039889
boxcar_independent,11,6,6,0.5,5,0,True,0.6952543373941702,0.20646919720205534,0.9999999999999849,0.7468064532418501,0.7468064532418501,0.006673634245650707
boxcar_independent,12,30,1,0,2,0,False,0.0,0.03185835624898194,1.0,0.0,0.0,0.0
boxcar_independent,13,30,1,0,5,0,False,0.0,0.07964589062245483,1.0000000000000002,0.0,0.0,0.0
boxcar_independent,14,30,1,0.5,2,0,False,0.0,0.04940188602474281,0.9999999999999998,0.0,0.0,0.0
boxcar_independent,15,30,1,0.5,5,0,False,0.14201130195659925,0.12350471506185697,1.0000000000000002,0.22227646568376283,0.22227646568376283,0.0018398763254730333
boxcar_independent,16,30,3,0,2,0,False,0.0,0.07941062582664128,1.0,0.0,0.0,0.0
boxcar_independent,17,30,3,0,5,0,True,0.5228997822958938,0.19852656456660317,1.0000000000000002,0.6743960665898378,0.6743960665898378,0.007040157931790305
boxcar_independent,18,30,3,0.5,2,0,False,0.05438281590336079,0.08543687068784347,0.9999999999999999,0.0752198652308489,0.0752198652308489,0.0004354736865024931
boxcar_independent,19,30,3,0.5,5,0,True,0.5539519579023556,0.2135921767196086,1.0000000000000004,0.6885952671014631,0.6885952671014631,0.007352247407117092
boxcar_independent,20,30,6,0,2,0,True,0.04027879749654021,0.15583085341113362,0.9999999999999682,0.058771257762555255,0.058771257762555255,0.0005443421081281163
boxcar_independent,21,30,6,0,5,0,True,0.4864664881341108,0.389577133527834,0.9999999999999682,0.5941507816129522,0.5941507816129522,0.011946494799718394
boxcar_independent,22,30,6,0.5,2,0,True,0.07366479363069818,0.15882125165328262,0.9999999999999846,0.09772433482785868,0.09772433482785868,0.0009798157946306093
boxcar_independent,23,30,6,0.5,5,0,True,0.5100865921484097,0.39705312913320634,0.9999999999999849,0.6272860419204991,0.6272860419204991,0.012882763225698753
boxcar_independent,0,6,1,0,2,1,False,0.0,0.016566471225813277,0.9999999999999997,0.0,0.0,0.0
boxcar_independent,1,6,1,0,5,1,False,0.0,0.04141617806453318,0.9999999999999999,0.0,0.0,0.0
boxcar_independent,2,6,1,0.5,2,1,False,0.0,0.025689176080952437,1.0,0.0,0.0,0.0
boxcar_independent,3,6,1,0.5,5,1,False,0.0,0.06422294020238109,0.9999999999999998,0.0,0.0,0.0
boxcar_independent,4,6,3,0,2,1,True,0.5074158944511066,0.04129383944041109,0.9999999999999999,0.5188854568110297,0.5188854568110297,0.0005116815816404293
boxcar_independent,5,6,3,0,5,1,True,0.7587226187383069,0.10323459860102767,1.0000000000000004,0.995565977853203,0.995565977853203,0.0030374289633548894
boxcar_independent,6,6,3,0.5,2,1,False,0.0,0.044427510597597704,1.0000000000000002,0.0,0.0,0.0
boxcar_independent,7,6,3,0.5,5,1,True,0.8297185082663109,0.11106877649399426,1.0,1.088868372950477,1.088868372950477,0.003382178965169363
boxcar_independent,8,6,6,0,2,1,True,0.39032609886962505,0.0810326599700814,0.9999999999999684,0.4565187871540804,0.4565187871540804,0.0010124763211182965
boxcar_independent,9,6,6,0,5,1,True,0.6813033269364376,0.20258164992520347,0.9999999999999685,0.8585729317440088,0.8585729317440088,0.00589703950472126
boxcar_independent,10,6,6,0.5,2,1,True,0.3736024096084636,0.08258767888082215,0.9999999999999848,0.42341318365878094,0.42341318365878094,0.0009036078994926731
boxcar_independent,11,6,6,0.5,5,1,True,0.7323950691218073,0.20646919720205534,0.9999999999999849,0.8974129053355878,0.8974129053355878,0.005911555294271344
boxcar_independent,12,30,1,0,2,1,False,0.0,0.03185835624898194,1.0,0.0,0.0,0.0
boxcar_independent,13,30,1,0,5,1,False,0.0,0.07964589062245483,1.0000000000000002,0.0,0.0,0.0
boxcar_independent,14,30,1,0.5,2,1,False,0.0,0.04940188602474281,0.9999999999999998,0.0,0.0,0.0
boxcar_independent,15,30,1,0.5,5,1,False,0.0,0.12350471506185697,1.0000000000000002,0.0,0.0,0.0
boxcar_independent,16,30,3,0,2,1,True,0.08830243595703764,0.07941062582664128,1.0,0.10862972928102671,0.10862972928102671,0.0006423236875911773
boxcar_independent,17,30,3,0,5,1,True,0.4330876168219066,0.19852656456660317,1.0000000000000002,0.5988757262769483,0.5988757262769483,0.0045507000239510525
boxcar_independent,18,30,3,0.5,2,1,False,0.012406953518394723,0.08543687068784347,0.9999999999999999,0.008710675718025775,0.008710675718025775,9.798157946306095e-05
boxcar_independent,19,30,3,0.5,5,1,True,0.4758429177901779,0.2135921767196086,1.0000000000000004,0.631444913067162,0.631444913067162,0.005555918450294308
boxcar_independent,20,30,6,0,2,1,True,0.09842437759373157,0.15583085341113362,0.9999999999999682,0.15926485458963588,0.15926485458963588,0.0013173079016700416
boxcar_independent,21,30,6,0,5,1,True,0.44113388052568636,0.389577133527834,0.9999999999999682,0.5583616252800606,0.5583616252800606,0.009950573736581966
boxcar_independent,22,30,6,0.5,2,1,True,0.09160780200624621,0.15882125165328262,0.9999999999999846,0.14001571142678934,0.14001571142678934,0.001230213164369543
boxcar_independent,23,30,6,0.5,5,1,True,0.467553486149182,0.39705312913320634,0.9999999999999849,0.5815047713281859,0.5815047713281859,0.010810634267424391
boxcar_independent,0,6,1,0,2,2,False,0.0,0.016566471225813277,0.9999999999999997,0.0,0.0,0.0
boxcar_independent,1,6,1,0,5,2,False,0.0,0.04141617806453318,0.9999999999999999,0.0,0.0,0.0
boxcar_independent,2,6,1,0.5,2,2,False,0.0,0.025689176080952437,1.0,0.0,0.0,0.0
boxcar_independent,3,6,1,0.5,5,2,False,0.0,0.06422294020238109,0.9999999999999998,0.0,0.0,0.0
boxcar_independent,4,6,3,0,2,2,False,0.0,0.04129383944041109,0.9999999999999999,0.0,0.0,0.0
boxcar_independent,5,6,3,0,5,2,True,0.6826011665403161,0.10323459860102767,1.0000000000000004,0.7040240421550494,0.7040240421550494,0.0013717421124828531
boxcar_independent,6,6,3,0.5,2,2,False,0.0,0.044427510597597704,1.0000000000000002,0.0,0.0,0.0
boxcar_independent,7,6,3,0.5,5,2,True,0.7867546964539646,0.11106877649399426,1.0,0.8125920539803505,0.8125920539803505,0.0016257684296093074
boxcar_independent,8,6,6,0,2,2,False,0.0,0.0810326599700814,0.9999999999999684,0.0,0.0,0.0
boxcar_independent,9,6,6,0,5,2,True,0.7942312104450523,0.20258164992520347,0.9999999999999685,0.8438848745389724,0.8438848745389724,0.0036616079140084625
boxcar_independent,10,6,6,0.5,2,2,False,0.0,0.08258767888082215,0.9999999999999848,0.0,0.0,0.0
boxcar_independent,11,6,6,0.5,5,2,True,0.7426102667796541,0.20646919720205534,0.9999999999999849,0.7753619717731772,0.7753619717731772,0.0036616079140084625
boxcar_independent,12,30,1,0,2,2,False,0.0,0.03185835624898194,1.0,0.0,0.0,0.0
boxcar_independent,13,30,1,0,5,2,False,0.0,0.07964589062245483,1.0000000000000002,0.0,0.0,0.0
boxcar_independent,14,30,1,0.5,2,2,False,0.0,0.04940188602474281,0.9999999999999998,0.0,0.0,0.0
boxcar_independent,15,30,1,0.5,5,2,False,0.0,0.12350471506185697,1.0000000000000002,0.0,0.0,0.0
boxcar_independent,16,30,3,0,2,2,False,0.0,0.07941062582664128,1.0,0.0,0.0,0.0
boxcar_independent,17,30,3,0,5,2,True,0.2607997624021812,0.19852656456660317,1.0000000000000002,0.2677391046063862,0.2677391046063862,0.0024495394865765236
boxcar_independent,18,30,3,0.5,2,2,False,0.0,0.08543687068784347,0.9999999999999999,0.0,0.0,0.0
boxcar_independent,19,30,3,0.5,5,2,True,0.2835594512741212,0.2135921767196086,1.0000000000000004,0.3047864627333221,0.3047864627333221,0.0027434842249657062
boxcar_independent,20,30,6,0,2,2,False,0.0,0.15583085341113362,0.9999999999999682,0.0,0.0,0.0
boxcar_independent,21,30,6,0,5,2,True,0.3308785960327831,0.389577133527834,0.9999999999999682,0.34719732266636016,0.34719732266636016,0.006259934243473338
boxcar_independent,22,30,6,0.5,2,2,False,0.0,0.15882125165328262,0.9999999999999846,0.0,0.0,0.0
boxcar_independent,23,30,6,0.5,5,2,True,0.3381627408970646,0.39705312913320634,0.9999999999999849,0.35434055180190477,0.35434055180190477,0.006339771085998795
boxcar_independent,0,6,1,0,2,3,False,0.0,0.016566471225813277,0.9999999999999997,0.3526897504076248,0.0,0.0001959631589261219
boxcar_independent,1,6,1,0,5,3,False,0.0,0.04141617806453318,0.9999999999999999,0.14107590016304997,0.0,0.0001959631589261219
boxcar_independent,2,6,1,0.5,2,3,False,0.0,0.025689176080952437,1.0,0.2274430516321393,0.0,0.0001959631589261219
boxcar_independent,3,6,1,0.5,5,3,False,0.0,0.06422294020238109,0.9999999999999998,0.09097722065285571,0.0,0.0001959631589261219
boxcar_independent,4,6,3,0,2,3,False,-2.2339467181457203e-23,0.04129383944041109,0.9999999999999999,0.14149385673373016,0.0,0.0001959631589261219
boxcar_independent,5,6,3,0,5,3,True,0.7301157861273124,0.10323459860102767,1.0000000000000004,0.8422545120779306,0.7856569693844384,0.0017854421146602216
boxcar_independent,6,6,3,0.5,2,3,False,-3.507696422946731e-24,0.044427510597597704,1.0000000000000002,0.13151366176440948,0.0,0.0001959631589261219
boxcar_independent,7,6,3,0.5,5,3,True,0.8002995891488991,0.11106877649399426,1.0,0.93288643935555,0.8802809746497862,0.0023697026440510664
boxcar_independent,8,6,6,0,2,3,False,-4.2451240666560866e-20,0.0810326599700814,0.9999999999999684,0.07210456381321372,0.0,0.0001959631589261219
boxcar_independent,9,6,6,0,5,3,True,0.785262799116886,0.20258164992520347,0.9999999999999685,0.8890162408514862,0.8601744153262008,0.004158773706098809
boxcar_independent,10,6,6,0.5,2,3,False,-2.5612308521442217e-20,0.08258767888082215,0.9999999999999848,0.07074692836686511,0.0,0.0001959631589261219
boxcar_independent,11,6,6,0.5,5,3,True,0.7018282247796565,0.20646919720205534,0.9999999999999849,0.8076182194914475,0.7793194481447014,0.003948294757622604
boxcar_independent,12,30,1,0,2,3,False,0.0,0.03185835624898194,1.0,0.1834000648402535,0.0,0.0001959631589261219
boxcar_independent,13,30,1,0,5,3,False,0.0,0.07964589062245483,1.0000000000000002,0.0733600259361014,0.0,0.0001959631589261219
boxcar_independent,14,30,1,0.5,2,3,False,0.0,0.04940188602474281,0.9999999999999998,0.1182712862185225,0.0,0.0001959631589261219
boxcar_independent,15,30,1,0.5,5,3,False,0.0,0.12350471506185697,1.0000000000000002,0.04730851448740902,0.0,0.0001959631589261219
boxcar_independent,16,30,3,0,2,3,False,7.499084337064927e-10,0.07941062582664128,1.0,0.07357736575547408,7.499084423348433e-10,0.0001959631589261219
boxcar_independent,17,30,3,0,5,3,True,0.3190683708852801,0.19852656456660317,1.0000000000000002,0.35080825266756827,0.321377306665342,0.003124523700655388
boxcar_independent,18,30,3,0.5,2,3,False,1.177490541329135e-10,0.08543687068784347,0.9999999999999999,0.06838762427494491,1.1774905367798685e-10,0.0001959631589261219
boxcar_independent,19,30,3,0.5,5,3,True,0.34610031652865164,0.2135921767196086,1.0000000000000004,0.3818627498092181,0.3545077001463397,0.0042603842329493906
boxcar_independent,20,30,6,0,2,3,False,1.4250359302921137e-06,0.15583085341113362,0.9999999999999682,0.037496083339263,1.425035930291481e-06,0.0001959631589261219
boxcar_independent,21,30,6,0,5,3,True,0.4173771435058493,0.389577133527834,0.9999999999999682,0.46828521258066513,0.453287349259332,0.009391715838903768
boxcar_independent,22,30,6,0.5,2,3,False,8.597736915974787e-07,0.15882125165328262,0.9999999999999846,0.0367895422764744,8.597736915915278e-07,0.0001959631589261219
boxcar_independent,23,30,6,0.5,5,3,True,0.3910505726763807,0.39705312913320634,0.9999999999999849,0.4393959186656413,0.42468044566452817,0.008676813203562174
boxcar_independent,0,6,1,0,2,4,False,0.0,0.016566471225813277,0.9999999999999997,0.005482773316682465,0.0,1.0886842162562326e-05
boxcar_independent,1,6,1,0,5,4,False,0.0,0.04141617806453318,0.9999999999999999,0.0021931093266729868,0.0,1.0886842162562326e-05
boxcar_independent,2,6,1,0.5,2,4,False,0.0,0.025689176080952437,1.0,0.0035357384021289843,0.0,1.0886842162562326e-05
boxcar_independent,3,6,1,0.5,5,4,False,0.0,0.06422294020238109,0.9999999999999998,0.0014142953608515935,0.0,1.0886842162562326e-05
boxcar_independent,4,6,3,0,2,4,False,0.0,0.04129383944041109,0.9999999999999999,0.002199606711784431,0.0,1.0886842162562326e-05
boxcar_independent,5,6,3,0,5,4,True,0.2773481634276118,0.10323459860102767,1.0000000000000004,0.22088165205614538,0.2200018093714316,0.00033749210703943217
boxcar_independent,6,6,3,0.5,2,4,False,0.0,0.044427510597597704,1.0000000000000002,0.0020444586060914312,0.0,1.0886842162562326e-05
boxcar_independent,7,6,3,0.5,5,4,False,0.07373503363246735,0.11106877649399426,1.0,0.0986245871375619,0.09780680369512534,0.0004245868443399308
boxcar_independent,8,6,6,0,2,4,False,5.010908233265866e-28,0.0810326599700814,0.9999999999999684,0.0011209086116883353,0.0,1.0886842162562326e-05
boxcar_independent,9,6,6,0,5,4,True,0.7293042524613443,0.20258164992520347,0.9999999999999685,0.6852733268806576,0.6848249634359822,0.0035636263345454017
boxcar_independent,10,6,6,0.5,2,4,False,1.5519690791361205e-27,0.08258767888082215,0.9999999999999848,0.001099803355892216,0.0,1.0886842162562326e-05
boxcar_independent,11,6,6,0.5,5,4,True,0.7468597055070316,0.20646919720205534,0.9999999999999849,0.7234625362408881,0.7230226148985311,0.004216836864299142
boxcar_independent,12,30,1,0,2,4,False,0.0,0.03185835624898194,1.0,0.0028510638050065575,0.0,1.0886842162562326e-05
boxcar_independent,13,30,1,0,5,4,False,0.0,0.07964589062245483,1.0000000000000002,0.0011404255220026232,0.0,1.0886842162562326e-05
boxcar_independent,14,30,1,0.5,2,4,False,0.0,0.04940188602474281,0.9999999999999998,0.0018385979503491995,0.0,1.0886842162562326e-05
boxcar_independent,15,30,1,0.5,5,4,False,0.0,0.12350471506185697,1.0000000000000002,0.0007354391801396801,0.0,1.0886842162562326e-05
boxcar_independent,16,30,3,0,2,4,False,0.0,0.07941062582664128,1.0,0.0011438041879529488,0.0,1.0886842162562326e-05
boxcar_independent,17,30,3,0,5,4,True,0.13441643897345018,0.19852656456660317,1.0000000000000002,0.0892990141803922,0.08884149250521102,0.001295534217344917
boxcar_independent,18,30,3,0.5,2,4,False,0.0,0.08543687068784347,0.9999999999999999,0.0010631265594960608,0.0,1.0886842162562326e-05
boxcar_independent,19,30,3,0.5,5,4,False,0.1513072265327222,0.2135921767196086,1.0000000000000004,0.16485043315643522,0.1644251825326368,0.00210478948476205
boxcar_independent,20,30,6,0,2,4,False,4.0314326832513726e-19,0.15583085341113362,0.9999999999999682,0.0005828769104462045,3.7403304023815746e-19,1.0886842162562326e-05
boxcar_independent,21,30,6,0,5,4,True,0.36528661834656634,0.389577133527834,0.9999999999999682,0.3722632001185085,0.37203004935433,0.008176018464084308
boxcar_independent,22,30,6,0.5,2,4,False,1.248607752879782e-18,0.15882125165328262,0.9999999999999846,0.0005719020939764755,1.247767642400595e-18,1.0886842162562326e-05
boxcar_independent,23,30,6,0.5,5,4,True,0.3948671408540082,0.39705312913320634,0.9999999999999849,0.4241674684115497,0.42393870757395913,0.009366313207191123
boxcar_independent,0,6,1,0,2,5,False,0.0,0.016566471225813277,0.9999999999999997,0.129162002998366,0.0,0.00021773684325124656
boxcar_independent,1,6,1,0,5,5,False,0.0,0.04141617806453318,0.9999999999999999,0.05166480119934642,0.0,0.00021773684325124656
boxcar_independent,2,6,1,0.5,2,5,False,0.0,0.025689176080952437,1.0,0.08329417025279333,0.0,0.00021773684325124656
boxcar_independent,3,6,1,0.5,5,5,False,0.0,0.06422294020238109,0.9999999999999998,0.03331766810111733,0.0,0.00021773684325124656
boxcar_independent,4,6,3,0,2,5,True,0.7078103385317334,0.04129383944041109,0.9999999999999999,0.8284728060160028,0.7766549408056582,0.0018072157989853462
boxcar_independent,5,6,3,0,5,5,True,0.7608132420312852,0.10323459860102767,1.0000000000000004,1.0768911778352113,1.0561640317510734,0.004942626341803297
boxcar_independent,6,6,3,0.5,2,5,True,0.6287895252788807,0.044427510597597704,1.0000000000000002,0.7457266393803968,0.6975637201135105,0.0014152894811331025
boxcar_independent,7,6,3,0.5,5,5,True,0.9060465184740956,0.11106877649399426,1.0,1.284177899530417,1.2649127318236624,0.005664786871919931
boxcar_independent,8,6,6,0,2,5,True,0.4357788939365046,0.0810326599700814,0.9999999999999684,0.5398668590042265,0.5134607332898433,0.0024495394865765236
boxcar_independent,9,6,6,0,5,5,True,0.7242178369742298,0.20258164992520347,0.9999999999999685,0.9969763230913401,0.9864138728055868,0.008789310572575319
boxcar_independent,10,6,6,0.5,2,5,True,0.4291957511447243,0.08258767888082215,0.9999999999999848,0.5323746856429017,0.5064657530377293,0.0024168789600888365
boxcar_independent,11,6,6,0.5,5,5,True,0.7138518632372333,0.20646919720205534,0.9999999999999849,1.003901881245389,0.99353830820332,0.009242928996015415
boxcar_independent,12,30,1,0,2,5,False,0.0,0.03185835624898194,1.0,0.0671647522997743,0.0,0.00021773684325124656
boxcar_independent,13,30,1,0,5,5,False,0.0,0.07964589062245483,1.0000000000000002,0.02686590091990972,0.0,0.00021773684325124656
boxcar_independent,14,30,1,0.5,2,5,False,0.0,0.04940188602474281,0.9999999999999998,0.04331329789856901,0.0,0.00021773684325124656
boxcar_independent,15,30,1,0.5,5,5,False,0.0,0.12350471506185697,1.0000000000000002,0.017325319159427612,0.0,0.00021773684325124656
boxcar_independent,16,30,3,0,2,5,True,0.2678219631642932,0.07941062582664128,1.0,0.4042279242545997,0.37728242944371543,0.0025801815925272716
boxcar_independent,17,30,3,0,5,5,True,0.5794593204192834,0.19852656456660317,1.0000000000000002,0.8501504721242679,0.8393722741999141,0.00809255267417133
boxcar_independent,18,30,3,0.5,2,5,True,0.18816641952531993,0.08543687068784347,0.9999999999999999,0.3208029426541391,0.2957580341864733,0.0018834236941232827
boxcar_independent,19,30,3,0.5,5,5,True,0.6123315445377354,0.2135921767196086,1.0000000000000004,0.897764440874209,0.8877464774871426,0.009199381627365166
boxcar_independent,20,30,6,0,2,5,True,0.2108460216098742,0.15583085341113362,0.9999999999999682,0.36973779084897285,0.35600650106070836,0.0037269289669838368
boxcar_independent,21,30,6,0,5,5,True,0.5530837169670805,0.389577133527834,0.9999999999999682,0.7725766345515866,0.7670841186362809,0.01585124218869075
boxcar_independent,22,30,6,0.5,2,5,True,0.20858859727627968,0.15882125165328262,0.9999999999999846,0.3691830718688409,0.35571032446339873,0.0037958789673467313
boxcar_independent,23,30,6,0.5,5,5,True,0.5721237806508246,0.39705312913320634,0.9999999999999849,0.7834606402380698,0.778071541275893,0.016391955349431345
boxcar_independent,0,6,1,0,2,6,False,0.0,0.016566471225813277,0.9999999999999997,0.0,0.0,0.0
boxcar_independent,1,6,1,0,5,6,False,0.0,0.04141617806453318,0.9999999999999999,0.0,0.0,0.0
boxcar_independent,2,6,1,0.5,2,6,False,0.0,0.025689176080952437,1.0,0.0,0.0,0.0
boxcar_independent,3,6,1,0.5,5,6,False,0.0,0.06422294020238109,0.9999999999999998,0.0,0.0,0.0
boxcar_independent,4,6,3,0,2,6,False,0.0,0.04129383944041109,0.9999999999999999,0.0,0.0,0.0
boxcar_independent,5,6,3,0,5,6,True,0.6093968443062601,0.10323459860102767,1.0000000000000004,0.5926177102668526,0.5926177102668526,0.0018362473780855126
boxcar_independent,6,6,3,0.5,2,6,False,0.0,0.044427510597597704,1.0000000000000002,0.0,0.0,0.0
boxcar_independent,7,6,3,0.5,5,6,True,0.7075815041467409,0.11106877649399426,1.0,0.7243773091735249,0.7243773091735249,0.002830578962266205
boxcar_independent,8,6,6,0,2,6,False,0.0,0.0810326599700814,0.9999999999999684,0.0,0.0,0.0
boxcar_independent,9,6,6,0,5,6,True,0.6632109565780903,0.20258164992520347,0.9999999999999685,0.6844104866853489,0.6844104866853489,0.003690639493108629
boxcar_independent,10,6,6,0.5,2,6,False,0.0,0.08258767888082215,0.9999999999999848,0.0,0.0,0.0
boxcar_independent,11,6,6,0.5,5,6,True,0.6562730330394592,0.20646919720205534,0.9999999999999849,0.6522899910851245,0.6522899910851245,0.003821281599059377
boxcar_independent,12,30,1,0,2,6,False,0.0,0.03185835624898194,1.0,0.0,0.0,0.0
boxcar_independent,13,30,1,0,5,6,False,0.0,0.07964589062245483,1.0000000000000002,0.0,0.0,0.0
boxcar_independent,14,30,1,0.5,2,6,False,0.0,0.04940188602474281,0.9999999999999998,0.0,0.0,0.0
boxcar_independent,15,30,1,0.5,5,6,False,0.0,0.12350471506185697,1.0000000000000002,0.0,0.0,0.0
boxcar_independent,16,30,3,0,2,6,False,0.0,0.07941062582664128,1.0,0.0,0.0,0.0
boxcar_independent,17,30,3,0,5,6,True,0.281418646963661,0.19852656456660317,1.0000000000000002,0.29079918434017415,0.29079918434017415,0.003171700016693158
boxcar_independent,18,30,3,0.5,2,6,False,0.0,0.08543687068784347,0.9999999999999999,0.0,0.0,0.0
boxcar_independent,19,30,3,0.5,5,6,True,0.4170330489551043,0.2135921767196086,1.0000000000000004,0.4648117782366938,0.4648117782366938,0.005127702658566856
boxcar_independent,20,30,6,0,2,6,False,0.0,0.15583085341113362,0.9999999999999682,0.0,0.0,0.0
boxcar_independent,21,30,6,0,5,6,True,0.3400610175680323,0.389577133527834,0.9999999999999682,0.35108059656762985,0.35108059656762985,0.007210718459003782
boxcar_independent,22,30,6,0.5,2,6,False,0.0,0.15882125165328262,0.9999999999999846,0.0,0.0,0.0
boxcar_independent,23,30,6,0.5,5,6,True,0.37592146997997106,0.39705312913320634,0.9999999999999849,0.3916315931783605,0.3916315931783605,0.008074407937233727
boxcar_independent,0,6,1,0,2,7,False,0.0,0.016566471225813277,0.9999999999999997,0.0,0.0,0.0
boxcar_independent,1,6,1,0,5,7,False,0.03713603737919007,0.04141617806453318,0.9999999999999999,0.17917896801199112,0.17917896801199112,0.000664097371916302
boxcar_independent,2,6,1,0.5,2,7,False,0.0,0.025689176080952437,1.0,0.0,0.0,0.0
boxcar_independent,3,6,1,0.5,5,7,False,0.013178372636631895,0.06422294020238109,0.9999999999999998,0.11729194262452877,0.11729194262452877,0.0007076447405665512
boxcar_independent,4,6,3,0,2,7,True,0.519585824462686,0.04129383944041109,0.9999999999999999,0.7534306395685707,0.7534306395685707,0.0008310289517422576
boxcar_independent,5,6,3,0,5,7,True,0.8229115124549999,0.10323459860102767,1.0000000000000004,1.1210357183407746,1.1210357183407746,0.004830128972790153
boxcar_independent,6,6,3,0.5,2,7,False,0.4575139718431006,0.044427510597597704,1.0000000000000002,0.6615652945816586,0.6615652945816586,0.0008165131621921746
boxcar_independent,7,6,3,0.5,5,7,True,0.8760032969415752,0.11106877649399426,1.0,1.1481810404940753,1.1481810404940753,0.004953513183965859
boxcar_independent,8,6,6,0,2,7,True,0.4264167165381414,0.0810326599700814,0.9999999999999684,0.5524933726493695,0.5524933726493695,0.00121569737481946
boxcar_independent,9,6,6,0,5,7,True,0.6050881073585003,0.20258164992520347,0.9999999999999685,0.7679192772149799,0.7679192772149799,0.006125663190135069
boxcar_independent,10,6,6,0.5,2,7,True,0.4486114706855971,0.08258767888082215,0.9999999999999848,0.5706280630183594,0.5706280630183594,0.0012665026382447507
boxcar_independent,11,6,6,0.5,5,7,True,0.6515684490750833,0.20646919720205534,0.9999999999999849,0.8089452409455468,0.8089452409455468,0.006368802665098962
boxcar_independent,12,30,1,0,2,7,False,0.002658709067379484,0.03185835624898194,1.0,0.014562785693967933,0.014562785693967933,2.1773684325124653e-05
boxcar_independent,13,30,1,0,5,7,False,0.15071533781541027,0.07964589062245483,1.0000000000000002,0.29830171661667326,0.29830171661667326,0.0015350447449212882
boxcar_independent,14,30,1,0.5,2,7,False,0.010619542006431969,0.04940188602474281,0.9999999999999998,0.0330216391633069,0.0330216391633069,7.620789513793629e-05
boxcar_independent,15,30,1,0.5,5,7,False,0.11239932481720613,0.12350471506185697,1.0000000000000002,0.2172299819085169,0.2172299819085169,0.0014152894811331025
boxcar_independent,16,30,3,0,2,7,True,0.16999531371101606,0.07941062582664128,1.0,0.39752565710355225,0.39752565710355225,0.0016257684296093074
boxcar_independent,17,30,3,0,5,7,True,0.5649904156430794,0.19852656456660317,1.0000000000000002,0.7623413335263213,0.7623413335263213,0.007936507936507936
boxcar_independent,18,30,3,0.5,2,7,False,0.16352375909642658,0.08543687068784347,0.9999999999999999,0.3484039257038981,0.3484039257038981,0.0015314157975337673
boxcar_independent,19,30,3,0.5,5,7,True,0.5863144958984493,0.2135921767196086,1.0000000000000004,0.794465729532649,0.794465729532649,0.008386497412560513
boxcar_independent,20,30,6,0,2,7,True,0.14251924608707595,0.15583085341113362,0.9999999999999682,0.2677848702162822,0.2677848702162822,0.002300752643688172
boxcar_independent,21,30,6,0,5,7,True,0.44406781984312044,0.389577133527834,0.9999999999999682,0.566591489795047,0.566591489795047,0.010748942161836538
boxcar_independent,22,30,6,0.5,2,7,True,0.1497834939672596,0.15882125165328262,0.9999999999999846,0.27462197668979815,0.27462197668979815,0.002409621065313795
boxcar_independent,23,30,6,0.5,5,7,True,0.46309677598214166,0.39705312913320634,0.9999999999999849,0.5664488879548115,0.5664488879548115,0.011097321111038533
boxcar_independent,0,6,1,0,2,8,False,0.0,0.016566471225813277,0.9999999999999997,0.0,0.0,0.0
boxcar_independent,1,6,1,0,5,8,False,0.0,0.04141617806453318,0.9999999999999999,0.0,0.0,0.0
boxcar_independent,2,6,1,0.5,2,8,False,0.0,0.025689176080952437,1.0,0.0,0.0,0.0
boxcar_independent,3,6,1,0.5,5,8,False,0.0,0.06422294020238109,0.9999999999999998,0.0,0.0,0.0
boxcar_independent,4,6,3,0,2,8,False,0.0,0.04129383944041109,0.9999999999999999,0.0,0.0,0.0
boxcar_independent,5,6,3,0,5,8,True,0.7421686788756304,0.10323459860102767,1.0000000000000004,0.862580559005831,0.862580559005831,0.0030374289633548894
boxcar_independent,6,6,3,0.5,2,8,False,0.0,0.044427510597597704,1.0000000000000002,0.0,0.0,0.0
boxcar_independent,7,6,3,0.5,5,8,True,0.8409033245180515,0.11106877649399426,1.0,0.931830382242151,0.931830382242151,0.0030700894898425765
boxcar_independent,8,6,6,0,2,8,False,0.0,0.0810326599700814,0.9999999999999684,0.0,0.0,0.0
boxcar_independent,9,6,6,0,5,8,True,0.6950442050890722,0.20258164992520347,0.9999999999999685,0.8041474935751135,0.8041474935751135,0.006419607928524252
boxcar_independent,10,6,6,0.5,2,8,False,0.0,0.08258767888082215,0.9999999999999848,0.0,0.0,0.0
boxcar_independent,11,6,6,0.5,5,8,True,0.7383041257255998,0.20646919720205534,0.9999999999999849,0.8447965207139835,0.8447965207139835,0.007058302668727909
boxcar_independent,12,30,1,0,2,8,False,0.0,0.03185835624898194,1.0,0.0,0.0,0.0
boxcar_independent,13,30,1,0,5,8,False,0.0,0.07964589062245483,1.0000000000000002,0.0,0.0,0.0
boxcar_independent,14,30,1,0.5,2,8,False,0.0,0.04940188602474281,0.9999999999999998,0.0,0.0,0.0
boxcar_independent,15,30,1,0.5,5,8,False,0.0,0.12350471506185697,1.0000000000000002,0.0,0.0,0.0
boxcar_independent,16,30,3,0,2,8,False,0.0,0.07941062582664128,1.0,0.0,0.0,0.0
boxcar_independent,17,30,3,0,5,8,True,0.47507072103616793,0.19852656456660317,1.0000000000000002,0.6127988802254164,0.6127988802254164,0.006107518453197466
boxcar_independent,18,30,3,0.5,2,8,False,0.0,0.08543687068784347,0.9999999999999999,0.0,0.0,0.0
boxcar_independent,19,30,3,0.5,5,8,True,0.528419838526016,0.2135921767196086,1.0000000000000004,0.6808009701069986,0.6808009701069986,0.006521218455374834
boxcar_independent,20,30,6,0,2,8,False,0.0,0.15583085341113362,0.9999999999999682,0.0,0.0,0.0
boxcar_independent,21,30,6,0,5,8,True,0.4963731720119246,0.389577133527834,0.9999999999999682,0.5818774967625081,0.5818774967625081,0.012501723750009072
boxcar_independent,22,30,6,0.5,2,8,False,0.0,0.15882125165328262,0.9999999999999846,0.0,0.0,0.0
boxcar_independent,23,30,6,0.5,5,8,True,0.5248963781182707,0.39705312913320634,0.9999999999999849,0.6026335148622735,0.6026335148622735,0.013390815859951662
boxcar_independent,0,6,1,0,2,9,False,0.0,0.016566471225813277,0.9999999999999997,0.6726684028837806,0.0,0.0004572473708276177
boxcar_independent,1,6,1,0,5,9,False,0.0,0.04141617806453318,0.9999999999999999,0.2690673611535123,0.0,0.0004572473708276177
boxcar_independent,2,6,1,0.5,2,9,False,0.0,0.025689176080952437,1.0,0.4337913254115842,0.0,0.0004572473708276177
boxcar_independent,3,6,1,0.5,5,9,False,0.0,0.06422294020238109,0.9999999999999998,0.17351653016463367,0.0,0.0004572473708276177
boxcar_independent,4,6,3,0,2,9,False,0.0,0.04129383944041109,0.9999999999999999,0.2698645098615462,0.0,0.0004572473708276177
boxcar_independent,5,6,3,0,5,9,True,0.7118313928009918,0.10323459860102767,1.0000000000000004,0.6891896397156172,0.5812438357709987,0.0020902736952119667
boxcar_independent,6,6,3,0.5,2,9,False,0.0,0.044427510597597704,1.0000000000000002,0.25082975820595477,0.0,0.0004572473708276177
boxcar_independent,7,6,3,0.5,5,9,True,0.6070996702374882,0.11106877649399426,1.0,0.6450141962614441,0.5446822929790622,0.001861650009798158
boxcar_independent,8,6,6,0,2,9,False,3.4913157611648467e-15,0.0810326599700814,0.9999999999999684,0.13752160850949063,3.4986209100935043e-15,0.0004572473708276177
boxcar_independent,9,6,6,0,5,9,True,0.6023232720627624,0.20258164992520347,0.9999999999999685,0.5918090368286364,0.5368003934248415,0.004449089497100471
boxcar_independent,10,6,6,0.5,2,9,False,1.3586192320672117e-15,0.08258767888082215,0.9999999999999848,0.13493225493077451,1.373098565857171e-15,0.0004572473708276177
boxcar_independent,11,6,6,0.5,5,9,True,0.7264079448832225,0.20646919720205534,0.9999999999999849,0.6910407440579608,0.6370678420856515,0.004380139496737576
boxcar_independent,12,30,1,0,2,9,False,0.0,0.03185835624898194,1.0,0.34979022940783494,0.0,0.0004572473708276177
boxcar_independent,13,30,1,0,5,9,False,0.0,0.07964589062245483,1.0000000000000002,0.139916091763134,0.0,0.0004572473708276177
boxcar_independent,14,30,1,0.5,2,9,False,0.0,0.04940188602474281,0.9999999999999998,0.22557320453932891,0.0,0.0004572473708276177
boxcar_independent,15,30,1,0.5,5,9,False,0.0,0.12350471506185697,1.0000000000000002,0.0902292818157316,0.0,0.0004572473708276177
boxcar_independent,16,30,3,0,2,9,False,0.0,0.07941062582664128,1.0,0.14033061224344787,0.0,0.0004572473708276177
boxcar_independent,17,30,3,0,5,9,True,0.35626309512215354,0.19852656456660317,1.0000000000000002,0.32058037005038975,0.2644481251530106,0.004104339495285997
boxcar_independent,18,30,3,0.5,2,9,False,0.0,0.08543687068784347,0.9999999999999999,0.13043246611411213,0.0,0.0004572473708276177
boxcar_independent,19,30,3,0.5,5,9,True,0.2721478888606636,0.2135921767196086,1.0000000000000004,0.2845895597424983,0.23241657329685342,0.003559997387157881
boxcar_independent,20,30,6,0,2,9,False,2.807711880905019e-08,0.15583085341113362,0.9999999999999682,0.07151180829876094,2.8077118783126553e-08,0.0004572473708276177
boxcar_independent,21,30,6,0,5,9,True,0.3977191752403454,0.389577133527834,0.9999999999999682,0.4322938493920647,0.4036891373034079,0.010687250056248685
boxcar_independent,22,30,6,0.5,2,9,False,1.0925999309293213e-08,0.15882125165328262,0.9999999999999846,0.0701653170477232,1.0925999286244667e-08,0.0004572473708276177
boxcar_independent,23,30,6,0.5,5,9,True,0.42922057034410344,0.39705312913320634,0.9999999999999849,0.4453449597387852,0.4172788372900956,0.011148126374463822
boxcar_independent,0,6,1,0,2,10,False,4.34802786393359e-06,0.016566471225813277,0.9999999999999997,0.927863768374708,0.04068951847331735,0.000631436845428615
boxcar_independent,1,6,1,0,5,10,False,0.0002723958628166545,0.04141617806453318,0.9999999999999999,0.47869557398273505,0.1238258740221787,0.001132231584906482
boxcar_independent,2,6,1,0.5,2,10,False,3.027829567717325e-14,0.025689176080952437,1.0,0.5721221512500034,3.0203449764373865e-14,0.0005878894767783657
boxcar_independent,3,6,1,0.5,5,10,False,1.914145618253195e-06,0.06422294020238109,0.9999999999999998,0.24702984905948513,0.01818098855949585,0.0009108657942677147
boxcar_independent,4,6,3,0,2,10,False,0.03688222852780301,0.04129383944041109,0.9999999999999999,0.7459747210588551,0.3900536712741091,0.0014806105341084765
boxcar_independent,5,6,3,0,5,10,True,0.9035929549184792,0.10323459860102767,1.0000000000000004,1.4919871323108318,1.3496187123969334,0.0065321052975373965
boxcar_independent,6,6,3,0.5,2,10,False,0.0014023554019593138,0.044427510597597704,1.0000000000000002,0.5004172417990507,0.1696008965755894,0.0010342500054434211
boxcar_independent,7,6,3,0.5,5,10,True,0.9009598994898419,0.11106877649399426,1.0,1.4267364072348538,1.2944098691454695,0.007170800037741053
boxcar_independent,8,6,6,0,2,10,True,0.2804295389273038,0.0810326599700814,0.9999999999999684,0.8131412847721052,0.6317656926503562,0.0027616289619033104
boxcar_independent,9,6,6,0,5,10,True,0.897887322648887,0.20258164992520347,0.9999999999999685,1.341072404702163,1.2685221678534633,0.013165821121925374
boxcar_independent,10,6,6,0.5,2,10,True,0.3395118573508931,0.08258767888082215,0.9999999999999848,0.8266747339317857,0.6487142090394126,0.0027870315936159556
boxcar_independent,11,6,6,0.5,5,10,True,0.9029746702534345,0.20646919720205534,0.9999999999999849,1.3440515284357317,1.2728673184787824,0.013252915859225873
boxcar_independent,12,30,1,0,2,10,False,0.01596846699171743,0.03185835624898194,1.0,0.57527522260233,0.11394110453264679,0.0008927210573301108
boxcar_independent,13,30,1,0,5,10,False,0.05083944515809172,0.07964589062245483,1.0000000000000002,0.35926476050880074,0.17473111328092744,0.0015568184292464127
boxcar_independent,14,30,1,0.5,2,10,False,0.004233643462199644,0.04940188602474281,0.9999999999999998,0.3356388414116948,0.038133060439836025,0.0007620789513793629
boxcar_independent,15,30,1,0.5,5,10,False,0.04209940857420866,0.12350471506185697,1.0000000000000002,0.23407124718021113,0.11506893479146757,0.0021301921164746953
boxcar_independent,16,30,3,0,2,10,False,0.09997114292214354,0.07941062582664128,1.0,0.5959571765080661,0.41087682321429964,0.0023080105384632134
boxcar_independent,17,30,3,0,5,10,True,0.6396211744356507,0.19852656456660317,1.0000000000000002,1.0437881492175514,0.9697560079000448,0.012298502696307908
boxcar_independent,18,30,3,0.5,2,10,False,0.04876149289811568,0.08543687068784347,0.9999999999999999,0.40730309127137604,0.23527728362010047,0.0017382657986224515
boxcar_independent,19,30,3,0.5,5,10,True,0.630897002352478,0.2135921767196086,1.0000000000000004,1.0508243267000998,0.9820140036395897,0.012483579013071469
boxcar_independent,20,30,6,0,2,10,True,0.17509656228119408,0.15583085341113362,0.9999999999999682,0.5803697682377171,0.4860537431274819,0.004793839498914944
boxcar_independent,21,30,6,0,5,10,True,0.6729662785045031,0.389577133527834,0.9999999999999682,1.022886021831185,0.9851596117870908,0.023522836965909667
boxcar_independent,22,30,6,0.5,2,10,True,0.19423819893182584,0.15882125165328262,0.9999999999999846,0.5769375383384421,0.48439736169155895,0.005062381605591482
boxcar_independent,23,30,6,0.5,5,10,True,0.6761558261601375,0.39705312913320634,0.9999999999999849,1.021169874090722,0.9841538034319688,0.023504692228972064
boxcar_independent,0,6,1,0,2,11,False,0.0,0.016566471225813277,0.9999999999999997,0.0,0.0,0.0
boxcar_independent,1,6,1,0,5,11,False,0.0,0.04141617806453318,0.9999999999999999,0.0,0.0,0.0
boxcar_independent,2,6,1,0.5,2,11,False,0.0,0.025689176080952437,1.0,0.0,0.0,0.0
boxcar_independent,3,6,1,0.5,5,11,False,0.0,0.06422294020238109,0.9999999999999998,0.0,0.0,0.0
boxcar_independent,4,6,3,0,2,11,False,0.0,0.04129383944041109,0.9999999999999999,0.0,0.0,0.0
boxcar_independent,5,6,3,0,5,11,True,0.6194915754662157,0.10323459860102767,1.0000000000000004,0.6132592259093247,0.6132592259093247,0.0008927210573301108
boxcar_independent,6,6,3,0.5,2,11,False,0.0,0.044427510597597704,1.0000000000000002,0.0,0.0,0.0
boxcar_independent,7,6,3,0.5,5,11,True,0.7547120528994432,0.11106877649399426,1.0,0.6773097068589966,0.6773097068589966,0.003400323702106967
boxcar_independent,8,6,6,0,2,11,False,0.0,0.0810326599700814,0.9999999999999684,0.0,0.0,0.0
boxcar_independent,9,6,6,0,5,11,True,0.842587023384662,0.20258164992520347,0.9999999999999685,0.8526184635747108,0.8526184635747108,0.006815163193764017
boxcar_independent,10,6,6,0.5,2,11,False,0.0,0.08258767888082215,0.9999999999999848,0.0,0.0,0.0
boxcar_independent,11,6,6,0.5,5,11,True,0.8486218966787553,0.20646919720205534,0.9999999999999849,0.8844176178473121,0.8844176178473121,0.007043786879177826
boxcar_independent,12,30,1,0,2,11,False,0.0,0.03185835624898194,1.0,0.0,0.0,0.0
boxcar_independent,13,30,1,0,5,11,False,0.0,0.07964589062245483,1.0000000000000002,0.0,0.0,0.0
boxcar_independent,14,30,1,0.5,2,11,False,0.0,0.04940188602474281,0.9999999999999998,0.0,0.0,0.0
boxcar_independent,15,30,1,0.5,5,11,False,0.0,0.12350471506185697,1.0000000000000002,0.0,0.0,0.0
boxcar_independent,16,30,3,0,2,11,False,0.0,0.07941062582664128,1.0,0.0,0.0,0.0
boxcar_independent,17,30,3,0,5,11,True,0.2165010558296946,0.19852656456660317,1.0000000000000002,0.19439325510503302,0.19439325510503302,0.002108418432149571
boxcar_independent,18,30,3,0.5,2,11,False,0.0,0.08543687068784347,0.9999999999999999,0.0,0.0,0.0
boxcar_independent,19,30,3,0.5,5,11,True,0.4771959355334961,0.2135921767196086,1.0000000000000004,0.49899183469481007,0.49899183469481007,0.006539363192312438
boxcar_independent,20,30,6,0,2,11,False,0.0,0.15583085341113362,0.9999999999999682,0.0,0.0,0.0
boxcar_independent,21,30,6,0,5,11,True,0.5496928281974321,0.389577133527834,0.9999999999999682,0.61794581674262,0.61794581674262,0.014054913231867965
boxcar_independent,22,30,6,0.5,2,11,False,0.0,0.15882125165328262,0.9999999999999846,0.0,0.0,0.0
boxcar_independent,23,30,6,0.5,5,11,True,0.544404958490449,0.39705312913320634,0.9999999999999849,0.6311356915391172,0.6311356915391172,0.014073057968805569
boxcar_independent,0,6,1,0,2,12,False,0.0,0.016566471225813277,0.9999999999999997,0.0,0.0,0.0
boxcar_independent,1,6,1,0,5,12,False,0.0,0.04141617806453318,0.9999999999999999,0.0,0.0,0.0
boxcar_independent,2,6,1,0.5,2,12,False,0.0,0.025689176080952437,1.0,0.0,0.0,0.0
boxcar_independent,3,6,1,0.5,5,12,False,0.0,0.06422294020238109,0.9999999999999998,0.0,0.0,0.0
boxcar_independent,4,6,3,0,2,12,False,0.0,0.04129383944041109,0.9999999999999999,0.0,0.0,0.0
boxcar_independent,5,6,3,0,5,12,True,0.6698312120394873,0.10323459860102767,1.0000000000000004,0.7194657818691688,0.7194657818691688,0.0015277868501462465
boxcar_independent,6,6,3,0.5,2,12,False,0.0,0.044427510597597704,1.0000000000000002,0.0,0.0,0.0
boxcar_independent,7,6,3,0.5,5,12,True,0.7156596836962227,0.11106877649399426,1.0,0.7711236755842099,0.7711236755842099,0.0024822000130642107
boxcar_independent,8,6,6,0,2,12,False,0.0,0.0810326599700814,0.9999999999999684,0.0,0.0,0.0
boxcar_independent,9,6,6,0,5,12,True,0.7496434067722167,0.20258164992520347,0.9999999999999685,0.797272418847407,0.797272418847407,0.00524020002758
boxcar_independent,10,6,6,0.5,2,12,True,0.15084580524365732,0.08258767888082215,0.9999999999999848,0.1392447204047253,0.1392447204047253,0.00022862368541380886
boxcar_independent,11,6,6,0.5,5,12,True,0.7519479419607545,0.20646919720205534,0.9999999999999849,0.8236086780885614,0.8236086780885614,0.0054107605547934765
boxcar_independent,12,30,1,0,2,12,False,0.0,0.03185835624898194,1.0,0.0,0.0,0.0
boxcar_independent,13,30,1,0,5,12,False,0.0,0.07964589062245483,1.0000000000000002,0.0,0.0,0.0
boxcar_independent,14,30,1,0.5,2,12,False,0.0,0.04940188602474281,0.9999999999999998,0.0,0.0,0.0
boxcar_independent,15,30,1,0.5,5,12,False,0.0,0.12350471506185697,1.0000000000000002,0.0,0.0,0.0
boxcar_independent,16,30,3,0,2,12,False,0.0,0.07941062582664128,1.0,0.0,0.0,0.0
boxcar_independent,17,30,3,0,5,12,True,0.3216632965991187,0.19852656456660317,1.0000000000000002,0.3596240076289233,0.3596240076289233,0.0033894368599444043
boxcar_independent,18,30,3,0.5,2,12,False,0.0,0.08543687068784347,0.9999999999999999,0.0,0.0,0.0
boxcar_independent,19,30,3,0.5,5,12,True,0.39744556891684524,0.2135921767196086,1.0000000000000004,0.4602388892798816,0.4602388892798816,0.004318447391149723
boxcar_independent,20,30,6,0,2,12,False,0.0,0.15583085341113362,0.9999999999999682,0.0,0.0,0.0
boxcar_independent,21,30,6,0,5,12,True,0.4550079761586093,0.389577133527834,0.9999999999999682,0.5031460027607405,0.5031460027607405,0.010066700052982632
boxcar_independent,22,30,6,0.5,2,12,True,0.025657739909643845,0.15882125165328262,0.9999999999999846,0.023459775142561427,0.023459775142561427,0.00032660526487686984
boxcar_independent,23,30,6,0.5,5,12,True,0.45597161540480524,0.39705312913320634,0.9999999999999849,0.5318174030884516,0.5318174030884516,0.010306210580559003
boxcar_independent,0,6,1,0,2,13,False,0.0,0.016566471225813277,0.9999999999999997,0.0,0.0,0.0
boxcar_independent,1,6,1,0,5,13,False,0.0,0.04141617806453318,0.9999999999999999,0.0,0.0,0.0
boxcar_independent,2,6,1,0.5,2,13,False,0.0,0.025689176080952437,1.0,0.0,0.0,0.0
boxcar_independent,3,6,1,0.5,5,13,False,0.0,0.06422294020238109,0.9999999999999998,0.0,0.0,0.0
boxcar_independent,4,6,3,0,2,13,False,0.0,0.04129383944041109,0.9999999999999999,0.0,0.0,0.0
boxcar_independent,5,6,3,0,5,13,True,0.7964385269163505,0.10323459860102767,1.0000000000000004,1.037339048520204,1.037339048520204,0.0038902315994222714
boxcar_independent,6,6,3,0.5,2,13,False,0.0,0.044427510597597704,1.0000000000000002,0.0,0.0,0.0
boxcar_independent,7,6,3,0.5,5,13,True,0.8611021843266751,0.11106877649399426,1.0,1.082902615407232,1.082902615407232,0.004329334233312285
boxcar_independent,8,6,6,0,2,13,True,0.14726687995446863,0.0810326599700814,0.9999999999999684,0.18215747494112533,0.18215747494112533,0.0006568394771412604
boxcar_independent,9,6,6,0,5,13,True,0.8946636782744507,0.20258164992520347,0.9999999999999685,1.0991975012796367,1.0991975012796367,0.008734876361762508
boxcar_independent,10,6,6,0.5,2,13,True,0.3765133485994348,0.08258767888082215,0.9999999999999848,0.5271180888122986,0.5271180888122986,0.0012120684274319392
boxcar_independent,11,6,6,0.5,5,13,True,0.8171051143856799,0.20646919720205534,0.9999999999999849,1.0397902297539234,1.0397902297539234,0.008488107939411094
boxcar_independent,12,30,1,0,2,13,False,0.0,0.03185835624898194,1.0,0.0,0.0,0.0
boxcar_independent,13,30,1,0,5,13,False,0.0,0.07964589062245483,1.0000000000000002,0.0,0.0,0.0
boxcar_independent,14,30,1,0.5,2,13,False,0.0,0.04940188602474281,0.9999999999999998,0.0,0.0,0.0
boxcar_independent,15,30,1,0.5,5,13,False,0.0,0.12350471506185697,1.0000000000000002,0.0,0.0,0.0
boxcar_independent,16,30,3,0,2,13,False,0.02223161991688802,0.07941062582664128,1.0,0.03199576605448628,0.03199576605448628,0.00026128421190149584
boxcar_independent,17,30,3,0,5,13,True,0.5255800876125036,0.19852656456660317,1.0000000000000002,0.7126972414843601,0.7126972414843601,0.007083705300440554
boxcar_independent,18,30,3,0.5,2,13,False,0.0027536471314938077,0.08543687068784347,0.9999999999999999,0.005758604804491253,0.005758604804491253,4.3547368650249306e-05
boxcar_independent,19,30,3,0.5,5,13,True,0.5633229429362578,0.2135921767196086,1.0000000000000004,0.7468452840139927,0.7468452840139927,0.007707884251094128
boxcar_independent,20,30,6,0,2,13,True,0.09693408163694404,0.15583085341113362,0.9999999999999682,0.15011005461590582,0.15011005461590582,0.0016910894825846814
boxcar_independent,21,30,6,0,5,13,True,0.5777321863767204,0.389577133527834,0.9999999999999682,0.7745290901397992,0.7745290901397992,0.015495605344713712
boxcar_independent,22,30,6,0.5,2,13,True,0.1405156924271513,0.15882125165328262,0.9999999999999846,0.24792175803256075,0.24792175803256075,0.0023043815910756926
boxcar_independent,23,30,6,0.5,5,13,True,0.568063614757336,0.39705312913320634,0.9999999999999849,0.7699574374359744,0.7699574374359744,0.015060131658211219
boxcar_independent,0,6,1,0,2,14,False,0.0,0.016566471225813277,0.9999999999999997,0.0,0.0,0.0
boxcar_independent,1,6,1,0,5,14,False,0.0,0.04141617806453318,0.9999999999999999,0.0,0.0,0.0
boxcar_independent,2,6,1,0.5,2,14,False,0.0,0.025689176080952437,1.0,0.0,0.0,0.0
boxcar_independent,3,6,1,0.5,5,14,False,0.0,0.06422294020238109,0.9999999999999998,0.0,0.0,0.0
boxcar_independent,4,6,3,0,2,14,False,0.0,0.04129383944041109,0.9999999999999999,0.0,0.0,0.0
boxcar_independent,5,6,3,0,5,14,True,0.5254963897184594,0.10323459860102767,1.0000000000000004,0.4775119250801777,0.4775119250801777,0.0011540052692316067
boxcar_independent,6,6,3,0.5,2,14,False,0.0,0.044427510597597704,1.0000000000000002,0.0,0.0,0.0
boxcar_independent,7,6,3,0.5,5,14,True,0.7129909705434642,0.11106877649399426,1.0,0.6677257430680251,0.6677257430680251,0.0022753500119755262
boxcar_independent,8,6,6,0,2,14,False,0.0,0.0810326599700814,0.9999999999999684,0.0,0.0,0.0
boxcar_independent,9,6,6,0,5,14,True,0.42941957641167217,0.20258164992520347,0.9999999999999685,0.41101539510913043,0.41101539510913043,0.002601955276852396
boxcar_independent,10,6,6,0.5,2,14,False,0.0,0.08258767888082215,0.9999999999999848,0.0,0.0,0.0
boxcar_independent,11,6,6,0.5,5,14,True,0.5080675508764134,0.20646919720205534,0.9999999999999849,0.4866980212547021,0.4866980212547021,0.003189844753630762
boxcar_independent,12,30,1,0,2,14,False,0.0,0.03185835624898194,1.0,0.0,0.0,0.0
boxcar_independent,13,30,1,0,5,14,False,0.0,0.07964589062245483,1.0000000000000002,0.0,0.0,0.0
boxcar_independent,14,30,1,0.5,2,14,False,0.0,0.04940188602474281,0.9999999999999998,0.0,0.0,0.0
boxcar_independent,15,30,1,0.5,5,14,False,0.0,0.12350471506185697,1.0000000000000002,0.0,0.0,0.0
boxcar_independent,16,30,3,0,2,14,False,0.0,0.07941062582664128,1.0,0.0,0.0,0.0
boxcar_independent,17,30,3,0,5,14,True,0.1990433317112408,0.19852656456660317,1.0000000000000002,0.1690906999936901,0.1690906999936901,0.002460426328739086
boxcar_independent,18,30,3,0.5,2,14,False,0.0,0.08543687068784347,0.9999999999999999,0.0,0.0,0.0
boxcar_independent,19,30,3,0.5,5,14,True,0.46013270342561247,0.2135921767196086,1.0000000000000004,0.4360249803193854,0.4360249803193854,0.005530515818581662
boxcar_independent,20,30,6,0,2,14,False,0.0,0.15583085341113362,0.9999999999999682,0.0,0.0,0.0
boxcar_independent,21,30,6,0,5,14,True,0.34508510549383664,0.389577133527834,0.9999999999999682,0.3464492186682762,0.3464492186682762,0.007914734252182812
boxcar_independent,22,30,6,0.5,2,14,False,0.0,0.15882125165328262,0.9999999999999846,0.0,0.0,0.0
boxcar_independent,23,30,6,0.5,5,14,True,0.359978583032366,0.39705312913320634,0.9999999999999849,0.3473175120176713,0.3473175120176713,0.00837561057039795
boxcar_independent,0,6,1,0,2,15,False,0.0,0.016566471225813277,0.9999999999999997,0.0,0.0,0.0
boxcar_independent,1,6,1,0,5,15,False,0.0,0.04141617806453318,0.9999999999999999,0.0,0.0,0.0
boxcar_independent,2,6,1,0.5,2,15,False,0.0,0.025689176080952437,1.0,0.0,0.0,0.0
boxcar_independent,3,6,1,0.5,5,15,False,0.0,0.06422294020238109,0.9999999999999998,0.0,0.0,0.0
boxcar_independent,4,6,3,0,2,15,False,0.0,0.04129383944041109,0.9999999999999999,0.0,0.0,0.0
boxcar_independent,5,6,3,0,5,15,True,0.6728009266710592,0.10323459860102767,1.0000000000000004,0.6457374951207397,0.6457374951207397,0.0016330263243843491
boxcar_independent,6,6,3,0.5,2,15,False,0.0,0.044427510597597704,1.0000000000000002,0.0,0.0,0.0
boxcar_independent,7,6,3,0.5,5,15,True,0.7026565401719306,0.11106877649399426,1.0,0.6632020535295774,0.6632020535295774,0.002329784222788338
boxcar_independent,8,6,6,0,2,15,False,0.0,0.0810326599700814,0.9999999999999684,0.0,0.0,0.0
boxcar_independent,9,6,6,0,5,15,True,0.7977838695640459,0.20258164992520347,0.9999999999999685,0.8643612021717084,0.8643612021717084,0.004753921077652217
boxcar_independent,10,6,6,0.5,2,15,False,0.0,0.08258767888082215,0.9999999999999848,0.0,0.0,0.0
boxcar_independent,11,6,6,0.5,5,15,True,0.7768153423056097,0.20646919720205534,0.9999999999999849,0.8362999393405482,0.8362999393405482,0.0047502921302646954
boxcar_independent,12,30,1,0,2,15,False,0.0,0.03185835624898194,1.0,0.0,0.0,0.0
boxcar_independent,13,30,1,0,5,15,False,0.0,0.07964589062245483,1.0000000000000002,0.0,0.0,0.0
boxcar_independent,14,30,1,0.5,2,15,False,0.0,0.04940188602474281,0.9999999999999998,0.0,0.0,0.0
boxcar_independent,15,30,1,0.5,5,15,False,0.0,0.12350471506185697,1.0000000000000002,0.0,0.0,0.0
boxcar_independent,16,30,3,0,2,15,False,0.0,0.07941062582664128,1.0,0.0,0.0,0.0
boxcar_independent,17,30,3,0,5,15,True,0.34613860092868814,0.19852656456660317,1.0000000000000002,0.3404766050823376,0.3404766050823376,0.0036362052822958174
boxcar_independent,18,30,3,0.5,2,15,False,0.0,0.08543687068784347,0.9999999999999999,0.0,0.0,0.0
boxcar_independent,19,30,3,0.5,5,15,True,0.381256083790035,0.2135921767196086,1.0000000000000004,0.391082876328222,0.391082876328222,0.004420057918000305
boxcar_independent,20,30,6,0,2,15,False,0.0,0.15583085341113362,0.9999999999999682,0.0,0.0,0.0
boxcar_independent,21,30,6,0,5,15,True,0.4549918378354147,0.389577133527834,0.9999999999999682,0.5136959793920676,0.5136959793920676,0.010857810583462161
boxcar_independent,22,30,6,0.5,2,15,False,0.0,0.15882125165328262,0.9999999999999846,0.0,0.0,0.0
boxcar_independent,23,30,6,0.5,5,15,True,0.4661416967682894,0.39705312913320634,0.9999999999999849,0.5038753425348884,0.5038753425348884,0.010723539530123892
boxcar_independent,0,6,1,0,2,16,False,0.0,0.016566471225813277,0.9999999999999997,1.1376708013159804,0.0,0.001164892111394169
boxcar_independent,1,6,1,0,5,16,False,0.0,0.04141617806453318,0.9999999999999999,0.45506832052639234,0.0,0.001164892111394169
boxcar_independent,2,6,1,0.5,2,16,False,0.0,0.025689176080952437,1.0,0.7336627120720938,0.0,0.001164892111394169
boxcar_independent,3,6,1,0.5,5,16,False,1.0537111342751884e-10,0.06422294020238109,0.9999999999999998,0.3050422562118352,0.011577171382997749,0.0012411000065321053
boxcar_independent,4,6,3,0,2,16,False,0.0,0.04129383944041109,0.9999999999999999,0.4564165224124167,0.0,0.001164892111394169
boxcar_independent,5,6,3,0,5,16,True,0.76041824188923,0.10323459860102767,1.0000000000000004,0.9900284446905357,0.807461835725569,0.0055958368715570365
boxcar_independent,6,6,3,0.5,2,16,False,0.0,0.044427510597597704,1.0000000000000002,0.4242234224005393,0.0,0.001164892111394169
boxcar_independent,7,6,3,0.5,5,16,True,0.8745681283006936,0.11106877649399426,1.0,1.0405914983198203,0.8709021293596045,0.006336142138611275
boxcar_independent,8,6,6,0,2,16,False,0.09058821577461018,0.0810326599700814,0.9999999999999684,0.32107197107938956,0.08848438724087528,0.0016765736930345985
boxcar_independent,9,6,6,0,5,16,True,0.7621872374141178,0.20258164992520347,0.9999999999999685,0.9311140766133094,0.8380790430779036,0.010727168477511413
boxcar_independent,10,6,6,0.5,2,16,False,0.018352529109687928,0.08258767888082215,0.9999999999999848,0.23679848940533796,0.00859022819912951,0.001295534217344917
boxcar_independent,11,6,6,0.5,5,16,True,0.8313595510275783,0.20646919720205534,0.9999999999999849,0.9786262082149918,0.8873429037325083,0.01108280532148845
boxcar_independent,12,30,1,0,2,16,False,0.0,0.03185835624898194,1.0,0.5915933153346982,0.0,0.001164892111394169
boxcar_independent,13,30,1,0,5,16,False,0.0045353655326363,0.07964589062245483,1.0000000000000002,0.307768388544607,0.07113106241072768,0.001491497376271039
boxcar_independent,14,30,1,0.5,2,16,False,0.004764126999492697,0.04940188602474281,0.9999999999999998,0.4385233379211784,0.05701582654783614,0.0013826289546454156
boxcar_independent,15,30,1,0.5,5,16,False,0.016792882828270687,0.12350471506185697,1.0000000000000002,0.33441150311518814,0.18180849856585118,0.0026672763298277702
boxcar_independent,16,30,3,0,2,16,False,0.03187119002006159,0.07941062582664128,1.0,0.3335734753933179,0.09623507894756005,0.001828989483310471
boxcar_independent,17,30,3,0,5,16,True,0.6028641137031969,0.19852656456660317,1.0000000000000002,0.8830755707312817,0.7881402121529785,0.011166271111401426
boxcar_independent,18,30,3,0.5,2,16,False,0.013277294742903819,0.08543687068784347,0.9999999999999999,0.27110860619304894,0.05051074905347525,0.00173100790384741
boxcar_independent,19,30,3,0.5,5,16,True,0.6644427145971916,0.2135921767196086,1.0000000000000004,0.9978398105803266,0.909600667724497,0.013231142174900748
boxcar_independent,20,30,6,0,2,16,False,0.09054110170919406,0.15583085341113362,0.9999999999999682,0.2672810269010961,0.1463345635924215,0.0033858079125568836
boxcar_independent,21,30,6,0,5,16,True,0.6165574214304054,0.389577133527834,0.9999999999999682,0.8996858551674388,0.851307269843969,0.021033379058070414
boxcar_independent,22,30,6,0.5,2,16,False,0.07807923998207167,0.15882125165328262,0.9999999999999846,0.23909098041161678,0.12042178218873789,0.003269681596156219
boxcar_independent,23,30,6,0.5,5,16,True,0.6252264619203507,0.39705312913320634,0.9999999999999849,0.8696658785405799,0.8221981992514283,0.021486997481510513
boxcar_independent,0,6,1,0,2,17,False,5.777927883358391e-19,0.016566471225813277,0.9999999999999997,0.11939979483175137,0.0,0.0001197552637881856
boxcar_independent,1,6,1,0,5,17,False,5.295802547441215e-07,0.04141617806453318,0.9999999999999999,0.05478872578636482,0.007028807853664251,0.00014152894811331025
boxcar_independent,2,6,1,0.5,2,17,False,4.479515137279553e-20,0.025689176080952437,1.0,0.07699870401506786,0.0,0.0001197552637881856
boxcar_independent,3,6,1,0.5,5,17,True,0.5152132263235316,0.06422294020238109,0.9999999999999998,0.6102045450790934,0.5794050634730663,0.0010124763211182965
boxcar_independent,4,6,3,0,2,17,False,4.527607027166563e-06,0.04129383944041109,0.9999999999999999,0.047876996663958685,-2.4416531164788014e-05,0.00013064210595074792
boxcar_independent,5,6,3,0,5,17,True,0.7909239876304671,0.10323459860102767,1.0000000000000004,0.9919484342446768,0.9727878689666274,0.002750742119740748
boxcar_independent,6,6,3,0.5,2,17,False,1.041333459225681e-18,0.044427510597597704,1.0000000000000002,0.04452271214032808,0.0,0.0001197552637881856
boxcar_independent,7,6,3,0.5,5,17,True,0.8957825895334428,0.11106877649399426,1.0,1.1858354171113366,1.1680263322552054,0.004499894760525762
boxcar_independent,8,6,6,0,2,17,False,0.02753602498018815,0.0810326599700814,0.9999999999999684,0.09152614608487243,0.06711582478752713,0.000664097371916302
boxcar_independent,9,6,6,0,5,17,True,0.7558174522057826,0.20258164992520347,0.9999999999999685,0.9442445974146316,0.9344804688956936,0.006949434247102286
boxcar_independent,10,6,6,0.5,2,17,False,0.002821346466112967,0.08258767888082215,0.9999999999999848,0.05800829958532755,0.034057592987765804,0.0004354736865024931
boxcar_independent,11,6,6,0.5,5,17,True,0.7587353933139279,0.20646919720205534,0.9999999999999849,0.9474528017829361,0.9378725191439113,0.006909515825839557
boxcar_independent,12,30,1,0,2,17,False,3.2833147442479487e-09,0.03185835624898194,1.0,0.06208836873410375,3.283314754495903e-09,0.0001197552637881856
boxcar_independent,13,30,1,0,5,17,False,0.006743474685199648,0.07964589062245483,1.0000000000000002,0.04526629457709337,0.02043094839677777,0.00022862368541380886
boxcar_independent,14,30,1,0.5,2,17,False,2.5454900777963806e-10,0.04940188602474281,0.9999999999999998,0.04003963081556697,2.545490141124508e-10,0.0001197552637881856
boxcar_independent,15,30,1,0.5,5,17,True,0.16619727913565843,0.12350471506185697,1.0000000000000002,0.237307991688128,0.22129213946372078,0.0012846473751823547
boxcar_independent,16,30,3,0,2,17,False,0.012758702526108258,0.07941062582664128,1.0,0.05837180405048721,0.0334628797742021,0.00033749210703943217
boxcar_independent,17,30,3,0,5,17,True,0.38571087213319993,0.19852656456660317,1.0000000000000002,0.5648618236874579,0.5548982539769438,0.004684971077289321
boxcar_independent,18,30,3,0.5,2,17,False,0.0036828922257001284,0.08543687068784347,0.9999999999999999,0.033093080760316904,0.009941094392800451,0.00020685000108868422
boxcar_independent,19,30,3,0.5,5,17,True,0.5708254512948041,0.2135921767196086,1.0000000000000004,0.8044003728557068,0.7951395783087002,0.007965539515608102
boxcar_independent,20,30,6,0,2,17,False,0.049073157842141404,0.15583085341113362,0.9999999999999682,0.10510691185609401,0.09241344825662628,0.0010886842162562327
boxcar_independent,21,30,6,0,5,17,True,0.49838332859880685,0.389577133527834,0.9999999999999682,0.6615667251597177,0.6564893397199305,0.011710613219529544
boxcar_independent,22,30,6,0.5,2,17,False,0.02979812172570352,0.15882125165328262,0.9999999999999846,0.08098487135810976,0.06853040921996721,0.0008165131621921746
boxcar_independent,23,30,6,0.5,5,17,True,0.5012417953656206,0.39705312913320634,0.9999999999999849,0.6635373417061186,0.6585555568508614,0.011725129009079627
boxcar_independent,0,6,1,0,2,18,False,0.0,0.016566471225813277,0.9999999999999997,0.0,0.0,0.0
boxcar_independent,1,6,1,0,5,18,False,0.0,0.04141617806453318,0.9999999999999999,0.0,0.0,0.0
boxcar_independent,2,6,1,0.5,2,18,False,0.0003226874888678896,0.025689176080952437,1.0,0.023256127183566924,0.023256127183566924,6.532105297537396e-05
boxcar_independent,3,6,1,0.5,5,18,False,0.21957311219156636,0.06422294020238109,0.9999999999999998,0.49204370526188984,0.49204370526188984,0.0017201210616848478
boxcar_independent,4,6,3,0,2,18,False,0.0,0.04129383944041109,0.9999999999999999,0.0,0.0,0.0
boxcar_independent,5,6,3,0,5,18,True,0.7517283140471899,0.10323459860102767,1.0000000000000004,0.9334689118156164,0.9334689118156164,0.0031680710693056374
boxcar_independent,6,6,3,0.5,2,18,False,0.00023631069269319243,0.044427510597597704,1.0000000000000002,0.013497039518919252,0.013497039518919252,6.532105297537396e-05
boxcar_independent,7,6,3,0.5,5,18,True,0.86448483958188,0.11106877649399426,1.0,1.0606378433890622,1.0606378433890622,0.004224094759074183
boxcar_independent,8,6,6,0,2,18,False,0.00013189808101554437,0.0810326599700814,0.9999999999999684,0.0056713616800899746,0.0056713616800899746,4.3547368650249306e-05
boxcar_independent,9,6,6,0,5,18,True,0.6660265558914807,0.20258164992520347,0.9999999999999685,0.7825227609446973,0.7825227609446973,0.005142218448116939
boxcar_independent,10,6,6,0.5,2,18,False,0.00014213807221498525,0.08258767888082215,0.9999999999999848,0.007275661842863457,0.007275661842863457,6.532105297537396e-05
boxcar_independent,11,6,6,0.5,5,18,True,0.7485778233861935,0.20646919720205534,0.9999999999999849,0.8971675090572959,0.8971675090572959,0.005900668452108781
boxcar_independent,12,30,1,0,2,18,False,0.0,0.03185835624898194,1.0,0.0,0.0,0.0
boxcar_independent,13,30,1,0,5,18,False,0.0,0.07964589062245483,1.0000000000000002,0.0,0.0,0.0
boxcar_independent,14,30,1,0.5,2,18,False,0.07319689627047786,0.04940188602474281,0.9999999999999998,0.1890525967927146,0.1890525967927146,0.0007076447405665512
boxcar_independent,15,30,1,0.5,5,18,False,0.2030239124954627,0.12350471506185697,1.0000000000000002,0.37748280648355936,0.37748280648355936,0.0020793868530494045
boxcar_independent,16,30,3,0,2,18,False,0.030198022281863718,0.07941062582664128,1.0,0.08754985301984705,0.08754985301984705,0.00032660526487686984
boxcar_independent,17,30,3,0,5,18,True,0.46131731464393544,0.19852656456660317,1.0000000000000002,0.600007504468435,0.600007504468435,0.00580268687264572
boxcar_independent,18,30,3,0.5,2,18,False,0.05360359436727331,0.08543687068784347,0.9999999999999999,0.12059446220263575,0.12059446220263575,0.0007076447405665512
boxcar_independent,19,30,3,0.5,5,18,True,0.5372538602455206,0.2135921767196086,1.0000000000000004,0.695581313853351,0.695581313853351,0.007461115828742715
boxcar_independent,20,30,6,0,2,18,False,0.028972889830053115,0.15583085341113362,0.9999999999999682,0.06317896875162696,0.06317896875162696,0.000598776318940928
boxcar_independent,21,30,6,0,5,18,True,0.43203039226221307,0.389577133527834,0.9999999999999682,0.5370313553404873,0.5370313553404873,0.010182826369383297
boxcar_independent,22,30,6,0.5,2,18,False,0.03224192473190512,0.15882125165328262,0.9999999999999846,0.06827923115618027,0.06827923115618027,0.0007076447405665512
boxcar_independent,23,30,6,0.5,5,18,True,0.45797988317844357,0.39705312913320634,0.9999999999999849,0.5766562468411176,0.5766562468411176,0.011075547426713407
boxcar_independent,0,6,1,0,2,19,False,0.0,0.016566471225813277,0.9999999999999997,0.0,0.0,0.0
boxcar_independent,1,6,1,0,5,19,False,0.0,0.04141617806453318,0.9999999999999999,0.0,0.0,0.0
boxcar_independent,2,6,1,0.5,2,19,False,0.0,0.025689176080952437,1.0,0.0,0.0,0.0
boxcar_independent,3,6,1,0.5,5,19,False,0.0,0.06422294020238109,0.9999999999999998,0.0,0.0,0.0
boxcar_independent,4,6,3,0,2,19,False,0.0,0.04129383944041109,0.9999999999999999,0.0,0.0,0.0
boxcar_independent,5,6,3,0,5,19,False,0.0,0.10323459860102767,1.0000000000000004,0.0,0.0,0.0
boxcar_independent,6,6,3,0.5,2,19,False,0.0,0.044427510597597704,1.0000000000000002,0.0,0.0,0.0
boxcar_independent,7,6,3,0.5,5,19,False,0.0,0.11106877649399426,1.0,0.0,0.0,0.0
boxcar_independent,8,6,6,0,2,19,False,0.0,0.0810326599700814,0.9999999999999684,0.0,0.0,0.0
boxcar_independent,9,6,6,0,5,19,False,0.3015188902969352,0.20258164992520347,0.9999999999999685,0.38992533257624223,0.38992533257624223,0.0021737394851249446
boxcar_independent,10,6,6,0.5,2,19,False,0.0,0.08258767888082215,0.9999999999999848,0.0,0.0,0.0
boxcar_independent,11,6,6,0.5,5,19,False,0.19440455481397068,0.20646919720205534,0.9999999999999849,0.2571047051795057,0.2571047051795057,0.001328194743832604
boxcar_independent,12,30,1,0,2,19,False,0.0,0.03185835624898194,1.0,0.0,0.0,0.0
boxcar_independent,13,30,1,0,5,19,False,0.0,0.07964589062245483,1.0000000000000002,0.0,0.0,0.0
boxcar_independent,14,30,1,0.5,2,19,False,0.0,0.04940188602474281,0.9999999999999998,0.0,0.0,0.0
boxcar_independent,15,30,1,0.5,5,19,False,0.06326665591730819,0.12350471506185697,1.0000000000000002,0.05459319261596169,0.05459319261596169,0.00046813421299018006
boxcar_independent,16,30,3,0,2,19,False,0.0,0.07941062582664128,1.0,0.0,0.0,0.0
boxcar_independent,17,30,3,0,5,19,False,0.0,0.19852656456660317,1.0000000000000002,0.0,0.0,0.0
boxcar_independent,18,30,3,0.5,2,19,False,0.0,0.08543687068784347,0.9999999999999999,0.0,0.0,0.0
boxcar_independent,19,30,3,0.5,5,19,False,0.056234119853963704,0.2135921767196086,1.0000000000000004,0.04295428503833303,0.04295428503833303,0.0006205500032660527
boxcar_independent,20,30,6,0,2,19,False,0.0,0.15583085341113362,0.9999999999999682,0.0,0.0,0.0
boxcar_independent,21,30,6,0,5,19,False,0.17905268736567764,0.389577133527834,0.9999999999999682,0.2405900270000236,0.2405900270000236,0.004456347391875512
boxcar_independent,22,30,6,0.5,2,19,False,0.0,0.15882125165328262,0.9999999999999846,0.0,0.0,0.0
boxcar_independent,23,30,6,0.5,5,19,False,0.11893792941960969,0.39705312913320634,0.9999999999999849,0.15447231413584125,0.15447231413584125,0.0029031579100166206
boxcar_independent,0,6,1,0,2,20,False,0.0,0.016566471225813277,0.9999999999999997,0.0,0.0,0.0
boxcar_independent,1,6,1,0,5,20,False,0.0,0.04141617806453318,0.9999999999999999,0.0,0.0,0.0
boxcar_independent,2,6,1,0.5,2,20,False,0.0,0.025689176080952437,1.0,0.0,0.0,0.0
boxcar_independent,3,6,1,0.5,5,20,False,0.0,0.06422294020238109,0.9999999999999998,0.0,0.0,0.0
boxcar_independent,4,6,3,0,2,20,False,0.0,0.04129383944041109,0.9999999999999999,0.0,0.0,0.0
boxcar_independent,5,6,3,0,5,20,True,0.5766451845514471,0.10323459860102767,1.0000000000000004,0.6402743717638314,0.6402743717638314,0.0013390815859951662
boxcar_independent,6,6,3,0.5,2,20,False,0.0,0.044427510597597704,1.0000000000000002,0.0,0.0,0.0
boxcar_independent,7,6,3,0.5,5,20,False,0.0,0.11106877649399426,1.0,0.0,0.0,0.0
boxcar_independent,8,6,6,0,2,20,False,0.0,0.0810326599700814,0.9999999999999684,0.0,0.0,0.0
boxcar_independent,9,6,6,0,5,20,True,0.5364916430912979,0.20258164992520347,0.9999999999999685,0.5909206635171785,0.5909206635171785,0.0027434842249657062
boxcar_independent,10,6,6,0.5,2,20,False,0.0,0.08258767888082215,0.9999999999999848,0.0,0.0,0.0
boxcar_independent,11,6,6,0.5,5,20,True,0.48810760835641503,0.20646919720205534,0.9999999999999849,0.5399456661533016,0.5399456661533016,0.0023225263280132963
boxcar_independent,12,30,1,0,2,20,False,0.0,0.03185835624898194,1.0,0.0,0.0,0.0
boxcar_independent,13,30,1,0,5,20,False,0.0,0.07964589062245483,1.0000000000000002,0.0,0.0,0.0
boxcar_independent,14,30,1,0.5,2,20,False,0.0,0.04940188602474281,0.9999999999999998,0.0,0.0,0.0
boxcar_independent,15,30,1,0.5,5,20,False,0.0,0.12350471506185697,1.0000000000000002,0.0,0.0,0.0
boxcar_independent,16,30,3,0,2,20,False,0.0,0.07941062582664128,1.0,0.0,0.0,0.0
boxcar_independent,17,30,3,0,5,20,True,0.25741417777727865,0.19852656456660317,1.0000000000000002,0.3516166565902841,0.3516166565902841,0.0026455026455026454
boxcar_independent,18,30,3,0.5,2,20,False,0.0,0.08543687068784347,0.9999999999999999,0.0,0.0,0.0
boxcar_independent,19,30,3,0.5,5,20,False,0.06635120481698074,0.2135921767196086,1.0000000000000004,0.09191320167355124,0.09191320167355124,0.0007294184248916759
boxcar_independent,20,30,6,0,2,20,False,0.0,0.15583085341113362,0.9999999999999682,0.0,0.0,0.0
boxcar_independent,21,30,6,0,5,20,True,0.2838392923541767,0.389577133527834,0.9999999999999682,0.34224658637879685,0.34224658637879685,0.005392615817855872
boxcar_independent,22,30,6,0.5,2,20,False,0.0,0.15882125165328262,0.9999999999999846,0.0,0.0,0.0
boxcar_independent,23,30,6,0.5,5,20,True,0.26658171800280994,0.39705312913320634,0.9999999999999849,0.33742597418329356,0.33742597418329356,0.005439792133893642
boxcar_independent,0,6,1,0,2,21,False,0.0,0.016566471225813277,0.9999999999999997,0.0,0.0,0.0
boxcar_independent,1,6,1,0,5,21,False,0.0,0.04141617806453318,0.9999999999999999,0.0,0.0,0.0
boxcar_independent,2,6,1,0.5,2,21,False,0.0,0.025689176080952437,1.0,0.0,0.0,0.0
boxcar_independent,3,6,1,0.5,5,21,True,0.7705631348472384,0.06422294020238109,0.9999999999999998,0.9353085895827443,0.9353085895827443,0.0012084394800444182
boxcar_independent,4,6,3,0,2,21,False,0.0,0.04129383944041109,0.9999999999999999,0.0,0.0,0.0
boxcar_independent,5,6,3,0,5,21,True,0.8456406099113397,0.10323459860102767,1.0000000000000004,0.9900556887627335,0.9900556887627335,0.00285235264659133
boxcar_independent,6,6,3,0.5,2,21,False,0.0,0.044427510597597704,1.0000000000000002,0.0,0.0,0.0
boxcar_independent,7,6,3,0.5,5,21,True,0.8723922869408011,0.11106877649399426,1.0,0.9906931354660624,0.9906931354660624,0.003077347384617618
boxcar_independent,8,6,6,0,2,21,False,0.0,0.0810326599700814,0.9999999999999684,0.0,0.0,0.0
boxcar_independent,9,6,6,0,5,21,True,0.6388647194995274,0.20258164992520347,0.9999999999999685,0.6861399725846354,0.6861399725846354,0.0036144315979706925
boxcar_independent,10,6,6,0.5,2,21,False,0.0,0.08258767888082215,0.9999999999999848,0.0,0.0,0.0
boxcar_independent,11,6,6,0.5,5,21,True,0.6435372603849756,0.20646919720205534,0.9999999999999849,0.7098725266752016,0.7098725266752016,0.0038430552833845014
boxcar_independent,12,30,1,0,2,21,False,0.0,0.03185835624898194,1.0,0.0,0.0,0.0
boxcar_independent,13,30,1,0,5,21,False,0.008883906496131341,0.07964589062245483,1.0000000000000002,0.009793188094922316,0.009793188094922316,9.798157946306095e-05
boxcar_independent,14,30,1,0.5,2,21,False,0.0,0.04940188602474281,0.9999999999999998,0.0,0.0,0.0
boxcar_independent,15,30,1,0.5,5,21,True,0.29011110003273083,0.12350471506185697,1.0000000000000002,0.39757102753856355,0.39757102753856355,0.0021447079060247782
boxcar_independent,16,30,3,0,2,21,False,0.0,0.07941062582664128,1.0,0.0,0.0,0.0
boxcar_independent,17,30,3,0,5,21,True,0.4791791477822977,0.19852656456660317,1.0000000000000002,0.5341051115114528,0.5341051115114528,0.005788171083095637
boxcar_independent,18,30,3,0.5,2,21,False,0.0,0.08543687068784347,0.9999999999999999,0.0,0.0,0.0
boxcar_independent,19,30,3,0.5,5,21,True,0.5128020623496081,0.2135921767196086,1.0000000000000004,0.5493425663050602,0.5493425663050602,0.006074857926709779
boxcar_independent,20,30,6,0,2,21,False,0.0,0.15583085341113362,0.9999999999999682,0.0,0.0,0.0
boxcar_independent,21,30,6,0,5,21,True,0.41463042990998183,0.389577133527834,0.9999999999999682,0.3890850766191129,0.3890850766191129,0.008952613205013754
boxcar_independent,22,30,6,0.5,2,21,False,0.0,0.15882125165328262,0.9999999999999846,0.0,0.0,0.0
boxcar_independent,23,30,6,0.5,5,21,True,0.4122644724199264,0.39705312913320634,0.9999999999999849,0.4033104258874828,0.4033104258874828,0.009043336889701773
boxcar_independent,0,6,1,0,2,22,False,0.0,0.016566471225813277,0.9999999999999997,0.6655390230239381,0.0,0.0007511921092168006
boxcar_independent,1,6,1,0,5,22,False,0.0,0.04141617806453318,0.9999999999999999,0.2662156092095753,0.0,0.0007511921092168006
boxcar_independent,2,6,1,0.5,2,22,False,0.0,0.025689176080952437,1.0,0.4291937211157599,0.0,0.0007511921092168006
boxcar_independent,3,6,1,0.5,5,22,False,0.0,0.06422294020238109,0.9999999999999998,0.17167748844630396,0.0,0.0007511921092168006
boxcar_independent,4,6,3,0,2,22,False,-1.957972668967972e-21,0.04129383944041109,0.9999999999999999,0.26700430921402807,0.0,0.0007511921092168006
boxcar_independent,5,6,3,0,5,22,True,0.8104516884161855,0.10323459860102767,1.0000000000000004,1.1190459100013475,1.0122441863157363,0.0034184684390445707
boxcar_independent,6,6,3,0.5,2,22,False,-8.129317012418969e-21,0.044427510597597704,1.0000000000000002,0.24817130031089635,0.0,0.0007511921092168006
boxcar_independent,7,6,3,0.5,5,22,True,0.8570573210111869,0.11106877649399426,1.0,1.223027289968218,1.1237587698438594,0.004354736865024931
boxcar_independent,8,6,6,0,2,22,True,0.17592584680959708,0.0810326599700814,0.9999999999999684,0.38829855945422087,0.2522344949319308,0.0013173079016700416
boxcar_independent,9,6,6,0,5,22,True,0.6697627550173838,0.20258164992520347,0.9999999999999685,0.9159888397000537,0.8615632138911377,0.006619200034837895
boxcar_independent,10,6,6,0.5,2,22,True,0.3106849720033652,0.08258767888082215,0.9999999999999848,0.5561064431016915,0.42260428849467746,0.00173100790384741
boxcar_independent,11,6,6,0.5,5,22,True,0.6572442740087646,0.20646919720205534,0.9999999999999849,0.8993707479486652,0.8459698861058597,0.006601055297900291
boxcar_independent,12,30,1,0,2,22,False,0.0,0.03185835624898194,1.0,0.3460829236892686,0.0,0.0007511921092168006
boxcar_independent,13,30,1,0,5,22,False,0.0,0.07964589062245483,1.0000000000000002,0.13843316947570744,0.0,0.0007511921092168006
boxcar_independent,14,30,1,0.5,2,22,False,0.0,0.04940188602474281,0.9999999999999998,0.22318243212536035,0.0,0.0007511921092168006
boxcar_independent,15,30,1,0.5,5,22,False,0.0,0.12350471506185697,1.0000000000000002,0.08927297285014418,0.0,0.0007511921092168006
boxcar_independent,16,30,3,0,2,22,False,1.482384580266345e-12,0.07941062582664128,1.0,0.13884329659823313,1.4823925852146474e-12,0.0007511921092168006
boxcar_independent,17,30,3,0,5,22,True,0.406827019602157,0.19852656456660317,1.0000000000000002,0.5937745019703538,0.5382371833316534,0.0053490684492056234
boxcar_independent,18,30,3,0.5,2,22,False,6.092308360491152e-12,0.08543687068784347,0.9999999999999999,0.12905005750253043,6.092307795333038e-12,0.0007511921092168006
boxcar_independent,19,30,3,0.5,5,22,True,0.5077197660682586,0.2135921767196086,1.0000000000000004,0.7230669748956231,0.6714469518970478,0.006963950036652369
boxcar_independent,20,30,6,0,2,22,True,0.07062241035705673,0.15583085341113362,0.9999999999999682,0.2225072942462134,0.15175344266142704,0.0018689079045731995
boxcar_independent,21,30,6,0,5,22,True,0.43395630030732507,0.389577133527834,0.9999999999999682,0.5733291233696275,0.545027582735713,0.010400563212634543
boxcar_independent,22,30,6,0.5,2,22,True,0.09619233877868624,0.15882125165328262,0.9999999999999846,0.2529091009087186,0.18348745261034327,0.0022209158011627147
boxcar_independent,23,30,6,0.5,5,22,True,0.43327984819986204,0.39705312913320634,0.9999999999999849,0.5631491983689155,0.5353805390495653,0.010498544792097605
boxcar_independent,0,6,1,0,2,23,False,0.0,0.016566471225813277,0.9999999999999997,0.0,0.0,0.0
boxcar_independent,1,6,1,0,5,23,False,0.0,0.04141617806453318,0.9999999999999999,0.0,0.0,0.0
boxcar_independent,2,6,1,0.5,2,23,False,0.0,0.025689176080952437,1.0,0.0,0.0,0.0
boxcar_independent,3,6,1,0.5,5,23,False,0.0,0.06422294020238109,0.9999999999999998,0.0,0.0,0.0
boxcar_independent,4,6,3,0,2,23,False,0.0,0.04129383944041109,0.9999999999999999,0.0,0.0,0.0
boxcar_independent,5,6,3,0,5,23,True,0.7565110477385285,0.10323459860102767,1.0000000000000004,0.7865453869531541,0.7865453869531541,0.0015060131658211219
boxcar_independent,6,6,3,0.5,2,23,False,0.0,0.044427510597597704,1.0000000000000002,0.0,0.0,0.0
boxcar_independent,7,6,3,0.5,5,23,False,0.0,0.11106877649399426,1.0,0.0,0.0,0.0
boxcar_independent,8,6,6,0,2,23,False,0.0,0.0810326599700814,0.9999999999999684,0.0,0.0,0.0
boxcar_independent,9,6,6,0,5,23,True,0.7494249294135109,0.20258164992520347,0.9999999999999685,0.7630956566141152,0.7630956566141152,0.00477206581458982
boxcar_independent,10,6,6,0.5,2,23,False,0.0,0.08258767888082215,0.9999999999999848,0.0,0.0,0.0
boxcar_independent,11,6,6,0.5,5,23,True,0.7976000030957936,0.20646919720205534,0.9999999999999849,0.8396486582909942,0.8396486582909942,0.005512371081644058
boxcar_independent,12,30,1,0,2,23,False,0.0,0.03185835624898194,1.0,0.0,0.0,0.0
boxcar_independent,13,30,1,0,5,23,False,0.0,0.07964589062245483,1.0000000000000002,0.0,0.0,0.0
boxcar_independent,14,30,1,0.5,2,23,False,0.0,0.04940188602474281,0.9999999999999998,0.0,0.0,0.0
boxcar_independent,15,30,1,0.5,5,23,False,0.0,0.12350471506185697,1.0000000000000002,0.0,0.0,0.0
boxcar_independent,16,30,3,0,2,23,False,0.0,0.07941062582664128,1.0,0.0,0.0,0.0
boxcar_independent,17,30,3,0,5,23,True,0.3374324683857214,0.19852656456660317,1.0000000000000002,0.35675261721476087,0.35675261721476087,0.003523707913282673
boxcar_independent,18,30,3,0.5,2,23,False,0.0,0.08543687068784347,0.9999999999999999,0.0,0.0,0.0
boxcar_independent,19,30,3,0.5,5,23,False,0.1033627050971477,0.2135921767196086,1.0000000000000004,0.09159549145793894,0.09159549145793894,0.0016257684296093074
boxcar_independent,20,30,6,0,2,23,False,0.0,0.15583085341113362,0.9999999999999682,0.0,0.0,0.0
boxcar_independent,21,30,6,0,5,23,True,0.44751600616127435,0.389577133527834,0.9999999999999682,0.531814952337242,0.531814952337242,0.010400563212634543
boxcar_independent,22,30,6,0.5,2,23,False,2.132341372812457e-05,0.15882125165328262,0.9999999999999846,0.0006455806265934884,0.0006455806265934884,2.1773684325124653e-05
boxcar_independent,23,30,6,0.5,5,23,True,0.4791882664867941,0.39705312913320634,0.9999999999999849,0.5794490523267873,0.5794490523267873,0.011536423744928546
boxcar_independent,0,6,1,0,2,24,False,0.0,0.016566471225813277,0.9999999999999997,0.0,0.0,0.0
boxcar_independent,1,6,1,0,5,24,False,0.0,0.04141617806453318,0.9999999999999999,0.0,0.0,0.0
boxcar_independent,2,6,1,0.5,2,24,False,0.0,0.025689176080952437,1.0,0.0,0.0,0.0
boxcar_independent,3,6,1,0.5,5,24,False,0.0,0.06422294020238109,0.9999999999999998,0.0,0.0,0.0
boxcar_independent,4,6,3,0,2,24,False,0.0,0.04129383944041109,0.9999999999999999,0.0,0.0,0.0
boxcar_independent,5,6,3,0,5,24,True,0.7685508937906694,0.10323459860102767,1.0000000000000004,0.8224974862023458,0.8224974862023458,0.0016765736930345985
boxcar_independent,6,6,3,0.5,2,24,False,0.0,0.044427510597597704,1.0000000000000002,0.0,0.0,0.0
boxcar_independent,7,6,3,0.5,5,24,True,0.6327848507145845,0.11106877649399426,1.0,0.6431811571258608,0.6431811571258608,0.001988663168361385
boxcar_independent,8,6,6,0,2,24,False,0.0005004955199770008,0.0810326599700814,0.9999999999999684,0.0035165755691124964,0.0035165755691124964,1.0886842162562326e-05
boxcar_independent,9,6,6,0,5,24,True,0.6859845261900657,0.20258164992520347,0.9999999999999685,0.6921190120169062,0.6921190120169062,0.004147886863936246
boxcar_independent,10,6,6,0.5,2,24,False,0.0,0.08258767888082215,0.9999999999999848,0.0,0.0,0.0
boxcar_independent,11,6,6,0.5,5,24,True,0.6711197086291906,0.20646919720205534,0.9999999999999849,0.6797573701665346,0.6797573701665346,0.003970068441947729
boxcar_independent,12,30,1,0,2,24,False,0.0,0.03185835624898194,1.0,0.0,0.0,0.0
boxcar_independent,13,30,1,0,5,24,False,0.0,0.07964589062245483,1.0000000000000002,0.0,0.0,0.0
boxcar_independent,14,30,1,0.5,2,24,False,0.0,0.04940188602474281,0.9999999999999998,0.0,0.0,0.0
boxcar_independent,15,30,1,0.5,5,24,False,0.008835811496697217,0.12350471506185697,1.0000000000000002,0.03884793034928249,0.03884793034928249,0.00034837894920199445
boxcar_independent,16,30,3,0,2,24,False,0.0,0.07941062582664128,1.0,0.0,0.0,0.0
boxcar_independent,17,30,3,0,5,24,True,0.3396616358198977,0.19852656456660317,1.0000000000000002,0.39604561274640804,0.39604561274640804,0.004463605286650554
boxcar_independent,18,30,3,0.5,2,24,False,0.0,0.08543687068784347,0.9999999999999999,0.0,0.0,0.0
boxcar_independent,19,30,3,0.5,5,24,True,0.32941971510628903,0.2135921767196086,1.0000000000000004,0.3713619756644107,0.3713619756644107,0.004492636865750721
boxcar_independent,20,30,6,0,2,24,False,0.008656405622155436,0.15583085341113362,0.9999999999999682,0.02577710991731771,0.02577710991731771,0.00014152894811331025
boxcar_independent,21,30,6,0,5,24,True,0.37413106451510886,0.389577133527834,0.9999999999999682,0.4162001117242962,0.4162001117242962,0.008684071098337217
boxcar_independent,22,30,6,0.5,2,24,False,0.0031549675377710454,0.15882125165328262,0.9999999999999846,0.01044245639255134,0.01044245639255134,5.443421081281164e-05
boxcar_independent,23,30,6,0.5,5,24,True,0.3842869067191805,0.39705312913320634,0.9999999999999849,0.41654132185354603,0.41654132185354603,0.009025192152764169
boxcar_independent,0,6,1,0,2,25,False,0.0,0.016566471225813277,0.9999999999999997,0.12908752921246508,0.0,5.443421081281164e-05
boxcar_independent,1,6,1,0,5,25,False,0.00027761031057301454,0.04141617806453318,0.9999999999999999,0.0523192388305545,0.0006842271455684503,7.620789513793629e-05
boxcar_independent,2,6,1,0.5,2,25,False,0.0,0.025689176080952437,1.0,0.083246143495247,0.0,5.443421081281164e-05
boxcar_independent,3,6,1,0.5,5,25,False,0.0,0.06422294020238109,0.9999999999999998,0.0332984573980988,0.0,5.443421081281164e-05
boxcar_independent,4,6,3,0,2,25,False,0.0,0.04129383944041109,0.9999999999999999,0.051787987440490325,0.0,5.443421081281164e-05
boxcar_independent,5,6,3,0,5,25,True,0.7817880265461862,0.10323459860102767,1.0000000000000004,0.837506885197955,0.8167916902217589,0.002696307908927936
boxcar_independent,6,6,3,0.5,2,25,False,0.0,0.044427510597597704,1.0000000000000002,0.04813514890985741,0.0,5.443421081281164e-05
boxcar_independent,7,6,3,0.5,5,25,True,0.6950472561943806,0.11106877649399426,1.0,0.7852968672170096,0.7660428076530666,0.0021882552746750276
boxcar_independent,8,6,6,0,2,25,False,0.019989865254339875,0.0810326599700814,0.9999999999999684,0.045020070914530745,0.018629170762675774,8.709473730049861e-05
boxcar_independent,9,6,6,0,5,25,True,0.795151519251013,0.20258164992520347,0.9999999999999685,0.8543599032126244,0.8438035431518824,0.006405092138974169
boxcar_independent,10,6,6,0.5,2,25,False,3.875943888327299e-17,0.08258767888082215,0.9999999999999848,0.025893993720245208,3.6134172785715025e-17,5.443421081281164e-05
boxcar_independent,11,6,6,0.5,5,25,True,0.7598081573141033,0.20646919720205534,0.9999999999999849,0.7914006796137572,0.7810430821256591,0.006303481612123588
boxcar_independent,12,30,1,0,2,25,False,0.0,0.03185835624898194,1.0,0.06712602563661682,0.0,5.443421081281164e-05
boxcar_independent,13,30,1,0,5,25,False,0.03276340326471798,0.07964589062245483,1.0000000000000002,0.0662079100072645,0.03935749975261778,0.00038103947568968145
boxcar_independent,14,30,1,0.5,2,25,False,0.0,0.04940188602474281,0.9999999999999998,0.043288323794734455,0.0,5.443421081281164e-05
boxcar_independent,15,30,1,0.5,5,25,False,0.0037185223018813465,0.12350471506185697,1.0000000000000002,0.021815255799968496,0.004499926282074706,9.798157946306095e-05
boxcar_independent,16,30,3,0,2,25,False,0.0,0.07941062582664128,1.0,0.026929958252415447,0.0,5.443421081281164e-05
boxcar_independent,17,30,3,0,5,25,True,0.4361050835569297,0.19852656456660317,1.0000000000000002,0.46531835620165096,0.4545463729006848,0.004728518445939571
boxcar_independent,18,30,3,0.5,2,25,False,0.0,0.08543687068784347,0.9999999999999999,0.025030467772199395,0.0,5.443421081281164e-05
boxcar_independent,19,30,3,0.5,5,25,True,0.4074220990234813,0.2135921767196086,1.0000000000000004,0.45595622848369144,0.4459440413748117,0.004695857919451884
boxcar_independent,20,30,6,0,2,25,False,0.00441381387656273,0.15583085341113362,0.9999999999999682,0.017283544100955044,0.003560171665411144,0.00010886842162562328
boxcar_independent,21,30,6,0,5,25,True,0.49667238583189693,0.389577133527834,0.9999999999999682,0.554816102315893,0.5493267533416754,0.011921092168005748
boxcar_independent,22,30,6,0.5,2,25,False,4.962947592310439e-13,0.15882125165328262,0.9999999999999846,0.01346497912670401,4.962909187894365e-13,5.443421081281164e-05
boxcar_independent,23,30,6,0.5,5,25,True,0.5056679562310228,0.39705312913320634,0.9999999999999849,0.5553227560355937,0.5499367643851106,0.011953752694493435
boxcar_independent,0,6,1,0,2,26,False,0.0,0.016566471225813277,0.9999999999999997,0.0,0.0,0.0
boxcar_independent,1,6,1,0,5,26,False,0.0,0.04141617806453318,0.9999999999999999,0.0,0.0,0.0
boxcar_independent,2,6,1,0.5,2,26,False,0.0,0.025689176080952437,1.0,0.0,0.0,0.0
boxcar_independent,3,6,1,0.5,5,26,False,0.0,0.06422294020238109,0.9999999999999998,0.0,0.0,0.0
boxcar_independent,4,6,3,0,2,26,False,0.0,0.04129383944041109,0.9999999999999999,0.0,0.0,0.0
boxcar_independent,5,6,3,0,5,26,True,0.7422210948920822,0.10323459860102767,1.0000000000000004,0.6923811017374911,0.6923811017374911,0.0019814052735863436
boxcar_independent,6,6,3,0.5,2,26,False,0.0,0.044427510597597704,1.0000000000000002,0.0,0.0,0.0
boxcar_independent,7,6,3,0.5,5,26,True,0.7225982793863385,0.11106877649399426,1.0,0.7226723187255638,0.7226723187255638,0.0019197131679984903
boxcar_independent,8,6,6,0,2,26,False,0.0,0.0810326599700814,0.9999999999999684,0.0,0.0,0.0
boxcar_independent,9,6,6,0,5,26,True,0.7977500459452233,0.20258164992520347,0.9999999999999685,0.8419315945226783,0.8419315945226783,0.0051349605533418975
boxcar_independent,10,6,6,0.5,2,26,False,0.0,0.08258767888082215,0.9999999999999848,0.0,0.0,0.0
boxcar_independent,11,6,6,0.5,5,26,True,0.7920462185279514,0.20646919720205534,0.9999999999999849,0.830928567900823,0.830928567900823,0.005461565818218768
boxcar_independent,12,30,1,0,2,26,False,0.0,0.03185835624898194,1.0,0.0,0.0,0.0
boxcar_independent,13,30,1,0,5,26,False,0.0,0.07964589062245483,1.0000000000000002,0.0,0.0,0.0
boxcar_independent,14,30,1,0.5,2,26,False,0.0,0.04940188602474281,0.9999999999999998,0.0,0.0,0.0
boxcar_independent,15,30,1,0.5,5,26,False,0.0,0.12350471506185697,1.0000000000000002,0.0,0.0,0.0
boxcar_independent,16,30,3,0,2,26,False,0.0,0.07941062582664128,1.0,0.0,0.0,0.0
boxcar_independent,17,30,3,0,5,26,True,0.34884182891835197,0.19852656456660317,1.0000000000000002,0.3208316534523926,0.3208316534523926,0.003298713175256385
boxcar_independent,18,30,3,0.5,2,26,False,0.0,0.08543687068784347,0.9999999999999999,0.0,0.0,0.0
boxcar_independent,19,30,3,0.5,5,26,True,0.3307657661136985,0.2135921767196086,1.0000000000000004,0.34210827048866055,0.34210827048866055,0.003639834229683338
boxcar_independent,20,30,6,0,2,26,False,0.0,0.15583085341113362,0.9999999999999682,0.0,0.0,0.0
boxcar_independent,21,30,6,0,5,26,True,0.42060246982329563,0.389577133527834,0.9999999999999682,0.492151103703601,0.492151103703601,0.008978015836726399
boxcar_independent,22,30,6,0.5,2,26,False,0.0,0.15882125165328262,0.9999999999999846,0.0,0.0,0.0
boxcar_independent,23,30,6,0.5,5,26,True,0.4342602253125393,0.39705312913320634,0.9999999999999849,0.5046440617382046,0.5046440617382046,0.009562276366117244
boxcar_independent,0,6,1,0,2,27,False,0.0,0.016566471225813277,0.9999999999999997,0.0,0.0,0.0
boxcar_independent,1,6,1,0,5,27,False,0.0,0.04141617806453318,0.9999999999999999,0.0,0.0,0.0
boxcar_independent,2,6,1,0.5,2,27,False,0.0,0.025689176080952437,1.0,0.0,0.0,0.0
boxcar_independent,3,6,1,0.5,5,27,False,0.0,0.06422294020238109,0.9999999999999998,0.0,0.0,0.0
boxcar_independent,4,6,3,0,2,27,False,0.0,0.04129383944041109,0.9999999999999999,0.0,0.0,0.0
boxcar_independent,5,6,3,0,5,27,False,0.0,0.10323459860102767,1.0000000000000004,0.0,0.0,0.0
boxcar_independent,6,6,3,0.5,2,27,False,0.0,0.044427510597597704,1.0000000000000002,0.0,0.0,0.0
boxcar_independent,7,6,3,0.5,5,27,True,0.4973875788014524,0.11106877649399426,1.0,0.4233807277008621,0.4233807277008621,0.0009689289524680471
boxcar_independent,8,6,6,0,2,27,False,0.0,0.0810326599700814,0.9999999999999684,0.0,0.0,0.0
boxcar_independent,9,6,6,0,5,27,True,0.6695069539610177,0.20258164992520347,0.9999999999999685,0.6436059215764494,0.6436059215764494,0.003657978966620942
boxcar_independent,10,6,6,0.5,2,27,False,0.0,0.08258767888082215,0.9999999999999848,0.0,0.0,0.0
boxcar_independent,11,6,6,0.5,5,27,True,0.5524268523304128,0.20646919720205534,0.9999999999999849,0.5389332143120725,0.5389332143120725,0.003933778968072521
boxcar_independent,12,30,1,0,2,27,False,0.0,0.03185835624898194,1.0,0.0,0.0,0.0
boxcar_independent,13,30,1,0,5,27,False,0.0,0.07964589062245483,1.0000000000000002,0.0,0.0,0.0
boxcar_independent,14,30,1,0.5,2,27,False,0.0,0.04940188602474281,0.9999999999999998,0.0,0.0,0.0
boxcar_independent,15,30,1,0.5,5,27,False,0.0,0.12350471506185697,1.0000000000000002,0.0,0.0,0.0
boxcar_independent,16,30,3,0,2,27,False,0.0,0.07941062582664128,1.0,0.0,0.0,0.0
boxcar_independent,17,30,3,0,5,27,False,0.03182099799346106,0.19852656456660317,1.0000000000000002,0.04089241806736077,0.04089241806736077,0.0004354736865024931
boxcar_independent,18,30,3,0.5,2,27,False,0.0,0.08543687068784347,0.9999999999999999,0.0,0.0,0.0
boxcar_independent,19,30,3,0.5,5,27,True,0.1990975175573739,0.2135921767196086,1.0000000000000004,0.16352773414858454,0.16352773414858454,0.0020467263265617174
boxcar_independent,20,30,6,0,2,27,False,0.0,0.15583085341113362,0.9999999999999682,0.0,0.0,0.0
boxcar_independent,21,30,6,0,5,27,True,0.3352951764946039,0.389577133527834,0.9999999999999682,0.3362321188836822,0.3362321188836822,0.007257894775041552
boxcar_independent,22,30,6,0.5,2,27,False,0.000787067031124595,0.15882125165328262,0.9999999999999846,0.0023673441252150948,0.0023673441252150948,2.1773684325124653e-05
boxcar_independent,23,30,6,0.5,5,27,True,0.35584507393698644,0.39705312913320634,0.9999999999999849,0.36346663656156475,0.36346663656156475,0.007711513198481648
boxcar_independent,0,6,1,0,2,28,False,0.0,0.016566471225813277,0.9999999999999997,0.1547819693668052,0.0,0.00018507631676355956
boxcar_independent,1,6,1,0,5,28,False,0.0,0.04141617806453318,0.9999999999999999,0.06191278774672209,0.0,0.00018507631676355956
boxcar_independent,2,6,1,0.5,2,28,False,0.0,0.025689176080952437,1.0,0.0998160094239512,0.0,0.00018507631676355956
boxcar_independent,3,6,1,0.5,5,28,False,3.969966415793054e-05,0.06422294020238109,0.9999999999999998,0.03933825542021104,-0.0005881483493694351,0.00034837894920199445
boxcar_independent,4,6,3,0,2,28,False,1.2186233035702351e-26,0.04129383944041109,0.9999999999999999,0.06209621281378148,0.0,0.00018507631676355956
boxcar_independent,5,6,3,0,5,28,True,0.7722855884709504,0.10323459860102767,1.0000000000000004,0.7876253554349428,0.7627868703094302,0.003284197385706302
boxcar_independent,6,6,3,0.5,2,28,False,5.802968112239213e-28,0.044427510597597704,1.0000000000000002,0.057716289013243556,0.0,0.00018507631676355956
boxcar_independent,7,6,3,0.5,5,28,True,0.8611623330601124,0.11106877649399426,1.0,0.9073611760861998,0.8842746604809023,0.0049970605526161085
boxcar_independent,8,6,6,0,2,28,False,2.6370758163009102e-17,0.0810326599700814,0.9999999999999684,0.03164392039872113,2.3017242829562528e-17,0.00018507631676355956
boxcar_independent,9,6,6,0,5,28,True,0.8415362437712912,0.20258164992520347,0.9999999999999685,0.8954443723383781,0.8827868041788897,0.008346578991297784
boxcar_independent,10,6,6,0.5,2,28,False,1.1898230445637444e-17,0.08258767888082215,0.9999999999999848,0.031048106406890763,9.033543196428756e-18,0.00018507631676355956
boxcar_independent,11,6,6,0.5,5,28,True,0.8266189618014221,0.20646919720205534,0.9999999999999849,0.9005740570233184,0.8881548144605621,0.008782052677800278
boxcar_independent,12,30,1,0,2,28,False,0.0,0.03185835624898194,1.0,0.0804872361194665,0.0,0.00018507631676355956
boxcar_independent,13,30,1,0,5,28,False,0.00024571409248863476,0.07964589062245483,1.0000000000000002,0.03447012606037032,0.0022752316125837168,0.0001959631589261219
boxcar_independent,14,30,1,0.5,2,28,False,0.0,0.04940188602474281,0.9999999999999998,0.051904719599280516,0.0,0.00018507631676355956
boxcar_independent,15,30,1,0.5,5,28,False,0.05969089466364216,0.12350471506185697,1.0000000000000002,0.12989957945719466,0.10913769161748245,0.0017092342195222853
boxcar_independent,16,30,3,0,2,28,False,0.0017706797142632831,0.07941062582664128,1.0,0.037705530561531087,0.005415254353562503,0.00021773684325124656
boxcar_independent,17,30,3,0,5,28,True,0.5145908459781547,0.19852656456660317,1.0000000000000002,0.6355726806169162,0.6226565701337289,0.007036528984402784
boxcar_independent,18,30,3,0.5,2,28,False,0.0021259736067515004,0.08543687068784347,0.9999999999999999,0.035112438557130726,0.0050997400448157095,0.00021773684325124656
boxcar_independent,19,30,3,0.5,5,28,True,0.6465982175236071,0.2135921767196086,1.0000000000000004,0.8247066834582922,0.8127016040533662,0.010407821107409584
boxcar_independent,20,30,6,0,2,28,False,0.007485318083864551,0.15583085341113362,0.9999999999999682,0.04677582855921783,0.030320864823476096,0.0004790210551527424
boxcar_independent,21,30,6,0,5,28,True,0.5825323157246556,0.389577133527834,0.9999999999999682,0.7398381299883583,0.7332561444940616,0.017005247457922354
boxcar_independent,22,30,6,0.5,2,28,False,0.009010389041856942,0.15882125165328262,0.9999999999999846,0.05170328680259693,0.035558148698612645,0.000533455265965554
boxcar_independent,23,30,6,0.5,5,28,True,0.594166045842326,0.39705312913320634,0.9999999999999849,0.777174399314924,0.7707163440733303,0.01791611325219007
boxcar_independent,0,6,1,0,2,29,False,0.0,0.016566471225813277,0.9999999999999997,0.0,0.0,0.0
boxcar_independent,1,6,1,0,5,29,False,0.0,0.04141617806453318,0.9999999999999999,0.0,0.0,0.0
boxcar_independent,2,6,1,0.5,2,29,False,0.0,0.025689176080952437,1.0,0.0,0.0,0.0
boxcar_independent,3,6,1,0.5,5,29,False,0.0,0.06422294020238109,0.9999999999999998,0.0,0.0,0.0
boxcar_independent,4,6,3,0,2,29,False,0.0,0.04129383944041109,0.9999999999999999,0.0,0.0,0.0
boxcar_independent,5,6,3,0,5,29,True,0.7279540218115291,0.10323459860102767,1.0000000000000004,0.7233881234422487,0.7233881234422487,0.0016221394822217867
boxcar_independent,6,6,3,0.5,2,29,False,0.0,0.044427510597597704,1.0000000000000002,0.0,0.0,0.0
boxcar_independent,7,6,3,0.5,5,29,True,0.7338535430735036,0.11106877649399426,1.0,0.719767860416944,0.719767860416944,0.002239060538100319
boxcar_independent,8,6,6,0,2,29,False,0.0,0.0810326599700814,0.9999999999999684,0.0,0.0,0.0
boxcar_independent,9,6,6,0,5,29,True,0.7495217021388908,0.20258164992520347,0.9999999999999685,0.8065411161992724,0.8065411161992724,0.0054724526603813295
boxcar_independent,10,6,6,0.5,2,29,False,0.0,0.08258767888082215,0.9999999999999848,0.0,0.0,0.0
boxcar_independent,11,6,6,0.5,5,29,True,0.7162449063142877,0.20646919720205534,0.9999999999999849,0.7544153780531738,0.7544153780531738,0.005080526342529086
boxcar_independent,12,30,1,0,2,29,False,0.0,0.03185835624898194,1.0,0.0,0.0,0.0
boxcar_independent,13,30,1,0,5,29,False,0.0,0.07964589062245483,1.0000000000000002,0.0,0.0,0.0
boxcar_independent,14,30,1,0.5,2,29,False,0.0,0.04940188602474281,0.9999999999999998,0.0,0.0,0.0
boxcar_independent,15,30,1,0.5,5,29,False,0.005389060722566147,0.12350471506185697,1.0000000000000002,0.005224857835585323,0.005224857835585323,5.443421081281164e-05
boxcar_independent,16,30,3,0,2,29,False,0.0,0.07941062582664128,1.0,0.0,0.0,0.0
boxcar_independent,17,30,3,0,5,29,True,0.3329159208158036,0.19852656456660317,1.0000000000000002,0.3583011835198697,0.3583011835198697,0.0031136368584928254
boxcar_independent,18,30,3,0.5,2,29,False,0.0,0.08543687068784347,0.9999999999999999,0.0,0.0,0.0
boxcar_independent,19,30,3,0.5,5,29,True,0.38014327937036013,0.2135921767196086,1.0000000000000004,0.4294984508228129,0.4294984508228129,0.004264013180336912
boxcar_independent,20,30,6,0,2,29,False,0.0,0.15583085341113362,0.9999999999999682,0.0,0.0,0.0
boxcar_independent,21,30,6,0,5,29,True,0.4539044583439119,0.389577133527834,0.9999999999999682,0.5597323009223633,0.5597323009223633,0.010219115843258504
boxcar_independent,22,30,6,0.5,2,29,False,0.0,0.15882125165328262,0.9999999999999846,0.0,0.0,0.0
boxcar_independent,23,30,6,0.5,5,29,True,0.4277290331270619,0.39705312913320634,0.9999999999999849,0.5137505975620794,0.5137505975620794,0.00959130794521741
boxcar_independent,0,6,1,0,2,30,False,0.0,0.016566471225813277,0.9999999999999997,0.0,0.0,0.0
boxcar_independent,1,6,1,0,5,30,False,0.0,0.04141617806453318,0.9999999999999999,0.0,0.0,0.0
boxcar_independent,2,6,1,0.5,2,30,False,0.0,0.025689176080952437,1.0,0.0,0.0,0.0
boxcar_independent,3,6,1,0.5,5,30,False,0.0,0.06422294020238109,0.9999999999999998,0.0,0.0,0.0
boxcar_independent,4,6,3,0,2,30,False,0.0,0.04129383944041109,0.9999999999999999,0.0,0.0,0.0
boxcar_independent,5,6,3,0,5,30,True,0.749032933880416,0.10323459860102767,1.0000000000000004,0.8627617856459865,0.8627617856459865,0.0024822000130642107
boxcar_independent,6,6,3,0.5,2,30,True,0.14926235707283625,0.044427510597597704,1.0000000000000002,0.15762756851917153,0.15762756851917153,0.0001197552637881856
boxcar_independent,7,6,3,0.5,5,30,True,0.723950347776609,0.11106877649399426,1.0,0.88157469057223,0.88157469057223,0.0030809763320051387
boxcar_independent,8,6,6,0,2,30,False,0.0,0.0810326599700814,0.9999999999999684,0.0,0.0,0.0
boxcar_independent,9,6,6,0,5,30,True,0.7705740541684597,0.20258164992520347,0.9999999999999685,0.8858261623387311,0.8858261623387311,0.005915184241658864
boxcar_independent,10,6,6,0.5,2,30,True,0.13565289020127963,0.08258767888082215,0.9999999999999848,0.14771891368677614,0.14771891368677614,0.0002395105275763712
boxcar_independent,11,6,6,0.5,5,30,True,0.7996103180356235,0.20646919720205534,0.9999999999999849,0.8875926018751327,0.8875926018751327,0.005831718451745887
boxcar_independent,12,30,1,0,2,30,False,0.0,0.03185835624898194,1.0,0.0,0.0,0.0
boxcar_independent,13,30,1,0,5,30,False,0.0,0.07964589062245483,1.0000000000000002,0.0,0.0,0.0
boxcar_independent,14,30,1,0.5,2,30,False,0.0,0.04940188602474281,0.9999999999999998,0.0,0.0,0.0
boxcar_independent,15,30,1,0.5,5,30,False,0.0,0.12350471506185697,1.0000000000000002,0.0,0.0,0.0
boxcar_independent,16,30,3,0,2,30,False,0.0,0.07941062582664128,1.0,0.0,0.0,0.0
boxcar_independent,17,30,3,0,5,30,True,0.3989477578433663,0.19852656456660317,1.0000000000000002,0.46140744922267923,0.46140744922267923,0.00411522633744856
boxcar_independent,18,30,3,0.5,2,30,True,0.02338912848009462,0.08543687068784347,0.9999999999999999,0.02885110773834485,0.02885110773834485,0.00017418947460099722
boxcar_independent,19,30,3,0.5,5,30,True,0.4385355974847192,0.2135921767196086,1.0000000000000004,0.550973202723274,0.550973202723274,0.004917223710090651
boxcar_independent,20,30,6,0,2,30,False,0.004405581698380905,0.15583085341113362,0.9999999999999682,0.0058230825982064855,0.0058230825982064855,5.443421081281164e-05
boxcar_independent,21,30,6,0,5,30,True,0.45345708400566237,0.389577133527834,0.9999999999999682,0.5442949336611943,0.5442949336611943,0.010030410579107423
boxcar_independent,22,30,6,0.5,2,30,True,0.02937813508706379,0.15882125165328262,0.9999999999999846,0.04083170010038214,0.04083170010038214,0.00038103947568968145
boxcar_independent,23,30,6,0.5,5,30,True,0.4596813075193089,0.39705312913320634,0.9999999999999849,0.5317933093008625,0.5317933093008625,0.010215486895870984
boxcar_independent,0,6,1,0,2,31,False,0.0,0.016566471225813277,0.9999999999999997,0.0,0.0,0.0
boxcar_independent,1,6,1,0,5,31,False,0.0,0.04141617806453318,0.9999999999999999,0.0,0.0,0.0
boxcar_independent,2,6,1,0.5,2,31,False,0.0,0.025689176080952437,1.0,0.0,0.0,0.0
boxcar_independent,3,6,1,0.5,5,31,False,0.0,0.06422294020238109,0.9999999999999998,0.0,0.0,0.0
boxcar_independent,4,6,3,0,2,31,False,0.0014596220593785618,0.04129383944041109,0.9999999999999999,0.000941902880524062,0.000941902880524062,1.0886842162562326e-05
boxcar_independent,5,6,3,0,5,31,True,0.7924007778202175,0.10323459860102767,1.0000000000000004,0.9017738198283537,0.9017738198283537,0.003298713175256385
boxcar_independent,6,6,3,0.5,2,31,True,0.1286026061820661,0.044427510597597704,1.0000000000000002,0.13561158736085027,0.13561158736085027,0.00010886842162562328
boxcar_independent,7,6,3,0.5,5,31,True,0.8807425158822826,0.11106877649399426,1.0,0.9479843735735963,0.9479843735735963,0.004039018442310623
boxcar_independent,8,6,6,0,2,31,True,0.093060742073793,0.0810326599700814,0.9999999999999684,0.08881375623192075,0.08881375623192075,0.00022862368541380886
boxcar_independent,9,6,6,0,5,31,True,0.710121510220127,0.20258164992520347,0.9999999999999685,0.7588717708052208,0.7588717708052208,0.006477671086724585
boxcar_independent,10,6,6,0.5,2,31,True,0.13924863421749598,0.08258767888082215,0.9999999999999848,0.13517466426543293,0.13517466426543293,0.00031934737010182824
boxcar_independent,11,6,6,0.5,5,31,True,0.7867927580772207,0.20646919720205534,0.9999999999999849,0.8536227498329028,0.8536227498329028,0.006953063194489806
boxcar_independent,12,30,1,0,2,31,False,0.0,0.03185835624898194,1.0,0.0,0.0,0.0
boxcar_independent,13,30,1,0,5,31,False,0.0,0.07964589062245483,1.0000000000000002,0.0,0.0,0.0
boxcar_independent,14,30,1,0.5,2,31,False,0.0,0.04940188602474281,0.9999999999999998,0.0,0.0,0.0
boxcar_independent,15,30,1,0.5,5,31,False,0.0,0.12350471506185697,1.0000000000000002,0.0,0.0,0.0
boxcar_independent,16,30,3,0,2,31,False,0.02418039435779175,0.07941062582664128,1.0,0.018105193709562296,0.018105193709562296,0.00020685000108868422
boxcar_independent,17,30,3,0,5,31,True,0.48176515814506815,0.19852656456660317,1.0000000000000002,0.5730541317655657,0.5730541317655657,0.005465194765606288
boxcar_independent,18,30,3,0.5,2,31,True,0.024590616311961876,0.08543687068784347,0.9999999999999999,0.026892146150929684,0.026892146150929684,0.00018507631676355956
boxcar_independent,19,30,3,0.5,5,31,True,0.5399249143618496,0.2135921767196086,1.0000000000000004,0.6095339770760136,0.6095339770760136,0.006582910560962687
boxcar_independent,20,30,6,0,2,31,True,0.03962006186665875,0.15583085341113362,0.9999999999999682,0.042598278268524886,0.042598278268524886,0.000598776318940928
boxcar_independent,21,30,6,0,5,31,True,0.5114096576389442,0.389577133527834,0.9999999999999682,0.6191711548063261,0.6191711548063261,0.012683171119385111
boxcar_independent,22,30,6,0.5,2,31,True,0.04759922265426466,0.15882125165328262,0.9999999999999846,0.04689974143096925,0.04689974143096925,0.0006967578984039889
boxcar_independent,23,30,6,0.5,5,31,True,0.5424649630392044,0.39705312913320634,0.9999999999999849,0.6664880625680953,0.6664880625680953,0.014102089547905735
boxcar_hanning_full,0,6,1,0,2,0,False,6.522020548744501e-19,0.028642215306728096,1.0,5.278174153746834,0.023280586326190802,0.008401013202110596
boxcar_hanning_full,1,6,1,0,5,0,True,0.30152618556250854,0.07160553826682023,1.0000000000000002,2.4028215649764624,0.30086413800820483,0.008662297414012091
boxcar_hanning_full,2,6,1,0.5,2,0,False,2.183524462683969e-18,0.0340380327897801,0.9999999999999997,4.441461158219916,0.019590073555068543,0.008401013202110596
boxcar_hanning_full,3,6,1,0.5,5,0,False,2.3259725357706094e-18,0.08509508197445022,0.9999999999999999,1.7901418487378136,0.021393414871874215,0.008437302675985803
boxcar_hanning_full,4,6,3,0,2,0,False,1.9377488180990087e-18,0.04729274316131588,0.9999999999999997,3.196655352013583,0.014099574722217777,0.008401013202110596
boxcar_hanning_full,5,6,3,0,5,0,True,0.6771150514160644,0.11823185790328967,0.9999999999999998,1.911548797723924,0.6385264868073777,0.010669105319311081
boxcar_hanning_full,6,6,3,0.5,2,0,False,3.023005501806257e-18,0.04996208984624281,1.0,3.0258662318424405,0.0133462705037702,0.008401013202110596
boxcar_hanning_full,7,6,3,0.5,5,0,True,0.7788661273675217,0.12490522461560703,0.9999999999999998,1.9360771550367766,0.7310691705013086,0.010934018478600097
boxcar_hanning_full,8,6,6,0,2,0,False,-4.559508368896213e-19,0.08411175592328275,0.9999999999998278,1.8018687310878116,0.012442374214672147,0.008433673728598283
boxcar_hanning_full,9,6,6,0,5,0,True,0.7109306045186687,0.2102793898082068,0.9999999999998282,1.3808723260761928,0.6651017833269367,0.013575892176715221
boxcar_hanning_full,10,6,6,0.5,2,0,False,9.222218879009231e-19,0.08560679403863361,0.999999999999912,1.7683633754327137,0.010187582702082082,0.00842278688643572
boxcar_hanning_full,11,6,6,0.5,5,0,True,0.7991611449179066,0.21401698509658404,0.999999999999912,1.4648262400636092,0.7615559229713565,0.014044026389705403
boxcar_hanning_full,12,30,1,0,2,0,False,0.00038122219951583416,0.055080764428575,1.0000000000000004,2.8168588513525172,0.08429341705873505,0.008535284255448864
boxcar_hanning_full,13,30,1,0,5,0,True,0.16271980566908092,0.13770191107143753,1.0000000000000002,1.398535702859083,0.3055095291415703,0.010803376372649349
boxcar_hanning_full,14,30,1,0.5,2,0,False,0.0007040219828838679,0.06545725760484687,1.0,2.3885577482638767,0.08916729899369977,0.008582460571486634
boxcar_hanning_full,15,30,1,0.5,5,0,False,0.02458587402617167,0.16364314401211716,1.0,1.1320028767481547,0.21224669704008384,0.010175568474608255
boxcar_hanning_full,16,30,3,0,2,0,False,0.0005365252708079467,0.09094689141023397,1.0,1.719150907282572,0.06420931842617764,0.008629636887524404
boxcar_hanning_full,17,30,3,0,5,0,True,0.4061727639515532,0.22736722852558489,1.0,1.1704576597048062,0.5084810241622485,0.015303271133175112
boxcar_hanning_full,18,30,3,0.5,2,0,False,0.0008440251812339239,0.09608021138413002,1.0,1.644797396173432,0.07827510397889967,0.00870221583527482
boxcar_hanning_full,19,30,3,0.5,5,0,True,0.4387338493358178,0.24020052846032508,0.9999999999999998,1.1640793668992744,0.5374704500214614,0.015985513242029018
boxcar_hanning_full,20,30,6,0,2,0,False,0.0008273335300891965,0.16175214675506785,0.9999999999998276,1.011225799500016,0.0807170180622398,0.00902882110015169
boxcar_hanning_full,21,30,6,0,5,0,True,0.4513529298279839,0.40438036688766965,0.9999999999998275,0.933917823054277,0.5617143104791664,0.021835376430712507
boxcar_hanning_full,22,30,6,0.5,2,0,False,0.0010035678130705474,0.16462719819091265,0.9999999999999115,1.0054672803339015,0.09120891582320233,0.009090513205739543
boxcar_hanning_full,23,30,6,0.5,5,0,True,0.49036024857941696,0.41156799547728157,0.9999999999999116,0.9622993914268478,0.5965960456225681,0.02302567117381932
boxcar_hanning_full,0,6,1,0,2,1,False,-1.4958496998901704e-22,0.028642215306728096,1.0,0.8201441738170744,0.0,0.0017092342195222853
boxcar_hanning_full,1,6,1,0,5,1,True,0.6961255285038378,0.07160553826682023,1.0000000000000002,1.3122778692953034,0.9842201997684735,0.002928560541729266
boxcar_hanning_full,2,6,1,0.5,2,1,False,-9.008051387606066e-25,0.0340380327897801,0.9999999999999997,0.6901323044756089,0.0,0.0017092342195222853
boxcar_hanning_full,3,6,1,0.5,5,1,True,0.8112439448661856,0.08509508197445022,0.9999999999999999,1.2385464887399777,0.9624935669497341,0.0033858079125568836
boxcar_hanning_full,4,6,3,0,2,1,False,3.566025531863006e-13,0.04729274316131588,0.9999999999999997,0.49670931391983425,3.5664901185285515e-13,0.0017092342195222853
boxcar_hanning_full,5,6,3,0,5,1,True,0.8102690916943106,0.11823185790328967,0.9999999999999998,1.3017954615812783,1.1031117360134872,0.005516000029031579
boxcar_hanning_full,6,6,3,0.5,2,1,False,3.568212602253732e-12,0.04996208984624281,1.0,0.4701714055896738,3.568212660658852e-12,0.0017092342195222853
boxcar_hanning_full,7,6,3,0.5,5,1,True,0.8733096255607695,0.12490522461560703,0.9999999999999998,1.27046915711378,1.0824005948793378,0.005555918450294308
boxcar_hanning_full,8,6,6,0,2,1,True,0.37331856916257417,0.08411175592328275,0.9999999999998278,1.0468283344540459,0.7675481583220329,0.0033930658073319255
boxcar_hanning_full,9,6,6,0,5,1,True,0.9633058345485175,0.2102793898082068,0.9999999999998282,1.5534567141718076,1.4417446437190025,0.012904536910023879
boxcar_hanning_full,10,6,6,0.5,2,1,True,0.27836155840264826,0.08560679403863361,0.999999999999912,0.9059561455904266,0.631553321926383,0.003222505280118449
boxcar_hanning_full,11,6,6,0.5,5,1,True,0.9684680554623859,0.21401698509658404,0.999999999999912,1.5609464038347542,1.451185274369137,0.013231142174900748
boxcar_hanning_full,12,30,1,0,2,1,False,1.958096149897219e-08,0.055080764428575,1.0000000000000004,0.42647823303220156,1.958096156546256e-08,0.0017092342195222853
boxcar_hanning_full,13,30,1,0,5,1,True,0.27100436804869943,0.13770191107143753,1.0000000000000002,0.588527642886489,0.417936357505993,0.0037124131774337534
boxcar_hanning_full,14,30,1,0.5,2,1,False,1.1791713259321993e-10,0.06545725760484687,1.0,0.3588715274103754,1.1791714944312654e-10,0.0017092342195222853
boxcar_hanning_full,15,30,1,0.5,5,1,True,0.3001670650702614,0.16364314401211716,1.0,0.5491027080473759,0.4055540971303926,0.004093452653123435
boxcar_hanning_full,16,30,3,0,2,1,False,1.6640987718228445e-05,0.09094689141023397,1.0,0.2601789012321456,0.0018880938743920245,0.00173100790384741
boxcar_hanning_full,17,30,3,0,5,1,True,0.4591358698398232,0.22736722852558489,1.0,0.7016628925842932,0.5983465696411917,0.007885702673082645
boxcar_hanning_full,18,30,3,0.5,2,1,False,7.390919299411473e-06,0.09608021138413002,1.0,0.24657599623153234,0.0020850061450206994,0.0017201210616848478
boxcar_hanning_full,19,30,3,0.5,5,1,True,0.4998923300172392,0.24020052846032508,0.9999999999999998,0.7171119306023112,0.6193155345677065,0.008553428992386468
boxcar_hanning_full,20,30,6,0,2,1,True,0.08959205063357606,0.16175214675506785,0.9999999999998276,0.4959314856582496,0.3507046897221314,0.004078936863573352
boxcar_hanning_full,21,30,6,0,5,1,True,0.5926473674134735,0.40438036688766965,0.9999999999998275,0.9233863481634442,0.8652956297889969,0.019628976419099876
boxcar_hanning_full,22,30,6,0.5,2,1,True,0.07512949690293153,0.16462719819091265,0.9999999999999115,0.4747630424325924,0.3320724890661562,0.004002728968435416
boxcar_hanning_full,23,30,6,0.5,5,1,True,0.5989239320475768,0.41156799547728157,0.9999999999999116,0.9381815699347184,0.8811053485881439,0.020129771158577742
boxcar_hanning_full,0,6,1,0,2,2,False,-1.6334984828308615e-18,0.028642215306728096,1.0,0.9753251399539687,0.0,0.0020939026425994874
boxcar_hanning_full,1,6,1,0,5,2,True,0.8138953055368429,0.07160553826682023,1.0000000000000002,1.3515640449419914,0.961433988960404,0.003400323702106967
boxcar_hanning_full,2,6,1,0.5,2,2,False,-2.0261209308972146e-18,0.0340380327897801,0.9999999999999997,0.8207134890890021,0.0,0.0020939026425994874
boxcar_hanning_full,3,6,1,0.5,5,2,True,0.6528643964931667,0.08509508197445022,0.9999999999999999,1.1489290030285804,0.8206436073929794,0.003933778968072521
boxcar_hanning_full,4,6,3,0,2,2,False,-2.1172671046871752e-18,0.04729274316131588,0.9999999999999997,0.5906925837932089,0.0,0.0020939026425994874
boxcar_hanning_full,5,6,3,0,5,2,True,0.7372162671475448,0.11823185790328967,0.9999999999999998,1.1703240762689775,0.9340470427516938,0.006187355295722923
boxcar_hanning_full,6,6,3,0.5,2,2,False,-2.282042049295347e-18,0.04996208984624281,1.0,0.5591333897080178,0.0,0.0020939026425994874
boxcar_hanning_full,7,6,3,0.5,5,2,True,0.8182158831823112,0.12490522461560703,0.9999999999999998,1.2272395363418789,1.0035861804586717,0.006495815823662188
boxcar_hanning_full,8,6,6,0,2,2,False,0.012473776337459172,0.08411175592328275,0.9999999999998278,0.384920580317853,0.05279729569511996,0.0023878473809886705
boxcar_hanning_full,9,6,6,0,5,2,True,0.7462448050842283,0.2102793898082068,0.9999999999998282,1.0227708488616132,0.8899215350125198,0.0094497789971041
boxcar_hanning_full,10,6,6,0.5,2,2,False,0.006448771144890379,0.08560679403863361,0.999999999999912,0.34698786700656226,0.020664787555423753,0.0022245447485502354
boxcar_hanning_full,11,6,6,0.5,5,2,True,0.746178030965265,0.21401698509658404,0.999999999999912,1.0075607883369324,0.877031556556477,0.009420747418003934
boxcar_hanning_full,12,30,1,0,2,2,False,1.527290689818423e-07,0.055080764428575,1.0000000000000004,0.5071730821979601,1.5272906884934363e-07,0.0020939026425994874
boxcar_hanning_full,13,30,1,0,5,2,True,0.3261500574814187,0.13770191107143753,1.0000000000000002,0.6310975655564275,0.42822839376887095,0.004576102655663698
boxcar_hanning_full,14,30,1,0.5,2,2,False,1.5545634849388792e-07,0.06545725760484687,1.0,0.4267744151002136,1.554563484284834e-07,0.0020939026425994874
boxcar_hanning_full,15,30,1,0.5,5,2,True,0.32308781049190066,0.16364314401211716,1.0,0.6010362602923415,0.43032655643479545,0.005632126345432244
boxcar_hanning_full,16,30,3,0,2,2,False,0.006478031518802022,0.09094689141023397,1.0,0.31567797566495137,0.008515496338222055,0.002213657906387673
boxcar_hanning_full,17,30,3,0,5,2,True,0.5254199666948906,0.22736722852558489,1.0,0.7607753655900077,0.6379103738593159,0.010491286897322562
boxcar_hanning_full,18,30,3,0.5,2,2,False,1.881726572519672e-07,0.09608021138413002,1.0,0.2907517617817106,1.8817265722810947e-07,0.0020939026425994874
boxcar_hanning_full,19,30,3,0.5,5,2,True,0.5276118283451945,0.24020052846032508,0.9999999999999998,0.811422837274355,0.6951222078307336,0.01094853426815018
boxcar_hanning_full,20,30,6,0,2,2,False,0.04092098031516053,0.16175214675506785,0.9999999999998276,0.2677365333126191,0.09503111200573908,0.003030171068579848
boxcar_hanning_full,21,30,6,0,5,2,True,0.5055426679105326,0.40438036688766965,0.9999999999998275,0.6838172479499294,0.6147350794271773,0.01586938692562835
boxcar_hanning_full,22,30,6,0.5,2,2,False,0.03431542699348115,0.16462719819091265,0.9999999999999115,0.24279318546999087,0.07310389378788101,0.002877755278303975
boxcar_hanning_full,23,30,6,0.5,5,2,True,0.5143395398912949,0.41156799547728157,0.9999999999999116,0.682283685861602,0.6144079691887582,0.01622865271699291
boxcar_hanning_full,0,6,1,0,2,3,False,5.379416640275696e-14,0.028642215306728096,1.0,1.2662260211669922,5.376213090270581e-14,0.0016112526400592245
boxcar_hanning_full,1,6,1,0,5,3,False,5.3794166402756966e-14,0.07160553826682023,1.0000000000000002,0.5064904084668292,5.3845483043640244e-14,0.0016112526400592245
boxcar_hanning_full,2,6,1,0.5,2,3,False,3.395472863428643e-11,0.0340380327897801,0.9999999999999997,1.0654998351517586,3.3954764529107526e-11,0.0016112526400592245
boxcar_hanning_full,3,6,1,0.5,5,3,False,3.395472863428643e-11,0.08509508197445022,0.9999999999999999,0.42619993408107637,3.3954729459660634e-11,0.0016112526400592245
boxcar_hanning_full,4,6,3,0,2,3,False,9.983765492559486e-07,0.04729274316131588,0.9999999999999997,0.7698905787151639,0.0030177796149650103,0.0016221394822217867
boxcar_hanning_full,5,6,3,0,5,3,True,0.6381106026168623,0.11823185790328967,0.9999999999999998,0.9322039974635736,0.6254548778234941,0.0030700894898425765
boxcar_hanning_full,6,6,3,0.5,2,3,False,2.492198847274082e-06,0.04996208984624281,1.0,0.7287588412142486,0.002858094530962264,0.0016221394822217867
boxcar_hanning_full,7,6,3,0.5,5,3,True,0.639192741731112,0.12490522461560703,0.9999999999999998,0.904301218970291,0.6139409202969764,0.0035164500185076316
boxcar_hanning_full,8,6,6,0,2,3,False,5.420141802002654e-05,0.08411175592328275,0.9999999999998278,0.465883155616043,0.03470064221893553,0.001828989483310471
boxcar_hanning_full,9,6,6,0,5,3,True,0.7458150681862326,0.2102793898082068,0.9999999999998282,0.9520421095641037,0.7795691042052606,0.006902257931064516
boxcar_hanning_full,10,6,6,0.5,2,3,False,0.000221091411146789,0.08560679403863361,0.999999999999912,0.4742659004747495,0.05061356385205251,0.0019160842206109696
boxcar_hanning_full,11,6,6,0.5,5,3,True,0.7612059695470298,0.21401698509658404,0.999999999999912,1.0192123610403372,0.8497514263912583,0.007943765831282978
boxcar_hanning_full,12,30,1,0,2,3,False,1.6896886302892557e-11,0.055080764428575,1.0000000000000004,0.6584425380153366,1.689689941460922e-11,0.0016112526400592245
boxcar_hanning_full,13,30,1,0,5,3,False,1.689688630289255e-11,0.13770191107143753,1.0000000000000002,0.2633770152162727,1.6896877742887775e-11,0.0016112526400592245
boxcar_hanning_full,14,30,1,0.5,2,3,False,1.0665267770553357e-08,0.06545725760484687,1.0,0.5540641381938799,1.0665267734224537e-08,0.0016112526400592245
boxcar_hanning_full,15,30,1,0.5,5,3,False,1.0665267770553355e-08,0.16364314401211716,1.0,0.22162566167671266,1.0665267770697042e-08,0.0016112526400592245
boxcar_hanning_full,16,30,3,0,2,3,False,0.00029656586936080886,0.09094689141023397,1.0,0.4052415842136547,0.006464696264254944,0.0016439131665469113
boxcar_hanning_full,17,30,3,0,5,3,True,0.2956042918175229,0.22736722852558489,1.0,0.48775451062931124,0.32824375544955137,0.005113186869016773
boxcar_hanning_full,18,30,3,0.5,2,3,False,0.0006932536121133915,0.09608021138413002,1.0,0.3814200292096836,0.003948770531379336,0.0016330263243843491
boxcar_hanning_full,19,30,3,0.5,5,3,True,0.3491040426472733,0.24020052846032508,0.9999999999999998,0.4709212446489884,0.3199327411776667,0.006143807927072673
boxcar_hanning_full,20,30,6,0,2,3,False,0.005752717286696307,0.16175214675506785,0.9999999999998276,0.28009195355056,0.05587534157468957,0.0021301921164746953
boxcar_hanning_full,21,30,6,0,5,3,True,0.4409281315118571,0.40438036688766965,0.9999999999998275,0.686462548938902,0.5967759041485539,0.01557907113462669
boxcar_hanning_full,22,30,6,0.5,2,3,False,0.009288155161226273,0.16462719819091265,0.9999999999999115,0.286065430915157,0.0657645406382851,0.0022753500119755262
boxcar_hanning_full,23,30,6,0.5,5,3,True,0.49178750480422856,0.41156799547728157,0.9999999999999116,0.7628172243750091,0.6746968682642602,0.0173971737757746
boxcar_hanning_full,0,6,1,0,2,4,True,0.8848290798600567,0.028642215306728096,1.0,5.162235085886762,1.9343013053629663,0.007326844775404446
boxcar_hanning_full,1,6,1,0,5,4,True,0.9412265838302941,0.07160553826682023,1.0000000000000002,3.0389972387887183,1.7478237265792,0.010625557950660832
boxcar_hanning_full,2,6,1,0.5,2,4,True,0.757602772742138,0.0340380327897801,0.9999999999999997,4.456749995796903,1.74051856994955,0.007232492143328906
boxcar_hanning_full,3,6,1,0.5,5,4,True,0.9004225139001866,0.08509508197445022,0.9999999999999999,2.708486998673914,1.6219944283349725,0.011242479006539362
boxcar_hanning_full,4,6,3,0,2,4,True,0.7579277134919427,0.04729274316131588,0.9999999999999997,3.880869799541558,1.9259150187994452,0.010661847424536039
boxcar_hanning_full,5,6,3,0,5,4,True,0.8849955365239272,0.11823185790328967,0.9999999999999998,2.4442869254200112,1.662305013123166,0.016010915873741663
boxcar_hanning_full,6,6,3,0.5,2,4,True,0.6814937163996938,0.04996208984624281,1.0,3.6134827427993437,1.7629761962927417,0.009848963209731386
boxcar_hanning_full,7,6,3,0.5,5,4,True,0.8857489713343124,0.12490522461560703,0.9999999999999998,2.3563930048729174,1.6161903862702767,0.015822210609590583
boxcar_hanning_full,8,6,6,0,2,4,True,0.6743736185156858,0.08411175592328275,0.9999999999998278,2.6812706203689105,1.5820761816991185,0.013572263229327702
boxcar_hanning_full,9,6,6,0,5,4,True,0.8942320279539403,0.2102793898082068,0.9999999999998282,2.0071235006337913,1.5674457251658744,0.022586568539929307
boxcar_hanning_full,10,6,6,0.5,2,4,True,0.6260102649579417,0.08560679403863361,0.999999999999912,2.6140088650177744,1.534010771690052,0.013242029017063311
boxcar_hanning_full,11,6,6,0.5,5,4,True,0.9183719121478277,0.21401698509658404,0.999999999999912,1.985937323478796,1.553938086147707,0.022895029067868573
boxcar_hanning_full,12,30,1,0,2,4,True,0.40638163699594865,0.055080764428575,1.0000000000000004,2.900006305294764,1.221467975320914,0.00856068688716151
boxcar_hanning_full,13,30,1,0,5,4,True,0.7051914303847227,0.13770191107143753,1.0000000000000002,2.0080054523327706,1.3365901203432307,0.013623068492752992
boxcar_hanning_full,14,30,1,0.5,2,4,True,0.4027311643252598,0.06545725760484687,1.0,2.596767816318315,1.1843167341822776,0.008901807941588463
boxcar_hanning_full,15,30,1,0.5,5,4,True,0.7269419466430319,0.16364314401211716,1.0,1.8597390734023371,1.2947586405479221,0.015049244816048657
boxcar_hanning_full,16,30,3,0,2,4,True,0.5196817559187146,0.09094689141023397,1.0,2.427964804881453,1.4113805884887674,0.013467023755089598
boxcar_hanning_full,17,30,3,0,5,4,True,0.7389911178818309,0.22736722852558489,1.0,1.7751108318352367,1.3684771452781626,0.021926100115400526
boxcar_hanning_full,18,30,3,0.5,2,4,True,0.47392519418076207,0.09608021138413002,1.0,2.2354873494894454,1.2732166279150905,0.01286824743614867
boxcar_hanning_full,19,30,3,0.5,5,4,True,0.7254991583692242,0.24020052846032508,0.9999999999999998,1.7066219734161518,1.32171368478641,0.022249076432889876
boxcar_hanning_full,20,30,6,0,2,4,True,0.46693564599553056,0.16175214675506785,0.9999999999998276,1.800543918434826,1.2289584638218312,0.017974176410390404
boxcar_hanning_full,21,30,6,0,5,4,True,0.7121900708307952,0.40438036688766965,0.9999999999998275,1.4656567953881983,1.2370226135430002,0.03313228964806468
boxcar_hanning_full,22,30,6,0.5,2,4,True,0.44104680346842284,0.16462719819091265,0.9999999999999115,1.772191545214233,1.2105882660865268,0.017763697461914196
boxcar_hanning_full,23,30,6,0.5,5,4,True,0.7251931796519667,0.41156799547728157,0.9999999999999116,1.4423992076074412,1.2177578959563586,0.033901626494219086
boxcar_hanning_full,0,6,1,0,2,5,False,-5.863814975348741e-19,0.028642215306728096,1.0,0.7212264191040617,0.0,0.0011104579005813573
boxcar_hanning_full,1,6,1,0,5,5,True,0.8736403948087135,0.07160553826682023,1.0000000000000002,1.307069503718308,1.018578936076683,0.0026672763298277702
boxcar_hanning_full,2,6,1,0.5,2,5,False,-2.610475980132263e-18,0.0340380327897801,0.9999999999999997,0.6158646508687908,0.00896934324450709,0.001132231584906482
boxcar_hanning_full,3,6,1,0.5,5,5,True,0.9427090827803284,0.08509508197445022,0.9999999999999999,1.310871936873019,1.0681138138233055,0.003218876332730928
boxcar_hanning_full,4,6,3,0,2,5,False,-3.0599973756396416e-18,0.04729274316131588,0.9999999999999997,0.44325661357460366,0.0064555104874747605,0.001132231584906482
boxcar_hanning_full,5,6,3,0,5,5,True,0.8192214130014094,0.11823185790328967,0.9999999999999998,1.0868863508015962,0.9121659095667447,0.0049353684470282546
boxcar_hanning_full,6,6,3,0.5,2,5,False,-4.932203285964978e-18,0.04996208984624281,1.0,0.41957454631803787,0.00611060907177572,0.001132231584906482
boxcar_hanning_full,7,6,3,0.5,5,5,True,0.8283355068694799,0.12490522461560703,0.9999999999999998,1.066870704022504,0.901485129123999,0.005951473715534072
boxcar_hanning_full,8,6,6,0,2,5,False,-4.953987230586199e-18,0.08411175592328275,0.9999999999998278,0.2509537793302336,0.005357641737760695,0.0011431184270690445
boxcar_hanning_full,9,6,6,0,5,5,True,0.7299113616397698,0.2102793898082068,0.9999999999998282,0.91360103040998,0.8153625753729907,0.008161502674534225
boxcar_hanning_full,10,6,6,0.5,2,5,False,-4.5101269574884124e-18,0.08560679403863361,0.999999999999912,0.24904149798422553,0.007734454391908709,0.001164892111394169
boxcar_hanning_full,11,6,6,0.5,5,5,True,0.7416162242679544,0.21401698509658404,0.999999999999912,0.9072558919405695,0.8107330745036427,0.008796568467350361
boxcar_hanning_full,12,30,1,0,2,5,False,6.450722612612498e-05,0.055080764428575,1.0000000000000004,0.38064784512662925,0.005607255273045737,0.001132231584906482
boxcar_hanning_full,13,30,1,0,5,5,True,0.37244373982101237,0.13770191107143753,1.0000000000000002,0.6260262195708152,0.47600998362938174,0.003919263178522437
boxcar_hanning_full,14,30,1,0.5,2,5,False,0.0002811984070259885,0.06545725760484687,1.0,0.3222865871604151,0.006698627371683671,0.0011431184270690445
boxcar_hanning_full,15,30,1,0.5,5,5,True,0.49185134264704156,0.16364314401211716,1.0,0.5843312996254227,0.45809611570993014,0.006093002663647383
boxcar_hanning_full,16,30,3,0,2,5,False,0.00033044481414459386,0.09094689141023397,1.0,0.23368566133013097,0.006547360498064019,0.0011540052692316067
boxcar_hanning_full,17,30,3,0,5,5,True,0.5572052854015084,0.22736722852558489,1.0,0.7316694575871983,0.6408141372543714,0.009674773735130388
boxcar_hanning_full,18,30,3,0.5,2,5,False,0.012954487040859239,0.09608021138413002,1.0,0.24786350203117594,0.03286061971766825,0.00126287369085723
boxcar_hanning_full,19,30,3,0.5,5,5,True,0.609564353674568,0.24020052846032508,0.9999999999999998,0.8259570667706642,0.739955913845261,0.011529165850153504
boxcar_hanning_full,20,30,6,0,2,5,False,0.0007491514894518527,0.16175214675506785,0.9999999999998276,0.14399938667819234,0.01628842397820687,0.0013390815859951662
boxcar_hanning_full,21,30,6,0,5,5,True,0.5429874477417248,0.40438036688766965,0.9999999999998275,0.7116699710855672,0.660585586005573,0.01707782640567277
boxcar_hanning_full,22,30,6,0.5,2,5,False,0.014087988132385914,0.16462719819091265,0.9999999999999115,0.17063862070580724,0.045158003846111835,0.001603994745284183
boxcar_hanning_full,23,30,6,0.5,5,5,True,0.5597206427231961,0.41156799547728157,0.9999999999999116,0.750801409755232,0.7006091630113539,0.017861679041377258
boxcar_hanning_full,0,6,1,0,2,6,False,0.0,0.028642215306728096,1.0,0.0,0.0,0.0
boxcar_hanning_full,1,6,1,0,5,6,False,0.0,0.07160553826682023,1.0000000000000002,0.0,0.0,0.0
boxcar_hanning_full,2,6,1,0.5,2,6,False,0.0,0.0340380327897801,0.9999999999999997,0.0,0.0,0.0
boxcar_hanning_full,3,6,1,0.5,5,6,False,0.27943360429505554,0.08509508197445022,0.9999999999999999,0.22303932660870027,0.22303932660870027,0.0004245868443399308
boxcar_hanning_full,4,6,3,0,2,6,False,0.0,0.04729274316131588,0.9999999999999997,0.0,0.0,0.0
boxcar_hanning_full,5,6,3,0,5,6,True,0.5307989963404224,0.11823185790328967,0.9999999999999998,0.5007655580958886,0.5007655580958886,0.0009798157946306093
boxcar_hanning_full,6,6,3,0.5,2,6,False,0.0,0.04996208984624281,1.0,0.0,0.0,0.0
boxcar_hanning_full,7,6,3,0.5,5,6,True,0.6344746426810436,0.12490522461560703,0.9999999999999998,0.5678635810610522,0.5678635810610522,0.0014588368497833518
boxcar_hanning_full,8,6,6,0,2,6,False,0.0,0.08411175592328275,0.9999999999998278,0.0,0.0,0.0
boxcar_hanning_full,9,6,6,0,5,6,True,0.5862615333938699,0.2102793898082068,0.9999999999998282,0.5385560839620546,0.5385560839620546,0.002409621065313795
boxcar_hanning_full,10,6,6,0.5,2,6,False,0.0,0.08560679403863361,0.999999999999912,0.0,0.0,0.0
boxcar_hanning_full,11,6,6,0.5,5,6,True,0.6476950262988667,0.21401698509658404,0.999999999999912,0.5872217681538227,0.5872217681538227,0.0026672763298277702
boxcar_hanning_full,12,30,1,0,2,6,False,0.0,0.055080764428575,1.0000000000000004,0.0,0.0,0.0
boxcar_hanning_full,13,30,1,0,5,6,False,0.0,0.13770191107143753,1.0000000000000002,0.0,0.0,0.0
boxcar_hanning_full,14,30,1,0.5,2,6,False,0.0,0.06545725760484687,1.0,0.0,0.0,0.0
boxcar_hanning_full,15,30,1,0.5,5,6,False,0.10932063609562183,0.16364314401211716,1.0,0.08493194619294457,0.08493194619294457,0.0008056263200296122
boxcar_hanning_full,16,30,3,0,2,6,False,0.0,0.09094689141023397,1.0,0.0,0.0,0.0
boxcar_hanning_full,17,30,3,0,5,6,True,0.18975256087851436,0.22736722852558489,1.0,0.16324232522657123,0.16324232522657123,0.001828989483310471
boxcar_hanning_full,18,30,3,0.5,2,6,False,0.0,0.09608021138413002,1.0,0.0,0.0,0.0
boxcar_hanning_full,19,30,3,0.5,5,6,True,0.26086898566575034,0.24020052846032508,0.9999999999999998,0.20181878362952813,0.20181878362952813,0.002656389487665208
boxcar_hanning_full,20,30,6,0,2,6,False,0.0,0.16175214675506785,0.9999999999998276,0.0,0.0,0.0
boxcar_hanning_full,21,30,6,0,5,6,True,0.2836874624109507,0.40438036688766965,0.9999999999998275,0.2633122865356877,0.2633122865356877,0.005229313185417438
boxcar_hanning_full,22,30,6,0.5,2,6,False,0.0,0.16462719819091265,0.9999999999999115,0.0,0.0,0.0
boxcar_hanning_full,23,30,6,0.5,5,6,True,0.30675024021033187,0.41156799547728157,0.9999999999999116,0.248601518975805,0.248601518975805,0.0057482526618329085
boxcar_hanning_full,0,6,1,0,2,7,False,-3.939773617515374e-18,0.028642215306728096,1.0,7.658888672138902,0.0,0.01071265268796133
boxcar_hanning_full,1,6,1,0,5,7,True,0.4750871041334456,0.07160553826682023,1.0000000000000002,3.4807443374461187,0.41718886859055737,0.011398523744202757
boxcar_hanning_full,2,6,1,0.5,2,7,False,-2.278613595879349e-18,0.0340380327897801,0.9999999999999997,6.444777220601547,0.0,0.01071265268796133
boxcar_hanning_full,3,6,1,0.5,5,7,False,-2.2786135958793496e-18,0.08509508197445022,0.9999999999999999,2.577910888240619,0.0,0.01071265268796133
boxcar_hanning_full,4,6,3,0,2,7,False,-4.233446336377954e-18,0.04729274316131588,0.9999999999999997,4.638503154900511,0.0,0.01071265268796133
boxcar_hanning_full,5,6,3,0,5,7,True,0.7402824288555423,0.11823185790328967,0.9999999999999998,2.5338645771033104,0.6784633151431054,0.013408960596889266
boxcar_hanning_full,6,6,3,0.5,2,7,False,-3.143281478032611e-18,0.04996208984624281,1.0,4.390679794075105,0.0,0.01071265268796133
boxcar_hanning_full,7,6,3,0.5,5,7,True,0.8012212736583435,0.12490522461560703,0.9999999999999998,2.517854327205044,0.7615824095750025,0.013717421124828532
boxcar_hanning_full,8,6,6,0,2,7,False,-4.100171127719232e-18,0.08411175592328275,0.9999999999998278,2.60804849393164,0.0,0.01071265268796133
boxcar_hanning_full,9,6,6,0,5,7,True,0.8216613591002159,0.2102793898082068,0.9999999999998282,1.8772292979345013,0.834009900361845,0.01744072114442485
boxcar_hanning_full,10,6,6,0.5,2,7,False,-3.719635926026857e-18,0.08560679403863361,0.999999999999912,2.5625015026104654,0.0,0.01071265268796133
boxcar_hanning_full,11,6,6,0.5,5,7,True,0.8636771410063322,0.21401698509658404,0.999999999999912,1.8891240803754106,0.8641234793312244,0.01783264746227709
boxcar_hanning_full,12,30,1,0,2,7,False,4.857033651391463e-06,0.055080764428575,1.0000000000000004,3.982657251811582,4.8570336515244045e-06,0.01071265268796133
boxcar_hanning_full,13,30,1,0,5,7,True,0.22744178457123393,0.13770191107143753,1.0000000000000002,1.7969966329508067,0.20393567503963467,0.012498094802621552
boxcar_hanning_full,14,30,1,0.5,2,7,False,3.334872076574069e-06,0.06545725760484687,1.0,3.3513129739337035,3.334872076874757e-06,0.01071265268796133
boxcar_hanning_full,15,30,1,0.5,5,7,False,3.3348720765740693e-06,0.16364314401211716,1.0,1.3405271904967273,3.3348720765829776e-06,0.01071265268796133
boxcar_hanning_full,16,30,3,0,2,7,False,4.857777767872877e-06,0.09094689141023397,1.0,2.4126145527857896,0.0005745703727287983,0.010716281635348851
boxcar_hanning_full,17,30,3,0,5,7,True,0.42649321041333255,0.22736722852558489,1.0,1.3980601688475511,0.4332441758823268,0.016620579034845154
boxcar_hanning_full,18,30,3,0.5,2,7,False,3.7799827263137576e-06,0.09608021138413002,1.0,2.2837139091156717,0.0005430542907504646,0.010716281635348851
boxcar_hanning_full,19,30,3,0.5,5,7,True,0.4768545473498529,0.24020052846032508,0.9999999999999998,1.3806362772783285,0.4673679353483599,0.016990731668372273
boxcar_hanning_full,20,30,6,0,2,7,False,1.5429128055743487e-05,0.16175214675506785,0.9999999999998276,1.3614876178764235,0.005292088120400243,0.0107598290039991
boxcar_hanning_full,21,30,6,0,5,7,True,0.5285669903346023,0.40438036688766965,0.9999999999998275,1.1198582757117042,0.5773800638092949,0.024691358024691357
boxcar_hanning_full,22,30,6,0.5,2,7,False,1.3040619667726691e-05,0.16462719819091265,0.9999999999999115,1.336160597201614,0.0036496830374180816,0.010748942161836538
boxcar_hanning_full,23,30,6,0.5,5,7,True,0.537812990759055,0.41156799547728157,0.9999999999999116,1.1195264106221379,0.5865220449564593,0.024974415920917977
boxcar_hanning_full,0,6,1,0,2,8,False,-3.1646009949647093e-19,0.028642215306728096,1.0,0.8011749294647245,0.0,0.001295534217344917
boxcar_hanning_full,1,6,1,0,5,8,True,0.9457098389859199,0.07160553826682023,1.0000000000000002,1.5401955497620945,1.2197255779762046,0.004354736865024931
boxcar_hanning_full,2,6,1,0.5,2,8,True,0.7939062266858113,0.0340380327897801,0.9999999999999997,1.7973197805487193,1.1231496553301052,0.0028196921201036427
boxcar_hanning_full,3,6,1,0.5,5,8,True,0.9550921470664624,0.08509508197445022,0.9999999999999999,1.5935863941833375,1.323918344095892,0.005679302661470014
boxcar_hanning_full,4,6,3,0,2,8,True,0.6857448899281309,0.04729274316131588,0.9999999999999997,1.499341147824768,1.0141203022119958,0.0034547579129197785
boxcar_hanning_full,5,6,3,0,5,8,True,0.803966554663918,0.11823185790328967,0.9999999999999998,1.3458909469023939,1.151802608657285,0.007638934250731233
boxcar_hanning_full,6,6,3,0.5,2,8,True,0.6620564006684326,0.04996208984624281,1.0,1.567699759670833,1.1084030229109916,0.004093452653123435
boxcar_hanning_full,7,6,3,0.5,5,8,True,0.8735980408770958,0.12490522461560703,0.9999999999999998,1.4605172040127,1.2767985093087633,0.008477221097248532
boxcar_hanning_full,8,6,6,0,2,8,True,0.5368334903642623,0.08411175592328275,0.9999999999998278,1.1403168484305133,0.8674961876775575,0.004753921077652217
boxcar_hanning_full,9,6,6,0,5,8,True,0.7424884325943965,0.2102793898082068,0.9999999999998282,1.1435572869083694,1.034429022607187,0.01061830005588579
boxcar_hanning_full,10,6,6,0.5,2,8,True,0.5753241735683015,0.08560679403863361,0.999999999999912,1.1963603079612473,0.9283041906193765,0.004949884236578338
boxcar_hanning_full,11,6,6,0.5,5,8,True,0.7883705845824889,0.21401698509658404,0.999999999999912,1.2142016341428536,1.1069791872061054,0.01109006321626349
boxcar_hanning_full,12,30,1,0,2,8,False,2.254256203002981e-07,0.055080764428575,1.0000000000000004,0.4166143568042434,2.2542562031815187e-07,0.001295534217344917
boxcar_hanning_full,13,30,1,0,5,8,True,0.5579155740711255,0.13770191107143753,1.0000000000000002,0.9805561100425194,0.8139104574910702,0.006328884243836233
boxcar_hanning_full,14,30,1,0.5,2,8,True,0.2560268414197235,0.06545725760484687,1.0,0.8313254312799255,0.48075430031977107,0.003200731595793324
boxcar_hanning_full,15,30,1,0.5,5,8,True,0.6167279653442886,0.16364314401211716,1.0,1.0789148382762022,0.9386863858921403,0.008121584253271497
boxcar_hanning_full,16,30,3,0,2,8,True,0.27086457459800756,0.09094689141023397,1.0,0.7821957216142755,0.5298789632044424,0.004365623707187493
boxcar_hanning_full,17,30,3,0,5,8,True,0.6090119644370661,0.22736722852558489,1.0,1.036213449905157,0.9352867465412236,0.011514650060603421
boxcar_hanning_full,18,30,3,0.5,2,8,True,0.35383180797914066,0.09608021138413002,1.0,0.9257998352024103,0.6869637159068644,0.005338181607043061
boxcar_hanning_full,19,30,3,0.5,5,8,True,0.6602474256114438,0.24020052846032508,0.9999999999999998,1.0906995868402414,0.9951651391220232,0.012646881645509903
boxcar_hanning_full,20,30,6,0,2,8,True,0.26560772940552574,0.16175214675506785,0.9999999999998276,0.6654275134457963,0.5235596910494152,0.006379689507261524
boxcar_hanning_full,21,30,6,0,5,8,True,0.5484184435600636,0.40438036688766965,0.9999999999998275,0.8311896297063912,0.7744425007478388,0.01655162903448226
boxcar_hanning_full,22,30,6,0.5,2,8,True,0.2839444101409054,0.16462719819091265,0.9999999999999115,0.7084834760808377,0.5690932350984821,0.0066845210878132685
boxcar_hanning_full,23,30,6,0.5,5,8,True,0.5743158533149338,0.41156799547728157,0.9999999999999116,0.876685735261239,0.8209296388682968,0.017785471146239323
boxcar_hanning_full,0,6,1,0,2,9,False,1.0013102094698259e-18,0.028642215306728096,1.0,1.1135922901389819,0.0,0.0014842394814959972
boxcar_hanning_full,1,6,1,0,5,9,False,1.0013102094698264e-18,0.07160553826682023,1.0000000000000002,0.4454369160555928,0.0,0.0014842394814959972
boxcar_hanning_full,2,6,1,0.5,2,9,False,4.532870360397883e-19,0.0340380327897801,0.9999999999999997,0.9370620897823986,0.0,0.0014842394814959972
boxcar_hanning_full,3,6,1,0.5,5,9,False,4.532870360397883e-19,0.08509508197445022,0.9999999999999999,0.3748248359129595,0.0,0.0014842394814959972
boxcar_hanning_full,4,6,3,0,2,9,False,2.3736519115516027e-12,0.04729274316131588,0.9999999999999997,0.6774315100983463,0.002999282107753477,0.0014951263236585596
boxcar_hanning_full,5,6,3,0,5,9,True,0.5362813417446664,0.11823185790328967,0.9999999999999998,0.799216398389672,0.5294435071934347,0.0022426894854878396
boxcar_hanning_full,6,6,3,0.5,2,9,False,8.403408236606121e-13,0.04996208984624281,1.0,0.6412380770097519,0.0028390381338443816,0.0014951263236585596
boxcar_hanning_full,7,6,3,0.5,5,9,True,0.4143807549503957,0.12490522461560703,0.9999999999999998,0.6713967774698757,0.4160371619195128,0.002540263171264543
boxcar_hanning_full,8,6,6,0,2,9,False,1.2119735337460378e-10,0.08411175592328275,0.9999999999998278,0.4046698042872924,0.025463000339876866,0.0015931079031216205
boxcar_hanning_full,9,6,6,0,5,9,True,0.7476434326060236,0.2102793898082068,0.9999999999998282,1.032430746397311,0.8807480248183446,0.0065937974031252495
boxcar_hanning_full,10,6,6,0.5,2,9,False,8.628979976820103e-11,0.08560679403863361,0.999999999999912,0.3958609628492109,0.023276631240216596,0.0015894789557340998
boxcar_hanning_full,11,6,6,0.5,5,9,True,0.6371905782992263,0.21401698509658404,0.999999999999912,0.8848948389150526,0.7358611062714548,0.006539363192312438
boxcar_hanning_full,12,30,1,0,2,9,False,0.00010789230543224672,0.055080764428575,1.0000000000000004,0.5933908484221057,0.014318454112230221,0.0015277868501462465
boxcar_hanning_full,13,30,1,0,5,9,False,0.0001404528598057408,0.13770191107143753,1.0000000000000002,0.24093090375924245,0.009301946035292306,0.001553189481858892
boxcar_hanning_full,14,30,1,0.5,2,9,False,3.577245224210484e-05,0.06545725760484687,1.0,0.49356732573791173,0.006291333660428494,0.0015096421132086426
boxcar_hanning_full,15,30,1,0.5,5,9,False,4.6471798086089785e-05,0.16364314401211716,1.0,0.19948643416305586,0.004576037332062534,0.0015314157975337673
boxcar_hanning_full,16,30,3,0,2,9,False,0.000289436767396259,0.09094689141023397,1.0,0.3775627213771458,0.026855295939138817,0.0016257684296093074
boxcar_hanning_full,17,30,3,0,5,9,True,0.1468919227856148,0.22736722852558489,1.0,0.2944353681066561,0.1541523979314533,0.002982994752542078
boxcar_hanning_full,18,30,3,0.5,2,9,False,0.00014494525165024283,0.09608021138413002,1.0,0.34812872929249605,0.016158704678858445,0.0015713342187964959
boxcar_hanning_full,19,30,3,0.5,5,9,True,0.2202125057891293,0.24020052846032508,0.9999999999999998,0.4202730196788357,0.28748500983338066,0.004594247392601302
boxcar_hanning_full,20,30,6,0,2,9,False,0.0009730858455844455,0.16175214675506785,0.9999999999998276,0.24713409553998,0.04994505800361223,0.0019378579049360942
boxcar_hanning_full,21,30,6,0,5,9,True,0.40175178051453125,0.40438036688766965,0.9999999999998275,0.6518304039134651,0.572954788898918,0.013760968493478782
boxcar_hanning_full,22,30,6,0.5,2,9,False,0.0005525402863040603,0.16462719819091265,0.9999999999999115,0.22797999229911675,0.03423466656573026,0.0018072157989853462
boxcar_hanning_full,23,30,6,0.5,5,9,True,0.3892129604849336,0.41156799547728157,0.9999999999999116,0.6183973962933609,0.5408992660000063,0.013445250070764475
boxcar_hanning_full,0,6,1,0,2,10,False,1.5664867006213082e-16,0.028642215306728096,1.0,1.9913768313980298,0.049653687217024345,0.003284197385706302
boxcar_hanning_full,1,6,1,0,5,10,False,0.0017492333829027921,0.07160553826682023,1.0000000000000002,0.9264344590381284,0.14974520136572608,0.003654350019233421
boxcar_hanning_full,2,6,1,0.5,2,10,False,1.87612579662606e-15,0.0340380327897801,0.9999999999999997,1.6884583975325296,0.05454339706317657,0.003316857912193989
boxcar_hanning_full,3,6,1,0.5,5,10,True,0.5539451275727988,0.08509508197445022,0.9999999999999999,1.4627947482915782,0.8092287481038367,0.004971657920903463
boxcar_hanning_full,4,6,3,0,2,10,False,1.8839273814899045e-15,0.04729274316131588,0.9999999999999997,1.2186808601099526,0.04270229248943227,0.0033277447543565513
boxcar_hanning_full,5,6,3,0,5,10,True,0.5565996226100787,0.11823185790328967,0.9999999999999998,1.1883334049548728,0.7179419779066647,0.0054724526603813295
boxcar_hanning_full,6,6,3,0.5,2,10,False,1.18460053244077e-14,0.04996208984624281,1.0,1.1592546722428754,0.04610563198366941,0.003349518438681676
boxcar_hanning_full,7,6,3,0.5,5,10,True,0.5979742912620007,0.12490522461560703,0.9999999999999998,1.1782345401317058,0.7329749240280234,0.00594058687337151
boxcar_hanning_full,8,6,6,0,2,10,False,1.846406248301649e-15,0.08411175592328275,0.9999999999998278,0.6867249905044045,0.025518340480175282,0.0033386315965191135
boxcar_hanning_full,9,6,6,0,5,10,True,0.6676040372861536,0.2102793898082068,0.9999999999998282,1.0254863287817462,0.7610036687720545,0.007834897409657355
boxcar_hanning_full,10,6,6,0.5,2,10,False,9.276405529371159e-15,0.08560679403863361,0.999999999999912,0.6792862741162271,0.02962694524811513,0.0033712921230068006
boxcar_hanning_full,11,6,6,0.5,5,10,True,0.594670218071981,0.21401698509658404,0.999999999999912,0.9764098189641826,0.7165460874169378,0.008615121097974321
boxcar_hanning_full,12,30,1,0,2,10,False,0.0007838870851378322,0.055080764428575,1.0000000000000004,1.0741180217571955,0.06441430869766647,0.00341483949165705
boxcar_hanning_full,13,30,1,0,5,10,False,0.04588010944053869,0.13770191107143753,1.0000000000000002,0.6126461120872004,0.20876462686338887,0.004253126338174349
boxcar_hanning_full,14,30,1,0.5,2,10,False,0.008919106859293525,0.06545725760484687,1.0,0.9803529451472393,0.13071068397234858,0.003621689492745734
boxcar_hanning_full,15,30,1,0.5,5,10,True,0.25997064665213937,0.16364314401211716,1.0,0.8228334758998995,0.4829765714299432,0.006060342137159696
boxcar_hanning_full,16,30,3,0,2,10,False,0.008510731830033173,0.09094689141023397,1.0,0.7266383786603821,0.11512487336831231,0.0037087842300462326
boxcar_hanning_full,17,30,3,0,5,10,True,0.2673289684261061,0.22736722852558489,1.0,0.6727644202353983,0.4281590181185703,0.007428455302255028
boxcar_hanning_full,18,30,3,0.5,2,10,False,0.021061605373064982,0.09608021138413002,1.0,0.7747692899816508,0.19592738736198595,0.004002728968435416
boxcar_hanning_full,19,30,3,0.5,5,10,True,0.31019609328604664,0.24020052846032508,0.9999999999999998,0.7327004000466578,0.5011636389987919,0.008401013202110596
boxcar_hanning_full,20,30,6,0,2,10,False,0.016157599573764548,0.16175214675506785,0.9999999999998276,0.4944379632928647,0.1506078906947901,0.004220465811686662
boxcar_hanning_full,21,30,6,0,5,10,True,0.3527383843626042,0.40438036688766965,0.9999999999998275,0.6718047997134384,0.5342727706742086,0.013252915859225873
boxcar_hanning_full,22,30,6,0.5,2,10,False,0.02045808484056408,0.16462719819091265,0.9999999999999115,0.5264270497136325,0.18860162977789227,0.004470863181425595
boxcar_hanning_full,23,30,6,0.5,5,10,True,0.3723873360110983,0.41156799547728157,0.9999999999999116,0.6834176213624302,0.548287453388134,0.013938786915467299
boxcar_hanning_full,0,6,1,0,2,11,False,3.617255497159698e-18,0.028642215306728096,1.0,4.7031666489180655,0.0,0.008146986884984142
boxcar_hanning_full,1,6,1,0,5,11,False,3.617255497159699e-18,0.07160553826682023,1.0000000000000002,1.8812666595672265,0.0,0.008146986884984142
boxcar_hanning_full,2,6,1,0.5,2,11,False,1.6706384203307494e-18,0.0340380327897801,0.9999999999999997,3.957605676382698,0.0,0.008146986884984142
boxcar_hanning_full,3,6,1,0.5,5,11,False,1.6706384203307498e-18,0.08509508197445022,0.9999999999999999,1.5830422705530796,0.0,0.008146986884984142
boxcar_hanning_full,4,6,3,0,2,11,False,4.7084588826464525e-18,0.04729274316131588,0.9999999999999997,2.8484097723458413,0.0,0.008146986884984142
boxcar_hanning_full,5,6,3,0,5,11,False,4.708458882646453e-18,0.11823185790328967,0.9999999999999998,1.1393639089383367,0.0,0.008146986884984142
boxcar_hanning_full,6,6,3,0.5,2,11,False,3.194938590400056e-18,0.04996208984624281,1.0,2.6962265228756106,0.0,0.008146986884984142
boxcar_hanning_full,7,6,3,0.5,5,11,True,0.12066935134981865,0.12490522461560703,0.9999999999999998,1.1857606888090564,0.10727007965881216,0.008255855306609765
boxcar_hanning_full,8,6,6,0,2,11,False,5.660432228340924e-18,0.08411175592328275,0.9999999999998278,1.6015491568693507,0.0,0.008146986884984142
boxcar_hanning_full,9,6,6,0,5,11,True,0.47221588262740505,0.2102793898082068,0.9999999999998282,1.0556327358102875,0.41501307306254687,0.009587678997829889
boxcar_hanning_full,10,6,6,0.5,2,11,False,4.637717431285966e-18,0.08560679403863361,0.999999999999912,1.5735796824833908,0.0,0.008146986884984142
boxcar_hanning_full,11,6,6,0.5,5,11,True,0.4923865455240687,0.21401698509658404,0.999999999999912,1.0700526872199891,0.44062081422663274,0.01006307110559511
boxcar_hanning_full,12,30,1,0,2,11,False,2.796818581042181e-05,0.055080764428575,1.0000000000000004,2.4456932231845085,2.7968185810298053e-05,0.008146986884984142
boxcar_hanning_full,13,30,1,0,5,11,False,5.236733357819828e-05,0.13770191107143753,1.0000000000000002,0.9853211860876551,0.0070550840881759246,0.00827762899093489
boxcar_hanning_full,14,30,1,0.5,2,11,False,1.2707477239892152e-05,0.06545725760484687,1.0,2.057983308612833,1.2707477239940992e-05,0.008146986884984142
boxcar_hanning_full,15,30,1,0.5,5,11,False,2.6924513408128817e-05,0.16364314401211716,1.0,0.8273435073936258,0.004155266939388385,0.008255855306609765
boxcar_hanning_full,16,30,3,0,2,11,False,4.085607179148803e-05,0.09094689141023397,1.0,1.4844330906915693,0.003248745708275926,0.008179647411471829
boxcar_hanning_full,17,30,3,0,5,11,False,0.015782940103941857,0.22736722852558489,1.0,0.6114881519350426,0.01901441394172522,0.00846270530769845
boxcar_hanning_full,18,30,3,0.5,2,11,False,2.5717807948319364e-05,0.09608021138413002,1.0,1.4020741712940175,2.5717807948301705e-05,0.008146986884984142
boxcar_hanning_full,19,30,3,0.5,5,11,True,0.048532928687477966,0.24020052846032508,0.9999999999999998,0.6034767901567363,0.042657408762308696,0.008723989519599944
boxcar_hanning_full,20,30,6,0,2,11,False,4.373653920689698e-05,0.16175214675506785,0.9999999999998276,0.8398204568829264,0.007008562363118166,0.00823408162228464
boxcar_hanning_full,21,30,6,0,5,11,True,0.19907525684834332,0.40438036688766965,0.9999999999998275,0.49944685089847785,0.16632209309055454,0.011706984272142023
boxcar_hanning_full,22,30,6,0.5,2,11,False,3.594737203583046e-05,0.16462719819091265,0.9999999999999115,0.8231006034282549,0.004832946187824518,0.008212307937959516
boxcar_hanning_full,23,30,6,0.5,5,11,True,0.23780230763956212,0.41156799547728157,0.9999999999999116,0.5220689758918976,0.19476191299572537,0.012559786908209405
boxcar_hanning_full,0,6,1,0,2,12,False,1.8358081475136655e-05,0.028642215306728096,1.0,5.230825088110469,0.1246384234168299,0.007773205304069501
boxcar_hanning_full,1,6,1,0,5,12,True,0.8624319785233995,0.07160553826682023,1.0000000000000002,3.3785544593804393,1.3360797935029836,0.01005581321082007
boxcar_hanning_full,2,6,1,0.5,2,12,False,5.260560723506096e-18,0.0340380327897801,0.9999999999999997,4.319359524524038,0.022621850236019876,0.007664336882443878
boxcar_hanning_full,3,6,1,0.5,5,12,True,0.7346948805212974,0.08509508197445022,0.9999999999999999,2.8800203670888007,1.1613252973735928,0.01010298952685784
boxcar_hanning_full,4,6,3,0,2,12,True,0.3313973299020959,0.04729274316131588,0.9999999999999997,4.020090203704459,0.927596766653647,0.008952613205013754
boxcar_hanning_full,5,6,3,0,5,12,True,0.8618364735116136,0.11823185790328967,0.9999999999999998,2.478039155302884,1.2410417804825593,0.012966229015611732
boxcar_hanning_full,6,6,3,0.5,2,12,False,0.1450916364732158,0.04996208984624281,1.0,3.520075251454677,0.592805829847459,0.008528026360673823
boxcar_hanning_full,7,6,3,0.5,5,12,True,0.8801266968112231,0.12490522461560703,0.9999999999999998,2.4552540595114705,1.2843462908685837,0.01314404743760025
boxcar_hanning_full,8,6,6,0,2,12,True,0.33373558567103156,0.08411175592328275,0.9999999999998278,2.4761567868416274,0.7373689534275436,0.009344539522865998
boxcar_hanning_full,9,6,6,0,5,12,True,0.8093907458178152,0.2102793898082068,0.9999999999998282,1.7482884381249135,1.0527733047592798,0.016333892191231013
boxcar_hanning_full,10,6,6,0.5,2,12,True,0.3197289035269089,0.08560679403863361,0.999999999999912,2.43016681047823,0.7217451894034292,0.009326394785928394
boxcar_hanning_full,11,6,6,0.5,5,12,True,0.8042208429072075,0.21401698509658404,0.999999999999912,1.7224580331395414,1.039089384709621,0.01660243429790755
boxcar_hanning_full,12,30,1,0,2,12,False,0.026399873879644483,0.055080764428575,1.0000000000000004,2.8564632264599146,0.20122596961048678,0.008665926361399613
boxcar_hanning_full,13,30,1,0,5,12,True,0.3596667781390549,0.13770191107143753,1.0000000000000002,1.7289320051950068,0.6668371024552356,0.011808594798992603
boxcar_hanning_full,14,30,1,0.5,2,12,False,0.015993333588623947,0.06545725760484687,1.0,2.3533517320327957,0.11903115096907621,0.008339321096522743
boxcar_hanning_full,15,30,1,0.5,5,12,True,0.33453490476581865,0.16364314401211716,1.0,1.5404737569512856,0.6467455245257977,0.012171489537744681
boxcar_hanning_full,16,30,3,0,2,12,True,0.14033680630754108,0.09094689141023397,1.0,2.173711260369282,0.5656024445682211,0.01047677110777248
boxcar_hanning_full,17,30,3,0,5,12,True,0.5042280169278569,0.22736722852558489,1.0,1.384341901872565,0.7410983755521404,0.01679839745683367
boxcar_hanning_full,18,30,3,0.5,2,12,False,0.09188428410438418,0.09608021138413002,1.0,1.9824528808070523,0.4602612063759925,0.01005581321082007
boxcar_hanning_full,19,30,3,0.5,5,12,True,0.5140473866452531,0.24020052846032508,0.9999999999999998,1.3836152681811398,0.7747385984087158,0.01717217903774831
boxcar_hanning_full,20,30,6,0,2,12,True,0.13207636992958333,0.16175214675506785,0.9999999999998276,1.3272342285553778,0.42305767955438717,0.011198931637889114
boxcar_hanning_full,21,30,6,0,5,12,True,0.5313077210995942,0.40438036688766965,0.9999999999998275,1.0713935370828052,0.7097229174824088,0.023272439596170733
boxcar_hanning_full,22,30,6,0.5,2,12,True,0.12220377824000012,0.16462719819091265,0.9999999999999115,1.3068451870816624,0.4184591885731115,0.011140868479688782
boxcar_hanning_full,23,30,6,0.5,5,12,True,0.5396866144598998,0.41156799547728157,0.9999999999999116,1.0709027731521634,0.7155483737487429,0.023838555388623974
boxcar_hanning_full,0,6,1,0,2,13,False,0.0,0.028642215306728096,1.0,0.03509933360279749,0.0,3.266052648768698e-05
boxcar_hanning_full,1,6,1,0,5,13,True,0.8554619552684071,0.07160553826682023,1.0000000000000002,1.0951934377758032,1.0811537043346842,0.0019814052735863436
boxcar_hanning_full,2,6,1,0.5,2,13,False,0.012432116314476025,0.0340380327897801,0.9999999999999997,0.07148562238551386,0.04195034705444803,9.798157946306095e-05
boxcar_hanning_full,3,6,1,0.5,5,13,True,0.8744753822399457,0.08509508197445022,0.9999999999999999,1.1654172527537914,1.153603142621365,0.0025003447500018144
boxcar_hanning_full,4,6,3,0,2,13,False,0.01569174482107257,0.04729274316131588,0.9999999999999997,0.06366163321344713,0.042404192790825856,0.00016330263243843492
boxcar_hanning_full,5,6,3,0,5,13,True,0.7985855574672067,0.11823185790328967,0.9999999999999998,1.006280823568792,0.9977778473997435,0.0042095789695241
boxcar_hanning_full,6,6,3,0.5,2,13,False,0.027004180395036877,0.04996208984624281,1.0,0.11591031050675778,0.0957886007610714,0.00022862368541380886
boxcar_hanning_full,7,6,3,0.5,5,13,True,0.8432370918755244,0.12490522461560703,0.9999999999999998,1.041404600735478,1.0333559168372035,0.005127702658566856
boxcar_hanning_full,8,6,6,0,2,13,False,0.020920480304891614,0.08411175592328275,0.9999999999998278,0.06400688240393294,0.05205465694937289,0.0002794289488390997
boxcar_hanning_full,9,6,6,0,5,13,True,0.7780633594787413,0.2102793898082068,0.9999999999998282,0.9041604024668837,0.8993795122850597,0.007254265827654031
boxcar_hanning_full,10,6,6,0.5,2,13,False,0.11072335617744364,0.08560679403863361,0.999999999999912,0.23434824608763616,0.22260475444700414,0.0006024052663284487
boxcar_hanning_full,11,6,6,0.5,5,13,True,0.7666158535994061,0.21401698509658404,0.999999999999912,0.8946128294301224,0.8899154327738696,0.0075590974082057755
boxcar_hanning_full,12,30,1,0,2,13,False,0.0,0.055080764428575,1.0000000000000004,0.018251792265476567,0.0,3.266052648768698e-05
boxcar_hanning_full,13,30,1,0,5,13,True,0.3956821460903075,0.13770191107143753,1.0000000000000002,0.5936250901495516,0.586324373243361,0.0035200789658951523
boxcar_hanning_full,14,30,1,0.5,2,13,False,0.03461976621179381,0.06545725760484687,1.0,0.11127935803679276,0.09592089807437049,0.00033749210703943217
boxcar_hanning_full,15,30,1,0.5,5,13,True,0.4581480713577133,0.16364314401211716,1.0,0.7318143647397806,0.7256709807548117,0.005414389502180998
boxcar_hanning_full,16,30,3,0,2,13,False,0.04773261179482357,0.09094689141023397,1.0,0.1240200466311629,0.11296609355387413,0.0006386947402036565
boxcar_hanning_full,17,30,3,0,5,13,True,0.5016169657162174,0.22736722852558489,1.0,0.7020470749832108,0.6976254937522953,0.0076679658298313995
boxcar_hanning_full,18,30,3,0.5,2,13,False,0.05505470127123483,0.09608021138413002,1.0,0.15071214029741153,0.1402487716631076,0.0007076447405665512
boxcar_hanning_full,19,30,3,0.5,5,13,True,0.5646408517735063,0.24020052846032508,0.9999999999999998,0.7546935261670482,0.7505081787133266,0.009090513205739543
boxcar_hanning_full,20,30,6,0,2,13,False,0.044488779316027696,0.16175214675506785,0.9999999999998276,0.10239185533351294,0.09617665083489009,0.0009036078994926731
boxcar_hanning_full,21,30,6,0,5,13,True,0.5227998745878165,0.40438036688766965,0.9999999999998275,0.645129718995547,0.642643637196098,0.013833547441229197
boxcar_hanning_full,22,30,6,0.5,2,13,False,0.06904946895775158,0.16462719819091265,0.9999999999999115,0.1776990988485734,0.17159243675858166,0.001342710533382687
boxcar_hanning_full,23,30,6,0.5,5,13,True,0.5286981891939576,0.41156799547728157,0.9999999999999116,0.6589008780019671,0.6564582131659704,0.014229102706468962
boxcar_hanning_full,0,6,1,0,2,14,False,0.0,0.028642215306728096,1.0,0.9243171944061296,0.0,0.0015459315870838505
boxcar_hanning_full,1,6,1,0,5,14,False,0.16768489550503632,0.07160553826682023,1.0000000000000002,0.5729640593927797,0.20323718163032786,0.0016874605351971607
boxcar_hanning_full,2,6,1,0.5,2,14,False,0.0,0.0340380327897801,0.9999999999999997,0.7777914857006709,0.0,0.0015459315870838505
boxcar_hanning_full,3,6,1,0.5,5,14,True,0.8112902208199323,0.08509508197445022,0.9999999999999999,1.1273420130059237,0.8162254187256552,0.003364034228231759
boxcar_hanning_full,4,6,3,0,2,14,False,2.34205397140114e-26,0.04729274316131588,0.9999999999999997,0.5598003060128387,0.0,0.0015459315870838505
boxcar_hanning_full,5,6,3,0,5,14,True,0.7832948734379562,0.11823185790328967,0.9999999999999998,1.0162791968435259,0.7923590744383904,0.004343850022862369
boxcar_hanning_full,6,6,3,0.5,2,14,False,4.449902262674143e-25,0.04996208984624281,1.0,0.5298916073239902,0.0,0.0015459315870838505
boxcar_hanning_full,7,6,3,0.5,5,14,True,0.7965745650492151,0.12490522461560703,0.9999999999999998,1.050454269968171,0.838497627038575,0.005174878974604626
boxcar_hanning_full,8,6,6,0,2,14,False,5.408801477998694e-15,0.08411175592328275,0.9999999999998278,0.3147537678090886,5.392873906099931e-15,0.0015459315870838505
boxcar_hanning_full,9,6,6,0,5,14,True,0.6133069460090154,0.2102793898082068,0.9999999999998282,0.7890536894599236,0.6631521823362904,0.006938547404939723
boxcar_hanning_full,10,6,6,0.5,2,14,False,0.05489757849459504,0.08560679403863361,0.999999999999912,0.3912867041817764,0.08202980008671705,0.0016874605351971607
boxcar_hanning_full,11,6,6,0.5,5,14,True,0.6411650948149011,0.21401698509658404,0.999999999999912,0.8421440215907319,0.7184412599527082,0.007722400040644211
boxcar_hanning_full,12,30,1,0,2,14,False,0.0,0.055080764428575,1.0000000000000004,0.4806485960851459,0.0,0.0015459315870838505
boxcar_hanning_full,13,30,1,0,5,14,False,0.08019505406234585,0.13770191107143753,1.0000000000000002,0.32681857859706315,0.1345591401630048,0.002166481590349903
boxcar_hanning_full,14,30,1,0.5,2,14,False,6.848450271091348e-05,0.06545725760484687,1.0,0.40852017072242175,0.004065522565410136,0.0015568184292464127
boxcar_hanning_full,15,30,1,0.5,5,14,True,0.35416245528926205,0.16364314401211716,1.0,0.5598455632677132,0.39806370400490854,0.00472488949855205
boxcar_hanning_full,16,30,3,0,2,14,False,4.752061757539995e-19,0.09094689141023397,1.0,0.2910983727247232,0.0,0.0015459315870838505
boxcar_hanning_full,17,30,3,0,5,14,True,0.40751334124741073,0.22736722852558489,1.0,0.603264138771725,0.48682478968183585,0.007305071091079322
boxcar_hanning_full,18,30,3,0.5,2,14,False,0.000889509227808759,0.09608021138413002,1.0,0.3074500561455726,0.03190432500593316,0.0017201210616848478
boxcar_hanning_full,19,30,3,0.5,5,14,True,0.47123810630364726,0.24020052846032508,0.9999999999999998,0.6988329867686627,0.588614694312807,0.009413489523228893
boxcar_hanning_full,20,30,6,0,2,14,False,0.0022657377084233017,0.16175214675506785,0.9999999999998276,0.223422318746042,0.05974911486591022,0.00210478948476205
boxcar_hanning_full,21,30,6,0,5,14,True,0.3958663823688954,0.40438036688766965,0.9999999999998275,0.5952432454837692,0.5297739639317165,0.012937197436511566
boxcar_hanning_full,22,30,6,0.5,2,14,False,0.019487457319272008,0.16462719819091265,0.9999999999999115,0.28854846854614297,0.12773365553335247,0.0026926789615404154
boxcar_hanning_full,23,30,6,0.5,5,14,True,0.43124985486717693,0.41156799547728157,0.9999999999999116,0.6545952390005946,0.5902693137954784,0.014239989548631524
boxcar_hanning_full,0,6,1,0,2,15,False,0.11524083420044823,0.028642215306728096,1.0,7.716888287331315,0.18936136519159538,0.010422336896959667
boxcar_hanning_full,1,6,1,0,5,15,True,0.9314224407275135,0.07160553826682023,1.0000000000000002,4.323827966623442,1.3128171977675538,0.013829918493841676
boxcar_hanning_full,2,6,1,0.5,2,15,False,0.0848668275916755,0.0340380327897801,0.9999999999999997,6.630984113204248,0.2967447591645684,0.01061830005588579
boxcar_hanning_full,3,6,1,0.5,5,15,True,0.8158834335357811,0.08509508197445022,0.9999999999999999,3.567724630846457,1.0340288892305844,0.013372671123014058
boxcar_hanning_full,4,6,3,0,2,15,True,0.605831994335892,0.04729274316131588,0.9999999999999997,5.4823571927890535,0.9234115191222124,0.011866657957192937
boxcar_hanning_full,5,6,3,0,5,15,True,0.8638284870754452,0.11823185790328967,0.9999999999999998,2.9889923375146275,1.1654140680478906,0.0163665527177187
boxcar_hanning_full,6,6,3,0.5,2,15,True,0.488497564763755,0.04996208984624281,1.0,5.049732606546711,0.7343597409472595,0.011688839535204418
boxcar_hanning_full,7,6,3,0.5,5,15,True,0.8817484215569259,0.12490522461560703,0.9999999999999998,2.9073475787906027,1.181198432550822,0.016856460615034003
boxcar_hanning_full,8,6,6,0,2,15,True,0.4691866554154549,0.08411175592328275,0.9999999999998278,3.3429571027722718,0.7796406618722775,0.01286461848876115
boxcar_hanning_full,9,6,6,0,5,15,True,0.8133491305202858,0.2102793898082068,0.9999999999998282,2.118935972313238,1.09360939595324,0.020703144845806026
boxcar_hanning_full,10,6,6,0.5,2,15,True,0.4394786517017914,0.08560679403863361,0.999999999999912,3.22438030851662,0.7058296578075487,0.012570673750371967
boxcar_hanning_full,11,6,6,0.5,5,15,True,0.8431109891814669,0.21401698509658404,0.999999999999912,2.1363856911786807,1.128965430895052,0.021349097480784722
boxcar_hanning_full,12,30,1,0,2,15,False,0.08242085674444376,0.055080764428575,1.0000000000000004,4.076895877457203,0.16255211211785073,0.010803376372649349
boxcar_hanning_full,13,30,1,0,5,15,True,0.564959271142211,0.13770191107143753,1.0000000000000002,2.353172624256802,0.7874351181210613,0.015658907977152147
boxcar_hanning_full,14,30,1,0.5,2,15,False,0.10365526900449414,0.06545725760484687,1.0,3.5315626563668965,0.23773314501331727,0.011111836900588616
boxcar_hanning_full,15,30,1,0.5,5,15,True,0.4857509622588647,0.16364314401211716,1.0,2.058946498895891,0.7414146943544592,0.015684310608864792
boxcar_hanning_full,16,30,3,0,2,15,True,0.24486503690406486,0.09094689141023397,1.0,2.891484190669788,0.5208144130894983,0.01291542375218644
boxcar_hanning_full,17,30,3,0,5,15,True,0.6099175370565542,0.22736722852558489,1.0,1.7805277543778757,0.8322598433457598,0.02022049484326576
boxcar_hanning_full,18,30,3,0.5,2,15,True,0.21163666237598325,0.09608021138413002,1.0,2.656624420256969,0.4126134660228434,0.012686800066772632
boxcar_hanning_full,19,30,3,0.5,5,15,True,0.6417587318338633,0.24020052846032508,0.9999999999999998,1.7575220719722286,0.8599176902785783,0.021272889585646788
boxcar_hanning_full,20,30,6,0,2,15,True,0.2185353840853515,0.16175214675506785,0.9999999999998276,1.801755339400083,0.4688206541028506,0.01473352639333435
boxcar_hanning_full,21,30,6,0,5,15,True,0.5923441583878328,0.40438036688766965,0.9999999999998275,1.3592550839231463,0.8260812098042535,0.027913863304809806
boxcar_hanning_full,22,30,6,0.5,2,15,True,0.2058085640746015,0.16462719819091265,0.9999999999999115,1.7528487950431442,0.44319249766093305,0.014526676392245665
boxcar_hanning_full,23,30,6,0.5,5,15,True,0.6082416056453656,0.41156799547728157,0.9999999999999116,1.3823416643641677,0.8584791454112831,0.028988031731515956
boxcar_hanning_full,0,6,1,0,2,16,False,0.0,0.028642215306728096,1.0,4.470167386386324,0.0,0.006492186876274668
boxcar_hanning_full,1,6,1,0,5,16,False,0.11973760622999796,0.07160553826682023,1.0000000000000002,1.9034360050381203,0.1153690504835904,0.006742584246013601
boxcar_hanning_full,2,6,1,0.5,2,16,False,0.0,0.0340380327897801,0.9999999999999997,3.761542199831058,0.0,0.006492186876274668
boxcar_hanning_full,3,6,1,0.5,5,16,False,0.0,0.08509508197445022,0.9999999999999999,1.5046168799324233,0.0,0.006492186876274668
boxcar_hanning_full,4,6,3,0,2,16,False,5.104011027435165e-07,0.04729274316131588,0.9999999999999997,2.707297405852084,5.104011030548014e-07,0.006492186876274668
boxcar_hanning_full,5,6,3,0,5,16,True,0.7942578531634663,0.11823185790328967,0.9999999999999998,1.8420478650468042,0.7591291068664117,0.00949695531314187
boxcar_hanning_full,6,6,3,0.5,2,16,False,2.8485454270637545e-06,0.04996208984624281,1.0,2.562655794649512,2.848545427318693e-06,0.006492186876274668
boxcar_hanning_full,7,6,3,0.5,5,16,True,0.8092531796189733,0.12490522461560703,0.9999999999999998,1.709101984834489,0.6840408063928554,0.009366313207191123
boxcar_hanning_full,8,6,6,0,2,16,False,0.00217159157104281,0.08411175592328275,0.9999999999998278,1.5454647939096804,0.02325787607086322,0.006615571087450374
boxcar_hanning_full,9,6,6,0,5,16,True,0.851667305623931,0.2102793898082068,0.9999999999998282,1.5340520126656159,0.9251692455300887,0.014762557972434516
boxcar_hanning_full,10,6,6,0.5,2,16,False,0.003969907582425106,0.08560679403863361,0.999999999999912,1.5390612726978825,0.04343819539621672,0.006702665824750873
boxcar_hanning_full,11,6,6,0.5,5,16,True,0.8909042274268609,0.21401698509658404,0.999999999999912,1.5460645425254844,0.9478153116048181,0.01539036587047561
boxcar_hanning_full,12,30,1,0,2,16,False,0.0,0.055080764428575,1.0000000000000004,2.324504717141659,0.0,0.006492186876274668
boxcar_hanning_full,13,30,1,0,5,16,False,0.10692683237957872,0.13770191107143753,1.0000000000000002,1.1121774776190005,0.18237559076233703,0.007348618459729571
boxcar_hanning_full,14,30,1,0.5,2,16,False,0.0,0.06545725760484687,1.0,1.956016818042046,0.0,0.006492186876274668
boxcar_hanning_full,15,30,1,0.5,5,16,False,0.029544327472291257,0.16364314401211716,1.0,0.8994653173253869,0.11705859010856846,0.007101850037378158
boxcar_hanning_full,16,30,3,0,2,16,False,7.895422460118656e-07,0.09094689141023397,1.0,1.407805880542681,7.895422461144459e-07,0.006492186876274668
boxcar_hanning_full,17,30,3,0,5,16,True,0.4659323933862875,0.22736722852558489,1.0,1.1434609345262028,0.5803388981260287,0.013503313228964807
boxcar_hanning_full,18,30,3,0.5,2,16,False,4.128478198272442e-06,0.09608021138413002,1.0,1.332593793857924,4.128478198557755e-06,0.006492186876274668
boxcar_hanning_full,19,30,3,0.5,5,16,True,0.5172515775477492,0.24020052846032508,0.9999999999999998,1.072922388786414,0.5398865226345241,0.01454845007657079
boxcar_hanning_full,20,30,6,0,2,16,False,0.0023092500903773914,0.16175214675506785,0.9999999999998276,0.8137224890555427,0.022168872571750257,0.00668815003520079
boxcar_hanning_full,21,30,6,0,5,16,True,0.5696793308362809,0.40438036688766965,0.9999999999998275,1.0118060608899695,0.6951846142964526,0.0228297080148932
boxcar_hanning_full,22,30,6,0.5,2,16,False,0.0040530778369958255,0.16462719819091265,0.9999999999999115,0.8079533199240647,0.03022340563910781,0.006778873719888809
boxcar_hanning_full,23,30,6,0.5,5,16,True,0.5834843296149473,0.41156799547728157,0.9999999999999116,1.042984848259487,0.7318928825455042,0.02390387644159935
boxcar_hanning_full,0,6,1,0,2,17,False,-1.714927715932592e-34,0.028642215306728096,1.0,1.9826213370883876,0.0,0.0038103947568968147
boxcar_hanning_full,1,6,1,0,5,17,False,-1.7149277159325918e-34,0.07160553826682023,1.0000000000000002,0.7930485348353551,0.0,0.0038103947568968147
boxcar_hanning_full,2,6,1,0.5,2,17,False,0.0,0.0340380327897801,0.9999999999999997,1.6683298814392384,0.0,0.0038103947568968147
boxcar_hanning_full,3,6,1,0.5,5,17,False,0.0,0.08509508197445022,0.9999999999999999,0.6673319525756956,0.0,0.0038103947568968147
boxcar_hanning_full,4,6,3,0,2,17,False,-5.687112304034564e-21,0.04729274316131588,0.9999999999999997,1.2007480093700427,0.0,0.0038103947568968147
boxcar_hanning_full,5,6,3,0,5,17,False,-5.687112304034566e-21,0.11823185790328967,0.9999999999999998,0.48029920374801716,0.0,0.0038103947568968147
boxcar_hanning_full,6,6,3,0.5,2,17,False,-1.5241328789090059e-21,0.04996208984624281,1.0,1.1365951140826658,0.0,0.0038103947568968147
boxcar_hanning_full,7,6,3,0.5,5,17,False,-1.5241328789090059e-21,0.12490522461560703,0.9999999999999998,0.45463804563306626,0.0,0.0038103947568968147
boxcar_hanning_full,8,6,6,0,2,17,False,-3.9716399784733826e-19,0.08411175592328275,0.9999999999998278,0.6751335361538895,0.0,0.0038103947568968147
boxcar_hanning_full,9,6,6,0,5,17,True,0.43684869105713575,0.2102793898082068,0.9999999999998282,0.6640674446968068,0.39401403023525094,0.005225684238029917
boxcar_hanning_full,10,6,6,0.5,2,17,False,-2.5458489474117616e-19,0.08560679403863361,0.999999999999912,0.6633429956852653,0.0,0.0038103947568968147
boxcar_hanning_full,11,6,6,0.5,5,17,True,0.1826231327607025,0.21401698509658404,0.999999999999912,0.43505417744904323,0.1697169791749371,0.0043365921280873266
boxcar_hanning_full,12,30,1,0,2,17,False,1.6007938440952805e-23,0.055080764428575,1.0000000000000004,1.0309709350936085,0.0,0.0038103947568968147
boxcar_hanning_full,13,30,1,0,5,17,False,1.60079384409528e-23,0.13770191107143753,1.0000000000000002,0.4123883740374434,0.0,0.0038103947568968147
boxcar_hanning_full,14,30,1,0.5,2,17,False,0.0,0.06545725760484687,1.0,0.8675381353647467,0.0,0.0038103947568968147
boxcar_hanning_full,15,30,1,0.5,5,17,False,0.0,0.16364314401211716,1.0,0.3470152541458987,0.0,0.0038103947568968147
boxcar_hanning_full,16,30,3,0,2,17,False,5.678066203002015e-10,0.09094689141023397,1.0,0.6243937135145331,5.678064961934298e-10,0.0038103947568968147
boxcar_hanning_full,17,30,3,0,5,17,False,0.05698125646317281,0.22736722852558489,1.0,0.3932561466805362,0.14349866150184554,0.005280118448842729
boxcar_hanning_full,18,30,3,0.5,2,17,False,1.5148219524560444e-10,0.09608021138413002,1.0,0.5910339538713054,1.5148214431322068e-10,0.0038103947568968147
boxcar_hanning_full,19,30,3,0.5,5,17,False,0.0034694319757257687,0.24020052846032508,0.9999999999999998,0.272326547774169,0.035912966286239696,0.0042132079169116205
boxcar_hanning_full,20,30,6,0,2,17,False,2.550208713630359e-07,0.16175214675506785,0.9999999999998276,0.35107236347695,2.550208713064996e-07,0.0038103947568968147
boxcar_hanning_full,21,30,6,0,5,17,True,0.256966094022781,0.40438036688766965,0.9999999999998275,0.45483765731328923,0.31440881393085773,0.010926760583825055
boxcar_hanning_full,22,30,6,0.5,2,17,False,4.2455681535916476e-07,0.16462719819091265,0.9999999999999115,0.34494140534630274,4.2455681532387244e-07,0.0038103947568968147
boxcar_hanning_full,23,30,6,0.5,5,17,True,0.1331333330596487,0.41156799547728157,0.9999999999999116,0.35436704099152383,0.21639064867572883,0.008226823727509599
boxcar_hanning_full,0,6,1,0,2,18,False,-2.340334123861411e-22,0.028642215306728096,1.0,4.441642420187602,0.0,0.0048591605518903186
boxcar_hanning_full,1,6,1,0,5,18,True,0.5074387637028931,0.07160553826682023,1.0000000000000002,2.2736930524519408,0.49703608437689983,0.005534144765969183
boxcar_hanning_full,2,6,1,0.5,2,18,False,-1.0528014386828823e-20,0.0340380327897801,0.9999999999999997,3.7375391022217785,0.0,0.0048591605518903186
boxcar_hanning_full,3,6,1,0.5,5,18,False,-1.0528014386828824e-20,0.08509508197445022,0.9999999999999999,1.4950156408887116,0.0,0.0048591605518903186
boxcar_hanning_full,4,6,3,0,2,18,False,-2.105738695448148e-19,0.04729274316131588,0.9999999999999997,2.6900211324297056,0.0,0.0048591605518903186
boxcar_hanning_full,5,6,3,0,5,18,True,0.7226233643059422,0.11823185790328967,0.9999999999999998,1.7910602100485686,0.7150517570766861,0.007726028988031731
boxcar_hanning_full,6,6,3,0.5,2,18,False,-4.3099354947881063e-19,0.04996208984624281,1.0,2.546300182919132,0.0,0.0048591605518903186
boxcar_hanning_full,7,6,3,0.5,5,18,True,0.7944057245750522,0.12490522461560703,0.9999999999999998,1.8040868373885315,0.7855667642208789,0.007838526357044875
boxcar_hanning_full,8,6,6,0,2,18,False,-6.920805223474511e-19,0.08411175592328275,0.9999999999998278,1.51249343350464,0.0,0.0048591605518903186
boxcar_hanning_full,9,6,6,0,5,18,True,0.5836536342385573,0.2102793898082068,0.9999999999998282,1.1989048809799672,0.5939075075781111,0.009801786893693615
boxcar_hanning_full,10,6,6,0.5,2,18,False,-1.1519397767258757e-18,0.08560679403863361,0.999999999999912,1.4860792293786584,0.0,0.0048591605518903186
boxcar_hanning_full,11,6,6,0.5,5,18,True,0.675961910479882,0.21401698509658404,0.999999999999912,1.2821170107895477,0.6876853190380844,0.010868697425624723
boxcar_hanning_full,12,30,1,0,2,18,False,3.446745495614267e-11,0.055080764428575,1.0000000000000004,2.309671621957552,3.4467572648823017e-11,0.0048591605518903186
boxcar_hanning_full,13,30,1,0,5,18,True,0.24691164504908275,0.13770191107143753,1.0000000000000002,1.1863614157125268,0.26249276694329304,0.006982094773589973
boxcar_hanning_full,14,30,1,0.5,2,18,False,1.5511480903286775e-09,0.06545725760484687,1.0,1.9435351139217907,1.5511481608899632e-09,0.0048591605518903186
boxcar_hanning_full,15,30,1,0.5,5,18,False,1.551148090328677e-09,0.16364314401211716,1.0,0.7774140464994052,1.5511480879449592e-09,0.0048591605518903186
boxcar_hanning_full,16,30,3,0,2,18,False,6.320112642956465e-08,0.09094689141023397,1.0,1.3988216891175749,6.320112636279038e-08,0.0048591605518903186
boxcar_hanning_full,17,30,3,0,5,18,True,0.43793193765969635,0.22736722852558489,1.0,1.0554710085742427,0.49594235820766325,0.010582010582010581
boxcar_hanning_full,18,30,3,0.5,2,18,False,1.5379211169889984e-07,0.09608021138413002,1.0,1.3240863176525233,1.5379211171726777e-07,0.0048591605518903186
boxcar_hanning_full,19,30,3,0.5,5,18,True,0.46969681053498136,0.24020052846032508,0.9999999999999998,1.04780429667769,0.5181698311335253,0.011358605322940028
boxcar_hanning_full,20,30,6,0,2,18,False,1.501520519744947e-06,0.16175214675506785,0.9999999999998276,0.7865040677408613,1.5015205197750662e-06,0.0048591605518903186
boxcar_hanning_full,21,30,6,0,5,18,True,0.41694979314839664,0.40438036688766965,0.9999999999998275,0.7815777004341693,0.46697667394603265,0.014918602710097909
boxcar_hanning_full,22,30,6,0.5,2,18,False,2.117581172245216e-06,0.16462719819091265,0.9999999999999115,0.773042714647235,0.0002756390211337035,0.00486278949927784
boxcar_hanning_full,23,30,6,0.5,5,18,True,0.4561689468920379,0.41156799547728157,0.9999999999999116,0.8254082760058878,0.5163014457554473,0.016391955349431345
boxcar_hanning_full,0,6,1,0,2,19,False,0.0,0.028642215306728096,1.0,1.9282067916192251,0.0,0.003962810547172687
boxcar_hanning_full,1,6,1,0,5,19,True,0.9351653921142863,0.07160553826682023,1.0000000000000002,1.8287743708049804,1.0574916541572903,0.00696757898403989
boxcar_hanning_full,2,6,1,0.5,2,19,False,0.0,0.0340380327897801,0.9999999999999997,1.6225413032105505,0.0,0.003962810547172687
boxcar_hanning_full,3,6,1,0.5,5,19,True,0.7711705571874528,0.08509508197445022,0.9999999999999999,1.4196731349904126,0.7706566137061922,0.005269231606680166
boxcar_hanning_full,4,6,3,0,2,19,True,0.4362995145314016,0.04729274316131588,0.9999999999999997,1.5921377739866733,0.42434520392851965,0.004507152655300804
boxcar_hanning_full,5,6,3,0,5,19,True,0.7479147264151829,0.11823185790328967,0.9999999999999998,1.4077759369129104,0.9406589088896488,0.009025192152764169
boxcar_hanning_full,6,6,3,0.5,2,19,False,-4.887169828978843e-24,0.04996208984624281,1.0,1.1054003996113153,0.0,0.003962810547172687
boxcar_hanning_full,7,6,3,0.5,5,19,True,0.8252114718582332,0.12490522461560703,0.9999999999999998,1.4714819364691314,1.0293217766246052,0.009841705314956343
boxcar_hanning_full,8,6,6,0,2,19,True,0.375053895286163,0.08411175592328275,0.9999999999998278,1.0224601270087927,0.36585614252146265,0.005105928974241732
boxcar_hanning_full,9,6,6,0,5,19,True,0.8537745635422094,0.2102793898082068,0.9999999999998282,1.3734867690818957,1.1108451752869637,0.014606513234771122
boxcar_hanning_full,10,6,6,0.5,2,19,True,0.371493502875131,0.08560679403863361,0.999999999999912,1.0103586717678597,0.36522162742849007,0.005229313185417438
boxcar_hanning_full,11,6,6,0.5,5,19,True,0.827200732844712,0.21401698509658404,0.999999999999912,1.358263322502867,1.1002085047671193,0.015085534289923864
boxcar_hanning_full,12,30,1,0,2,19,False,0.0,0.055080764428575,1.0000000000000004,1.0026751562801806,0.0,0.003962810547172687
boxcar_hanning_full,13,30,1,0,5,19,True,0.5922184492965192,0.13770191107143753,1.0000000000000002,1.2193845914387802,0.818314528926708,0.009569534260892286
boxcar_hanning_full,14,30,1,0.5,2,19,False,0.0,0.06545725760484687,1.0,0.8437278936257147,0.0,0.003962810547172687
boxcar_hanning_full,15,30,1,0.5,5,19,True,0.38171414255277064,0.16364314401211716,1.0,0.8597531210690733,0.5222619636187874,0.008121584253271497
boxcar_hanning_full,16,30,3,0,2,19,True,0.11395013655509087,0.09094689141023397,1.0,0.7235455279574017,0.11628877376735573,0.004964400026128421
boxcar_hanning_full,17,30,3,0,5,19,True,0.5760855521671411,0.22736722852558489,1.0,1.0793434303248084,0.8364407286487902,0.013677502703565804
boxcar_hanning_full,18,30,3,0.5,2,19,False,0.015001899704037805,0.09608021138413002,1.0,0.6713478625560729,0.09653528371347986,0.004420057918000305
boxcar_hanning_full,19,30,3,0.5,5,19,True,0.6056171081264567,0.24020052846032508,0.9999999999999998,1.0663582299203644,0.8364331983833271,0.014196442179981275
boxcar_hanning_full,20,30,6,0,2,19,True,0.15707419038135292,0.16175214675506785,0.9999999999998276,0.6059740721578645,0.26453740383913077,0.00696757898403989
boxcar_hanning_full,21,30,6,0,5,19,True,0.5928217322396095,0.40438036688766965,0.9999999999998275,0.9928073710552164,0.856232703727723,0.022445039591816
boxcar_hanning_full,22,30,6,0.5,2,19,True,0.17803183039163842,0.16462719819091265,0.9999999999999115,0.6207718660426853,0.2852980519441969,0.007486518460455361
boxcar_hanning_full,23,30,6,0.5,5,19,True,0.598691433943264,0.41156799547728157,0.9999999999999116,0.9978854654271155,0.8636959397877201,0.022666405382454766
boxcar_hanning_full,0,6,1,0,2,20,False,0.0,0.028642215306728096,1.0,0.06894410212466366,0.0,0.0001197552637881856
boxcar_hanning_full,1,6,1,0,5,20,True,0.8491472218671112,0.07160553826682023,1.0000000000000002,0.7569089015881106,0.7293312607382453,0.001861650009798158
boxcar_hanning_full,2,6,1,0.5,2,20,False,0.0,0.0340380327897801,0.9999999999999997,0.058014863237824156,0.0,0.0001197552637881856
boxcar_hanning_full,3,6,1,0.5,5,20,False,0.16896917424975233,0.08509508197445022,0.9999999999999999,0.14476053870997763,0.12155459341484796,0.000533455265965554
boxcar_hanning_full,4,6,3,0,2,20,False,0.0,0.04729274316131588,0.9999999999999997,0.04175507033812589,0.0,0.0001197552637881856
boxcar_hanning_full,5,6,3,0,5,20,True,0.7142818814694282,0.11823185790328967,0.9999999999999998,0.814843111425174,0.7981410832899236,0.00350919212373259
boxcar_hanning_full,6,6,3,0.5,2,20,False,0.0,0.04996208984624281,1.0,0.03952420371647377,0.0,0.0001197552637881856
boxcar_hanning_full,7,6,3,0.5,5,20,True,0.7581604533505544,0.12490522461560703,0.9999999999999998,0.829024306133316,0.8132146246467266,0.003541852650220277
boxcar_hanning_full,8,6,6,0,2,20,False,4.025682915609204e-29,0.08411175592328275,0.9999999999998278,0.023477239245662352,0.0,0.0001197552637881856
boxcar_hanning_full,9,6,6,0,5,20,True,0.673646882003975,0.2102793898082068,0.9999999999998282,0.7864164472932836,0.7770255515950186,0.005936957925983989
boxcar_hanning_full,10,6,6,0.5,2,20,False,0.03522097201115077,0.08560679403863361,0.999999999999912,0.04390829530067788,0.02084106285306985,0.00022862368541380886
boxcar_hanning_full,11,6,6,0.5,5,20,True,0.7040065643563346,0.21401698509658404,0.999999999999912,0.8025872086141879,0.7933603156351446,0.005969618452471676
boxcar_hanning_full,12,30,1,0,2,20,False,0.0,0.055080764428575,1.0000000000000004,0.03585120572798765,0.0,0.0001197552637881856
boxcar_hanning_full,13,30,1,0,5,20,True,0.3604956215803016,0.13770191107143753,1.0000000000000002,0.4237915895336118,0.4094511072424167,0.0029067868574041414
boxcar_hanning_full,14,30,1,0.5,2,20,False,0.0,0.06545725760484687,1.0,0.030167958289738162,0.0,0.0001197552637881856
boxcar_hanning_full,15,30,1,0.5,5,20,False,0.16229091673318505,0.16364314401211716,1.0,0.1974197003122065,0.18535251699631122,0.0018362473780855126
boxcar_hanning_full,16,30,3,0,2,20,False,0.0,0.09094689141023397,1.0,0.021712801686385716,0.0,0.0001197552637881856
boxcar_hanning_full,17,30,3,0,5,20,True,0.4577523147787906,0.22736722852558489,1.0,0.586534211765198,0.5778490910906438,0.0061946131904979645
boxcar_hanning_full,18,30,3,0.5,2,20,False,0.0,0.09608021138413002,1.0,0.020552742221691636,0.0,0.0001197552637881856
boxcar_hanning_full,19,30,3,0.5,5,20,True,0.4270103608537051,0.24020052846032508,0.9999999999999998,0.5739401844440415,0.5657190875553648,0.005868007925621094
boxcar_hanning_full,20,30,6,0,2,20,False,0.019327537776356672,0.16175214675506785,0.9999999999998276,0.03621604362702815,0.02400778638408805,0.0004245868443399308
boxcar_hanning_full,21,30,6,0,5,20,True,0.449316965650105,0.40438036688766965,0.9999999999998275,0.5593502460786236,0.5544669431814475,0.010839665846524557
boxcar_hanning_full,22,30,6,0.5,2,20,False,0.028403312191734396,0.16462719819091265,0.9999999999999115,0.03331239208031349,0.02131733999363666,0.0005624868450657203
boxcar_hanning_full,23,30,6,0.5,5,20,True,0.44772602126304617,0.41156799547728157,0.9999999999999116,0.5598269340156073,0.5550289131809367,0.010843294793912078
boxcar_hanning_full,0,6,1,0,2,21,True,0.2848054359786628,0.028642215306728096,1.0,1.8491244048105897,0.3637707622073001,0.003451128965532258
boxcar_hanning_full,1,6,1,0,5,21,True,0.9253288271326815,0.07160553826682023,1.0000000000000002,1.8903208839364027,1.2961794268950868,0.006252676348698296
boxcar_hanning_full,2,6,1,0.5,2,21,False,0.26600145065357766,0.0340380327897801,0.9999999999999997,1.7964044697277244,0.5465138223795605,0.003908376336359876
boxcar_hanning_full,3,6,1,0.5,5,21,True,0.9689220818335642,0.08509508197445022,0.9999999999999999,1.8973889488724875,1.3974326899332217,0.007479260565680319
boxcar_hanning_full,4,6,3,0,2,21,True,0.6014522245963955,0.04729274316131588,0.9999999999999997,1.8139295617434994,0.9143450590438144,0.00463053686647651
boxcar_hanning_full,5,6,3,0,5,21,True,0.8923366078688898,0.11823185790328967,0.9999999999999998,1.622468062273916,1.262634261194042,0.008843744783388131
boxcar_hanning_full,6,6,3,0.5,2,21,True,0.6984519419829751,0.04996208984624281,1.0,1.9200152066305627,1.0684932032675347,0.005015205289553712
boxcar_hanning_full,7,6,3,0.5,5,21,True,0.8383653800143058,0.12490522461560703,0.9999999999999998,1.5454150335617434,1.204806232216532,0.009137689521777313
boxcar_hanning_full,8,6,6,0,2,21,True,0.5369615240777385,0.08411175592328275,0.9999999999998278,1.2906767912627077,0.7848756892517124,0.005548660555519266
boxcar_hanning_full,9,6,6,0,5,21,True,0.8268338406394188,0.2102793898082068,0.9999999999998282,1.3803026548861628,1.1779822140817646,0.01276663690929809
boxcar_hanning_full,10,6,6,0.5,2,21,True,0.5207861661462801,0.08560679403863361,0.999999999999912,1.3233961362279985,0.8264283509506217,0.005835347399133407
boxcar_hanning_full,11,6,6,0.5,5,21,True,0.8145201556628549,0.21401698509658404,0.999999999999912,1.3371182910563766,1.138331176945426,0.01286461848876115
boxcar_hanning_full,12,30,1,0,2,21,True,0.07754427158423231,0.055080764428575,1.0000000000000004,1.0063197265322956,0.23392995889854723,0.0037777342304091276
boxcar_hanning_full,13,30,1,0,5,21,True,0.5088230765269967,0.13770191107143753,1.0000000000000002,1.131790822496799,0.8228349154432996,0.008194163201021912
boxcar_hanning_full,14,30,1,0.5,2,21,False,0.15959672363562621,0.06545725760484687,1.0,1.0935685088907177,0.4436204298724171,0.004670455287739238
boxcar_hanning_full,15,30,1,0.5,5,21,True,0.5809973730799906,0.16364314401211716,1.0,1.1842506879911625,0.9242714563838422,0.009946944789194447
boxcar_hanning_full,16,30,3,0,2,21,True,0.21130018738389714,0.09094689141023397,1.0,0.9942205310953661,0.5264330324971572,0.005559547397681828
boxcar_hanning_full,17,30,3,0,5,21,True,0.5665465065771094,0.22736722852558489,1.0,1.0763385868889406,0.8892235874496569,0.012479950065683948
boxcar_hanning_full,18,30,3,0.5,2,21,True,0.2568191628984601,0.09608021138413002,1.0,1.0227254345495642,0.5799306256582152,0.006114776347972507
boxcar_hanning_full,19,30,3,0.5,5,21,True,0.5887056049974929,0.24020052846032508,0.9999999999999998,1.093052108809399,0.9159341852528594,0.01323840006967579
boxcar_hanning_full,20,30,6,0,2,21,True,0.21688937349383725,0.16175214675506785,0.9999999999998276,0.7685101671822282,0.5054915940655574,0.007428455302255028
boxcar_hanning_full,21,30,6,0,5,21,True,0.567807768370779,0.40438036688766965,0.9999999999998275,0.9764291756600972,0.871221746413429,0.019676152735137648
boxcar_hanning_full,22,30,6,0.5,2,21,True,0.2292439519347294,0.16462719819091265,0.9999999999999115,0.7982259216490496,0.5398007081631246,0.00776594740929446
boxcar_hanning_full,23,30,6,0.5,5,21,True,0.5650697526805913,0.41156799547728157,0.9999999999999116,0.9550237658469644,0.8516536804525944,0.019730586945950458
boxcar_hanning_full,0,6,1,0,2,22,False,3.3929871857614984e-18,0.028642215306728096,1.0,3.5488815167757086,0.0,0.006974836878814931
boxcar_hanning_full,1,6,1,0,5,22,True,0.8461433631457519,0.07160553826682023,1.0000000000000002,2.3897435216715954,0.9701909149613115,0.009500584260529391
boxcar_hanning_full,2,6,1,0.5,2,22,False,3.2545258017165812e-18,0.0340380327897801,0.9999999999999997,2.9863015036543867,0.0,0.006974836878814931
boxcar_hanning_full,3,6,1,0.5,5,22,True,0.8238657604409739,0.08509508197445022,0.9999999999999999,2.159870299846249,0.9653496983844937,0.009224784259077811
boxcar_hanning_full,4,6,3,0,2,22,False,0.1213325621362891,0.04729274316131588,0.9999999999999997,2.290559667401932,0.14122719677665693,0.007247007932878989
boxcar_hanning_full,5,6,3,0,5,22,True,0.8828436004730166,0.11823185790328967,0.9999999999999998,1.9395582909879645,1.0798253027378546,0.012704944803710237
boxcar_hanning_full,6,6,3,0.5,2,22,False,2.9170944182440097e-18,0.04996208984624281,1.0,2.034499133530573,0.0,0.006974836878814931
boxcar_hanning_full,7,6,3,0.5,5,22,True,0.8912859397563929,0.12490522461560703,0.9999999999999998,1.9050347513749255,1.0912350979626966,0.013271060596163477
boxcar_hanning_full,8,6,6,0,2,22,True,0.29761700027203103,0.08411175592328275,0.9999999999998278,1.5605801266211354,0.3520947325667143,0.008078036884621246
boxcar_hanning_full,9,6,6,0,5,22,True,0.8470904031579477,0.2102793898082068,0.9999999999998282,1.5255991632550159,1.0422050056332475,0.01773103693542651
boxcar_hanning_full,10,6,6,0.5,2,22,True,0.348972872508666,0.08560679403863361,0.999999999999912,1.5895088635388177,0.4021284734300043,0.008448189518148366
boxcar_hanning_full,11,6,6,0.5,5,22,True,0.8330228802936239,0.21401698509658404,0.999999999999912,1.5145396926153758,1.0395875365718505,0.01828989483310471
boxcar_hanning_full,12,30,1,0,2,22,False,1.2341852595515906e-06,0.055080764428575,1.0000000000000004,1.845433656122098,1.2341852595092876e-06,0.006974836878814931
boxcar_hanning_full,13,30,1,0,5,22,True,0.48623688038095975,0.13770191107143753,1.0000000000000002,1.4516571912778258,0.7134842225030905,0.011670694798266814
boxcar_hanning_full,14,30,1,0.5,2,22,False,1.1949144712082116e-06,0.06545725760484687,1.0,1.5536764597739152,0.0007878692499061558,0.006978465826202452
boxcar_hanning_full,15,30,1,0.5,5,22,True,0.4097153889056451,0.16364314401211716,1.0,1.2290295593022007,0.6078741230925969,0.011561826376641191
boxcar_hanning_full,16,30,3,0,2,22,False,0.07638210231026565,0.09094689141023397,1.0,1.2785686395469784,0.16090725579439943,0.0078058658305571885
boxcar_hanning_full,17,30,3,0,5,22,True,0.6031968119845504,0.22736722852558489,1.0,1.3205817777051667,0.8735172242041352,0.017346368512349306
boxcar_hanning_full,18,30,3,0.5,2,22,False,0.03168902389344436,0.09608021138413002,1.0,1.130486008676473,0.07253841429443933,0.0074066816179299035
boxcar_hanning_full,19,30,3,0.5,5,22,True,0.6251940064071546,0.24020052846032508,0.9999999999999998,1.2899964082628839,0.8668173705100706,0.018075786937240983
boxcar_hanning_full,20,30,6,0,2,22,True,0.13579639336373553,0.16175214675506785,0.9999999999998276,0.8730180126799763,0.24460082910171324,0.009493326365754349
boxcar_hanning_full,21,30,6,0,5,22,True,0.6207379023986032,0.40438036688766965,0.9999999999998275,1.1228831281768445,0.8715162547455394,0.0267598580355782
boxcar_hanning_full,22,30,6,0.5,2,22,True,0.16932743152806132,0.16462719819091265,0.9999999999999115,0.919362374443703,0.30191987637190776,0.01033524215965917
boxcar_hanning_full,23,30,6,0.5,5,22,True,0.6337940834813167,0.41156799547728157,0.9999999999999116,1.1345847492796142,0.8876077500508962,0.027391294881006816
boxcar_hanning_full,0,6,1,0,2,23,False,4.7714095333063506e-18,0.028642215306728096,1.0,1.482479166152391,0.0,0.0017854421146602216
boxcar_hanning_full,1,6,1,0,5,23,False,4.771409533306351e-18,0.07160553826682023,1.0000000000000002,0.5929916664609565,0.0,0.0017854421146602216
boxcar_hanning_full,2,6,1,0.5,2,23,False,8.522484442118795e-18,0.0340380327897801,0.9999999999999997,1.2474718420691033,0.0,0.0017854421146602216
boxcar_hanning_full,3,6,1,0.5,5,23,False,8.522484442118796e-18,0.08509508197445022,0.9999999999999999,0.4989887368276415,0.0,0.0017854421146602216
boxcar_hanning_full,4,6,3,0,2,23,False,6.118276307632959e-18,0.04729274316131588,0.9999999999999997,0.8978436146078287,0.0,0.0017854421146602216
boxcar_hanning_full,5,6,3,0,5,23,True,0.289227422283436,0.11823185790328967,0.9999999999999998,0.6558970183329715,0.29675957248984,0.002460426328739086
boxcar_hanning_full,6,6,3,0.5,2,23,False,8.191823003163629e-18,0.04996208984624281,1.0,0.8498741264696849,0.0,0.0017854421146602216
boxcar_hanning_full,7,6,3,0.5,5,23,False,0.08441847347798787,0.12490522461560703,0.9999999999999998,0.4177920341474776,0.07784238355960367,0.0019378579049360942
boxcar_hanning_full,8,6,6,0,2,23,False,5.662126100813692e-18,0.08411175592328275,0.9999999999998278,0.5048222688800373,0.0,0.0017854421146602216
boxcar_hanning_full,9,6,6,0,5,23,True,0.5299045624586579,0.2102793898082068,0.9999999999998282,0.7334501401159986,0.5315212325639835,0.004801097393689987
boxcar_hanning_full,10,6,6,0.5,2,23,False,6.334350173221746e-18,0.08560679403863361,0.999999999999912,0.4960060465003866,0.0,0.0017854421146602216
boxcar_hanning_full,11,6,6,0.5,5,23,True,0.5903503580827753,0.21401698509658404,0.999999999999912,0.7584288363600391,0.5600264177598845,0.005276489501455208
boxcar_hanning_full,12,30,1,0,2,23,False,5.585880314699202e-08,0.055080764428575,1.0000000000000004,0.7708950843716462,5.585880306741765e-08,0.0017854421146602216
boxcar_hanning_full,13,30,1,0,5,23,False,5.585880314699201e-08,0.13770191107143753,1.0000000000000002,0.3083580672639403,5.585880311076109e-08,0.0017854421146602216
boxcar_hanning_full,14,30,1,0.5,2,23,False,9.977256771873294e-08,0.06545725760484687,1.0,0.6486903904811628,9.97725676393006e-08,0.0017854421146602216
boxcar_hanning_full,15,30,1,0.5,5,23,False,9.977256771873294e-08,0.16364314401211716,1.0,0.2594762160560058,9.977256771224561e-08,0.0017854421146602216
boxcar_hanning_full,16,30,3,0,2,23,False,7.16265475602871e-08,0.09094689141023397,1.0,0.46688230153306043,7.162654752249634e-08,0.0017854421146602216
boxcar_hanning_full,17,30,3,0,5,23,True,0.20542833317947531,0.22736722852558489,1.0,0.4055062082429971,0.21875331628039194,0.004441831602325429
boxcar_hanning_full,18,30,3,0.5,2,23,False,9.590152036931401e-08,0.09608021138413002,1.0,0.4419380022921912,9.590152035094174e-08,0.0017854421146602216
boxcar_hanning_full,19,30,3,0.5,5,23,False,0.12932537855528384,0.24020052846032508,0.9999999999999998,0.2710749537231682,0.09429979116689988,0.0032660526487686982
boxcar_hanning_full,20,30,6,0,2,23,False,6.859483966297291e-08,0.16175214675506785,0.9999999999998276,0.26457994367505683,0.0020703676570485437,0.001796328956822784
boxcar_hanning_full,21,30,6,0,5,23,True,0.3320567238446546,0.40438036688766965,0.9999999999998275,0.4674538463990705,0.3624500159918672,0.010200971106320901
boxcar_hanning_full,22,30,6,0.5,2,23,False,7.673860638490884e-08,0.16462719819091265,0.9999999999999115,0.25995932559117635,0.002034220072254997,0.001796328956822784
boxcar_hanning_full,23,30,6,0.5,5,23,True,0.35316082389573067,0.41156799547728157,0.9999999999999116,0.4966022928930394,0.39343225068547083,0.010647331634985956
boxcar_hanning_full,0,6,1,0,2,24,False,0.0,0.028642215306728096,1.0,0.8391396565792724,0.0,0.0010269921106683796
boxcar_hanning_full,1,6,1,0,5,24,True,0.5516330822618054,0.07160553826682023,1.0000000000000002,0.9174585057296291,0.5818026430979201,0.001473352639333435
boxcar_hanning_full,2,6,1,0.5,2,24,False,0.0,0.0340380327897801,0.9999999999999997,0.7061165627460655,0.0,0.0010269921106683796
boxcar_hanning_full,3,6,1,0.5,5,24,False,0.0,0.08509508197445022,0.9999999999999999,0.2824466250984263,0.0,0.0010269921106683796
boxcar_hanning_full,4,6,3,0,2,24,False,6.226245075156802e-08,0.04729274316131588,0.9999999999999997,0.5406140093396504,0.03240033617261804,0.001179407900944252
boxcar_hanning_full,5,6,3,0,5,24,True,0.818956477744868,0.11823185790328967,0.9999999999999998,1.168233459681737,0.964947990414924,0.00435110791763741
boxcar_hanning_full,6,6,3,0.5,2,24,False,2.7071264844965392e-08,0.04996208984624281,1.0,0.499941714724719,0.01888059838382938,0.0011249736901314405
boxcar_hanning_full,7,6,3,0.5,5,24,True,0.8162825528738218,0.12490522461560703,0.9999999999999998,1.1049733931932948,0.912548946656939,0.00397732633672277
boxcar_hanning_full,8,6,6,0,2,24,False,3.1334806756162494e-05,0.08411175592328275,0.9999999999998278,0.33049449987425245,0.04474587351007046,0.001603994745284183
boxcar_hanning_full,9,6,6,0,5,24,True,0.852852423915707,0.2102793898082068,0.9999999999998282,1.215873101462444,1.101573650916771,0.009293734259440706
boxcar_hanning_full,10,6,6,0.5,2,24,False,7.629271294864983e-06,0.08560679403863361,0.999999999999912,0.3207558849019798,0.03999757610103718,0.0015060131658211219
boxcar_hanning_full,11,6,6,0.5,5,24,True,0.8744354097917689,0.21401698509658404,0.999999999999912,1.257038256678075,1.1447349331576977,0.009758239525043367
boxcar_hanning_full,12,30,1,0,2,24,False,1.842755507165753e-05,0.055080764428575,1.0000000000000004,0.43783158400039873,0.0014756443996672207,0.0010378789528309419
boxcar_hanning_full,13,30,1,0,5,24,True,0.13900622289275139,0.13770191107143753,1.0000000000000002,0.34914589658813294,0.17460352074784036,0.002166481590349903
boxcar_hanning_full,14,30,1,0.5,2,24,False,0.0,0.06545725760484687,1.0,0.36718340479906847,0.0,0.0010269921106683796
boxcar_hanning_full,15,30,1,0.5,5,24,False,0.0285030387994345,0.16364314401211716,1.0,0.1894438092010978,0.042570447281470386,0.0012338421117570636
boxcar_hanning_full,16,30,3,0,2,24,False,0.0021263982683069247,0.09094689141023397,1.0,0.3003357056545486,0.036062585996795994,0.0012991631647324376
boxcar_hanning_full,17,30,3,0,5,24,True,0.39810713981592627,0.22736722852558489,1.0,0.6150577715991327,0.5093485237360316,0.006775244772501288
boxcar_hanning_full,18,30,3,0.5,2,24,False,0.000765322954500516,0.09608021138413002,1.0,0.2695279481117237,0.019374265371936046,0.0012011815852693767
boxcar_hanning_full,19,30,3,0.5,5,24,True,0.3984326110939945,0.24020052846032508,0.9999999999999998,0.590889323092734,0.49082784999681894,0.0066845210878132685
boxcar_hanning_full,20,30,6,0,2,24,False,0.016177135231022082,0.16175214675506785,0.9999999999998276,0.22971505372325363,0.08112463808844934,0.0021374500112497368
boxcar_hanning_full,21,30,6,0,5,24,True,0.49077012548605364,0.40438036688766965,0.9999999999998275,0.7563534655994044,0.6969172993454826,0.014711752709009224
boxcar_hanning_full,22,30,6,0.5,2,24,False,0.010498631457737337,0.16462719819091265,0.9999999999999115,0.20905338501658252,0.0630579542476945,0.001941486852323615
boxcar_hanning_full,23,30,6,0.5,5,24,True,0.5132320321626819,0.41156799547728157,0.9999999999999116,0.7865445238190404,0.7281463515114851,0.015412139554800735
boxcar_hanning_full,0,6,1,0,2,25,False,-7.717524850634463e-19,0.028642215306728096,1.0,3.7483739881884084,0.0,0.005309150027942895
boxcar_hanning_full,1,6,1,0,5,25,True,0.5166824443813445,0.07160553826682023,1.0000000000000002,1.9912079907702167,0.4918583954948533,0.005777284240933075
boxcar_hanning_full,2,6,1,0.5,2,25,False,-4.498017060306161e-19,0.0340380327897801,0.9999999999999997,3.154169792446606,0.0,0.005309150027942895
boxcar_hanning_full,3,6,1,0.5,5,25,False,-4.498017060306159e-19,0.08509508197445022,0.9999999999999999,1.2616679169786427,0.0,0.005309150027942895
boxcar_hanning_full,4,6,3,0,2,25,False,-4.907640855347281e-19,0.04729274316131588,0.9999999999999997,2.2701524090835634,0.0,0.005309150027942895
boxcar_hanning_full,5,6,3,0,5,25,True,0.6897736392585552,0.11823185790328967,0.9999999999999998,1.5236241564710633,0.6155631928376378,0.007726028988031731
boxcar_hanning_full,6,6,3,0.5,2,25,False,-3.9862229669334307e-19,0.04996208984624281,1.0,2.1488639716680136,0.0,0.005309150027942895
boxcar_hanning_full,7,6,3,0.5,5,25,True,0.7997453978577366,0.12490522461560703,0.9999999999999998,1.6047275514897996,0.7451819628225942,0.008223194780122078
boxcar_hanning_full,8,6,6,0,2,25,False,2.670593984222159e-19,0.08411175592328275,0.9999999999998278,1.2764177092885176,0.0,0.005309150027942895
boxcar_hanning_full,9,6,6,0,5,25,True,0.7636511065174946,0.2102793898082068,0.9999999999998282,1.2399004751233145,0.7293333914079072,0.011489247428890776
boxcar_hanning_full,10,6,6,0.5,2,25,False,3.281891974797877e-19,0.08560679403863361,0.999999999999912,1.2541263345451301,0.0,0.005309150027942895
boxcar_hanning_full,11,6,6,0.5,5,25,True,0.7983355337613528,0.21401698509658404,0.999999999999912,1.2734483895226119,0.7717978557045597,0.012182376379907245
boxcar_hanning_full,12,30,1,0,2,25,False,2.709642193785155e-05,0.055080764428575,1.0000000000000004,1.971326968247915,0.02215767233062829,0.0053962447652433935
boxcar_hanning_full,13,30,1,0,5,25,True,0.1691949315333836,0.13770191107143753,1.0000000000000002,0.9461126242479149,0.16644490588100025,0.0065937974031252495
boxcar_hanning_full,14,30,1,0.5,2,25,False,2.721273581238717e-05,0.06545725760484687,1.0,1.661054041407577,0.020873276916127816,0.005407131607405956
boxcar_hanning_full,15,30,1,0.5,5,25,False,0.015894859292290977,0.16364314401211716,1.0,0.7202886891087396,0.06421638331215981,0.005788171083095637
boxcar_hanning_full,16,30,3,0,2,25,False,2.6459440047443354e-05,0.09094689141023397,1.0,1.2034522612551664,0.022964031750376725,0.005450678976056205
boxcar_hanning_full,17,30,3,0,5,25,True,0.4421593857118258,0.22736722852558489,1.0,0.9343210477069283,0.4621257559050123,0.011100950058426052
boxcar_hanning_full,18,30,3,0.5,2,25,False,2.3444133938864202e-05,0.09608021138413002,1.0,1.1326039256721536,0.015186163229919157,0.005418018449568518
boxcar_hanning_full,19,30,3,0.5,5,25,True,0.464008844802612,0.24020052846032508,0.9999999999999998,0.9338445169254944,0.4868774119486006,0.011663436903491774
boxcar_hanning_full,20,30,6,0,2,25,False,3.2972745591481955e-05,0.16175214675506785,0.9999999999998276,0.6860651670362773,0.022322910913993618,0.005548660555519266
boxcar_hanning_full,21,30,6,0,5,25,True,0.4936509499464151,0.40438036688766965,0.9999999999998275,0.7970399198970903,0.5315430174481768,0.017981434305165443
boxcar_hanning_full,22,30,6,0.5,2,25,False,3.4514265975138895e-05,0.16462719819091265,0.9999999999999115,0.673011166062887,0.020860512953139943,0.005530515818581662
boxcar_hanning_full,23,30,6,0.5,5,25,True,0.5255951692290324,0.41156799547728157,0.9999999999999116,0.8217694595791477,0.5609091983352488,0.018990281678896218
boxcar_hanning_full,0,6,1,0,2,26,False,0.0,0.028642215306728096,1.0,0.7862047011171515,0.0,0.0011757789535567313
boxcar_hanning_full,1,6,1,0,5,26,False,0.0,0.07160553826682023,1.0000000000000002,0.31448188044686065,0.0,0.0011757789535567313
boxcar_hanning_full,2,6,1,0.5,2,26,False,0.0,0.0340380327897801,0.9999999999999997,0.6615730251990496,0.0,0.0011757789535567313
boxcar_hanning_full,3,6,1,0.5,5,26,False,0.13674321240926643,0.08509508197445022,0.9999999999999999,0.43435479719273645,0.16972558711311653,0.0020140658000740307
boxcar_hanning_full,4,6,3,0,2,26,False,-2.0689811211231625e-23,0.04729274316131588,0.9999999999999997,0.4761543276893034,0.0,0.0011757789535567313
boxcar_hanning_full,5,6,3,0,5,26,True,0.6784732102622486,0.11823185790328967,0.9999999999999998,0.8371977630829321,0.6467360320072107,0.003382178965169363
boxcar_hanning_full,6,6,3,0.5,2,26,False,-3.213929178479115e-24,0.04996208984624281,1.0,0.4507146197018555,0.0,0.0011757789535567313
boxcar_hanning_full,7,6,3,0.5,5,26,True,0.651707323989775,0.12490522461560703,0.9999999999999998,0.7806254492490462,0.600339601368304,0.004234981601236745
boxcar_hanning_full,8,6,6,0,2,26,False,-6.941695781233486e-20,0.08411175592328275,0.9999999999998278,0.2677229131335485,0.0,0.0011757789535567313
boxcar_hanning_full,9,6,6,0,5,26,True,0.648707806404636,0.2102793898082068,0.9999999999998282,0.6886806919772653,0.5815915267238458,0.0059188131890463855
boxcar_hanning_full,10,6,6,0.5,2,26,False,-3.9869829845318196e-20,0.08560679403863361,0.999999999999912,0.2630473968502639,0.0,0.0011757789535567313
boxcar_hanning_full,11,6,6,0.5,5,26,True,0.636646995801147,0.21401698509658404,0.999999999999912,0.6706847226458312,0.5654657639057257,0.006249047401310776
boxcar_hanning_full,12,30,1,0,2,26,False,0.0,0.055080764428575,1.0000000000000004,0.4088295534416541,0.0,0.0011757789535567313
boxcar_hanning_full,13,30,1,0,5,26,False,0.0,0.13770191107143753,1.0000000000000002,0.1635318213766616,0.0,0.0011757789535567313
boxcar_hanning_full,14,30,1,0.5,2,26,False,0.0,0.06545725760484687,1.0,0.3440205891377252,0.0,0.0011757789535567313
boxcar_hanning_full,15,30,1,0.5,5,26,False,0.19411874593549155,0.16364314401211716,1.0,0.42223810584645466,0.2846298701913646,0.00332048685958151
boxcar_hanning_full,16,30,3,0,2,26,False,9.61163181594043e-15,0.09094689141023397,1.0,0.24760213323823604,9.581386723768447e-15,0.0011757789535567313
boxcar_hanning_full,17,30,3,0,5,26,True,0.3551653251960167,0.22736722852558489,1.0,0.4894946193747704,0.3904537660794798,0.006049455294997133
boxcar_hanning_full,18,30,3,0.5,2,26,False,1.7440278274994228e-15,0.09608021138413002,1.0,0.2343733844894405,1.677232183876726e-15,0.0011757789535567313
boxcar_hanning_full,19,30,3,0.5,5,26,True,0.4200646958386675,0.24020052846032508,0.9999999999999998,0.562138767305972,0.4683894135101965,0.007305071091079322
boxcar_hanning_full,20,30,6,0,2,26,False,4.26959537067434e-08,0.16175214675506785,0.9999999999998276,0.1392170161724045,4.269595368546983e-08,0.0011757789535567313
boxcar_hanning_full,21,30,6,0,5,26,True,0.4052896818499067,0.40438036688766965,0.9999999999998275,0.5141157009837147,0.45842891159313437,0.011238850059151843
boxcar_hanning_full,22,30,6,0.5,2,26,False,9.341971970464926e-08,0.16462719819091265,0.9999999999999115,0.13678577994063798,9.3419719684974e-08,0.0011757789535567313
boxcar_hanning_full,23,30,6,0.5,5,26,True,0.433618659189228,0.41156799547728157,0.9999999999999116,0.5465114736531085,0.4917971990447411,0.012178747432519723
boxcar_hanning_full,0,6,1,0,2,27,False,2.136235104842405e-18,0.028642215306728096,1.0,3.8073304854616437,0.0,0.004844644762340236
boxcar_hanning_full,1,6,1,0,5,27,False,2.136235104842405e-18,0.07160553826682023,1.0000000000000002,1.5229321941846576,0.0,0.004844644762340236
boxcar_hanning_full,2,6,1,0.5,2,27,False,3.902382467045269e-18,0.0340380327897801,0.9999999999999997,3.2037803177980466,0.0,0.004844644762340236
boxcar_hanning_full,3,6,1,0.5,5,27,False,3.9023824670452704e-18,0.08509508197445022,0.9999999999999999,1.281512127119219,0.0,0.004844644762340236
boxcar_hanning_full,4,6,3,0,2,27,False,2.882267592376679e-18,0.04729274316131588,0.9999999999999997,2.3058586205602496,0.0,0.004844644762340236
boxcar_hanning_full,5,6,3,0,5,27,True,0.7266518426902487,0.11823185790328967,0.9999999999999998,1.7112537043712122,0.7889102561471121,0.006862339509801787
boxcar_hanning_full,6,6,3,0.5,2,27,False,3.933512833748007e-18,0.04996208984624281,1.0,2.182662491582359,0.0,0.004844644762340236
boxcar_hanning_full,7,6,3,0.5,5,27,True,0.7301479483975551,0.12490522461560703,0.9999999999999998,1.6164977672805951,0.7434327706476517,0.006757100035563684
boxcar_hanning_full,8,6,6,0,2,27,False,1.256219773266246e-09,0.08411175592328275,0.9999999999998278,1.2964939135688351,1.2562035589262933e-09,0.004844644762340236
boxcar_hanning_full,9,6,6,0,5,27,True,0.843562163752879,0.2102793898082068,0.9999999999998282,1.4040027140567166,0.8854051491316637,0.011126352690138699
boxcar_hanning_full,10,6,6,0.5,2,27,False,3.8597695377213344e-10,0.08560679403863361,0.999999999999912,1.2738519268960167,3.8597239267790574e-10,0.004844644762340236
boxcar_hanning_full,11,6,6,0.5,5,27,True,0.8254848058841951,0.21401698509658404,0.999999999999912,1.3648762576418876,0.8553354870378698,0.01113723953230126
boxcar_hanning_full,12,30,1,0,2,27,False,3.830858750847536e-06,0.055080764428575,1.0000000000000004,1.9818969525500278,0.002070044921119715,0.004855531604502798
boxcar_hanning_full,13,30,1,0,5,27,False,4.580808776576976e-06,0.13770191107143753,1.0000000000000002,0.7987677119325411,0.006836948880978009,0.004899078973153047
boxcar_hanning_full,14,30,1,0.5,2,27,False,7.233241270628804e-06,0.06545725760484687,1.0,1.6695987142142463,0.0036202803669470505,0.00486641844666536
boxcar_hanning_full,15,30,1,0.5,5,27,False,9.168703900757185e-06,0.16364314401211716,1.0,0.6774764203336602,0.011085046794740457,0.004931739499640734
boxcar_hanning_full,16,30,3,0,2,27,False,5.139656258691579e-06,0.09094689141023397,1.0,1.2022613164907534,0.0032057158263099146,0.00486641844666536
boxcar_hanning_full,17,30,3,0,5,27,True,0.33950093008760135,0.22736722852558489,1.0,0.8441897242563972,0.36456748399061967,0.008818342151675485
boxcar_hanning_full,18,30,3,0.5,2,27,False,7.225690258893666e-06,0.09608021138413002,1.0,1.1393068992788826,0.004313772832927308,0.004877305288827923
boxcar_hanning_full,19,30,3,0.5,5,27,True,0.3704716096195374,0.24020052846032508,0.9999999999999998,0.783684422541032,0.3296871719626499,0.009529615839629557
boxcar_hanning_full,20,30,6,0,2,27,False,5.985422527564839e-06,0.16175214675506785,0.9999999999998276,0.6767357079866365,0.0025537469052120815,0.004891821078378006
boxcar_hanning_full,21,30,6,0,5,27,True,0.5018416994594975,0.40438036688766965,0.9999999999998275,0.7794910955185721,0.5098183110860024,0.01753507377650039
boxcar_hanning_full,22,30,6,0.5,2,27,False,7.169304112142919e-06,0.16462719819091265,0.9999999999999115,0.6649184755802883,0.002510436648592813,0.004891821078378006
boxcar_hanning_full,23,30,6,0.5,5,27,True,0.5042437396331175,0.41156799547728157,0.9999999999999116,0.7805675832746263,0.515604367701948,0.017956031673452798
boxcar_hanning_full,0,6,1,0,2,28,False,-1.1398226891817679e-17,0.028642215306728096,1.0,1.567675545549045,0.0,0.0025801815925272716
boxcar_hanning_full,1,6,1,0,5,28,True,0.829061817777004,0.07160553826682023,1.0000000000000002,1.5769820633541232,0.9499118451345052,0.005182136869379668
boxcar_hanning_full,2,6,1,0.5,2,28,False,0.0014441856876424692,0.0340380327897801,0.9999999999999997,1.3219212971746614,0.002758677406873668,0.0026128421190149587
boxcar_hanning_full,3,6,1,0.5,5,28,True,0.9103421915808214,0.08509508197445022,0.9999999999999999,1.6361320380904307,1.1084669901833155,0.005969618452471676
boxcar_hanning_full,4,6,3,0,2,28,False,0.08776275721493598,0.04729274316131588,0.9999999999999997,1.0646173068977767,0.11517564830021633,0.0030809763320051387
boxcar_hanning_full,5,6,3,0,5,28,True,0.8685457608011534,0.11823185790328967,0.9999999999999998,1.4845721051701917,1.1047954417311676,0.008099810568946372
boxcar_hanning_full,6,6,3,0.5,2,28,True,0.3120738178528993,0.04996208984624281,1.0,1.2798270201497162,0.3811116012212418,0.0035962868610330888
boxcar_hanning_full,7,6,3,0.5,5,28,True,0.8269004986727004,0.12490522461560703,0.9999999999999998,1.421820612168662,1.0623344445972724,0.008440931623373324
boxcar_hanning_full,8,6,6,0,2,28,False,0.26936110737486674,0.08411175592328275,0.9999999999998278,0.8205357906030255,0.28670196423917643,0.004278528969886995
boxcar_hanning_full,9,6,6,0,5,28,True,0.8522109176325995,0.2102793898082068,0.9999999999998282,1.313600521469101,1.1000669909235612,0.013819031651679114
boxcar_hanning_full,10,6,6,0.5,2,28,True,0.24733637510414402,0.08560679403863361,0.999999999999912,0.8122869466030307,0.2877760008194003,0.0041224842322236015
boxcar_hanning_full,11,6,6,0.5,5,28,True,0.827816854581801,0.21401698509658404,0.999999999999912,1.2728193689250287,1.0630149906115764,0.013579521124102743
boxcar_hanning_full,12,30,1,0,2,28,False,7.495555663448995e-07,0.055080764428575,1.0000000000000004,0.8169015999449389,0.001704117256882712,0.002591068434689834
boxcar_hanning_full,13,30,1,0,5,28,True,0.4695527725421688,0.13770191107143753,1.0000000000000002,1.0176766842250897,0.6915976911498672,0.007185315827291136
boxcar_hanning_full,14,30,1,0.5,2,28,False,0.03832667098246842,0.06545725760484687,1.0,0.747388616554713,0.061418837958559784,0.002972107910379515
boxcar_hanning_full,15,30,1,0.5,5,28,True,0.5283371651372533,0.16364314401211716,1.0,1.0623250359185503,0.787937124480089,0.008444560570760845
boxcar_hanning_full,16,30,3,0,2,28,False,0.10460492813365531,0.09094689141023397,1.0,0.6155544744095542,0.12184105759610692,0.0038430552833845014
boxcar_hanning_full,17,30,3,0,5,28,True,0.5939844687254405,0.22736722852558489,1.0,1.0732705868835373,0.8757852201581584,0.01314767638498777
boxcar_hanning_full,18,30,3,0.5,2,28,True,0.16638686390578578,0.09608021138413002,1.0,0.7281799940713046,0.26084442247071193,0.004616021076926427
boxcar_hanning_full,19,30,3,0.5,5,28,True,0.6035997261736271,0.24020052846032508,0.9999999999999998,1.0010952973678613,0.8141610687276243,0.012835586909660983
boxcar_hanning_full,20,30,6,0,2,28,False,0.17040819087231615,0.16175214675506785,0.9999999999998276,0.5337267892442711,0.2561310886153311,0.006220015822210609
boxcar_hanning_full,21,30,6,0,5,28,True,0.6202338094954927,0.40438036688766965,0.9999999999998275,0.9676775341522204,0.8566392539006444,0.022568423802991705
boxcar_hanning_full,22,30,6,0.5,2,28,True,0.16149074631185817,0.16462719819091265,0.9999999999999115,0.5509070228445166,0.2781592569824191,0.005976876347246717
boxcar_hanning_full,23,30,6,0.5,5,28,True,0.6063519909334004,0.41156799547728157,0.9999999999999116,0.9322025513364356,0.8231034449915966,0.021958760641888213
boxcar_hanning_full,0,6,1,0,2,29,False,0.1486994627501516,0.028642215306728096,1.0,1.2622241555436446,0.4922395726017216,0.0021991421168375902
boxcar_hanning_full,1,6,1,0,5,29,True,0.9386512406081867,0.07160553826682023,1.0000000000000002,1.672805812487844,1.3648119793110747,0.0054869684499314125
boxcar_hanning_full,2,6,1,0.5,2,29,False,0.12455052673919932,0.0340380327897801,0.9999999999999997,1.2889991076940035,0.6410749358216054,0.002503973697389335
boxcar_hanning_full,3,6,1,0.5,5,29,True,0.8599845527350127,0.08509508197445022,0.9999999999999999,1.587557895691539,1.3283882269425797,0.005737365819670347
boxcar_hanning_full,4,6,3,0,2,29,True,0.7103836994752999,0.04729274316131588,0.9999999999999997,1.816284507595588,1.3499536768324574,0.004340221075474848
boxcar_hanning_full,5,6,3,0,5,29,True,0.8440328865164579,0.11823185790328967,0.9999999999999998,1.575149033549272,1.3886167012440196,0.00963122636648014
boxcar_hanning_full,6,6,3,0.5,2,29,True,0.6312303690079908,0.04996208984624281,1.0,1.526015638531955,1.084599671438611,0.0037922500199592105
boxcar_hanning_full,7,6,3,0.5,5,29,True,0.8972980200250029,0.12490522461560703,0.9999999999999998,1.5750371808622947,1.3984707940249572,0.009340910575478477
boxcar_hanning_full,8,6,6,0,2,29,True,0.6513274410726897,0.08411175592328275,0.9999999999998278,1.5614721581784325,1.2992726122838132,0.0066228289822254155
boxcar_hanning_full,9,6,6,0,5,29,True,0.8060989935818181,0.2102793898082068,0.9999999999998282,1.4467515044562296,1.3418716860983817,0.014573852708283435
boxcar_hanning_full,10,6,6,0.5,2,29,True,0.5979279280968479,0.08560679403863361,0.999999999999912,1.4231836795450759,1.165563189779614,0.006183726348335402
boxcar_hanning_full,11,6,6,0.5,5,29,True,0.7822880371807144,0.21401698509658404,0.999999999999912,1.386085128703532,1.2830369327973474,0.01412386323223086
boxcar_hanning_full,12,30,1,0,2,29,False,0.13635042712325715,0.055080764428575,1.0000000000000004,0.8611806912371238,0.46078566338521343,0.002732597382803144
boxcar_hanning_full,13,30,1,0,5,29,True,0.6467986576889827,0.13770191107143753,1.0000000000000002,1.1467755417305516,0.9866175305897874,0.008263113201384807
boxcar_hanning_full,14,30,1,0.5,2,29,False,0.13895584251721452,0.06545725760484687,1.0,0.9571262462540963,0.6202031148173955,0.003222505280118449
boxcar_hanning_full,15,30,1,0.5,5,29,True,0.5630870077869586,0.16364314401211716,1.0,1.1104547386986334,0.975685486123953,0.009003418468439045
boxcar_hanning_full,16,30,3,0,2,29,True,0.3131743501234163,0.09094689141023397,1.0,1.1176494569780921,0.8751555809861731,0.0059478447681465514
boxcar_hanning_full,17,30,3,0,5,29,True,0.6535602055199694,0.22736722852558489,1.0,1.2153297352035406,1.1183321848067729,0.015034729026498574
boxcar_hanning_full,18,30,3,0.5,2,29,True,0.29241819264111196,0.09608021138413002,1.0,0.9629509309910296,0.7334128826273416,0.005359955291368186
boxcar_hanning_full,19,30,3,0.5,5,29,True,0.6446240315576927,0.24020052846032508,0.9999999999999998,1.1647186177253208,1.0729033983798455,0.014958521131360638
boxcar_hanning_full,20,30,6,0,2,29,True,0.3253579115431162,0.16175214675506785,0.9999999999998276,0.9959962281506549,0.859651427479298,0.009344539522865998
boxcar_hanning_full,21,30,6,0,5,29,True,0.618491856623055,0.40438036688766965,0.9999999999998275,1.148115659927405,1.0935777396588624,0.02387121591511166
boxcar_hanning_full,22,30,6,0.5,2,29,True,0.2978168390972678,0.16462719819091265,0.9999999999999115,0.9098200179204168,0.7758563445430174,0.008876405309875818
boxcar_hanning_full,23,30,6,0.5,5,29,True,0.5982123655309735,0.41156799547728157,0.9999999999999116,1.090291149163053,1.0367056798120933,0.023232521174908007
boxcar_hanning_full,0,6,1,0,2,30,False,0.09968645752181785,0.028642215306728096,1.0,5.057550893944122,0.6956256810454132,0.007566355302980817
boxcar_hanning_full,1,6,1,0,5,30,False,0.23395228011963887,0.07160553826682023,1.0000000000000002,2.4450292822494877,0.7002591970900042,0.0086985868878873
boxcar_hanning_full,2,6,1,0.5,2,30,False,0.04581121805244023,0.0340380327897801,0.9999999999999997,4.1833275470898785,0.5128686262910735,0.007457486881355194
boxcar_hanning_full,3,6,1,0.5,5,30,True,0.8586608180092064,0.08509508197445022,0.9999999999999999,2.711904120199033,1.2437205518795105,0.010596526371560664
boxcar_hanning_full,4,6,3,0,2,30,True,0.39722655322560857,0.04729274316131588,0.9999999999999997,3.539858482053126,0.8981170065473438,0.00814335793759662
boxcar_hanning_full,5,6,3,0,5,30,True,0.7802347002320431,0.11823185790328967,0.9999999999999998,2.153901559073501,1.097204968871188,0.011500134271053338
boxcar_hanning_full,6,6,3,0.5,2,30,True,0.22601970442696281,0.04996208984624281,1.0,3.1426916211640483,0.6420916365722142,0.007914734252182812
boxcar_hanning_full,7,6,3,0.5,5,30,True,0.8572051603242054,0.12490522461560703,0.9999999999999998,2.207759703781575,1.2075197099448416,0.011895689536293103
boxcar_hanning_full,8,6,6,0,2,30,True,0.3598331911950712,0.08411175592328275,0.9999999999998278,2.2480741332582377,0.7627264582716118,0.009126802679614751
boxcar_hanning_full,9,6,6,0,5,30,True,0.7887496026591587,0.2102793898082068,0.9999999999998282,1.6024189504820128,1.008279880487362,0.015190773764161968
boxcar_hanning_full,10,6,6,0.5,2,30,True,0.3239055765420265,0.08560679403863361,0.999999999999912,2.169291995977321,0.7098844512524429,0.00893446846807615
boxcar_hanning_full,11,6,6,0.5,5,30,True,0.7755949888050708,0.21401698509658404,0.999999999999912,1.5597162836803917,0.9759532657904405,0.015281497448849986
boxcar_hanning_full,12,30,1,0,2,30,False,0.10218912526050915,0.055080764428575,1.0000000000000004,2.841437565944336,0.5732192070343376,0.00800182898948331
boxcar_hanning_full,13,30,1,0,5,30,False,0.17593930031762856,0.13770191107143753,1.0000000000000002,1.3539696395239125,0.4466822959599132,0.009173978995652522
boxcar_hanning_full,14,30,1,0.5,2,30,False,0.06065776004714144,0.06545725760484687,1.0,2.3465326692157236,0.4378795164377556,0.007871186883532562
boxcar_hanning_full,15,30,1,0.5,5,30,True,0.5479745617744296,0.16364314401211716,1.0,1.4766651149139849,0.7132038538027977,0.012998889542099419
boxcar_hanning_full,16,30,3,0,2,30,True,0.15882711244458322,0.09094689141023397,1.0,1.918065064474918,0.5443490510694059,0.008959871099788795
boxcar_hanning_full,17,30,3,0,5,30,True,0.4648877039819715,0.22736722852558489,1.0,1.2015587447570144,0.6520723393948097,0.014490386918370457
boxcar_hanning_full,18,30,3,0.5,2,30,True,0.10313275542001785,0.09608021138413002,1.0,1.7177598637763922,0.4174379837568121,0.008502623728961177
boxcar_hanning_full,19,30,3,0.5,5,30,True,0.5476520278037496,0.24020052846032508,0.9999999999999998,1.2642708359269212,0.7441420839190892,0.016464534297181758
boxcar_hanning_full,20,30,6,0,2,30,True,0.1603412875946384,0.16175214675506785,0.9999999999998276,1.2126842848359338,0.4402976203864479,0.010327984264884127
boxcar_hanning_full,21,30,6,0,5,30,True,0.5273230353390588,0.40438036688766965,0.9999999999998275,0.9733358933345957,0.6643812275548013,0.021323694849072077
boxcar_hanning_full,22,30,6,0.5,2,30,True,0.13526321420724682,0.16462719819091265,0.9999999999999115,1.1593191251867703,0.4004214310475101,0.010026781631719904
boxcar_hanning_full,23,30,6,0.5,5,30,True,0.5380910188584715,0.41156799547728157,0.9999999999999116,0.9665440394379063,0.6629849617822021,0.02206762906351384
boxcar_hanning_full,0,6,1,0,2,31,False,0.0,0.028642215306728096,1.0,3.470786779725806,0.0,0.005824460556970845
boxcar_hanning_full,1,6,1,0,5,31,False,0.0,0.07160553826682023,1.0000000000000002,1.3883147118903227,0.0,0.005824460556970845
boxcar_hanning_full,2,6,1,0.5,2,31,False,0.0,0.0340380327897801,0.9999999999999997,2.920586593315114,0.0,0.005824460556970845
boxcar_hanning_full,3,6,1,0.5,5,31,False,0.27639944786523085,0.08509508197445022,0.9999999999999999,1.4508085841630332,0.28257394683698717,0.006553878981862521
boxcar_hanning_full,4,6,3,0,2,31,False,3.6996946290049735e-26,0.04729274316131588,0.9999999999999997,2.1020354410307793,0.0,0.005824460556970845
boxcar_hanning_full,5,6,3,0,5,31,True,0.5094668841466592,0.11823185790328967,0.9999999999999998,1.33869694225526,0.49788276584294794,0.007330473722791967
boxcar_hanning_full,6,6,3,0.5,2,31,False,2.7552895147803073e-25,0.04996208984624281,1.0,1.9897290632675126,0.0,0.005824460556970845
boxcar_hanning_full,7,6,3,0.5,5,31,True,0.6400422744418789,0.12490522461560703,0.9999999999999998,1.4150522655550697,0.6191606402480646,0.00832843425436018
boxcar_hanning_full,8,6,6,0,2,31,False,2.533784220792956e-20,0.08411175592328275,0.9999999999998278,1.1818921283645953,0.0,0.005824460556970845
boxcar_hanning_full,9,6,6,0,5,31,True,0.6414879876404221,0.2102793898082068,0.9999999999998282,1.060545544651514,0.5877886933056756,0.009885252683606594
boxcar_hanning_full,10,6,6,0.5,2,31,False,1.0652605082314093e-20,0.08560679403863361,0.999999999999912,1.1612515495416014,0.0,0.005824460556970845
boxcar_hanning_full,11,6,6,0.5,5,31,True,0.6138501055220444,0.21401698509658404,0.999999999999912,1.0470515648718859,0.5825509450552454,0.010208229001095942
boxcar_hanning_full,12,30,1,0,2,31,False,0.0,0.055080764428575,1.0000000000000004,1.804822849863703,0.0,0.005824460556970845
boxcar_hanning_full,13,30,1,0,5,31,False,0.0,0.13770191107143753,1.0000000000000002,0.721929139945481,0.0,0.005824460556970845
boxcar_hanning_full,14,30,1,0.5,2,31,False,0.0,0.06545725760484687,1.0,1.5187165772935007,0.0,0.005824460556970845
boxcar_hanning_full,15,30,1,0.5,5,31,False,0.17023323208907176,0.16364314401211716,1.0,0.8103783191940658,0.20289168827666548,0.007337731617567009
boxcar_hanning_full,16,30,3,0,2,31,False,8.27951561894526e-12,0.09094689141023397,1.0,1.0930667413467923,8.279630648065222e-12,0.005824460556970845
boxcar_hanning_full,17,30,3,0,5,31,True,0.27367965374160563,0.22736722852558489,1.0,0.7039085467513142,0.26668185021590907,0.009511471102691953
boxcar_hanning_full,18,30,3,0.5,2,31,False,6.166039333057614e-11,0.09608021138413002,1.0,1.0346669808742375,6.166039737441265e-11,0.005824460556970845
boxcar_hanning_full,19,30,3,0.5,5,31,True,0.3414311266716329,0.24020052846032508,0.9999999999999998,0.7663387548487265,0.3524719625236957,0.010255405317133712
boxcar_hanning_full,20,30,6,0,2,31,False,4.78654342359621e-07,0.16175214675506785,0.9999999999998276,0.6164325838618151,0.0018440035990473665,0.005835347399133407
boxcar_hanning_full,21,30,6,0,5,31,True,0.36898916814531774,0.40438036688766965,0.9999999999998275,0.5943414975115286,0.34850606540642154,0.014472242181432853
boxcar_hanning_full,22,30,6,0.5,2,31,False,8.048944386596348e-07,0.16462719819091265,0.9999999999999115,0.6056675321531091,0.0018121344965908346,0.005835347399133407
boxcar_hanning_full,23,30,6,0.5,5,31,True,0.38218081328846115,0.41156799547728157,0.9999999999999116,0.6194077932437421,0.3778656341811347,0.014806105341084765
boxcar_hanning_decimated,0,6,1,0,2,0,False,0.0,0.018450001257976766,0.9999999999999997,0.0,0.0,0.0
boxcar_hanning_decimated,1,6,1,0,5,0,False,0.0,0.0461250031449419,0.9999999999999999,0.0,0.0,0.0
boxcar_hanning_decimated,2,6,1,0.5,2,0,False,0.0,0.02627216352264527,1.0000000000000002,0.0,0.0,0.0
boxcar_hanning_decimated,3,6,1,0.5,5,0,False,0.0,0.06568040880661319,0.9999999999999998,0.0,0.0,0.0
boxcar_hanning_decimated,4,6,3,0,2,0,False,0.0,0.04205587796164148,1.0000000000000002,0.0,0.0,0.0
boxcar_hanning_decimated,5,6,3,0,5,0,True,0.7307145975491794,0.10513969490410367,1.0000000000000004,0.8219217560425053,0.8219217560425053,0.0017527815881725347
boxcar_hanning_decimated,6,6,3,0.5,2,0,False,0.0,0.04512678851650755,0.9999999999999998,0.0,0.0,0.0
boxcar_hanning_decimated,7,6,3,0.5,5,0,True,0.8032734778179422,0.11281697129126882,1.0000000000000002,0.8434460519476823,0.8434460519476823,0.0025656658029771886
boxcar_hanning_decimated,8,6,6,0,2,0,False,0.0,0.08141864784322295,0.9999999999999593,0.0,0.0,0.0
boxcar_hanning_decimated,9,6,6,0,5,0,True,0.812689510885771,0.20354661960805734,0.9999999999999593,0.897896326333471,0.897896326333471,0.006506702665824751
boxcar_hanning_decimated,10,6,6,0.5,2,0,False,0.0,0.08296608655007377,0.9999999999999801,0.0,0.0,0.0
boxcar_hanning_decimated,11,6,6,0.5,5,0,True,0.8002230276857031,0.20741521637518442,0.99999999999998,0.9229243811903002,0.9229243811903002,0.00706193161611543
boxcar_hanning_decimated,12,30,1,0,2,0,False,0.0,0.03548050184368297,1.0,0.0,0.0,0.0
boxcar_hanning_decimated,13,30,1,0,5,0,False,0.0,0.0887012546092074,1.0000000000000002,0.0,0.0,0.0
boxcar_hanning_decimated,14,30,1,0.5,2,0,False,0.0,0.05052300719490443,1.0000000000000002,0.0,0.0,0.0
boxcar_hanning_decimated,15,30,1,0.5,5,0,False,0.0,0.12630751798726103,1.0000000000000004,0.0,0.0,0.0
boxcar_hanning_decimated,16,30,3,0,2,0,False,0.0,0.08087607337753415,1.0000000000000002,0.0,0.0,0.0
boxcar_hanning_decimated,17,30,3,0,5,0,True,0.30955647570772826,0.20219018344383538,0.9999999999999999,0.3579511791050499,0.3579511791050499,0.0032624237013811775
boxcar_hanning_decimated,18,30,3,0.5,2,0,False,0.0,0.08678162569052406,1.0000000000000002,0.0,0.0,0.0
boxcar_hanning_decimated,19,30,3,0.5,5,0,True,0.4407114880791377,0.2169540642263101,1.0000000000000002,0.5131634658148545,0.5131634658148545,0.005650271082369848
boxcar_hanning_decimated,20,30,6,0,2,0,False,0.0,0.15657313213801,0.999999999999959,0.0,0.0,0.0
boxcar_hanning_decimated,21,30,6,0,5,0,True,0.4992879876450382,0.39143283034502496,0.999999999999959,0.6022072504600524,0.6022072504600524,0.01262510796118478
boxcar_hanning_decimated,22,30,6,0.5,2,0,False,0.0,0.15954895317583617,0.9999999999999803,0.0,0.0,0.0
boxcar_hanning_decimated,23,30,6,0.5,5,0,True,0.4966221427201195,0.39887238293959043,0.9999999999999803,0.6269869386241628,0.6269869386241628,0.012606963224247175
boxcar_hanning_decimated,0,6,1,0,2,1,False,1.8979478070974207e-22,0.018450001257976766,0.9999999999999997,0.06826219601075449,0.0,6.532105297537396e-05
boxcar_hanning_decimated,1,6,1,0,5,1,False,1.8979478070974214e-22,0.0461250031449419,0.9999999999999999,0.0273048784043018,0.0,6.532105297537396e-05
boxcar_hanning_decimated,2,6,1,0.5,2,1,False,4.66125495621152e-21,0.02627216352264527,1.0000000000000002,0.04793810000402539,0.0,6.532105297537396e-05
boxcar_hanning_decimated,3,6,1,0.5,5,1,False,4.661254956211522e-21,0.06568040880661319,0.9999999999999998,0.019175240001610153,0.0,6.532105297537396e-05
boxcar_hanning_decimated,4,6,3,0,2,1,False,2.862008104607459e-20,0.04205587796164148,1.0000000000000002,0.02994676757002649,0.0,6.532105297537396e-05
boxcar_hanning_decimated,5,6,3,0,5,1,True,0.8431433466779491,0.10513969490410367,1.0000000000000004,0.9219753920275179,0.9099966849995071,0.0041515158113237674
boxcar_hanning_decimated,6,6,3,0.5,2,1,False,5.079010550527267e-20,0.04512678851650755,0.9999999999999998,0.02790886840551416,0.0,6.532105297537396e-05
boxcar_hanning_decimated,7,6,3,0.5,5,1,True,0.8576696301741241,0.11281697129126882,1.0000000000000002,0.9400006802693456,0.9288371329071399,0.003541852650220277
boxcar_hanning_decimated,8,6,6,0,2,1,False,0.006418505630794614,0.08141864784322295,0.9999999999999593,0.023023371519937393,0.007554708804046946,9.798157946306095e-05
boxcar_hanning_decimated,9,6,6,0,5,1,True,0.7437224506981963,0.20354661960805734,0.9999999999999593,0.7982695544157516,0.7920820893293955,0.00687685529935187
boxcar_hanning_decimated,10,6,6,0.5,2,1,False,0.0027677064600653443,0.08296608655007377,0.9999999999999801,0.01623289395104504,0.0010527443906514745,7.620789513793629e-05
boxcar_hanning_decimated,11,6,6,0.5,5,1,True,0.78353155208725,0.20741521637518442,0.99999999999998,0.8142354772660961,0.8081634174419388,0.006887742141514433
boxcar_hanning_decimated,12,30,1,0,2,1,False,5.560781160157753e-12,0.03548050184368297,1.0,0.035496611857879036,5.560776173660584e-12,6.532105297537396e-05
boxcar_hanning_decimated,13,30,1,0,5,1,False,5.560781160157752e-12,0.0887012546092074,1.0000000000000002,0.014198644746488088,5.56078037912176e-12,6.532105297537396e-05
boxcar_hanning_decimated,14,30,1,0.5,2,1,False,1.3656971306725987e-10,0.05052300719490443,1.0000000000000002,0.024928001698553127,1.3656971120245896e-10,6.532105297537396e-05
boxcar_hanning_decimated,15,30,1,0.5,5,1,False,1.365697130672599e-10,0.12630751798726103,1.0000000000000004,0.009971200761363081,1.3656971267913153e-10,6.532105297537396e-05
boxcar_hanning_decimated,16,30,3,0,2,1,False,8.385373237770519e-10,0.08087607337753415,1.0000000000000002,0.015572438392367983,8.385373210713124e-10,6.532105297537396e-05
boxcar_hanning_decimated,17,30,3,0,5,1,True,0.5486493166779352,0.20219018344383538,0.9999999999999999,0.6603209450518662,0.654091970030334,0.007526436881718089
boxcar_hanning_decimated,18,30,3,0.5,2,1,False,1.4880949874384386e-09,0.08678162569052406,1.0000000000000002,0.014512723417988475,1.4880949833751749e-09,6.532105297537396e-05
boxcar_hanning_decimated,19,30,3,0.5,5,1,True,0.5181190972160571,0.2169540642263101,1.0000000000000002,0.59696717093955,0.5911620821675926,0.0066845210878132685
boxcar_hanning_decimated,20,30,6,0,2,1,False,0.026840687080164145,0.15657313213801,0.999999999999959,0.035640365167521365,0.02759659938808638,0.0004826500025402632
boxcar_hanning_decimated,21,30,6,0,5,1,True,0.5117086850451249,0.39143283034502496,0.999999999999959,0.5721246044371703,0.5689070981253963,0.012294873748920389
boxcar_hanning_decimated,22,30,6,0.5,2,1,False,0.020594549940594647,0.15954895317583617,0.9999999999999803,0.02373436722434689,0.015840629426627388,0.00037741052830216065
boxcar_hanning_decimated,23,30,6,0.5,5,1,True,0.5154633842491981,0.39887238293959043,0.9999999999999803,0.55762876909548,0.5544712739763921,0.012465434276133865
boxcar_hanning_decimated,0,6,1,0,2,2,False,0.023975266911631113,0.018450001257976766,0.9999999999999997,0.7482483639234189,0.7482483639234189,0.000598776318940928
boxcar_hanning_decimated,1,6,1,0,5,2,True,0.7006044471192263,0.0461250031449419,0.9999999999999999,1.455407673502311,1.455407673502311,0.0025221184343269393
boxcar_hanning_decimated,2,6,1,0.5,2,2,False,0.002981182439158951,0.02627216352264527,1.0000000000000002,0.33769273025494334,0.33769273025494334,0.00038103947568968145
boxcar_hanning_decimated,3,6,1,0.5,5,2,False,0.006904864510505295,0.06568040880661319,0.9999999999999998,0.3959912809089302,0.3959912809089302,0.0012084394800444182
boxcar_hanning_decimated,4,6,3,0,2,2,True,0.7096163279408474,0.04205587796164148,1.0000000000000002,1.3357924104170835,1.3357924104170835,0.0023370421175633797
boxcar_hanning_decimated,5,6,3,0,5,2,True,0.827573266327586,0.10513969490410367,1.0000000000000004,1.3395087074993666,1.3395087074993666,0.005926071083821427
boxcar_hanning_decimated,6,6,3,0.5,2,2,True,0.5567817220743366,0.04512678851650755,0.9999999999999998,1.094385558783887,1.094385558783887,0.0019814052735863436
boxcar_hanning_decimated,7,6,3,0.5,5,2,True,0.8744865231208722,0.11281697129126882,1.0000000000000002,1.3359506245794803,1.3359506245794803,0.006049455294997133
boxcar_hanning_decimated,8,6,6,0,2,2,True,0.518989072083804,0.08141864784322295,0.9999999999999593,0.8965669451779771,0.8965669451779771,0.0030483158055174516
boxcar_hanning_decimated,9,6,6,0,5,2,True,0.7781703638876096,0.20354661960805734,0.9999999999999593,1.108212405089982,1.108212405089982,0.009417118470616413
boxcar_hanning_decimated,10,6,6,0.5,2,2,True,0.5345546998163536,0.08296608655007377,0.9999999999999801,0.903593993168126,0.903593993168126,0.003044686858129931
boxcar_hanning_decimated,11,6,6,0.5,5,2,True,0.690015935223129,0.20741521637518442,0.99999999999998,0.9995676355849584,0.9995676355849584,0.008495365834186136
boxcar_hanning_decimated,12,30,1,0,2,2,False,0.1050101336234061,0.03548050184368297,1.0,0.6970389592390944,0.6970389592390944,0.0009580421103054848
boxcar_hanning_decimated,13,30,1,0,5,2,True,0.3994364734227202,0.0887012546092074,1.0000000000000002,0.9623245490377562,0.9623245490377562,0.003799507914734252
boxcar_hanning_decimated,14,30,1,0.5,2,2,False,0.06693549350092139,0.05052300719490443,1.0000000000000002,0.35414365932688113,0.35414365932688113,0.0006532105297537397
boxcar_hanning_decimated,15,30,1,0.5,5,2,False,0.16030514044955865,0.12630751798726103,1.0000000000000004,0.4746761086972153,0.4746761086972153,0.0019959210631364265
boxcar_hanning_decimated,16,30,3,0,2,2,True,0.3168567931136863,0.08087607337753415,1.0000000000000002,0.7584166378185861,0.7584166378185861,0.003171700016693158
boxcar_hanning_decimated,17,30,3,0,5,2,True,0.6404319587228485,0.20219018344383538,0.9999999999999999,1.0317523767335062,1.0317523767335062,0.009892510578381634
boxcar_hanning_decimated,18,30,3,0.5,2,2,True,0.25823163633126756,0.08678162569052406,1.0000000000000002,0.6432960302087337,0.6432960302087337,0.0027580000145157896
boxcar_hanning_decimated,19,30,3,0.5,5,2,True,0.6525446333632793,0.2169540642263101,1.0000000000000002,1.007339121259244,1.007339121259244,0.009816302683243698
boxcar_hanning_decimated,20,30,6,0,2,2,True,0.25207605393116544,0.15657313213801,0.999999999999959,0.549394442193009,0.549394442193009,0.004499894760525762
boxcar_hanning_decimated,21,30,6,0,5,2,True,0.5599768808559396,0.39143283034502496,0.999999999999959,0.7919407185741552,0.7919407185741552,0.015187144816774446
boxcar_hanning_decimated,22,30,6,0.5,2,2,True,0.24627385769374385,0.15954895317583617,0.9999999999999803,0.5171837450407928,0.5171837450407928,0.004271271075111953
boxcar_hanning_decimated,23,30,6,0.5,5,2,True,0.5157926651106884,0.39887238293959043,0.9999999999999803,0.7224210347485049,0.7224210347485049,0.013866207967716884
boxcar_hanning_decimated,0,6,1,0,2,3,False,2.8049876864386186e-26,0.018450001257976766,0.9999999999999997,0.6687138090611414,0.0,0.0006423236875911773
boxcar_hanning_decimated,1,6,1,0,5,3,False,2.804987686438619e-26,0.0461250031449419,0.9999999999999999,0.26748552362445666,0.0,0.0006423236875911773
boxcar_hanning_decimated,2,6,1,0.5,2,3,False,2.263115224801868e-29,0.02627216352264527,1.0000000000000002,0.46961380275248227,0.0,0.0006423236875911773
boxcar_hanning_decimated,3,6,1,0.5,5,3,False,2.2631152248018673e-29,0.06568040880661319,0.9999999999999998,0.18784552110099287,0.0,0.0006423236875911773
boxcar_hanning_decimated,4,6,3,0,2,3,False,6.817923604281615e-20,0.04205587796164148,1.0000000000000002,0.29336614086757584,0.0,0.0006423236875911773
boxcar_hanning_decimated,5,6,3,0,5,3,True,0.7361386046234045,0.10513969490410367,1.0000000000000004,0.8317863090752806,0.7144398527282503,0.0026890500141528947
boxcar_hanning_decimated,6,6,3,0.5,2,3,False,2.2344223271396956e-20,0.04512678851650755,0.9999999999999998,0.2734023630751231,0.0,0.0006423236875911773
boxcar_hanning_decimated,7,6,3,0.5,5,3,True,0.4496165419306223,0.11281697129126882,1.0000000000000002,0.550045183112539,0.4406842378824897,0.0011866657957192936
boxcar_hanning_decimated,8,6,6,0,2,3,False,1.1354953383718119e-18,0.08141864784322295,0.9999999999999593,0.15442961875749792,0.00289467012801814,0.0006532105297537397
boxcar_hanning_decimated,9,6,6,0,5,3,True,0.7032560044487922,0.20354661960805734,0.9999999999999593,0.7781079632183711,0.7174939837665792,0.005577692134619432
boxcar_hanning_decimated,10,6,6,0.5,2,3,False,7.886528512301992e-19,0.08296608655007377,0.9999999999999801,0.14870860048289844,0.0,0.0006423236875911773
boxcar_hanning_decimated,11,6,6,0.5,5,3,True,0.8100362633108197,0.20741521637518442,0.99999999999998,0.8332715468162913,0.773788106623132,0.005690189503632577
boxcar_hanning_decimated,12,30,1,0,2,3,False,4.492199973463279e-13,0.03548050184368297,1.0,0.34773382498300476,4.4918530797957084e-13,0.0006423236875911773
boxcar_hanning_decimated,13,30,1,0,5,3,False,4.4921999734632803e-13,0.0887012546092074,1.0000000000000002,0.13909352999347147,4.4921054074661405e-13,0.0006423236875911773
boxcar_hanning_decimated,14,30,1,0.5,2,3,False,3.624386877905967e-16,0.05052300719490443,1.0000000000000002,0.24420103440811924,3.544014053405461e-16,0.0006423236875911773
boxcar_hanning_decimated,15,30,1,0.5,5,3,False,3.6243868779059675e-16,0.12630751798726103,1.0000000000000004,0.09768041376324793,3.544014053405462e-16,0.0006423236875911773
boxcar_hanning_decimated,16,30,3,0,2,3,False,1.267642586606287e-06,0.08087607337753415,1.0000000000000002,0.152552820940817,1.2676425866024819e-06,0.0006423236875911773
boxcar_hanning_decimated,17,30,3,0,5,3,True,0.3814369752705774,0.20219018344383538,0.9999999999999999,0.49363484857998247,0.4326142272606903,0.004420057918000305
boxcar_hanning_decimated,18,30,3,0.5,2,3,False,4.0930776201563754e-07,0.08678162569052406,1.0000000000000002,0.1421707192118745,4.093077620049183e-07,0.0006423236875911773
boxcar_hanning_decimated,19,30,3,0.5,5,3,True,0.14027956357536997,0.2169540642263101,1.0000000000000002,0.18913854180534767,0.13227041784370266,0.0018398763254730333
boxcar_hanning_decimated,20,30,6,0,2,3,False,2.4274401793148142e-05,0.15657313213801,0.999999999999959,0.08183052037073357,0.003031747874252659,0.0006677263193038227
boxcar_hanning_decimated,21,30,6,0,5,3,True,0.4215151752955809,0.39143283034502496,0.999999999999959,0.5582746333774535,0.5267551243788612,0.009888881630994113
boxcar_hanning_decimated,22,30,6,0.5,2,3,False,1.6158323062494925e-05,0.15954895317583617,0.9999999999999803,0.07872880839198053,0.0013997481078478584,0.0006568394771412604
boxcar_hanning_decimated,23,30,6,0.5,5,3,True,0.4800077653844912,0.39887238293959043,0.9999999999999803,0.5954698964534507,0.5645382723397976,0.011627147429616565
boxcar_hanning_decimated,0,6,1,0,2,4,False,8.277075426263578e-20,0.018450001257976766,0.9999999999999997,0.04766589874242521,0.0,9.798157946306095e-05
boxcar_hanning_decimated,1,6,1,0,5,4,False,8.277075426263579e-20,0.0461250031449419,0.9999999999999999,0.019066359496970088,0.0,9.798157946306095e-05
boxcar_hanning_decimated,2,6,1,0.5,2,4,False,3.3708143415136118e-06,0.02627216352264527,1.0000000000000002,0.07446130914102088,0.040987252426875155,0.00016330263243843492
boxcar_hanning_decimated,3,6,1,0.5,5,4,False,7.45323477040035e-05,0.06568040880661319,0.9999999999999998,0.06483411105716395,0.05144448837150566,0.0003592657913645568
boxcar_hanning_decimated,4,6,3,0,2,4,False,0.11641645453497293,0.04205587796164148,1.0000000000000002,0.2867467594973801,0.2658356304380258,0.0008382868465172992
boxcar_hanning_decimated,5,6,3,0,5,4,True,0.9134965543549243,0.10513969490410367,1.0000000000000004,1.2652788032311735,1.256914351607432,0.006111147400584986
boxcar_hanning_decimated,6,6,3,0.5,2,4,False,0.2950709705026207,0.04512678851650755,0.9999999999999998,0.5523941558173674,0.5329060441951845,0.0014842394814959972
boxcar_hanning_decimated,7,6,3,0.5,5,4,True,0.8854739373255113,0.11281697129126882,1.0000000000000002,1.1497436153940865,1.1419483707452136,0.006132921084910111
boxcar_hanning_decimated,8,6,6,0,2,4,True,0.5070229042250569,0.08141864784322295,0.9999999999999593,0.7616408742397534,0.7508394679887707,0.002910415804791662
boxcar_hanning_decimated,9,6,6,0,5,4,True,0.8067604393448781,0.20354661960805734,0.9999999999999593,1.070421484057253,1.06610092155686,0.010716281635348851
boxcar_hanning_decimated,10,6,6,0.5,2,4,True,0.5155481215475295,0.08296608655007377,0.9999999999999801,0.7593986145859272,0.7487986703396771,0.0029031579100166206
boxcar_hanning_decimated,11,6,6,0.5,5,4,True,0.7769601529722918,0.20741521637518442,0.99999999999998,1.0580518118030835,1.0538118341045835,0.010632815845435873
boxcar_hanning_decimated,12,30,1,0,2,4,False,8.894456566619557e-11,0.03548050184368297,1.0,0.024786455918540312,8.894456811194549e-11,9.798157946306095e-05
boxcar_hanning_decimated,13,30,1,0,5,4,False,8.89445656661956e-11,0.0887012546092074,1.0000000000000002,0.009914582420782865,8.894456600921493e-11,9.798157946306095e-05
boxcar_hanning_decimated,14,30,1,0.5,2,4,False,0.011199332621382941,0.05052300719490443,1.0000000000000002,0.08057409451234145,0.06316745265573726,0.00027217105406405817
boxcar_hanning_decimated,15,30,1,0.5,5,4,False,0.029740282645169234,0.12630751798726103,1.0000000000000004,0.08095145406458706,0.0739887973219454,0.0005443421081281163
boxcar_hanning_decimated,16,30,3,0,2,4,False,0.11254151018252187,0.08087607337753415,1.0000000000000002,0.28536526206516727,0.2744913922661838,0.0016548000087094738
boxcar_hanning_decimated,17,30,3,0,5,4,True,0.642800183613834,0.20219018344383538,0.9999999999999999,0.9887969479297063,0.9844474000101129,0.01029169479100892
boxcar_hanning_decimated,18,30,3,0.5,2,4,False,0.1778083251399201,0.08678162569052406,1.0000000000000002,0.4064098392905475,0.3962759441858794,0.0024241368548638784
boxcar_hanning_decimated,19,30,3,0.5,5,4,True,0.6368311427115192,0.2169540642263101,1.0000000000000002,0.9502763232980337,0.9462227652561664,0.010048555316045028
boxcar_hanning_decimated,20,30,6,0,2,4,True,0.22870062765436658,0.15657313213801,0.999999999999959,0.46862826107971733,0.4630114871175973,0.0048119842358525485
boxcar_hanning_decimated,21,30,6,0,5,4,True,0.6143684689833769,0.39143283034502496,0.999999999999959,0.8989247343547658,0.8966780247699179,0.01851126062374348
boxcar_hanning_decimated,22,30,6,0.5,2,4,True,0.2372590186691854,0.15954895317583617,0.9999999999999803,0.5058908964786505,0.5003788835556253,0.005066010552979003
boxcar_hanning_decimated,23,30,6,0.5,5,4,True,0.6095794562147814,0.39887238293959043,0.9999999999999803,0.8938349187615907,0.8916301135923806,0.018420536939055456
boxcar_hanning_decimated,0,6,1,0,2,5,False,0.0,0.018450001257976766,0.9999999999999997,0.0,0.0,0.0
boxcar_hanning_decimated,1,6,1,0,5,5,False,0.0,0.0461250031449419,0.9999999999999999,0.0,0.0,0.0
boxcar_hanning_decimated,2,6,1,0.5,2,5,False,0.0,0.02627216352264527,1.0000000000000002,0.0,0.0,0.0
boxcar_hanning_decimated,3,6,1,0.5,5,5,False,0.055654672632904946,0.06568040880661319,0.9999999999999998,0.06993066962638635,0.06993066962638635,0.00030483158055174517
boxcar_hanning_decimated,4,6,3,0,2,5,False,0.2410177768853049,0.04205587796164148,1.0000000000000002,0.3823666671677422,0.3823666671677422,0.0010995710584187951
boxcar_hanning_decimated,5,6,3,0,5,5,True,0.8113815064715847,0.10513969490410367,1.0000000000000004,1.0965871672318308,1.0965871672318308,0.004035389494923103
boxcar_hanning_decimated,6,6,3,0.5,2,5,True,0.5583155359045548,0.04512678851650755,0.9999999999999998,0.7560409271831339,0.7560409271831339,0.0016983473773597231
boxcar_hanning_decimated,7,6,3,0.5,5,5,True,0.809986071120447,0.11281697129126882,1.0000000000000002,1.1939447297598198,1.1939447297598198,0.005617610555882161
boxcar_hanning_decimated,8,6,6,0,2,5,True,0.3186233973684596,0.08141864784322295,0.9999999999999593,0.4491379095355652,0.4491379095355652,0.0018725368519607202
boxcar_hanning_decimated,9,6,6,0,5,5,True,0.8504653704261426,0.20354661960805734,0.9999999999999593,1.178517410646407,1.178517410646407,0.008727618466987466
boxcar_hanning_decimated,10,6,6,0.5,2,5,True,0.4004680146201651,0.08296608655007377,0.9999999999999801,0.553065855295054,0.553065855295054,0.00215196580079982
boxcar_hanning_decimated,11,6,6,0.5,5,5,True,0.7991454381474495,0.20741521637518442,0.99999999999998,1.063499033042616,1.063499033042616,0.008629636887524404
boxcar_hanning_decimated,12,30,1,0,2,5,False,0.0,0.03548050184368297,1.0,0.0,0.0,0.0
boxcar_hanning_decimated,13,30,1,0,5,5,False,0.0,0.0887012546092074,1.0000000000000002,0.0,0.0,0.0
boxcar_hanning_decimated,14,30,1,0.5,2,5,False,0.0,0.05052300719490443,1.0000000000000002,0.0,0.0,0.0
boxcar_hanning_decimated,15,30,1,0.5,5,5,False,0.057329666352925884,0.12630751798726103,1.0000000000000004,0.07201595019457328,0.07201595019457328,0.00041370000217736845
boxcar_hanning_decimated,16,30,3,0,2,5,False,0.1293123698381436,0.08087607337753415,1.0000000000000002,0.2096743602042813,0.2096743602042813,0.0015785921135715373
boxcar_hanning_decimated,17,30,3,0,5,5,True,0.4365517151706058,0.20219018344383538,0.9999999999999999,0.6550967615431024,0.6550967615431024,0.0057990579252582
boxcar_hanning_decimated,18,30,3,0.5,2,5,True,0.24200464069931285,0.08678162569052406,1.0000000000000002,0.4307075177081042,0.4307075177081042,0.0026600184350527288
boxcar_hanning_decimated,19,30,3,0.5,5,5,True,0.5676411123869295,0.2169540642263101,1.0000000000000002,0.8325039745099433,0.8325039745099433,0.008408271096885637
boxcar_hanning_decimated,20,30,6,0,2,5,True,0.14744342837275096,0.15657313213801,0.999999999999959,0.2823609467155383,0.2823609467155383,0.0030120263316422437
boxcar_hanning_decimated,21,30,6,0,5,5,True,0.5551246915765523,0.39143283034502496,0.999999999999959,0.7859016097623852,0.7859016097623852,0.015742373767065124
boxcar_hanning_decimated,22,30,6,0.5,2,5,True,0.17696162798536702,0.15954895317583617,0.9999999999999803,0.34460759623077075,0.34460759623077075,0.0034547579129197785
boxcar_hanning_decimated,23,30,6,0.5,5,5,True,0.5437832793219249,0.39887238293959043,0.9999999999999803,0.7597071905096259,0.7597071905096259,0.015067389552986261
boxcar_hanning_decimated,0,6,1,0,2,6,False,1.3266154186438455e-14,0.018450001257976766,0.9999999999999997,1.1711966746418232,1.3263276689673151e-14,0.0010560236897685458
boxcar_hanning_decimated,1,6,1,0,5,6,False,1.326615418643846e-14,0.0461250031449419,0.9999999999999999,0.4684786698567373,1.3198577778991824e-14,0.0010560236897685458
boxcar_hanning_decimated,2,6,1,0.5,2,6,False,1.0703397697877794e-17,0.02627216352264527,1.0000000000000002,0.822489556364633,0.0,0.0010560236897685458
boxcar_hanning_decimated,3,6,1,0.5,5,6,False,1.070339769787779e-17,0.06568040880661319,0.9999999999999998,0.32899582254585313,0.0,0.0010560236897685458
boxcar_hanning_decimated,4,6,3,0,2,6,False,0.019062061925467853,0.04205587796164148,1.0000000000000002,0.5557642804618383,0.04195785986616199,0.0011032000058063159
boxcar_hanning_decimated,5,6,3,0,5,6,True,0.7450719370761697,0.10513969490410367,1.0000000000000004,1.1271727614515323,0.9216501932132619,0.0043365921280873266
boxcar_hanning_decimated,6,6,3,0.5,2,6,False,0.07270222262634564,0.04512678851650755,0.9999999999999998,0.5694788818696314,0.09063735933196845,0.0011540052692316067
boxcar_hanning_decimated,7,6,3,0.5,5,6,True,0.8077276332676384,0.11281697129126882,1.0000000000000002,1.159497578895774,0.9679609698807089,0.0048119842358525485
boxcar_hanning_decimated,8,6,6,0,2,6,True,0.17376483171097076,0.08141864784322295,0.9999999999999593,0.5619387266306725,0.29653785480474426,0.0018326184306979916
boxcar_hanning_decimated,9,6,6,0,5,6,True,0.7755047238268572,0.20354661960805734,0.9999999999999593,1.0664199941429477,0.9602596454125766,0.008364723728235388
boxcar_hanning_decimated,10,6,6,0.5,2,6,True,0.19436435685139902,0.08296608655007377,0.9999999999999801,0.5620577538876131,0.30160699600550134,0.0017999579042103048
boxcar_hanning_decimated,11,6,6,0.5,5,6,True,0.806039445647951,0.20741521637518442,0.99999999999998,1.065126407533421,0.9609461043805763,0.008890921099425901
boxcar_hanning_decimated,12,30,1,0,2,6,False,7.079662350753715e-10,0.03548050184368297,1.0,0.6090269027422406,7.079662585822194e-10,0.0010560236897685458
boxcar_hanning_decimated,13,30,1,0,5,6,False,7.079662350753717e-10,0.0887012546092074,1.0000000000000002,0.24361076152167604,7.07966241760375e-10,0.0010560236897685458
boxcar_hanning_decimated,14,30,1,0.5,2,6,False,5.712012766517529e-13,0.05052300719490443,1.0000000000000002,0.4276978216508027,5.711769316071801e-13,0.0010560236897685458
boxcar_hanning_decimated,15,30,1,0.5,5,6,False,0.021663307288609036,0.12630751798726103,1.0000000000000004,0.2064889089935271,0.035409780333434414,0.0012846473751823547
boxcar_hanning_decimated,16,30,3,0,2,6,False,0.03389236711671011,0.08087607337753415,1.0000000000000002,0.36063311337247245,0.0934517429366266,0.0014189184285206234
boxcar_hanning_decimated,17,30,3,0,5,6,True,0.46110432515193134,0.20219018344383538,0.9999999999999999,0.7241409340678843,0.6172683858935459,0.006666376350875665
boxcar_hanning_decimated,18,30,3,0.5,2,6,False,0.03236955269715849,0.08678162569052406,1.0000000000000002,0.3055222988816074,0.05652281369635689,0.0013644842177078116
boxcar_hanning_decimated,19,30,3,0.5,5,6,True,0.5065847342832841,0.2169540642263101,1.0000000000000002,0.7836635942780615,0.6840638002039614,0.007787721093619584
boxcar_hanning_decimated,20,30,6,0,2,6,True,0.06988596588467347,0.15657313213801,0.999999999999959,0.33450496960822246,0.19649546679369803,0.002634615803340083
boxcar_hanning_decimated,21,30,6,0,5,6,True,0.5298203422144627,0.39143283034502496,0.999999999999959,0.7886983410933301,0.7334945399675203,0.016025431663291744
boxcar_hanning_decimated,22,30,6,0.5,2,6,True,0.07526576196656833,0.15954895317583617,0.9999999999999803,0.3186714413248218,0.18323601733513784,0.002591068434689834
boxcar_hanning_decimated,23,30,6,0.5,5,6,True,0.5605406803888708,0.39887238293959043,0.9999999999999803,0.8164336644853963,0.7622594948895227,0.017048794826572605
boxcar_hanning_decimated,0,6,1,0,2,7,False,0.0,0.018450001257976766,0.9999999999999997,0.29531617618526645,0.0,0.00017418947460099722
boxcar_hanning_decimated,1,6,1,0,5,7,False,1.4053384658049422e-10,0.0461250031449419,0.9999999999999999,0.19399795516576443,0.07587148469165783,0.00030483158055174517
boxcar_hanning_decimated,2,6,1,0.5,2,7,False,0.0,0.02627216352264527,1.0000000000000002,0.20738999349721055,0.0,0.00017418947460099722
boxcar_hanning_decimated,3,6,1,0.5,5,7,False,5.0879808366472114e-05,0.06568040880661319,0.9999999999999998,0.15715342367983606,0.07419742628095186,0.0005116815816404293
boxcar_hanning_decimated,4,6,3,0,2,7,False,0.07682336704521721,0.04205587796164148,1.0000000000000002,0.2621731291721501,0.13261730757953888,0.00038103947568968145
boxcar_hanning_decimated,5,6,3,0,5,7,True,0.8384248747789597,0.10513969490410367,1.0000000000000004,1.2792196346248894,1.227397305987845,0.005516000029031579
boxcar_hanning_decimated,6,6,3,0.5,2,7,False,0.009672714641535513,0.04512678851650755,0.9999999999999998,0.15433432979851466,0.03359487544700589,0.00033749210703943217
boxcar_hanning_decimated,7,6,3,0.5,5,7,True,0.8846830623246799,0.11281697129126882,1.0000000000000002,1.2104597900105067,1.1621640082699032,0.0048591605518903186
boxcar_hanning_decimated,8,6,6,0,2,7,True,0.3086393381197273,0.08141864784322295,0.9999999999999593,0.5439396218743114,0.4770190334532084,0.0015023842184336011
boxcar_hanning_decimated,9,6,6,0,5,7,True,0.6803856768399971,0.20354661960805734,0.9999999999999593,0.9843620577109429,0.9575938223425017,0.008967128994563837
boxcar_hanning_decimated,10,6,6,0.5,2,7,True,0.21314817372923706,0.08296608655007377,0.9999999999999801,0.3976882175126964,0.33201579581988117,0.0010632815845435873
boxcar_hanning_decimated,11,6,6,0.5,5,7,True,0.7486032521821023,0.20741521637518442,0.99999999999998,1.0406616281035599,1.0143926594264339,0.009290105312053185
boxcar_hanning_decimated,12,30,1,0,2,7,False,0.0038553147609697177,0.03548050184368297,1.0,0.29875464056176876,0.14518906118738537,0.0003592657913645568
boxcar_hanning_decimated,13,30,1,0,5,7,False,0.013292186631609733,0.0887012546092074,1.0000000000000002,0.2373337548256433,0.17590752307588994,0.0007185315827291136
boxcar_hanning_decimated,14,30,1,0.5,2,7,False,0.002108424935353413,0.05052300719490443,1.0000000000000002,0.20385042613175475,0.09600680943847566,0.00034837894920199445
boxcar_hanning_decimated,15,30,1,0.5,5,7,False,0.04276319237963878,0.12630751798726103,1.0000000000000004,0.247959339798979,0.20482189312166738,0.0013173079016700416
boxcar_hanning_decimated,16,30,3,0,2,7,False,0.05515009160403388,0.08087607337753415,1.0000000000000002,0.3115310173854137,0.2441614778593693,0.0010451368476059833
boxcar_hanning_decimated,17,30,3,0,5,7,True,0.5732916935162542,0.20219018344383538,0.9999999999999999,0.988453396425476,0.9615055806150582,0.009990492157844696
boxcar_hanning_decimated,18,30,3,0.5,2,7,False,0.039011112110755,0.08678162569052406,1.0000000000000002,0.22966474695499253,0.16687975325656262,0.0008927210573301108
boxcar_hanning_decimated,19,30,3,0.5,5,7,True,0.592097471150291,0.2169540642263101,1.0000000000000002,0.9244835435206864,0.8993695460413144,0.010251776369746191
boxcar_hanning_decimated,20,30,6,0,2,7,True,0.12602571863793155,0.15657313213801,0.999999999999959,0.4046680381926475,0.3698690675920182,0.0030628315950675345
boxcar_hanning_decimated,21,30,6,0,5,7,True,0.5179433088345685,0.39143283034502496,0.999999999999959,0.77978846417106,0.7658688759308082,0.015208918501099572
boxcar_hanning_decimated,22,30,6,0.5,2,7,True,0.09719914433026781,0.15954895317583617,0.9999999999999803,0.3351119120645414,0.30096199309820215,0.0025838105399147923
boxcar_hanning_decimated,23,30,6,0.5,5,7,True,0.5447246381167984,0.39887238293959043,0.9999999999999803,0.8192105117915232,0.8055505442049875,0.01624679745393051
boxcar_hanning_decimated,0,6,1,0,2,8,False,0.0,0.018450001257976766,0.9999999999999997,0.0,0.0,0.0
boxcar_hanning_decimated,1,6,1,0,5,8,False,0.0,0.0461250031449419,0.9999999999999999,0.0,0.0,0.0
boxcar_hanning_decimated,2,6,1,0.5,2,8,False,0.0,0.02627216352264527,1.0000000000000002,0.0,0.0,0.0
boxcar_hanning_decimated,3,6,1,0.5,5,8,False,0.0,0.06568040880661319,0.9999999999999998,0.0,0.0,0.0
boxcar_hanning_decimated,4,6,3,0,2,8,False,0.0,0.04205587796164148,1.0000000000000002,0.0,0.0,0.0
boxcar_hanning_decimated,5,6,3,0,5,8,True,0.6769801755340514,0.10513969490410367,1.0000000000000004,0.7014932028893115,0.7014932028893115,0.0013390815859951662
boxcar_hanning_decimated,6,6,3,0.5,2,8,False,0.0,0.04512678851650755,0.9999999999999998,0.0,0.0,0.0
boxcar_hanning_decimated,7,6,3,0.5,5,8,True,0.8625850864229745,0.11281697129126882,1.0000000000000002,0.913822191682743,0.913822191682743,0.003207989490568366
boxcar_hanning_decimated,8,6,6,0,2,8,False,0.0,0.08141864784322295,0.9999999999999593,0.0,0.0,0.0
boxcar_hanning_decimated,9,6,6,0,5,8,True,0.8256198247436843,0.20354661960805734,0.9999999999999593,0.8673729549783822,0.8673729549783822,0.00687685529935187
boxcar_hanning_decimated,10,6,6,0.5,2,8,False,0.0,0.08296608655007377,0.9999999999999801,0.0,0.0,0.0
boxcar_hanning_decimated,11,6,6,0.5,5,8,True,0.8495612998237082,0.20741521637518442,0.99999999999998,0.8856446019689204,0.8856446019689204,0.00696757898403989
boxcar_hanning_decimated,12,30,1,0,2,8,False,0.0,0.03548050184368297,1.0,0.0,0.0,0.0
boxcar_hanning_decimated,13,30,1,0,5,8,False,0.0,0.0887012546092074,1.0000000000000002,0.0,0.0,0.0
boxcar_hanning_decimated,14,30,1,0.5,2,8,False,0.0,0.05052300719490443,1.0000000000000002,0.0,0.0,0.0
boxcar_hanning_decimated,15,30,1,0.5,5,8,False,0.0,0.12630751798726103,1.0000000000000004,0.0,0.0,0.0
boxcar_hanning_decimated,16,30,3,0,2,8,False,0.0,0.08087607337753415,1.0000000000000002,0.0,0.0,0.0
boxcar_hanning_decimated,17,30,3,0,5,8,True,0.3279841821102078,0.20219018344383538,0.9999999999999999,0.41553349847434895,0.41553349847434895,0.003897489494197313
boxcar_hanning_decimated,18,30,3,0.5,2,8,False,0.0,0.08678162569052406,1.0000000000000002,0.0,0.0,0.0
boxcar_hanning_decimated,19,30,3,0.5,5,8,True,0.5011041338937658,0.2169540642263101,1.0000000000000002,0.5977424410162369,0.5977424410162369,0.007217976353778823
boxcar_hanning_decimated,20,30,6,0,2,8,False,0.0,0.15657313213801,0.999999999999959,0.0,0.0,0.0
boxcar_hanning_decimated,21,30,6,0,5,8,True,0.5564482957181183,0.39143283034502496,0.999999999999959,0.7161800921794991,0.7161800921794991,0.016065350084554474
boxcar_hanning_decimated,22,30,6,0.5,2,8,False,0.0,0.15954895317583617,0.9999999999999803,0.0,0.0,0.0
boxcar_hanning_decimated,23,30,6,0.5,5,8,True,0.5751343062506027,0.39887238293959043,0.9999999999999803,0.7206371161376784,0.7206371161376784,0.016961700089272107
boxcar_hanning_decimated,0,6,1,0,2,9,False,0.0,0.018450001257976766,0.9999999999999997,0.9363447184998347,0.0,0.0010995710584187951
boxcar_hanning_decimated,1,6,1,0,5,9,False,0.0,0.0461250031449419,0.9999999999999999,0.37453788739993393,0.0,0.0010995710584187951
boxcar_hanning_decimated,2,6,1,0.5,2,9,False,0.0,0.02627216352264527,1.0000000000000002,0.6575614231135245,0.0,0.0010995710584187951
boxcar_hanning_decimated,3,6,1,0.5,5,9,False,0.0,0.06568040880661319,0.9999999999999998,0.26302456924540973,0.0,0.0010995710584187951
boxcar_hanning_decimated,4,6,3,0,2,9,False,0.042835383019154794,0.04205587796164148,1.0000000000000002,0.5805857621189421,0.16980938384481298,0.0016330263243843491
boxcar_hanning_decimated,5,6,3,0,5,9,True,0.8398684211745323,0.10513969490410367,1.0000000000000004,1.4349829629513906,1.270672411641739,0.008146986884984142
boxcar_hanning_decimated,6,6,3,0.5,2,9,True,0.4642509438561223,0.04512678851650755,0.9999999999999998,1.1569082379695874,0.7740854889520634,0.00252574738171446
boxcar_hanning_decimated,7,6,3,0.5,5,9,True,0.8761542867287595,0.11281697129126882,1.0000000000000002,1.41006379012165,1.2569346905146404,0.008154244779759182
boxcar_hanning_decimated,8,6,6,0,2,9,True,0.456717771859101,0.08141864784322295,0.9999999999999593,0.8677464340838857,0.6555645606206086,0.0035164500185076316
boxcar_hanning_decimated,9,6,6,0,5,9,True,0.8095988521575251,0.20354661960805734,0.9999999999999593,1.2113117667569286,1.126439017371618,0.01286824743614867
boxcar_hanning_decimated,10,6,6,0.5,2,9,True,0.43006527098482816,0.08296608655007377,0.9999999999999801,0.8668068497927434,0.6585824782141795,0.003618060545358213
boxcar_hanning_decimated,11,6,6,0.5,5,9,True,0.8396128774718988,0.20741521637518442,0.99999999999998,1.1997181340762018,1.1164283854447763,0.012523497434334197
boxcar_hanning_decimated,12,30,1,0,2,9,False,0.0,0.03548050184368297,1.0,0.4869029561738747,0.0,0.0010995710584187951
boxcar_hanning_decimated,13,30,1,0,5,9,False,0.06317286036816293,0.0887012546092074,1.0000000000000002,0.38840731292895886,0.19364613045940895,0.002035839484399155
boxcar_hanning_decimated,14,30,1,0.5,2,9,False,0.0,0.05052300719490443,1.0000000000000002,0.34193454019031955,0.0,0.0010995710584187951
boxcar_hanning_decimated,15,30,1,0.5,5,9,False,0.0,0.12630751798726103,1.0000000000000004,0.13677381607612785,0.0,0.0010995710584187951
boxcar_hanning_decimated,16,30,3,0,2,9,False,0.14829748990364233,0.08087607337753415,1.0000000000000002,0.6086061003622345,0.3950007593415529,0.003207989490568366
boxcar_hanning_decimated,17,30,3,0,5,9,True,0.6676656976070116,0.20219018344383538,0.9999999999999999,1.117830936819416,1.0323888004111432,0.012356565854508242
boxcar_hanning_decimated,18,30,3,0.5,2,9,True,0.2064381702367257,0.08678162569052406,1.0000000000000002,0.651878443159816,0.4528090998885914,0.00346201580769482
boxcar_hanning_decimated,19,30,3,0.5,5,9,True,0.7083297434515642,0.2169540642263101,1.0000000000000002,1.1381234536835505,1.0584957163750606,0.013514200071127368
boxcar_hanning_decimated,20,30,6,0,2,9,True,0.2636787522301002,0.15657313213801,0.999999999999959,0.632050352239516,0.5217149390155251,0.006430494770686815
boxcar_hanning_decimated,21,30,6,0,5,9,True,0.6212703467639644,0.39143283034502496,0.999999999999959,0.9452287128587744,0.9010945475691781,0.02044548958129205
boxcar_hanning_decimated,22,30,6,0.5,2,9,True,0.2425451918566035,0.15954895317583617,0.9999999999999803,0.6085801991539708,0.500302702559037,0.006111147400584986
boxcar_hanning_decimated,23,30,6,0.5,5,9,True,0.6201738284464362,0.39887238293959043,0.9999999999999803,0.9361795517704992,0.8928685531325257,0.020470892213004695
boxcar_hanning_decimated,0,6,1,0,2,10,False,0.0,0.018450001257976766,0.9999999999999997,2.323011288341439,0.0,0.0020176947474615514
boxcar_hanning_decimated,1,6,1,0,5,10,False,0.0,0.0461250031449419,0.9999999999999999,0.9292045153365757,0.0,0.0020176947474615514
boxcar_hanning_decimated,2,6,1,0.5,2,10,False,0.0,0.02627216352264527,1.0000000000000002,1.6313677842044112,0.0,0.0020176947474615514
boxcar_hanning_decimated,3,6,1,0.5,5,10,False,0.0,0.06568040880661319,0.9999999999999998,0.6525471136817643,0.0,0.0020176947474615514
boxcar_hanning_decimated,4,6,3,0,2,10,False,0.0,0.04205587796164148,1.0000000000000002,1.0191098906860372,0.0,0.0020176947474615514
boxcar_hanning_decimated,5,6,3,0,5,10,True,0.748602937895053,0.10513969490410367,1.0000000000000004,1.1603733179261875,0.7527293616517725,0.00500431844739115
boxcar_hanning_decimated,6,6,3,0.5,2,10,False,0.0,0.04512678851650755,0.9999999999999998,0.9497587264938115,0.0,0.0020176947474615514
boxcar_hanning_decimated,7,6,3,0.5,5,10,True,0.8846187758490449,0.11281697129126882,1.0000000000000002,1.3062221009417598,0.9263186103442351,0.004833757920177673
boxcar_hanning_decimated,8,6,6,0,2,10,False,1.0420905679406367e-17,0.08141864784322295,0.9999999999999593,0.5264096411269654,0.0,0.0020176947474615514
boxcar_hanning_decimated,9,6,6,0,5,10,True,0.8105339738932916,0.20354661960805734,0.9999999999999593,1.0523009582754979,0.8417371018247117,0.009634855313867659
boxcar_hanning_decimated,10,6,6,0.5,2,10,False,3.7116088497887513e-17,0.08296608655007377,0.9999999999999801,0.5165913323671847,0.0,0.0020176947474615514
boxcar_hanning_decimated,11,6,6,0.5,5,10,True,0.8250024297932926,0.20741521637518442,0.99999999999998,1.0530899017528674,0.8464533688059935,0.00963122636648014
boxcar_hanning_decimated,12,30,1,0,2,10,False,0.0,0.03548050184368297,1.0,1.2079750557368338,0.0,0.0020176947474615514
boxcar_hanning_decimated,13,30,1,0,5,10,False,0.0,0.0887012546092074,1.0000000000000002,0.4831900222947336,0.0,0.0020176947474615514
boxcar_hanning_decimated,14,30,1,0.5,2,10,False,0.0,0.05052300719490443,1.0000000000000002,0.8483176986447559,0.0,0.0020176947474615514
boxcar_hanning_decimated,15,30,1,0.5,5,10,False,0.0,0.12630751798726103,1.0000000000000004,0.33932707945790247,0.0,0.0020176947474615514
boxcar_hanning_decimated,16,30,3,0,2,10,False,0.0,0.08087607337753415,1.0000000000000002,0.5299411729860187,0.0,0.0020176947474615514
boxcar_hanning_decimated,17,30,3,0,5,10,True,0.4813096739357024,0.20219018344383538,0.9999999999999999,0.7086073426197004,0.4966308734252929,0.008444560570760845
boxcar_hanning_decimated,18,30,3,0.5,2,10,False,0.0,0.08678162569052406,1.0000000000000002,0.49387829337326805,0.0,0.0020176947474615514
boxcar_hanning_decimated,19,30,3,0.5,5,10,True,0.49484590689996466,0.2169540642263101,1.0000000000000002,0.7390373744562547,0.5414860571069474,0.00879293951996284
boxcar_hanning_decimated,20,30,6,0,2,10,False,3.571770820869357e-10,0.15657313213801,0.999999999999959,0.27373509530575096,3.571770500669324e-10,0.0020176947474615514
boxcar_hanning_decimated,21,30,6,0,5,10,True,0.5589286901804881,0.39143283034502496,0.999999999999959,0.7375843223427693,0.6280902843633398,0.017197581669460955
boxcar_hanning_decimated,22,30,6,0.5,2,10,False,8.808954795321911e-10,0.15954895317583617,0.9999999999999803,0.26862953645020116,8.808954429269711e-10,0.0020176947474615514
boxcar_hanning_decimated,23,30,6,0.5,5,10,True,0.5690779134343726,0.39887238293959043,0.9999999999999803,0.7294943293866397,0.6220425151589175,0.01764031325073849
boxcar_hanning_decimated,0,6,1,0,2,11,False,0.0,0.018450001257976766,0.9999999999999997,0.0,0.0,0.0
boxcar_hanning_decimated,1,6,1,0,5,11,False,0.0,0.0461250031449419,0.9999999999999999,0.0,0.0,0.0
boxcar_hanning_decimated,2,6,1,0.5,2,11,False,0.0,0.02627216352264527,1.0000000000000002,0.0,0.0,0.0
boxcar_hanning_decimated,3,6,1,0.5,5,11,False,0.0,0.06568040880661319,0.9999999999999998,0.0,0.0,0.0
boxcar_hanning_decimated,4,6,3,0,2,11,False,0.0,0.04205587796164148,1.0000000000000002,0.0,0.0,0.0
boxcar_hanning_decimated,5,6,3,0,5,11,True,0.4019715812185053,0.10513969490410367,1.0000000000000004,0.4297876768619776,0.4297876768619776,0.000954413162917964
boxcar_hanning_decimated,6,6,3,0.5,2,11,False,0.0,0.04512678851650755,0.9999999999999998,0.0,0.0,0.0
boxcar_hanning_decimated,7,6,3,0.5,5,11,True,0.7513866764259406,0.11281697129126882,1.0000000000000002,0.8805068954352054,0.8805068954352054,0.002895900015241579
boxcar_hanning_decimated,8,6,6,0,2,11,False,0.16076022452232838,0.08141864784322295,0.9999999999999593,0.19078585565593106,0.19078585565593106,0.000533455265965554
boxcar_hanning_decimated,9,6,6,0,5,11,True,0.773858378032027,0.20354661960805734,0.9999999999999593,0.8613514075736076,0.8613514075736076,0.005450678976056205
boxcar_hanning_decimated,10,6,6,0.5,2,11,False,0.2731934461073448,0.08296608655007377,0.9999999999999801,0.3797146534671509,0.3797146534671509,0.0009362684259803601
boxcar_hanning_decimated,11,6,6,0.5,5,11,True,0.6800115911566694,0.20741521637518442,0.99999999999998,0.7678137594240813,0.7678137594240813,0.005516000029031579
boxcar_hanning_decimated,12,30,1,0,2,11,False,0.0,0.03548050184368297,1.0,0.0,0.0,0.0
boxcar_hanning_decimated,13,30,1,0,5,11,False,0.0,0.0887012546092074,1.0000000000000002,0.0,0.0,0.0
boxcar_hanning_decimated,14,30,1,0.5,2,11,False,0.0,0.05052300719490443,1.0000000000000002,0.0,0.0,0.0
boxcar_hanning_decimated,15,30,1,0.5,5,11,False,0.0,0.12630751798726103,1.0000000000000004,0.0,0.0,0.0
boxcar_hanning_decimated,16,30,3,0,2,11,False,0.0,0.08087607337753415,1.0000000000000002,0.0,0.0,0.0
boxcar_hanning_decimated,17,30,3,0,5,11,True,0.12933160951897194,0.20219018344383538,0.9999999999999999,0.15507238140437032,0.15507238140437032,0.0014479500076207896
boxcar_hanning_decimated,18,30,3,0.5,2,11,False,0.0026827834813280545,0.08678162569052406,1.0000000000000002,0.002645062974286102,0.002645062974286102,3.266052648768698e-05
boxcar_hanning_decimated,19,30,3,0.5,5,11,True,0.41060096403444046,0.2169540642263101,1.0000000000000002,0.4756911721981901,0.4756911721981901,0.0050115763421661914
boxcar_hanning_decimated,20,30,6,0,2,11,False,0.04643948215534033,0.15657313213801,0.999999999999959,0.08241756522246764,0.08241756522246764,0.0008600605308424239
boxcar_hanning_decimated,21,30,6,0,5,11,True,0.44595023196645944,0.39143283034502496,0.999999999999959,0.4618027127133638,0.4618027127133638,0.010052184263432549
boxcar_hanning_decimated,22,30,6,0.5,2,11,False,0.08649759819553349,0.15954895317583617,0.9999999999999803,0.17479709892828155,0.17479709892828155,0.0014806105341084765
boxcar_hanning_decimated,23,30,6,0.5,5,11,True,0.4310823288543822,0.39887238293959043,0.9999999999999803,0.4471216971022685,0.4471216971022685,0.009790900051531054
boxcar_hanning_decimated,0,6,1,0,2,12,False,1.1659096538510459e-15,0.018450001257976766,0.9999999999999997,0.4572629950989381,0.008771559494075333,0.0006749842140788643
boxcar_hanning_decimated,1,6,1,0,5,12,False,0.008883049846797662,0.0461250031449419,0.9999999999999999,0.19023838008564392,0.010841805843698784,0.0011249736901314405
boxcar_hanning_decimated,2,6,1,0.5,2,12,False,0.00046126710820474016,0.02627216352264527,1.0000000000000002,0.3897576560206062,0.07479815358110666,0.0008528026360673823
boxcar_hanning_decimated,3,6,1,0.5,5,12,False,0.001597347101239015,0.06568040880661319,0.9999999999999998,0.26943352104600077,0.14344972007020096,0.0013209368490575623
boxcar_hanning_decimated,4,6,3,0,2,12,False,0.18742638218592175,0.04205587796164148,1.0000000000000002,0.7527392919238542,0.5559851649823427,0.0022934947489131304
boxcar_hanning_decimated,5,6,3,0,5,12,True,0.7934176015607738,0.10513969490410367,1.0000000000000004,1.4633856393802982,1.3846839886036935,0.006205500032660526
boxcar_hanning_decimated,6,6,3,0.5,2,12,False,0.14098399092251948,0.04512678851650755,0.9999999999999998,0.9173084195337134,0.7339435530514771,0.0027616289619033104
boxcar_hanning_decimated,7,6,3,0.5,5,12,True,0.8418715625592197,0.11281697129126882,1.0000000000000002,1.5643768562092286,1.4910309096163339,0.00692403161538964
boxcar_hanning_decimated,8,6,6,0,2,12,True,0.3348745712206853,0.08141864784322295,0.9999999999999593,0.9937057311733698,0.8920746212213235,0.004449089497100471
boxcar_hanning_decimated,9,6,6,0,5,12,True,0.8077707483554254,0.20354661960805734,0.9999999999999593,1.3174807284569368,1.2768282844761185,0.0115981158505164
boxcar_hanning_decimated,10,6,6,0.5,2,12,True,0.3648861774405921,0.08296608655007377,0.9999999999999801,1.060348390506645,0.9606128492128252,0.004844644762340236
boxcar_hanning_decimated,11,6,6,0.5,5,12,True,0.8453344005651119,0.20741521637518442,0.99999999999998,1.366234424290271,1.3263402077727433,0.012080765853056662
boxcar_hanning_decimated,12,30,1,0,2,12,False,0.0025856937760738636,0.03548050184368297,1.0,0.2806693790774341,0.047452059109487736,0.0007620789513793629
boxcar_hanning_decimated,13,30,1,0,5,12,False,0.10968290924479981,0.0887012546092074,1.0000000000000002,0.322077150212413,0.22879022222523446,0.001923342115386011
boxcar_hanning_decimated,14,30,1,0.5,2,12,False,0.026492668391932997,0.05052300719490443,1.0000000000000002,0.2807156396792648,0.11693545297778757,0.0010161052685058172
boxcar_hanning_decimated,15,30,1,0.5,5,12,False,0.08547456565723897,0.12630751798726103,1.0000000000000004,0.2787408725626586,0.21322879788206772,0.0021447079060247782
boxcar_hanning_decimated,16,30,3,0,2,12,False,0.18641255212551217,0.08087607337753415,1.0000000000000002,0.7584638166780344,0.6561508926507402,0.003618060545358213
boxcar_hanning_decimated,17,30,3,0,5,12,True,0.5182198268428417,0.20219018344383538,0.9999999999999999,0.9872115749308813,0.9462864053199637,0.00958405005044237
boxcar_hanning_decimated,18,30,3,0.5,2,12,False,0.210136650808842,0.08678162569052406,1.0000000000000002,0.8592040466085612,0.7638535909647571,0.004053534231860706
boxcar_hanning_decimated,19,30,3,0.5,5,12,True,0.5408646240906227,0.2169540642263101,1.0000000000000002,1.0224267051950566,0.9842865229375349,0.010738055319673975
boxcar_hanning_decimated,20,30,6,0,2,12,True,0.21077038957399033,0.15657313213801,0.999999999999959,0.7536536869751919,0.7008051079239157,0.006568394771412604
boxcar_hanning_decimated,21,30,6,0,5,12,True,0.534107530553546,0.39143283034502496,0.999999999999959,0.8763162008937183,0.8551767692732078,0.01782901851488957
boxcar_hanning_decimated,22,30,6,0.5,2,12,True,0.23169100635801146,0.15954895317583617,0.9999999999999803,0.785666779850678,0.7338039039972579,0.006974836878814931
boxcar_hanning_decimated,23,30,6,0.5,5,12,True,0.5743201264885142,0.39887238293959043,0.9999999999999803,0.9045688779489222,0.8838237276075542,0.019030200100158948
boxcar_hanning_decimated,0,6,1,0,2,13,False,-4.762082870083203e-21,0.018450001257976766,0.9999999999999997,2.8799938764218265,0.0,0.0029866236999295985
boxcar_hanning_decimated,1,6,1,0,5,13,False,-4.762082870083204e-21,0.0461250031449419,0.9999999999999999,1.1519975505687308,0.0,0.0029866236999295985
boxcar_hanning_decimated,2,6,1,0.5,2,13,False,-5.490824997053914e-23,0.02627216352264527,1.0000000000000002,2.022516744658187,0.0,0.0029866236999295985
boxcar_hanning_decimated,3,6,1,0.5,5,13,False,-5.49082499705391e-23,0.06568040880661319,0.9999999999999998,0.8090066978632747,0.0,0.0029866236999295985
boxcar_hanning_decimated,4,6,3,0,2,13,False,-7.197310328761094e-19,0.04205587796164148,1.0000000000000002,1.263459312189666,0.0,0.0029866236999295985
boxcar_hanning_decimated,5,6,3,0,5,13,True,0.49274303419588683,0.10513969490410367,1.0000000000000004,1.0476881100551627,0.5423043851792962,0.0037305579143713575
boxcar_hanning_decimated,6,6,3,0.5,2,13,False,-3.583412492783711e-19,0.04512678851650755,0.9999999999999998,1.1774799933638258,0.0,0.0029866236999295985
boxcar_hanning_decimated,7,6,3,0.5,5,13,True,0.6898601325702032,0.11281697129126882,1.0000000000000002,1.2139285823681771,0.7429365850226466,0.004231352653849225
boxcar_hanning_decimated,8,6,6,0,2,13,False,-1.4879200931135903e-18,0.08141864784322295,0.9999999999999593,0.6526255599978127,-7.330599408619814e-17,0.0029866236999295985
boxcar_hanning_decimated,9,6,6,0,5,13,True,0.7352160055505464,0.20354661960805734,0.9999999999999593,1.0926638563796556,0.8316136323805305,0.007217976353778823
boxcar_hanning_decimated,10,6,6,0.5,2,13,False,-1.1798281356027559e-18,0.08296608655007377,0.9999999999999801,0.640453139981216,0.0,0.0029866236999295985
boxcar_hanning_decimated,11,6,6,0.5,5,13,True,0.7876649617377257,0.20741521637518442,0.99999999999998,1.1472458678101303,0.891064611817644,0.00781312372533223
boxcar_hanning_decimated,12,30,1,0,2,13,False,3.9738901593713955e-08,0.03548050184368297,1.0,1.4976082437335843,3.973890145812872e-08,0.0029866236999295985
boxcar_hanning_decimated,13,30,1,0,5,13,False,3.973890159371397e-08,0.0887012546092074,1.0000000000000002,0.5990433213367748,3.9738901592703484e-08,0.0029866236999295985
boxcar_hanning_decimated,14,30,1,0.5,2,13,False,4.5819905044457994e-10,0.05052300719490443,1.0000000000000002,1.0517167052450664,4.5819896147189237e-10,0.0029866236999295985
boxcar_hanning_decimated,15,30,1,0.5,5,13,False,4.5819905044458005e-10,0.12630751798726103,1.0000000000000004,0.42068668237294615,4.5819905597893394e-10,0.0029866236999295985
boxcar_hanning_decimated,16,30,3,0,2,13,False,3.537746954477199e-05,0.08087607337753415,1.0000000000000002,0.6539831977952126,-0.0030206405947484937,0.0030229131738048064
boxcar_hanning_decimated,17,30,3,0,5,13,True,0.1511829691954127,0.20219018344383538,0.9999999999999999,0.4309227556169286,0.16812122026094417,0.005080526342529086
boxcar_hanning_decimated,18,30,3,0.5,2,13,False,3.4293115286191813e-06,0.08678162569052406,1.0000000000000002,0.6140913848301334,0.0017971322145113675,0.0030011394894796815
boxcar_hanning_decimated,19,30,3,0.5,5,13,True,0.24629953929239454,0.2169540642263101,1.0000000000000002,0.5131739291186804,0.26825622807243166,0.005853492136071011
boxcar_hanning_decimated,20,30,6,0,2,13,False,7.560688552267254e-05,0.15657313213801,0.999999999999959,0.3393799224780746,1.2050625629781747e-05,0.0031317815954304295
boxcar_hanning_decimated,21,30,6,0,5,13,True,0.3610857129255223,0.39143283034502496,0.999999999999959,0.5505783804258635,0.4148312316848855,0.011489247428890776
boxcar_hanning_decimated,22,30,6,0.5,2,13,False,7.022909627643327e-05,0.15954895317583617,0.9999999999999803,0.33363608547797424,0.0005979201671186334,0.0031208947532678673
boxcar_hanning_decimated,23,30,6,0.5,5,13,True,0.3952402963266811,0.39887238293959043,0.9999999999999803,0.5759469322430559,0.44273166611871373,0.012265842169820221
boxcar_hanning_decimated,0,6,1,0,2,14,False,0.0,0.018450001257976766,0.9999999999999997,0.0,0.0,0.0
boxcar_hanning_decimated,1,6,1,0,5,14,False,0.0,0.0461250031449419,0.9999999999999999,0.0,0.0,0.0
boxcar_hanning_decimated,2,6,1,0.5,2,14,False,0.0,0.02627216352264527,1.0000000000000002,0.0,0.0,0.0
boxcar_hanning_decimated,3,6,1,0.5,5,14,False,0.0,0.06568040880661319,0.9999999999999998,0.0,0.0,0.0
boxcar_hanning_decimated,4,6,3,0,2,14,False,0.0,0.04205587796164148,1.0000000000000002,0.0,0.0,0.0
boxcar_hanning_decimated,5,6,3,0,5,14,True,0.7384860922132511,0.10513969490410367,1.0000000000000004,0.754489403261841,0.754489403261841,0.002395105275763712
boxcar_hanning_decimated,6,6,3,0.5,2,14,False,0.0,0.04512678851650755,0.9999999999999998,0.0,0.0,0.0
boxcar_hanning_decimated,7,6,3,0.5,5,14,True,0.2751321388606719,0.11281697129126882,1.0000000000000002,0.2936276562734944,0.2936276562734944,0.0005153105290279502
boxcar_hanning_decimated,8,6,6,0,2,14,False,0.0,0.08141864784322295,0.9999999999999593,0.0,0.0,0.0
boxcar_hanning_decimated,9,6,6,0,5,14,True,0.6614287975881766,0.20354661960805734,0.9999999999999593,0.6867872643960169,0.6867872643960169,0.005080526342529086
boxcar_hanning_decimated,10,6,6,0.5,2,14,False,0.0,0.08296608655007377,0.9999999999999801,0.0,0.0,0.0
boxcar_hanning_decimated,11,6,6,0.5,5,14,True,0.633731049192808,0.20741521637518442,0.99999999999998,0.6659731482939786,0.6659731482939786,0.004485378970975679
boxcar_hanning_decimated,12,30,1,0,2,14,False,0.0,0.03548050184368297,1.0,0.0,0.0,0.0
boxcar_hanning_decimated,13,30,1,0,5,14,False,0.0,0.0887012546092074,1.0000000000000002,0.0,0.0,0.0
boxcar_hanning_decimated,14,30,1,0.5,2,14,False,0.0,0.05052300719490443,1.0000000000000002,0.0,0.0,0.0
boxcar_hanning_decimated,15,30,1,0.5,5,14,False,0.0,0.12630751798726103,1.0000000000000004,0.0,0.0,0.0
boxcar_hanning_decimated,16,30,3,0,2,14,False,0.0,0.08087607337753415,1.0000000000000002,0.0,0.0,0.0
boxcar_hanning_decimated,17,30,3,0,5,14,True,0.49463077455525756,0.20219018344383538,0.9999999999999999,0.5532646333365598,0.5532646333365598,0.006510331613212272
boxcar_hanning_decimated,18,30,3,0.5,2,14,False,0.0,0.08678162569052406,1.0000000000000002,0.0,0.0,0.0
boxcar_hanning_decimated,19,30,3,0.5,5,14,True,0.19068766836627082,0.2169540642263101,1.0000000000000002,0.2558705908853006,0.2558705908853006,0.002300752643688172
boxcar_hanning_decimated,20,30,6,0,2,14,False,0.0,0.15657313213801,0.999999999999959,0.0,0.0,0.0
boxcar_hanning_decimated,21,30,6,0,5,14,True,0.4461522050200493,0.39143283034502496,0.999999999999959,0.5114203153263466,0.5114203153263466,0.010883213215174806
boxcar_hanning_decimated,22,30,6,0.5,2,14,False,0.0,0.15954895317583617,0.9999999999999803,0.0,0.0,0.0
boxcar_hanning_decimated,23,30,6,0.5,5,14,True,0.4283290071048375,0.39887238293959043,0.9999999999999803,0.4743862260199633,0.4743862260199633,0.010371531633534378
boxcar_hanning_decimated,0,6,1,0,2,15,False,-1.504300390216842e-18,0.018450001257976766,0.9999999999999997,0.14718038005569034,0.009872887674561999,0.0003592657913645568
boxcar_hanning_decimated,1,6,1,0,5,15,False,-1.5043003902168426e-18,0.0461250031449419,0.9999999999999999,0.05887215202227615,0.003949155069824801,0.0003592657913645568
boxcar_hanning_decimated,2,6,1,0.5,2,15,False,-1.7597989156132579e-19,0.02627216352264527,1.0000000000000002,0.09642614339614082,0.0,0.00033749210703943217
boxcar_hanning_decimated,3,6,1,0.5,5,15,False,-1.8508478443319526e-19,0.06568040880661319,0.9999999999999998,0.039565780918619516,0.000995323560163194,0.00034837894920199445
boxcar_hanning_decimated,4,6,3,0,2,15,False,-3.341629716155402e-18,0.04205587796164148,1.0000000000000002,0.0645449755263783,0.004307892627477502,0.0003701526335271191
boxcar_hanning_decimated,5,6,3,0,5,15,True,0.7690904309294603,0.10513969490410367,1.0000000000000004,0.8557806345530812,0.8316858013935208,0.0024967158026142936
boxcar_hanning_decimated,6,6,3,0.5,2,15,False,0.02159872883636396,0.04512678851650755,0.9999999999999998,0.07649111902313481,0.020353213126402238,0.00041370000217736845
boxcar_hanning_decimated,7,6,3,0.5,5,15,True,0.7156011162828988,0.11281697129126882,1.0000000000000002,0.8892023051283809,0.8667471427696879,0.003581771071483006
boxcar_hanning_decimated,8,6,6,0,2,15,False,0.007624072392558828,0.08141864784322295,0.9999999999999593,0.039060049743667946,0.007945268618347162,0.0003919263178522438
boxcar_hanning_decimated,9,6,6,0,5,15,True,0.802281961621141,0.20354661960805734,0.9999999999999593,0.8897588043287782,0.8773128918786499,0.006227273716985651
boxcar_hanning_decimated,10,6,6,0.5,2,15,False,0.013080303500234092,0.08296608655007377,0.9999999999999801,0.042937289482439814,0.012402844476015674,0.00041370000217736845
boxcar_hanning_decimated,11,6,6,0.5,5,15,True,0.803450487312729,0.20741521637518442,0.99999999999998,0.9046668365896127,0.892453058587043,0.006274450033023421
boxcar_hanning_decimated,12,30,1,0,2,15,False,0.00011051720633482497,0.03548050184368297,1.0,0.08020302342888444,0.008802584440660496,0.0003701526335271191
boxcar_hanning_decimated,13,30,1,0,5,15,False,0.0001517622988079468,0.0887012546092074,1.0000000000000002,0.04495542088435278,0.016395245289063196,0.0004572473708276177
boxcar_hanning_decimated,14,30,1,0.5,2,15,False,1.3299557694209751e-05,0.05052300719490443,1.0000000000000002,0.05376065839366743,0.0036186825332725795,0.0003592657913645568
boxcar_hanning_decimated,15,30,1,0.5,5,15,False,1.3299557694209755e-05,0.12630751798726103,1.0000000000000004,0.02151224309208351,0.0014554527479255666,0.0003592657913645568
boxcar_hanning_decimated,16,30,3,0,2,15,False,0.0003991876144562687,0.08087607337753415,1.0000000000000002,0.05611981172746725,0.02479629042672662,0.0005116815816404293
boxcar_hanning_decimated,17,30,3,0,5,15,True,0.33410189038548455,0.20219018344383538,0.9999999999999999,0.45685410295777246,0.44432469443747624,0.004616021076926427
boxcar_hanning_decimated,18,30,3,0.5,2,15,False,0.031378981473169476,0.08678162569052406,1.0000000000000002,0.0724262591758066,0.0432343261254204,0.0007403052670542382
boxcar_hanning_decimated,19,30,3,0.5,5,15,True,0.4161697349313606,0.2169540642263101,1.0000000000000002,0.5600998865270741,0.5484231133069196,0.005378100028305789
boxcar_hanning_decimated,20,30,6,0,2,15,False,0.015280250758468693,0.15657313213801,0.999999999999959,0.05190793862992939,0.03572812940871206,0.0008818342151675485
boxcar_hanning_decimated,21,30,6,0,5,15,True,0.49653057956534924,0.39143283034502496,0.999999999999959,0.6696833907068472,0.6632114670183602,0.014352486917644668
boxcar_hanning_decimated,22,30,6,0.5,2,15,False,0.019840199182269667,0.15954895317583617,0.9999999999999803,0.05320627709120265,0.037328244946613645,0.0008927210573301108
boxcar_hanning_decimated,23,30,6,0.5,5,15,True,0.49806550561254154,0.39887238293959043,0.9999999999999803,0.6464999194634332,0.6401487066055976,0.0141311211270059
boxcar_hanning_decimated,0,6,1,0,2,16,False,0.0,0.018450001257976766,0.9999999999999997,0.12618691354010161,0.0,0.00014152894811331025
boxcar_hanning_decimated,1,6,1,0,5,16,False,0.0,0.0461250031449419,0.9999999999999999,0.05047476541604066,0.0,0.00014152894811331025
boxcar_hanning_decimated,2,6,1,0.5,2,16,False,0.0,0.02627216352264527,1.0000000000000002,0.08861655841736576,0.0,0.00014152894811331025
boxcar_hanning_decimated,3,6,1,0.5,5,16,False,0.0,0.06568040880661319,0.9999999999999998,0.035446623366946296,0.0,0.00014152894811331025
boxcar_hanning_decimated,4,6,3,0,2,16,False,-1.0091302305741217e-25,0.04205587796164148,1.0000000000000002,0.05535846179881321,0.0,0.00014152894811331025
boxcar_hanning_decimated,5,6,3,0,5,16,True,0.8432967840331663,0.10513969490410367,1.0000000000000004,0.9912653050586837,0.9691219203391584,0.004361994759799972
boxcar_hanning_decimated,6,6,3,0.5,2,16,False,-7.045401484988944e-25,0.04512678851650755,0.9999999999999998,0.05159127848646784,0.0,0.00014152894811331025
boxcar_hanning_decimated,7,6,3,0.5,5,16,True,0.8131529900951441,0.11281697129126882,1.0000000000000002,0.9817534759795676,0.9611169645849804,0.003618060545358213
boxcar_hanning_decimated,8,6,6,0,2,16,False,-2.135377440191164e-21,0.08141864784322295,0.9999999999999593,0.028594784797189046,0.0,0.00014152894811331025
boxcar_hanning_decimated,9,6,6,0,5,16,True,0.8240964224111459,0.20354661960805734,0.9999999999999593,0.9895975831237362,0.9781596692048605,0.008528026360673823
boxcar_hanning_decimated,10,6,6,0.5,2,16,False,0.01723074248903552,0.08296608655007377,0.9999999999999801,0.04661151304561553,0.018550062754719415,0.00018507631676355956
boxcar_hanning_decimated,11,6,6,0.5,5,16,True,0.8364177656696034,0.20741521637518442,0.99999999999998,0.9985929609737374,0.9873683808573789,0.008727618466987466
boxcar_hanning_decimated,12,30,1,0,2,16,False,0.0,0.03548050184368297,1.0,0.06561769401718846,0.0,0.00014152894811331025
boxcar_hanning_decimated,13,30,1,0,5,16,False,0.0,0.0887012546092074,1.0000000000000002,0.02624707760687539,0.0,0.00014152894811331025
boxcar_hanning_decimated,14,30,1,0.5,2,16,False,0.0,0.05052300719490443,1.0000000000000002,0.04608096079027317,0.0,0.00014152894811331025
boxcar_hanning_decimated,15,30,1,0.5,5,16,False,0.0,0.12630751798726103,1.0000000000000004,0.018432384316109274,0.0,0.00014152894811331025
boxcar_hanning_decimated,16,30,3,0,2,16,False,1.0399844766213106e-13,0.08087607337753415,1.0000000000000002,0.028786619037444606,1.0399952576757575e-13,0.00014152894811331025
boxcar_hanning_decimated,17,30,3,0,5,16,True,0.48409965920502634,0.20219018344383538,0.9999999999999999,0.658200469797258,0.6466858221823217,0.007696997408931565
boxcar_hanning_decimated,18,30,3,0.5,2,16,False,7.260815930759496e-13,0.08678162569052406,1.0000000000000002,0.026827668819210754,7.260832154192073e-13,0.00014152894811331025
boxcar_hanning_decimated,19,30,3,0.5,5,16,True,0.4323640375746933,0.2169540642263101,1.0000000000000002,0.6322455549903444,0.6215144874629506,0.007225234248553865
boxcar_hanning_decimated,20,30,6,0,2,16,False,0.01936182824095911,0.15657313213801,0.999999999999959,0.08649666436534413,0.07162726319948538,0.0006568394771412604
boxcar_hanning_decimated,21,30,6,0,5,16,True,0.5545353985738625,0.39143283034502496,0.999999999999959,0.7739437849498966,0.767996024483553,0.015198031658937008
boxcar_hanning_decimated,22,30,6,0.5,2,16,False,0.021795203607063305,0.15954895317583617,0.9999999999999803,0.029808643421200213,0.015216578307559086,0.0005261973711905125
boxcar_hanning_decimated,23,30,6,0.5,5,16,True,0.5624932751899812,0.39887238293959043,0.9999999999999803,0.775081809367445,0.7692449833219885,0.01586938692562835
boxcar_hanning_decimated,0,6,1,0,2,17,False,0.0,0.018450001257976766,0.9999999999999997,0.0,0.0,0.0
boxcar_hanning_decimated,1,6,1,0,5,17,False,0.01051250336225538,0.0461250031449419,0.9999999999999999,0.016391522920455186,0.016391522920455186,2.1773684325124653e-05
boxcar_hanning_decimated,2,6,1,0.5,2,17,False,0.0,0.02627216352264527,1.0000000000000002,0.0,0.0,0.0
boxcar_hanning_decimated,3,6,1,0.5,5,17,False,0.0001016838437712608,0.06568040880661319,0.9999999999999998,0.026975663426561797,0.026975663426561797,0.00027217105406405817
boxcar_hanning_decimated,4,6,3,0,2,17,False,0.14372555111604987,0.04205587796164148,1.0000000000000002,0.231009367037111,0.231009367037111,0.0003592657913645568
boxcar_hanning_decimated,5,6,3,0,5,17,True,0.8197033857951189,0.10513969490410367,1.0000000000000004,1.0792703933944283,1.0792703933944283,0.0038575710729345848
boxcar_hanning_decimated,6,6,3,0.5,2,17,False,0.02555233603624366,0.04512678851650755,0.9999999999999998,0.046263533209586,0.046263533209586,0.00016330263243843492
boxcar_hanning_decimated,7,6,3,0.5,5,17,True,0.884632124357514,0.11281697129126882,1.0000000000000002,1.0735574880770973,1.0735574880770973,0.0041986921273615375
boxcar_hanning_decimated,8,6,6,0,2,17,True,0.22488414714080446,0.08141864784322295,0.9999999999999593,0.31319386493262846,0.31319386493262846,0.0006241789506535734
boxcar_hanning_decimated,9,6,6,0,5,17,True,0.7461713156763179,0.20354661960805734,0.9999999999999593,0.8630631912774722,0.8630631912774722,0.006539363192312438
boxcar_hanning_decimated,10,6,6,0.5,2,17,False,0.1596085157008738,0.08296608655007377,0.9999999999999801,0.2297489505553426,0.2297489505553426,0.0005153105290279502
boxcar_hanning_decimated,11,6,6,0.5,5,17,True,0.8157695390533637,0.20741521637518442,0.99999999999998,0.9915410783699286,0.9915410783699286,0.007399423723154862
boxcar_hanning_decimated,12,30,1,0,2,17,False,0.0,0.03548050184368297,1.0,0.0,0.0,0.0
boxcar_hanning_decimated,13,30,1,0,5,17,False,0.029642681458597976,0.0887012546092074,1.0000000000000002,0.0481340345135639,0.0481340345135639,0.00018507631676355956
boxcar_hanning_decimated,14,30,1,0.5,2,17,False,0.0,0.05052300719490443,1.0000000000000002,0.0,0.0,0.0
boxcar_hanning_decimated,15,30,1,0.5,5,17,False,0.05317835328296453,0.12630751798726103,1.0000000000000004,0.11355797453913537,0.11355797453913537,0.0008491736886798616
boxcar_hanning_decimated,16,30,3,0,2,17,False,0.07957216576459039,0.08087607337753415,1.0000000000000002,0.10776290970921502,0.10776290970921502,0.0006967578984039889
boxcar_hanning_decimated,17,30,3,0,5,17,True,0.5023133465338522,0.20219018344383538,0.9999999999999999,0.6914428288895597,0.6914428288895597,0.00678250266727633
boxcar_hanning_decimated,18,30,3,0.5,2,17,False,0.046918494261133176,0.08678162569052406,1.0000000000000002,0.04273557802801702,0.04273557802801702,0.0004572473708276177
boxcar_hanning_decimated,19,30,3,0.5,5,17,True,0.5313346298255545,0.2169540642263101,1.0000000000000002,0.7116607368673628,0.7116607368673628,0.007747802672356856
boxcar_hanning_decimated,20,30,6,0,2,17,True,0.06690860837885078,0.15657313213801,0.999999999999959,0.1009504437770202,0.1009504437770202,0.0009761868472430887
boxcar_hanning_decimated,21,30,6,0,5,17,True,0.4775198758363302,0.39143283034502496,0.999999999999959,0.5825056932962077,0.5825056932962077,0.011518279007990942
boxcar_hanning_decimated,22,30,6,0.5,2,17,False,0.05809597934892321,0.15954895317583617,0.9999999999999803,0.0844718190497081,0.0844718190497081,0.000874576320392507
boxcar_hanning_decimated,23,30,6,0.5,5,17,True,0.514617182973235,0.39887238293959043,0.9999999999999803,0.6474562472313323,0.6474562472313323,0.013046065858137189
boxcar_hanning_decimated,0,6,1,0,2,18,False,0.0,0.018450001257976766,0.9999999999999997,0.0,0.0,0.0
boxcar_hanning_decimated,1,6,1,0,5,18,False,0.0,0.0461250031449419,0.9999999999999999,0.0,0.0,0.0
boxcar_hanning_decimated,2,6,1,0.5,2,18,False,0.0,0.02627216352264527,1.0000000000000002,0.0,0.0,0.0
boxcar_hanning_decimated,3,6,1,0.5,5,18,False,0.0,0.06568040880661319,0.9999999999999998,0.0,0.0,0.0
boxcar_hanning_decimated,4,6,3,0,2,18,False,0.0,0.04205587796164148,1.0000000000000002,0.0,0.0,0.0
boxcar_hanning_decimated,5,6,3,0,5,18,True,0.245027979309812,0.10513969490410367,1.0000000000000004,0.22632703074494195,0.22632703074494195,0.00038466842307720224
boxcar_hanning_decimated,6,6,3,0.5,2,18,False,0.0,0.04512678851650755,0.9999999999999998,0.0,0.0,0.0
boxcar_hanning_decimated,7,6,3,0.5,5,18,True,0.6987268349590777,0.11281697129126882,1.0000000000000002,0.6309963298406818,0.6309963298406818,0.0023515579071134627
boxcar_hanning_decimated,8,6,6,0,2,18,False,0.0,0.08141864784322295,0.9999999999999593,0.0,0.0,0.0
boxcar_hanning_decimated,9,6,6,0,5,18,True,0.6816938168018176,0.20354661960805734,0.9999999999999593,0.6236718307571169,0.6236718307571169,0.003618060545358213
boxcar_hanning_decimated,10,6,6,0.5,2,18,False,0.0,0.08296608655007377,0.9999999999999801,0.0,0.0,0.0
boxcar_hanning_decimated,11,6,6,0.5,5,18,True,0.6487988474317157,0.20741521637518442,0.99999999999998,0.5960998438117504,0.5960998438117504,0.004089823705735914
boxcar_hanning_decimated,12,30,1,0,2,18,False,0.0,0.03548050184368297,1.0,0.0,0.0,0.0
boxcar_hanning_decimated,13,30,1,0,5,18,False,0.0,0.0887012546092074,1.0000000000000002,0.0,0.0,0.0
boxcar_hanning_decimated,14,30,1,0.5,2,18,False,0.0,0.05052300719490443,1.0000000000000002,0.0,0.0,0.0
boxcar_hanning_decimated,15,30,1,0.5,5,18,False,0.002028302060067191,0.12630751798726103,1.0000000000000004,0.028604923476739857,0.028604923476739857,0.00017418947460099722
boxcar_hanning_decimated,16,30,3,0,2,18,False,0.0,0.08087607337753415,1.0000000000000002,0.0,0.0,0.0
boxcar_hanning_decimated,17,30,3,0,5,18,True,0.14921515663938922,0.20219018344383538,0.9999999999999999,0.1904572591795686,0.1904572591795686,0.001908826325835928
boxcar_hanning_decimated,18,30,3,0.5,2,18,False,0.0,0.08678162569052406,1.0000000000000002,0.0,0.0,0.0
boxcar_hanning_decimated,19,30,3,0.5,5,18,True,0.40828696357663724,0.2169540642263101,1.0000000000000002,0.44718997923940224,0.44718997923940224,0.005715592135345221
boxcar_hanning_decimated,20,30,6,0,2,18,False,0.0,0.15657313213801,0.999999999999959,0.0,0.0,0.0
boxcar_hanning_decimated,21,30,6,0,5,18,True,0.3949897833313081,0.39143283034502496,0.999999999999959,0.40123882023722485,0.40123882023722485,0.009188494785202605
boxcar_hanning_decimated,22,30,6,0.5,2,18,False,0.0,0.15954895317583617,0.9999999999999803,0.0,0.0,0.0
boxcar_hanning_decimated,23,30,6,0.5,5,18,True,0.4198878644456143,0.39887238293959043,0.9999999999999803,0.44044784832059075,0.44044784832059075,0.010676363214086122
boxcar_hanning_decimated,0,6,1,0,2,19,False,0.0,0.018450001257976766,0.9999999999999997,0.0,0.0,0.0
boxcar_hanning_decimated,1,6,1,0,5,19,False,0.0,0.0461250031449419,0.9999999999999999,0.0,0.0,0.0
boxcar_hanning_decimated,2,6,1,0.5,2,19,False,0.0,0.02627216352264527,1.0000000000000002,0.0,0.0,0.0
boxcar_hanning_decimated,3,6,1,0.5,5,19,False,0.0,0.06568040880661319,0.9999999999999998,0.0,0.0,0.0
boxcar_hanning_decimated,4,6,3,0,2,19,False,0.0,0.04205587796164148,1.0000000000000002,0.0,0.0,0.0
boxcar_hanning_decimated,5,6,3,0,5,19,True,0.5750505510263363,0.10513969490410367,1.0000000000000004,0.7089308769869548,0.7089308769869548,0.0012411000065321053
boxcar_hanning_decimated,6,6,3,0.5,2,19,False,0.0,0.04512678851650755,0.9999999999999998,0.0,0.0,0.0
boxcar_hanning_decimated,7,6,3,0.5,5,19,True,0.6084097682076836,0.11281697129126882,1.0000000000000002,0.6882768743757691,0.6882768743757691,0.0009507842155304432
boxcar_hanning_decimated,8,6,6,0,2,19,False,0.0,0.08141864784322295,0.9999999999999593,0.0,0.0,0.0
boxcar_hanning_decimated,9,6,6,0,5,19,True,0.8000654107769656,0.20354661960805734,0.9999999999999593,0.9109367884157652,0.9109367884157652,0.004732147393327091
boxcar_hanning_decimated,10,6,6,0.5,2,19,False,0.0,0.08296608655007377,0.9999999999999801,0.0,0.0,0.0
boxcar_hanning_decimated,11,6,6,0.5,5,19,True,0.7663042637375692,0.20741521637518442,0.99999999999998,0.8992109463610558,0.8992109463610558,0.005392615817855872
boxcar_hanning_decimated,12,30,1,0,2,19,False,0.0,0.03548050184368297,1.0,0.0,0.0,0.0
boxcar_hanning_decimated,13,30,1,0,5,19,False,0.0,0.0887012546092074,1.0000000000000002,0.0,0.0,0.0
boxcar_hanning_decimated,14,30,1,0.5,2,19,False,0.0,0.05052300719490443,1.0000000000000002,0.0,0.0,0.0
boxcar_hanning_decimated,15,30,1,0.5,5,19,False,0.0,0.12630751798726103,1.0000000000000004,0.0,0.0,0.0
boxcar_hanning_decimated,16,30,3,0,2,19,False,0.0,0.08087607337753415,1.0000000000000002,0.0,0.0,0.0
boxcar_hanning_decimated,17,30,3,0,5,19,True,0.24313871889958416,0.20219018344383538,0.9999999999999999,0.335050991789949,0.335050991789949,0.0023515579071134627
boxcar_hanning_decimated,18,30,3,0.5,2,19,False,0.0,0.08678162569052406,1.0000000000000002,0.0,0.0,0.0
boxcar_hanning_decimated,19,30,3,0.5,5,19,True,0.27340189713651575,0.2169540642263101,1.0000000000000002,0.3601284067428928,0.3601284067428928,0.003218876332730928
boxcar_hanning_decimated,20,30,6,0,2,19,False,0.0,0.15657313213801,0.999999999999959,0.0,0.0,0.0
boxcar_hanning_decimated,21,30,6,0,5,19,True,0.4351217076871478,0.39143283034502496,0.999999999999959,0.538332816045611,0.538332816045611,0.00996871847351957
boxcar_hanning_decimated,22,30,6,0.5,2,19,False,0.0,0.15954895317583617,0.9999999999999803,0.0,0.0,0.0
boxcar_hanning_decimated,23,30,6,0.5,5,19,True,0.45329881066275146,0.39887238293959043,0.9999999999999803,0.5397339854815614,0.5397339854815614,0.010603784266335707
boxcar_hanning_decimated,0,6,1,0,2,20,False,4.502840473893222e-22,0.018450001257976766,0.9999999999999997,0.35072437409363644,0.0,0.00030483158055174517
boxcar_hanning_decimated,1,6,1,0,5,20,False,4.502840473893222e-22,0.0461250031449419,0.9999999999999999,0.1402897496374546,0.0,0.00030483158055174517
boxcar_hanning_decimated,2,6,1,0.5,2,20,False,1.108821233065877e-20,0.02627216352264527,1.0000000000000002,0.2463011901419215,0.0,0.00030483158055174517
boxcar_hanning_decimated,3,6,1,0.5,5,20,False,1.1088212330658767e-20,0.06568040880661319,0.9999999999999998,0.09852047605676859,0.0,0.00030483158055174517
boxcar_hanning_decimated,4,6,3,0,2,20,False,1.5924189927189349e-19,0.04205587796164148,1.0000000000000002,0.15386351342213525,0.0,0.00030483158055174517
boxcar_hanning_decimated,5,6,3,0,5,20,True,0.3034336649190431,0.10513969490410367,1.0000000000000004,0.41380526128959555,0.3522598559207415,0.0007838526357044876
boxcar_hanning_decimated,6,6,3,0.5,2,20,False,3.2895533361687197e-19,0.04512678851650755,0.9999999999999998,0.14339299019392082,0.0,0.00030483158055174517
boxcar_hanning_decimated,7,6,3,0.5,5,20,False,0.028721905083513386,0.11281697129126882,1.0000000000000002,0.08453648229030236,0.027179286212734,0.00032660526487686984
boxcar_hanning_decimated,8,6,6,0,2,20,False,6.452905644707038e-19,0.08141864784322295,0.9999999999999593,0.07947645060000001,0.0,0.00030483158055174517
boxcar_hanning_decimated,9,6,6,0,5,20,True,0.5738489557636048,0.20354661960805734,0.9999999999999593,0.659594354120256,0.627803773880256,0.0028995289626291
boxcar_hanning_decimated,10,6,6,0.5,2,20,False,8.241638608525467e-19,0.08296608655007377,0.9999999999999801,0.07799409870110298,0.0,0.00030483158055174517
boxcar_hanning_decimated,11,6,6,0.5,5,20,True,0.6077819195207825,0.20741521637518442,0.99999999999998,0.6847742764353767,0.6535766369549355,0.003207989490568366
boxcar_hanning_decimated,12,30,1,0,2,20,False,5.7776866414608705e-09,0.03548050184368297,1.0,0.18237806716304988,5.777686648642169e-09,0.00030483158055174517
boxcar_hanning_decimated,13,30,1,0,5,20,False,5.7776866414608705e-09,0.0887012546092074,1.0000000000000002,0.07295123033183194,5.777686636025787e-09,0.00030483158055174517
boxcar_hanning_decimated,14,30,1,0.5,2,20,False,1.420868348770973e-07,0.05052300719490443,1.0000000000000002,0.1280777349004973,1.420868348644511e-07,0.00030483158055174517
boxcar_hanning_decimated,15,30,1,0.5,5,20,False,1.4208683487709735e-07,0.12630751798726103,1.0000000000000004,0.05123117921229986,1.4208683487331117e-07,0.00030483158055174517
boxcar_hanning_decimated,16,30,3,0,2,20,False,1.8163260234221264e-06,0.08087607337753415,1.0000000000000002,0.08334813120812548,0.0033384958117043738,0.00031934737010182824
boxcar_hanning_decimated,17,30,3,0,5,20,True,0.16668159907956728,0.20219018344383538,0.9999999999999999,0.32461018946391257,0.2926063353053441,0.0028414658044287676
boxcar_hanning_decimated,18,30,3,0.5,2,20,False,3.923173739590426e-06,0.08678162569052406,1.0000000000000002,0.07791082862361243,0.0033459067090730993,0.00032297631748934904
boxcar_hanning_decimated,19,30,3,0.5,5,20,False,0.07329100225149666,0.2169540642263101,1.0000000000000002,0.12088822749666871,0.09106225873085297,0.0016729447456470777
boxcar_hanning_decimated,20,30,6,0,2,20,False,6.122152140276073e-06,0.15657313213801,0.999999999999959,0.0431865057539615,0.0018584371711153646,0.00032297631748934904
boxcar_hanning_decimated,21,30,6,0,5,20,True,0.2883726476802827,0.39143283034502496,0.999999999999959,0.35476397549755856,0.3382327480644201,0.006644602666550541
boxcar_hanning_decimated,22,30,6,0.5,2,20,False,7.971172624445177e-06,0.15954895317583617,0.9999999999999803,0.04482098757831855,0.0042637478445092265,0.00033749210703943217
boxcar_hanning_decimated,23,30,6,0.5,5,20,True,0.32258437511804483,0.39887238293959043,0.9999999999999803,0.3887604404685624,0.3725375445750386,0.007613531619018588
boxcar_hanning_decimated,0,6,1,0,2,21,False,0.0,0.018450001257976766,0.9999999999999997,0.0,0.0,0.0
boxcar_hanning_decimated,1,6,1,0,5,21,False,0.0,0.0461250031449419,0.9999999999999999,0.0,0.0,0.0
boxcar_hanning_decimated,2,6,1,0.5,2,21,False,0.0,0.02627216352264527,1.0000000000000002,0.0,0.0,0.0
boxcar_hanning_decimated,3,6,1,0.5,5,21,False,0.0,0.06568040880661319,0.9999999999999998,0.0,0.0,0.0
boxcar_hanning_decimated,4,6,3,0,2,21,False,0.0,0.04205587796164148,1.0000000000000002,0.0,0.0,0.0
boxcar_hanning_decimated,5,6,3,0,5,21,True,0.5202920813629445,0.10513969490410367,1.0000000000000004,0.43959936005562744,0.43959936005562744,0.0005770026346158033
boxcar_hanning_decimated,6,6,3,0.5,2,21,False,0.0,0.04512678851650755,0.9999999999999998,0.0,0.0,0.0
boxcar_hanning_decimated,7,6,3,0.5,5,21,False,0.0,0.11281697129126882,1.0000000000000002,0.0,0.0,0.0
boxcar_hanning_decimated,8,6,6,0,2,21,False,0.0,0.08141864784322295,0.9999999999999593,0.0,0.0,0.0
boxcar_hanning_decimated,9,6,6,0,5,21,True,0.3459541507883317,0.20354661960805734,0.9999999999999593,0.28221941083254626,0.28221941083254626,0.0009907026367931718
boxcar_hanning_decimated,10,6,6,0.5,2,21,False,0.0,0.08296608655007377,0.9999999999999801,0.0,0.0,0.0
boxcar_hanning_decimated,11,6,6,0.5,5,21,True,0.46414168411654194,0.20741521637518442,0.99999999999998,0.40506290143440554,0.40506290143440554,0.0013318236912201247
boxcar_hanning_decimated,12,30,1,0,2,21,False,0.0,0.03548050184368297,1.0,0.0,0.0,0.0
boxcar_hanning_decimated,13,30,1,0,5,21,False,0.0,0.0887012546092074,1.0000000000000002,0.0,0.0,0.0
boxcar_hanning_decimated,14,30,1,0.5,2,21,False,0.0,0.05052300719490443,1.0000000000000002,0.0,0.0,0.0
boxcar_hanning_decimated,15,30,1,0.5,5,21,False,0.0,0.12630751798726103,1.0000000000000004,0.0,0.0,0.0
boxcar_hanning_decimated,16,30,3,0,2,21,False,0.0,0.08087607337753415,1.0000000000000002,0.0,0.0,0.0
boxcar_hanning_decimated,17,30,3,0,5,21,True,0.14112983336431942,0.20219018344383538,0.9999999999999999,0.07314376686580748,0.07314376686580748,0.0010995710584187951
boxcar_hanning_decimated,18,30,3,0.5,2,21,False,0.0,0.08678162569052406,1.0000000000000002,0.0,0.0,0.0
boxcar_hanning_decimated,19,30,3,0.5,5,21,False,0.03522586764299145,0.2169540642263101,1.0000000000000002,0.02878888347430555,0.02878888347430555,0.0003592657913645568
boxcar_hanning_decimated,20,30,6,0,2,21,False,0.0,0.15657313213801,0.999999999999959,0.0,0.0,0.0
boxcar_hanning_decimated,21,30,6,0,5,21,True,0.12940468900149965,0.39143283034502496,0.999999999999959,0.09682396701202246,0.09682396701202246,0.0019378579049360942
boxcar_hanning_decimated,22,30,6,0.5,2,21,False,0.0,0.15954895317583617,0.9999999999999803,0.0,0.0,0.0
boxcar_hanning_decimated,23,30,6,0.5,5,21,True,0.17425204583735404,0.39887238293959043,0.9999999999999803,0.13960070491978313,0.13960070491978313,0.0027906605410034763
boxcar_hanning_decimated,0,6,1,0,2,22,False,0.0,0.018450001257976766,0.9999999999999997,0.03699212766352577,0.0,2.1773684325124653e-05
boxcar_hanning_decimated,1,6,1,0,5,22,False,0.0,0.0461250031449419,0.9999999999999999,0.014796851065410309,0.0,2.1773684325124653e-05
boxcar_hanning_decimated,2,6,1,0.5,2,22,False,0.0,0.02627216352264527,1.0000000000000002,0.025978248854115232,0.0,2.1773684325124653e-05
boxcar_hanning_decimated,3,6,1,0.5,5,22,False,0.0,0.06568040880661319,0.9999999999999998,0.01039129954164609,0.0,2.1773684325124653e-05
boxcar_hanning_decimated,4,6,3,0,2,22,False,-2.6242721479267352e-24,0.04205587796164148,1.0000000000000002,0.016228523455146734,0.0,2.1773684325124653e-05
boxcar_hanning_decimated,5,6,3,0,5,22,True,0.7693973230754992,0.10513969490410367,1.0000000000000004,0.7960570969684965,0.7895656875864377,0.0023697026440510664
boxcar_hanning_decimated,6,6,3,0.5,2,22,False,-4.348453244849917e-25,0.04512678851650755,0.9999999999999998,0.01512416071171616,0.0,2.1773684325124653e-05
boxcar_hanning_decimated,7,6,3,0.5,5,22,True,0.7680688510274918,0.11281697129126882,1.0000000000000002,0.8098216072336643,0.8037719429489777,0.0025293763291019808
boxcar_hanning_decimated,8,6,6,0,2,22,False,-3.66347315838617e-21,0.08141864784322295,0.9999999999999593,0.008382659501315917,0.0,2.1773684325124653e-05
boxcar_hanning_decimated,9,6,6,0,5,22,True,0.7720220633283399,0.20354661960805734,0.9999999999999593,0.8224101878055018,0.8190571240049754,0.005363584238755706
boxcar_hanning_decimated,10,6,6,0.5,2,22,False,-2.2200675025079665e-21,0.08296608655007377,0.9999999999999801,0.008226310656648425,0.0,2.1773684325124653e-05
boxcar_hanning_decimated,11,6,6,0.5,5,22,True,0.7371179859025648,0.20741521637518442,0.99999999999998,0.7950735052591076,0.7917829809964482,0.005247457922355042
boxcar_hanning_decimated,12,30,1,0,2,22,False,0.0,0.03548050184368297,1.0,0.019236052661662173,0.0,2.1773684325124653e-05
boxcar_hanning_decimated,13,30,1,0,5,22,False,0.0,0.0887012546092074,1.0000000000000002,0.0076944210646648714,0.0,2.1773684325124653e-05
boxcar_hanning_decimated,14,30,1,0.5,2,22,False,0.0,0.05052300719490443,1.0000000000000002,0.013508792128987177,0.0,2.1773684325124653e-05
boxcar_hanning_decimated,15,30,1,0.5,5,22,False,0.0,0.12630751798726103,1.0000000000000004,0.0054035168515948724,0.0,2.1773684325124653e-05
boxcar_hanning_decimated,16,30,3,0,2,22,False,1.5791710010554342e-13,0.08087607337753415,1.0000000000000002,0.00843889636869594,1.5791803101074414e-13,2.1773684325124653e-05
boxcar_hanning_decimated,17,30,3,0,5,22,True,0.36424582497212404,0.20219018344383538,0.9999999999999999,0.41126966125631814,0.4078941027089029,0.004318447391149723
boxcar_hanning_decimated,18,30,3,0.5,2,22,False,2.6167069864066964e-14,0.08678162569052406,1.0000000000000002,0.007864623375038744,2.616703908371276e-14,2.1773684325124653e-05
boxcar_hanning_decimated,19,30,3,0.5,5,22,True,0.37220478790017164,0.2169540642263101,1.0000000000000002,0.4413481631321016,0.43820231378209656,0.004492636865750721
boxcar_hanning_decimated,20,30,6,0,2,22,False,2.2045162425089725e-10,0.15657313213801,0.999999999999959,0.004359016308382341,2.2045162447618614e-10,2.1773684325124653e-05
boxcar_hanning_decimated,21,30,6,0,5,22,True,0.44962974888901525,0.39143283034502496,0.999999999999959,0.5185204065330256,0.5167768000978533,0.01019734215893338
boxcar_hanning_decimated,22,30,6,0.5,2,22,False,1.3359385089370006e-10,0.15954895317583617,0.9999999999999803,0.004277714204052907,1.3359385053079145e-10,2.1773684325124653e-05
boxcar_hanning_decimated,23,30,6,0.5,5,22,True,0.4244860272381383,0.39887238293959043,0.9999999999999803,0.5011295396317477,0.49941845400356405,0.009478810576204266
boxcar_hanning_decimated,0,6,1,0,2,23,False,0.0,0.018450001257976766,0.9999999999999997,0.06712500687995641,0.0,0.0001197552637881856
boxcar_hanning_decimated,1,6,1,0,5,23,False,0.0,0.0461250031449419,0.9999999999999999,0.02685000275198257,0.0,0.0001197552637881856
boxcar_hanning_decimated,2,6,1,0.5,2,23,False,0.0,0.02627216352264527,1.0000000000000002,0.0471394927299919,0.0,0.0001197552637881856
boxcar_hanning_decimated,3,6,1,0.5,5,23,False,0.0,0.06568040880661319,0.9999999999999998,0.018855797091996754,0.0,0.0001197552637881856
boxcar_hanning_decimated,4,6,3,0,2,23,False,-1.9168331943711558e-21,0.04205587796164148,1.0000000000000002,0.02944788032974777,0.0,0.0001197552637881856
boxcar_hanning_decimated,5,6,3,0,5,23,True,0.8963465003507646,0.10513969490410367,1.0000000000000004,1.048918148712748,1.0371389965808488,0.004195063179974016
boxcar_hanning_decimated,6,6,3,0.5,2,23,False,-4.235675031194044e-22,0.04512678851650755,0.9999999999999998,0.027443930802296353,0.0,0.0001197552637881856
boxcar_hanning_decimated,7,6,3,0.5,5,23,True,0.8897020544218822,0.11281697129126882,1.0000000000000002,1.1060166999491154,1.0950391276281968,0.004968028973515942
boxcar_hanning_decimated,8,6,6,0,2,23,True,0.2742554553066274,0.08141864784322295,0.9999999999999593,0.5638453073520493,0.5486343391748127,0.001712863166909806
boxcar_hanning_decimated,9,6,6,0,5,23,True,0.8861458992882876,0.20354661960805734,0.9999999999999593,1.170090082665201,1.1640056953943063,0.010919502689050014
boxcar_hanning_decimated,10,6,6,0.5,2,23,False,0.1716094909794998,0.08296608655007377,0.9999999999999801,0.4560873708973133,0.4411601094960005,0.001843505272860554
boxcar_hanning_decimated,11,6,6,0.5,5,23,True,0.9091814321031663,0.20741521637518442,0.99999999999998,1.2114710438928724,1.2055001393323472,0.011594486903128878
boxcar_hanning_decimated,12,30,1,0,2,23,False,0.0,0.03548050184368297,1.0,0.03490526900755753,0.0,0.0001197552637881856
boxcar_hanning_decimated,13,30,1,0,5,23,False,0.0,0.0887012546092074,1.0000000000000002,0.013962107603023015,0.0,0.0001197552637881856
boxcar_hanning_decimated,14,30,1,0.5,2,23,False,0.0,0.05052300719490443,1.0000000000000002,0.024512722621582217,0.0,0.0001197552637881856
boxcar_hanning_decimated,15,30,1,0.5,5,23,False,0.0,0.12630751798726103,1.0000000000000004,0.00980508904863289,0.0,0.0001197552637881856
boxcar_hanning_decimated,16,30,3,0,2,23,False,1.2408471359547942e-07,0.08087607337753415,1.0000000000000002,0.0153131383008676,1.2408471359368254e-07,0.0001197552637881856
boxcar_hanning_decimated,17,30,3,0,5,23,True,0.5477003312016344,0.20219018344383538,0.9999999999999999,0.7751681686152102,0.7690429629287486,0.008491736886798615
boxcar_hanning_decimated,18,30,3,0.5,2,23,False,2.7419314558649476e-08,0.08678162569052406,1.0000000000000002,0.01427097995704889,2.741931455947282e-08,0.0001197552637881856
boxcar_hanning_decimated,19,30,3,0.5,5,23,True,0.591684031483981,0.2169540642263101,1.0000000000000002,0.857194227816973,0.8514858468018792,0.009946944789194447
boxcar_hanning_decimated,20,30,6,0,2,23,True,0.090819788505264,0.15657313213801,0.999999999999959,0.30721638523363776,0.29930662163329497,0.002493086855226773
boxcar_hanning_decimated,21,30,6,0,5,23,True,0.6234347936980449,0.39143283034502496,0.999999999999959,0.8743385368486071,0.8711746314084698,0.01888867115204564
boxcar_hanning_decimated,22,30,6,0.5,2,23,False,0.07326479105229829,0.15954895317583617,0.9999999999999803,0.2666464091001179,0.25888417414510684,0.0024386526444139613
boxcar_hanning_decimated,23,30,6,0.5,5,23,True,0.6421549505687061,0.39887238293959043,0.9999999999999803,0.8990131979907601,0.8959083040087557,0.019683410629912686
boxcar_hanning_decimated,0,6,1,0,2,24,False,-1.1602902470250623e-19,0.018450001257976766,0.9999999999999997,0.020257625169050213,0.0,3.266052648768698e-05
boxcar_hanning_decimated,1,6,1,0,5,24,False,-1.1602902470250625e-19,0.0461250031449419,0.9999999999999999,0.008103050067620087,0.0,3.266052648768698e-05
boxcar_hanning_decimated,2,6,1,0.5,2,24,False,-6.868980759228083e-20,0.02627216352264527,1.0000000000000002,0.014226205981492235,0.0,3.266052648768698e-05
boxcar_hanning_decimated,3,6,1,0.5,5,24,False,-6.868980759228079e-20,0.06568040880661319,0.9999999999999998,0.005690482392596893,0.0,3.266052648768698e-05
boxcar_hanning_decimated,4,6,3,0,2,24,False,-1.477909991719502e-19,0.04205587796164148,1.0000000000000002,0.008887062355314345,0.0,3.266052648768698e-05
boxcar_hanning_decimated,5,6,3,0,5,24,True,0.7210352227129556,0.10513969490410367,1.0000000000000004,0.781805715502593,0.7782508905604673,0.0020685000108868422
boxcar_hanning_decimated,6,6,3,0.5,2,24,False,-9.827132533490799e-20,0.04512678851650755,0.9999999999999998,0.008282291342666183,0.0,3.266052648768698e-05
boxcar_hanning_decimated,7,6,3,0.5,5,24,True,0.7531211972278109,0.11281697129126882,1.0000000000000002,0.8572899134260972,0.8539769968890307,0.0022463184328753603
boxcar_hanning_decimated,8,6,6,0,2,24,False,-1.7721572980029128e-19,0.08141864784322295,0.9999999999999593,0.004590511139073263,-5.72703078798423e-19,3.266052648768698e-05
boxcar_hanning_decimated,9,6,6,0,5,24,True,0.8183166420795015,0.20354661960805734,0.9999999999999593,0.948232741709276,0.9463965372536467,0.006303481612123588
boxcar_hanning_decimated,10,6,6,0.5,2,24,False,-1.4863692410519354e-19,0.08296608655007377,0.9999999999999801,0.00450489140074145,0.0,3.266052648768698e-05
boxcar_hanning_decimated,11,6,6,0.5,5,24,True,0.7660702838880747,0.20741521637518442,0.99999999999998,0.8714648243001577,0.8696628677398611,0.006154694769235236
boxcar_hanning_decimated,12,30,1,0,2,24,False,2.0676242421925264e-10,0.03548050184368297,1.0,0.01053404539866103,2.0676242381409376e-10,3.266052648768698e-05
boxcar_hanning_decimated,13,30,1,0,5,24,False,2.067624242192527e-10,0.0887012546092074,1.0000000000000002,0.004213618283521867,2.0676242381409382e-10,3.266052648768698e-05
boxcar_hanning_decimated,14,30,1,0.5,2,24,False,1.956561094963992e-11,0.05052300719490443,1.0000000000000002,0.007397683384111925,1.9565610970736566e-11,3.266052648768698e-05
boxcar_hanning_decimated,15,30,1,0.5,5,24,False,1.9565610949639926e-11,0.12630751798726103,1.0000000000000004,0.002959073365384138,1.9565611155320637e-11,3.266052648768698e-05
boxcar_hanning_decimated,16,30,3,0,2,24,False,2.6753014022747814e-08,0.08087607337753415,1.0000000000000002,0.004621334319565837,2.6753014023082312e-08,3.266052648768698e-05
boxcar_hanning_decimated,17,30,3,0,5,24,True,0.3414488485909834,0.20219018344383538,0.9999999999999999,0.42212068204346964,0.4202721590168489,0.004187805285198975
boxcar_hanning_decimated,18,30,3,0.5,2,24,False,1.3339021626738396e-08,0.08678162569052406,1.0000000000000002,0.004306837587572314,1.3339021626540215e-08,3.266052648768698e-05
boxcar_hanning_decimated,19,30,3,0.5,5,24,True,0.38002244839945265,0.2169540642263101,1.0000000000000002,0.49043124083302575,0.4887085111336055,0.004507152655300804
boxcar_hanning_decimated,20,30,6,0,2,24,False,5.176373346823379e-08,0.15657313213801,0.999999999999959,0.0023871357081432713,5.176373346819973e-08,3.266052648768698e-05
boxcar_hanning_decimated,21,30,6,0,5,24,True,0.47556811622422446,0.39143283034502496,0.999999999999959,0.6093348125944906,0.6083799790167267,0.01164529216655417
boxcar_hanning_decimated,22,30,6,0.5,2,24,False,4.147268785253234e-08,0.15954895317583617,0.9999999999999803,0.0023426028146020877,4.147268785233891e-08,3.266052648768698e-05
boxcar_hanning_decimated,23,30,6,0.5,5,24,True,0.48425342763953744,0.39887238293959043,0.9999999999999803,0.6084978559529766,0.6075608314162108,0.012037218484406413
boxcar_hanning_decimated,0,6,1,0,2,25,False,0.0,0.018450001257976766,0.9999999999999997,1.7078893103859227,0.0,0.0021991421168375902
boxcar_hanning_decimated,1,6,1,0,5,25,False,0.0,0.0461250031449419,0.9999999999999999,0.6831557241543692,0.0,0.0021991421168375902
boxcar_hanning_decimated,2,6,1,0.5,2,25,False,0.0,0.02627216352264527,1.0000000000000002,1.1993896086230145,0.0,0.0021991421168375902
boxcar_hanning_decimated,3,6,1,0.5,5,25,False,0.0,0.06568040880661319,0.9999999999999998,0.4797558434492057,0.0,0.0021991421168375902
boxcar_hanning_decimated,4,6,3,0,2,25,False,3.0793955000144223e-22,0.04205587796164148,1.0000000000000002,0.7492545977483965,0.0,0.0021991421168375902
boxcar_hanning_decimated,5,6,3,0,5,25,True,0.672982761551326,0.10513969490410367,1.0000000000000004,0.9975318283470835,0.6978299892477248,0.004028131600148061
boxcar_hanning_decimated,6,6,3,0.5,2,25,False,1.2094473384133048e-21,0.04512678851650755,0.9999999999999998,0.6982672811644609,0.0,0.0021991421168375902
boxcar_hanning_decimated,7,6,3,0.5,5,25,True,0.8996806454210905,0.11281697129126882,1.0000000000000002,1.2363579968114897,0.9570510843457052,0.005222055290642396
boxcar_hanning_decimated,8,6,6,0,2,25,False,4.183484589442257e-19,0.08141864784322295,0.9999999999999593,0.3870189540089272,0.0,0.0021991421168375902
boxcar_hanning_decimated,9,6,6,0,5,25,True,0.8597800034829837,0.20354661960805734,0.9999999999999593,1.1675946027962305,1.0127870211926597,0.009877994788831551
boxcar_hanning_decimated,10,6,6,0.5,2,25,False,2.3318460752178534e-19,0.08296608655007377,0.9999999999999801,0.3798004851788122,0.0,0.0021991421168375902
boxcar_hanning_decimated,11,6,6,0.5,5,25,True,0.8721493490306526,0.20741521637518442,0.99999999999998,1.147267164225708,0.995346970154183,0.010248147422358671
boxcar_hanning_decimated,12,30,1,0,2,25,False,0.0,0.03548050184368297,1.0,0.8881091948454375,0.0,0.0021991421168375902
boxcar_hanning_decimated,13,30,1,0,5,25,False,0.0,0.0887012546092074,1.0000000000000002,0.3552436779381751,0.0,0.0021991421168375902
boxcar_hanning_decimated,14,30,1,0.5,2,25,False,0.0,0.05052300719490443,1.0000000000000002,0.623687339186797,0.0,0.0021991421168375902
boxcar_hanning_decimated,15,30,1,0.5,5,25,False,0.0,0.12630751798726103,1.0000000000000004,0.24947493567471887,0.0,0.0021991421168375902
boxcar_hanning_decimated,16,30,3,0,2,25,False,3.0375454513417716e-14,0.08087607337753415,1.0000000000000002,0.3896153535794783,3.033088883482252e-14,0.0021991421168375902
boxcar_hanning_decimated,17,30,3,0,5,25,True,0.32261831957656384,0.20219018344383538,0.9999999999999999,0.5108422998295405,0.35499615839776144,0.005682931608857535
boxcar_hanning_decimated,18,30,3,0.5,2,25,False,1.1930105312609374e-13,0.08678162569052406,1.0000000000000002,0.36310174733862394,1.1932599670864334e-13,0.0021991421168375902
boxcar_hanning_decimated,19,30,3,0.5,5,25,True,0.43419716163310285,0.2169540642263101,1.0000000000000002,0.6348482366623612,0.4896075377269594,0.007384907933604779
boxcar_hanning_decimated,20,30,6,0,2,25,False,3.182241508688422e-08,0.15657313213801,0.999999999999959,0.2012514182820705,3.1822415062426376e-08,0.0021991421168375902
boxcar_hanning_decimated,21,30,6,0,5,25,True,0.5622868677833995,0.39143283034502496,0.999999999999959,0.7616034717884292,0.6811029172045671,0.01683468693070888
boxcar_hanning_decimated,22,30,6,0.5,2,25,False,6.517944832843456e-08,0.15954895317583617,0.9999999999999803,0.19749781930371446,6.51794483084142e-08,0.0021991421168375902
boxcar_hanning_decimated,23,30,6,0.5,5,25,True,0.5698238555321359,0.39887238293959043,0.9999999999999803,0.7518677045517663,0.6728686029020599,0.016910894825846814
boxcar_hanning_decimated,0,6,1,0,2,26,False,0.0,0.018450001257976766,0.9999999999999997,0.0,0.0,0.0
boxcar_hanning_decimated,1,6,1,0,5,26,False,0.0,0.0461250031449419,0.9999999999999999,0.0,0.0,0.0
boxcar_hanning_decimated,2,6,1,0.5,2,26,False,0.0,0.02627216352264527,1.0000000000000002,0.0,0.0,0.0
boxcar_hanning_decimated,3,6,1,0.5,5,26,False,0.0,0.06568040880661319,0.9999999999999998,0.0,0.0,0.0
boxcar_hanning_decimated,4,6,3,0,2,26,False,0.0,0.04205587796164148,1.0000000000000002,0.0,0.0,0.0
boxcar_hanning_decimated,5,6,3,0,5,26,True,0.6583582078862367,0.10513969490410367,1.0000000000000004,0.6560654363219268,0.6560654363219268,0.0013027921121199584
boxcar_hanning_decimated,6,6,3,0.5,2,26,False,0.0,0.04512678851650755,0.9999999999999998,0.0,0.0,0.0
boxcar_hanning_decimated,7,6,3,0.5,5,26,True,0.8313686093417847,0.11281697129126882,1.0000000000000002,0.8047733639776659,0.8047733639776659,0.0026890500141528947
boxcar_hanning_decimated,8,6,6,0,2,26,False,0.0,0.08141864784322295,0.9999999999999593,0.0,0.0,0.0
boxcar_hanning_decimated,9,6,6,0,5,26,True,0.6999938599311541,0.20354661960805734,0.9999999999999593,0.7050058696108378,0.7050058696108378,0.004518039497463365
boxcar_hanning_decimated,10,6,6,0.5,2,26,False,0.0,0.08296608655007377,0.9999999999999801,0.0,0.0,0.0
boxcar_hanning_decimated,11,6,6,0.5,5,26,True,0.7543262228657145,0.20741521637518442,0.99999999999998,0.7551035255416886,0.7551035255416886,0.004942626341803297
boxcar_hanning_decimated,12,30,1,0,2,26,False,0.0,0.03548050184368297,1.0,0.0,0.0,0.0
boxcar_hanning_decimated,13,30,1,0,5,26,False,0.0,0.0887012546092074,1.0000000000000002,0.0,0.0,0.0
boxcar_hanning_decimated,14,30,1,0.5,2,26,False,0.0,0.05052300719490443,1.0000000000000002,0.0,0.0,0.0
boxcar_hanning_decimated,15,30,1,0.5,5,26,False,0.0,0.12630751798726103,1.0000000000000004,0.0,0.0,0.0
boxcar_hanning_decimated,16,30,3,0,2,26,False,0.0,0.08087607337753415,1.0000000000000002,0.0,0.0,0.0
boxcar_hanning_decimated,17,30,3,0,5,26,True,0.2940607742689621,0.20219018344383538,0.9999999999999999,0.29922818719597866,0.29922818719597866,0.0030519447529049723
boxcar_hanning_decimated,18,30,3,0.5,2,26,False,0.0,0.08678162569052406,1.0000000000000002,0.0,0.0,0.0
boxcar_hanning_decimated,19,30,3,0.5,5,26,True,0.4606297580613994,0.2169540642263101,1.0000000000000002,0.4225184191975542,0.4225184191975542,0.005323665817492978
boxcar_hanning_decimated,20,30,6,0,2,26,False,0.0,0.15657313213801,0.999999999999959,0.0,0.0,0.0
boxcar_hanning_decimated,21,30,6,0,5,26,True,0.41573083823787055,0.39143283034502496,0.999999999999959,0.4153998687317842,0.4153998687317842,0.008851002678163172
boxcar_hanning_decimated,22,30,6,0.5,2,26,False,0.0,0.15954895317583617,0.9999999999999803,0.0,0.0,0.0
boxcar_hanning_decimated,23,30,6,0.5,5,26,True,0.444249932607017,0.39887238293959043,0.9999999999999803,0.4439258359804032,0.4439258359804032,0.00987436584144403
boxcar_hanning_decimated,0,6,1,0,2,27,False,1.4427040112050349e-27,0.018450001257976766,0.9999999999999997,0.9093935350667056,0.0,0.0005951473715534073
boxcar_hanning_decimated,1,6,1,0,5,27,False,1.4427040112050343e-27,0.0461250031449419,0.9999999999999999,0.3637574140266823,0.0,0.0005951473715534073
boxcar_hanning_decimated,2,6,1,0.5,2,27,False,4.669726763386526e-25,0.02627216352264527,1.0000000000000002,0.6386345704461912,0.0,0.0005951473715534073
boxcar_hanning_decimated,3,6,1,0.5,5,27,False,4.6697267633865235e-25,0.06568040880661319,0.9999999999999998,0.25545382817847645,0.0,0.0005951473715534073
boxcar_hanning_decimated,4,6,3,0,2,27,False,9.212068160007569e-21,0.04205587796164148,1.0000000000000002,0.39895283796666653,0.0,0.0005951473715534073
boxcar_hanning_decimated,5,6,3,0,5,27,True,0.8653761772368286,0.10513969490410367,1.0000000000000004,1.2500900012583438,1.0905088660716773,0.0050115763421661914
boxcar_hanning_decimated,6,6,3,0.5,2,27,False,0.007029858885184165,0.04512678851650755,0.9999999999999998,0.38684595908608266,0.015042149917630837,0.0006278078980410942
boxcar_hanning_decimated,7,6,3,0.5,5,27,True,0.873434638294805,0.11281697129126882,1.0000000000000002,1.2235196732973608,1.07479814962998,0.004746663182877174
boxcar_hanning_decimated,8,6,6,0,2,27,False,0.007597994637187807,0.08141864784322295,0.9999999999999593,0.22860469754312088,0.022530139558758152,0.0007040157931790305
boxcar_hanning_decimated,9,6,6,0,5,27,True,0.8141448067158638,0.20354661960805734,0.9999999999999593,1.1321723901724106,1.0497425669786655,0.009322765838540872
boxcar_hanning_decimated,10,6,6,0.5,2,27,False,0.008895091929502351,0.08296608655007377,0.9999999999999801,0.23238407938372305,0.03015311292913213,0.0007584500039918422
boxcar_hanning_decimated,11,6,6,0.5,5,27,True,0.7946275955448053,0.20741521637518442,0.99999999999998,1.095001686607722,1.0141093000258854,0.009275589522503102
boxcar_hanning_decimated,12,30,1,0,2,27,False,3.81964426409964e-18,0.03548050184368297,1.0,0.4728882342165604,0.0,0.0005951473715534073
boxcar_hanning_decimated,13,30,1,0,5,27,False,3.81964426409964e-18,0.0887012546092074,1.0000000000000002,0.1891552936866242,0.0,0.0005951473715534073
boxcar_hanning_decimated,14,30,1,0.5,2,27,False,1.2362628370324252e-15,0.05052300719490443,1.0000000000000002,0.3320925019615404,1.2404049186919113e-15,0.0005951473715534073
boxcar_hanning_decimated,15,30,1,0.5,5,27,False,1.2362628370324252e-15,0.12630751798726103,1.0000000000000004,0.13283700078461697,1.25221829886993e-15,0.0005951473715534073
boxcar_hanning_decimated,16,30,3,0,2,27,False,1.8787120293325857e-11,0.08087607337753415,1.0000000000000002,0.2092624048851684,0.0018053515777639376,0.0006060342137159696
boxcar_hanning_decimated,17,30,3,0,5,27,True,0.5895624758776964,0.20219018344383538,0.9999999999999999,0.8683615644438947,0.7853787431209329,0.009235671101240375
boxcar_hanning_decimated,18,30,3,0.5,2,27,False,0.020940475400732628,0.08678162569052406,1.0000000000000002,0.2433679834996385,0.05002853252172568,0.0007911105304795292
boxcar_hanning_decimated,19,30,3,0.5,5,27,True,0.5803118791020665,0.2169540642263101,1.0000000000000002,0.8093583136172595,0.7320225332260943,0.008647781624462008
boxcar_hanning_decimated,20,30,6,0,2,27,False,0.024450714531319025,0.15657313213801,0.999999999999959,0.16061473892904604,0.053455153904026796,0.001019734215893338
boxcar_hanning_decimated,21,30,6,0,5,27,True,0.574406039638284,0.39143283034502496,0.999999999999959,0.8392557354090965,0.7963919013990887,0.017230242195948643
boxcar_hanning_decimated,22,30,6,0.5,2,27,False,0.03275677308547623,0.15954895317583617,0.9999999999999803,0.1715965557955169,0.06643565356455353,0.0011685210587816899
boxcar_hanning_decimated,23,30,6,0.5,5,27,True,0.5786882164727629,0.39887238293959043,0.9999999999999803,0.8367524064342736,0.7946880455418884,0.017520557986950305
boxcar_hanning_decimated,0,6,1,0,2,28,False,0.0,0.018450001257976766,0.9999999999999997,0.0,0.0,0.0
boxcar_hanning_decimated,1,6,1,0,5,28,False,0.0,0.0461250031449419,0.9999999999999999,0.0,0.0,0.0
boxcar_hanning_decimated,2,6,1,0.5,2,28,False,0.0,0.02627216352264527,1.0000000000000002,0.0,0.0,0.0
boxcar_hanning_decimated,3,6,1,0.5,5,28,False,0.0,0.06568040880661319,0.9999999999999998,0.0,0.0,0.0
boxcar_hanning_decimated,4,6,3,0,2,28,False,0.0,0.04205587796164148,1.0000000000000002,0.0,0.0,0.0
boxcar_hanning_decimated,5,6,3,0,5,28,True,0.6902104515022414,0.10513969490410367,1.0000000000000004,0.5345417698118478,0.5345417698118478,0.0015568184292464127
boxcar_hanning_decimated,6,6,3,0.5,2,28,False,0.0,0.04512678851650755,0.9999999999999998,0.0,0.0,0.0
boxcar_hanning_decimated,7,6,3,0.5,5,28,True,0.7237793772669627,0.11281697129126882,1.0000000000000002,0.6691552970333606,0.6691552970333606,0.0023406710649509005
boxcar_hanning_decimated,8,6,6,0,2,28,False,0.0,0.08141864784322295,0.9999999999999593,0.0,0.0,0.0
boxcar_hanning_decimated,9,6,6,0,5,28,True,0.8507709721721627,0.20354661960805734,0.9999999999999593,0.8256059044859354,0.8256059044859354,0.006484928981499626
boxcar_hanning_decimated,10,6,6,0.5,2,28,False,0.0,0.08296608655007377,0.9999999999999801,0.0,0.0,0.0
boxcar_hanning_decimated,11,6,6,0.5,5,28,True,0.7858931272551077,0.20741521637518442,0.99999999999998,0.753554063734009,0.753554063734009,0.005998650031571843
boxcar_hanning_decimated,12,30,1,0,2,28,False,0.0,0.03548050184368297,1.0,0.0,0.0,0.0
boxcar_hanning_decimated,13,30,1,0,5,28,False,0.0,0.0887012546092074,1.0000000000000002,0.0,0.0,0.0
boxcar_hanning_decimated,14,30,1,0.5,2,28,False,0.0,0.05052300719490443,1.0000000000000002,0.0,0.0,0.0
boxcar_hanning_decimated,15,30,1,0.5,5,28,False,0.01625984501105988,0.12630751798726103,1.0000000000000004,0.03156140753681447,0.03156140753681447,0.0002395105275763712
boxcar_hanning_decimated,16,30,3,0,2,28,False,0.0,0.08087607337753415,1.0000000000000002,0.0,0.0,0.0
boxcar_hanning_decimated,17,30,3,0,5,28,True,0.33224198845210917,0.20219018344383538,0.9999999999999999,0.2751840825914125,0.2751840825914125,0.0037160421248212745
boxcar_hanning_decimated,18,30,3,0.5,2,28,False,0.0,0.08678162569052406,1.0000000000000002,0.0,0.0,0.0
boxcar_hanning_decimated,19,30,3,0.5,5,28,True,0.3559223229438056,0.2169540642263101,1.0000000000000002,0.3565685579094035,0.3565685579094035,0.004634165813864031
boxcar_hanning_decimated,20,30,6,0,2,28,False,0.0,0.15657313213801,0.999999999999959,0.0,0.0,0.0
boxcar_hanning_decimated,21,30,6,0,5,28,True,0.4954642600449588,0.39143283034502496,0.999999999999959,0.5746131772058631,0.5746131772058631,0.012320276380633034
boxcar_hanning_decimated,22,30,6,0.5,2,28,False,0.0,0.15954895317583617,0.9999999999999803,0.0,0.0,0.0
boxcar_hanning_decimated,23,30,6,0.5,5,28,True,0.48581422266646107,0.39887238293959043,0.9999999999999803,0.5375114771385588,0.5375114771385588,0.011902947431068144
boxcar_hanning_decimated,0,6,1,0,2,29,False,0.0,0.018450001257976766,0.9999999999999997,0.0,0.0,0.0
boxcar_hanning_decimated,1,6,1,0,5,29,False,0.0,0.0461250031449419,0.9999999999999999,0.0,0.0,0.0
boxcar_hanning_decimated,2,6,1,0.5,2,29,False,0.0,0.02627216352264527,1.0000000000000002,0.0,0.0,0.0
boxcar_hanning_decimated,3,6,1,0.5,5,29,False,0.0,0.06568040880661319,0.9999999999999998,0.0,0.0,0.0
boxcar_hanning_decimated,4,6,3,0,2,29,False,0.0,0.04205587796164148,1.0000000000000002,0.0,0.0,0.0
boxcar_hanning_decimated,5,6,3,0,5,29,True,0.7669865068638426,0.10513969490410367,1.0000000000000004,0.7309508866781365,0.7309508866781365,0.0020140658000740307
boxcar_hanning_decimated,6,6,3,0.5,2,29,False,0.0,0.04512678851650755,0.9999999999999998,0.0,0.0,0.0
boxcar_hanning_decimated,7,6,3,0.5,5,29,True,0.8541898529285652,0.11281697129126882,1.0000000000000002,0.8547946451968496,0.8547946451968496,0.0027253394880281025
boxcar_hanning_decimated,8,6,6,0,2,29,False,0.0,0.08141864784322295,0.9999999999999593,0.0,0.0,0.0
boxcar_hanning_decimated,9,6,6,0,5,29,True,0.7389025621299051,0.20354661960805734,0.9999999999999593,0.7947434887390626,0.7947434887390626,0.004822871078015111
boxcar_hanning_decimated,10,6,6,0.5,2,29,False,0.0,0.08296608655007377,0.9999999999999801,0.0,0.0,0.0
boxcar_hanning_decimated,11,6,6,0.5,5,29,True,0.7507674126895778,0.20741521637518442,0.99999999999998,0.9024704010059281,0.9024704010059281,0.00598776318940928
boxcar_hanning_decimated,12,30,1,0,2,29,False,0.0,0.03548050184368297,1.0,0.0,0.0,0.0
boxcar_hanning_decimated,13,30,1,0,5,29,False,0.0,0.0887012546092074,1.0000000000000002,0.0,0.0,0.0
boxcar_hanning_decimated,14,30,1,0.5,2,29,False,0.0,0.05052300719490443,1.0000000000000002,0.0,0.0,0.0
boxcar_hanning_decimated,15,30,1,0.5,5,29,False,0.0,0.12630751798726103,1.0000000000000004,0.0,0.0,0.0
boxcar_hanning_decimated,16,30,3,0,2,29,False,0.0,0.08087607337753415,1.0000000000000002,0.0,0.0,0.0
boxcar_hanning_decimated,17,30,3,0,5,29,True,0.3640354488840729,0.20219018344383538,0.9999999999999999,0.35202399649287547,0.35202399649287547,0.003893860546809792
boxcar_hanning_decimated,18,30,3,0.5,2,29,False,0.0,0.08678162569052406,1.0000000000000002,0.0,0.0,0.0
boxcar_hanning_decimated,19,30,3,0.5,5,29,True,0.4283829221062492,0.2169540642263101,1.0000000000000002,0.4338949156624622,0.4338949156624622,0.004855531604502798
boxcar_hanning_decimated,20,30,6,0,2,29,False,0.0,0.15657313213801,0.999999999999959,0.0,0.0,0.0
boxcar_hanning_decimated,21,30,6,0,5,29,True,0.4481954704153297,0.39143283034502496,0.999999999999959,0.5253903672844453,0.5253903672844453,0.011148126374463822
boxcar_hanning_decimated,22,30,6,0.5,2,29,False,0.0002556938254734359,0.15954895317583617,0.9999999999999803,0.0021127154668010855,0.0021127154668010855,2.1773684325124653e-05
boxcar_hanning_decimated,23,30,6,0.5,5,29,True,0.4581706374350864,0.39887238293959043,0.9999999999999803,0.5800926019054348,0.5800926019054348,0.012135200063869474
boxcar_hanning_decimated,0,6,1,0,2,30,False,0.0,0.018450001257976766,0.9999999999999997,0.0,0.0,0.0
boxcar_hanning_decimated,1,6,1,0,5,30,False,0.08264030506733365,0.0461250031449419,0.9999999999999999,0.22602263167960332,0.22602263167960332,0.0005552289502906787
boxcar_hanning_decimated,2,6,1,0.5,2,30,False,0.0,0.02627216352264527,1.0000000000000002,0.0,0.0,0.0
boxcar_hanning_decimated,3,6,1,0.5,5,30,False,0.0,0.06568040880661319,0.9999999999999998,0.0,0.0,0.0
boxcar_hanning_decimated,4,6,3,0,2,30,True,0.29152744881704407,0.04205587796164148,1.0000000000000002,0.5636636459705335,0.5636636459705335,0.0010777973740936705
boxcar_hanning_decimated,5,6,3,0,5,30,True,0.9058403098562164,0.10513969490410367,1.0000000000000004,1.2821399936051316,1.2821399936051316,0.006648231613938061
boxcar_hanning_decimated,6,6,3,0.5,2,30,False,0.04346454139957093,0.04512678851650755,0.9999999999999998,0.14554249639993877,0.14554249639993877,0.0004354736865024931
boxcar_hanning_decimated,7,6,3,0.5,5,30,True,0.9218569784176606,0.11281697129126882,1.0000000000000002,1.3264795840835362,1.3264795840835362,0.007236121090716426
boxcar_hanning_decimated,8,6,6,0,2,30,True,0.32615980779335385,0.08141864784322295,0.9999999999999593,0.5217344616588312,0.5217344616588312,0.0016439131665469113
boxcar_hanning_decimated,9,6,6,0,5,30,True,0.8035910875325503,0.20354661960805734,0.9999999999999593,1.0608008147479029,1.0608008147479029,0.010237260580196108
boxcar_hanning_decimated,10,6,6,0.5,2,30,True,0.2575957681967167,0.08296608655007377,0.9999999999999801,0.43652229181042146,0.43652229181042146,0.001426176323295665
boxcar_hanning_decimated,11,6,6,0.5,5,30,True,0.7974018158635141,0.20741521637518442,0.99999999999998,1.0725749478715796,1.0725749478715796,0.010418707949572148
boxcar_hanning_decimated,12,30,1,0,2,30,False,0.0,0.03548050184368297,1.0,0.0,0.0,0.0
boxcar_hanning_decimated,13,30,1,0,5,30,False,0.12777682106510702,0.0887012546092074,1.0000000000000002,0.30189679832769456,0.30189679832769456,0.0012411000065321053
boxcar_hanning_decimated,14,30,1,0.5,2,30,False,0.0,0.05052300719490443,1.0000000000000002,0.0,0.0,0.0
boxcar_hanning_decimated,15,30,1,0.5,5,30,False,0.0,0.12630751798726103,1.0000000000000004,0.0,0.0,0.0
boxcar_hanning_decimated,16,30,3,0,2,30,True,0.16946937996784636,0.08087607337753415,1.0000000000000002,0.5051360491938931,0.5051360491938931,0.002166481590349903
boxcar_hanning_decimated,17,30,3,0,5,30,True,0.6256819980385593,0.20219018344383538,0.9999999999999999,1.007607241486188,1.007607241486188,0.011387636902040194
boxcar_hanning_decimated,18,30,3,0.5,2,30,False,0.08545194805665342,0.08678162569052406,1.0000000000000002,0.3240545832928732,0.3240545832928732,0.0016439131665469113
boxcar_hanning_decimated,19,30,3,0.5,5,30,True,0.65481137884605,0.2169540642263101,1.0000000000000002,0.9851181284792428,0.9851181284792428,0.01188117374674302
boxcar_hanning_decimated,20,30,6,0,2,30,True,0.16356451774206435,0.15657313213801,0.999999999999959,0.3704290116950725,0.3704290116950725,0.0033422605439066343
boxcar_hanning_decimated,21,30,6,0,5,30,True,0.5893985537820751,0.39143283034502496,0.999999999999959,0.8517894858830127,0.8517894858830127,0.018224573780129337
boxcar_hanning_decimated,22,30,6,0.5,2,30,True,0.1408284993007131,0.15954895317583617,0.9999999999999803,0.3605007675160494,0.3605007675160494,0.0032878263330938227
boxcar_hanning_decimated,23,30,6,0.5,5,30,True,0.6054207234829277,0.39887238293959043,0.9999999999999803,0.863871744013719,0.863871744013719,0.01899753957367126
boxcar_hanning_decimated,0,6,1,0,2,31,False,0.0,0.018450001257976766,0.9999999999999997,0.0,0.0,0.0
boxcar_hanning_decimated,1,6,1,0,5,31,False,2.6603715552417563e-11,0.0461250031449419,0.9999999999999999,0.031380609638911726,0.031380609638911726,0.0001197552637881856
boxcar_hanning_decimated,2,6,1,0.5,2,31,False,1.239800383057153e-09,0.02627216352264527,1.0000000000000002,0.02039479402610128,0.02039479402610128,6.532105297537396e-05
boxcar_hanning_decimated,3,6,1,0.5,5,31,False,0.001503188652889494,0.06568040880661319,0.9999999999999998,0.11992015494994093,0.11992015494994093,0.0006967578984039889
boxcar_hanning_decimated,4,6,3,0,2,31,False,1.5490273837418153e-10,0.04205587796164148,1.0000000000000002,0.03246162480990914,0.03246162480990914,8.709473730049861e-05
boxcar_hanning_decimated,5,6,3,0,5,31,True,0.44729257003514217,0.10513969490410367,1.0000000000000004,0.7029989411283153,0.7029989411283153,0.0024059921179262742
boxcar_hanning_decimated,6,6,3,0.5,2,31,False,8.634920657559893e-08,0.04512678851650755,0.9999999999999998,0.05202222258884192,0.05202222258884192,0.00020685000108868422
boxcar_hanning_decimated,7,6,3,0.5,5,31,True,0.711488163025703,0.11281697129126882,1.0000000000000002,0.9984643327074082,0.9984643327074082,0.003222505280118449
boxcar_hanning_decimated,8,6,6,0,2,31,False,7.682289270813017e-09,0.08141864784322295,0.9999999999999593,0.033208847544831756,0.033208847544831756,0.0001959631589261219
boxcar_hanning_decimated,9,6,6,0,5,31,True,0.6550208720446355,0.20354661960805734,0.9999999999999593,0.830480059175866,0.830480059175866,0.004978915815678504
boxcar_hanning_decimated,10,6,6,0.5,2,31,False,5.3888026440462196e-08,0.08296608655007377,0.9999999999999801,0.036042902670416384,0.036042902670416384,0.0002395105275763712
boxcar_hanning_decimated,11,6,6,0.5,5,31,True,0.6497670977841783,0.20741521637518442,0.99999999999998,0.8417441458312026,0.8417441458312026,0.005080526342529086
boxcar_hanning_decimated,12,30,1,0,2,31,False,0.003290035397009355,0.03548050184368297,1.0,0.06699979206259632,0.06699979206259632,0.0001959631589261219
boxcar_hanning_decimated,13,30,1,0,5,31,False,0.01679696100819532,0.0887012546092074,1.0000000000000002,0.11305449956576609,0.11305449956576609,0.0007729657935419252
boxcar_hanning_decimated,14,30,1,0.5,2,31,False,0.01607345928061814,0.05052300719490443,1.0000000000000002,0.06893029362030799,0.06893029362030799,0.00041370000217736845
boxcar_hanning_decimated,15,30,1,0.5,5,31,False,0.06929933974328607,0.12630751798726103,1.0000000000000004,0.18224829230626877,0.18224829230626877,0.0014044026389705402
boxcar_hanning_decimated,16,30,3,0,2,31,False,0.02543833132069067,0.08087607337753415,1.0000000000000002,0.144603360206103,0.144603360206103,0.0008927210573301108
boxcar_hanning_decimated,17,30,3,0,5,31,True,0.2566318619114202,0.20219018344383538,0.9999999999999999,0.4250128319213402,0.4250128319213402,0.004245868443399308
boxcar_hanning_decimated,18,30,3,0.5,2,31,False,0.04352252167605932,0.08678162569052406,1.0000000000000002,0.17960103565302088,0.17960103565302088,0.0011757789535567313
boxcar_hanning_decimated,19,30,3,0.5,5,31,True,0.3635807684807271,0.2169540642263101,1.0000000000000002,0.596464633185418,0.596464633185418,0.005889781609946219
boxcar_hanning_decimated,20,30,6,0,2,31,False,0.02596029417401657,0.15657313213801,0.999999999999959,0.11143342696207356,0.11143342696207356,0.0012193263222069807
boxcar_hanning_decimated,21,30,6,0,5,31,True,0.346018594951135,0.39143283034502496,0.999999999999959,0.44805106832839187,0.44805106832839187,0.008919952678526067
boxcar_hanning_decimated,22,30,6,0.5,2,31,False,0.031764780469788624,0.15954895317583617,0.9999999999999803,0.12590668998200055,0.12590668998200055,0.001360855270320291
boxcar_hanning_decimated,23,30,6,0.5,5,31,True,0.3561172699561516,0.39887238293959043,0.9999999999999803,0.47980754780081225,0.47980754780081225,0.00916672110087748
