theory,radius_kpc,height_kpc,angle_deg,gx_kms2_per_kpc,gy_kms2_per_kpc,gz_kms2_per_kpc,inward_kms2_per_kpc,tangential_kms2_per_kpc,downward_kms2_per_kpc
newton,2.0,0.25,0.0,-7647.533032727835,1594.0899086105055,-13868.286060627725,7647.533032727835,1594.0899086105055,13868.286060627725
newton,2.0,0.25,5.0,-7339.555689784818,-621.2767479964934,-14251.252402016524,7365.774300936225,20.771825179208122,14251.252402016524
newton,2.0,0.25,10.0,-6639.96167061488,-3129.477371951095,-13463.701224253866,7082.513775614629,-1928.9163348931675,13463.701224253866
newton,2.0,0.25,15.0,-5907.045265727519,-4304.791712687505,-11859.177672416261,6819.929659667808,-2629.25367702705,11859.177672416261
newton,2.0,0.25,20.0,-5554.022388748201,-4229.19309385749,-11033.636565748508,6665.543082499475,-2074.5540087429763,11033.636565748508
newton,2.0,0.25,25.0,-5289.737709141107,-4314.780119376957,-11112.241075690308,6617.635351020413,-1674.9790658408183,11112.241075690308
newton,2.0,0.25,30.0,-5382.809142922166,-5022.090091026057,-11207.230332081746,7172.694507006765,-1657.8530274615873,11207.230332081746
newton,2.0,0.25,35.0,-5868.088354337769,-6081.7189692817765,-11938.954872300532,8295.187264813407,-1616.0553200041759,11938.954872300532
newton,2.0,0.25,40.0,-5284.919865653772,-7662.613449116328,-12175.076002585034,8973.91647832258,-2472.8214446358147,12175.076002585034
newton,2.0,0.25,45.0,-4627.714060175068,-8563.734039723617,-11238.550424127901,9327.762405108759,-2783.1864184245155,11238.550424127901
newton,2.0,0.25,50.0,-4196.734398984544,-8575.093821822506,-10645.009671558893,9266.51184424356,-2297.0789949787263,10645.009671558893
newton,2.0,0.25,55.0,-3227.714533129753,-8882.54952383564,-10304.420994158514,9127.49960041922,-2450.8321433988017,10304.420994158514
newton,2.0,0.25,60.0,-2491.319740230209,-9043.240645216218,-9281.272727476726,9077.336001408326,-2364.0741386191003,9281.272727476726
newton,2.0,0.25,65.0,-2271.189490788326,-8758.340703750273,-8800.607473343007,8897.598536009633,-1643.0380026144908,8800.607473343007
newton,2.0,0.25,70.0,-2189.3273579437923,-8279.046123674476,-8533.09411789881,8528.552606313828,-774.3057790744765,8533.09411789881
newton,2.0,0.25,75.0,-2021.9844510187284,-7740.792413062812,-8958.046323762494,8000.3593925446585,-50.377499091840946,8958.046323762494
newton,2.0,0.25,80.0,-1349.1808072695812,-7746.754447533693,-9300.59678089138,7863.346629138546,-16.5260734330609,9300.59678089138
newton,2.0,0.25,85.0,-741.8076257621365,-7680.862397557895,-9363.0447452154,7716.287191818604,69.55355658654958,9363.0447452154
newton,2.0,0.25,90.0,-190.870293269807,-7522.599127579859,-9378.584690708434,7522.599127579859,190.87029326980655,9378.584690708434
newton,2.0,0.25,95.0,549.5859367667587,-7819.121242269806,-9423.89131251374,7837.266695808298,133.98672315118688,9423.89131251374
newton,2.0,0.25,100.0,1381.0037130340527,-8012.6332314904375,-9200.61008957202,8130.712106534672,31.355995427219796,9200.61008957202
newton,2.0,0.25,105.0,1707.35084279674,-8024.91449351986,-8931.896736506122,8193.367077839926,427.8264326484118,8931.896736506122
newton,2.0,0.25,110.0,2147.764001891144,-7915.273064458607,-9209.210552293831,8172.502241933738,688.9448442012183,9209.210552293831
newton,2.0,0.25,115.0,3049.605535930178,-7919.2553956980155,-9253.553915136328,8466.101823242745,582.9407050069526,9253.553915136328
newton,2.0,0.25,120.0,3715.952245992471,-7947.7859697532185,-9153.608875980888,8740.960676644063,755.7839405972859,9153.608875980888
newton,2.0,0.25,125.0,4418.802067683045,-7889.939466922933,-9362.650420461085,8997.580786568593,905.8126154121396,9362.650420461085
newton,2.0,0.25,130.0,5400.265100554123,-7715.296450973986,-9410.8927400553,9381.483468943017,822.4538920957739,9410.8927400553
newton,2.0,0.25,135.0,6131.598963603647,-7708.066492982289,-9311.520402641223,9786.121293705131,1114.73088034404,9311.520402641223
newton,2.0,0.25,140.0,6576.497026708649,-7626.826936003447,-9682.607396606625,9940.318858185212,1615.1975890468948,9682.607396606625
newton,2.0,0.25,145.0,7429.458406672607,-6827.681814124419,-10313.901092173783,10002.05344527023,1331.5472388771977,10313.901092173783
newton,2.0,0.25,150.0,8254.715485705381,-5801.559367754084,-10246.438139600856,10049.572995510704,896.940051185934,10246.438139600856
newton,2.0,0.25,155.0,8479.517298892371,-5227.802168240616,-10159.578972470204,9894.417223364246,1154.3989529054675,10159.578972470204
newton,2.0,0.25,160.0,8707.107881758911,-4730.2106502734205,-10344.686513646302,9799.83234944279,1466.9377571536024,10344.686513646302
newton,2.0,0.25,165.0,8805.693889919216,-3810.675385228358,-10619.956114400058,9491.922511069302,1401.7484861421199,10619.956114400058
newton,2.0,0.25,170.0,8717.775480091052,-3184.5000916178096,-10204.679916680278,9138.315519502998,1622.2945542660461,10204.679916680278
newton,2.0,0.25,175.0,8675.433824831614,-3568.4720536437208,-10369.051451854,8953.434012252626,2798.779061467081,10369.051451854
newton,2.0,0.25,180.0,8676.556437401567,-3690.318727142876,-11576.968700008933,8676.556437401567,3690.318727142875,11576.968700008933
newton,2.0,0.25,185.0,8005.992356896611,-2582.5191142085855,-13265.599435153379,7750.4457673445695,3270.460059592581,13265.599435153379
newton,2.0,0.25,190.0,6964.9287068409285,-355.1193853856272,-14357.548495046072,6797.449955547824,1559.1715014957138,14357.548495046072
newton,2.0,0.25,195.0,6166.4098591083275,2181.1676227798525,-14332.361538743786,6520.822259732686,-510.86182686340476,14332.361538743786
newton,2.0,0.25,200.0,5963.319081027321,4008.6808900083897,-13703.28103255192,6974.736548380716,-1727.3526046367126,13703.28103255192
newton,2.0,0.25,205.0,5186.424538855806,5544.796816583974,-13081.893756718198,7043.829338773065,-2833.414809145535,13081.893756718198
newton,2.0,0.25,210.0,4531.671322927173,6578.24158760987,-11915.443125918151,7213.663281061302,-3431.088665637838,11915.443125918151
newton,2.0,0.25,215.0,4678.834585982134,6982.396718080362,-10851.015266665123,7837.615142743078,-3035.9752775486213,10851.015266665123
newton,2.0,0.25,220.0,5428.7934790521285,7106.523756647606,-10304.54252785126,8726.682496184547,-1954.351849791114,10304.54252785126
newton,2.0,0.25,225.0,5692.229089532083,7632.647716072365,-10808.800469129905,9422.110747718247,-1372.083169167322,10808.800469129905
newton,2.0,0.25,230.0,4941.903812325767,8690.182596890318,-10950.217875671919,9833.660626862753,-1800.2237453340458,10950.217875671919
newton,2.0,0.25,235.0,4184.681176180854,9175.413443502159,-10405.776306153486,9916.293195740609,-1834.9108048052426,10405.776306153486
newton,2.0,0.25,240.0,3460.0463631933894,9290.696826508314,-10028.526534334876,9776.00265221236,-1648.8603644567288,10028.526534334876
newton,2.0,0.25,245.0,2949.2214555595997,9280.676987731136,-9316.54779007132,9657.544667989543,-1249.281205462612,9316.54779007132
newton,2.0,0.25,250.0,2886.534576908903,9057.492311630864,-9125.976188498338,9498.511657773504,-385.38957703045844,9125.976188498338
newton,2.0,0.25,255.0,2600.290063549918,9312.30883230142,-9392.956719246438,9668.004194737301,101.48444854968648,9392.956719246438
newton,2.0,0.25,260.0,1944.727259850578,9666.128579033435,-9825.024140887323,9856.97671097726,236.67687015164552,9825.024140887323
newton,2.0,0.25,265.0,951.2474598082764,9852.730218672017,-9958.986771547781,9898.144284465801,88.90565573358879,9958.986771547781
newton,2.0,0.25,270.0,268.9464647146815,9717.002227786812,-9800.834530114953,9717.002227786812,268.94646471467973,9800.834530114953
newton,2.0,0.25,275.0,-354.740591462626,9565.370955979552,-9922.438181629175,9559.88951135927,480.2863139122743,9922.438181629175
newton,2.0,0.25,280.0,-1209.753622800587,9426.773611766776,-9941.546059039205,9493.631250784103,445.5673119933797,9941.546059039205
newton,2.0,0.25,285.0,-1845.3160059433799,9320.886549541234,-9881.808377749136,9480.887968682942,629.9845684558845,9881.808377749136
newton,2.0,0.25,290.0,-2498.515102373222,9169.345538879465,-10127.647528337631,9470.90883373626,788.264670787873,10127.647528337631
newton,2.0,0.25,295.0,-3458.5116552659774,8935.592210414949,-10321.283627870795,9560.026986041556,641.8684028647322,10321.283627870795
newton,2.0,0.25,300.0,-4361.588963924362,8544.730543605387,-10316.419921164552,9580.748201217262,495.11842817834713,10316.419921164552
newton,2.0,0.25,305.0,-5151.441114305693,8084.045132553867,-10260.840476568374,9576.807332871695,417.0042786133963,10260.840476568374
newton,2.0,0.25,310.0,-5838.114898324187,7683.163568336779,-10079.4389750331,9638.312677667745,466.38686877053715,10079.4389750331
newton,2.0,0.25,315.0,-6281.185410301507,7465.20780494051,-10027.860869945802,9720.167859354378,837.2302643259709,10027.860869945802
newton,2.0,0.25,320.0,-6563.901371349591,7118.662731799564,-10309.59286973827,9604.028372241486,1234.0175554252155,10309.59286973827
newton,2.0,0.25,325.0,-6862.007940179015,6555.280909174557,-10563.346674418635,9380.982495289323,1433.885697098473,10563.346674418635
newton,2.0,0.25,330.0,-7152.370188632901,6155.2347435708425,-10793.129751010289,9271.751652412011,1754.4045598724897,10793.129751010289
newton,2.0,0.25,335.0,-7383.671881383494,5628.027516520178,-11373.97969916579,9070.386529081996,1980.250588104806,11373.97969916579
newton,2.0,0.25,340.0,-7518.214571956919,4705.882809372053,-11850.009854674327,8674.317467688234,1850.7025247963425,11850.009854674327
newton,2.0,0.25,345.0,-7585.152859045173,3860.515059676437,-12079.711136658152,8325.869864251454,1765.789178984628,12079.711136658152
newton,2.0,0.25,350.0,-7572.108677888309,3236.410011647838,-12219.072611777388,8019.068033341083,1872.358798385867,12219.072611777388
newton,2.0,0.25,355.0,-7560.82014803458,2735.957789352524,-12789.219536798091,7770.503377954556,2066.5777481723835,12789.219536798091
newton,3.0,0.25,0.0,-11083.31300562466,1465.4875213119958,-12220.12015159853,11083.31300562466,1465.4875213119958,12220.12015159853
newton,3.0,0.25,5.0,-11974.959400294225,-360.45252935417625,-12487.055093606537,11960.806572358151,684.6055822493048,12487.055093606537
newton,3.0,0.25,10.0,-11601.527305140766,-2406.600798942947,-13393.954398771346,11843.175879993676,-355.4550505135612,13393.954398771346
newton,3.0,0.25,15.0,-11235.363739706816,-5711.093768681135,-12733.480653246692,12330.667839635551,-2608.56685303727,12733.480653246692
newton,3.0,0.25,20.0,-10285.50358556994,-6515.044057984008,-10240.264162116202,11893.488122911813,-2604.289414869342,10240.264162116202
newton,3.0,0.25,25.0,-8634.066116046743,-6753.282268109744,-9933.161485700806,10679.181767955275,-2471.638293926444,9933.161485700806
newton,3.0,0.25,30.0,-7484.945127760884,-7001.820842247485,-8441.737742513644,9983.06304769723,-2321.2821582532356,8441.737742513644
newton,3.0,0.25,35.0,-7032.443321288024,-6801.972146802984,-8451.89505139752,9662.091267101881,-1538.2056101853473,8451.89505139752
newton,3.0,0.25,40.0,-5873.961031215773,-7450.213715276023,-7530.4301270391325,9288.62027275641,-1931.4854459889275,7530.4301270391325
newton,3.0,0.25,45.0,-5535.95687926212,-6842.940276136387,-7139.682161950348,8753.202122193148,-924.176822828023,7139.682161950348
newton,3.0,0.25,50.0,-4465.498422118288,-6838.5291285647945,-6889.015734623131,8108.984294856755,-974.951540301659,6889.015734623131
newton,3.0,0.25,55.0,-4091.390046129586,-6275.064494593375,-6699.699487491333,7486.956831172582,-247.75861041116286,6699.699487491333
newton,3.0,0.25,60.0,-3855.0967429893526,-6078.442381531446,-6997.91279681742,7191.633889340892,299.3905227097048,6997.91279681742
newton,3.0,0.25,65.0,-3194.2688054244245,-6668.447574297705,-7372.27557533948,7393.62229411268,76.78296988573356,7372.27557533948
newton,3.0,0.25,70.0,-2599.8409327776044,-6822.032584296597,-7419.6448395879115,7299.811646677069,109.77877749476283,7419.6448395879115
newton,3.0,0.25,75.0,-1889.5639741577065,-6666.693452117885,-7368.361562156507,6928.586524804511,99.71140979595975,7368.361562156507
newton,3.0,0.25,80.0,-1361.7814410156102,-6591.290230828718,-7149.334615519454,6727.624587286755,196.52738396306177,7149.334615519454
newton,3.0,0.25,85.0,-937.8041685294676,-6812.294477838091,-7368.821441623601,6868.106659522018,340.5049555056446,7368.821441623601
newton,3.0,0.25,90.0,-297.79614318645326,-6840.210653432092,-7430.175336054701,6840.210653432092,297.79614318645287,7430.175336054701
newton,3.0,0.25,95.0,250.15131320764652,-6767.726131644775,-7476.368362664931,6763.775013983398,340.64678577809116,7476.368362664931
newton,3.0,0.25,100.0,895.1578553811652,-6861.002929394588,-7476.697180517953,6912.211408618437,309.84225950768825,7476.697180517953
newton,3.0,0.25,105.0,1536.7571316468125,-6914.528019129742,-7447.039416638019,7076.663203644127,305.2181370542189,7447.039416638019
newton,3.0,0.25,110.0,2025.560990811931,-6506.414305916307,-7342.324030278799,6806.812171437802,321.9200374279119,7342.324030278799
newton,3.0,0.25,115.0,2476.0104666388197,-6239.754319948313,-7423.484350998013,6701.545168827409,393.0065576865636,7423.484350998013
newton,3.0,0.25,120.0,2731.5297650303964,-6233.769790035029,-7528.004213999364,6764.367882029519,751.3107273078508,7528.004213999364
newton,3.0,0.25,125.0,3372.28787662633,-5499.251117383966,-7622.519821746012,6438.987657488764,391.8243504391621,7622.519821746012
newton,3.0,0.25,130.0,3627.7659994886226,-5128.389336963658,-7516.220321269326,6260.457189045022,517.4351386045814,7516.220321269326
newton,3.0,0.25,135.0,3949.7678013876166,-4388.9163997038795,-7773.97742177282,5896.340144764925,310.5249518179967,7773.97742177282
newton,3.0,0.25,140.0,4469.364015161207,-3506.6669365408625,-7381.679334052007,5677.773526196087,-186.58909151832995,7381.679334052007
newton,3.0,0.25,145.0,4611.667920104923,-3421.479260174725,-6818.29036080428,5740.137085435943,157.5676792162917,6818.29036080428
newton,3.0,0.25,150.0,4627.364544258799,-3667.5680751798677,-6838.389099351018,5841.199285489454,862.5248510851629,6838.389099351018
newton,3.0,0.25,155.0,4995.509227563659,-3488.6289621578517,-7262.467344503975,6001.827220999797,1050.5781682226698,7262.467344503975
newton,3.0,0.25,160.0,5272.660171903501,-3014.649594371787,-7838.481844647655,5985.7507417931865,1029.487990384419,7838.481844647655
newton,3.0,0.25,165.0,5774.888498957551,-2884.615867004128,-7612.122272326497,6324.707469268398,1291.673837988795,7612.122272326497
newton,3.0,0.25,170.0,6239.588230269721,-2522.413212722924,-8629.328768273877,6582.807322485666,1400.5989626116038,8629.328768273877
newton,3.0,0.25,175.0,6274.257029278206,-2097.642236695027,-8127.808647052801,6433.203154189828,1542.8225431124388,8127.808647052801
newton,3.0,0.25,180.0,6702.408390443772,-2958.3280979776173,-9200.770731510594,6702.408390443772,2958.3280979776164,9200.770731510594
newton,3.0,0.25,185.0,7972.632109902324,-2448.163069294231,-11307.273772060758,7728.922367048977,3133.7077428872917,11307.273772060758
newton,3.0,0.25,190.0,9100.900377764203,-781.7471324366318,-13357.30594523432,8826.88828646995,2350.2254026456894,13357.30594523432
newton,3.0,0.25,195.0,8610.233460827356,2592.7503373395566,-14740.557693287863,8987.900036690911,-275.91210951486255,14740.557693287863
newton,3.0,0.25,200.0,7417.717448285082,7092.638662484138,-13519.334684194233,9396.199641128374,-4127.891428225403,13519.334684194233
newton,3.0,0.25,205.0,6900.877066406812,8660.829492486313,-9298.069165094086,9914.543328014275,-4932.94054094592,9298.069165094086
newton,3.0,0.25,210.0,6210.968520211208,7674.574330493959,-7307.798577005349,9216.143685855328,-3540.8920733341133,7307.798577005349
newton,3.0,0.25,215.0,5099.84382012039,6903.693504217479,-7125.4160919678625,8137.3434086151265,-2730.0244028328225,7125.4160919678625
newton,3.0,0.25,220.0,4453.767764070063,6457.13943085145,-6352.608430665086,7562.353266778011,-2083.6290442826353,6352.608430665086
newton,3.0,0.25,225.0,4028.5003871544486,6248.787635462401,-6259.603382173117,7267.140052999659,-1569.980169460574,6259.603382173117
newton,3.0,0.25,230.0,4247.8521211694915,6405.070316675008,-6052.0932835764415,7637.035235143636,-863.0563261166826,6052.0932835764415
newton,3.0,0.25,235.0,4225.927207866536,6675.471035747261,-6320.0823253645885,7892.118013691336,-367.2159763081995,6320.0823253645885
newton,3.0,0.25,240.0,3937.564863505547,6918.973326987607,-6412.0963276548655,7960.789101030978,-49.45546264899804,6412.0963276548655
newton,3.0,0.25,245.0,3506.5519419309676,6896.382825793799,-6747.115610610856,7732.178343805077,263.4780084851368,6747.115610610856
newton,3.0,0.25,250.0,2707.55228637253,7045.747130143187,-6838.893835230374,7546.874007165919,134.47946060829054,6838.893835230374
newton,3.0,0.25,255.0,1933.1595693014176,6875.393162216047,-6870.4885238539955,7141.458335033139,87.80606137693417,6870.4885238539955
newton,3.0,0.25,260.0,1004.6764258744711,6884.339295350707,-6517.7597725954565,6954.210942926004,-206.0398396087155,6517.7597725954565
newton,3.0,0.25,265.0,617.7957276124534,6767.074003556186,-6044.669291474519,6795.167689443548,25.65546734294969,6044.669291474519
newton,3.0,0.25,270.0,331.2868674763595,6844.327071498032,-6019.153164708056,6844.327071498032,331.2868674763582,6019.153164708056
newton,3.0,0.25,275.0,-295.7203100453262,6895.5117933786505,-6280.945121613554,6895.046012460483,306.3884469919496,6280.945121613554
newton,3.0,0.25,280.0,-196.11480243073277,6971.273935049738,-6227.160069973065,6899.419597664513,1017.4136369241119,6227.160069973065
newton,3.0,0.25,285.0,-557.0785718708414,6774.156191264051,-7377.9801367024975,6687.514960476624,1215.1840569560109,7377.9801367024975
newton,3.0,0.25,290.0,-1757.3417967887221,6670.156873701086,-7929.5573962655735,6868.943486911181,629.9668913069302,7929.5573962655735
newton,3.0,0.25,295.0,-2906.8244999100057,6545.208697111677,-7715.226711239003,7160.450727309562,131.6470424860927,7715.226711239003
newton,3.0,0.25,300.0,-3771.757147484632,6308.49845421496,-7501.971413348699,7349.198494827333,-112.18827951973981,7501.971413348699
newton,3.0,0.25,305.0,-4240.692947584348,5949.078814077022,-7272.496604818651,7305.561620721967,-61.52087146582335,7272.496604818651
newton,3.0,0.25,310.0,-4994.546920179764,5232.102976860972,-6663.997943113936,7218.456287540228,-462.91394797042403,6663.997943113936
newton,3.0,0.25,315.0,-4980.230077352204,5359.776524432982,-5841.860092328133,7311.488785635975,268.3798665060781,5841.860092328133
newton,3.0,0.25,320.0,-5093.078708311436,5824.445865797496,-6129.5963744004,7645.406278694176,1188.0165008805589,6129.5963744004
newton,3.0,0.25,325.0,-5589.032963276611,5658.765618743192,-6985.924492226604,7824.0023952111405,1429.651815021019,6985.924492226604
newton,3.0,0.25,330.0,-5919.04081372422,5447.370679180252,-7607.752976794438,7849.725050312218,1758.0409851384752,7607.752976794438
newton,3.0,0.25,335.0,-6244.219258467114,4765.864421685473,-9037.372391448705,7673.3258754975195,1680.418948393295,9037.372391448705
newton,3.0,0.25,340.0,-6976.922591652857,3528.671621432104,-9565.93249341087,7763.039448882113,929.6186190671892,9565.93249341087
newton,3.0,0.25,345.0,-8088.823259677429,2745.0000833526797,-9411.798445938566,8523.661591189835,557.924961603228,9411.798445938566
newton,3.0,0.25,350.0,-9194.709336489199,2600.3957296282324,-9317.607467680124,9506.575020931108,964.2453549792606,9317.607467680124
newton,3.0,0.25,355.0,-10043.368954503725,2746.5549511449485,-10139.119737193516,10244.528940220143,1860.766199429686,10139.119737193516
newton,4.0,0.25,0.0,-8755.718782726763,-513.9105928180215,-4123.2079768533,8755.718782726763,-513.9105928180215,4123.2079768533
newton,4.0,0.25,5.0,-8507.178430442285,-871.4694774906847,-4040.930947251696,8550.759617719676,-126.70381823294963,4040.930947251696
newton,4.0,0.25,10.0,-8456.814344893844,-1844.1760592763071,-4017.539356868833,8648.574144626626,-347.6484812364372,4017.539356868833
newton,4.0,0.25,15.0,-8191.330528062346,-2603.609211134101,-4369.0660424434445,8586.081358571348,-394.8210332063122,4369.0660424434445
newton,4.0,0.25,20.0,-7862.5294484693995,-3651.0537108773315,-3918.6429667311763,8637.094816922574,-741.7247813366407,3918.6429667311763
newton,4.0,0.25,25.0,-7497.823134691922,-3637.5258148262164,-3724.4788082599607,8332.620329693611,-128.00099150113329,3724.4788082599607
newton,4.0,0.25,30.0,-6739.618978860381,-4029.521771449826,-3831.369200139048,7851.4421332457405,-119.85872974783206,3831.369200139048
newton,4.0,0.25,35.0,-5962.615656322947,-4585.926997316338,-4074.2775038668115,7514.66846867325,-336.55563532708675,4074.2775038668115
newton,4.0,0.25,40.0,-5644.896044859322,-4656.555947248741,-3567.483924361663,7317.417713852437,61.34042814159557,3567.483924361663
newton,4.0,0.25,45.0,-5649.466514716948,-4610.767825276846,-4265.791068851908,7255.081278372694,734.4708869126757,4265.791068851908
newton,4.0,0.25,50.0,-4791.247740264613,-4983.280983005576,-4678.536043159599,6897.169387912623,467.11743557352474,4678.536043159599
newton,4.0,0.25,55.0,-4022.4432896745475,-5364.559894228583,-4805.796172356294,6701.568891583787,218.00749705006774,4805.796172356294
newton,4.0,0.25,60.0,-3551.8040983597066,-5406.932381312671,-4800.403581677405,6458.442847941316,372.4863877888529,4800.403581677405
newton,4.0,0.25,65.0,-2964.082078465833,-5850.036172477243,-4633.41190762742,6554.608553220193,214.0385507968158,4633.41190762742
newton,4.0,0.25,70.0,-2669.011529260174,-5789.841863206643,-4416.767319145421,6353.527380148044,527.8078949514043,4416.767319145421
newton,4.0,0.25,75.0,-2505.458114375633,-5702.599658233358,-4811.26129282017,6156.748563581878,944.1453012150155,4811.26129282017
newton,4.0,0.25,80.0,-1627.217139397339,-5950.204291798181,-5368.578634713244,6142.370609494106,569.253922696144,5368.578634713244
newton,4.0,0.25,85.0,-943.4694319966152,-5831.567242677575,-5394.963624350497,5891.605147826276,431.6246715481818,5394.963624350497
newton,4.0,0.25,90.0,-269.2827328641433,-6020.801926114771,-5419.203252444218,6020.801926114771,269.282732864143,5419.203252444218
newton,4.0,0.25,95.0,-10.224075127264786,-5860.401748960918,-5501.2787015208405,5837.210064140834,520.952836665037,5501.2787015208405
newton,4.0,0.25,100.0,1106.0996386533918,-5932.890709282698,-5809.43996733812,6034.82895484591,-59.05983978586005,5809.43996733812
newton,4.0,0.25,105.0,1744.0450414735706,-6119.4366846348385,-4905.261143384341,6362.314008279519,-100.79138848818593,4905.261143384341
newton,4.0,0.25,110.0,1653.3260185632846,-6240.461141579893,-4858.490233174483,6429.586086876903,580.7451546641569,4858.490233174483
newton,4.0,0.25,115.0,2161.7179446258033,-5976.638751670403,-5276.519812696918,6330.255721075324,566.6548736918214,5276.519812696918
newton,4.0,0.25,120.0,2356.52687939505,-5448.83447491319,-5755.713001092762,5897.09251598879,683.6050951996124,5755.713001092762
newton,4.0,0.25,125.0,3263.992778024484,-5354.055278634856,-5926.2950272970775,6257.934672624844,397.2535900826274,5926.2950272970775
newton,4.0,0.25,130.0,3666.279510048643,-5282.185110642831,-5835.38639090884,6403.027594240648,586.7900955982018,5835.38639090884
newton,4.0,0.25,135.0,3961.4932535126836,-4684.759134700369,-5693.694399834314,6113.823695555831,511.42620918867533,5693.694399834314
newton,4.0,0.25,140.0,4295.690365926185,-4188.042888318394,-6276.206886363714,5982.711811624375,447.0104398730714,6276.206886363714
newton,4.0,0.25,145.0,4772.90610121599,-3184.185815541032,-6421.767259505146,5736.109742768054,-129.29415237718513,6421.767259505146
newton,4.0,0.25,150.0,5277.663356868154,-2522.4937996172366,-5337.624802136515,5831.837439478697,-454.28796707681613,5337.624802136515
newton,4.0,0.25,155.0,5695.732603946148,-2625.9419783142516,-5423.683201027276,6271.857846142031,-27.208949166917137,5423.683201027276
newton,4.0,0.25,160.0,6445.752534696295,-2652.702351608632,-5229.673382285941,6964.303730763696,288.1476191894376,5229.673382285941
newton,4.0,0.25,165.0,6747.395972714079,-2481.1658608210682,-5698.319490764698,7159.657009082061,650.2676016873634,5698.319490764698
newton,4.0,0.25,170.0,7212.201773925704,-1598.6684002175202,-6769.7453359345145,7380.238077641912,321.99534002143696,6769.7453359345145
newton,4.0,0.25,175.0,8088.285824368311,-63.84172987138956,-6045.755686346756,8063.071628271571,-641.3417657632913,6045.755686346756
newton,4.0,0.25,180.0,8133.553700812889,-207.86122268022154,-5493.784255453327,8133.553700812889,207.86122268022055,5493.784255453327
newton,4.0,0.25,185.0,8285.188467596961,324.1691561631146,-6148.58654950834,8281.914027692244,399.1661600431732,6148.58654950834
newton,4.0,0.25,190.0,8619.279164892716,1502.9253674087715,-6303.132040949042,8749.313198182872,16.629565763282926,6303.132040949042
newton,4.0,0.25,195.0,8758.434465026998,2869.834999260766,-6355.647237148959,9202.766001740321,-505.19809814294786,6355.647237148959
newton,4.0,0.25,200.0,8302.539215111705,4158.165244857488,-6056.0036215315395,9224.011107244069,-1067.7615442815213,6056.0036215315395
newton,4.0,0.25,205.0,6764.487559897733,4754.209290380446,-5443.832262148195,8139.923417099931,-1449.9809269432203,5443.832262148195
newton,4.0,0.25,210.0,5786.404562870033,4837.11910009522,-5265.647310778857,7429.732898067248,-1295.8657403783668,5265.647310778857
newton,4.0,0.25,215.0,5219.639938719194,4938.843427344425,-4982.218510218662,7108.482939006299,-1051.8012148462885,4982.218510218662
newton,4.0,0.25,220.0,4552.8863264906695,5235.461046190303,-4636.693850547174,6853.002762048207,-1084.0569226204866,4636.693850547174
newton,4.0,0.25,225.0,3965.6289907232267,5379.117995724116,-4304.327869449708,6607.733962589471,-999.4876605687555,4304.327869449708
newton,4.0,0.25,230.0,3987.647786054756,5084.731663543429,-4252.510047420861,6458.341024278518,-213.6870842836015,4252.510047420861
newton,4.0,0.25,235.0,3823.978666821424,5186.342106352148,-4585.135569908378,6441.746795198294,157.6563191854175,4585.135569908378
newton,4.0,0.25,240.0,3443.0016899270663,5791.749203722049,-4834.9057170620745,6737.3027877351215,85.85232688856422,4834.9057170620745
newton,4.0,0.25,245.0,3037.2388729917957,6008.530759953751,-4897.279135353558,6729.1708293903985,213.35841629570723,4897.279135353558
newton,4.0,0.25,250.0,2718.523260347911,6109.383947707194,-5256.538039430821,6670.732728346689,465.0438737574277,5256.538039430821
newton,4.0,0.25,255.0,1991.400044573223,6306.785640882059,-5082.794211489144,6607.299389350593,291.2284962870949,5082.794211489144
newton,4.0,0.25,260.0,1933.4435098809279,6357.337350287589,-4920.16038201022,6596.494053190082,800.130112850522,4920.16038201022
newton,4.0,0.25,265.0,1241.8802819705718,6184.57822006672,-5696.655951573112,6269.281031142968,698.1330442128603,5696.655951573112
newton,4.0,0.25,270.0,320.9448564371269,5833.1843882245885,-5409.481402453384,5833.1843882245885,320.9448564371258,5409.481402453384
newton,4.0,0.25,275.0,-89.09882428074074,5896.3231904347585,-5302.891701080906,5881.651374754643,425.1386507878992,5302.891701080906
newton,4.0,0.25,280.0,-641.6166805170614,5693.315864531239,-5454.076526635833,5718.237171070258,356.7648433229125,5454.076526635833
newton,4.0,0.25,285.0,-1290.5601724678902,5444.840153512744,-5358.615475841239,5593.333275779179,162.64292830121894,5358.615475841239
newton,4.0,0.25,290.0,-1658.2381348197976,5391.125149041215,-5296.404640808454,5633.151364826517,285.6392573657431,5296.404640808454
newton,4.0,0.25,295.0,-2079.232156696251,5194.16540033007,-5345.629190578376,5586.234029293816,310.7248580103592,5345.629190578376
newton,4.0,0.25,300.0,-2748.695422675206,4874.9080820796835,-5358.340271926159,5596.141951532684,57.01397773710869,5358.340271926159
newton,4.0,0.25,305.0,-3121.200686993675,5092.143148729205,-5495.901355138323,5961.486637275981,363.9953972504177,5495.901355138323
newton,4.0,0.25,310.0,-3540.208104472288,4513.743392912758,-5595.039109715821,5733.329949072477,189.42158035303464,5595.039109715821
newton,4.0,0.25,315.0,-4101.336590572338,4170.624156161101,-6148.158849013273,5849.159537724152,48.9937074797208,6148.158849013273
newton,4.0,0.25,320.0,-4905.021603878921,3955.4906656975286,-6362.4977108151015,6300.004933171117,-122.80546795159034,6362.4977108151015
newton,4.0,0.25,325.0,-6099.940703389476,3747.4191843500653,-5718.165938042894,7146.2102384961745,-429.07616493469004,5718.165938042894
newton,4.0,0.25,330.0,-6992.948664829895,3458.414438537657,-5754.774695810971,7785.27841037199,-501.39957182644457,5754.774695810971
newton,4.0,0.25,335.0,-7160.530415780124,3028.4809247251537,-5218.172887975865,7769.535819256518,-281.43507248804053,5218.172887975865
newton,4.0,0.25,340.0,-7847.618359399,2045.1687903738384,-5568.5188580551085,8073.837985880102,-762.2135354708557,5568.5188580551085
newton,4.0,0.25,345.0,-8172.447661826922,1813.0507388619799,-5697.2783104222235,8363.23032150901,-363.9125669451082,5697.2783104222235
newton,4.0,0.25,350.0,-8270.067800675539,285.51439191376227,-5167.604209946902,8194.005941895397,-1154.905416016027,5167.604209946902
newton,4.0,0.25,355.0,-8598.447747516217,-108.39920320229362,-4420.200294891451,8556.280444826216,-857.3908114192002,4420.200294891451
newton,5.0,0.25,0.0,-5719.696704286005,-230.45814757281914,-2162.227391104854,5719.696704286005,-230.45814757281914,2162.227391104854
newton,5.0,0.25,5.0,-5656.790776241223,-63.11308929074005,-3864.7109800967282,5640.765647680029,430.14887673977944,3864.7109800967282
newton,5.0,0.25,10.0,-5693.451790106923,-1413.7692429105466,-2639.116270081947,5852.453916971504,-403.6333834019165,2639.116270081947
newton,5.0,0.25,15.0,-5254.924723422639,-1514.8131607157818,-2602.7676460271923,5467.930001324055,-103.12255493607154,2602.7676460271923
newton,5.0,0.25,20.0,-5110.07979824217,-1880.3996041122705,-2843.681752996318,5445.038820143321,-19.24740711265281,2843.681752996318
newton,5.0,0.25,25.0,-5062.0524149994435,-2267.756078881119,-2859.4446516414296,5546.172654210319,84.03079907771735,2859.4446516414296
newton,5.0,0.25,30.0,-5008.320210546703,-2817.876847567108,-2923.5588069835458,5746.270956404027,63.807170544224846,2923.5588069835458
newton,5.0,0.25,35.0,-4734.15733642277,-3227.519587121567,-2850.6128449263806,5729.2238431508285,71.57182637713822,2850.6128449263806
newton,5.0,0.25,40.0,-4703.180306082286,-3308.0135253767016,-2977.0521295113795,5729.195245248581,489.06064799419573,2977.0521295113795
newton,5.0,0.25,45.0,-4106.52267555085,-3827.823127342185,-3013.5665046380004,5610.429721504688,197.07034045197406,3013.5665046380004
newton,5.0,0.25,50.0,-4092.6740101564874,-3687.683590634268,-2765.778007942877,5455.649666801133,764.7728624737647,2765.778007942877
newton,5.0,0.25,55.0,-3538.0882812459113,-4300.722355949736,-3607.9694689311727,5552.309577648022,431.4392457965887,3607.9694689311727
newton,5.0,0.25,60.0,-2917.190675695656,-4211.540851971434,-3238.894829713881,5105.896704731048,420.59080684981245,3238.894829713881
newton,5.0,0.25,65.0,-2834.2599185005583,-4396.6366740545545,-3478.490244819641,5182.516054544602,710.6128859285707,3478.490244819641
newton,5.0,0.25,70.0,-2485.8696166089107,-4866.0413113215245,-3508.930405590544,5422.800595249726,671.6691882364751,3508.930405590544
newton,5.0,0.25,75.0,-1866.6239699245284,-5247.300154695594,-3813.699624283364,5551.620571172441,444.9190851157082,3813.699624283364
newton,5.0,0.25,80.0,-1374.7597894129033,-5262.351879273767,-3693.684593032549,5421.1294619484925,440.0762850652213,3693.684593032549
newton,5.0,0.25,85.0,-769.1473586724178,-5460.027673924147,-3700.7939078113286,5506.286229524935,290.3477534171056,3700.7939078113286
newton,5.0,0.25,90.0,-191.77381060505286,-5196.925624755095,-3568.473027690721,5196.925624755095,191.77381060505255,3568.473027690721
newton,5.0,0.25,95.0,172.56108612652298,-5017.506313172837,-3624.4706414048624,5013.452876455341,265.4000503694476,3624.4706414048624
newton,5.0,0.25,100.0,744.1100013968248,-5034.499757549471,-3757.0781049676716,5087.227739499096,141.42640989355004,3757.0781049676716
newton,5.0,0.25,105.0,1162.8040239934521,-4915.819570103378,-3570.3667402167175,5049.272907271432,149.12528934231204,3570.3667402167175
newton,5.0,0.25,110.0,1435.817532260124,-4656.292637912794,-3729.6822828118256,4866.562350239519,243.31873552531852,3729.6822828118256
newton,5.0,0.25,115.0,1859.3042284444882,-4574.536074565409,-3448.6939501823304,4931.713587531041,248.18058339354525,3448.6939501823304
newton,5.0,0.25,120.0,2193.2030515406777,-4951.0211813214255,-3663.6272356755726,5384.311643469535,576.1410323689333,3663.6272356755726
newton,5.0,0.25,125.0,2552.1471348310406,-4537.010074306818,-3950.4158131684894,5180.352535968101,511.72552728656,3950.4158131684894
newton,5.0,0.25,130.0,3055.8984284146327,-4276.796059812132,-3831.5660118038304,5240.509502217717,408.11750658040273,3831.5660118038304
newton,5.0,0.25,135.0,3709.2158295012923,-4016.8395733912957,-4154.065080964296,5463.146167208312,217.52283535861443,4154.065080964296
newton,5.0,0.25,140.0,4048.17644425914,-3538.8189824768206,-4406.434272657725,5375.792064749485,108.77495653563665,4406.434272657725
newton,5.0,0.25,145.0,4491.468223026061,-3222.153854046496,-4474.846968956777,5527.346901729621,63.23357920858825,4474.846968956777
newton,5.0,0.25,150.0,4877.726417645398,-2297.7517107783588,-4168.59001086504,5373.110845780559,-448.9518556994856,4168.59001086504
newton,5.0,0.25,155.0,4952.28465229784,-2268.316411188975,-4459.524420135517,5446.926082774206,-37.13310447566164,4459.524420135517
newton,5.0,0.25,160.0,5216.559774535064,-1446.1348957019766,-4536.962085092851,5396.569990315443,-425.246231601255,4536.962085092851
newton,5.0,0.25,165.0,5787.54168122718,-1362.8476848073578,-4283.435743390418,5943.066917023809,-181.51623537256705,4283.435743390418
newton,5.0,0.25,170.0,6265.550253004548,-296.97440737826514,-4244.1814697866575,6221.931530701432,-795.5386846824922,4244.1814697866575
newton,5.0,0.25,175.0,6325.19425194801,342.5281961606138,-3651.82002245247,6271.271678842598,-892.50177601388,3651.82002245247
newton,5.0,0.25,180.0,6067.892923949723,124.74934030728764,-3318.71852394077,6067.892923949723,-124.74934030728838,3318.71852394077
newton,5.0,0.25,185.0,6074.923844950426,598.4574886106386,-3706.6383160347527,6103.965932573495,-66.715677345107,3706.6383160347527
newton,5.0,0.25,190.0,6277.738441661251,1426.056586751286,-3573.6573280603466,6429.997616270061,-314.2737426026806,3573.6573280603466
newton,5.0,0.25,195.0,6056.206398781796,1958.6333407138063,-3165.3984607893153,6356.7777808699575,-324.43297094982086,3165.3984607893153
newton,5.0,0.25,200.0,5711.3811645971455,2157.4274433161318,-3326.74392606792,6104.82637824528,-73.91124386213778,3326.74392606792
newton,5.0,0.25,205.0,5443.317661180771,2790.9104790793353,-3646.693123999567,6112.81091898467,-228.9784520411231,3646.693123999567
newton,5.0,0.25,210.0,4986.011549463235,3475.602945659881,-3413.40794806644,6055.814138227714,-516.9546696778648,3413.40794806644
newton,5.0,0.25,215.0,4672.682323667598,3642.8961867773787,-3396.753973324646,5917.116690553934,-303.94538312147597,3396.753973324646
newton,5.0,0.25,220.0,4327.98677269356,4033.5426055243033,-3298.3247647189255,5908.141427088123,-307.89662667088396,3298.3247647189255
newton,5.0,0.25,225.0,3728.248480363318,4100.4234136132545,-3214.256926948957,5535.706983915366,-263.1674190886815,3214.256926948957
newton,5.0,0.25,230.0,3097.3705832394944,4362.572421889073,-3240.5510535785934,5332.875795006143,-431.48397557969247,3240.5510535785934
newton,5.0,0.25,235.0,2731.4806553709655,4403.804241677127,-3024.2643950641905,5174.09818748785,-288.4203805458278,3024.2643950641905
newton,5.0,0.25,240.0,2741.7007423747127,4723.00027763714,-2823.427438679594,5461.088593702077,12.882353652582879,2823.427438679594
newton,5.0,0.25,245.0,2531.208720805059,4889.410611760591,-2934.912505283602,5501.045941147788,227.69996060191397,2934.912505283602
newton,5.0,0.25,250.0,2257.614056487147,4891.8475755790805,-2958.594300052007,5368.982551954877,448.3528605366321,2958.594300052007
newton,5.0,0.25,255.0,1867.8167341249473,5168.284042230032,-3092.8989664213277,5475.605577540377,466.52208163761634,3092.8989664213277
newton,5.0,0.25,260.0,1460.4515849647476,5279.323333331828,-3019.6075863517253,5452.723305623345,521.5191676246749,3019.6075863517253
newton,5.0,0.25,265.0,1376.4194355797554,5198.089448950535,-3064.4361955581535,5298.272007491433,918.1383972829358,3064.4361955581535
newton,5.0,0.25,270.0,919.9487803779775,5447.153875255986,-3819.3463456103927,5447.153875255986,919.9487803779765,3819.3463456103927
newton,5.0,0.25,275.0,80.99360569774537,4939.98928552124,-3924.643574708505,4914.132077003892,511.2338359205028,3924.643574708505
newton,5.0,0.25,280.0,-468.22287892887766,4951.173755275894,-3942.154020115434,4957.260350374233,398.6527786091341,3942.154020115434
newton,5.0,0.25,285.0,-935.3179357230258,5046.078200983224,-4299.8420262423315,5116.215350795071,402.57339158487196,4299.8420262423315
newton,5.0,0.25,290.0,-1772.157792460931,4954.436757524811,-4219.876648417639,5261.761323369716,29.233569462816376,4219.876648417639
newton,5.0,0.25,295.0,-1882.0084684368805,4904.717606695072,-4235.170355463204,5240.554907675575,367.14429905721227,4235.170355463204
newton,5.0,0.25,300.0,-2484.9837494873527,4979.76282120203,-4597.314876165799,5555.0929827259,337.8223555534628,4597.314876165799
newton,5.0,0.25,305.0,-3474.5620920498313,4547.710947590143,-4639.090758930296,5718.193662192271,-237.73480183826223,4639.090758930296
newton,5.0,0.25,310.0,-4030.5785951852986,3915.9813589223777,-4431.0778849458875,5590.62174021288,-570.4580381172345,4431.0778849458875
newton,5.0,0.25,315.0,-4583.587898601974,3685.9208805413828,-4049.1412309420766,5847.425734813955,-634.7464357181525,4049.1412309420766
newton,5.0,0.25,320.0,-5001.761378973257,3346.1718536713533,-3843.004022733532,5982.449317591366,-651.7538867866001,3843.004022733532
newton,5.0,0.25,325.0,-5439.161464881304,3086.884112835941,-3766.7798458838874,6226.064222044526,-591.147418251785,3766.7798458838874
newton,5.0,0.25,330.0,-5810.465114680738,2423.7240738363803,-3483.7092754366627,6243.872434034971,-806.2259376341567,3483.7092754366627
newton,5.0,0.25,335.0,-5871.1895023398565,1906.3130226842163,-3299.7064024709557,6126.747461118908,-753.5655648410316,3299.7064024709557
newton,5.0,0.25,340.0,-5973.3436572048,1299.5739136356003,-2932.7225247133633,6057.58741229761,-821.8038369614223,2932.7225247133633
newton,5.0,0.25,345.0,-5890.650852431055,988.4044830321471,-2679.171695446242,5945.749696488302,-569.8872116779088,2679.171695446242
newton,5.0,0.25,350.0,-5833.623232385244,600.1109438628962,-2744.235631599812,5849.205559204899,-422.00413331551147,2744.235631599812
newton,5.0,0.25,355.0,-5915.791609921711,-77.10302728666886,-2613.687630718895,5886.560265208377,-592.4048386928948,2613.687630718895
newton,6.0,0.25,0.0,-4546.610339274252,-227.2833649625827,-1875.7642358036828,4546.610339274252,-227.2833649625827,1875.7642358036828
newton,6.0,0.25,5.0,-4556.290866894952,-549.3325901062296,-1968.027689366887,4586.830294470798,-150.13529907423123,1968.027689366887
newton,6.0,0.25,10.0,-4584.279492750012,-1105.7942114937334,-1942.7299656719003,4706.653136135611,-292.94293288313065,1942.7299656719003
newton,6.0,0.25,15.0,-4477.389957803358,-1232.9071891479966,-1709.7800963152526,4643.926456004902,-32.06310198523056,1709.7800963152526
newton,6.0,0.25,20.0,-4534.100616640834,-1587.5187353195345,-1898.154773853765,4803.6242767444,58.97410181735677,1898.154773853765
newton,6.0,0.25,25.0,-4314.728559355228,-2013.096988589,-1875.0700747475075,4761.243642325989,-1.0023931805819757,1875.0700747475075
newton,6.0,0.25,30.0,-4081.509823276669,-2302.663772451774,-1864.298411607781,4686.023078979218,46.58958832098779,1864.298411607781
newton,6.0,0.25,35.0,-3826.1572101674183,-2669.97625712568,-1713.6475339364497,4665.639967183758,7.477108299116026,1713.6475339364497
newton,6.0,0.25,40.0,-3619.084506607356,-2879.440634743517,-1819.0878995325113,4623.24833830563,120.52318171947672,1819.0878995325113
newton,6.0,0.25,45.0,-3360.558126274873,-3057.157119598953,-1567.272171262331,4538.009970081674,214.53690923936801,1567.272171262331
newton,6.0,0.25,50.0,-3433.4856186829156,-3032.6239321980297,-1696.7256106490374,4530.126725056225,680.8694902652082,1696.7256106490374
newton,6.0,0.25,55.0,-3249.3431478637917,-3362.853223507495,-2066.415207342924,4618.434755913394,732.8527142579962,2066.415207342924
newton,6.0,0.25,60.0,-2830.6305842310076,-3633.2304616302954,-2308.378964107378,4561.785169690803,634.7827638580916,2308.378964107378
newton,6.0,0.25,65.0,-2499.6592890598263,-3866.866235402939,-2416.891113322965,4560.9726442612355,631.2523918236245,2416.891113322965
newton,6.0,0.25,70.0,-2057.3818471925724,-4010.5442491808767,-2529.421829415612,4472.344870543064,561.6196210269613,2529.421829415612
newton,6.0,0.25,75.0,-1598.830029911738,-4021.5912291921677,-2633.310731948489,4298.366492677305,503.4868160060819,2633.310731948489
newton,6.0,0.25,80.0,-1223.0799408382334,-4007.4843513150545,-2718.449200791603,4158.987262117701,508.60625365660485,2718.449200791603
newton,6.0,0.25,85.0,-788.5260972931981,-3985.5867979843592,-2932.0240799062676,4039.1450146219763,438.15873976687243,2932.0240799062676
newton,6.0,0.25,90.0,-323.8358090024267,-3940.678333154676,-2987.6993372011348,3940.678333154676,323.83580900242646,2987.6993372011348
newton,6.0,0.25,95.0,43.281858081636436,-3909.534954756079,-2993.804186392589,3898.430256420962,297.62126523521295,2993.804186392589
newton,6.0,0.25,100.0,318.10289127428945,-4070.825142575164,-3151.2367355793062,4064.2181489454106,393.6211740263793,3151.2367355793062
newton,6.0,0.25,105.0,851.6707478923112,-3859.857255024517,-3415.57780854643,3948.7644181286496,176.35379809337337,3415.57780854643
newton,6.0,0.25,110.0,1522.6191879337355,-3793.356579481715,-3211.871350378163,4085.355618636151,-133.38965416865904,3211.871350378163
newton,6.0,0.25,115.0,1647.8295401017563,-4098.168860362503,-3216.1296909593793,4410.605206620431,238.5202561830206,3216.1296909593793
newton,6.0,0.25,120.0,2070.667557615039,-3790.1525460606636,-3234.0149110643015,4317.702167914324,101.82556534342916,3234.0149110643015
newton,6.0,0.25,125.0,2667.1083883126394,-3632.3665401988965,-2952.8472954324225,4505.251001741204,-101.3274329785545,2952.8472954324225
newton,6.0,0.25,130.0,2742.5708764723063,-3712.9641654701054,-2995.2209047616757,4607.186144541819,285.7161809927502,2995.2209047616757
newton,6.0,0.25,135.0,3584.8441057615755,-3771.7324919940083,-3399.657878535944,5201.885198591234,132.15004522996378,3399.657878535944
newton,6.0,0.25,140.0,4094.379129463882,-3243.9746377482734,-3362.4430367086525,5221.663083430096,-146.7874289125789,3362.4430367086525
newton,6.0,0.25,145.0,4515.619180153849,-2658.695200139763,-3342.893025867139,5223.943600893403,-412.17714893525863,3342.893025867139
newton,6.0,0.25,150.0,4931.669407259402,-2203.5397101201343,-2680.696596249283,5372.720844813254,-557.5133364178662,2680.696596249283
newton,6.0,0.25,155.0,4770.771314595072,-1953.7380886949368,-2749.708244543426,5149.47258752944,-245.5270365222391,2749.708244543426
newton,6.0,0.25,160.0,5001.427385139522,-1317.7787371998643,-2767.3363200150766,5150.511279780787,-472.2819559230595,2767.3363200150766
newton,6.0,0.25,165.0,5011.070117603495,-926.4258477540984,-2634.46379946378,5080.098697212623,-402.1017302924864,2634.46379946378
newton,6.0,0.25,170.0,5248.54468899105,-583.0853431863579,-2469.1714221880175,5270.059209018042,-337.1732540090318,2469.1714221880175
newton,6.0,0.25,175.0,5016.577047874419,25.046834141966837,-2283.0716401783416,4995.304482228116,-462.17502203456013,2283.0716401783416
newton,6.0,0.25,180.0,4973.200190041418,85.41366415360244,-2333.194176315621,4973.200190041418,-85.41366415360305,2333.194176315621
newton,6.0,0.25,185.0,4874.940379937969,678.482327418481,-2270.020513217656,4915.523391194882,-251.02144765919502,2270.020513217656
newton,6.0,0.25,190.0,4799.068438239064,1064.2888378411487,-2344.033585624371,4910.971622416389,-214.77041015122052,2344.033585624371
newton,6.0,0.25,195.0,4803.91174285141,1383.414945331429,-2388.620648579658,4998.276554764743,-92.93237412831832,2388.620648579658
newton,6.0,0.25,200.0,4539.710614515474,1850.2036524563778,-2303.196881333224,4898.7394833584585,-185.9502441307518,2303.196881333224
newton,6.0,0.25,205.0,4246.701242443692,2358.073028445605,-2218.4987174138646,4845.383129584243,-342.406450867727,2218.4987174138646
newton,6.0,0.25,210.0,4206.198896211052,2410.3323475028974,-2131.83043249125,4847.841271240285,15.690403604635776,2131.83043249125
newton,6.0,0.25,215.0,4016.973424353634,2847.233370511017,-2292.6948631231307,4923.617962531318,-28.27573436431976,2292.6948631231307
newton,6.0,0.25,220.0,3668.5737227451013,3142.882812113846,-2471.7574469572432,4830.496644804754,-49.47417939178604,2471.7574469572432
newton,6.0,0.25,225.0,3325.313835875932,3549.0600889176562,-2390.52620631543,4860.916418633528,-158.21249279088534,2390.52620631543
newton,6.0,0.25,230.0,2764.0803265732306,3566.999107104943,-2146.15539370878,4509.196430707694,-175.4144553040942,2146.15539370878
newton,6.0,0.25,235.0,2528.3855321444835,3756.835112124656,-2084.619084025217,4527.641525402551,-83.69991816408083,2084.619084025217
newton,6.0,0.25,240.0,2255.988579686755,3915.492210225323,-1890.7292109559492,4518.910012218587,-4.002684456359248,1890.7292109559492
newton,6.0,0.25,245.0,2011.1929586687725,3871.075039906273,-2026.6763486454684,4358.352325087997,186.77283524179143,2026.6763486454684
newton,6.0,0.25,250.0,1767.8903085706147,4143.262671179166,-2068.6052568532596,4498.047454806157,244.19418469013863,2068.6052568532596
newton,6.0,0.25,255.0,1671.1994701519334,4185.591881087656,-2084.424114434425,4475.509547288972,530.9438352483892,2084.424114434425
newton,6.0,0.25,260.0,1184.8294339963734,4548.814298890877,-2041.3881888812537,4685.4510606201375,376.93589904901876,2041.3881888812537
newton,6.0,0.25,265.0,1089.9355434839076,4263.032034284724,-2107.9006902947244,4341.8040521891235,714.2402863752684,2107.9006902947244
newton,6.0,0.25,270.0,731.91665515778,4381.3940406370675,-2538.6542005584342,4381.3940406370675,731.9166551577792,2538.6542005584342
newton,6.0,0.25,275.0,401.89316463429134,4564.339987147916,-2843.2461905435007,4511.943998215992,798.1722815407059,2843.2461905435007
newton,6.0,0.25,280.0,-336.9160251530824,4436.08010398039,-3089.2034526393086,4427.190933177709,438.51971235590827,3089.2034526393086
newton,6.0,0.25,285.0,-929.4068484326186,4275.553087715719,-3270.1773652002407,4370.415342117657,208.85648941671843,3270.1773652002407
newton,6.0,0.25,290.0,-1403.0551857052014,4172.622961861858,-3174.6955766938217,4400.856142292145,108.68049889738995,3174.6955766938217
newton,6.0,0.25,295.0,-1902.0129814740262,4146.128040706437,-3591.659550832218,4561.49354938205,28.42024936302164,3591.659550832218
newton,6.0,0.25,300.0,-2691.3024689304943,3801.16993799926,-2951.306291331177,4637.560964874327,-430.1513383619574,2951.306291331177
newton,6.0,0.25,305.0,-3040.8208495681215,3783.280176347219,-2789.960387144414,4843.224877050085,-320.8942539735208,2789.960387144414
newton,6.0,0.25,310.0,-3457.14423659723,3509.911211328712,-2828.9431411401997,4910.95745946329,-392.19869376414135,2828.9431411401997
newton,6.0,0.25,315.0,-3805.591516313617,3065.881060691446,-2829.734302392646,4858.864855937681,-523.0542792850292,2829.734302392646
newton,6.0,0.25,320.0,-4065.608462083197,2574.581041120865,-2531.89824951983,4769.34556364269,-641.0792453537156,2531.89824951983
newton,6.0,0.25,325.0,-3997.1718609356467,2062.5175732470443,-2236.515226495641,4457.302980834316,-603.1681049708627,2236.515226495641
newton,6.0,0.25,330.0,-4153.881605971373,1992.7499137363307,-2032.9715534138609,4593.7419519522755,-351.16875430077766,2032.9715534138609
newton,6.0,0.25,335.0,-4251.776907453394,1253.905701152859,-2089.96716246858,4383.341967775592,-660.4540647727126,2089.96716246858
newton,6.0,0.25,340.0,-4414.42836949286,1066.3373042024718,-1860.792944198283,4512.914601417247,-507.7941276070443,1860.792944198283
newton,6.0,0.25,345.0,-4398.229078387508,836.3147341353672,-2087.350291888225,4464.817237644144,-330.5274496029673,2087.350291888225
newton,6.0,0.25,350.0,-4488.797863037804,294.2552785480075,-2047.8526898344453,4471.699830112998,-489.6866891528814,2047.8526898344453
newton,6.0,0.25,355.0,-4472.975876284794,88.51381943510334,-1969.7308468417095,4463.66934032349,-301.668537160859,1969.7308468417095
newton,7.0,0.25,0.0,-3838.5217021929857,-267.3555607404851,-1250.769417518779,3838.5217021929857,-267.3555607404851,1250.769417518779
newton,7.0,0.25,5.0,-3757.5929595443718,-541.8048357727873,-1165.6305851890481,3790.5155867710246,-212.24729946485894,1165.6305851890481
newton,7.0,0.25,10.0,-3687.630448324641,-774.6977083285515,-1153.4656824862243,3766.1319010479906,-122.57800214208851,1153.4656824862243
newton,7.0,0.25,15.0,-3604.70930719259,-1031.059751795739,-1093.4626636331825,3748.739716485313,-62.95982194694557,1093.4626636331825
newton,7.0,0.25,20.0,-3530.4562986390943,-1291.2670559934159,-1143.861752059798,3759.1830754008706,-5.906954715404481,1143.861752059798
newton,7.0,0.25,25.0,-3376.269609273312,-1537.904846925249,-1095.9727127578956,3709.8861111497354,33.05805494927745,1095.9727127578956
newton,7.0,0.25,30.0,-3247.1733785368824,-1771.2504293998595,-1115.7847021296848,3697.759851005413,89.63882094406722,1115.7847021296848
newton,7.0,0.25,35.0,-3093.026617607189,-1942.3911467854086,-1103.465026527871,3647.768868826191,182.97350616795438,1103.465026527871
newton,7.0,0.25,40.0,-2930.1420297572245,-2099.858642862121,-1133.5309560147284,3594.382137169848,274.8739466498241,1133.5309560147284
newton,7.0,0.25,45.0,-2740.570346512355,-2351.5782703259356,-1184.426150339819,3600.6928177760537,275.0589348992514,1184.426150339819
newton,7.0,0.25,50.0,-2580.7670853764316,-2451.8911746988306,-1194.2564427851546,3537.1427154773164,400.937017340794,1194.2564427851546
newton,7.0,0.25,55.0,-2467.4731440542837,-2691.5391958073424,-1333.0044012018448,3620.064287288101,477.43220994991657,1333.0044012018448
newton,7.0,0.25,60.0,-2291.8018691361235,-2933.2295470624754,-1358.318071802725,3686.1522374552883,518.1438655813045,1358.318071802725
newton,7.0,0.25,65.0,-2095.3325938157504,-3087.729956266511,-1554.1621280804793,3683.9595221977174,594.0851793648776,1554.1621280804793
newton,7.0,0.25,70.0,-1796.1006824173915,-3359.0523430803823,-1764.4961421136818,3770.7793124539785,538.9189936373809,1764.4961421136818
newton,7.0,0.25,75.0,-1372.9446350874653,-3534.896284262473,-1709.4165133302834,3769.7918336543526,411.26420026674145,1709.4165133302834
newton,7.0,0.25,80.0,-1202.276659049552,-3686.843679482052,-1964.4455250273052,3839.605390593421,543.797688812715,1964.4455250273052
newton,7.0,0.25,85.0,-813.4761808705947,-3758.0140810707967,-2353.6559575800056,3814.6128236681557,482.84814991532505,2353.6559575800056
newton,7.0,0.25,90.0,-293.6592067448946,-3772.939530457661,-2450.6921215669718,3772.939530457661,293.6592067448944,2450.6921215669718
newton,7.0,0.25,95.0,346.2262935293669,-3644.036695082772,-2055.9915026538997,3660.345645064545,-27.310073194250947,2055.9915026538997
newton,7.0,0.25,100.0,269.8139778285989,-3767.431247007591,-2177.859229964444,3757.0482065525284,388.4926732916507,2177.859229964444
newton,7.0,0.25,105.0,1011.1356249250854,-4214.444858094399,-2452.773801631343,4332.542288816799,114.09657981314479,2452.773801631343
newton,7.0,0.25,110.0,1833.1337029983074,-4145.898786523605,-2434.9482464536577,4522.839148056079,-304.6013164409371,2434.9482464536577
newton,7.0,0.25,115.0,1859.0491610784366,-3692.669048503109,-2133.1215009345838,4132.362838553059,-124.28135670727238,2133.1215009345838
newton,7.0,0.25,120.0,1962.1402192980217,-3498.327582403272,-2116.3199749604682,4010.7106667700436,49.900515502378994,2116.3199749604682
newton,7.0,0.25,125.0,2305.3415291417077,-3515.7015142558416,-2138.5183463462695,4202.183661369749,128.0983194401024,2138.5183463462695
newton,7.0,0.25,130.0,2654.4033873576977,-3153.1765905782713,-2176.3113884944078,4121.691013888837,-6.568121104197644,2176.3113884944078
newton,7.0,0.25,135.0,2966.1535555810688,-2755.7153336931024,-2137.710510410646,4045.972292666105,-148.80229371782048,2137.710510410646
newton,7.0,0.25,140.0,3254.4291300994832,-2580.5359016516754,-2065.649697126894,4151.773854570218,-115.10153370160356,2065.649697126894
newton,7.0,0.25,145.0,3622.5876395854148,-2214.831284359721,-1975.1945949744486,4237.8251057842845,-263.54733434427044,1975.1945949744486
newton,7.0,0.25,150.0,3728.9345240455696,-1804.609223659471,-1972.543575062337,4131.656638702034,-301.6298304299687,1972.543575062337
newton,7.0,0.25,155.0,3892.6685927144617,-1467.8329324934282,-1876.2230248052483,4148.28886038624,-314.8044173979656,1876.2230248052483
newton,7.0,0.25,160.0,4073.428587290249,-1086.2754941971687,-1803.1395701202498,4199.298884991492,-372.4295632142429,1803.1395701202498
newton,7.0,0.25,165.0,4114.551104367365,-792.992340539289,-1735.7287701332043,4179.592695646637,-298.95240608156996,1735.7287701332043
newton,7.0,0.25,170.0,4040.4584145815916,-441.004114357364,-1540.6733367923239,4055.6543332051406,-267.3139697016931,1540.6733367923239
newton,7.0,0.25,175.0,4102.755393357684,-102.11656752048829,-1582.4070767490534,4096.043215719328,-255.85071046881131,1582.4070767490534
newton,7.0,0.25,180.0,4108.2445646779815,147.63406607601792,-1693.649337572162,4108.2445646779815,-147.63406607601843,1693.649337572162
newton,7.0,0.25,185.0,4112.573639481647,535.3295112048193,-1498.6279572523645,4143.581096327287,-174.85801064082483,1498.6279572523645
newton,7.0,0.25,190.0,3953.3855774774975,836.3354861699257,-1447.5795224111553,4038.5529004380787,-137.13146975568418,1447.5795224111553
newton,7.0,0.25,195.0,3854.2565882657855,1118.0918306213362,-1423.709985730888,4012.309439689058,-82.43876560492083,1423.709985730888
newton,7.0,0.25,200.0,3705.1710448333433,1495.2596453425647,-1424.6834627588605,3993.1308077886597,-137.84132308734502,1424.6834627588605
newton,7.0,0.25,205.0,3517.963665623111,1685.8837223176054,-1331.6826812438135,3900.8431128890293,-41.17385634220136,1331.6826812438135
newton,7.0,0.25,210.0,3351.053174223014,1984.193308810933,-1387.3832149482193,3894.1938327150774,-42.83522433786197,1387.3832149482193
newton,7.0,0.25,215.0,3170.777314930465,2203.496378882298,-1349.6091201298336,3861.222320022194,13.684589415729533,1349.6091201298336
newton,7.0,0.25,220.0,2992.5777552339573,2466.483389521626,-1395.5769573612263,3877.8725222805974,34.15600749964142,1395.5769573612263
newton,7.0,0.25,225.0,2711.4309583305503,2649.830262569618,-1410.0657944406537,3790.9841650109784,43.55826969836403,1410.0657944406537
newton,7.0,0.25,230.0,2435.037064217372,2839.427072016077,-1403.0993170525408,3740.3389841659186,40.19807133200402,1403.0993170525408
newton,7.0,0.25,235.0,2103.2535338919806,2946.3612730546783,-1339.4999334206484,3619.894526749162,32.921032744227205,1339.4999334206484
newton,7.0,0.25,240.0,1878.8794520419037,3037.450980747375,-1377.8469344232453,3569.949438098137,108.43184574318525,1377.8469344232453
newton,7.0,0.25,245.0,1678.279746147195,3122.5501758491305,-1357.5222801993493,3539.2632088160776,201.3912752436213,1357.5222801993493
newton,7.0,0.25,250.0,1472.679461091026,3205.2092524964623,-1352.439410225557,3515.597523000764,287.61989444260644,1352.439410225557
newton,7.0,0.25,255.0,1270.0702343824728,3342.8751809896185,-1522.8659120065108,3557.6878366546225,361.59387835039183,1522.8659120065108
newton,7.0,0.25,260.0,982.3986279322653,3308.7042428091445,-1598.2772512385018,3429.0293222257633,392.9233231336018,1598.2772512385018
newton,7.0,0.25,265.0,728.9805158346893,3524.384189381932,-1715.30793316741,3574.5076818067987,419.0362031330175,1715.30793316741
newton,7.0,0.25,270.0,517.2655425010162,3731.4121569489653,-1851.8300116608152,3731.4121569489653,517.2655425010155,1851.8300116608152
newton,7.0,0.25,275.0,44.52519409879464,3714.634626104766,-1936.6428711883095,3696.6186935109176,368.10750216705446,1936.6428711883095
newton,7.0,0.25,280.0,-267.18081947755155,3777.003845487852,-2229.361490295043,3766.0181326031943,392.7480923323042,2229.361490295043
newton,7.0,0.25,285.0,-1027.7480894459043,3848.841245349421,-2106.775738369312,3983.6959392859153,3.4249933574856186,2106.775738369312
newton,7.0,0.25,290.0,-1185.040607999944,3946.7601345686367,-2263.3791731926967,4114.049133061025,236.29755222800804,2263.3791731926967
newton,7.0,0.25,295.0,-1972.049867195983,3497.9252960978783,-2363.899298345987,4003.62122126633,-308.99704272860345,2363.899298345987
newton,7.0,0.25,300.0,-2131.899467447629,3467.4854130363265,-1941.0337755421465,4068.88018866525,-112.5363906059988,1941.0337755421465
newton,7.0,0.25,305.0,-2488.4024723899333,3007.819348176806,-1970.6657431751173,3891.1503902315635,-313.16566935701644,1970.6657431751173
newton,7.0,0.25,310.0,-2860.876273212614,2839.701124189477,-1954.1365995473866,4014.273087571335,-366.23367370352184,1954.1365995473866
newton,7.0,0.25,315.0,-2972.458671999934,2521.524882336605,-1933.5591491326556,3884.8330269987373,-318.8583405370889,1933.5591491326556
newton,7.0,0.25,320.0,-3088.012590203812,2190.7983046014997,-1788.0018097736543,3773.772890527193,-306.6873643045915,1788.0018097736543
newton,7.0,0.25,325.0,-3188.818963196496,1789.8324314115907,-1917.1388880561485,3638.7332802445017,-362.8865219533443,1917.1388880561485
newton,7.0,0.25,330.0,-3393.822807992168,1401.0888362484857,-1789.3418072698528,3639.681185788497,-483.5328788461218,1789.3418072698528
newton,7.0,0.25,335.0,-3485.736207332652,1193.7983434915382,-1704.5383788844556,3663.6708490565015,-391.18704197170837,1704.5383788844556
newton,7.0,0.25,340.0,-3631.3302847785535,909.3103577785981,-1711.9799483303636,3723.3367311377497,-387.5158712540589,1711.9799483303636
newton,7.0,0.25,345.0,-3808.7371364652263,635.6256141991053,-1660.5072518244867,3843.4695801677494,-371.8065121006716,1660.5072518244867
newton,7.0,0.25,350.0,-3766.1337599623507,245.1715469539973,-1460.7556111115161,3751.491318036285,-412.5354240090737,1460.7556111115161
newton,7.0,0.25,355.0,-3798.9001057964615,-47.918307792474494,-1290.3423096926745,3780.267788267742,-378.83192450923985,1290.3423096926745
newton,8.0,0.25,0.0,-3024.652411480478,-183.18636470250203,-744.314482837508,3024.652411480478,-183.18636470250203,744.314482837508
newton,8.0,0.25,5.0,-2991.579663162397,-399.84581653680755,-744.6151557419885,3015.0446584862793,-137.59093495642475,744.6151557419885
newton,8.0,0.25,10.0,-2923.2794227558416,-584.8090987611793,-710.8730050556331,2980.4192740339236,-68.3023899193035,710.8730050556331
newton,8.0,0.25,15.0,-2855.158124930126,-744.8354623159157,-715.9462054076787,2950.6485741241786,19.513490124217697,715.9462054076787
newton,8.0,0.25,20.0,-2742.298494222761,-972.6205729662856,-705.4494643512819,2909.5734867808596,23.956948794853247,705.4494643512819
newton,8.0,0.25,25.0,-2647.643703910712,-1160.7376491638179,-718.926779450164,2890.129033779435,66.95700971166889,718.926779450164
newton,8.0,0.25,30.0,-2552.02123605628,-1305.1757084142755,-704.7838580261607,2862.70307562924,145.6952981390259,704.7838580261607
newton,8.0,0.25,35.0,-2420.523572347602,-1461.1826991386658,-773.953997267287,2820.8767979679906,191.42448965169615,773.953997267287
newton,8.0,0.25,40.0,-2259.9585426495655,-1547.4245502975336,-880.4234593868888,2725.894011131983,267.27737171907984,880.4234593868888
newton,8.0,0.25,45.0,-2169.459129357686,-1840.0307044586093,-846.2755219945878,2835.137450590026,232.9410731617404,846.2755219945878
newton,8.0,0.25,50.0,-2064.909037695418,-1951.5496701173313,-885.5209005335921,2822.271724824426,327.3801462334575,885.5209005335921
newton,8.0,0.25,55.0,-1915.5012180269293,-2124.670413864822,-988.7512248236275,2839.114475419681,350.42585417972623,988.7512248236275
newton,8.0,0.25,60.0,-1790.9220061751255,-2304.7972532648732,-1023.1541705853483,2891.47397498754,398.5853269118131,1023.1541705853483
newton,8.0,0.25,65.0,-1624.4455613393188,-2452.950808246539,-1169.250738781406,2909.6487781573005,435.5858551423505,1169.250738781406
newton,8.0,0.25,70.0,-1410.6128332703722,-2647.561834880895,-1334.623737623062,2970.3523227241367,420.0229919805372,1334.623737623062
newton,8.0,0.25,75.0,-1070.1037188623836,-2865.9667868213346,-1315.4108445043469,3045.274559354042,291.8740317965153,1315.4108445043469
newton,8.0,0.25,80.0,-869.6840051851829,-2946.2695750373514,-1294.5182836785855,3052.528162607251,344.85720835631986,1294.5182836785855
newton,8.0,0.25,85.0,-659.7751557762397,-3177.3926127389113,-1392.2313529747516,3222.804868314512,380.3364989527635,1392.2313529747516
newton,8.0,0.25,90.0,-346.37267999314645,-3322.507777186838,-1714.9605136922037,3322.507777186838,346.3726799931462,1714.9605136922037
newton,8.0,0.25,95.0,306.257652259685,-3369.946400043763,-1773.8100173974963,3383.814849731808,-11.38206791551255,1773.8100173974963
newton,8.0,0.25,100.0,717.9305933209872,-3413.0077065951996,-1659.5923555056988,3485.8237897668955,-114.36104581371728,1659.5923555056988
newton,8.0,0.25,105.0,1014.9614530114886,-3380.7516964145707,-1540.3973904001061,3528.246729921714,-105.37455435692891,1540.3973904001061
newton,8.0,0.25,110.0,1369.8608593486683,-3235.2681586694102,-1390.3610895393017,3508.6776224159134,-180.7212617083028,1390.3610895393017
newton,8.0,0.25,115.0,1464.4092090820102,-3097.958660033753,-1242.2285809987825,3426.590131925528,-17.951565751196767,1242.2285809987825
newton,8.0,0.25,120.0,1730.9241107576686,-2970.231374625281,-1389.5063517477533,3437.7578809219017,-13.908564626490488,1389.5063517477533
newton,8.0,0.25,125.0,1971.8088073020697,-2890.0440979142054,-1383.041874072686,3498.368599749684,42.44997913047496,1383.041874072686
newton,8.0,0.25,130.0,2228.3843589643825,-2678.913010406886,-1444.3190421410102,3484.5442807829145,14.930635199702238,1444.3190421410102
newton,8.0,0.25,135.0,2545.7541557357645,-2343.2185786412047,-1462.7638829319592,3457.025773514092,-143.2142799950941,1462.7638829319592
newton,8.0,0.25,140.0,2822.9563851035655,-2049.270552448501,-1438.1413128569243,3479.7557719852102,-244.72906787954298,1438.1413128569243
newton,8.0,0.25,145.0,2955.409199003844,-1849.1386621050146,-1380.8101890897155,3481.551851203626,-180.42736108658983,1380.8101890897155
newton,8.0,0.25,150.0,3159.5055234421307,-1534.7732791638941,-1306.318162750424,3503.5986862800823,-250.60011291558658,1306.318162750424
newton,8.0,0.25,155.0,3320.4114549069886,-1259.9702881312642,-1248.4042972587154,3541.8012107628592,-261.3456337685225,1248.4042972587154
newton,8.0,0.25,160.0,3333.1950392452172,-953.5814523875223,-1149.1441199876197,3458.3228470372064,-243.94639092819398,1149.1441199876197
newton,8.0,0.25,165.0,3328.0358967875572,-589.7675475668242,-1132.0650926375938,3367.2788970179026,-291.6873671715058,1132.0650926375938
newton,8.0,0.25,170.0,3344.1418555340933,-397.95058819547444,-1036.2548802470837,3362.4402209442337,-188.79931450253042,1036.2548802470837
newton,8.0,0.25,175.0,3342.0305090987586,-106.23989547590767,-1013.6796631353238,3338.5724910246768,-185.44153070691607,1013.6796631353238
newton,8.0,0.25,180.0,3290.5770959666843,155.2170089958381,-940.1770239028847,3290.5770959666843,-155.2170089958385,940.1770239028847
newton,8.0,0.25,185.0,3218.1619536032094,402.3832010992521,-918.0058794828432,3240.985882541077,-120.37071618771796,918.0058794828432
newton,8.0,0.25,190.0,3157.8307306800416,615.7974208665889,-920.3401346950563,3216.7882862193896,-58.09052259111763,920.3401346950563
newton,8.0,0.25,195.0,3070.681246260791,825.060769716094,-899.9756577672296,3179.5917606342705,-2.196717755276495,899.9756577672296
newton,8.0,0.25,200.0,2932.084371051211,1096.3754322058398,-914.4483587967727,3130.2405294602972,-27.42398642490059,914.4483587967727
newton,8.0,0.25,205.0,2807.663583377008,1325.8156502251684,-892.6828920730915,3104.9212744805827,-15.027144814675466,892.6828920730915
newton,8.0,0.25,210.0,2662.9656771517834,1533.4838902117049,-875.8318974095455,3072.937870925327,3.4468333583686217,875.8318974095455
newton,8.0,0.25,215.0,2513.633332012796,1699.766551856685,-912.5259736028677,3033.993923953895,49.39360310165148,912.5259736028677
newton,8.0,0.25,220.0,2347.711197703049,1883.4198317271175,-938.7518034784573,3009.090048720719,66.29637285122612,938.7518034784573
newton,8.0,0.25,225.0,2142.463656195945,2099.6071296705504,-975.1562997919214,2999.597018959546,30.30414052420724,975.1562997919214
newton,8.0,0.25,230.0,1999.93684277196,2198.641915371597,-970.3846357330366,2969.7920443683106,118.78072365602952,970.3846357330366
newton,8.0,0.25,235.0,1774.0057591454968,2282.2107395892344,-1013.3092158020816,2887.0054942297197,144.15814116879915,1013.3092158020816
newton,8.0,0.25,240.0,1530.941388735081,2406.101620377701,-1054.4294160254894,2849.2158217015312,122.78332416075614,1054.4294160254894
newton,8.0,0.25,245.0,1345.85565696956,2504.836371428667,-1054.5891377602777,2838.93588698079,161.16986890077533,1054.5891377602777
newton,8.0,0.25,250.0,1180.313478503812,2605.6214518586444,-1105.3490103686258,2852.1742359601253,217.95684354704895,1105.3490103686258
newton,8.0,0.25,255.0,1030.6395754039672,2667.1699167131114,-1180.0745508429227,2843.03745640538,305.20701250843456,1180.0745508429227
newton,8.0,0.25,260.0,806.1964328033777,2769.243316759558,-1246.3612665999897,2867.166829719941,313.0744420039287,1246.3612665999897
newton,8.0,0.25,265.0,591.8235482575984,2864.166556020298,-1362.1138164248043,2904.8483584830606,339.94291743711244,1362.1138164248043
newton,8.0,0.25,270.0,354.074988215114,2895.454177812673,-1477.413006854622,2895.454177812673,354.0749882151135,1477.413006854622
newton,8.0,0.25,275.0,62.36192636703713,3035.88271061842,-1582.61119111564,3018.895060334773,326.71923294835153,1582.61119111564
newton,8.0,0.25,280.0,-450.3625070546545,3008.405740953447,-1763.4651211159628,3040.905926536942,78.88368598585731,1763.4651211159628
newton,8.0,0.25,285.0,-793.5622316180102,3150.184275929773,-1826.428725830858,3248.233368707095,48.80543190569449,1826.428725830858
newton,8.0,0.25,290.0,-1271.3349217573555,2963.944788074797,-1704.0936139177202,3220.0191979251185,-180.93522329610528,1704.0936139177202
newton,8.0,0.25,295.0,-1561.5507164798119,2975.528282835202,-1472.1085578818295,3356.684302699977,-157.73298354621147,1472.1085578818295
newton,8.0,0.25,300.0,-1799.5265676470003,2779.96182463113,-1456.6673519710193,3307.2808455049994,-168.45481005175293,1456.6673519710193
newton,8.0,0.25,305.0,-2014.2301758141398,2475.4318538792786,-1365.0436103751351,3183.070029837515,-230.11138500878815,1365.0436103751351
newton,8.0,0.25,310.0,-2142.1131245906936,2224.379778962843,-1362.69171664851,3080.8975440945223,-211.15009447033367,1362.69171664851
newton,8.0,0.25,315.0,-2269.3166392301982,2054.08799093338,-1436.1908449967273,3057.1087318019836,-152.18963671629535,1436.1908449967273
newton,8.0,0.25,320.0,-2453.54059185189,1776.388292573439,-1460.7465588008513,3021.3615208134224,-216.31311195788203,1460.7465588008513
newton,8.0,0.25,325.0,-2702.720294746392,1470.0221372349843,-1449.334658812101,3057.1089134152444,-346.04503624817585,1449.334658812101
newton,8.0,0.25,330.0,-2924.510044101323,1223.2001271505046,-1373.3377230198937,3144.300055389747,-402.9326380259706,1373.3377230198937
newton,8.0,0.25,335.0,-3062.940669077687,907.0035609234166,-1205.5285291150365,3159.2832479264334,-472.4302712456431,1205.5285291150365
newton,8.0,0.25,340.0,-3145.7803569143693,698.0501202521468,-1106.078801315144,3194.8137901828336,-419.9677016032671,1106.078801315144
newton,8.0,0.25,345.0,-3182.2985424024014,503.2045602794985,-984.508721124244,3204.103272851311,-337.58118929533106,984.508721124244
newton,8.0,0.25,350.0,-3188.5123630611856,186.8878815778242,-930.8761735629759,3172.5244357819543,-369.63072659218415,930.8761735629759
newton,8.0,0.25,355.0,-3070.3256883258928,-33.5922448778808,-818.3436567418273,3055.7144150722506,-301.06093208760296,818.3436567418273
newton,9.0,0.25,0.0,-2442.93166090257,-163.1524270636728,-554.0973674850538,2442.93166090257,-163.1524270636728,554.0973674850538
newton,9.0,0.25,5.0,-2400.871020829508,-292.55216090002136,-498.56407093246196,2417.2325826281462,-82.1892145421605,498.56407093246196
newton,9.0,0.25,10.0,-2339.653166352602,-442.8092778058916,-479.2515209585353,2381.001601728606,-29.805501179185967,479.2515209585353
newton,9.0,0.25,15.0,-2288.4750975670354,-558.5592538041669,-514.8755630802751,2355.062972262166,52.77413073100263,514.8755630802751
newton,9.0,0.25,20.0,-2196.9219428225224,-737.6664260845986,-548.8199160350756,2316.728114888954,58.211860566254586,548.8199160350756
newton,9.0,0.25,25.0,-2122.9666730810522,-879.2775080985808,-529.4191477050707,2295.6599594929635,100.3084325550252,529.4191477050707
newton,9.0,0.25,30.0,-2026.8000322130338,-999.7087660849946,-546.5197716221419,2255.114699330103,147.62682829091636,546.5197716221419
newton,9.0,0.25,35.0,-1962.9991591867633,-1163.3358132221351,-586.7821752495632,2275.2567842129074,172.98115269093466,586.7821752495632
newton,9.0,0.25,40.0,-1862.3052079519478,-1319.9555194248367,-623.7496907412453,2275.0596091667676,185.92212230660562,623.7496907412453
newton,9.0,0.25,45.0,-1784.2375085684164,-1405.83601006809,-649.073429053105,2255.722617511504,267.5702656007319,649.073429053105
newton,9.0,0.25,50.0,-1673.1423187191597,-1528.98883854506,-719.6082389825822,2246.7485550732663,298.88629503623724,719.6082389825822
newton,9.0,0.25,55.0,-1541.5814157541693,-1653.0329123726965,-806.737046817116,2238.3000642403567,314.64884110322373,806.737046817116
newton,9.0,0.25,60.0,-1379.2475656144145,-1803.050172986526,-887.1370888334824,2251.1110369114654,292.9383434366641,887.1370888334824
newton,9.0,0.25,65.0,-1265.135710118829,-2018.7992259634827,-1008.1846207949651,2364.322913630771,293.4209260586798,1008.1846207949651
newton,9.0,0.25,70.0,-1085.4489077061112,-2262.186568283414,-1041.063627442064,2497.0054160432564,246.27495449786102,1041.063627442064
newton,9.0,0.25,75.0,-859.0575762693791,-2440.6217300703056,-1032.3179886457187,2579.800022855342,198.10651355462562,1032.3179886457187
newton,9.0,0.25,80.0,-765.1362545392691,-2538.0567474299896,-1119.1757253512208,2632.3624787216463,312.7831865745201,1119.1757253512208
newton,9.0,0.25,85.0,-526.4028910806617,-2366.3284400221983,-1513.2343378314363,2403.2028808504747,318.16065637967984,1513.2343378314363
newton,9.0,0.25,90.0,61.70657807216048,-2758.0790038579435,-1219.7368336009968,2758.0790038579435,-61.70657807216065,1219.7368336009968
newton,9.0,0.25,95.0,270.3283578910871,-2790.9043188241185,-1290.9150945761212,2803.8447541116943,-26.05633803018563,1290.9150945761212
newton,9.0,0.25,100.0,656.4301357298141,-2795.519206509342,-1141.5984724742164,2867.036885100074,-161.02067113432673,1141.5984724742164
newton,9.0,0.25,105.0,891.490705181501,-2761.2115114659136,-1012.6830212819754,2897.8602838044485,-146.45976930776942,1012.6830212819754
newton,9.0,0.25,110.0,1044.6911032305625,-2678.5493641964003,-928.4130947437478,2874.318472804112,-65.57068325911757,928.4130947437478
newton,9.0,0.25,115.0,1236.7669429386451,-2529.1432516371624,-965.156054151752,2814.862519093043,-52.029386434688604,965.156054151752
newton,9.0,0.25,120.0,1400.5526805344425,-2432.6372803650365,-922.5386360269613,2807.00202325643,3.4044395012992936,922.5386360269613
newton,9.0,0.25,125.0,1611.8475396374977,-2339.9802366593913,-1009.5814901320076,2841.3173621818564,21.809318098733456,1009.5814901320076
newton,9.0,0.25,130.0,1761.9147215625048,-2119.3865946339415,-1061.9210482849523,2756.0812759848723,12.610461463967795,1061.9210482849523
newton,9.0,0.25,135.0,2141.229453977723,-1902.099608386241,-1081.1625596338872,2859.065398566204,-169.09033540182918,1081.1625596338872
newton,9.0,0.25,140.0,2290.366661356469,-1734.85782958891,-1005.3336069359709,2869.667771064522,-143.2411116010294,1005.3336069359709
newton,9.0,0.25,145.0,2552.4480942489445,-1543.1296330880796,-973.1981743121027,2975.945870119922,-199.9662883233059,973.1981743121027
newton,9.0,0.25,150.0,2618.3950679833724,-1262.0436382835883,-831.2044930612312,2898.6184651592766,-216.2356825535594,831.2044930612312
newton,9.0,0.25,155.0,2657.157295549352,-1001.2859217913876,-768.2547371911716,2831.364064110533,-215.48996944698058,768.2547371911716
newton,9.0,0.25,160.0,2638.0125505597334,-822.0384202484641,-735.6938406922446,2760.0746256141806,-129.7899931273663,735.6938406922446
newton,9.0,0.25,165.0,2701.894360826493,-595.4988600840854,-712.7341585264489,2763.955989353707,-124.0939899560808,712.7341585264489
newton,9.0,0.25,170.0,2672.635911525848,-338.41769018410923,-710.4560559362192,2690.798181840227,-130.82199055386434,710.4560559362192
newton,9.0,0.25,175.0,2670.671609255969,-140.3705454828943,-657.8779667884733,2672.742996636402,-92.92797456148205,657.8779667884733
newton,9.0,0.25,180.0,2596.8629176972463,62.598516928206664,-652.8028164453281,2596.8629176972463,-62.59851692820698,652.8028164453281
newton,9.0,0.25,185.0,2529.9355661278723,282.57005914443795,-617.8385896629915,2544.9360008733083,-60.99638138956888,617.8385896629915
newton,9.0,0.25,190.0,2474.2294313513366,432.486959676236,-626.2790617045312,2511.7408991382727,3.7289209182098944,626.2790617045312
newton,9.0,0.25,195.0,2400.754165246331,644.1989762626926,-646.1853076282398,2485.6814146748166,-0.8875278661583934,646.1853076282398
newton,9.0,0.25,200.0,2320.679280131272,852.3752137729641,-661.4141515447695,2472.254687531987,-7.251638519858261,661.4141515447695
newton,9.0,0.25,205.0,2219.3596308349424,1018.1222400230299,-649.0487490625862,2441.6999669785732,15.209795072874158,649.0487490625862
newton,9.0,0.25,210.0,2144.3248208487416,1159.8815016668918,-668.9103887114088,2436.9805196539714,67.67556460120011,668.9103887114088
newton,9.0,0.25,215.0,2002.6740629226872,1307.15803278416,-692.4767615150066,2390.2495988796427,77.92547741994417,692.4767615150066
newton,9.0,0.25,220.0,1871.2104973158584,1444.9705605071517,-697.4167334138865,2362.2395760305235,95.87925444300254,697.4167334138865
newton,9.0,0.25,225.0,1725.0705985266816,1586.1725988426235,-726.2796488441409,2341.4025190176617,98.2157174698441,726.2796488441409
newton,9.0,0.25,230.0,1590.6446207037995,1649.8586764788352,-789.3924764214112,2286.3117246511906,157.99575769281182,789.3924764214112
newton,9.0,0.25,235.0,1451.2287729082027,1802.6294154202387,-866.7132940125326,2309.0181986317475,154.83125990044846,866.7132940125326
newton,9.0,0.25,240.0,1252.8546883531685,1912.0760087008052,-967.0119162482351,2282.3337416782374,128.9659830138761,967.0119162482351
newton,9.0,0.25,245.0,1068.337312628473,2030.4825526965935,-940.8061457849344,2291.7410069667535,110.12341870154137,940.8061457849344
newton,9.0,0.25,250.0,1010.2630422027373,2127.6959231434084,-975.4756292947643,2344.9104687449285,221.62186122368587,975.4756292947643
newton,9.0,0.25,255.0,804.9676851618772,2269.3001807703104,-1097.9804837438896,2400.3166198204776,190.2009705880356,1097.9804837438896
newton,9.0,0.25,260.0,655.1090765534752,2408.160534308351,-1138.1588325931953,2485.333662001462,226.98380934646406,1138.1588325931953
newton,9.0,0.25,265.0,440.83730214888647,2477.3675117112575,-1199.0818569293176,2506.3618828911553,223.242977579677,1199.0818569293176
newton,9.0,0.25,270.0,176.65392927185167,2638.4002827423246,-1275.6794335701852,2638.4002827423246,176.65392927185118,1275.6794335701852
newton,9.0,0.25,275.0,-99.43922324501945,2717.419078543044,-1299.9554994683615,2715.745177898107,137.77785116802528,1299.9554994683615
newton,9.0,0.25,280.0,-486.176709951225,2716.8820608744354,-1253.1387505406615,2760.030217276064,-7.008974487115154,1253.1387505406615
newton,9.0,0.25,285.0,-776.919927189728,2726.5641495377467,-1199.8829901631261,2834.740402748764,-44.76029303705593,1199.8829901631261
newton,9.0,0.25,290.0,-1058.7835905466384,2635.3377584754353,-1171.1368672458716,2838.5327603074707,-93.59252918056904,1171.1368672458716
newton,9.0,0.25,295.0,-1233.4990773769664,2444.762101758522,-1102.9769821100372,2737.0061662156454,-84.7287093145419,1102.9769821100372
newton,9.0,0.25,300.0,-1413.0859693878695,2306.9653806089646,-1153.5941241975406,2704.4336099525344,-70.28565691677204,1153.5941241975406
newton,9.0,0.25,305.0,-1572.7381283828663,2121.8654023453873,-1128.8013400079788,2640.215913028567,-71.25965710222204,1128.8013400079788
newton,9.0,0.25,310.0,-1753.5713750497607,1927.0682071095507,-1230.9875843071054,2603.393844150497,-104.61804091850172,1230.9875843071054
newton,9.0,0.25,315.0,-2066.0861222224544,1745.0011057912786,-1257.3559238769221,2694.8456226219523,-227.04139245587908,1257.3559238769221
newton,9.0,0.25,320.0,-2230.728861731495,1565.6016620260566,-1182.774339329145,2715.1867986895368,-234.56441955826608,1182.774339329145
newton,9.0,0.25,325.0,-2420.973217636194,1282.9713716431115,-1141.0821780244494,2719.0273076830563,-337.6645688273884,1141.0821780244494
newton,9.0,0.25,330.0,-2557.7341020818412,1020.0640915109623,-997.7718233739023,2725.0947542841363,-395.46563430413437,997.7718233739023
newton,9.0,0.25,335.0,-2615.317599517707,787.4313902816782,-826.6357558535015,2703.065591417802,-391.6257770386511,826.6357558535015
newton,9.0,0.25,340.0,-2584.561953732179,588.3040963579468,-724.9191598158692,2629.905647241562,-331.1472317238653,724.9191598158692
newton,9.0,0.25,345.0,-2568.5048318309846,413.07086420293814,-612.2958158458404,2587.895758646486,-265.78215209454333,612.2958158458404
newton,9.0,0.25,350.0,-2541.607339377959,241.60265609987016,-603.521040931542,2544.9484738833767,-203.41331395238365,603.521040931542
newton,9.0,0.25,355.0,-2493.1259315143643,37.61165998876822,-580.7131296564128,2486.9169068119477,-179.8217060573416,580.7131296564128
newton,10.0,0.25,0.0,-1996.0256461409008,-72.99543846482993,-373.04220194212394,1996.0256461409008,-72.99543846482993,373.04220194212394
newton,10.0,0.25,5.0,-1939.4448867660321,-214.70361413442663,-350.0244149635133,1950.7773663979594,-44.852842437610434,350.0244149635133
newton,10.0,0.25,10.0,-1911.9813393219902,-315.2526977158834,-374.1668685065579,1937.677103041908,21.548774437824363,374.1668685065579
newton,10.0,0.25,15.0,-1862.6777668133532,-438.2579097341212,-396.5554703124218,1912.6380547254766,58.77184735267696,396.5554703124218
newton,10.0,0.25,20.0,-1804.5255444270829,-592.5916984240665,-403.36637260188724,1898.3776357464044,60.33003919169755,403.36637260188724
newton,10.0,0.25,25.0,-1748.9042686322096,-715.3633240903284,-423.34553552356095,1887.371161983112,90.77953077674636,423.34553552356095
newton,10.0,0.25,30.0,-1687.649478268107,-817.806935666998,-474.0907045120649,1870.4507886972337,135.58315745532695,474.0907045120649
newton,10.0,0.25,35.0,-1637.7876580945324,-919.9983990390306,-472.6130300899181,1869.2865114088913,185.77783911416577,472.6130300899181
newton,10.0,0.25,40.0,-1528.5126948735624,-1024.8910232157662,-540.366865086184,1829.69590714676,197.3969483763466,540.366865086184
newton,10.0,0.25,45.0,-1453.543503572594,-1153.036457362682,-607.2308783970553,1843.1303660823,212.49057016936797,607.2308783970553
newton,10.0,0.25,50.0,-1391.3015214170864,-1268.163278395069,-691.5966326907753,1865.7808116870228,250.63915677272712,691.5966326907753
newton,10.0,0.25,55.0,-1286.002430288062,-1466.9485945474057,-780.3645573014624,1939.2746311937817,212.02437256040128,780.3645573014624
newton,10.0,0.25,60.0,-1168.0641098409926,-1668.4794751551317,-822.3723381479042,2028.9776660977675,177.33345479359036,822.3723381479042
newton,10.0,0.25,65.0,-1018.8475221600497,-1868.0967397218715,-857.0950632619888,2123.654190941809,133.89764623192366,857.0950632619888
newton,10.0,0.25,70.0,-850.0156402908943,-2011.077931301957,-827.8957686667993,2180.5175629911905,110.92426243097759,827.8957686667993
newton,10.0,0.25,75.0,-702.866563317871,-2171.830173932802,-791.8842863399468,2279.742108067995,116.80595420164298,791.8842863399468
newton,10.0,0.25,80.0,-632.3856858444884,-2320.330549899525,-868.5494696787091,2394.8921370216794,219.8571547386356,868.5494696787091
newton,10.0,0.25,85.0,-235.5779979352217,-2544.1342692515836,-994.4381726584052,2554.9850456469953,12.945640643743786,994.4381726584052
newton,10.0,0.25,90.0,10.691823199333157,-2466.9317563600052,-780.4707216024108,2466.9317563600052,-10.691823199333308,780.4707216024108
newton,10.0,0.25,95.0,267.29937746048904,-2444.4593216990306,-882.2263466422083,2458.454091756075,-53.23355483024753,882.2263466422083
newton,10.0,0.25,100.0,528.2500607540179,-2394.0131341609194,-707.2021937133485,2449.372355737109,-104.50873730198674,707.2021937133485
newton,10.0,0.25,105.0,688.914850013185,-2308.161996389071,-701.146454222143,2407.817567208498,-68.04436189444766,701.146454222143
newton,10.0,0.25,110.0,890.4107961416319,-2238.6040967920785,-663.2189623966586,2408.138178731703,-71.06476056814142,663.2189623966586
newton,10.0,0.25,115.0,1019.8114315194439,-2177.842561617328,-706.5848626671561,2404.7866070256714,-3.867003959438307,706.5848626671561
newton,10.0,0.25,120.0,1218.3352655479816,-2077.6893874566076,-714.7363547360613,2408.4994234847422,-16.264596562708903,714.7363547360613
newton,10.0,0.25,125.0,1357.6786940439843,-1997.216178438396,-753.0668259489546,2414.7562224943504,33.41086053761205,753.0668259489546
newton,10.0,0.25,130.0,1700.0516862988657,-1875.4377592903536,-712.7007262011972,2529.440833699501,-96.80699289416816,712.7007262011972
newton,10.0,0.25,135.0,1842.900416863453,-1641.7832905002265,-694.9088157846647,2464.043479767137,-142.21128386418945,694.9088157846647
newton,10.0,0.25,140.0,1977.0908616821725,-1457.920256300641,-638.1975181418939,2451.672544794016,-154.0177982640821,638.1975181418939
newton,10.0,0.25,145.0,2069.3092936338544,-1284.7291491907513,-574.1254436300758,2431.969305215524,-134.51854143334526,574.1254436300758
newton,10.0,0.25,150.0,2095.322176861313,-1065.7065970523067,-537.1613099342264,2347.455532800961,-124.73210240269225,537.1613099342264
newton,10.0,0.25,155.0,2117.260708466626,-908.1040948786301,-523.3877348636929,2302.6712413272553,-71.77122763567627,523.3877348636929
newton,10.0,0.25,160.0,2160.3862401072815,-668.9588232456157,-561.3488575822082,2258.896400481662,-110.27994166676547,561.3488575822082
newton,10.0,0.25,165.0,2168.6484356202654,-505.0921972132079,-519.1672872172926,2225.4810122784565,-73.40591932498432,519.1672872172926
newton,10.0,0.25,170.0,2175.1148316763743,-307.82878179601573,-494.61064108582116,2195.5238569190465,-74.55255582389464,494.61064108582116
newton,10.0,0.25,175.0,2141.2350277417463,-130.40163445654315,-456.72014790400954,2144.4522333112277,-56.71551237202823,456.72014790400954
newton,10.0,0.25,180.0,2087.6454502169363,-12.206223412591498,-504.72451644571265,2087.6454502169363,12.206223412591243,504.72451644571265
newton,10.0,0.25,185.0,2045.791854097335,196.6095005211392,-498.49841933599515,2055.142645500213,-17.55883346266367,498.49841933599515
newton,10.0,0.25,190.0,2005.9329783575163,336.9622252706257,-511.9838101704278,2033.9712254701897,16.483594295022613,511.9838101704278
newton,10.0,0.25,195.0,1925.6847381153857,482.83338600584216,-565.8214418989447,1985.035097746001,32.02264774988015,565.8214418989447
newton,10.0,0.25,200.0,1869.2433529382897,645.3598729842911,-551.0974759439488,1977.2402614639427,32.878969087837845,551.0974759439488
newton,10.0,0.25,205.0,1788.1483491734073,815.3276642802189,-580.1789178350616,1965.1851334598002,16.76633593860049,580.1789178350616
newton,10.0,0.25,210.0,1733.1969388285866,902.7387221239871,-542.0990882407581,1952.3619398489732,84.80380307501946,542.0990882407581
newton,10.0,0.25,215.0,1628.7234690203602,1008.7861237720607,-686.1913923117165,1912.7881091430504,107.84818762376028,686.1913923117165
newton,10.0,0.25,220.0,1534.9095240923207,1125.4935065117986,-673.5701106529201,1899.2621923897577,124.44277764654976,673.5701106529201
newton,10.0,0.25,225.0,1437.3742571283044,1296.824468892515,-760.2759724809057,1933.3704602809407,99.38370835585977,760.2759724809057
newton,10.0,0.25,230.0,1315.3431254835264,1466.469497301815,-760.9202588022447,1968.8670729587143,64.98286922254897,760.9202588022447
newton,10.0,0.25,235.0,1273.870710742848,1609.7254238460293,-783.7151351522423,2049.2720943272957,120.19322475159117,783.7151351522423
newton,10.0,0.25,240.0,1166.3870192757151,1794.1770740152415,-891.9327052823041,2136.99643462269,113.03225232955731,891.9327052823041
newton,10.0,0.25,245.0,974.7957078627958,1926.787354567607,-856.5832217936273,2158.2288510176386,69.16941827463313,856.5832217936273
newton,10.0,0.25,250.0,894.8163771362335,2012.2502731197471,-877.7414733318873,2196.941958383345,152.62221973376745,877.7414733318873
newton,10.0,0.25,255.0,655.6326818139935,2136.4696806744646,-869.8054403009257,2233.361466292127,80.3334972806474,869.8054403009257
newton,10.0,0.25,260.0,565.9358914294005,2185.5736253881987,-876.7046176535151,2250.643587284322,177.81717638198188,876.7046176535151
newton,10.0,0.25,265.0,321.55470949069405,2248.798126695708,-923.200327336678,2268.266110432583,124.33542571935396,923.200327336678
newton,10.0,0.25,270.0,126.01010266317523,2363.4551961221728,-901.9262207633002,2363.4551961221728,126.01010266317479,901.9262207633002
newton,10.0,0.25,275.0,-134.18691613082152,2327.41921319828,-998.1167779991274,2330.257840767388,69.1716558086595,998.1167779991274
newton,10.0,0.25,280.0,-471.6588613441277,2322.545951254749,-900.6554512831232,2369.163961275658,-61.18743144551348,900.6554512831232
newton,10.0,0.25,285.0,-636.192439036739,2318.05475377976,-831.8332848004898,2403.72767300095,-14.55798948678455,831.8332848004898
newton,10.0,0.25,290.0,-774.4089676467308,2170.1056533735086,-887.0707800034702,2304.0957349080863,14.513454230585808,887.0707800034702
newton,10.0,0.25,295.0,-1082.9481300907037,2097.43568789534,-924.7602936586176,2358.5959530423934,-95.06969872674654,924.7602936586176
newton,10.0,0.25,300.0,-1229.6493934303908,2072.1249181235476,-918.0614519987615,2409.3375156249376,-28.845153397070135,918.0614519987615
newton,10.0,0.25,305.0,-1489.0617793421393,1956.9984372840236,-992.8564348328784,2457.170019473182,-97.27981101878072,992.8564348328784
newton,10.0,0.25,310.0,-1758.392795096047,1823.3982137178727,-855.473602465397,2527.077170861468,-174.9492502013577,855.473602465397
newton,10.0,0.25,315.0,-1854.7934490703642,1644.6739754571586,-872.5922092479163,2474.4971464248338,-148.5769046512462,872.5922092479163
newton,10.0,0.25,320.0,-2020.8092078047152,1428.1661320696712,-887.8910208875416,2466.0371585108005,-204.91239099464678,887.8910208875416
newton,10.0,0.25,325.0,-2161.267637077463,1194.9688257492228,-792.3589509976948,2455.812763791476,-260.79103280164645,792.3589509976948
newton,10.0,0.25,330.0,-2157.824225122107,908.1789756370214,-674.3876814936004,2322.8200836757264,-292.40604847646523,674.3876814936004
newton,10.0,0.25,335.0,-2157.432646199149,704.103331248113,-553.6035109657672,2252.864933195288,-273.63610277071064,553.6035109657672
newton,10.0,0.25,340.0,-2103.9527814805197,507.81645331681455,-477.0174239424309,2150.752359385781,-242.40285797692405,477.0174239424309
newton,10.0,0.25,345.0,-2074.273324234575,373.07737128102707,-439.4364148863123,2100.153703644968,-176.49637293564433,439.4364148863123
newton,10.0,0.25,350.0,-2064.115265228265,218.03884570256682,-441.3812303094575,2070.6187645244972,-143.70350859566054,441.3812303094575
newton,10.0,0.25,355.0,-2056.713350798834,55.92433557400543,-416.21623807799193,2053.7610625649286,-123.54285311476971,416.21623807799193
newton,11.0,0.25,0.0,-1625.5963256562245,-35.69883859017864,-286.1185292469745,1625.5963256562245,-35.69883859017864,286.1185292469745
newton,11.0,0.25,5.0,-1585.395124905254,-143.88320921932694,-292.75952959159815,1591.902465779542,-5.159400509085145,292.75952959159815
newton,11.0,0.25,10.0,-1565.5495164156414,-230.6704036653024,-303.97932540112686,1581.8207967288115,44.688818652874744,303.97932540112686
newton,11.0,0.25,15.0,-1539.1192730340445,-348.67542940059053,-334.6394644233462,1576.918897251012,61.55877829509615,334.6394644233462
newton,11.0,0.25,20.0,-1486.5123491625927,-459.61113651107337,-366.85336580055707,1554.060951998805,76.52397330548598,366.85336580055707
newton,11.0,0.25,25.0,-1438.6159999784668,-576.6101462678789,-373.4029425211994,1547.514861053783,85.39912757633726,373.4029425211994
newton,11.0,0.25,30.0,-1405.521913071144,-662.4035675363666,-391.6118395564532,1548.4194660634976,129.1026394916372,391.6118395564532
newton,11.0,0.25,35.0,-1370.689776056704,-740.0079471985578,-472.397066054051,1547.2544533684713,180.01633435561882,472.397066054051
newton,11.0,0.25,40.0,-1344.1290911148217,-848.2598349441352,-578.5381837644966,1574.9135327799104,214.18479270786054,578.5381837644966
newton,11.0,0.25,45.0,-1216.9612481530926,-1015.4960330365581,-637.3711782292905,1578.5856822384853,142.4574197821081,637.3711782292905
newton,11.0,0.25,50.0,-1185.5856437427976,-1219.3933715133992,-660.7637723282547,1696.189278244065,124.40034368809836,660.7637723282547
newton,11.0,0.25,55.0,-1102.5436277342692,-1386.071161348711,-668.9431828734315,1767.7960702661899,108.13310932097829,668.9431828734315
newton,11.0,0.25,60.0,-969.7451328308113,-1530.6696267542447,-715.092593359271,1810.4713479858265,74.48910685067483,715.092593359271
newton,11.0,0.25,65.0,-867.3163203342044,-1678.5446557432535,-645.3559462347123,1887.8218080678448,76.67191027850845,645.3559462347123
newton,11.0,0.25,70.0,-727.7290021052021,-1828.1951585385877,-640.356450252539,1966.839477437502,58.5620030594896,640.356450252539
newton,11.0,0.25,75.0,-521.988150967741,-1896.7450125347227,-578.8906503916859,1967.2154682805724,13.288103089412516,578.8906503916859
newton,11.0,0.25,80.0,-432.23162160688673,-1982.021850532588,-576.3941316799684,2026.9667184661544,81.49056961448002,576.3941316799684
newton,11.0,0.25,85.0,-192.20717401897286,-2072.84677185543,-552.1421701322558,2081.710923092021,10.81526768975283,552.1421701322558
newton,11.0,0.25,90.0,-25.727300302503863,-2066.8021392523515,-541.272908626328,2066.8021392523515,25.727300302503735,541.272908626328
newton,11.0,0.25,95.0,189.98458326808208,-2033.2599207671597,-633.9562046393348,2042.0810003760212,-12.05135597732658,633.9562046393348
newton,11.0,0.25,100.0,439.6226137864873,-1959.0659217063685,-564.5606068443582,2005.6429741036352,-92.75553122272822,564.5606068443582
newton,11.0,0.25,105.0,608.3379120802193,-1912.3080107857409,-478.3289389304337,2004.597132941685,-92.66756709558587,478.3289389304337
newton,11.0,0.25,110.0,696.8725751325835,-1867.148181580917,-452.69229263958744,1992.8898261719892,-16.243727805595313,452.69229263958744
newton,11.0,0.25,115.0,827.8040828394986,-1822.8585340656591,-506.75710770199464,2001.9160066414022,20.12801864785854,506.75710770199464
newton,11.0,0.25,120.0,1037.440976220616,-1722.468030947846,-493.1813478866337,2010.4215601177032,-37.21622486005856,493.1813478866337
newton,11.0,0.25,125.0,1190.9896602215456,-1602.28255310709,-495.01773901937236,1995.636633947075,-56.57009805891016,495.01773901937236
newton,11.0,0.25,130.0,1368.8024477525532,-1496.2448999103517,-465.41992699701893,2026.039344645384,-86.7958261094484,465.41992699701893
newton,11.0,0.25,135.0,1506.9430836079227,-1359.5815413663595,-433.16720961399284,2026.9390007575398,-104.20034580511742,433.16720961399284
newton,11.0,0.25,140.0,1594.065242584696,-1190.287475601684,-414.5099394743661,1986.2268623329437,-112.83228056662449,414.5099394743661
newton,11.0,0.25,145.0,1644.6922276166388,-1053.7746420006754,-384.9379992830544,1951.6733043542322,-80.15505459586109,384.9379992830544
newton,11.0,0.25,150.0,1675.437380459206,-906.6683242782065,-389.0914472118372,1904.3054960668294,-52.520888598008696,389.0914472118372
newton,11.0,0.25,155.0,1706.5679744173253,-765.2324760652007,-380.966691674749,1870.077063183991,-27.69063893936834,380.966691674749
newton,11.0,0.25,160.0,1764.5028511819942,-603.6701292318905,-380.6888182963295,1864.5576527327319,-36.23115223173386,380.6888182963295
newton,11.0,0.25,165.0,1714.5396769171339,-478.99440260961904,-521.3388175659996,1780.0910280244486,18.917542158457366,521.3388175659996
newton,11.0,0.25,170.0,1743.6742526532635,-255.07443443107766,-400.9786047137318,1761.477133449081,-51.586575795056376,400.9786047137318
newton,11.0,0.25,175.0,1721.9389011634744,-145.2391653343765,-376.7474222349523,1728.044831107747,-5.390377435612692,376.7474222349523
newton,11.0,0.25,180.0,1736.9063802399469,-20.56495981151238,-425.0288099264144,1736.9063802399469,20.564959811512168,425.0288099264144
newton,11.0,0.25,185.0,1713.462140480256,123.02544761848573,-445.52993590521214,1717.6642739914168,26.780766875649277,445.52993590521214
newton,11.0,0.25,190.0,1674.4607378307187,247.81680178579967,-453.169383378295,1692.0548527555852,46.71514797378305,453.169383378295
newton,11.0,0.25,195.0,1650.6647047742772,420.26432843083,-533.5792707894774,1703.1920810604142,21.279293974742927,533.5792707894774
newton,11.0,0.25,200.0,1615.2163602920243,576.108728626686,-512.5120329935896,1714.8476846751564,11.07140998819466,512.5120329935896
newton,11.0,0.25,205.0,1569.526047151037,693.1474437831168,-514.4930582777921,1715.410446311467,35.10544393853456,514.4930582777921
newton,11.0,0.25,210.0,1507.851181483472,771.0250713952951,-566.8773074599916,1691.349963988714,86.19829195870011,566.8773074599916
newton,11.0,0.25,215.0,1436.1060462818416,882.2873703762891,-580.4117241504769,1682.4484493655195,100.98908515443327,580.4117241504769
newton,11.0,0.25,220.0,1351.3401003034403,928.4542573810891,-739.9807884130055,1631.985467406574,157.3874483906759,739.9807884130055
newton,11.0,0.25,225.0,1249.466932674172,1318.9492213116064,-722.048246105014,1816.144479392416,-49.131397467891134,722.048246105014
newton,11.0,0.25,230.0,1203.7911823252598,1492.8589265441597,-758.2980729080112,1917.378341688303,-37.43367509664404,758.2980729080112
newton,11.0,0.25,235.0,1127.1836722280073,1547.3226278359418,-608.1631254811961,1914.0184875960526,35.827010635268834,608.1631254811961
newton,11.0,0.25,240.0,1015.4338395656806,1656.9097491112736,-609.1467054507623,1942.642854291304,50.936626370613794,609.1467054507623
newton,11.0,0.25,245.0,880.9238301979005,1747.6322436593512,-581.8770424120389,1956.187209148998,59.80682611719601,581.8770424120389
newton,11.0,0.25,250.0,737.5932914457521,1802.4554491441882,-617.4524154152277,1946.0258481124715,76.63490205833568,617.4524154152277
newton,11.0,0.25,255.0,583.5637499019889,1897.7870569564254,-617.0444298714319,1984.1589436174133,72.49586342704089,617.0444298714319
newton,11.0,0.25,260.0,474.73166387814223,1925.109461991006,-662.267970815788,1978.2990118791324,133.22767330347722,662.267970815788
newton,11.0,0.25,265.0,291.82665431596115,1995.9712224338919,-698.1536698241059,2013.8103181428148,116.75581139723587,698.1536698241059
newton,11.0,0.25,270.0,52.220828598802534,2074.7139772361543,-768.3424249384841,2074.7139772361543,52.22082859880215,768.3424249384841
newton,11.0,0.25,275.0,-137.78792961762883,2101.984526268904,-803.3949988017075,2105.9948498874583,45.936417684929694,803.3949988017075
newton,11.0,0.25,280.0,-464.0079280060385,2022.2585835603375,-766.550465008933,2072.110062806963,-105.79708715291758,766.550465008933
newton,11.0,0.25,285.0,-635.421751056198,2114.817545227793,-787.8637913454749,2207.216135670512,-66.4152223090914,787.8637913454749
newton,11.0,0.25,290.0,-732.2473442716766,1976.7007264844906,-663.486987704444,2107.9344278172593,-12.015960217993552,663.486987704444
newton,11.0,0.25,295.0,-969.0898471852807,1911.476323092156,-634.3413441308832,2141.9409430426076,-70.46887381846614,634.3413441308832
newton,11.0,0.25,300.0,-1171.580360825776,1789.0644596977118,-597.379429856427,2135.1654515189875,-120.08612520120494,597.379429856427
newton,11.0,0.25,305.0,-1332.2360276434283,1699.388567468317,-606.4617119187023,2156.1968121972045,-116.57462701537361,606.4617119187023
newton,11.0,0.25,310.0,-1484.9034307662737,1530.205122964846,-533.1827168599449,2126.6826581570076,-153.90512838613995,533.1827168599449
newton,11.0,0.25,315.0,-1645.5412306805688,1450.0276016569,-481.7661116515691,2188.8977129755467,-138.2490128970278,481.7661116515691
newton,11.0,0.25,320.0,-1764.733420648533,1289.6073549377559,-455.4331597589198,2180.8078595887755,-146.45222913719,455.4331597589198
newton,11.0,0.25,325.0,-1787.8036763047262,1068.5467616941423,-416.47016587219423,2077.376279879368,-150.13979729002608,416.47016587219423
newton,11.0,0.25,330.0,-1789.4408169423093,868.800091607426,-414.9721331080755,1984.1012518445323,-142.31745832887725,414.9721331080755
newton,11.0,0.25,335.0,-1739.5946325856248,624.0648805927033,-427.01616005673554,1840.349376849017,-169.58959885952288,427.01616005673554
newton,11.0,0.25,340.0,-1717.588831081252,462.08452249192214,-362.70678904315616,1772.0477647226069,-153.232562215938,362.70678904315616
newton,11.0,0.25,345.0,-1681.5804076430054,320.18144841354234,-343.4168823288277,1707.1510014620135,-125.95350524798852,343.4168823288277
newton,11.0,0.25,350.0,-1664.0295417187278,195.79406589709845,-328.6579791668945,1672.7484766669847,-96.13618341414869,328.6579791668945
newton,11.0,0.25,355.0,-1651.3518388178597,69.30433341167385,-310.2940635863803,1651.1082171685325,-74.8841865503898,310.2940635863803
newton,12.0,0.25,0.0,-1351.2178905497713,13.943901908045518,-271.5704585289641,1351.2178905497713,13.943901908045518,271.5704585289641
newton,12.0,0.25,5.0,-1322.081885028209,-108.09982538306436,-289.88050647690454,1326.4724848803958,7.538555751605358,289.88050647690454
newton,12.0,0.25,10.0,-1290.1163009967026,-159.18368121141842,-323.5288057178288,1298.1584916656604,67.26102123644978,323.5288057178288
newton,12.0,0.25,15.0,-1248.102159712178,-262.72527840207647,-330.14906525571894,1273.5724155934756,69.2594775395485,330.14906525571894
newton,12.0,0.25,20.0,-1245.2646122631204,-354.2421904533136,-361.5476639874107,1291.3239318203207,93.02680882460061,361.5476639874107
newton,12.0,0.25,25.0,-1248.8388178401653,-470.96720043868766,-430.7318155104313,1330.871684948468,100.94084919348728,430.7318155104313
newton,12.0,0.25,30.0,-1229.8576610153452,-601.70609523437,-410.0768855276487,1365.9410250953847,93.83606642276936,410.0768855276487
newton,12.0,0.25,35.0,-1202.5312906854756,-702.9262579331586,-434.79111065046004,1388.2379031293644,113.94013114164102,434.79111065046004
newton,12.0,0.25,40.0,-1193.939205353418,-809.6109963604101,-486.00072764890206,1435.0184108093197,147.2513230702583,486.00072764890206
newton,12.0,0.25,45.0,-1103.8714456291245,-979.9450891166128,-566.2060440390885,1473.480802467364,87.62916705773864,566.2060440390885
newton,12.0,0.25,50.0,-1017.4697376724596,-1158.506227639753,-525.0875012344427,1541.4841986090332,34.753589714185296,525.0875012344427
newton,12.0,0.25,55.0,-970.5414656693905,-1277.868066997532,-497.253088019177,1603.4479546222208,62.06601367507142,497.253088019177
newton,12.0,0.25,60.0,-859.5816133495686,-1392.5072886524038,-539.4153352129788,1635.737493602756,48.16586946053724,539.4153352129788
newton,12.0,0.25,65.0,-699.9824015623127,-1508.3979335085473,-460.23820388420677,1662.8981388861323,-3.0770113481061117,460.23820388420677
newton,12.0,0.25,70.0,-587.8958723862463,-1562.149044669186,-442.3297616849909,1669.0121603775033,18.154972918038084,442.3297616849909
newton,12.0,0.25,75.0,-447.0133474056978,-1603.039160799109,-432.445248276434,1664.1124936922379,16.884672095119413,432.445248276434
newton,12.0,0.25,80.0,-352.32251442993424,-1661.7574235061365,-432.20980757098266,1697.6917568762233,58.40879545502065,432.20980757098266
newton,12.0,0.25,85.0,-152.70242757929623,-1679.1690851524327,-440.8579152461645,1686.0882333234642,5.772119924867781,440.8579152461645
newton,12.0,0.25,90.0,-34.96961557261238,-1686.411072640607,-411.5300720281957,1686.411072640607,34.96961557261228,411.5300720281957
newton,12.0,0.25,95.0,139.68906147349364,-1690.938545732924,-451.93583918910144,1696.678717964551,8.217502472691791,451.93583918910144
newton,12.0,0.25,100.0,344.12553886365845,-1635.4206018422929,-388.65219185845103,1670.331660842506,-54.909691453566154,388.65219185845103
newton,12.0,0.25,105.0,477.53481717151584,-1587.9357090461538,-363.3295571773794,1657.4232172378622,-50.275208958675705,363.3295571773794
newton,12.0,0.25,110.0,565.9248098169768,-1528.821262022758,-357.8852797077059,1630.1797429885396,-8.907700548328307,357.8852797077059
newton,12.0,0.25,115.0,690.1553483454015,-1478.7780472659872,-386.18693365487053,1631.900313184796,-0.5345586345719084,386.18693365487053
newton,12.0,0.25,120.0,846.9519883094528,-1404.763562073538,-387.8370377061047,1640.0369252211285,-31.100156624958345,387.8370377061047
newton,12.0,0.25,125.0,987.5722115290371,-1338.010743615744,-387.0613623496756,1662.4823856416174,-41.52036183447956,387.0613623496756
newton,12.0,0.25,130.0,1155.1377618540198,-1197.122344633383,-326.545987311355,1659.5571606407693,-115.39145309592743,326.545987311355
newton,12.0,0.25,135.0,1232.1579577501209,-1123.2098065225093,-306.9446678840962,1665.4965183053744,-77.03797653078175,306.9446678840962
newton,12.0,0.25,140.0,1310.4170303291376,-1024.7437218754899,-288.20779158057434,1662.5302517777432,-57.32059685402146,288.20779158057434
newton,12.0,0.25,145.0,1337.9992519716793,-909.7724791898861,-280.0435178053829,1617.848879013734,-22.20285662002152,280.0435178053829
newton,12.0,0.25,150.0,1335.272048010328,-751.6346727771371,-317.86559585198603,1532.1968509287872,-16.701303014959308,317.86559585198603
newton,12.0,0.25,155.0,1434.2117490355122,-627.5950045457284,-288.77084051533643,1565.0703863086005,-37.329836620381116,288.77084051533643
newton,12.0,0.25,160.0,1443.0858212005694,-528.9463886692637,-303.83322957688034,1536.9674170072044,3.4825988256027927,303.83322957688034
newton,12.0,0.25,165.0,1489.0841789954102,-394.39366233696927,-333.81030582946426,1540.4214570906609,-4.4483211088547705,333.81030582946426
newton,12.0,0.25,170.0,1467.1714317606425,-288.1215669812156,-355.5511706095772,1494.913586048731,28.97270752291081,355.5511706095772
newton,12.0,0.25,175.0,1499.7094754894608,-142.73917776787462,-384.08905199607983,1506.4431672181026,11.487718860347002,384.08905199607983
newton,12.0,0.25,180.0,1459.796441713872,-26.66881516162539,-388.74521195705165,1459.796441713872,26.66881516162521,388.74521195705165
newton,12.0,0.25,185.0,1465.8683934535381,81.07820534947268,-451.08620881596255,1467.3567528665599,46.98917030182072,451.08620881596255
newton,12.0,0.25,190.0,1483.1393851842,227.7793821931938,-431.2863590520344,1500.1606399551072,33.22554990309985,431.2863590520344
newton,12.0,0.25,195.0,1469.2727137475558,375.62242721640035,-445.5227874873785,1516.4266980018294,17.45235738562485,445.5227874873785
newton,12.0,0.25,200.0,1407.5882481424512,467.0785090363023,-469.79370144955186,1482.4505484893612,42.51330610411054,469.79370144955186
newton,12.0,0.25,205.0,1333.851256638262,581.7139814586255,-509.3360881729892,1454.7227323141835,36.49798827706377,509.3360881729892
newton,12.0,0.25,210.0,1356.8502701036475,702.6918053318193,-537.7235564861553,1526.4127057074456,69.87618060331897,537.7235564861553
newton,12.0,0.25,215.0,1374.1626825417388,810.9102232085424,-595.8218080482734,1590.7671666182973,123.92856734276427,595.8218080482734
newton,12.0,0.25,220.0,1276.7414619439091,1161.015291695368,-605.3583983023063,1724.3269463801175,-68.71572006877307,605.3583983023063
newton,12.0,0.25,225.0,1170.0320224367204,1246.5255861677365,-525.7668651502131,1708.7642721721584,-54.0891176313271,525.7668651502131
newton,12.0,0.25,230.0,1084.5156977643678,1321.8844666382863,-458.81127172465654,1709.7355031470406,-18.90373284449538,458.81127172465654
newton,12.0,0.25,235.0,1001.7229343348388,1409.2072914926748,-450.12139431669243,1728.9197045400674,12.275293137271774,450.12139431669243
newton,12.0,0.25,240.0,892.1331583744457,1483.9243136440105,-434.72831705136457,1731.182732096323,30.647821888709814,434.72831705136457
newton,12.0,0.25,245.0,776.7958853693233,1531.3391107151883,-409.95886960514633,1716.152687437065,56.8442867422458,409.95886960514633
newton,12.0,0.25,250.0,646.8902160955638,1597.0806417089473,-413.71691850807605,1722.0143782388986,61.644212543658114,413.71691850807605
newton,12.0,0.25,255.0,537.9364951113669,1626.0404328008167,-464.74844161344646,1709.862658623084,98.75652141589563,464.74844161344646
newton,12.0,0.25,260.0,347.602885789122,1726.8096907608528,-544.9411981185316,1760.9361791069484,42.464660916326864,544.9411981185316
newton,12.0,0.25,265.0,213.27816895779614,1841.649676915924,-504.5729170659865,1853.230061113397,51.956235661879816,504.5729170659865
newton,12.0,0.25,270.0,0.9379740008887937,1839.765297766455,-471.2666162857203,1839.765297766455,0.9379740008884557,471.2666162857203
newton,12.0,0.25,275.0,-138.1731285996952,1884.0297044780666,-470.1414484692393,1888.9029842992823,26.556670122671022,470.1414484692393
newton,12.0,0.25,280.0,-340.15319511405943,1861.921049444456,-460.8151749786882,1892.7012674486673,-11.66630656447245,460.8151749786882
newton,12.0,0.25,285.0,-506.1702211874036,1802.8315161566986,-443.08231527869316,1872.4080152106885,-22.31575765095772,443.08231527869316
newton,12.0,0.25,290.0,-631.388580373357,1740.5162361152898,-437.28206309704115,1851.4978761890877,1.9804227114714195,437.28206309704115
newton,12.0,0.25,295.0,-877.5501567725728,1652.4751750874857,-481.1630913165774,1868.5198409120428,-96.96435453308413,481.1630913165774
newton,12.0,0.25,300.0,-1000.1360015322033,1525.1426977954804,-402.23041685898136,1820.8803214533207,-103.57183566853996,402.23041685898136
newton,12.0,0.25,305.0,-1103.2659174997436,1447.6233775563476,-358.91911437611475,1818.6309823928873,-73.4198736370505,358.91911437611475
newton,12.0,0.25,310.0,-1277.8001394048574,1280.2364871411364,-347.42848966151575,1802.0721441178034,-155.9315448048037,347.42848966151575
newton,12.0,0.25,315.0,-1322.7667835450857,1152.747896892795,-269.54630724055954,1750.4532174644746,-120.22150768162203,269.54630724055954
newton,12.0,0.25,320.0,-1361.3657864861284,1025.6099545935435,-245.515311760419,1702.1160669738997,-89.4062532805633,245.515311760419
newton,12.0,0.25,325.0,-1400.8751404256786,907.7964022530662,-260.560818418202,1668.2203604099377,-59.88569211434162,260.560818418202
newton,12.0,0.25,330.0,-1431.0687715012884,769.5241069134121,-269.0586135717376,1624.1039641394098,-49.106960339097895,269.0586135717376
newton,12.0,0.25,335.0,-1419.8912628625067,626.8297347642667,-318.0711120835567,1551.7682011910508,-31.971307608785878,318.0711120835567
newton,12.0,0.25,340.0,-1441.249767422139,440.9651824575044,-345.95816386609107,1505.150746061736,-78.56472404297796,345.95816386609107
newton,12.0,0.25,345.0,-1406.0535169537166,295.6768816781319,-350.7023915912444,1434.6702133449944,-78.31149237147713,350.7023915912444
newton,12.0,0.25,350.0,-1406.9178327368973,187.25210116605845,-283.81685663076246,1418.059575662219,-59.9013967857087,283.81685663076246
newton,12.0,0.25,355.0,-1369.8344517915152,65.8107836314403,-288.04011235840244,1370.3576058663239,-53.82858535631701,288.04011235840244
newton,13.0,0.25,0.0,-1184.367473313774,7.7599382028129185,-283.9065855559893,1184.367473313774,7.7599382028129185,283.9065855559893
newton,13.0,0.25,5.0,-1144.7570505493804,-73.94457593327274,-330.35055052395995,1146.8455987980622,26.108956508880922,330.35055052395995
newton,13.0,0.25,10.0,-1153.2842289607688,-152.42206235395523,-333.2487764477579,1162.2310634712712,50.15927595476305,333.2487764477579
newton,13.0,0.25,15.0,-1163.5016574683318,-286.08560448593107,-401.4384200957058,1197.900702849425,24.798914058673233,401.4384200957058
newton,13.0,0.25,20.0,-1120.916488517113,-355.5899775890273,-372.5300914355257,1174.935887876954,49.2307400928928,372.5300914355257
newton,13.0,0.25,25.0,-1120.02892092646,-465.39906091135845,-363.7068871942386,1211.777074880019,51.54988267774348,363.7068871942386
newton,13.0,0.25,30.0,-1089.21717063057,-552.6369109187115,-404.8740915028254,1219.608195463639,66.01098139072292,404.8740915028254
newton,13.0,0.25,35.0,-1078.28870835236,-623.1979265603259,-395.0115368522305,1240.7340456384047,107.98713915576701,395.0115368522305
newton,13.0,0.25,40.0,-1012.0726358819055,-743.4915666328017,-429.0778728645846,1253.1997856881094,81.00016732280415,429.0778728645846
newton,13.0,0.25,45.0,-973.3114227430358,-898.2612644296053,-460.9072869070401,1323.4017385833035,53.06847587255061,460.9072869070401
newton,13.0,0.25,50.0,-865.9227336715439,-1057.0608957610884,-443.39977193188474,1366.3600293861168,-16.130348179901148,443.39977193188474
newton,13.0,0.25,55.0,-821.956732036987,-1143.8537277734902,-382.83401699663426,1408.445132669765,17.219992482018938,382.83401699663426
newton,13.0,0.25,60.0,-723.7603005339053,-1218.8255807179805,-413.89627672695036,1417.4140659510444,17.38201615403159,413.89627672695036
newton,13.0,0.25,65.0,-581.6390961850424,-1299.3760818187309,-379.6655128506428,1423.4459650316412,-21.996018928209992,379.6655128506428
newton,13.0,0.25,70.0,-494.5174248787969,-1339.4608534119343,-322.77922057251703,1427.8164003168768,6.571781945582757,322.77922057251703
newton,13.0,0.25,75.0,-385.0105932906132,-1377.6891606292043,-344.2718238989155,1430.3936149600886,15.319482452136072,344.2718238989155
newton,13.0,0.25,80.0,-295.1469551955772,-1448.8502885520095,-334.75022245435184,1478.090728033649,39.07279743528849,334.75022245435184
newton,13.0,0.25,85.0,-184.45030261990271,-1460.0452832524347,-349.8315194238524,1470.5652732748042,56.49708242428423,349.8315194238524
newton,13.0,0.25,90.0,-64.99905266001588,-1457.418793543824,-372.6617294329335,1457.418793543824,64.99905266001579,372.6617294329335
newton,13.0,0.25,95.0,160.9707268436882,-1376.6219516726542,-377.63748468722315,1385.4130127917012,-40.37767594889574,377.63748468722315
newton,13.0,0.25,100.0,284.8571126907896,-1384.3394909081626,-353.4633843185363,1412.7731819615508,-40.14146320999342,353.4633843185363
newton,13.0,0.25,105.0,394.76901572369826,-1353.0142742333821,-312.88771250783896,1409.0851705054533,-31.13172523907116,312.88771250783896
newton,13.0,0.25,110.0,534.3093163176209,-1323.985663045887,-339.8268432656301,1426.8841065377508,-49.25675552474735,339.8268432656301
newton,13.0,0.25,115.0,605.2794751385337,-1298.751748780112,-320.432546323171,1432.8709829972524,0.30670485063478736,320.432546323171
newton,13.0,0.25,120.0,736.9197867440195,-1219.4097324637444,-328.55253014837234,1424.4996993075983,-28.486389639859908,328.55253014837234
newton,13.0,0.25,125.0,876.2832459678455,-1118.1557220185446,-293.0055452135742,1418.5549669812883,-76.46143798982621,293.0055452135742
newton,13.0,0.25,130.0,964.0910045886131,-1031.4215021870732,-239.09012774895248,1409.8204626236454,-75.55159475597168,239.09012774895248
newton,13.0,0.25,135.0,1023.9289977990009,-953.4659252060803,-219.48471613476642,1398.229359140744,-49.824916453694186,219.48471613476642
newton,13.0,0.25,140.0,1043.161144525107,-886.9117582080702,-235.52347344435128,1369.2036871025427,8.882765305006501,235.52347344435128
newton,13.0,0.25,145.0,1084.047805254908,-754.6582165485836,-267.7461589097435,1320.8541462925255,-3.6044561470257577,267.7461589097435
newton,13.0,0.25,150.0,1162.410498104894,-652.8845606727862,-239.27074690138858,1333.1193013209545,-15.790633771171429,239.27074690138858
newton,13.0,0.25,155.0,1228.7808447728642,-557.558268622409,-258.6048860773109,1349.2879544834761,-13.985824099014678,258.6048860773109
newton,13.0,0.25,160.0,1263.542865198031,-453.15306978983773,-279.3413378575664,1342.3293843512606,-6.332516085164684,279.3413378575664
newton,13.0,0.25,165.0,1273.8269853372476,-354.8425984671409,-270.4761319663367,1322.2624058581564,13.060946156123634,270.4761319663367
newton,13.0,0.25,170.0,1331.696327200568,-232.99118329595393,-358.0774485856686,1351.9233620768057,-1.795116730778858,358.0774485856686
newton,13.0,0.25,175.0,1323.2083222301067,-149.0421678120768,-335.35230406189146,1331.162995912889,33.14981323264355,335.35230406189146
newton,13.0,0.25,180.0,1363.6071591943182,-14.770730993332108,-376.0237260471331,1363.6071591943182,14.770730993331942,376.0237260471331
newton,13.0,0.25,185.0,1386.5677471505455,114.14456833311431,-358.7500550611375,1391.2397928900727,7.13712808343314,358.7500550611375
newton,13.0,0.25,190.0,1365.5720953701345,202.35607027953986,-353.9999973085669,1379.9647496615182,37.84727895346154,353.9999973085669
newton,13.0,0.25,195.0,1347.723263994223,274.8374734007462,-388.4574860016054,1372.9338798065905,83.34383465962173,388.4574860016054
newton,13.0,0.25,200.0,1140.3936745827907,443.19750365079443,-497.88387829307925,1223.2019945165982,-26.43181570289522,497.88387829307925
newton,13.0,0.25,205.0,1315.0517683468179,618.3660315619327,-451.14445610605895,1453.1744353872364,-4.665057205765606,451.14445610605895
newton,13.0,0.25,210.0,1257.4238209927207,758.3617972550992,-455.54992208119165,1468.141870930942,-28.048671186179376,455.54992208119165
newton,13.0,0.25,215.0,1240.729027395781,880.965937453794,-398.3849743438443,1521.6470221513523,-9.99211460327183,398.3849743438443
newton,13.0,0.25,220.0,1165.869307862839,1008.7552841617162,-366.87648923178426,1541.523102556272,-23.34503429093411,366.87648923178426
newton,13.0,0.25,225.0,1064.8733783122793,1103.3501892307281,-342.2951793297809,1533.165587738149,-27.20721391886798,342.2951793297809
newton,13.0,0.25,230.0,963.1605382399508,1190.6228741318557,-297.9032076318816,1531.1776966987131,-27.493853151135,297.9032076318816
newton,13.0,0.25,235.0,873.8201670756898,1221.1264817753586,-278.5604597996988,1501.490911324659,15.382200450398386,278.5604597996988
newton,13.0,0.25,240.0,768.1700711841984,1243.6464554440481,-299.34316888627706,1461.1144593331169,43.43156835039167,299.34316888627706
newton,13.0,0.25,245.0,665.9374729185329,1300.8074255457013,-325.90612267624147,1460.369236439991,53.79934434205643,325.90612267624147
newton,13.0,0.25,250.0,559.3265671102854,1363.0900844851026,-361.14004416035993,1472.1866465060054,59.39078166165689,361.14004416035993
newton,13.0,0.25,255.0,433.6579183241848,1458.6748517548638,-344.78637831982104,1521.2106397902135,41.34855083783083,344.78637831982104
newton,13.0,0.25,260.0,274.3570560079384,1545.8145162767455,-309.27182736461765,1569.9717231539976,1.7610820876780622,309.27182736461765
newton,13.0,0.25,265.0,166.43347938746734,1553.0644230685775,-310.16294599534905,1561.6601775699244,30.441666423251576,310.16294599534905
newton,13.0,0.25,270.0,4.864688322923763,1577.8235597035527,-312.4306919099763,1577.8235597035527,4.864688322923474,312.4306919099763
newton,13.0,0.25,275.0,-128.78548618439305,1556.743622316646,-293.5519471051951,1562.0441375435005,7.38372814262658,293.5519471051951
newton,13.0,0.25,280.0,-277.6138467261036,1529.52469898633,-317.5237362041889,1554.494920564496,-7.797091923873836,317.5237362041889
newton,13.0,0.25,285.0,-410.3374229328238,1468.9958495639903,-291.9508165284939,1525.144169778612,-16.151411259997246,291.9508165284939
newton,13.0,0.25,290.0,-523.4270568315807,1414.813729732477,-287.57726954543773,1508.5126186142675,-7.965748202096563,287.57726954543773
newton,13.0,0.25,295.0,-681.2861581132179,1328.7829279649463,-310.1068306947794,1492.2102867857982,-55.88701905102869,310.1068306947794
newton,13.0,0.25,300.0,-833.7910261542972,1269.7079356179718,-262.46900012717026,1516.4948407090087,-87.23024228813063,262.46900012717026
newton,13.0,0.25,305.0,-887.7565283983184,1178.60791568055,-280.35351514082913,1474.6553094509939,-51.18584693719697,280.35351514082913
newton,13.0,0.25,310.0,-1025.7850900001627,1043.8341275785865,-230.89046746872907,1458.9852790228188,-114.83332425345179,230.89046746872907
newton,13.0,0.25,315.0,-1051.3762231589344,963.6472767914258,-197.0456661763178,1424.8367810651505,-62.033732882816594,197.0456661763178
newton,13.0,0.25,320.0,-1111.23681670985,847.0408019163903,-190.40272294444281,1395.724120800609,-65.41835780551025,190.40272294444281
newton,13.0,0.25,325.0,-1132.1675081234594,753.8152235967017,-210.88712394426474,1359.7879783746687,-31.89532323649678,210.88712394426474
newton,13.0,0.25,330.0,-1157.131804572391,660.9102219910416,-202.9217083052954,1332.5606492821419,-6.200860421141556,202.9217083052954
newton,13.0,0.25,335.0,-1213.875754973039,568.3988388032886,-232.23962156801306,1340.3607784575356,2.1382322141254235,232.23962156801306
newton,13.0,0.25,340.0,-1266.947650304206,429.9891757785416,-272.0653662967312,1337.606317441171,-29.263961446253234,272.0653662967312
newton,13.0,0.25,345.0,-1246.6430395400162,316.51529105668374,-281.24308549250213,1286.084893446843,-16.924667030398723,281.24308549250213
newton,13.0,0.25,350.0,-1230.43103575673,207.44696791729137,-269.1221124292646,1247.7608115014368,-9.366724760166477,269.1221124292646
newton,13.0,0.25,355.0,-1198.644073651088,82.71672998402849,-290.49611273016194,1201.2921091097212,-22.06674667556375,290.49611273016194
newton,14.0,0.25,0.0,-1037.952475444763,38.760864274037885,-318.1631445065723,1037.952475444763,38.760864274037885,318.1631445065723
newton,14.0,0.25,5.0,-1082.6452456111185,-91.03473381734509,-346.5123592258295,1086.459653433718,3.6704313424253314,346.5123592258295
newton,14.0,0.25,10.0,-1076.2559648312567,-153.8735442987677,-324.45034553860955,1086.6250789500887,35.3540275872177,324.45034553860955
newton,14.0,0.25,15.0,-1070.2511553501358,-262.9840685077068,-358.72093751014324,1101.8485170567506,22.978278373424075,358.72093751014324
newton,14.0,0.25,20.0,-1034.8337844616383,-328.36483287683274,-448.39304582219955,1084.7330582022003,45.37198889985592,448.39304582219955
newton,14.0,0.25,25.0,-1018.6512918284502,-441.49500538226255,-364.9505951639656,1109.79544980092,30.370276956725377,364.9505951639656
newton,14.0,0.25,30.0,-1011.7730223119744,-517.7006859927917,-370.1711128012944,1135.0714831823254,57.5445655295988,370.1711128012944
newton,14.0,0.25,35.0,-975.9604879836114,-596.9498662700174,-446.53702896627306,1141.8564058524476,70.7952354239427,446.53702896627306
newton,14.0,0.25,40.0,-955.9466378024747,-789.9295762358993,-465.51892381100424,1240.0545539362306,9.349491970096892,465.51892381100424
newton,14.0,0.25,45.0,-900.9929883180668,-943.3206158023556,-381.82641183222063,1304.1266561081525,-29.930152425678784,381.82641183222063
newton,14.0,0.25,50.0,-850.5839053310526,-1032.7541466996997,-349.16278066963065,1337.8803705329758,-12.256495265669855,349.16278066963065
newton,14.0,0.25,55.0,-751.6427310030488,-1075.1420486378383,-285.14556175576575,1311.8293661006367,-0.9664651527461956,285.14556175576575
newton,14.0,0.25,60.0,-667.4930557083403,-1112.9752267088204,-306.92337079251615,1297.6113479667536,21.57832973871382,306.92337079251615
newton,14.0,0.25,65.0,-536.8641769813771,-1154.305967146371,-298.2849801601662,1273.0450919143482,-1.2665971730719434,298.2849801601662
newton,14.0,0.25,70.0,-439.99710300797324,-1160.035120593652,-289.25626359152784,1240.5643149080122,16.706652655519292,289.25626359152784
newton,14.0,0.25,75.0,-322.72003298595666,-1254.1220861139184,-298.34230068614255,1294.915003069836,-12.867066247990067,298.34230068614255
newton,14.0,0.25,80.0,-239.8055243621151,-1249.9752903027124,-246.2343697058974,1272.6271492637406,19.106408317210565,246.2343697058974
newton,14.0,0.25,85.0,-133.11258617482923,-1271.8728043530646,-273.4238783343418,1278.6344706607317,21.75503365270724,273.4238783343418
newton,14.0,0.25,90.0,-42.76214022375643,-1283.6915001053421,-305.34362451705965,1283.6915001053421,42.762140223756354,305.34362451705965
newton,14.0,0.25,95.0,127.7941281393536,-1302.517407406757,-301.0594704155134,1308.6989275875922,-13.785960815391135,301.0594704155134
newton,14.0,0.25,100.0,244.82196183439518,-1260.8255177907326,-317.41241984475886,1284.1836326413306,-22.162512601846743,317.41241984475886
newton,14.0,0.25,105.0,338.7407136872649,-1234.6419859362777,-282.8996257185456,1280.2451284905596,-7.649543922612622,282.8996257185456
newton,14.0,0.25,110.0,430.27700645491416,-1167.5459041363217,-266.6091781919893,1244.2976739631627,-5.003910387531334,266.6091781919893
newton,14.0,0.25,115.0,521.4820496185308,-1114.3927520163506,-269.02132729246694,1230.3706663083817,-1.6605146155229136,269.02132729246694
newton,14.0,0.25,120.0,642.0672565075116,-1059.082823559747,-286.00500870489543,1238.226258168249,-26.505143293811216,286.00500870489543
newton,14.0,0.25,125.0,757.448661161577,-933.4978387215647,-252.84427941181204,1199.1313667160537,-85.03325555914682,252.84427941181204
newton,14.0,0.25,130.0,817.918584970505,-871.0594959730664,-232.26761972727448,1193.018218667573,-66.6557356291039,232.26761972727448
newton,14.0,0.25,135.0,863.7914779026931,-813.2689593707944,-201.31017080668715,1185.8608076557598,-35.724815456528745,201.31017080668715
newton,14.0,0.25,140.0,898.0150225544644,-777.3775667505062,-207.84469489931976,1187.6080858207072,18.27283540418955,207.84469489931976
newton,14.0,0.25,145.0,944.9849963833707,-632.3313925374106,-298.9994500474222,1136.776778334366,-24.04557376565492,298.9994500474222
newton,14.0,0.25,150.0,1056.1888975379813,-559.4557573414987,-266.34053419773323,1194.4142951337208,-43.591550617790176,266.34053419773323
newton,14.0,0.25,155.0,1082.0025534698402,-481.08904648432497,-228.68390444241032,1183.9443563709515,-21.259289259641548,228.68390444241032
newton,14.0,0.25,160.0,1127.9291442736499,-406.8677617170257,-235.0366524691567,1199.0636638203641,-3.4438542645044095,235.0366524691567
newton,14.0,0.25,165.0,1135.8817448040227,-310.73482953339897,-253.55851746000704,1177.601604776423,6.158968434278563,253.55851746000704
newton,14.0,0.25,170.0,1161.187893002872,-237.0867201792069,-303.6998970360364,1184.7165166412872,31.84667861986773,303.6998970360364
newton,14.0,0.25,175.0,1200.580600523112,-87.32085379328757,-290.220674015518,1203.6225427426418,-17.648922385303777,290.220674015518
newton,14.0,0.25,180.0,1239.9279327170225,34.540546473435825,-284.77782273024786,1239.9279327170225,-34.540546473435974,284.77782273024786
newton,14.0,0.25,185.0,1256.7942639539674,131.42413982115409,-257.2364580878008,1263.4661508641448,-21.387193735197854,257.2364580878008
newton,14.0,0.25,190.0,1243.8604252955029,212.13596915727067,-290.6790832425512,1261.8004149578417,7.0809490057383755,290.6790832425512
newton,14.0,0.25,195.0,1244.0276726413204,319.27454690477634,-299.0836108745125,1284.272790977968,13.58252378207385,299.0836108745125
newton,14.0,0.25,200.0,1278.6610469583877,452.43576468367957,-297.68233631876603,1356.2904953959514,12.1772850927739,297.68233631876603
newton,14.0,0.25,205.0,1202.5149133417106,550.3972503140258,-292.4458778566346,1322.4565591838689,9.3754484705795,292.4458778566346
newton,14.0,0.25,210.0,1137.2386892937996,699.8767624943234,-263.72131304858533,1334.8159763421102,-37.49171119159223,263.72131304858533
newton,14.0,0.25,215.0,1082.4112428299693,777.1533757415178,-231.0461376002273,1332.416246081563,-15.761193136034649,231.0461376002273
newton,14.0,0.25,220.0,993.3447681732289,869.6369724439572,-279.6431172786752,1319.9381105727016,-27.670861142806075,279.6431172786752
newton,14.0,0.25,225.0,894.6314661884567,956.7108878872559,-207.29017352950603,1309.0967328648028,-43.89678005536052,207.29017352950603
newton,14.0,0.25,230.0,838.5617990971859,996.839839646028,-169.88428111083667,1302.640754256577,1.619308643868294,169.88428111083667
newton,14.0,0.25,235.0,781.5759552399786,1046.3630682865708,-214.00812048397404,1305.423997599658,40.06034166479196,214.00812048397404
newton,14.0,0.25,240.0,648.183999073029,1042.347787655282,-247.79755736252943,1226.7916632244965,40.16991569619063,247.79755736252943
newton,14.0,0.25,245.0,575.1093251202362,1180.2990302017058,-226.90701741335022,1312.7659053967932,22.41013527578474,226.90701741335022
newton,14.0,0.25,250.0,505.39468302706365,1252.2229077162785,-252.0411181703193,1349.5597878850078,46.6301958521579,252.0411181703193
newton,14.0,0.25,255.0,354.7190078271038,1303.324990257778,-251.50502513333484,1350.7233030234606,5.306921299063674,251.50502513333484
newton,14.0,0.25,260.0,241.31856815367883,1320.478762742484,-222.5971153397208,1342.3222528338454,8.353666065432634,222.5971153397208
newton,14.0,0.25,265.0,142.49891160904855,1357.0027426897468,-231.96928379252932,1364.2585360455025,23.686078279044196,231.96928379252932
newton,14.0,0.25,270.0,-6.401172999452163,1346.942471421833,-233.63010855999903,1346.942471421833,-6.4011729994524105,233.63010855999903
newton,14.0,0.25,275.0,-111.732465442472,1338.8963403260916,-211.62676121382748,1343.5395615419593,5.385215324731661,211.62676121382748
newton,14.0,0.25,280.0,-223.40943287450528,1325.2548617186912,-230.3000795185137,1343.915903429949,10.11275009081669,230.3000795185137
newton,14.0,0.25,285.0,-317.13525132356443,1252.262293013775,-257.8640320069253,1291.6731330258867,17.78020121561235,257.8640320069253
newton,14.0,0.25,290.0,-431.47761986020197,1195.6426218570878,-259.6092706250336,1271.1105862426264,3.477525476940741,259.6092706250336
newton,14.0,0.25,295.0,-606.4946539030927,1132.391332311547,-259.25418080089344,1282.6107988343142,-71.10157115672979,259.25418080089344
newton,14.0,0.25,300.0,-665.2805038751243,1078.6314324887508,-216.2992433932647,1266.7624737932201,-36.834100753993766,216.2992433932647
newton,14.0,0.25,305.0,-730.4052498860465,990.5607894220443,-235.08173891860335,1230.363135969319,-30.15062601779175,235.08173891860335
newton,14.0,0.25,310.0,-829.7153056218459,888.7452401944947,-194.79275874528904,1214.1490706204368,-64.32437067747117,194.79275874528904
newton,14.0,0.25,315.0,-860.9865945101859,792.1647277657764,-180.95013008576487,1168.9545103088406,-48.66440866888911,180.95013008576487
newton,14.0,0.25,320.0,-911.5078414759389,702.6970404767186,-171.1432569427293,1149.9404678038527,-47.60878357951435,171.1432569427293
newton,14.0,0.25,325.0,-948.3878161362668,657.1801701528126,-176.95181543575396,1153.8168784036197,-5.642424011327648,176.95181543575396
newton,14.0,0.25,330.0,-1013.0580516207949,577.7353860779308,-203.04440853586735,1166.201701250941,-6.195504801699485,203.04440853586735
newton,14.0,0.25,335.0,-1041.5570303314141,495.6802455713955,-212.5814823624237,1153.454770994715,9.057844779127777,212.5814823624237
newton,14.0,0.25,340.0,-1050.2344631397596,367.27972060184965,-242.84799807785276,1112.5146377883384,-14.071298394748851,242.84799807785276
newton,14.0,0.25,345.0,-1083.2563908709496,254.66972200060346,-235.22232429914703,1112.2586986996566,-34.37532303218188,235.22232429914703
newton,14.0,0.25,350.0,-1119.7331873512285,186.93898834402324,-227.52209941527767,1135.1835388694003,-10.340662395271494,227.52209941527767
newton,14.0,0.25,355.0,-1074.4096754763443,133.8331030380108,-281.92061767132464,1081.985545787509,39.68285439422131,281.92061767132464
newton,15.0,0.25,0.0,-1055.3184778700816,27.932131793633744,-323.2222652208584,1055.3184778700816,27.932131793633744,323.2222652208584
newton,15.0,0.25,5.0,-1072.445325539561,-95.87113795631531,-319.07401214920833,1076.7200675324325,-2.036550428449118,319.07401214920833
newton,15.0,0.25,10.0,-1066.427919058912,-173.9419997880155,-297.0435044702246,1080.4311940008224,13.883834792031251,297.0435044702246
newton,15.0,0.25,15.0,-1063.432208884747,-301.4529484079989,-332.1425136104736,1105.2183993197061,-15.94467944345763,332.1425136104736
newton,15.0,0.25,20.0,-1118.4683842665083,-376.31866148200425,-301.6725856000445,1179.7250498137748,28.91484783339058,301.6725856000445
newton,15.0,0.25,25.0,-1086.5047824043868,-446.2160947727932,-309.5640975140984,1173.2868152792578,54.76764111903253,309.5640975140984
newton,15.0,0.25,30.0,-1072.255923590645,-559.8786483489143,-290.6823281117838,1208.5401933623016,51.25882928866804,290.6823281117838
newton,15.0,0.25,35.0,-1016.2004249219361,-709.0494278286579,-285.54285784094355,1239.1166994928558,2.0493300373577767,285.54285784094355
newton,15.0,0.25,40.0,-951.5176527185353,-809.5607282526669,-239.50365121728632,1249.2804158042732,-8.535739679814583,239.50365121728632
newton,15.0,0.25,45.0,-853.7760295368173,-870.0083527093631,-222.59131051969288,1218.899625989738,-11.477985789718673,222.59131051969288
newton,15.0,0.25,50.0,-771.3052025764014,-901.3531008943389,-210.3743717201868,1186.261961731045,11.475459174987577,210.3743717201868
newton,15.0,0.25,55.0,-675.3125092305974,-926.7545681924578,-207.80658662547273,1146.4962415567825,21.619039874290138,207.80658662547273
newton,15.0,0.25,60.0,-584.9238124055231,-969.4833769057739,-211.19085778462696,1132.0591391498856,21.817192368739313,211.19085778462696
newton,15.0,0.25,65.0,-494.8457658438649,-1004.3159462426866,-244.47120078709827,1119.3502201155077,24.04031152685951,244.47120078709827
newton,15.0,0.25,70.0,-424.82214729772284,-1039.6132838145763,-246.34328495819452,1122.2146629782492,43.633552628563734,246.34328495819452
newton,15.0,0.25,75.0,-252.49223550277247,-1075.5292970136736,-256.37695276162077,1104.2313242046619,-34.4786944232749,256.37695276162077
newton,15.0,0.25,80.0,-190.2400293215161,-1113.0161724342763,-194.6120942223523,1129.1417902522328,-5.923374247935243,194.6120942223523
newton,15.0,0.25,85.0,-109.14776623091198,-1129.6619043204846,-190.11370390843854,1134.8760543553944,10.275903703006037,190.11370390843854
newton,15.0,0.25,90.0,-39.11984848151042,-1156.9165437129996,-259.99191942685866,1156.9165437129996,39.119848481510346,259.99191942685866
newton,15.0,0.25,95.0,102.65398910598535,-1118.2568903208144,-235.8588317433876,1122.9484699087002,-4.800849826753236,235.8588317433876
newton,15.0,0.25,100.0,222.40419729278412,-1115.0885813855639,-209.3696329498404,1136.7679638092561,-25.392277701584874,209.3696329498404
newton,15.0,0.25,105.0,301.6671638646156,-1090.7122339256614,-216.898929207825,1131.6243230884656,-9.091005653931518,216.898929207825
newton,15.0,0.25,110.0,355.9095446024164,-1045.734736698878,-218.74508014797897,1104.3974488313224,23.21677179621679,218.74508014797897
newton,15.0,0.25,115.0,458.3905280444808,-987.6856351174508,-247.7486230676089,1088.8713904117449,1.9710811890408308,247.7486230676089
newton,15.0,0.25,120.0,577.7167259534161,-946.2548504627431,-229.26076894661543,1108.3391019316887,-27.18993563545979,229.26076894661543
newton,15.0,0.25,125.0,641.7831275060662,-851.1310718993723,-218.1348934286386,1065.31743668941,-37.52923379908873,218.1348934286386
newton,15.0,0.25,130.0,727.3016826089021,-779.0475511257432,-199.0875275054555,1064.2855575504977,-56.3832992133635,199.0875275054555
newton,15.0,0.25,135.0,751.7661094292188,-755.0406804850664,-189.54802808369092,1065.4732990863245,2.3154713990669507,189.54802808369092
newton,15.0,0.25,140.0,808.8738474886549,-692.1006775115128,-185.7002381513772,1064.5070562130115,10.245791121387242,185.7002381513772
newton,15.0,0.25,145.0,921.5000654889063,-594.9034344485283,-247.6910170605771,1096.0712543616623,-41.23435917732809,247.6910170605771
newton,15.0,0.25,150.0,946.7304615520238,-532.9812881519166,-192.9306494072616,1086.3832743165776,-11.789895494697987,192.9306494072616
newton,15.0,0.25,155.0,1022.0172167044826,-434.5122725035079,-195.75034658677674,1109.8949832952296,-38.12128345979613,195.75034658677674
newton,15.0,0.25,160.0,1046.824317937582,-363.91601251983457,-194.0194070590324,1108.1596935857272,-16.065811707086596,194.0194070590324
newton,15.0,0.25,165.0,1173.7246682025122,-233.1572796007677,-292.49974481391416,1194.076514434346,-78.56965988376467,292.49974481391416
newton,15.0,0.25,170.0,1071.0129960355857,-198.41627812330717,-212.88084226899576,1089.196527188245,9.422434000480763,212.88084226899576
newton,15.0,0.25,175.0,1104.8762539296504,-56.21354128196066,-205.2757467673489,1105.5711991550922,-40.2966787694382,205.2757467673489
newton,15.0,0.25,180.0,1140.8134883882083,23.07984726437267,-198.0473062808887,1140.8134883882083,-23.07984726437281,198.0473062808887
newton,15.0,0.25,185.0,1159.9138490185082,119.2252618892963,-198.2350373730487,1165.891192889673,-17.678420738213973,198.2350373730487
newton,15.0,0.25,190.0,1167.829108675314,198.08183481003152,-220.0419268766037,1184.4837100604698,7.718869896061477,220.0419268766037
newton,15.0,0.25,195.0,1139.3195959606044,323.53200183863277,-210.15436810622614,1184.234465911556,-17.630306313824292,210.15436810622614
newton,15.0,0.25,200.0,1100.8741729827316,399.89792137616917,-182.50302352266104,1171.2564811503769,0.7400166422712573,182.50302352266104
newton,15.0,0.25,205.0,1026.0846642286187,500.3554664132072,-187.61640060409866,1141.40787881729,-19.83393830155677,187.61640060409866
newton,15.0,0.25,210.0,992.950501003191,585.205634236605,-164.47980742984402,1152.5231756875517,-10.327695185088714,164.47980742984402
newton,15.0,0.25,215.0,908.8430716281899,664.871649755172,-162.0420678877904,1125.8353715595308,-23.340000859907946,162.0420678877904
newton,15.0,0.25,220.0,862.5720685185614,737.888720443148,-143.3980138744886,1135.0742667065965,-10.804915830226719,143.3980138744886
newton,15.0,0.25,225.0,779.9001977625451,797.2844605662344,-169.5290575094414,1115.237967087668,-12.292530114418014,169.5290575094414
newton,15.0,0.25,230.0,696.9454869986547,836.7334964107746,-138.80838807814933,1088.9629689666735,-3.9507066303731335,138.80838807814933
newton,15.0,0.25,235.0,664.0934840679056,904.8852152884361,-152.2149986529059,1122.1469479460263,24.972697981333113,152.2149986529059
newton,15.0,0.25,240.0,600.6158662330716,1001.3163732674317,-172.92363501535965,1167.4733495914331,19.490411440119885,172.92363501535965
newton,15.0,0.25,245.0,462.2132616981621,1036.9013265947576,-187.80940220119243,1135.0915118938378,-19.305957893448124,187.80940220119243
newton,15.0,0.25,250.0,404.6907756023056,1107.128750179166,-151.64299605472593,1178.7731138773643,1.6246017173659197,151.64299605472593
newton,15.0,0.25,255.0,321.9110359084887,1124.0327724841031,-174.6888438309578,1169.0489914594978,20.021094513202513,174.6888438309578
newton,15.0,0.25,260.0,200.21207791106025,1163.2238574067865,-186.46769985436552,1180.3183357391356,-4.821296483889313,186.46769985436552
newton,15.0,0.25,265.0,120.53847536143834,1179.4225270660743,-172.21141527295174,1185.440088622988,17.286343711363614,172.21141527295174
newton,15.0,0.25,270.0,10.609939254042269,1198.7297167132565,-174.9415547900425,1198.7297167132565,10.609939254042049,174.9415547900425
newton,15.0,0.25,275.0,-93.13134626264363,1177.8955944795316,-162.37788141926492,1181.5302777827442,9.883412043065533,162.37788141926492
newton,15.0,0.25,280.0,-167.73137924540228,1150.4383241725452,-179.2571671063228,1162.0868293510193,34.58835580645618,179.2571671063228
newton,15.0,0.25,285.0,-269.29767058431406,1143.8657853802042,-205.40430751385486,1174.588869856133,35.93267532067398,205.40430751385486
newton,15.0,0.25,290.0,-386.4444677743722,1098.9223803069535,-225.9640189554937,1164.8210438465326,12.7145753052543,225.9640189554937
newton,15.0,0.25,295.0,-525.7125683818266,1027.8817088860262,-214.67230233458307,1153.7529287407106,-42.05581338301448,214.67230233458307
newton,15.0,0.25,300.0,-573.8741449856237,969.3649120832961,-216.00203045150795,1126.4317118942154,-12.307132090976097,216.00203045150795
newton,15.0,0.25,305.0,-679.6946637435834,893.5078689516922,-200.00650510548485,1121.7756404769464,-44.278213972946105,200.00650510548485
newton,15.0,0.25,310.0,-705.4130109442309,780.1068941331496,-181.9640438105023,1051.027294436131,-38.93467135781759,181.9640438105023
newton,15.0,0.25,315.0,-749.6668748349299,715.8792691869089,-193.50023801253167,1036.2976165796388,-23.89144507377273,193.50023801253167
newton,15.0,0.25,320.0,-835.8943805874394,637.8768629457447,-183.27358594496107,1050.3515892906316,-48.66052459445723,183.27358594496107
newton,15.0,0.25,325.0,-846.8148016834275,584.4839741579494,-185.21971196581862,1028.9163109349704,-6.931773913260088,185.21971196581862
newton,15.0,0.25,330.0,-885.183121395449,498.9020850239928,-187.29149943922212,1016.04211264166,-10.529681065923342,187.29149943922212
newton,15.0,0.25,335.0,-892.6583081427272,449.5625471037772,-212.69816044184046,999.0165180334346,30.18833468451129,212.69816044184046
newton,15.0,0.25,340.0,-953.3868179840986,335.13839268348414,-252.91871026786941,1010.514638713755,-11.15042158500438,252.91871026786941
newton,15.0,0.25,345.0,-971.7686639725946,206.6544994371302,-225.94341476320585,992.1425699200098,-51.89931954477544,225.94341476320585
newton,15.0,0.25,350.0,-979.5096005355872,175.91568166784916,-227.381559942138,995.1760863019949,3.1530700426577596,227.381559942138
newton,15.0,0.25,355.0,-1015.5376367293917,124.9758214966842,-276.4885868298907,1022.5655699704834,35.990313747305464,276.4885868298907
newton,2.0,0.5,0.0,-6984.147274929623,746.0091894589423,-14044.93040947325,6984.147274929623,746.0091894589423,14044.93040947325
newton,2.0,0.5,5.0,-6780.908725940664,-545.1759418567542,-14282.440646639525,6802.620535166822,47.89375370856271,14282.440646639525
newton,2.0,0.5,10.0,-6458.047003995436,-1926.9150889064763,-14102.784976104378,6694.540052559489,-776.2128254201193,14102.784976104378
newton,2.0,0.5,15.0,-6105.295517276564,-3027.5838831228266,-13572.940490848901,6680.858986861942,-1344.2547081146613,13572.940490848901
newton,2.0,0.5,20.0,-5823.157280595863,-3750.991341231494,-13083.929406116715,6754.892522393008,-1533.141796269764,13083.929406116715
newton,2.0,0.5,25.0,-5613.134774599135,-4381.36011032986,-12841.073643502885,6938.870549793051,-1598.6475244463481,12841.073643502885
newton,2.0,0.5,30.0,-5419.073497758577,-5082.126056331361,-12658.23191891571,7234.118342199603,-1691.7135211384957,12658.23191891571
newton,2.0,0.5,35.0,-5231.0841550766345,-5824.893729736235,-12519.235382379213,7626.075067104442,-1771.0469985582881,12519.235382379213
newton,2.0,0.5,40.0,-4857.775494999852,-6546.178749461991,-12264.86192582856,7929.074514811671,-1892.1459558640995,12264.86192582856
newton,2.0,0.5,45.0,-4399.933633761914,-7085.914332880814,-11802.313183264274,8121.720984890792,-1899.2751664831585,11802.313183264274
newton,2.0,0.5,50.0,-3921.945229288299,-7401.935176620153,-11358.808772752118,8191.189109632511,-1753.4878701210928,11358.808772752118
newton,2.0,0.5,55.0,-3356.0521203042244,-7640.241195068194,-10951.59571742208,8183.47160917355,-1633.1453624420615,10951.59571742208
newton,2.0,0.5,60.0,-2823.3345845849317,-7767.28883481066,-10464.38280328941,8138.33674176973,-1438.5649437715952,10464.38280328941
newton,2.0,0.5,65.0,-2407.5211972099423,-7742.366325309934,-10094.32961892556,8034.429314187479,-1090.110189675042,10094.32961892556
newton,2.0,0.5,70.0,-2043.4502773181475,-7627.345981267807,-9866.269656831984,7866.261891505641,-688.490819168898,9866.269656831984
newton,2.0,0.5,75.0,-1661.8306270372925,-7517.685415413566,-9871.096270390117,7691.639912676542,-340.51503902500895,9871.096270390117
newton,2.0,0.5,80.0,-1178.8646943692456,-7475.528563135998,-9923.83914289425,7566.666192733645,-137.15682131845278,9923.83914289425
newton,2.0,0.5,85.0,-666.8405315389535,-7436.056103441049,-9961.666065553038,7465.878646781258,16.208009183125682,9961.666065553038
newton,2.0,0.5,90.0,-124.6695973399037,-7403.460837322433,-10003.224987060472,7403.460837322433,124.66959733990325,10003.224987060472
newton,2.0,0.5,95.0,470.92588198010645,-7424.340030348335,-10022.572840717388,7437.132070086393,177.94000293341952,10022.572840717388
newton,2.0,0.5,100.0,1069.9722821920857,-7424.292942504989,-9987.611134272922,7497.2999873695135,235.49794092051093,9987.611134272922
newton,2.0,0.5,105.0,1581.9988438390246,-7374.323133426447,-9954.184236235033,7532.500596093241,380.5217312473019,9954.184236235033
newton,2.0,0.5,110.0,2101.5977431344595,-7275.225149696957,-10020.390032678195,7555.264149046036,513.4176573420921,10020.390032678195
newton,2.0,0.5,115.0,2708.477510946972,-7156.857941487599,-10088.147002943671,7630.968140725487,569.9046035717247,10088.147002943671
newton,2.0,0.5,120.0,3296.4250500672215,-7012.495344449263,-10123.797318541383,7721.21163724678,651.459837195026,10123.797318541383
newton,2.0,0.5,125.0,3887.5034640285508,-6832.900072604522,-10210.884220451095,7826.964446096238,734.7340638477822,10210.884220451095
newton,2.0,0.5,130.0,4518.5553906101495,-6615.420944021416,-10294.601340011055,7972.177871827034,790.8963677755878,10294.601340011055
newton,2.0,0.5,135.0,5108.02017767568,-6387.7436345497335,-10386.762977207058,8128.732546543507,904.9011343991324,10386.762977207058
newton,2.0,0.5,140.0,5643.526919968228,-6080.7743326113605,-10588.679459708994,8231.838834936541,1030.5542082694287,10588.679459708994
newton,2.0,0.5,145.0,6202.6078861349315,-5586.780735725028,-10825.267004472706,8285.324714922288,1018.7531332513463,10825.267004472706
newton,2.0,0.5,150.0,6699.003258436015,-5003.496550947146,-10922.090205577086,8303.255277313892,983.6534916500414,10922.090205577086
newton,2.0,0.5,155.0,7027.066204822837,-4457.3966242854685,-10983.4076718703,8252.462034697402,1070.0067658817552,10983.4076718703
newton,2.0,0.5,160.0,7271.417467653495,-3928.7682545859466,-11099.618987847778,8176.615218534569,1204.863293144726,11099.618987847778
newton,2.0,0.5,165.0,7428.138949459971,-3371.3425112651626,-11273.90413807333,8047.598902026318,1333.9229711091912,11273.90413807333
newton,2.0,0.5,170.0,7504.931365571538,-2884.6872158803135,-11410.076965921593,7891.835272816055,1537.64468006725,11410.076965921593
newton,2.0,0.5,175.0,7521.388787390319,-2526.849359881089,-11774.203347949055,7712.997065056819,1861.7017089311507,11774.203347949055
newton,2.0,0.5,180.0,7456.0605718589795,-2026.597044553404,-12474.318318150297,7456.0605718589795,2026.597044553403,12474.318318150297
newton,2.0,0.5,185.0,7156.890246585358,-1071.4619266516124,-13320.645811612476,7036.272058429701,1691.1487757421187,13320.645811612476
newton,2.0,0.5,190.0,6723.841474866056,291.7559036604884,-13947.112397295614,6672.3540954673435,880.259343119885,13947.112397295614
newton,2.0,0.5,195.0,6282.437547849293,1853.5669459800356,-14094.968250413542,6548.107106507945,-164.39369682729443,14094.968250413542
newton,2.0,0.5,200.0,5911.039603851173,3285.523968028757,-13812.757233636905,6678.275675357321,-1065.688015658978,13812.757233636905
newton,2.0,0.5,205.0,5545.510320076573,4518.948415160105,-13321.303614160186,6935.729310288355,-1751.924205940661,13321.303614160186
newton,2.0,0.5,210.0,5254.03423534058,5460.819788831595,-12654.347196462108,7280.537014573889,-2102.191544946644,12654.347196462108
newton,2.0,0.5,215.0,5156.914523657406,6110.291725659841,-12013.590529104837,7729.016427346812,-2047.3733032300024,12013.590529104837
newton,2.0,0.5,220.0,5148.180933188985,6598.170766519228,-11597.270508465299,8184.957811354992,-1745.3051341637774,11597.270508465299
newton,2.0,0.5,225.0,4976.071443982377,7081.052095375585,-11447.936507739312,8525.673816283963,-1488.4460928666144,11447.936507739312
newton,2.0,0.5,230.0,4547.024697269981,7579.514349392617,-11282.451268240613,8729.015985236601,-1388.7949091624855,11282.451268240613
newton,2.0,0.5,235.0,4020.469616799787,7934.703795343723,-10995.414569161516,8805.77547004511,-1257.783220831051,10995.414569161516
newton,2.0,0.5,240.0,3480.578133201355,8147.065211263276,-10712.002789653749,8795.85450584311,-1059.263522422651,10712.002789653749
newton,2.0,0.5,245.0,2992.0932842742236,8259.985277013733,-10435.61948458081,8750.60224013162,-779.0631766975175,10435.61948458081
newton,2.0,0.5,250.0,2564.259306069007,8305.684621695833,-10308.715274081342,8681.818884968474,-431.09589703557003,10308.715274081342
newton,2.0,0.5,255.0,2086.4510524228076,8414.894878691492,-10352.764294821027,8668.177557876948,-162.5781003178265,10352.764294821027
newton,2.0,0.5,260.0,1502.2518599921332,8537.29842803532,-10444.497371734218,8668.46097959251,-3.057035529819359,10444.497371734218
newton,2.0,0.5,265.0,853.4898134078766,8611.852418217524,-10492.826229390828,8653.468258391998,99.6696330492747,10492.826229390828
newton,2.0,0.5,270.0,230.7234143782407,8609.326328608586,-10516.504549626261,8609.326328608586,230.7234143782391,10516.504549626261
newton,2.0,0.5,275.0,-401.9092050166669,8545.743652706034,-10595.368921991085,8548.253213357288,344.43081623080553,10595.368921991085
newton,2.0,0.5,280.0,-1078.5087819042305,8449.097075536118,-10673.28786453875,8508.017390516194,405.0464999867952,10673.28786453875
newton,2.0,0.5,285.0,-1733.7490743339458,8312.06747954897,-10742.676298951093,8477.567928220324,476.64836068065324,10742.676298951093
newton,2.0,0.5,290.0,-2390.0955070136197,8108.151345877099,-10852.668432263818,8436.630795806876,527.1959745088488,10852.668432263818
newton,2.0,0.5,295.0,-3099.8514991813067,7844.113378002732,-10968.289577500387,8419.234889120542,505.6460083432303,10968.289577500387
newton,2.0,0.5,300.0,-3791.1356887016905,7514.424177757022,-11019.05511106368,8403.250077100418,473.99227326903474,11019.05511106368
newton,2.0,0.5,305.0,-4417.378618438103,7153.9870075565,-11032.323035039235,8393.90736803383,484.85364780388636,11032.323035039235
newton,2.0,0.5,310.0,-4967.25083520258,6785.914404637035,-11031.78867926558,8391.199312226561,556.7667998090556,11031.78867926558
newton,2.0,0.5,315.0,-5417.890556107448,6428.692003182365,-11077.070099743387,8376.798861560112,714.744557659847,11077.070099743387
newton,2.0,0.5,320.0,-5785.873940134444,6039.837941169783,-11224.10740307749,8314.569573525492,907.6962122456207,11224.10740307749
newton,2.0,0.5,325.0,-6107.39898591304,5593.728606068337,-11431.414881111417,8211.319284382764,1079.054077144693,11431.414881111417
newton,2.0,0.5,330.0,-6392.509044265513,5125.742750918461,-11696.326277761245,8098.946601714948,1242.7689134265593,11696.326277761245
newton,2.0,0.5,335.0,-6645.381149257521,4571.795722599806,-12056.268210550348,7954.885044717348,1334.9946342294284,12056.268210550348
newton,2.0,0.5,340.0,-6840.090077324218,3918.2803488917516,-12409.063478865628,7767.7129776905895,1342.5305414171007,12409.063478865628
newton,2.0,0.5,345.0,-6972.176635343412,3254.091819343541,-12752.577449806375,7576.826414885841,1338.67923037422,12752.577449806375
newton,2.0,0.5,350.0,-7017.580796173256,2559.456208379494,-13121.77011281745,7355.412881864417,1301.9822006214229,13121.77011281745
newton,2.0,0.5,355.0,-7019.991418160152,1746.007109569326,-13567.79653011659,7145.452777897904,1127.5304592515208,13567.79653011659
newton,3.0,0.5,0.0,-9121.286479407456,621.9527263872151,-11163.488059569732,9121.286479407456,621.9527263872151,11163.488059569732
newton,3.0,0.5,5.0,-9412.876930101795,-641.494042227498,-11574.42811672476,9432.96798127605,181.33331651084256,11574.42811672476
newton,3.0,0.5,10.0,-9283.563793324181,-2102.0888025524987,-11816.33278218759,9507.549489106379,-458.07941530841026,11816.33278218759
newton,3.0,0.5,15.0,-8919.074098083702,-3775.8653725007325,-11430.387107778692,9592.42988807124,-1338.7796386244008,11430.387107778692
newton,3.0,0.5,20.0,-8318.476321371383,-4769.505252300039,-10425.14787775946,9448.077685359187,-1636.7824266993566,10425.14787775946
newton,3.0,0.5,25.0,-7537.174330344281,-5340.2489004834115,-9770.021240542626,9087.88649542875,-1654.5616492953031,9770.021240542626
newton,3.0,0.5,30.0,-6806.718007308456,-5725.353766763226,-9012.818607043393,8757.46759410773,-1554.9428040156522,9012.818607043393
newton,3.0,0.5,35.0,-6168.0128662024545,-5919.273456497006,-8597.460029902135,8447.696123515436,-1310.9581134312834,8597.460029902135
newton,3.0,0.5,40.0,-5477.432806416753,-6142.355301022664,-8104.546214576659,8144.186845702944,-1184.4912051555525,8104.546214576659
newton,3.0,0.5,45.0,-4929.517113193655,-6134.264942128303,-7738.999451564537,7823.275316888195,-851.8853594594602,7738.999451564537
newton,3.0,0.5,50.0,-4334.16289716594,-6118.87757383164,-7504.174846010903,7473.278372220443,-612.9772867013921,7504.174846010903
newton,3.0,0.5,55.0,-3857.598820617921,-6021.485961174625,-7378.18497505061,7145.140319155684,-293.82249919242076,7378.18497505061
newton,3.0,0.5,60.0,-3424.2772160075024,-6001.922531464924,-7455.819386455841,6909.9559917985825,-35.45020706971172,7455.819386455841
newton,3.0,0.5,65.0,-2905.5081755690658,-6150.218089709766,-7570.196940482711,6801.91136131002,34.09020641754796,7570.196940482711
newton,3.0,0.5,70.0,-2379.7179660890542,-6238.476380345681,-7596.629011908224,6676.161699394467,102.51882654590554,7596.629011908224
newton,3.0,0.5,75.0,-1831.3250371066529,-6245.024565850501,-7598.540314079836,6506.212311340957,152.5928548958916,7598.540314079836
newton,3.0,0.5,80.0,-1308.7407965108275,-6253.6023558457355,-7570.065736914138,6385.856538644762,202.93143014100042,7570.065736914138
newton,3.0,0.5,85.0,-811.909562188788,-6298.324506603455,-7613.282583347562,6345.120061276161,259.8848507436593,7613.282583347562
newton,3.0,0.5,90.0,-274.7185441030888,-6293.715113067708,-7647.853541641554,6293.715113067708,274.7185441030884,7647.853541641554
newton,3.0,0.5,95.0,254.53713173919743,-6243.826259668842,-7674.791905927499,6242.250988461703,290.61677414270207,7674.791905927499
newton,3.0,0.5,100.0,787.0689940072964,-6199.326023525858,-7710.2248239093815,6241.8174279261175,301.3900192945381,7710.2248239093815
newton,3.0,0.5,105.0,1309.1351263721353,-6109.7556199696655,-7726.385098178307,6240.399848961282,316.79368670526037,7726.385098178307
newton,3.0,0.5,110.0,1786.571921008012,-5911.807937254169,-7719.612894813924,6166.32587862608,343.1289473389629,7719.612894813924
newton,3.0,0.5,115.0,2216.809120557439,-5715.533120010115,-7752.392501069873,6116.896190871961,406.37730376499576,7752.392501069873
newton,3.0,0.5,120.0,2613.9673982505687,-5512.202997139472,-7840.478057717857,6080.691525464788,492.3393270204274,7840.478057717857
newton,3.0,0.5,125.0,3064.516035719777,-5154.514594786541,-7931.046652831495,5980.065354545623,446.2035369808691,7931.046652831495
newton,3.0,0.5,130.0,3457.514579508561,-4777.281638069446,-7963.61428164558,5882.057584076096,422.16761429867165,7963.61428164558
newton,3.0,0.5,135.0,3855.0635317814144,-4299.431466284757,-8016.388555810285,5766.098710284373,314.21557982917284,8016.388555810285
newton,3.0,0.5,140.0,4261.298351576415,-3832.7586708678496,-7866.2552352307,5727.993707249677,196.9537000634009,7866.2552352307
newton,3.0,0.5,145.0,4554.711801706382,-3583.764991707747,-7685.521044001894,5786.564636178346,323.1730553799248,7685.521044001894
newton,3.0,0.5,150.0,4794.536100883204,-3441.6084225229674,-7727.471593589629,5872.994273987928,583.2522733417763,7727.471593589629
newton,3.0,0.5,155.0,5088.435250528129,-3197.7290735167826,-7955.131030933096,5963.107193952789,747.6610996034533,7955.131030933096
newton,3.0,0.5,160.0,5397.931395177697,-2861.788258342769,-8224.95925877343,6051.185529843175,843.000039175653,8224.95925877343
newton,3.0,0.5,165.0,5732.862428012171,-2551.0790253542164,-8415.838531133893,6197.787715102459,980.3791361717517,8415.838531133893
newton,3.0,0.5,170.0,6063.286669882743,-2169.5959745623168,-8817.183730632481,6347.918108492351,1083.756255755718,8817.183730632481
newton,3.0,0.5,175.0,6325.705446724437,-1838.7357963870575,-9058.761748383347,6461.890611767782,1280.4172949401147,9058.761748383347
newton,3.0,0.5,180.0,6702.119316511991,-1655.042415096017,-9788.506683144427,6702.119316511991,1655.0424150960162,9788.506683144427
newton,3.0,0.5,185.0,7216.272545254755,-959.7074253021416,-10916.775728492874,7105.168436095162,1584.9950423564837,10916.775728492874
newton,3.0,0.5,190.0,7563.082684427349,343.84218174136083,-12002.288139916756,7507.890032560845,974.6970793036008,12002.288139916756
newton,3.0,0.5,195.0,7283.1177780812795,2342.4718917316386,-12593.266650548376,7641.227895951241,-377.6445088876101,12593.266650548376
newton,3.0,0.5,200.0,6605.340601774296,4555.339628872239,-11900.73512178599,7765.007734028839,-2021.4594950911583,11900.73512178599
newton,3.0,0.5,205.0,6045.53602247223,5822.271314359024,-10163.438350519733,7939.714556234305,-2721.8159053356994,10163.438350519733
newton,3.0,0.5,210.0,5546.045418718404,6086.865848622612,-8817.773043757898,7846.449147463749,-2498.3577449759046,8817.773043757898
newton,3.0,0.5,215.0,4977.448379040062,6070.594142224161,-8100.561405937466,7559.236769664065,-2117.7924982806107,8100.561405937466
newton,3.0,0.5,220.0,4536.20171470007,6026.426099855494,-7520.254753886411,7348.644144091454,-1700.695968413438,7520.254753886411
newton,3.0,0.5,225.0,4194.564521093475,6031.744975733358,-7190.346656250466,7231.092791718645,-1299.0827577392465,7190.346656250466
newton,3.0,0.5,230.0,4011.5806976943004,6114.863267578461,-6985.631994075007,7262.851394296415,-857.50924173471,6985.631994075007
newton,3.0,0.5,235.0,3781.416646093403,6201.058479545567,-6981.258916168556,7248.541214500117,-459.2258483463511,6981.258916168556
newton,3.0,0.5,240.0,3440.8513962260995,6291.826920697518,-7044.7123983493075,7169.30764765192,-166.04874056980498,7044.7123983493075
newton,3.0,0.5,245.0,3002.5835936694302,6371.97924362265,-7188.443658221044,7043.921066418828,28.350100383474455,7188.443658221044
newton,3.0,0.5,250.0,2451.4394736487675,6463.4924484873845,-7288.711402876832,6912.137838480591,92.95497007500671,7288.711402876832
newton,3.0,0.5,255.0,1847.7520203804338,6484.002365788225,-7330.779093321942,6741.298756335382,106.60809630747303,7330.779093321942
newton,3.0,0.5,260.0,1218.8718703152902,6507.188874887173,-7248.694847312165,6619.984933393408,70.39297795630796,7248.694847312165
newton,3.0,0.5,265.0,719.5993078599439,6489.472484739096,-7110.213075630836,6527.495294866588,151.2662207926386,7110.213075630836
newton,3.0,0.5,270.0,253.88246012522723,6493.271847655851,-7089.99604283314,6493.271847655851,253.88246012522603,7089.99604283314
newton,3.0,0.5,275.0,-232.7063909985428,6489.756177047409,-7112.44746083093,6485.3423938323895,333.7986469369547,7112.44746083093
newton,3.0,0.5,280.0,-573.5083666530338,6467.413129916116,-7221.517868712203,6468.74727502038,558.2590183318335,7221.517868712203
newton,3.0,0.5,285.0,-1051.0933582703708,6367.332920924924,-7627.883260553507,6422.414292203134,632.7088058493704,7627.883260553507
newton,3.0,0.5,290.0,-1774.5327956536064,6222.967081522081,-7909.7519420092485,6454.602207005466,460.86471971482,7909.7519420092485
newton,3.0,0.5,295.0,-2534.079256806357,6027.323516794519,-7941.992329567751,6533.5584088846645,250.60122420489233,7941.992329567751
newton,3.0,0.5,300.0,-3194.5425943922414,5778.249251625725,-7846.82604930473,6601.38193850242,122.5695855977342,7846.82604930473
newton,3.0,0.5,305.0,-3721.389977000975,5467.947345401959,-7716.836356271829,6613.581847331301,87.90154527390496,7716.836356271829
newton,3.0,0.5,310.0,-4210.827264884575,5141.210537523769,-7485.603815470355,6645.063355572882,79.02560511143656,7485.603815470355
newton,3.0,0.5,315.0,-4502.297826694961,5017.807856823974,-7296.7396680898055,6731.7312864288315,364.52063807390505,7296.7396680898055
newton,3.0,0.5,320.0,-4793.8878394074645,4945.841977338856,-7511.826329429896,6851.4570828147225,707.2830578869139,7511.826329429896
newton,3.0,0.5,325.0,-5198.537793778767,4709.681468950625,-7955.761708364733,6959.7551743967215,876.1864212490282,7955.761708364733
newton,3.0,0.5,330.0,-5601.190045035137,4393.361682338291,-8461.852430713308,7047.453711594078,1004.1678024005273,8461.852430713308
newton,3.0,0.5,335.0,-6095.280170352529,3860.2411673753477,-9108.871318069836,7155.608294616633,922.5899194147869,9108.871318069836
newton,3.0,0.5,340.0,-6711.383340936229,3165.691838039673,-9501.514394116326,7389.367776914479,679.3489677075463,9501.514394116326
newton,3.0,0.5,345.0,-7390.312507437447,2551.091288224834,-9669.61468309814,7798.764726468662,551.4113343332415,9669.61468309814
newton,3.0,0.5,350.0,-8034.147563316998,2071.819377348754,-9879.043837294634,8271.858468530365,645.2287021767727,9879.043837294634
newton,3.0,0.5,355.0,-8611.248889965078,1557.1292086601977,-10388.179579666865,8714.193240866492,800.6840689212296,10388.179579666865
newton,4.0,0.5,0.0,-7828.183848125278,-372.4882502316905,-4951.690378521453,7828.183848125278,-372.4882502316905,4951.690378521453
newton,4.0,0.5,5.0,-7768.017950046646,-937.7908438157054,-4910.679893485038,7820.192154052689,-257.19489241473354,4910.679893485038
newton,4.0,0.5,10.0,-7648.142797480146,-1665.9624492729376,-4906.381279216387,7821.241666480707,-312.5666769523102,4906.381279216387
newton,4.0,0.5,15.0,-7385.710856217513,-2377.4482955865706,-4909.873161319223,7749.377759168375,-384.8760781644578,4909.873161319223
newton,4.0,0.5,20.0,-7033.073161127903,-3024.6351774091017,-4717.011147820462,7643.4131078446335,-436.77466619193046,4717.011147820462
newton,4.0,0.5,25.0,-6623.674599152054,-3370.5013120774092,-4618.311635400689,7427.523273713268,-255.42573992333655,4618.311635400689
newton,4.0,0.5,30.0,-6110.643476851427,-3748.351125841882,-4658.839981567566,7166.148047343945,-190.84555885735836,4658.839981567566
newton,4.0,0.5,35.0,-5579.653176146439,-4121.896243582827,-4663.720628323307,6934.806864066923,-176.10214942911898,4663.720628323307
newton,4.0,0.5,40.0,-5190.580329525191,-4305.687319270676,-4549.675598035921,6743.857678007087,38.09287816631604,4549.675598035921
newton,4.0,0.5,45.0,-4882.6936178581855,-4445.880548929016,-4810.905646698668,6596.298052136878,308.8734831507227,4810.905646698668
newton,4.0,0.5,50.0,-4367.204025525758,-4706.486360848609,-5060.8474116592415,6412.562359924473,320.20125780866147,5060.8474116592415
newton,4.0,0.5,55.0,-3817.4590071356765,-4959.2950871073335,-5159.704315313386,6252.02124206541,282.5445468083394,5159.704315313386
newton,4.0,0.5,60.0,-3329.77230538221,-5122.0819325800485,-5187.063405801683,6100.73922657072,322.6264389888447,5187.063405801683
newton,4.0,0.5,65.0,-2844.710677506983,-5294.151741146451,-5164.539320415884,6000.357630437875,340.7782326560723,5164.539320415884
newton,4.0,0.5,70.0,-2440.484093507437,-5351.625543040702,-5167.849667967758,5863.577751450156,462.94115855823406,5167.849667967758
newton,4.0,0.5,75.0,-2042.2364563121898,-5397.536688135104,-5380.500549672147,5742.1897749087375,575.6636450120609,5380.500549672147
newton,4.0,0.5,80.0,-1443.390088195911,-5500.964424210221,-5632.970718079312,5668.034472484293,466.2293018015878,5632.970718079312
newton,4.0,0.5,85.0,-859.1968768587944,-5533.995231821768,-5709.767326949261,5587.820651174942,373.60790855229254,5709.767326949261
newton,4.0,0.5,90.0,-309.6013408668514,-5602.690328360564,-5761.009662102908,5602.690328360564,309.60134086685105,5761.009662102908
newton,4.0,0.5,95.0,205.45406751486792,-5595.775745354884,-5814.710356886582,5592.388631087707,283.0317385760409,5814.710356886582
newton,4.0,0.5,100.0,847.5482249321337,-5590.599650040297,-5825.611410054563,5652.841084091328,136.12537832997577,5825.611410054563
newton,4.0,0.5,105.0,1340.087512774029,-5591.075804793483,-5571.8742025921065,5747.404686999949,152.65176281654135,5571.8742025921065
newton,4.0,0.5,110.0,1645.9073978277308,-5555.508144417599,-5562.4242305597245,5783.403492131052,353.4486555649721,5562.4242305597245
newton,4.0,0.5,115.0,2036.6350877599684,-5398.260299774176,-5730.753642094748,5753.204526725371,435.5851449254583,5730.753642094748
newton,4.0,0.5,120.0,2410.7356784562753,-5113.84131534636,-5941.607763124887,5634.084329240513,469.1623183205302,5941.607763124887
newton,4.0,0.5,125.0,2934.6885011921318,-4903.505793228963,-6046.91956004055,5699.984967020595,408.57929340404644,6046.91956004055
newton,4.0,0.5,130.0,3340.410043125965,-4689.859494140641,-6127.529907196196,5739.814991489067,455.6810227289143,6127.529907196196
newton,4.0,0.5,135.0,3711.232475796757,-4294.326681359202,-6245.921099075381,5660.785167215041,412.3098668237867,6245.921099075381
newton,4.0,0.5,140.0,4109.0806000314205,-3812.0919864669177,-6466.316859922255,5598.103855868347,278.9657859878398,6466.316859922255
newton,4.0,0.5,145.0,4555.53881554501,-3208.067672676771,-6493.683356139934,5571.750956858484,14.945472811433774,6493.683356139934
newton,4.0,0.5,150.0,4978.607557116859,-2747.0579833657785,-6175.592725988232,5685.129611619275,-110.2817792948149,6175.592725988232
newton,4.0,0.5,155.0,5375.665674814746,-2517.8960681323015,-6082.721607244128,5936.116521148047,10.134330307915661,6082.721607244128
newton,4.0,0.5,160.0,5792.924666560101,-2304.8433918669225,-6093.163187545449,6231.871429164741,184.54740267282227,6093.163187545449
newton,4.0,0.5,165.0,6125.252896281151,-1933.0678267414942,-6317.820537707636,6416.854734105518,281.8680321911522,6317.820537707636
newton,4.0,0.5,170.0,6508.710701848791,-1297.2097001976465,-6658.697591897129,6635.086861785406,147.2764176999949,6658.697591897129
newton,4.0,0.5,175.0,6984.982433102724,-487.9362708451455,-6481.296154897192,7000.928914219945,-122.70180601382077,6481.296154897192
newton,4.0,0.5,180.0,7261.637552739965,-72.55823470416362,-6320.501684149262,7261.637552739965,72.55823470416273,6320.501684149262
newton,4.0,0.5,185.0,7441.86099981396,517.4441468012232,-6538.603818454998,7458.640700895292,133.12580726162867,6538.603818454998
newton,4.0,0.5,190.0,7538.4005532289975,1389.2310630677762,-6712.85367010253,7665.112752591447,-59.0960030429419,6712.85367010253
newton,4.0,0.5,195.0,7492.91193235536,2452.7234315936544,-6757.39930564791,7872.408686037218,-429.84059595116173,6757.39930564791
newton,4.0,0.5,200.0,7043.998983168947,3451.8706470991674,-6520.409823357359,7799.803158769828,-834.5078331772584,6520.409823357359
newton,4.0,0.5,205.0,6195.977728672959,4052.7234387832086,-6104.051700053049,7328.217798816308,-1054.4814737993202,6104.051700053049
newton,4.0,0.5,210.0,5450.930676351758,4364.422156963918,-5741.948130657755,6902.855518470473,-1054.2351225945476,5741.948130657755
newton,4.0,0.5,215.0,4882.8420509338175,4563.150068866296,-5468.834865666029,6617.105402998051,-937.2305644696276,5468.834865666029
newton,4.0,0.5,220.0,4365.417416412388,4813.032089363896,-5209.088687180458,6437.861145804344,-880.960260230831,5209.088687180458
newton,4.0,0.5,225.0,3943.8040229872086,4965.922610186678,-4921.548972401237,6300.128120835642,-722.7469841855595,4921.548972401237
newton,4.0,0.5,230.0,3724.0031276647455,4961.384576221494,-4810.477646439431,6194.384153687499,-336.36463037980684,4810.477646439431
newton,4.0,0.5,235.0,3478.049113367835,5080.317613154928,-4953.012532406857,6156.479574352669,-64.89943073208087,4953.012532406857
newton,4.0,0.5,240.0,3136.842890542569,5347.753677912589,-5074.211888539819,6199.711983525252,42.70879193417659,5074.211888539819
newton,4.0,0.5,245.0,2787.727199809461,5526.670952919471,-5143.419889217726,6187.009344410922,190.86679798554997,5143.419889217726
newton,4.0,0.5,250.0,2409.073693922166,5672.952203644551,-5291.267332006428,6154.7830539133,323.5248473379329,5291.267332006428
newton,4.0,0.5,255.0,1932.1061245700841,5788.079610195772,-5332.021595191602,6090.921442303221,368.2059671652885,5332.021595191602
newton,4.0,0.5,260.0,1575.3854182354876,5808.998839604697,-5409.055904273516,5994.309901481273,542.7297112940194,5409.055904273516
newton,4.0,0.5,265.0,1064.169854663192,5761.930639552007,-5714.8090799644415,5832.753267986928,557.9350225338906,5714.8090799644415
newton,4.0,0.5,270.0,433.2554641577299,5651.2374749071605,-5783.7414650158025,5651.2374749071605,433.25546415772885,5783.7414650158025
newton,4.0,0.5,275.0,-116.02196734206936,5566.293239934059,-5790.170958210163,5555.223794384976,369.5539529493768,5790.170958210163
newton,4.0,0.5,280.0,-628.8968026328745,5441.860318326536,-5818.835481531754,5468.393016015213,325.6266803179392,5818.835481531754
newton,4.0,0.5,285.0,-1155.3533601192148,5313.014698520282,-5812.5197224903895,5431.005566176213,259.12374185767,5812.5197224903895
newton,4.0,0.5,290.0,-1623.423652290397,5174.258048546618,-5807.994592770133,5417.455696495993,244.18125290131616,5807.994592770133
newton,4.0,0.5,295.0,-2078.549356633251,4977.248917896477,-5854.548052643638,5389.352368351911,219.67081827545326,5854.548052643638
newton,4.0,0.5,300.0,-2573.700213617284,4753.431103352519,-5904.6805414292585,5403.442197451018,147.82578495825555,5904.6805414292585
newton,4.0,0.5,305.0,-3041.293014113329,4585.222727983281,-6003.226905427326,5500.408580082308,138.6943223997091,6003.226905427326
newton,4.0,0.5,310.0,-3524.8707835939813,4272.098865433789,-6105.228753745137,5538.360861760739,45.84454157215396,6105.228753745137
newton,4.0,0.5,315.0,-4047.9674910442473,3994.5275082085527,-6269.812494833133,5686.902751630552,-37.7877742496139,6269.812494833133
newton,4.0,0.5,320.0,-4662.471284019732,3722.1701285360086,-6337.85442523071,5964.2250580934215,-145.63102857871354,6337.85442523071
newton,4.0,0.5,325.0,-5361.80812977637,3450.2689534507194,-6191.446583184003,6371.129061364567,-249.11193290920346,6191.446583184003
newton,4.0,0.5,330.0,-6002.224244273653,3083.4959197920202,-6128.629258003914,6739.826634647848,-330.7263231312768,6128.629258003914
newton,4.0,0.5,335.0,-6480.040979045104,2621.6065546903055,-5929.855846781333,6980.850404736416,-362.6012195103931,5929.855846781333
newton,4.0,0.5,340.0,-6962.503216036715,2053.5271426601785,-5904.149112439421,7244.960541963642,-451.63204531296446,5904.149112439421
newton,4.0,0.5,345.0,-7304.614753247917,1483.5738162500506,-5847.238159480445,7439.693199715254,-457.5511509552541,5847.238159480445
newton,4.0,0.5,350.0,-7515.884610333768,648.5443048444893,-5550.69524278968,7514.319971674345,-666.4282065566201,5550.69524278968
newton,4.0,0.5,355.0,-7724.423405225116,112.75185155116898,-5136.614991914062,7704.856613469163,-560.905062464489,5136.614991914062
newton,5.0,0.5,0.0,-5520.975149062084,-220.55194776755525,-2893.377360168728,5520.975149062084,-220.55194776755525,2893.377360168728
newton,5.0,0.5,5.0,-5474.6895077131885,-525.6297661422376,-3335.7402906865427,5499.668313960791,-46.47895583254723,3335.7402906865427
newton,5.0,0.5,10.0,-5399.462728425607,-1202.9073377886505,-3123.209322912126,5526.3154241631655,-247.02560923791987,3123.209322912126
newton,5.0,0.5,15.0,-5197.140839780369,-1526.7340161884908,-3047.1320758554,5415.200400200957,-129.59278669522814,3047.1320758554
newton,5.0,0.5,20.0,-5013.019104693792,-1868.4975350377072,-3117.0941788546234,5349.760855276792,-41.259832949906695,3117.0941788546234
newton,5.0,0.5,25.0,-4859.082664594549,-2259.171176428111,-3145.9153264715837,5358.591452333573,6.032639919768371,3145.9153264715837
newton,5.0,0.5,30.0,-4693.5807562307855,-2652.3178852420083,-3169.2819169291784,5390.919112230641,49.81571058399368,3169.2819169291784
newton,5.0,0.5,35.0,-4478.7628029759835,-2994.992115189896,-3172.457880764453,5386.6446102733735,115.55889400537171,3172.457880764453
newton,5.0,0.5,40.0,-4278.658290253824,-3233.76996650832,-3244.2252623161507,5356.269674301891,273.05702188900796,3244.2252623161507
newton,5.0,0.5,45.0,-3943.351348425135,-3566.0637927285666,-3302.687613995557,5309.958369054717,266.78258909034093,3302.687613995557
newton,5.0,0.5,50.0,-3753.781180708598,-3693.2842961605747,-3307.8820510819733,5242.103944366389,501.56582954452915,3307.8820510819733
newton,5.0,0.5,55.0,-3374.645374675136,-3964.540498519117,-3636.7623060842725,5183.178521983138,490.3806465055336,3636.7623060842725
newton,5.0,0.5,60.0,-2929.204860799878,-4121.231508584031,-3621.2227201253904,5033.693611710576,476.15006804953873,3621.2227201253904
newton,5.0,0.5,65.0,-2635.4046393018507,-4290.089366440686,-3755.553411027191,5001.911527533444,575.41763583436,3755.553411027191
newton,5.0,0.5,70.0,-2236.3132077189252,-4530.383799872264,-3906.9918968782004,5022.032389893103,551.9645025069385,3906.9918968782004
newton,5.0,0.5,75.0,-1740.2862340093127,-4744.406840563515,-4037.1843620852896,5033.164319014174,453.0445705124198,4037.1843620852896
newton,5.0,0.5,80.0,-1261.0383080778672,-4864.630017004623,-4051.7317599569747,5009.702360447974,397.1461651637794,4051.7317599569747
newton,5.0,0.5,85.0,-750.7305589672676,-4948.627298863326,-4083.379281361116,4995.2267574298785,316.5725147248741,4083.379281361116
newton,5.0,0.5,90.0,-223.2714032412623,-4892.112940653868,-4029.658174903074,4892.112940653868,223.271403241262,4029.658174903074
newton,5.0,0.5,95.0,187.45811486228237,-4807.942696472341,-4015.4481640906074,4805.985074189574,232.29503665914646,4015.4481640906074
newton,5.0,0.5,100.0,642.820415932704,-4731.410093330257,-4058.3313267809654,4771.153936385664,188.5462110966606,4058.3313267809654
newton,5.0,0.5,105.0,1058.8463411800756,-4630.775140210573,-4001.5882608666857,4747.034902601299,175.76577285627127,4001.5882608666857
newton,5.0,0.5,110.0,1414.1566399689377,-4496.779006191134,-4055.7941635369484,4709.260106109921,209.1164409871442,4055.7941635369484
newton,5.0,0.5,115.0,1798.1376067427266,-4411.035800839361,-4004.617608137559,4757.681884930352,234.51816747234602,4004.617608137559
newton,5.0,0.5,120.0,2128.837401412751,-4435.400937855426,-4140.2143606993095,4905.588588858498,374.0731987778188,4140.2143606993095
newton,5.0,0.5,125.0,2519.18421961917,-4215.124435287494,-4344.946020701564,4897.772505299186,354.1011489268053,4344.946020701564
newton,5.0,0.5,130.0,2931.2719404441195,-4003.261172435831,-4449.604929399406,4950.861259437733,327.7620987331593,4449.604929399406
newton,5.0,0.5,135.0,3416.1595507197567,-3749.2740669878317,-4654.724147745392,5066.726701223091,235.5475333648319,4654.724147745392
newton,5.0,0.5,140.0,3876.633683915168,-3360.0809368930923,-4765.32909988866,5129.492085349886,82.11923082280782,4765.32909988866
newton,5.0,0.5,145.0,4303.194181270636,-2923.5769802978066,-4805.036520661031,5201.865176317505,-73.35672337258211,4805.036520661031
newton,5.0,0.5,150.0,4659.059571352998,-2375.5468696799117,-4639.746638733331,5222.6373813766895,-272.2458486530936,4639.746638733331
newton,5.0,0.5,155.0,4859.715855449037,-2067.694924395402,-4640.498586845639,5278.243957336988,-179.8366561878786,4640.498586845639
newton,5.0,0.5,160.0,5102.281032925927,-1568.4139518270329,-4634.555314211582,5331.005000414256,-271.2558732996397,4634.555314211582
newton,5.0,0.5,165.0,5426.846637981691,-1179.1602727477266,-4536.785503518551,5547.120458751911,-265.58990397915704,4536.785503518551
newton,5.0,0.5,170.0,5715.0670986456535,-533.682953444554,-4431.6134142285355,5720.915460048777,-466.8358767213982,4431.6134142285355
newton,5.0,0.5,175.0,5821.70026417017,14.946261210470123,-4051.301240009748,5798.244284548538,-522.2839967521537,4051.301240009748
newton,5.0,0.5,180.0,5779.828912974044,238.72201830413542,-3819.000129102438,5779.828912974044,-238.72201830413613,3819.000129102438
newton,5.0,0.5,185.0,5796.049540729888,656.8761832819622,-3949.5492706699215,5831.244353999397,-149.2175683636974,3949.5492706699215
newton,5.0,0.5,190.0,5795.0774743777165,1303.8262155337698,-3927.450200265909,5933.44427239539,-277.71352277385415,3927.450200265909
newton,5.0,0.5,195.0,5616.218336024087,1812.1956359614983,-3742.2629509160006,5893.881080882393,-296.8623002465315,3742.2629509160006
newton,5.0,0.5,200.0,5367.51409735101,2161.2357176850733,-3770.8827520138275,5782.999539168282,-195.09931480906084,3770.8827520138275
newton,5.0,0.5,205.0,5085.776750881662,2659.7624112967196,-3892.652501666903,5733.343239359474,-261.2212549667247,3892.652501666903
newton,5.0,0.5,210.0,4712.466809366103,3133.692017879789,-3795.8056821669816,5647.961980341939,-357.6234904373646,3795.8056821669816
newton,5.0,0.5,215.0,4340.850447106227,3434.58327519972,-3741.8640357257436,5525.81255303981,-323.6363809765967,3741.8640357257436
newton,5.0,0.5,220.0,3931.038506264894,3725.1936147855963,-3654.4862860970534,5405.858502678542,-326.84102312105006,3654.4862860970534
newton,5.0,0.5,225.0,3484.3538027828254,3898.9967135718293,-3586.436684794827,5220.817217991574,-293.196813989834,3586.436684794827
newton,5.0,0.5,230.0,3074.1027760127186,4101.8277326829875,-3492.098115901305,5118.17751657709,-281.70469449608845,3492.098115901305
newton,5.0,0.5,235.0,2766.380945217859,4258.161894812681,-3348.483152480382,5074.8129451967925,-176.2947184751547,3348.483152480382
newton,5.0,0.5,240.0,2578.0784903341073,4444.386355500041,-3237.3427231878923,5137.990733263026,10.48828782954888,3237.3427231878923
newton,5.0,0.5,245.0,2361.755049108353,4591.199322373914,-3291.3810621819625,5159.160511216362,200.15231515328696,3291.3810621819625
newton,5.0,0.5,250.0,2077.4467721137307,4682.71458167213,-3380.202838348986,5110.840980393659,350.57868945407745,3380.202838348986
newton,5.0,0.5,255.0,1724.646489619366,4824.351516594688,-3487.833957112179,5106.337082558342,417.24653277819266,3487.833957112179
newton,5.0,0.5,260.0,1379.6608038622558,4919.352773812929,-3552.8828178580616,5084.192335842256,504.46401169723083,3552.8828178580616
newton,5.0,0.5,265.0,1097.242405854429,4960.466280302627,-3700.9488523558757,5037.22118535683,660.7339441991245,3700.9488523558757
newton,5.0,0.5,270.0,684.3592181619606,5014.568852062686,-4068.400907461182,5014.568852062686,684.3592181619597,4068.400907461182
newton,5.0,0.5,275.0,86.25356890365171,4878.978194020819,-4257.25009711456,4852.894715126346,511.1563163828198,4257.25009711456
newton,5.0,0.5,280.0,-447.1395123443705,4815.156334118663,-4337.506145914386,4819.648251287382,395.7966641662468,4337.506145914386
newton,5.0,0.5,285.0,-970.8699028957886,4774.669641177568,-4490.338608628445,4863.256339598037,297.98712403576917,4490.338608628445
newton,5.0,0.5,290.0,-1540.912973404133,4661.287446693084,-4487.646604674037,4907.200693035544,146.269650218974,4487.646604674037
newton,5.0,0.5,295.0,-1911.3195970046736,4539.210009420606,-4533.569598421074,4921.679944249649,186.1092095762342,4533.569598421074
newton,5.0,0.5,300.0,-2443.233863454014,4417.18296269902,-4747.395713588607,5047.009590588169,92.68888821193377,4747.395713588607
newton,5.0,0.5,305.0,-3112.02445756881,4150.51079941371,-4802.208829282666,5184.883304392893,-168.58600293058453,4802.208829282666
newton,5.0,0.5,310.0,-3676.8645897340703,3752.525528998726,-4683.645419621096,5238.044329927819,-404.56477199391884,4683.645419621096
newton,5.0,0.5,315.0,-4166.807929028721,3406.1647289969624,-4422.512208472204,5354.900320230274,-537.8559648058936,4422.512208472204
newton,5.0,0.5,320.0,-4564.843597709227,3087.890671914187,-4209.582162185898,5481.730935705478,-568.7634145856282,4209.582162185898
newton,5.0,0.5,325.0,-4937.038373540097,2764.926633716839,-4069.2072338206626,5630.0818417579685,-566.8735721052672,4069.2072338206626
newton,5.0,0.5,330.0,-5234.733327306921,2296.363456025876,-3876.0251869835574,5681.593771497772,-628.6575744128249,3876.0251869835574
newton,5.0,0.5,335.0,-5408.742402527188,1813.3826126166698,-3672.1105280322045,5668.353965100574,-642.3505296679004,3672.1105280322045
newton,5.0,0.5,340.0,-5530.473101817806,1326.633496327899,-3413.9110193098413,5650.680141787848,-644.9054959557448,3413.9110193098413
newton,5.0,0.5,345.0,-5564.432315121712,960.5850998003899,-3218.2365326284184,5623.44660008358,-512.3271020917512,3218.2365326284184
newton,5.0,0.5,350.0,-5582.914013055545,528.7622521119431,-3178.519906359362,5589.915605955902,-448.73367905822727,3178.519906359362
newton,5.0,0.5,355.0,-5586.922854714758,42.99229439522103,-3049.5710067503614,5569.409951864883,-444.1037153412136,3049.5710067503614
newton,6.0,0.5,0.0,-4381.462319769722,-232.39630392711842,-2138.926637035678,4381.462319769722,-232.39630392711842,2138.926637035678
newton,6.0,0.5,5.0,-4395.423769640169,-554.2606462877076,-2162.4077386142094,4427.004853484972,-169.0650938590182,2162.4077386142094
newton,6.0,0.5,10.0,-4368.87522491836,-954.2374877883382,-2126.588937904371,4468.203794258469,-181.0932549275741,2126.588937904371
newton,6.0,0.5,15.0,-4291.251910065911,-1215.7895603453906,-2032.5764296298842,4459.700540099165,-63.704814012617135,2032.5764296298842
newton,6.0,0.5,20.0,-4235.506794078135,-1522.110268677911,-2112.302726494911,4500.666851934495,18.312853268357685,2112.302726494911
newton,6.0,0.5,25.0,-4071.35012705239,-1878.755139045064,-2118.494203248296,4483.892554999866,17.896501180991436,2118.494203248296
newton,6.0,0.5,30.0,-3881.6693262002395,-2170.8991685653937,-2110.062408011272,4447.073829862929,60.78083406797214,2110.062408011272
newton,6.0,0.5,35.0,-3677.6021934075598,-2451.916446150783,-2051.720640785256,4418.87685222517,100.893591121285,2051.720640785256
newton,6.0,0.5,40.0,-3481.734095275564,-2683.6169253811786,-2063.0880610692952,4392.158764883836,182.2457035180164,2063.0880610692952
newton,6.0,0.5,45.0,-3268.2814690961623,-2888.996748164241,-1986.9709960862708,4353.853181077047,268.1947981714088,1986.9709960862708
newton,6.0,0.5,50.0,-3169.141371049919,-3008.9325451186232,-2091.8591796648707,4342.060862563865,493.5985783664148,2091.8591796648707
newton,6.0,0.5,55.0,-2959.188627083442,-3253.5708181932687,-2332.2140140015676,4362.4900541750885,557.8538579970843,2332.2140140015676
newton,6.0,0.5,60.0,-2643.7652185664533,-3477.3765824287375,-2510.1908216864585,4333.379068191625,550.8795497058982,2510.1908216864585
newton,6.0,0.5,65.0,-2328.263812434692,-3663.465371128499,-2654.4854953298327,4304.193998677793,561.8762563916273,2654.4854953298327
newton,6.0,0.5,70.0,-1946.2606095517624,-3801.674541249293,-2789.0397972099704,4238.065845669611,528.6374614464455,2789.0397972099704
newton,6.0,0.5,75.0,-1539.9344078562508,-3879.776397501544,-2902.135403992058,4146.140575535374,483.3023929268686,2902.135403992058
newton,6.0,0.5,80.0,-1139.3929597877227,-3916.5371420384013,-2994.6852554526868,4054.889653553361,441.9834830466601,2994.6852554526868
newton,6.0,0.5,85.0,-728.1288032366301,-3925.268996656692,-3119.4729181788384,3973.7927697153536,383.24831842425,3119.4729181788384
newton,6.0,0.5,90.0,-298.9016277003393,-3930.5770506762783,-3169.084595756489,3930.5770506762783,298.9016277003391,3169.084595756489
newton,6.0,0.5,95.0,68.54649787645296,-3923.554899039471,-3219.6074056268744,3914.598809030188,273.6746836797188,3219.6074056268744
newton,6.0,0.5,100.0,414.8566582305084,-3954.468063308799,-3348.732461161793,3966.4299104803968,278.1321194215076,3348.732461161793
newton,6.0,0.5,105.0,889.0424575707591,-3830.1796097987535,-3482.9857817577295,3929.7705243544647,132.5743587441599,3482.9857817577295
newton,6.0,0.5,110.0,1398.7551921509767,-3772.328675792166,-3387.1074711385086,4023.2318711179764,-24.187537984281562,3387.1074711385086
newton,6.0,0.5,115.0,1704.9986874528788,-3852.534449045585,-3343.252393201018,4212.145552558473,82.8978248259964,3343.252393201018
newton,6.0,0.5,120.0,2049.0945871678778,-3750.9860772994575,-3381.3031582390154,4272.996525767008,100.92507140515886,3381.3031582390154
newton,6.0,0.5,125.0,2467.949554003377,-3597.423157963054,-3334.7132670859105,4362.394244297408,41.77123262720352,3334.7132670859105
newton,6.0,0.5,130.0,2794.1540173316707,-3510.3664398086103,-3356.284268036409,4485.144286423402,115.97389477292882,3356.284268036409
newton,6.0,0.5,135.0,3279.64602089995,-3347.5423806183726,-3512.6439868606653,4686.129858914443,48.009976374777125,3512.6439868606653
newton,6.0,0.5,140.0,3702.9145627739053,-2975.746189903757,-3534.884230433971,4749.369904599353,-100.63376777067242,3534.884230433971
newton,6.0,0.5,145.0,4098.106923288688,-2528.9581835114877,-3470.2785731452823,4807.523486506134,-278.97629890066446,3470.2785731452823
newton,6.0,0.5,150.0,4390.223211783834,-2105.7817301373925,-3161.120219795401,4854.935694757606,-371.45113276778716,3161.120219795401
newton,6.0,0.5,155.0,4478.015573357916,-1790.2555844383262,-3066.0322481534436,4815.055087772574,-269.9685806980003,3066.0322481534436
newton,6.0,0.5,160.0,4636.976207606555,-1339.0738236196962,-3040.978708480862,4815.322546125766,-327.62147638031115,3040.978708480862
newton,6.0,0.5,165.0,4748.844863645777,-893.6908923347183,-2927.8469025308923,4818.336122206537,-365.8523793233842,2927.8469025308923
newton,6.0,0.5,170.0,4846.716092200586,-493.76626971823384,-2783.145051480516,4858.825197178137,-355.3585664851837,2783.145051480516
newton,6.0,0.5,175.0,4776.080694793116,-86.38305310342297,-2647.5399150182693,4765.435044965282,-330.20852087083773,2647.5399150182693
newton,6.0,0.5,180.0,4714.420519821433,179.2915522873518,-2639.1071078970563,4714.420519821433,-179.29155228735237,2639.1071078970563
newton,6.0,0.5,185.0,4673.894330845221,621.6418624660357,-2622.536980740489,4710.288410075341,-211.9195955716599,2622.536980740489
newton,6.0,0.5,190.0,4608.113042615498,1011.2487807883807,-2603.640976815053,4713.706959076225,-195.69520721114463,2603.640976815053
newton,6.0,0.5,195.0,4516.817909097972,1363.2813960453518,-2592.2872554138035,4715.754260173209,-147.7902108049193,2592.2872554138035
newton,6.0,0.5,200.0,4347.82616111029,1755.9989123796713,-2570.8109841327605,4686.207159747077,-163.0550932932249,2570.8109841327605
newton,6.0,0.5,205.0,4140.711775708477,2145.665585845977,-2496.549387107941,4659.5567863660135,-194.69301580960405,2496.549387107941
newton,6.0,0.5,210.0,3969.795292147467,2382.23760152631,-2453.615203566135,4629.062371586729,-78.18063469856088,2453.615203566135
newton,6.0,0.5,215.0,3734.940859044283,2685.0139494501495,-2532.0519073329424,4599.545172663073,-57.16059772401468,2532.0519073329424
newton,6.0,0.5,220.0,3429.899320180565,2964.709902958157,-2600.2354018476167,4533.134106618368,-66.40276113654909,2600.2354018476167
newton,6.0,0.5,225.0,3092.068118756232,3249.325441102899,-2563.343058409015,4484.042388349092,-111.19771902256798,2563.343058409015
newton,6.0,0.5,230.0,2708.625268511619,3412.605163152786,-2447.09539508643,4355.277983675469,-118.65298019194734,2447.09539508643
newton,6.0,0.5,235.0,2420.4861926382728,3565.3823096697456,-2369.925332864078,4308.924052248151,-62.27306653651658,2369.925332864078
newton,6.0,0.5,240.0,2157.384624295719,3677.928420457669,-2276.55332384704,4263.871757564975,29.38568014520297,2276.55332384704
newton,6.0,0.5,245.0,1930.5641153739805,3752.60096007521,-2294.728016418478,4216.903122375695,163.7675963834963,2294.728016418478
newton,6.0,0.5,250.0,1703.6239434870213,3908.3094888575515,-2327.4413562591462,4255.283291751459,264.1622767488134,2327.4413562591462
newton,6.0,0.5,255.0,1489.286817638474,4011.7361394647924,-2403.8314345105628,4260.495337391208,400.2268830893099,2403.8314345105628
newton,6.0,0.5,260.0,1151.9787981788427,4170.972823035852,-2464.1731973767555,4307.6453927436205,410.1958219337424,2464.1731973767555
newton,6.0,0.5,265.0,934.5987347767032,4168.721332909614,-2582.0779785177497,4234.313736566997,567.7143003500598,2582.0779785177497
newton,6.0,0.5,270.0,621.7891753142176,4239.368769284745,-2857.5679007360013,4239.368769284745,621.7891753142168,2857.5679007360013
newton,6.0,0.5,275.0,195.72038862687683,4308.77694394287,-3150.4505606934345,4275.322590974206,570.510268341875,3150.4505606934345
newton,6.0,0.5,280.0,-349.22338111767834,4251.69541918164,-3345.1646805352193,4247.744615986338,394.38126827789904,3345.1646805352193
newton,6.0,0.5,285.0,-875.0856286734813,4130.921145436744,-3477.5127765506913,4216.652247537181,223.8932573056262,3477.5127765506913
newton,6.0,0.5,290.0,-1384.7623170372306,4014.894046973838,-3476.3247195260838,4246.382915323647,71.92370652108525,3476.3247195260838
newton,6.0,0.5,295.0,-1879.4908962181703,3922.886966930117,-3578.5035890165072,4349.650181310542,-45.51356393776814,3578.5035890165072
newton,6.0,0.5,300.0,-2439.6490938352345,3706.1673638914494,-3363.3985370492164,4429.459634724419,-259.71440963527334,3363.3985370492164
newton,6.0,0.5,305.0,-2830.3890576315084,3511.789852035831,-3207.3758317661277,4500.1343055717625,-304.239074147564,3207.3758317661277
newton,6.0,0.5,310.0,-3214.9413555713136,3247.4277448695375,-3138.1787486671883,4554.198447617791,-375.381642634361,3138.1787486671883
newton,6.0,0.5,315.0,-3541.098651381153,2884.05264517928,-3040.9575778488943,4543.26805194742,-464.601686536884,3040.9575778488943
newton,6.0,0.5,320.0,-3787.4712742492206,2455.5080699763835,-2837.3211521561716,4479.741485977497,-553.5112950918742,2837.3211521561716
newton,6.0,0.5,325.0,-3891.154783480145,2076.9481962721607,-2615.5963846163468,4378.735940436169,-530.5383331401954,2615.5963846163468
newton,6.0,0.5,330.0,-4018.393886728443,1808.9473244373494,-2507.5796605961295,4384.5048505375935,-442.6026062935882,2507.5796605961295
newton,6.0,0.5,335.0,-4132.7918681914425,1360.0008822012214,-2450.7187305780362,4320.342661145347,-514.0139255554834,2450.7187305780362
newton,6.0,0.5,340.0,-4213.451058982223,1053.5981210073426,-2294.202851318306,4319.700648522753,-451.0267555042917,2294.202851318306
newton,6.0,0.5,345.0,-4257.737348841743,756.6934690447019,-2331.2275902622755,4308.505147895251,-371.07375059001276,2331.2275902622755
newton,6.0,0.5,350.0,-4336.472715386673,346.37199554504593,-2266.4667820546347,4330.738816659953,-411.91075789018987,2266.4667820546347
newton,6.0,0.5,355.0,-4350.772087714871,58.56218387312305,-2179.80146538689,4339.320117019496,-320.85543574749056,2179.80146538689
newton,7.0,0.5,0.0,-3658.3830422937026,-246.90995185846987,-1439.2226356324682,3658.3830422937026,-246.90995185846987,1439.2226356324682
newton,7.0,0.5,5.0,-3610.690892750452,-500.36092118957094,-1376.6980262341758,3640.560451534331,-183.7644502314817,1376.6980262341758
newton,7.0,0.5,10.0,-3548.2151148842145,-741.1706361958786,-1345.474165257779,3623.0126848087307,-113.76950016079024,1345.474165257779
newton,7.0,0.5,15.0,-3465.4177007795442,-986.4506241480959,-1312.3051443341162,3602.6486646450403,-55.92203402648215,1312.3051443341162
newton,7.0,0.5,20.0,-3379.971282657725,-1231.3231251136401,-1319.9588397437806,3597.271384513324,-1.0469919410918465,1319.9588397437806
newton,7.0,0.5,25.0,-3255.06392515648,-1470.269093991245,-1296.0249559196905,3571.4523514650537,43.1331289809043,1296.0249559196905
newton,7.0,0.5,30.0,-3124.198208250799,-1689.5279261718688,-1296.7913489237499,3550.3989778889522,98.92499965732122,1296.7913489237499
newton,7.0,0.5,35.0,-2977.550021537797,-1877.5089016708687,-1310.798730907627,3515.9610521531613,169.88727543615823,1310.798730907627
newton,7.0,0.5,40.0,-2816.770448019772,-2057.63205338972,-1353.5733359760416,3480.3917384600845,234.34754283562415,1353.5733359760416
newton,7.0,0.5,45.0,-2642.405296450469,-2261.299955047364,-1392.3676817750813,3467.4432362742027,269.48217125254973,1392.3676817750813
newton,7.0,0.5,50.0,-2494.1880784068135,-2415.6965879029503,-1429.6907896633413,3453.764140452309,357.8790820910747,1429.6907896633413
newton,7.0,0.5,55.0,-2348.2896224006686,-2615.553085269698,-1534.0281180611892,3489.459249881772,423.38662703615523,1534.0281180611892
newton,7.0,0.5,60.0,-2170.418111882381,-2812.3276829962233,-1625.0523567746275,3520.75627318215,473.4733802258859,1625.0523567746275
newton,7.0,0.5,65.0,-1963.358829253897,-2981.986032517676,-1789.9173288835655,3532.3484576978312,519.1656421023022,1789.9173288835655
newton,7.0,0.5,70.0,-1684.3392672097593,-3179.6373090033567,-1971.5843028137024,3563.959673626151,495.26117214798296,1971.5843028137024
newton,7.0,0.5,75.0,-1351.6454642527187,-3357.2782993926085,-2058.0527161106043,3592.7134037982055,436.66169831596903,2058.0527161106043
newton,7.0,0.5,80.0,-1083.0694912913557,-3500.4619161075157,-2226.624985602384,3635.3550775560443,458.7663993501535,2226.624985602384
newton,7.0,0.5,85.0,-719.4215726146797,-3579.577145658111,-2457.0461836705117,3628.657495424915,404.70325147919493,2457.0461836705117
newton,7.0,0.5,90.0,-260.8931683620758,-3600.8977097643656,-2564.5486551231297,3600.8977097643656,260.8931683620756,2564.5486551231297
newton,7.0,0.5,95.0,208.64014170184575,-3582.160207767545,-2461.730722113177,3586.713193210255,104.35963057659691,2461.730722113177
newton,7.0,0.5,100.0,452.72562531487955,-3647.421163051891,-2520.7604201982094,3670.623619693358,187.520332350363,2520.7604201982094
newton,7.0,0.5,105.0,983.2537900012583,-3773.911804141437,-2653.1356932255517,3899.8036847789467,27.010019890195053,2653.1356932255517
newton,7.0,0.5,110.0,1506.007394782681,-3697.1509231812825,-2579.3333269498507,3989.27030545835,-150.68394708320534,2579.3333269498507
newton,7.0,0.5,115.0,1744.3210432008154,-3473.6970699742214,-2367.4462637477177,3885.4206315192837,-112.84392701852607,2367.4462637477177
newton,7.0,0.5,120.0,1935.2366666126566,-3354.441621478274,-2317.3934218449176,3872.6499930183772,1.2566951174592305,2317.3934218449176
newton,7.0,0.5,125.0,2231.37767292189,-3248.4938768206875,-2358.8964690992743,3940.876053845766,35.42195902022513,2358.8964690992743
newton,7.0,0.5,130.0,2546.0822063719343,-2986.373891788043,-2389.2862637578273,3924.285220379072,-30.807990382603066,2389.2862637578273
newton,7.0,0.5,135.0,2850.4057666605045,-2694.318913503543,-2349.831056479521,3920.7124211564087,-110.3700723213567,2349.831056479521
newton,7.0,0.5,140.0,3138.662396039936,-2443.526259807252,-2308.0509093058945,3975.0232910606833,-145.64358622289205,2308.0509093058945
newton,7.0,0.5,145.0,3416.779274731224,-2108.406784166162,-2238.0507572626493,4008.1941774207376,-232.67835275595576,2238.0507572626493
newton,7.0,0.5,150.0,3560.952819667861,-1766.484546135203,-2165.3824364683305,3967.1178765777963,-250.6559174882202,2165.3824364683305
newton,7.0,0.5,155.0,3708.58303061853,-1439.2921457666298,-2114.429020460903,3969.388824302487,-262.87323439207285,2114.429020460903
newton,7.0,0.5,160.0,3863.544151264595,-1098.690329311913,-2038.1311055135104,4006.3181529256817,-288.9787293773222,2038.1311055135104
newton,7.0,0.5,165.0,3928.1209284695215,-746.4980741333209,-1954.8359437204585,3987.481372313361,-295.6107386732838,1954.8359437204585
newton,7.0,0.5,170.0,3916.066510490158,-422.02491990978604,-1822.9219193729373,3929.8565191145376,-264.40440007759724,1822.9219193729373
newton,7.0,0.5,175.0,3923.3062281517928,-124.42065495594915,-1792.1436479345582,3919.220838070976,-217.99147154086387,1792.1436479345582
newton,7.0,0.5,180.0,3929.099500755212,165.58849372742407,-1786.9579865884734,3929.099500755212,-165.58849372742455,1786.9579865884734
newton,7.0,0.5,185.0,3895.6220695956063,510.8252749207417,-1724.0718298571092,3925.31940775033,-169.35559558752772,1724.0718298571092
newton,7.0,0.5,190.0,3793.8291300329474,805.3669623504086,-1675.1526222144905,3876.0428462253067,-134.3401137326358,1675.1526222144905
newton,7.0,0.5,195.0,3687.971364260024,1090.3282399376837,-1653.6885760721896,3844.50450126227,-98.65897922489228,1653.6885760721896
newton,7.0,0.5,200.0,3548.266766419883,1407.551434533386,-1636.5590077520487,3815.691040362,-109.0869883990074,1636.5590077520487
newton,7.0,0.5,205.0,3388.4542917915605,1649.8255880203121,-1585.8573281171273,3768.2289328529196,-63.2271148903676,1585.8573281171273
newton,7.0,0.5,210.0,3219.5317981207427,1905.4574700548405,-1597.4458982647343,3740.9250604917765,-40.40867583794625,1597.4458982647343
newton,7.0,0.5,215.0,3039.9543250448155,2130.343482694834,-1582.2227643473962,3712.0996229134025,-1.4290504580487777,1582.2227643473962
newton,7.0,0.5,220.0,2839.8026031721647,2357.0467102615617,-1612.696006247803,3690.4954245233953,19.787392706910396,1612.696006247803
newton,7.0,0.5,225.0,2594.6963130390814,2555.1347383869625,-1622.4984784876115,3641.480458428404,27.974257710930488,1622.4984784876115
newton,7.0,0.5,230.0,2331.5097500472034,2725.0042386198606,-1629.6723825707188,3586.139933664109,34.44112717322855,1629.6723825707188
newton,7.0,0.5,235.0,2050.347668147466,2850.8112965136233,-1600.683493379097,3511.2790101979863,44.38829970257325,1600.683493379097
newton,7.0,0.5,240.0,1818.0379408067215,2947.8225874148998,-1598.8695874292916,3461.908216954238,100.5557480751188,1598.8695874292916
newton,7.0,0.5,245.0,1605.4410804721801,3040.6089895276004,-1608.0745255105994,3434.2163232987673,170.0068670731721,1608.0745255105994
newton,7.0,0.5,250.0,1408.2952306141112,3127.8745820364857,-1637.3324238160603,3420.906000102987,253.56852324323518,1637.3324238160603
newton,7.0,0.5,255.0,1195.4989614195215,3225.797618118356,-1747.0439845163123,3425.299129337937,319.8654629214958,1747.0439845163123
newton,7.0,0.5,260.0,938.6877035834959,3286.2902031536314,-1823.1132595578492,3399.36547983939,353.76862308393777,1823.1132595578492
newton,7.0,0.5,265.0,709.0743706512839,3412.474061724691,-1933.0698047516762,3461.2884711031825,408.95941713881655,1933.0698047516762
newton,7.0,0.5,270.0,445.27465910361207,3543.56976378079,-2088.937833802891,3543.56976378079,445.27465910361144,2088.937833802891
newton,7.0,0.5,275.0,68.81122136404983,3594.169716371649,-2227.9343146140945,3574.4955223839925,381.80190508359385,2227.9343146140945
newton,7.0,0.5,280.0,-335.229543117976,3639.346404501732,-2420.7255476767873,3642.2685543129637,301.82921793909645,2420.7255476767873
newton,7.0,0.5,285.0,-887.6320592201523,3642.0726989823916,-2424.564162593284,3747.708163139168,85.25104790168848,2424.564162593284
newton,7.0,0.5,290.0,-1255.0168582983547,3601.0886906904275,-2480.070244874371,3813.1575151887173,52.3147894135077,2480.070244874371
newton,7.0,0.5,295.0,-1759.0437027606665,3364.335343605187,-2482.947881624468,3792.527312098641,-172.40545072255054,2482.947881624468
newton,7.0,0.5,300.0,-2057.793599702217,3214.108572781579,-2311.5048364774593,3812.396474401301,-175.04724669635584,2311.5048364774593
newton,7.0,0.5,305.0,-2381.99405749315,2938.5357479856066,-2263.3707805020454,3773.363228084981,-265.74043926000445,2263.3707805020454
newton,7.0,0.5,310.0,-2670.876478524203,2684.9361133627226,-2185.5224890442823,3773.586697169554,-320.16641816115884,2185.5224890442823
newton,7.0,0.5,315.0,-2831.8651061719106,2405.161115098177,-2116.128366247589,3703.1367543118395,-301.7252856476018,2116.128366247589
newton,7.0,0.5,320.0,-2975.5854293136504,2088.597694275461,-2060.381084231571,3621.955402651661,-312.71078791579043,2060.381084231571
newton,7.0,0.5,325.0,-3124.277219323356,1738.3267361727044,-2064.618978049648,3556.3213256819386,-368.0578940541661,2064.618978049648
newton,7.0,0.5,330.0,-3280.5107515325344,1402.612229428417,-1948.3596828734703,3542.311762929364,-425.55755342253224,1948.3596828734703
newton,7.0,0.5,335.0,-3391.8611774482815,1162.6057591562183,-1872.4402290555047,3565.4086226930053,-379.7838221020172,1872.4402290555047
newton,7.0,0.5,340.0,-3506.6137318734955,877.721261654332,-1848.1955874880498,3595.3373994990607,-374.5443384796573,1848.1955874880498
newton,7.0,0.5,345.0,-3609.609692944293,577.3668192039212,-1778.7539353203645,3636.048754058485,-376.5422120092061,1778.7539353203645
newton,7.0,0.5,350.0,-3629.818514474114,251.05874992801157,-1644.1018760538107,3618.2693094937,-383.0667669094554,1644.1018760538107
newton,7.0,0.5,355.0,-3653.1701180616697,-11.795457683447035,-1511.5066585060508,3638.240660964782,-330.14532742903094,1511.5066585060508
newton,8.0,0.5,0.0,-2944.2030925177387,-185.7513675375667,-917.8267102703103,2944.2030925177387,-185.7513675375667,917.8267102703103
newton,8.0,0.5,5.0,-2903.6793963270347,-381.8714672235068,-895.2407255121859,2925.912310939235,-127.34599651261883,895.2407255121859
newton,8.0,0.5,10.0,-2842.33961830665,-568.4594895065629,-866.984586048163,2897.870047232437,-66.25621750995691,866.984586048163
newton,8.0,0.5,15.0,-2768.934796056206,-746.1034293589689,-868.0440361936285,2867.691407955548,-4.0275116342593265,868.0440361936285
newton,8.0,0.5,20.0,-2673.738060996385,-946.4298912036663,-860.7351923181739,2836.190012869901,25.119089981983734,860.7351923181739
newton,8.0,0.5,25.0,-2584.2695708760975,-1128.4742305257378,-867.2895558000914,2819.0574536108297,69.41453131737171,867.2895558000914
newton,8.0,0.5,30.0,-2483.752191392209,-1282.5366105170351,-870.208622001775,2792.26079970944,131.16680970476364,870.208622001775
newton,8.0,0.5,35.0,-2368.6270372478702,-1435.8357128001553,-916.2561460681615,2763.827211053248,182.42089566598088,916.2561460681615
newton,8.0,0.5,40.0,-2246.2430285987903,-1585.5531457827562,-990.7290891869663,2739.8959065615177,229.25301053137377,990.7290891869663
newton,8.0,0.5,45.0,-2120.5121964644472,-1782.9758437821822,-1008.203712830363,2760.182863538979,238.67424387860365,1008.203712830363
newton,8.0,0.5,50.0,-2003.508646556786,-1920.3807815722762,-1052.9083013624518,2758.927560302472,300.379693160839,1052.9083013624518
newton,8.0,0.5,55.0,-1863.4083790801917,-2078.9472307952283,-1135.4187636170777,2771.781011614345,333.979639067373,1135.4187636170777
newton,8.0,0.5,60.0,-1721.5517242685119,-2241.4289375075446,-1205.2408479986104,2801.9102627933526,370.1930583916619,1205.2408479986104
newton,8.0,0.5,65.0,-1565.6720637771991,-2403.963056721557,-1335.7220643026783,2840.4120441046684,403.022095026495,1335.7220643026783
newton,8.0,0.5,70.0,-1336.6769466771593,-2596.8297487095156,-1482.3119910226726,2897.392193182296,367.8973803211767,1482.3119910226726
newton,8.0,0.5,75.0,-1052.7050013926753,-2782.6140395324896,-1523.729514274938,2960.2588686140825,296.6414397081878,1523.729514274938
newton,8.0,0.5,80.0,-823.2732352755465,-2894.708826453613,-1548.6866661670151,2993.6915920319448,308.1049523567533,1548.6866661670151
newton,8.0,0.5,85.0,-580.2904634233421,-3041.6328632965483,-1660.7446179745898,3080.634178306681,312.9865116492386,1660.7446179745898
newton,8.0,0.5,90.0,-239.79884110405692,-3167.0461197263357,-1862.1109160899941,3167.0461197263357,239.79884110405672,1862.1109160899941
newton,8.0,0.5,95.0,233.57678641830714,-3220.7356947832563,-1917.7750823981723,3228.837381406813,48.017655445504175,1917.7750823981723
newton,8.0,0.5,100.0,627.6920026319096,-3237.7976446837797,-1838.2905088287114,3297.6057955623896,-55.918290042046465,1838.2905088287114
newton,8.0,0.5,105.0,954.7413126604986,-3203.75260509925,-1750.2054716950838,3341.692617168966,-93.01710132740027,1750.2054716950838
newton,8.0,0.5,110.0,1260.6677358232148,-3095.608479543456,-1632.3211100178048,3340.0942047615736,-125.87971276234589,1632.3211100178048
newton,8.0,0.5,115.0,1446.7124584133003,-2979.8041563581255,-1533.944355761196,3312.026815164787,-51.84711377512781,1533.944355761196
newton,8.0,0.5,120.0,1666.4651996451491,-2865.286797005856,-1575.8957898029798,3314.643755157792,-10.557798912478347,1575.8957898029798
newton,8.0,0.5,125.0,1903.7348490718896,-2729.7444569103286,-1607.3369106742416,3328.01320275259,6.2688043422147075,1607.3369106742416
newton,8.0,0.5,130.0,2155.1597118053996,-2539.3032793603716,-1645.5453920890448,3330.5291261919347,-18.71543605318061,1645.5453920890448
newton,8.0,0.5,135.0,2432.546187679775,-2273.8994988534673,-1657.2319718139765,3327.9596602338315,-112.18014948187442,1657.2319718139765
newton,8.0,0.5,140.0,2678.5913135852834,-2010.7065842229536,-1606.9029803826702,3344.377270212429,-181.47470219987758,1606.9029803826702
newton,8.0,0.5,145.0,2835.035675151578,-1765.1910737645678,-1557.2186085030748,3334.7972745011944,-180.1497828465972,1557.2186085030748
newton,8.0,0.5,150.0,3009.244014210645,-1478.9018008505107,-1494.1088126870482,3345.5326629179344,-223.85547786622533,1494.1088126870482
newton,8.0,0.5,155.0,3149.657051717301,-1205.827848691291,-1421.5086263101082,3364.1635818387267,-238.25141918153395,1421.5086263101082
newton,8.0,0.5,160.0,3194.9399754313818,-930.8225040231473,-1331.9426639927392,3320.6215650035356,-218.04679002193723,1331.9426639927392
newton,8.0,0.5,165.0,3208.4049774780838,-635.9308277515073,-1294.190378884018,3263.672238530378,-216.1343023144873,1294.190378884018
newton,8.0,0.5,170.0,3220.319840467451,-382.0898374035967,-1219.7548493950744,3237.7451500415705,-182.91763757959654,1219.7548493950744
newton,8.0,0.5,175.0,3210.81880633749,-117.4654115814927,-1184.3452807931283,3208.838456600219,-162.82287766784546,1184.3452807931283
newton,8.0,0.5,180.0,3172.8572982925834,136.97724851965904,-1124.5069341827766,3172.8572982925834,-136.97724851965944,1124.5069341827766
newton,8.0,0.5,185.0,3119.8713249977295,375.59879859425575,-1098.107032170138,3140.7348649578175,-102.25482916193016,1098.107032170138
newton,8.0,0.5,190.0,3051.0506058413353,605.645203627243,-1085.9422205430028,3109.867477387729,-66.63471443283436,1085.9422205430028
newton,8.0,0.5,195.0,2962.7360785059786,824.3204323319251,-1081.8070368965334,3075.1331218619675,-29.419871997472228,1081.8070368965334
newton,8.0,0.5,200.0,2844.4218330753984,1071.2179007942561,-1088.613622423006,3039.2603069059523,-33.76599360302487,1088.613622423006
newton,8.0,0.5,205.0,2718.9981951507607,1288.6018204477305,-1071.7574505899913,3008.835898637252,-18.771573350668177,1071.7574505899913
newton,8.0,0.5,210.0,2583.199646601689,1480.3126193909259,-1064.9619161460487,2977.27282669951,9.611489365618127,1064.9619161460487
newton,8.0,0.5,215.0,2436.1149808392342,1655.300360528321,-1082.5315099882546,2944.9898485599333,41.35547501208566,1082.5315099882546
newton,8.0,0.5,220.0,2275.54692064198,1828.8949072057535,-1105.0888278196862,2918.761059384962,61.67858513545684,1105.0888278196862
newton,8.0,0.5,225.0,2094.1514105977476,1997.4936360670733,-1130.7795490839967,2893.229958705043,68.34736782503956,1130.7795490839967
newton,8.0,0.5,230.0,1923.544806351568,2131.5367010314576,-1152.5662861157086,2869.282613328988,103.39542898084665,1152.5662861157086
newton,8.0,0.5,235.0,1715.8985847341928,2240.764706725467,-1192.7705816148734,2819.7259856564315,120.33199829281057,1192.7705816148734
newton,8.0,0.5,240.0,1499.4507957418737,2352.2325622962776,-1221.7968634209192,2786.8185524284754,122.44619968911388,1221.7968634209192
newton,8.0,0.5,245.0,1319.7982834790582,2452.298126048922,-1237.0109204192395,2780.307744185801,159.75749033390548,1237.0109204192395
newton,8.0,0.5,250.0,1150.2158172177344,2544.4452025942724,-1277.5893664836235,2784.393359532204,210.59780287513547,1277.5893664836235
newton,8.0,0.5,255.0,980.1161200312283,2626.007238737415,-1354.0967709246227,2790.2009301945823,267.05878713807533,1354.0967709246227
newton,8.0,0.5,260.0,764.0315313335125,2722.189116585269,-1433.926301788292,2813.5056302747653,279.72099624324994,1433.926301788292
newton,8.0,0.5,265.0,549.0540580969462,2808.7251469903044,-1528.2055139131646,2845.8903140707553,302.1682152819694,1528.2055139131646
newton,8.0,0.5,270.0,307.0287781421357,2875.9804720887623,-1638.7420497486019,2875.9804720887623,307.0287781421352,1638.7420497486019
newton,8.0,0.5,275.0,11.214994881326216,2980.0463620683295,-1776.5752617001351,2967.7289347512706,270.9004725484243,1776.5752617001351
newton,8.0,0.5,280.0,-403.9766660241209,3016.8975842056143,-1885.809251100448,3041.2139428445407,126.03941496849058,1885.809251100448
newton,8.0,0.5,285.0,-775.3393199561103,3022.707877599787,-1919.1491202312195,3120.3841867225283,33.414093221232406,1919.1491202312195
newton,8.0,0.5,290.0,-1175.7374401907975,2918.6281748078786,-1840.8558032895223,3144.7392464922195,-106.60216986687942,1840.8558032895223
newton,8.0,0.5,295.0,-1461.0944014737013,2843.1068138282862,-1717.4721289402355,3194.215020939418,-122.65237404801951,1717.4721289402355
newton,8.0,0.5,300.0,-1709.827330765646,2669.272173115068,-1681.4332982984365,3166.571176915366,-146.11781797045296,1681.4332982984365
newton,8.0,0.5,305.0,-1934.38730585302,2432.4746722788686,-1620.2064869857513,3102.085577892307,-189.3471619962845,1620.2064869857513
newton,8.0,0.5,310.0,-2085.6865769665756,2200.9623243896845,-1577.8362993942535,3026.688447476593,-182.97730086851334,1577.8362993942535
newton,8.0,0.5,315.0,-2240.3302361839787,1988.4585499918194,-1617.2409204139524,2990.205226910536,-178.10017729536662,1617.2409204139524
newton,8.0,0.5,320.0,-2433.4406629608166,1734.8915133865664,-1626.3072339943606,2979.290466476109,-235.18150381455848,1626.3072339943606
newton,8.0,0.5,325.0,-2636.3990398245223,1456.7647329237834,-1602.6233614039043,2995.1775871460995,-318.86455703924617,1602.6233614039043
newton,8.0,0.5,330.0,-2811.815652716974,1187.1309280820872,-1515.186934105035,3028.669250052666,-377.82228502120347,1515.186934105035
newton,8.0,0.5,335.0,-2937.648526608378,920.7589914717048,-1374.603083772857,3051.5432996998056,-407.0128699655403,1374.603083772857
newton,8.0,0.5,340.0,-3016.2415369913783,704.4552988342181,-1251.6143802219538,3075.277817092551,-369.6439167985794,1251.6143802219538
newton,8.0,0.5,345.0,-3053.923724730621,491.7978822928297,-1159.3026773487218,3077.1504555126867,-315.3733464297971,1159.3026773487218
newton,8.0,0.5,350.0,-3051.408177006251,223.60256131226768,-1096.8612084126578,3043.8786076141378,-309.66593328139686,1096.8612084126578
newton,8.0,0.5,355.0,-2982.62858857867,-6.34448851806683,-993.7053866124911,2970.7258277097912,-266.27355580177596,993.7053866124911
newton,9.0,0.5,0.0,-2393.092765244932,-141.313990349925,-653.7935637018818,2393.092765244932,-141.313990349925,653.7935637018818
newton,9.0,0.5,5.0,-2347.3633951586157,-283.68619567147016,-616.0026442949924,2363.1558498426566,-78.02048384602233,616.0026442949924
newton,9.0,0.5,10.0,-2292.5226475674244,-428.1679315128668,-604.17529264586,2332.0446583231014,-23.570718534821708,604.17529264586
newton,9.0,0.5,15.0,-2236.4699905330235,-566.6374381994528,-622.9321841667573,2306.9206842504364,31.511291651073407,622.9321841667573
newton,9.0,0.5,20.0,-2162.1529246443156,-727.0433959932218,-646.9493900889892,2280.4226348005163,56.30253897290504,646.9493900889892
newton,9.0,0.5,25.0,-2086.9274477193753,-871.111166570294,-647.8348016706002,2259.5460838474414,92.478816696879,647.8348016706002
newton,9.0,0.5,30.0,-2004.311907571942,-997.816255978282,-673.1418137858833,2234.6931570540905,138.02172779970226,673.1418137858833
newton,9.0,0.5,35.0,-1930.7864145154645,-1144.1539438757836,-713.7513434568771,2237.867380301022,170.21754888563328,713.7513434568771
newton,9.0,0.5,40.0,-1838.0562927378191,-1295.2373521210002,-745.1807594804105,2240.595330738256,189.27043476581355,745.1807594804105
newton,9.0,0.5,45.0,-1740.5923570818813,-1411.3859098021976,-781.0198505615841,2228.785206666354,232.78411128179607,781.0198505615841
newton,9.0,0.5,50.0,-1634.2867703411712,-1532.3022502969302,-851.7621259853729,2224.3109106686043,266.9913980970465,851.7621259853729
newton,9.0,0.5,55.0,-1507.702596377485,-1662.1911715512604,-943.4578634855884,2226.369978482747,281.64397528989525,943.4578634855884
newton,9.0,0.5,60.0,-1361.0791082181884,-1820.207023624664,-1024.095615082376,2256.885076714915,268.6255724648879,1024.095615082376
newton,9.0,0.5,65.0,-1227.1862953916338,-2014.905418729331,-1111.3527095649447,2344.755810127155,260.6726700227904,1111.3527095649447
newton,9.0,0.5,70.0,-1053.028134327258,-2214.9940591538025,-1171.768421365428,2441.570405900024,231.950181729988,1171.768421365428
newton,9.0,0.5,75.0,-852.1618360114007,-2369.418921101141,-1193.725287913021,2509.238641858854,209.87438297407948,1193.725287913021
newton,9.0,0.5,80.0,-698.1324016399628,-2463.334329714504,-1279.938266828915,2547.140165478991,259.77268442475497,1279.938266828915
newton,9.0,0.5,85.0,-423.2574384099896,-2480.714190478958,-1506.4156774701078,2508.1636404541878,205.43832825607612,1506.4156774701078
newton,9.0,0.5,90.0,-12.789741820306517,-2667.7784805771953,-1392.106441897573,2667.7784805771953,12.789741820306354,1392.106441897573
newton,9.0,0.5,95.0,252.83440384027102,-2731.7489909668616,-1391.4446538468735,2743.3898315775236,-13.7846802929825,1391.4446538468735
newton,9.0,0.5,100.0,585.9778764185664,-2721.8957409818618,-1287.7688790671104,2782.298019003068,-104.42332056975454,1287.7688790671104
newton,9.0,0.5,105.0,824.7908028636849,-2672.2813218823094,-1181.13020015439,2794.697111922534,-105.04943779684743,1181.13020015439
newton,9.0,0.5,110.0,1008.5634181937056,-2588.3940026920227,-1114.3651018014953,2777.2437488598325,-62.456713887210526,1114.3651018014953
newton,9.0,0.5,115.0,1195.0330892076777,-2471.7127275081525,-1124.2479263878135,2745.175299141803,-38.47685809352379,1124.2479263878135
newton,9.0,0.5,120.0,1378.4623327076645,-2367.5789522487094,-1111.8142121229994,2739.614684466559,-9.993922160440206,1111.8142121229994
newton,9.0,0.5,125.0,1577.7684873303447,-2248.3877004101614,-1154.4074297011214,2746.7422074951287,-2.8100770746179933,1154.4074297011214
newton,9.0,0.5,130.0,1775.2913539153699,-2079.831925230696,-1208.8150132995384,2734.378974824861,-23.061884815243502,1208.8150132995384
newton,9.0,0.5,135.0,2065.305321338303,-1872.6123221101377,-1201.9045469800494,2784.5282694365414,-136.25452644141023,1201.9045469800494
newton,9.0,0.5,140.0,2232.690621193044,-1684.7865895534837,-1130.2306645421238,2793.300188299811,-144.5244627974114,1130.2306645421238
newton,9.0,0.5,145.0,2417.315690003992,-1475.2227659873831,-1094.6600305584566,2826.3021060976016,-178.08357446773357,1094.6600305584566
newton,9.0,0.5,150.0,2514.3840543934784,-1232.5642847607742,-993.4915318723131,2793.8026083556533,-189.7600447965117,993.4915318723131
newton,9.0,0.5,155.0,2561.00190819853,-998.3901881948066,-921.0935717151849,2742.9938978899067,-177.4773726955376,921.0935717151849
newton,9.0,0.5,160.0,2576.867306464635,-795.7924287732146,-877.9162730563903,2693.6402331757745,-133.54025249277947,877.9162730563903
newton,9.0,0.5,165.0,2613.4999000177895,-570.884339924148,-861.1238520548943,2672.2027901542315,-124.99162074141645,861.1238520548943
newton,9.0,0.5,170.0,2602.981928480355,-337.40940992324,-838.6421007525331,2622.027313278967,-119.71966554888445,838.6421007525331
newton,9.0,0.5,175.0,2589.1500387411797,-134.73461579952874,-795.9781169748246,2591.0404366718294,-91.43738480269664,795.9781169748246
newton,9.0,0.5,180.0,2536.448629397477,66.23054383228009,-786.6371232545353,2536.448629397477,-66.2305438322804,786.6371232545353
newton,9.0,0.5,185.0,2482.816472454394,271.6436819656512,-761.6378162158995,2497.0439130583427,-54.218281981419295,761.6378162158995
newton,9.0,0.5,190.0,2425.3998344647453,437.52904852784985,-762.4822162156439,2464.528683088614,-9.715737789803313,762.4822162156439
newton,9.0,0.5,195.0,2355.601842265054,634.224761536276,-781.7565249020203,2439.4861030591164,-2.939457383134595,781.7565249020203
newton,9.0,0.5,200.0,2274.3474222676386,827.1555749824389,-785.5915689803784,2420.0913581164723,0.6006412834198045,785.5915689803784
newton,9.0,0.5,205.0,2181.2904393651856,994.469054089445,-784.4441080067022,2397.201293979462,20.558126147885446,784.4441080067022
newton,9.0,0.5,210.0,2083.419319839689,1141.9758021224743,-805.2457230756261,2375.2819587777044,52.729604774670634,805.2457230756261
newton,9.0,0.5,215.0,1960.3216759483548,1290.4205149739823,-828.9946467661842,2345.9563086901762,67.34371815877648,828.9946467661842
newton,9.0,0.5,220.0,1834.2587131991722,1428.7915040323014,-848.5552600693837,2323.5331701061514,84.52098176445202,848.5552600693837
newton,9.0,0.5,225.0,1695.9192556388678,1562.9313733612237,-880.4655275384798,2304.3553786400107,94.03663337416015,880.4655275384798
newton,9.0,0.5,230.0,1563.774220509981,1674.0089148439724,-927.7088182514574,2287.5399202388976,121.88836294786711,927.7088182514574
newton,9.0,0.5,235.0,1427.3507954797897,1797.5915202930964,-997.941282417188,2291.195551338775,138.16118381021397,997.941282417188
newton,9.0,0.5,240.0,1247.2330484902698,1912.8206917373168,-1067.3389079468866,2280.167836174174,123.72515856342272,1067.3389079468866
newton,9.0,0.5,245.0,1078.0671719292088,2029.3293602026401,-1073.1313177999932,2294.8078758541897,119.4290261598162,1073.1313177999932
newton,9.0,0.5,250.0,968.1224079127082,2123.8373296560694,-1109.457404158914,2326.871631138553,183.34233484368303,1109.457404158914
newton,9.0,0.5,255.0,794.0264051755155,2240.535958240612,-1200.0940770248083,2369.700702767647,187.0772342848021,1200.0940770248083
newton,9.0,0.5,260.0,620.4534547430079,2352.302861660532,-1244.0045461007858,2424.30670733937,202.55426736606665,1244.0045461007858
newton,9.0,0.5,265.0,420.82109047312656,2440.2308927715903,-1306.545225836614,2467.6220522028098,206.5396032392263,1306.545225836614
newton,9.0,0.5,270.0,169.88703500722477,2544.8555735894333,-1384.374432653014,2544.8555735894333,169.8870350072243,1384.374432653014
newton,9.0,0.5,275.0,-109.11191596103212,2609.5612160715314,-1419.4955233318294,2609.140777874511,118.74153385318337,1419.4955233318294
newton,9.0,0.5,280.0,-442.35092604989757,2629.9874759864915,-1409.5722034460885,2666.845488874349,21.06191096583393,1409.5722034460885
newton,9.0,0.5,285.0,-734.7408832120375,2621.1289101273715,-1369.1937362946342,2721.9810421156685,-31.307113115171205,1369.1937362946342
newton,9.0,0.5,290.0,-997.4601148881778,2532.8111589674463,-1321.622609088108,2721.2154073816064,-71.03347388178531,1321.622609088108
newton,9.0,0.5,295.0,-1197.6825722250937,2385.4382073564902,-1281.3196602091116,2668.1037496128324,-77.33929292283665,1281.3196602091116
newton,9.0,0.5,300.0,-1384.748765326887,2249.705787596987,-1300.206244177142,2640.676745763313,-74.37471483372633,1300.206244177142
newton,9.0,0.5,305.0,-1563.682102571883,2081.8967228650317,-1300.9005913275123,2602.281164512535,-86.76648778802087,1300.9005913275123
newton,9.0,0.5,310.0,-1748.4434274767384,1906.6688300598014,-1366.088918703059,2584.470833555387,-113.80227198848547,1366.088918703059
newton,9.0,0.5,315.0,-1986.79373685645,1718.0218093417957,-1366.4138614790056,2619.7001957621223,-190.05045253819185,1366.4138614790056
newton,9.0,0.5,320.0,-2161.0310016858466,1514.6196260828651,-1310.7584216491143,2629.0245192834063,-228.81800403243074,1310.7584216491143
newton,9.0,0.5,325.0,-2326.3405132557577,1262.130097421248,-1248.7693451932464,2629.554670636034,-300.45765187102256,1248.7693451932464
newton,9.0,0.5,330.0,-2449.7546973958924,1010.6394786877261,-1117.6054281423194,2626.869540328966,-349.63788608691505,1117.6054281423194
newton,9.0,0.5,335.0,-2504.6058802234475,783.3858975834445,-968.0161386748591,2601.0169990131863,-348.5034442109959,968.0161386748591
newton,9.0,0.5,340.0,-2504.8952309656306,585.8682906004747,-849.4680363041474,2554.210321101356,-306.18851648092846,849.4680363041474
newton,9.0,0.5,345.0,-2494.1918282391885,410.8510644309397,-755.882483049149,2515.5403827907503,-248.69269339517837,755.882483049149
newton,9.0,0.5,350.0,-2471.0976359129772,239.4377082178072,-725.8330603342495,2475.134031994007,-193.30148989697693,725.8330603342495
newton,9.0,0.5,355.0,-2436.2555395192912,43.01280560813089,-704.259944970481,2430.7336646862004,-169.48453217302998,704.259944970481
newton,10.0,0.5,0.0,-1959.7629485384969,-75.55860991346708,-469.40058767725714,1959.7629485384969,-75.55860991346708,469.40058767725714
newton,10.0,0.5,5.0,-1914.0196042358946,-205.5257289284861,-453.2846333706143,1924.6489293419752,-37.92584123924104,453.2846333706143
newton,10.0,0.5,10.0,-1877.518343213404,-319.19814479472905,-461.7857335095232,1904.4227969774656,11.67883109427936,461.7857335095232
newton,10.0,0.5,15.0,-1831.9710947371716,-441.4273290091998,-483.50154363763045,1883.797993198009,47.76295187550653,483.50154363763045
newton,10.0,0.5,20.0,-1779.5051205561601,-577.7815643359934,-499.7663572065266,1869.8007638824874,65.68952394870769,499.7663572065266
newton,10.0,0.5,25.0,-1725.1767309215868,-699.2261866343506,-517.3930777164304,1859.0468608076526,95.3770533709295,517.3930777164304
newton,10.0,0.5,30.0,-1672.2413661432324,-815.4486334426044,-552.771192140527,1855.9278210605364,129.92145102901588,552.771192140527
newton,10.0,0.5,35.0,-1608.1372375084861,-918.6562580840173,-582.0691393619634,1844.228488345746,169.87047404513476,582.0691393619634
newton,10.0,0.5,40.0,-1515.4748773567621,-1028.1631893870094,-642.1563248937385,1821.8116673593267,186.50977610675045,642.1563248937385
newton,10.0,0.5,45.0,-1433.6671620910347,-1151.4698449198809,-700.2473750365671,1827.967907953714,199.54363660437377,700.2473750365671
newton,10.0,0.5,50.0,-1360.9404957603506,-1281.66332773052,-780.5555164985864,1856.606758352752,218.70359733800683,780.5555164985864
newton,10.0,0.5,55.0,-1265.0296085843847,-1456.2758645013332,-862.3195186962892,1918.5025262253757,200.96606925328842,862.3195186962892
newton,10.0,0.5,60.0,-1139.5071993139863,-1640.0792744181513,-913.1961893696143,1990.1039155234616,166.80254519209393,913.1961893696143
newton,10.0,0.5,65.0,-994.6366889118302,-1813.2516041817685,-938.6138265733152,2063.7156772580765,135.13373537530788,938.6138265733152
newton,10.0,0.5,70.0,-836.2432252687825,-1959.8466356378544,-935.8284776662464,2127.665449142529,115.50456075009402,935.8284776662464
newton,10.0,0.5,75.0,-685.443894129381,-2103.058482144529,-924.9685264286093,2208.804436249608,117.77637166831528,924.9685264286093
newton,10.0,0.5,80.0,-565.3364507955515,-2230.2427379969204,-986.1936219001883,2294.5299839278796,169.47013259579325,986.1936219001883
newton,10.0,0.5,85.0,-258.26980057859214,-2388.550240202354,-1073.460263980345,2401.970781714067,49.111135738672544,1073.460263980345
newton,10.0,0.5,90.0,-2.498009675691719,-2384.625015168989,-963.3607083111128,2384.625015168989,2.498009675691573,963.3607083111128
newton,10.0,0.5,95.0,250.76241919046723,-2357.388002753955,-966.1044969977662,2370.272814586324,-44.34829015376371,966.1044969977662
newton,10.0,0.5,100.0,492.9972889018613,-2316.8161559305963,-862.9289819111694,2367.226593476937,-83.19664885790166,862.9289819111694
newton,10.0,0.5,105.0,669.9586735776603,-2254.2661554650986,-828.1662986975705,2350.851963046628,-63.68337159062207,828.1662986975705
newton,10.0,0.5,110.0,845.9892017713713,-2185.9495415270553,-793.943771728705,2343.466001625126,-47.33103467335525,793.943771728705
newton,10.0,0.5,115.0,991.9764113212476,-2108.1890084176534,-816.5372987004524,2329.8954615143557,-8.076771978800366,816.5372987004524
newton,10.0,0.5,120.0,1180.6796447926336,-2003.3639499309222,-832.8290990284828,2325.3038960624317,-20.816591156147524,832.8290990284828
newton,10.0,0.5,125.0,1356.3950912133507,-1917.8151823360804,-863.351505297715,2348.9784898812713,-11.080213966708698,863.351505297715
newton,10.0,0.5,130.0,1609.5032669255313,-1787.3347191799726,-841.9259799361179,2403.7465873511755,-84.07442195868794,841.9259799361179
newton,10.0,0.5,135.0,1769.411956224843,-1607.8782146027825,-816.8956694135442,2388.104781826887,-114.22160409139474,816.8956694135442
newton,10.0,0.5,140.0,1906.6246517508591,-1418.662604728871,-755.7665710385038,2372.457964232753,-138.79609745511902,755.7665710385038
newton,10.0,0.5,145.0,1997.932454367728,-1239.4775585473076,-692.6649627261334,2347.545575315307,-130.6464013119844,692.6649627261334
newton,10.0,0.5,150.0,2043.2090681292084,-1047.030435151127,-654.8907570571214,2292.986175818188,-114.84957868825279,654.8907570571214
newton,10.0,0.5,155.0,2072.008508804533,-874.1567026489928,-638.4497584444578,2247.312032498244,-83.41360760184716,638.4497584444578
newton,10.0,0.5,160.0,2103.2225079588297,-668.7211340954821,-645.1364635297709,2205.0987687279844,-90.9521485447433,645.1364635297709
newton,10.0,0.5,165.0,2119.7456319132925,-489.0699193779394,-615.0381648319515,2174.0976605502556,-76.22527432377433,615.0381648319515
newton,10.0,0.5,170.0,2125.152627665704,-307.3548081816865,-596.8872261228643,2146.2383863973705,-66.34348303533301,596.8872261228643
newton,10.0,0.5,175.0,2100.0683424392982,-141.92235274382534,-572.741569387773,2104.4462964342324,-41.65072086203514,572.741569387773
newton,10.0,0.5,180.0,2060.4174610283226,3.7740484606911195,-606.9895065484161,2060.4174610283226,-3.774048460691372,606.9895065484161
newton,10.0,0.5,185.0,2020.4010288230265,187.2426958996471,-610.4115960671469,2029.0320691678146,-10.440628596430315,610.4115960671469
newton,10.0,0.5,190.0,1977.6467188546717,333.1482030694351,-617.808176462384,2005.452399803255,15.327815513232963,617.808176462384
newton,10.0,0.5,195.0,1915.3935284304139,489.8537805652674,-656.0759076374925,1976.911564343644,22.5779062705779,656.0759076374925
newton,10.0,0.5,200.0,1851.3694907011932,644.8413788255257,-655.8278394511487,1960.2669895683048,27.25297329863531,655.8278394511487
newton,10.0,0.5,205.0,1779.09418132776,796.3655597762904,-672.6446187936865,1948.9655389917575,30.125382232677566,672.6446187936865
newton,10.0,0.5,210.0,1714.7078361350802,912.6546854393664,-670.4011137568908,1941.3078888809073,66.97177559415331,670.4011137568908
newton,10.0,0.5,215.0,1627.0477496800825,1026.6462608286529,-741.2587383700167,1921.6595939854687,92.25686671505025,741.2587383700167
newton,10.0,0.5,220.0,1523.0233932453514,1147.1601789376316,-780.3434912162293,1904.0839564827143,100.20488599831629,780.3434912162293
newton,10.0,0.5,225.0,1415.0895134821167,1305.1438928520543,-846.197237947074,1923.4954880290736,77.7432939092804,846.197237947074
newton,10.0,0.5,230.0,1315.1053891308666,1462.2875859719275,-860.0535521931083,1965.5107290409755,67.48883339832605,860.0535521931083
newton,10.0,0.5,235.0,1238.333003787217,1602.123993021422,-885.4914010378607,2022.6617754160986,95.44244105309042,885.4914010378607
newton,10.0,0.5,240.0,1124.9916513130665,1751.2789116850593,-955.913856153622,2079.147852287759,98.63189323999029,955.913856153622
newton,10.0,0.5,245.0,957.9663986937528,1875.5354729197804,-950.1148435811876,2104.6664981926147,75.57686545722663,950.1148435811876
newton,10.0,0.5,250.0,847.6569812874843,1965.0577838708368,-961.3220261797082,2136.466061152285,124.44766539078375,961.3220261797082
newton,10.0,0.5,255.0,662.0615126078545,2069.086122144805,-976.6000369394302,2169.9378506882604,103.98341925153659,976.6000369394302
newton,10.0,0.5,260.0,525.7218417065186,2132.9487103799306,-989.266394516827,2191.8350665315857,147.35228902593218,989.266394516827
newton,10.0,0.5,265.0,320.41738776823024,2184.133805398895,-1037.4243003881363,2203.7487322815323,128.83829880130793,1037.4243003881363
newton,10.0,0.5,270.0,107.95361788327956,2256.375563321475,-1060.714274361642,2256.375563321475,107.95361788327915,1060.714274361642
newton,10.0,0.5,275.0,-148.40639564830337,2268.8341316877772,-1102.816419093955,2273.1350024781837,49.90025941073995,1102.816419093955
newton,10.0,0.5,280.0,-435.25540565885353,2272.3554714951297,-1044.7214099146656,2313.4145939404557,-34.052511396705995,1044.7214099146656
newton,10.0,0.5,285.0,-625.7967594102566,2239.685539309978,-989.4497232746481,2325.3382248844828,-24.799979308241745,989.4497232746481
newton,10.0,0.5,290.0,-792.0923818488711,2146.8989665064246,-1015.7416411747262,2288.336666366102,-10.040673973860066,1015.7416411747262
newton,10.0,0.5,295.0,-1036.2983820283494,2051.8181878759574,-1043.4152798583461,2297.5374221129287,-72.06945735768477,1043.4152798583461
newton,10.0,0.5,300.0,-1218.6722198735154,1991.7373058722146,-1030.0109556994098,2334.231214487272,-59.53244836073168,1030.0109556994098
newton,10.0,0.5,305.0,-1436.983513894646,1885.9742834793237,-1076.1633316849939,2369.1195727834493,-95.35757444858996,1076.1633316849939
newton,10.0,0.5,310.0,-1666.769937925994,1754.2156988443903,-993.7832742417997,2415.186252428651,-149.23173297118433,993.7832742417997
newton,10.0,0.5,315.0,-1796.9503140952622,1596.500221447161,-990.5600722711212,2399.5318853031686,-141.73961980094464,990.5600722711212
newton,10.0,0.5,320.0,-1942.9234190952789,1381.0992587402977,-979.6581453430267,2376.1191798691907,-190.9036878105087,979.6581453430267
newton,10.0,0.5,325.0,-2051.073868364008,1151.5001091548595,-901.0448672799141,2340.6146813249925,-233.19397169578292,901.0448672799141
newton,10.0,0.5,330.0,-2091.681973740642,899.6270911936803,-781.290929121334,2261.263271494211,-266.74107196389525,781.290929121334
newton,10.0,0.5,335.0,-2085.499741031885,699.887584836387,-673.5628957773309,2185.8899296775644,-247.05670722808213,673.5628957773309
newton,10.0,0.5,340.0,-2059.690795584939,514.8288619970144,-591.5468685500111,2111.558082880234,-220.67485852632007,591.5468685500111
newton,10.0,0.5,345.0,-2037.1859484518463,368.04651848275626,-539.167556247893,2063.027969029843,-171.75688439630858,539.167556247893
newton,10.0,0.5,350.0,-2020.566620261981,220.0186597793013,-522.3473836927744,2028.075512435069,-134.19162950511034,522.3473836927744
newton,10.0,0.5,355.0,-2004.7921501333267,59.623087583625924,-501.07542418974845,2002.3598052220304,-115.33294516487709,501.07542418974845
newton,11.0,0.5,0.0,-1610.3820647174434,-36.53748078053468,-372.90215058540343,1610.3820647174434,-36.53748078053468,372.90215058540343
newton,11.0,0.5,5.0,-1576.27778567083,-145.71854697022363,-374.12251877679364,1582.9797809983772,-7.782382718594647,374.12251877679364
newton,11.0,0.5,10.0,-1548.3737126749954,-243.28535344232046,-380.51892787620596,1567.0964950809464,29.282971289079654,380.51892787620596
newton,11.0,0.5,15.0,-1519.8373850076575,-349.0127218903902,-409.83929600539915,1558.3813213468409,56.2424589214221,409.83929600539915
newton,11.0,0.5,20.0,-1480.3024159698637,-458.09047338031075,-437.70144072781324,1547.7054261800904,75.8290069875448,437.70144072781324
newton,11.0,0.5,25.0,-1431.7038148023553,-571.212364725036,-461.27227495334165,1538.9690927503414,87.36996333738057,461.27227495334165
newton,11.0,0.5,30.0,-1396.3428499765284,-668.3741370423446,-476.6124587829198,1543.4554489936093,119.34244307709184,476.6124587829198
newton,11.0,0.5,35.0,-1361.6584473232358,-754.4915781530605,-542.2060027827738,1548.163891402112,162.971881100053,542.2060027827738
newton,11.0,0.5,40.0,-1313.302067756402,-865.1238527737695,-638.8286835179847,1562.138644548716,181.4509769025001,638.8286835179847
newton,11.0,0.5,45.0,-1218.70680336527,-1020.9608504307663,-701.4245821656222,1583.684185603342,139.82750427218332,701.4245821656222
newton,11.0,0.5,50.0,-1163.77125102466,-1194.7890755216258,-727.6178767652843,1663.319272670657,123.50488597492597,727.6178767652843
newton,11.0,0.5,55.0,-1083.7189433806043,-1349.5095938953946,-754.490881597171,1727.0491921773876,113.68368421686034,754.490881597171
newton,11.0,0.5,60.0,-956.1501072866603,-1502.6313519722833,-788.9895808432146,1779.3919769742836,76.73460675532249,788.9895808432146
newton,11.0,0.5,65.0,-833.5880494470316,-1639.6645803008935,-739.5134563821497,1838.3303097200048,62.53514562997964,739.5134563821497
newton,11.0,0.5,70.0,-697.0631922925337,-1760.8794568286173,-727.4382253621798,1893.0950846102908,52.768893815012916,727.4382253621798
newton,11.0,0.5,75.0,-531.1458665008356,-1845.1860949010368,-681.745975685342,1919.7835693522804,35.47820686110731,681.745975685342
newton,11.0,0.5,80.0,-410.4868295816048,-1925.7492843125094,-680.4895113370095,1967.7731154617918,69.84775841710268,680.4895113370095
newton,11.0,0.5,85.0,-195.17962744311092,-1998.5154429137817,-668.5142397256865,2007.9215136842015,20.254812214533615,668.5142397256865
newton,11.0,0.5,90.0,-24.604179923524498,-2001.3236075459572,-656.2097488404834,2001.3236075459572,24.604179923524377,656.2097488404834
newton,11.0,0.5,95.0,187.72618450269192,-1977.1226076153634,-704.2094150510878,1985.9604742272677,-14.69424032467063,704.2094150510878
newton,11.0,0.5,100.0,411.42237802547993,-1921.2033092116935,-650.770649372562,1963.4586602199056,-71.55849406992553,650.770649372562
newton,11.0,0.5,105.0,573.2248257543789,-1877.6392810623513,-580.8528569236872,1962.021776063771,-67.72385769466416,580.8528569236872
newton,11.0,0.5,110.0,685.1406627335862,-1825.730257920225,-556.1155300881499,1949.9571585795736,-19.38510048323235,556.1155300881499
newton,11.0,0.5,115.0,824.4438617051903,-1769.9183561661002,-594.2895312985569,1952.5158203490807,0.799927267892258,594.2895312985569
newton,11.0,0.5,120.0,1007.9659318261904,-1681.7229949502714,-598.8339216512542,1960.3978016684791,-32.0626056355992,598.8339216512542
newton,11.0,0.5,125.0,1167.7582328346066,-1575.3320334319603,-593.3516059640885,1960.2350613285935,-52.9982098562175,593.3516059640885
newton,11.0,0.5,130.0,1331.703523320004,-1461.4852823215215,-562.4222276243557,1975.5652037885802,-80.71945270574554,562.4222276243557
newton,11.0,0.5,135.0,1461.9646986819191,-1334.342764091771,-531.2851882375675,1977.2879692098256,-90.24233537683983,531.2851882375675
newton,11.0,0.5,140.0,1555.8782972764743,-1179.0436840144425,-505.10368389156974,1949.7465951617155,-96.89942933571626,505.10368389156974
newton,11.0,0.5,145.0,1612.018782127404,-1035.4669786450515,-478.40577598112156,1914.4079403823273,-76.41109603274958,478.40577598112156
newton,11.0,0.5,150.0,1655.0921105357106,-889.0094937099906,-475.5566938632171,1877.8565601821228,-57.641249509461204,475.5566938632171
newton,11.0,0.5,155.0,1693.4651006796098,-744.3396675357419,-469.0457646380051,1849.37214425934,-41.08844027984139,469.0457646380051
newton,11.0,0.5,160.0,1732.2889190708981,-591.8565080437353,-474.79990719571816,1830.2459620294687,-36.314511209282955,474.79990719571816
newton,11.0,0.5,165.0,1734.3168432524694,-437.9612167350033,-530.3725925791665,1788.5741337729817,-25.836179118499047,530.3725925791665
newton,11.0,0.5,170.0,1727.9601033878728,-273.36420575385915,-479.0227694103263,1749.1777028806791,-30.84593381203962,479.0227694103263
newton,11.0,0.5,175.0,1714.941293421323,-145.22228868645809,-476.14803257105825,1721.0723804789056,-4.797308162566594,476.14803257105825
newton,11.0,0.5,180.0,1718.780077491465,-14.32870582472242,-514.2727005806228,1718.780077491465,14.32870582472221,514.2727005806228
newton,11.0,0.5,185.0,1697.4183456800013,129.71904598726547,-528.3318789253523,1702.2649162116168,18.71433081720815,528.3318789253523
newton,11.0,0.5,190.0,1668.3865619414557,258.6692663763575,-548.9471524242847,1687.9574679460243,34.972787131712295,548.9471524242847
newton,11.0,0.5,195.0,1641.1563628503231,407.18006753462566,-599.3919039157073,1690.621272119852,31.456779515024834,599.3919039157073
newton,11.0,0.5,200.0,1594.8051469998068,555.9903087451622,-603.330020062573,1688.7865133118075,22.995494597080096,603.330020062573
newton,11.0,0.5,205.0,1539.9192638913746,678.0948491728899,-603.8072267686126,1682.2160867252671,36.235360371957086,603.8072267686126
newton,11.0,0.5,210.0,1484.1460841085295,778.7074522506995,-630.1399306506505,1674.6619378905325,67.6926062889014,630.1399306506505
newton,11.0,0.5,215.0,1424.1620442702488,886.6944263568901,-672.2357662234363,1675.1922791648842,90.52823812904876,672.2357662234363
newton,11.0,0.5,220.0,1342.181506869246,1005.0512859550151,-792.3605600062776,1674.2051987056489,92.82368991053772,792.3605600062776
newton,11.0,0.5,225.0,1242.192762845823,1253.9180738538012,-788.0690902104368,1765.0168992235313,-8.29104692526289,788.0690902104368
newton,11.0,0.5,230.0,1173.827167813555,1398.4643376697813,-777.2613307618844,1825.8073941559933,0.2882302430333539,777.2613307618844
newton,11.0,0.5,235.0,1089.788519577583,1504.8547949947078,-712.8216859953104,1857.781897113599,29.55324311580182,712.8216859953104
newton,11.0,0.5,240.0,984.2289535954094,1612.9255410366607,-707.8022416437511,1888.9489697482131,45.90450643546876,707.8022416437511
newton,11.0,0.5,245.0,859.2682051242602,1700.7759939320033,-692.1893434911993,1904.5689625242385,59.98247129126946,692.1893434911993
newton,11.0,0.5,250.0,723.7939873491563,1769.9674831765587,-706.86442050953,1910.7775062634341,74.77933660339193,706.86442050953
newton,11.0,0.5,255.0,584.4059976675007,1841.4504495548513,-713.9907237837692,1929.9599493251346,87.89039922787407,713.9907237837692
newton,11.0,0.5,260.0,451.3371368222277,1880.4980374055965,-763.264433508178,1930.3029180838623,117.93525426314073,763.264433508178
newton,11.0,0.5,265.0,268.3091470937006,1944.2393960071968,-825.4584175800647,1960.2256611244093,97.83652114599707,825.4584175800647
newton,11.0,0.5,270.0,50.16678326999025,2008.340080450478,-855.4616085911985,2008.340080450478,50.16678326998988,855.4616085911985
newton,11.0,0.5,275.0,-152.084947499368,2035.1986906221323,-876.89015356458,2040.709221721077,25.873035161800857,876.89015356458
newton,11.0,0.5,280.0,-400.1555762443845,1993.2424525476563,-838.8394676421451,2032.446907500098,-47.95339436327504,838.8394676421451
newton,11.0,0.5,285.0,-570.6283335997132,1976.560518806169,-815.9939031519041,2056.900332748919,-39.61313857150242,815.9939031519041
newton,11.0,0.5,290.0,-720.5327167859688,1916.369848559748,-772.8959269351201,2047.2353084541746,-21.642186729201967,772.8959269351201
newton,11.0,0.5,295.0,-935.4189197430298,1837.4732553190568,-759.3221108479594,2060.6414376284056,-71.22769794655449,759.3221108479594
newton,11.0,0.5,300.0,-1119.2144065508783,1739.1915969160063,-708.949581416854,2065.7913082531263,-99.67230989658174,708.949581416854
newton,11.0,0.5,305.0,-1280.7920906482573,1641.6838104748526,-694.1344727992591,2079.4208124872507,-107.53230973631946,694.1344727992591
newton,11.0,0.5,310.0,-1435.155631920695,1492.7546904728192,-641.668351128189,2066.0166937469717,-139.86877750636074,641.668351128189
newton,11.0,0.5,315.0,-1571.5049826154304,1387.1136518608566,-595.5004352328812,2092.059299383066,-130.38436036857127,595.5004352328812
newton,11.0,0.5,320.0,-1684.7533497933618,1232.8220482968545,-566.0082594451227,2083.038679228887,-138.54209917270396,566.0082594451227
newton,11.0,0.5,325.0,-1725.9062373202005,1041.5797548001813,-530.001629513828,2011.2052264856484,-136.72696364356898,530.001629513828
newton,11.0,0.5,330.0,-1734.3450310948233,845.3615526732776,-513.8269839861384,1924.667632192068,-135.06793554969738,513.8269839861384
newton,11.0,0.5,335.0,-1709.9347392264779,645.7494123391482,-499.80970754540596,1822.6326636482893,-137.40192630461934,499.80970754540596
newton,11.0,0.5,340.0,-1686.9238372778082,467.26908371406154,-462.83530875138376,1745.005320701342,-137.8726227177463,462.83530875138376
newton,11.0,0.5,345.0,-1665.010103369686,326.0648658277474,-424.93893583469946,1692.66805709203,-115.98185009169032,424.93893583469946
newton,11.0,0.5,350.0,-1653.4395120537313,198.66357620159656,-410.07656877278924,1662.8176185834393,-91.47132806616517,410.07656877278924
newton,11.0,0.5,355.0,-1636.9376165868023,71.77092852827967,-388.03628841079166,1636.9638233342823,-71.17069532821048,388.03628841079166
newton,12.0,0.5,0.0,-1346.202108563346,-2.1366184337093728,-345.39612728575594,1346.202108563346,-2.1366184337093728,345.39612728575594
newton,12.0,0.5,5.0,-1320.7496995817526,-104.97478580704151,-356.679333838218,1324.8730036563968,10.535595996502664,356.679333838218
newton,12.0,0.5,10.0,-1293.098001357429,-183.01595749476763,-380.01405017514355,1305.2333246443213,44.308577614667456,380.01405017514355
newton,12.0,0.5,15.0,-1264.8728320417433,-282.20525443897844,-401.67462208962564,1294.813429917325,54.78383498807813,401.67462208962564
newton,12.0,0.5,20.0,-1252.8588141728208,-378.2412160092695,-426.2689533920527,1306.668297475949,73.07247162921612,426.2689533920527
newton,12.0,0.5,25.0,-1239.1773680845629,-485.5327894379547,-471.84093127243915,1328.2711217050019,83.65683735906845,471.84093127243915
newton,12.0,0.5,30.0,-1213.1802783092,-595.9723870355094,-477.2109350356902,1348.6311339037973,90.46291202779707,477.2109350356902
newton,12.0,0.5,35.0,-1193.9430723848923,-690.8570902339685,-511.1708856911519,1374.280256353017,118.90061488784579,511.1708856911519
newton,12.0,0.5,40.0,-1166.0827074243632,-807.2351545795639,-565.0550065779313,1412.1519337067084,131.1655117461504,565.0550065779313
newton,12.0,0.5,45.0,-1087.829819849783,-963.5295999325639,-626.6968991090716,1450.5301563789992,87.89352840644483,626.6968991090716
newton,12.0,0.5,50.0,-1001.6382226093276,-1125.2009946497901,-604.3391615246364,1505.7946082251422,44.03413667759014,604.3391615246364
newton,12.0,0.5,55.0,-946.4837151169924,-1245.4755232894527,-584.0172154333976,1563.1145773955602,60.93865791350561,584.0172154333976
newton,12.0,0.5,60.0,-831.6143231308818,-1364.2566308945215,-606.4499751011718,1597.288061201467,38.07081453508363,606.4499751011718
newton,12.0,0.5,65.0,-693.7531461899982,-1465.0067678581318,-549.9119549580363,1620.939790491177,9.615265002606748,549.9119549580363
newton,12.0,0.5,70.0,-579.0524089188508,-1534.9484779968734,-524.4873220119877,1640.4273459517224,19.147977267340593,524.4873220119877
newton,12.0,0.5,75.0,-448.61338288906586,-1582.390972571895,-515.8702238213914,1644.5819950734297,23.774332051548186,515.8702238213914
newton,12.0,0.5,80.0,-331.79182268626255,-1629.0728575125268,-511.4662905081171,1661.9386256743473,43.86562637377392,511.4662905081171
newton,12.0,0.5,85.0,-159.30141950455496,-1652.6536220407684,-515.3208242986854,1660.2488095968088,14.656975575356,515.3208242986854
newton,12.0,0.5,90.0,-28.537990202967194,-1655.2717935304827,-501.42805854111793,1655.2717935304827,28.53799020296709,501.42805854111793
newton,12.0,0.5,95.0,152.2160259169989,-1652.9630577375679,-522.0749663098558,1659.9395350565778,-7.571574951552009,522.0749663098558
newton,12.0,0.5,100.0,335.4109992697879,-1613.6581839896864,-479.1327521601735,1647.386599097286,-50.10654949932194,479.1327521601735
newton,12.0,0.5,105.0,461.68678554007,-1561.94651780795,-440.64494137084847,1628.2178138029103,-41.69368356927481,440.64494137084847
newton,12.0,0.5,110.0,566.1277190822417,-1514.949805798294,-437.0638173934396,1617.214236990844,-13.842690333613746,437.0638173934396
newton,12.0,0.5,115.0,692.668875551996,-1467.9045806847232,-462.70234285398436,1623.1078682490026,-7.4079134605065065,462.70234285398436
newton,12.0,0.5,120.0,842.8078206200416,-1396.266492634656,-462.2599111314629,1630.6061633846307,-31.759736847826616,462.2599111314629
newton,12.0,0.5,125.0,983.4921603104523,-1318.188807871418,-457.3234505230307,1643.9049852168018,-49.54757480378191,457.3234505230307
newton,12.0,0.5,130.0,1126.2865440748415,-1203.3999201883275,-417.3898771461161,1645.8208571980704,-89.25499025338286,417.3898771461161
newton,12.0,0.5,135.0,1208.4676662712618,-1113.7158800626266,-384.08712656049494,1642.031732772518,-66.99963055766409,384.08712656049494
newton,12.0,0.5,140.0,1279.718806860276,-998.5568629122924,-369.8531250904991,1622.181459797645,-57.64845696034638,369.8531250904991
newton,12.0,0.5,145.0,1324.6271889377967,-885.1331380027382,-360.0347612817936,1592.762580731006,-34.71632306177173,360.0347612817936
newton,12.0,0.5,150.0,1358.63661257532,-756.5700701378087,-387.2837808484947,1554.8988560707678,-24.109405805343044,387.2837808484947
newton,12.0,0.5,155.0,1423.298347040149,-624.8159912780746,-372.4565855919774,1554.0050233406114,-35.236275004176036,372.4565855919774
newton,12.0,0.5,160.0,1441.3142369934199,-517.9993068958603,-385.7338135790375,1531.5585499235076,-6.198375651561548,385.7338135790375
newton,12.0,0.5,165.0,1473.894974875709,-390.3828544106172,-404.84501953816005,1524.711739073077,-4.391208763074758,404.84501953816005
newton,12.0,0.5,170.0,1471.0666824872317,-270.5255028454248,-427.3467049879414,1495.6941346929118,10.967563949255947,427.3467049879414
newton,12.0,0.5,175.0,1483.4527180508153,-136.3858052118075,-448.5504176494227,1489.6945387454837,6.57539257422502,448.5504176494227
newton,12.0,0.5,180.0,1468.8898984981643,-21.34957192731963,-462.4347555557033,1468.8898984981643,21.34957192731945,462.4347555557033
newton,12.0,0.5,185.0,1469.5142250323627,104.59217028742893,-502.18731521608936,1473.0380880346304,23.882438258698826,502.18731521608936
newton,12.0,0.5,190.0,1475.798620758013,236.38855495132975,-497.723510784415,1494.426365395832,23.472459458576424,497.723510784415
newton,12.0,0.5,195.0,1457.1588645284114,353.79492210080736,-516.2228994848053,1499.0762441542981,35.400813412818025,516.2228994848053
newton,12.0,0.5,200.0,1404.0637805217857,468.60984373329256,-538.6879083924105,1479.662379586567,39.86888326862862,538.6879083924105
newton,12.0,0.5,205.0,1347.9426542886317,596.0209302583587,-573.3597206754295,1473.5402535675003,29.48677115162718,573.3597206754295
newton,12.0,0.5,210.0,1332.3591181632416,712.0539293160916,-593.8331252771995,1509.883807951246,49.52276742935658,593.8331252771995
newton,12.0,0.5,215.0,1324.4253687358837,833.0774585568727,-646.8839502369992,1562.7393481916383,77.24207998450834,646.8839502369992
newton,12.0,0.5,220.0,1246.9320870767604,1074.1215540369312,-665.3787472187137,1645.637422484092,-21.312352010793802,665.3787472187137
newton,12.0,0.5,225.0,1148.9041284926452,1197.784577816045,-599.9001236640806,1659.3594975647613,-34.56369718402152,599.9001236640806
newton,12.0,0.5,230.0,1064.365759640039,1287.9517779266853,-545.8338370000973,1670.7894249571636,-12.527969106661203,545.8338370000973
newton,12.0,0.5,235.0,970.8909245842667,1370.8184157776457,-526.9385553558178,1679.7888642418716,9.038143848702248,526.9385553558178
newton,12.0,0.5,240.0,867.4317031431187,1439.9228605160204,-508.3271387520248,1680.72562826839,31.25646071193171,508.3271387520248
newton,12.0,0.5,245.0,754.802134405046,1496.5098130847682,-503.4631372375766,1675.2916629759175,51.63067619939409,503.4631372375766
newton,12.0,0.5,250.0,630.4710284411985,1555.2122065736019,-514.7632959460594,1677.0552257835238,60.53507125136423,514.7632959460594
newton,12.0,0.5,255.0,514.8632322007568,1600.5232133992079,-550.3048587556875,1679.2431175140619,83.07380323297565,550.3048587556875
newton,12.0,0.5,260.0,355.09205646818697,1692.5071914674163,-605.789798343352,1728.4552926957326,55.796620756428126,605.789798343352
newton,12.0,0.5,265.0,201.72568650683428,1779.5491582453683,-604.074453465474,1790.358988476449,45.860130724180806,604.074453465474
newton,12.0,0.5,270.0,10.277149655623944,1801.181200927269,-572.2939245620511,1801.181200927269,10.277149655623614,572.2939245620511
newton,12.0,0.5,275.0,-143.9884922611255,1820.5486801899706,-566.1558556723294,1826.1703668133075,15.230699853467627,566.1558556723294
newton,12.0,0.5,280.0,-329.6982533519699,1789.2622166473975,-556.1156935953379,1819.3308040007055,-13.987272766490946,556.1156935953379
newton,12.0,0.5,285.0,-488.92877180814844,1733.7233943015829,-533.6720218253206,1801.1922800399777,-23.548294520249215,533.6720218253206
newton,12.0,0.5,290.0,-619.1752418737706,1676.6643489300006,-533.2005936711231,1787.3195211937036,-8.381424832033872,533.2005936711231
newton,12.0,0.5,295.0,-820.5602138808526,1585.0304158367157,-555.474350422508,1783.3091398066572,-73.81731242562455,555.474350422508
newton,12.0,0.5,300.0,-964.1857834050303,1481.9770075716033,-493.7968380582148,1765.522628083967,-94.02087861075483,493.7968380582148
newton,12.0,0.5,305.0,-1078.290809108047,1392.9281494475858,-462.02550945307695,1759.502140805952,-84.33335656568408,462.02550945307695
newton,12.0,0.5,310.0,-1217.8859733837485,1254.1124774827454,-435.03426545560694,1743.5479081239355,-126.82682058397052,435.03426545560694
newton,12.0,0.5,315.0,-1289.3858834600576,1130.8418096194387,-363.4176040002021,1711.3594137919858,-112.10758972964277,363.4176040002021
newton,12.0,0.5,320.0,-1340.9488839092742,1008.6261999794986,-336.4370038262944,1675.5588651773342,-89.29283212136966,336.4370038262944
newton,12.0,0.5,325.0,-1382.5216796251407,888.5823851553009,-340.4528143970961,1642.1653780204747,-65.0977808582985,340.4528143970961
newton,12.0,0.5,330.0,-1410.3427147855937,755.5769991570511,-355.5671219844408,1599.1811186251607,-50.822481607578084,355.5671219844408
newton,12.0,0.5,335.0,-1412.2858018449172,609.9947359464492,-389.72145479150794,1537.760534710013,-44.014791417136394,389.72145479150794
newton,12.0,0.5,340.0,-1415.171700463572,446.8136770271089,-414.4713159004812,1482.6456819273455,-64.14971265438868,414.4713159004812
newton,12.0,0.5,345.0,-1408.2242776642343,297.4147211413852,-404.70158062506835,1437.2167931283977,-77.19470256621872,404.70158062506835
newton,12.0,0.5,350.0,-1399.6526846575825,188.69560555390427,-360.6381331461797,1411.1554634133317,-57.21824274859762,360.6381331461797
newton,12.0,0.5,355.0,-1371.375907015938,77.90959107978128,-354.0361244417085,1372.9476759377608,-41.91016419804363,354.0361244417085
newton,13.0,0.5,0.0,-1180.0363149896148,13.45857967302436,-350.47017211833736,1180.0363149896148,13.45857967302436,350.47017211833736
newton,13.0,0.5,5.0,-1154.1048287001472,-79.53206212884903,-382.81415982808215,1156.6447873402617,21.357444932957407,382.81415982808215
newton,13.0,0.5,10.0,-1155.7443036155744,-162.49425265005868,-395.3238241850256,1166.4027815543454,40.667292342077616,395.3238241850256
newton,13.0,0.5,15.0,-1149.9679842888509,-270.8468507058696,-436.2144187315532,1180.8840986989007,36.01564752625194,436.2144187315532
newton,13.0,0.5,20.0,-1122.7149227296272,-356.55924852231556,-434.33151055393466,1176.957373418947,48.935024076465425,434.33151055393466
newton,13.0,0.5,25.0,-1114.8564867327289,-461.65511629043107,-431.99673954930233,1205.5069981245563,52.75708369400115,431.99673954930233
newton,13.0,0.5,30.0,-1089.5152226905034,-551.864814074145,-452.7682955576351,1219.4802676969082,66.82866290226599,452.7682955576351
newton,13.0,0.5,35.0,-1065.90727547691,-628.1554518867304,-474.53362506317006,1233.4352892970921,96.82447400440822,474.53362506317006
newton,13.0,0.5,40.0,-1013.4763381455998,-749.3947728897998,-515.6798879840505,1258.0695918464285,77.38033139583717,515.6798879840505
newton,13.0,0.5,45.0,-962.9291662484941,-898.0598561691845,-540.9572831966215,1315.9179574652644,45.869529047972605,540.9572831966215
newton,13.0,0.5,50.0,-872.1535890894407,-1036.0623321688818,-515.434833037109,1354.2793130931987,2.1403804871417833,515.434833037109
newton,13.0,0.5,55.0,-810.2557526902701,-1124.6439793687407,-466.9218252952054,1385.9980219582303,18.65337036316896,466.9218252952054
newton,13.0,0.5,60.0,-717.5976224349641,-1205.5234844095885,-472.82540840405784,1402.8127735749194,18.696028519198535,472.82540840405784
newton,13.0,0.5,65.0,-588.7666158411246,-1277.8192664882554,-439.8169743340886,1406.9210754014962,-6.425988538015076,439.8169743340886
newton,13.0,0.5,70.0,-490.9725449142127,-1321.6406640794062,-400.9257291001828,1409.8584795465329,9.335548110892944,400.9257291001828
newton,13.0,0.5,75.0,-382.64231783591555,-1360.4572689898657,-405.3923911745074,1413.1359309981121,17.491845766080758,405.3923911745074
newton,13.0,0.5,80.0,-280.0041059457166,-1413.9495939093422,-402.543467061345,1441.0907251871151,30.22044411533983,402.543467061345
newton,13.0,0.5,85.0,-162.12446180176866,-1432.7564552656756,-415.36072168239656,1441.4344622782867,36.63457624271787,415.36072168239656
newton,13.0,0.5,90.0,-42.67384473973652,-1429.9068705226236,-436.04893614538014,1429.9068705226236,42.67384473973644,436.04893614538014
newton,13.0,0.5,95.0,144.976792262103,-1396.672981782065,-454.1029105047124,1403.993779430059,-22.69704069505299,454.1029105047124
newton,13.0,0.5,100.0,277.6975235206771,-1379.256451035973,-424.033957081668,1406.5241152743142,-33.973304897698455,424.033957081668
newton,13.0,0.5,105.0,384.72136452971944,-1344.8221187046338,-390.2357870465933,1398.5716324197099,-23.54672532854488,390.2357870465933
newton,13.0,0.5,110.0,509.5182125240692,-1306.9064903707736,-401.5352302963966,1402.3558771331464,-31.802159315035397,401.5352302963966
newton,13.0,0.5,115.0,603.0037928199048,-1266.3444212464372,-389.98816391243804,1402.5382247906628,-11.326754973113339,389.98816391243804
newton,13.0,0.5,120.0,729.5402072193859,-1195.1843724473695,-383.1333903782109,1399.8301323552769,-34.20816631046728,383.1333903782109
newton,13.0,0.5,125.0,855.2481614409414,-1112.7860152348674,-357.7293926763038,1402.091131870922,-62.310442779052664,357.7293926763038
newton,13.0,0.5,130.0,948.8132460527552,-1027.1386163287143,-314.33480787245014,1396.7192278207044,-66.60113868971905,314.33480787245014
newton,13.0,0.5,135.0,1010.5114114969009,-943.9977331264574,-288.76189898684487,1382.0466700542952,-47.03227301740162,288.76189898684487
newton,13.0,0.5,140.0,1045.5186744167368,-861.9908150920401,-299.58512500707775,1354.9907863188255,-11.723175690117841,299.58512500707775
newton,13.0,0.5,145.0,1096.9793874978502,-741.7722165555697,-320.7848280586673,1324.0559723679103,-21.577300243298282,320.7848280586673
newton,13.0,0.5,150.0,1158.8175448367626,-646.7830349763359,-316.48893103500143,1326.9569496679171,-19.278233392075208,316.48893103500143
newton,13.0,0.5,155.0,1217.211489229264,-547.1396949214067,-323.1268820593855,1334.399477955981,-18.53883764475188,323.1268820593855
newton,13.0,0.5,160.0,1255.026316595932,-453.6410667967365,-340.63287493269695,1334.4933512815458,-2.9611177252863854,340.63287493269695
newton,13.0,0.5,165.0,1276.670414430626,-352.30906936727206,-346.5598430473642,1324.3532218723046,9.877811364140541,346.5598430473642
newton,13.0,0.5,170.0,1305.9581523561205,-237.85119071466832,-393.8679174629914,1327.4201393733174,7.460443413079048,393.8679174629914
newton,13.0,0.5,175.0,1315.7957552244688,-131.02417931337092,-396.65358661847085,1322.2082647921993,15.846436402997838,396.65358661847085
newton,13.0,0.5,180.0,1345.2046766718413,-8.135675697703846,-425.62988917998155,1345.2046766718413,8.13567569770368,425.62988917998155
newton,13.0,0.5,185.0,1361.8574253564361,115.68595837327962,-423.0313145796424,1366.7578423244545,3.447957048229796,423.0313145796424
newton,13.0,0.5,190.0,1347.148086469213,217.19467294737342,-420.65629841596206,1364.3973391667178,20.034812431347092,420.65629841596206
newton,13.0,0.5,195.0,1328.5694958799302,297.9995809562332,-447.88670331069756,1360.4275550743162,56.0135968070353,447.88670331069756
newton,13.0,0.5,200.0,1253.2612779618378,437.8479193891235,-538.6359085172392,1327.43318296177,17.19814303659581,538.6359085172392
newton,13.0,0.5,205.0,1276.793863728001,597.6675987534161,-495.4185921837058,1409.7534628212052,-2.0743955197979176,495.4185921837058
newton,13.0,0.5,210.0,1235.0113510883652,719.3873666825615,-495.272923058608,1429.2448873459473,-5.502059164506591,495.272923058608
newton,13.0,0.5,215.0,1204.1494960018867,846.4301082375789,-460.22406685676856,1471.8738863826454,-2.6831767598948773,460.22406685676856
newton,13.0,0.5,220.0,1131.2962140592113,975.3266727659812,-437.21319132534796,1493.5510789523673,-19.96038861554996,437.21319132534796
newton,13.0,0.5,225.0,1038.7987958721699,1078.5011890038022,-403.958115315124,1497.1571771119743,-28.073831412711684,403.958115315124
newton,13.0,0.5,230.0,946.1469893596477,1152.8532318358361,-366.40468171249216,1491.3083736822007,-16.2491296384502,366.40468171249216
newton,13.0,0.5,235.0,857.0956479599506,1194.5414942284865,-349.56236150207707,1470.1209743541508,16.930798844562105,349.56236150207707
newton,13.0,0.5,240.0,753.9357895494193,1231.5448990319392,-363.4076972977667,1443.5170632375107,37.15509705610509,363.4076972977667
newton,13.0,0.5,245.0,653.9233503992423,1291.4721494904318,-392.5151445286872,1446.8312154815208,46.85610968775859,392.5151445286872
newton,13.0,0.5,250.0,546.437050293051,1354.9515573760987,-420.00246283658714,1460.1304582483792,50.062138031287304,420.00246283658714
newton,13.0,0.5,255.0,425.011014313269,1431.9261700094783,-420.931292331381,1493.1354138339602,39.919351203336646,420.931292331381
newton,13.0,0.5,260.0,277.58232832343396,1507.7513964874556,-396.48365973427684,1533.0469303417378,11.546946657281978,396.48365973427684
newton,13.0,0.5,265.0,162.00194683768677,1527.4856426596239,-391.7347254399682,1535.7924986319852,28.256334797860774,391.7347254399682
newton,13.0,0.5,270.0,8.953044223075835,1545.3015263358247,-393.0019630677998,1545.3015263358247,8.953044223075551,393.0019630677998
newton,13.0,0.5,275.0,-124.30374592130401,1535.3666681553566,-376.3084529810889,1540.357919745242,9.985289713330374,376.3084529810889
newton,13.0,0.5,280.0,-266.3558725938263,1507.3826969076008,-391.1153547509381,1530.7343785578596,-0.5550700260649251,391.1153547509381
newton,13.0,0.5,285.0,-397.83527835810264,1451.192637021941,-372.73754947855264,1504.71179387277,-8.683077401164724,372.73754947855264
newton,13.0,0.5,290.0,-519.3333526234921,1398.0414410470905,-373.4327941929922,1491.3516934029353,-9.855385146150866,373.4327941929922
newton,13.0,0.5,295.0,-673.2808010046689,1320.619140142678,-383.45241008335614,1481.4281722049327,-52.08186738420852,383.45241008335614
newton,13.0,0.5,300.0,-805.4418479982301,1249.4542586441398,-342.24314277033045,1484.7800528515927,-72.80597231548154,342.24314277033045
newton,13.0,0.5,305.0,-886.5461798871333,1158.5475612131236,-340.31793580016665,1457.5286016940513,-61.70053410732271,340.31793580016665
newton,13.0,0.5,310.0,-1000.1702959586502,1039.713346666993,-300.1357419221062,1439.363705469625,-97.86004052851911,300.1357419221062
newton,13.0,0.5,315.0,-1044.2559669181053,948.9977815686982,-267.0089386917032,1409.4432421805238,-67.3577088240911,267.0089386917032
newton,13.0,0.5,320.0,-1100.7123117308481,842.1315636413283,-256.56790342578364,1384.5062847086576,-62.41403110748172,256.56790342578364
newton,13.0,0.5,325.0,-1131.4939290436632,750.4965438360865,-263.80481908055174,1357.3326981839793,-34.2274774585552,263.80481908055174
newton,13.0,0.5,330.0,-1158.7908787685435,652.1390378660212,-273.3481359936398,1329.611857620263,-14.626465792756107,273.3481359936398
newton,13.0,0.5,335.0,-1199.3465510597919,552.2397807039271,-308.1106511982265,1320.3637347661972,-6.366541070210985,308.1106511982265
newton,13.0,0.5,340.0,-1239.0036989328707,417.5373398240983,-338.0145035299444,1307.0888138241205,-31.407465554770624,338.0145035299444
newton,13.0,0.5,345.0,-1235.295563631855,297.5067734450348,-337.24858314551244,1270.2043070268955,-32.34854223208686,337.24858314551244
newton,13.0,0.5,350.0,-1219.5664298656377,198.18149269733306,-327.21886173165694,1235.4523304993031,-16.60481757806636,327.21886173165694
newton,13.0,0.5,355.0,-1198.4272198845065,95.23053809071237,-344.5838308743406,1202.1667307773312,-9.581657335653716,344.5838308743406
newton,14.0,0.5,0.0,-1053.5917882856302,27.272494919234305,-370.03724249021616,1053.5917882856302,27.272494919234305,370.03724249021616
newton,14.0,0.5,5.0,-1075.608508922663,-84.44012846054201,-395.72567417399034,1078.874935924811,9.626650222277945,395.72567417399034
newton,14.0,0.5,10.0,-1078.3483394367372,-162.19390338106712,-386.0405111230499,1090.1304808759476,27.52341049236196,386.0405111230499
newton,14.0,0.5,15.0,-1076.046166754127,-261.8304258696499,-409.3520993459983,1107.1474835495337,25.592470909770697,409.3520993459983
newton,14.0,0.5,20.0,-1058.6485567209388,-334.71101779183044,-463.2054178306592,1109.2821470341607,47.55365758648384,463.2054178306592
newton,14.0,0.5,25.0,-1023.063076759342,-443.51273548894676,-427.79429146653,1114.646614428867,30.406093327566452,427.79429146653
newton,14.0,0.5,30.0,-1010.1695930192681,-520.6632135756252,-435.9200414146248,1135.1641364730863,54.17722673709977,435.9200414146248
newton,14.0,0.5,35.0,-986.4541774619994,-613.1922335396206,-488.801416774926,1159.7685721772068,63.509200086142926,488.801416774926
newton,14.0,0.5,40.0,-960.0968595470633,-769.1151270868263,-520.8095613903042,1229.85453822591,27.96199619219999,520.8095613903042
newton,14.0,0.5,45.0,-891.8608927819186,-910.5281129868287,-453.10053889806505,1274.4814883151607,-13.19971799279449,453.10053889806505
newton,14.0,0.5,50.0,-825.0395110095824,-991.0356144266333,-405.7678344268071,1289.5025005433254,-5.0084809490369935,405.7678344268071
newton,14.0,0.5,55.0,-737.8292518248126,-1043.3396767885022,-357.16172983162465,1277.855302026352,5.959286252511333,357.16172983162465
newton,14.0,0.5,60.0,-653.6821698157598,-1089.7110190374663,-365.9862975338235,1270.5585101781537,21.249855542648106,365.9862975338235
newton,14.0,0.5,65.0,-535.6986880598547,-1135.4667878951284,-355.97322311488654,1255.478440155476,5.638892329428927,355.97322311488654
newton,14.0,0.5,70.0,-437.2165542032563,-1152.594567309899,-344.06089541802834,1232.6214781919916,16.638610562523127,344.06089541802834
newton,14.0,0.5,75.0,-318.8410148717732,-1207.192301083272,-356.60452539341907,1248.5803479222923,-4.4675878766245205,356.60452539341907
newton,14.0,0.5,80.0,-231.00252202286845,-1237.374521596486,-314.7041074806078,1258.6891892337273,12.62524388677457,314.7041074806078
newton,14.0,0.5,85.0,-134.49812717494643,-1261.36792173053,-324.4872325798459,1268.2903201430593,24.050863098456702,324.4872325798459
newton,14.0,0.5,90.0,-34.68201647317619,-1273.6374102918926,-352.8505400119466,1273.6374102918926,34.68201647317611,352.8505400119466
newton,14.0,0.5,95.0,119.98499283530356,-1278.4702983940122,-361.5591136775567,1284.0627140970203,-8.102385275755097,361.5591136775567
newton,14.0,0.5,100.0,241.24011349972557,-1245.3344183050735,-357.39090129627385,1268.3058963291753,-21.325081787492053,357.39090129627385
newton,14.0,0.5,105.0,339.9431791650387,-1211.5912025806265,-330.4220544821377,1258.291002497868,-14.77701811979017,330.4220544821377
newton,14.0,0.5,110.0,430.6784375351485,-1161.0751177035759,-324.1325419452395,1238.354421217227,-7.594271514539116,324.1325419452395
newton,14.0,0.5,115.0,524.1853996551133,-1104.5831824214436,-328.0306219537649,1222.6226620903767,-8.256285055387423,328.0306219537649
newton,14.0,0.5,120.0,632.8899700619002,-1039.2080898680215,-336.37538882410314,1216.4255906749586,-28.494746939967854,336.37538882410314
newton,14.0,0.5,125.0,740.381566742155,-946.4988112686578,-310.32925608173275,1199.991856759791,-63.59565877274463,310.32925608173275
newton,14.0,0.5,130.0,809.8635764628712,-878.9511717104583,-281.86303570609783,1193.885933348472,-55.4125697388954,281.86303570609783
newton,14.0,0.5,135.0,855.9515271445259,-814.728637930825,-260.3317158472942,1181.3492739186413,-29.148984503109773,260.3317158472942
newton,14.0,0.5,140.0,898.4719716664971,-758.8328688103588,-271.29164295858016,1176.0378270874617,3.7730513703478437,271.29164295858016
newton,14.0,0.5,145.0,954.5413991007565,-645.9404521535621,-330.36169383617056,1152.4107610730825,-18.379012175207322,330.36169383617056
newton,14.0,0.5,150.0,1035.9937275012512,-559.2915983210693,-317.01792150492463,1176.8426853379515,-33.63613148137739,317.01792150492463
newton,14.0,0.5,155.0,1076.7170672243512,-479.9276637659949,-291.0305826304827,1178.6632574827531,-20.07811645147092,291.0305826304827
newton,14.0,0.5,160.0,1117.1592813881878,-401.0587462129102,-293.0091877288171,1186.9565028247207,-5.21903322006915,293.0091877288171
newton,14.0,0.5,165.0,1131.6053062241915,-306.14957547348484,-309.09806402225644,1172.2841312302858,2.8367768673821843,309.09806402225644
newton,14.0,0.5,170.0,1157.7373903507605,-222.32395050350027,-351.6586531679864,1178.7549068261956,17.907362084872375,351.6586531679864
newton,14.0,0.5,175.0,1193.930847366859,-94.18895321643872,-349.8614903615197,1197.5966882112534,-10.227393978571826,349.8614903615197
newton,14.0,0.5,180.0,1224.8522897270595,18.616709512702073,-348.0021389334579,1224.8522897270595,-18.616709512702222,348.0021389334579
newton,14.0,0.5,185.0,1238.569008350482,118.11857991263629,-323.86885780651653,1244.1505919040853,-9.720701188078024,323.86885780651653
newton,14.0,0.5,190.0,1227.6471348582522,202.81113176267164,-338.16233996032395,1244.214199812786,13.448712829104409,338.16233996032395
newton,14.0,0.5,195.0,1224.745428476241,309.78426998272914,-356.99223002511866,1263.1913089393834,17.758815337474857,356.99223002511866
newton,14.0,0.5,200.0,1233.520421116761,436.7290345205527,-358.49322894540796,1308.500164293347,11.497780203576156,358.49322894540796
newton,14.0,0.5,205.0,1174.016305865071,545.9387819620762,-350.0047840264841,1294.7438191631625,1.3721611023999571,350.0047840264841
newton,14.0,0.5,210.0,1114.2034249645053,668.0233803951412,-328.78788671299355,1298.9401612004608,-21.423505261895002,328.78788671299355
newton,14.0,0.5,215.0,1059.1532544629165,755.8754416487062,-300.3739757782247,1301.1598957547749,-11.671564009929853,300.3739757782247
newton,14.0,0.5,220.0,979.7344847658383,848.4273009612119,-308.59804115108955,1295.878714564565,-20.17183170166288,308.59804115108955
newton,14.0,0.5,225.0,889.137276488538,928.7503689725079,-261.21475680301944,1285.440681540752,-28.010686319185197,261.21475680301944
newton,14.0,0.5,230.0,821.9304045862998,980.1057480851517,-231.49408755960258,1279.1312420823174,-0.3646119878239915,231.49408755960258
newton,14.0,0.5,235.0,760.5241447391671,1023.2839138321152,-258.4050568114739,1274.4438386020365,36.053367223049804,258.4050568114739
newton,14.0,0.5,240.0,649.3234442374072,1058.2026699925527,-312.4119978460098,1241.0921166847752,33.22926298612606,312.4119978460098
newton,14.0,0.5,245.0,564.7449840637181,1161.1732872765247,-289.3306713052278,1291.0519358494469,21.099740498298218,289.3306713052278
newton,14.0,0.5,250.0,484.2086575107478,1222.92761598817,-305.8556480693947,1314.785170940742,36.741423886308894,305.8556480693947
newton,14.0,0.5,255.0,355.1688752115984,1275.976764288997,-309.4645627197845,1324.4233795039033,12.819701554639948,309.4645627197845
newton,14.0,0.5,260.0,241.3104453125877,1301.9862024574422,-286.6331308395132,1324.1092255755377,11.556866022442932,286.6331308395132
newton,14.0,0.5,265.0,137.7874638620823,1329.0947957259089,-293.3659623095726,1336.0461575176978,21.42489685937568,293.3659623095726
newton,14.0,0.5,270.0,2.1427943281892032,1329.5430234930536,-297.5182912233286,1329.5430234930536,2.142794328188959,297.5182912233286
newton,14.0,0.5,275.0,-105.17735508119742,1319.8367043670526,-276.63608155937635,1323.9811377396763,10.25422478352965,276.63608155937635
newton,14.0,0.5,280.0,-214.22275982632902,1298.2281876676175,-286.36547746368217,1315.70457625268,14.466724235681937,286.36547746368217
newton,14.0,0.5,285.0,-317.3941967062396,1247.0245245068404,-316.258987908241,1286.6808571495928,16.17444493945527,316.258987908241
newton,14.0,0.5,290.0,-433.90865961649433,1192.2682001051508,-326.7186541763853,1268.771131588789,0.038975145876918305,326.7186541763853
newton,14.0,0.5,295.0,-588.3975716827791,1128.119261118621,-327.1890574067688,1271.0908300148626,-56.505499919404144,327.1890574067688
newton,14.0,0.5,300.0,-664.3150459990268,1061.7548684179385,-277.6327888504027,1251.664211641252,-44.43627174241567,277.6327888504027
newton,14.0,0.5,305.0,-738.8937586282144,982.7199867020511,-286.7029532635499,1228.8091349866372,-41.601304989168966,286.7029532635499
newton,14.0,0.5,310.0,-824.4606410579163,887.1935696790408,-254.28535691108215,1209.582788769769,-61.29645866946839,254.28535691108215
newton,14.0,0.5,315.0,-863.2424147297729,796.8862260074789,-237.19747569014024,1173.8882195073165,-46.9209110192287,237.19747569014024
newton,14.0,0.5,320.0,-914.8814126591085,709.355208985181,-228.4057692295026,1156.8045614826308,-44.67682034919392,228.4057692295026
newton,14.0,0.5,325.0,-950.2979070129193,648.6447414738175,-234.01442608299365,1150.485812485581,-13.729820980746354,234.01442608299365
newton,14.0,0.5,330.0,-1001.7008939078861,572.5793253121028,-257.42625334349975,1153.7880837738617,-4.982205551908351,257.42625334349975
newton,14.0,0.5,335.0,-1031.4274061818228,486.3796185466892,-270.80411409503506,1140.3435989219058,4.909578232499825,270.80411409503506
newton,14.0,0.5,340.0,-1049.3178253932876,368.8401145928778,-296.76017206884416,1112.1869662385009,-12.291499102435012,296.76017206884416
newton,14.0,0.5,345.0,-1077.7354802034668,262.64814041427127,-293.96091294159305,1108.990875136554,-25.23984580642565,293.96091294159305
newton,14.0,0.5,350.0,-1093.3887751493019,187.6935534335757,-290.69263115733077,1109.3703863371254,-5.022901674356888,290.69263115733077
newton,14.0,0.5,355.0,-1074.512038885041,117.89108747891177,-331.2820577776188,1080.698081465583,23.792581458435606,331.2820577776188
newton,15.0,0.5,0.0,-1042.0298649202814,16.79032653374452,-353.5876746972499,1042.0298649202814,16.79032653374452,353.5876746972499
newton,15.0,0.5,5.0,-1052.62539945208,-90.66566513060819,-358.1566737495275,1056.5218753970364,1.4216936222228753,358.1566737495275
newton,15.0,0.5,10.0,-1052.1083118413378,-179.3577092307143,-343.1857104459683,1067.269561868364,6.06382844656207,343.1857104459683
newton,15.0,0.5,15.0,-1052.0961340458946,-268.9418603630196,-354.63916798822237,1085.8541031010673,12.524628074943166,354.63916798822237
newton,15.0,0.5,20.0,-1071.1955460447687,-362.6792880244899,-349.21803134714685,1130.6381721083885,25.563403519549468,349.21803134714685
newton,15.0,0.5,25.0,-1043.912157180173,-449.3293628669529,-361.96109779087567,1136.0005113185057,33.94564076693251,361.96109779087567
newton,15.0,0.5,30.0,-1024.998847438808,-550.5687550951212,-343.862078912539,1162.9594182793385,35.69289527705581,343.862078912539
newton,15.0,0.5,35.0,-984.9336795954788,-672.7964196372141,-341.02531229602226,1192.7106098949714,13.812187448359396,341.02531229602226
newton,15.0,0.5,40.0,-924.6133639368749,-770.3841839750418,-304.48440263889864,1203.4883376350203,4.181490888384815,304.48440263889864
newton,15.0,0.5,45.0,-835.0264167603573,-836.3053148823091,-282.3397231700612,1181.8100010567846,-0.9043175344788779,282.3397231700612
newton,15.0,0.5,50.0,-751.7459742578462,-876.6566372793565,-266.0196528711903,1154.7709433959003,12.366801824648292,266.0196528711903
newton,15.0,0.5,55.0,-664.5283759334308,-911.7991571100703,-262.1276402614726,1128.059961249739,21.3632664308318,262.1276402614726
newton,15.0,0.5,60.0,-577.234082255969,-954.4652061447333,-268.3779964338793,1115.2081566776747,22.66677609149866,268.3779964338793
newton,15.0,0.5,65.0,-485.098536612631,-1000.2263108634389,-280.24886487388744,1111.5243946506628,16.93467636769185,280.24886487388744
newton,15.0,0.5,70.0,-408.98919781659697,-1033.4538428977605,-293.9714902504846,1111.0114941497477,30.862099701049033,293.9714902504846
newton,15.0,0.5,75.0,-270.0492209927176,-1076.019689152373,-298.0247627325138,1109.2490888558273,-17.64687153181842,298.0247627325138
newton,15.0,0.5,80.0,-193.20055829551308,-1100.413593375164,-251.95528009146557,1117.2447631481343,-0.8194074738074733,251.95528009146557
newton,15.0,0.5,85.0,-111.33465315029724,-1117.4701955857213,-248.38606695539573,1122.9213385069086,13.517046287565222,248.38606695539573
newton,15.0,0.5,90.0,-28.744902676837228,-1132.804284207239,-277.2834312830237,1132.804284207239,28.744902676837157,277.2834312830237
newton,15.0,0.5,95.0,99.9033717377847,-1119.010088606413,-280.9487788191039,1123.459069947685,-1.9950538320550635,280.9487788191039
newton,15.0,0.5,100.0,207.7776154571528,-1102.0273490774787,-264.78036935403,1121.3652816871067,-13.255965698170996,264.78036935403
newton,15.0,0.5,105.0,297.9445103729298,-1072.3584338542532,-261.5804138531637,1112.9324199669807,-10.245511512471523,261.5804138531637
newton,15.0,0.5,110.0,364.6062801618972,-1038.7044836121436,-266.150225834456,1100.7656306259798,12.640025397705699,266.150225834456
newton,15.0,0.5,115.0,458.5087946603493,-982.0286199061867,-293.1600982360786,1083.7943751060116,-0.5268627010923979,293.1600982360786
newton,15.0,0.5,120.0,567.0773105461892,-933.7828883422835,-280.52926185545533,1092.2183581967201,-24.21191267161555,280.52926185545533
newton,15.0,0.5,125.0,640.7619071010943,-853.7024740409864,-270.7009596335416,1066.8380580497897,-35.21780333987385,270.7009596335416
newton,15.0,0.5,130.0,715.3714350671839,-780.9381311258131,-244.2910242151616,1058.0652105535135,-46.02895797983035,244.2910242151616
newton,15.0,0.5,135.0,752.6710922777097,-734.8839656121061,-241.43716233059192,1051.8602688222359,-12.577397883072422,241.43716233059192
newton,15.0,0.5,140.0,805.4474122658875,-677.3917900710329,-242.58659296959155,1052.427563951889,1.1805997397334522,242.58659296959155
newton,15.0,0.5,145.0,896.3693428562517,-590.4806870074974,-291.5572743808174,1072.9485878265566,-30.442871454457816,291.5572743808174
newton,15.0,0.5,150.0,944.6420025733727,-518.1479336238261,-256.6774668624316,1077.157938522259,-23.591727850039717,256.6774668624316
newton,15.0,0.5,155.0,1000.6663709753947,-431.8103400839477,-242.93806401704347,1089.4026595686437,-31.54680854296936,242.93806401704347
newton,15.0,0.5,160.0,1027.014536592063,-368.0792111651784,-238.26203120922293,1090.9684860333343,-5.378340406146606,238.26203120922293
newton,15.0,0.5,165.0,1072.7359871702708,-274.05147369995836,-307.2977068562733,1107.1131355294249,-12.931107667150627,307.2977068562733
newton,15.0,0.5,170.0,1057.5732164234878,-193.917902418119,-277.19457386688623,1075.1797932838085,7.326191967935699,277.19457386688623
newton,15.0,0.5,175.0,1090.4831898242667,-65.2804043267518,-269.2566316978379,1092.0231341870744,-30.00987968337391,269.2566316978379
newton,15.0,0.5,180.0,1120.1966674653158,26.538183566073453,-257.98717312229564,1120.1966674653158,-26.53818356607359,257.98717312229564
newton,15.0,0.5,185.0,1136.2928291552594,113.33164149531507,-239.54585438931832,1141.8463952754746,-13.86593487980312,239.54585438931832
newton,15.0,0.5,190.0,1139.3623299867256,190.6315835182749,-255.0612518314503,1155.1556831446908,10.112730886751422,255.0612518314503
newton,15.0,0.5,195.0,1118.1118836299074,298.2974031070093,-251.10598449964715,1157.2181941075628,1.2554844628522233,251.10598449964715
newton,15.0,0.5,200.0,1079.8350816505729,383.26168534669785,-237.68570086057923,1145.796274446307,9.177171843951385,237.68570086057923
newton,15.0,0.5,205.0,1021.3980958258489,483.0566468380396,-242.1384281475297,1129.8496083203565,-6.1365128059478025,242.1384281475297
newton,15.0,0.5,210.0,975.1965490481755,571.7593051408586,-219.8790495052109,1130.4246377290665,-7.5598085780342785,219.8790495052109
newton,15.0,0.5,215.0,902.118806220162,652.3991514759903,-208.86074939139232,1113.1732446888354,-16.980008586940585,208.86074939139232
newton,15.0,0.5,220.0,851.127244963757,727.4851372879257,-194.76408197684046,1119.6197288714407,-10.191899541719408,194.76408197684046
newton,15.0,0.5,225.0,773.4908841262363,784.3611225529711,-204.36091830142723,1101.5677180079383,-7.686419304658898,204.36091830142723
newton,15.0,0.5,230.0,699.1148985871295,835.4174414026492,-181.08230121811343,1089.3492832302422,-1.442897085295158,181.08230121811343
newton,15.0,0.5,235.0,654.9231374081235,893.7221433098877,-193.8650891729231,1107.7427999570316,23.86366481231994,193.8650891729231
newton,15.0,0.5,240.0,588.0235721202839,977.5482652840055,-233.06233977012647,1140.5934172215004,20.46921883823353,233.06233977012647
newton,15.0,0.5,245.0,474.17957947865875,1022.6622721719943,-224.54561239118786,1127.243730410279,-2.443106477849483,224.54561239118786
newton,15.0,0.5,250.0,406.0745040637029,1084.8903074789832,-202.91945899584442,1158.3490763809232,10.530876501368482,202.91945899584442
newton,15.0,0.5,255.0,318.4101311320749,1115.3484884000368,-218.99213157466872,1159.754516348641,18.887138288322717,218.99213157466872
newton,15.0,0.5,260.0,206.7409789227024,1141.270401092257,-219.02138654128032,1159.8321335180117,5.42059353353369,219.02138654128032
newton,15.0,0.5,265.0,116.5027710979167,1163.70551760724,-211.43587309457467,1169.4311523276422,14.635824154133786,211.43587309457467
newton,15.0,0.5,270.0,12.062502834458753,1174.7474501716206,-216.1048599852511,1174.7474501716206,12.062502834458538,216.1048599852511
newton,15.0,0.5,275.0,-86.65035922812142,1158.6564867480738,-209.3608321144565,1161.799525425918,14.662938241120486,209.3608321144565
newton,15.0,0.5,280.0,-170.25407160997253,1135.6258506307618,-229.00394063927223,1147.9374514977046,29.531829770092372,229.00394063927223
newton,15.0,0.5,285.0,-273.2757059427798,1117.5102162311687,-258.29189481274705,1150.1609362613945,25.26886498975398,258.29189481274705
newton,15.0,0.5,290.0,-387.9077547398,1083.5112619894062,-276.64493241558176,1150.839803303117,6.068622445973176,276.64493241558176
newton,15.0,0.5,295.0,-511.5923792541837,1018.8373862637129,-266.478033090346,1139.588538935062,-33.08087192746558,266.478033090346
newton,15.0,0.5,300.0,-576.6964690507375,951.4849084594189,-262.5476274980357,1112.3583365687366,-23.691338241015387,262.5476274980357
newton,15.0,0.5,305.0,-660.0551421153777,882.2334660971836,-247.83160625475648,1101.2754235033924,-34.657191493618654,247.83160625475648
newton,15.0,0.5,310.0,-706.2153706492735,788.9654384694742,-236.32296002779174,1058.3290799760086,-33.85515201199979,236.32296002779174
newton,15.0,0.5,315.0,-754.7746513092243,715.5793255976904,-246.20196823878393,1039.6972678154877,-27.715280601441293,246.20196823878393
newton,15.0,0.5,320.0,-819.1690108576142,639.998568687974,-232.94763954326967,1038.9030189124944,-36.284343270931004,232.94763954326967
newton,15.0,0.5,325.0,-844.3087821630921,580.7183627678197,-233.97789690025155,1024.703633960026,-8.578988435582687,233.97789690025155
newton,15.0,0.5,330.0,-884.2878518285005,500.80576011487256,-232.9457975255527,1016.2186239988872,-8.433415293195537,232.9457975255527
newton,15.0,0.5,335.0,-904.3013264262343,446.46843613708734,-258.77098880870153,1008.2610483700118,22.46356567305378,258.77098880870153
newton,15.0,0.5,340.0,-943.2761683249289,339.20367235376466,-296.90159307841054,1002.4041433731699,-3.872262431865977,296.90159307841054
newton,15.0,0.5,345.0,-965.1355789005395,227.31048818801668,-279.71767314630495,991.0816650250921,-30.230397798324617,279.71767314630495
newton,15.0,0.5,350.0,-978.3170672441638,174.79267023140937,-282.0823687478153,993.8066613814391,2.25420090619329,282.0823687478153
newton,15.0,0.5,355.0,-1010.447580868002,112.23175047871071,-316.33736500190577,1016.3841643331757,23.73836536632207,316.33736500190577
newton,2.0,1.0,0.0,-5638.639143848792,131.72711286012782,-11803.890038739482,5638.639143848792,131.72711286012782,11803.890038739482
newton,2.0,1.0,5.0,-5570.4509180559835,-588.6439426412749,-11871.856271678196,5600.557370582477,-100.90718752051606,11871.856271678196
newton,2.0,1.0,10.0,-5453.290167655108,-1321.0707074855336,-11864.97321842079,5599.84395745602,-354.0467751067778,11864.97321842079
newton,2.0,1.0,15.0,-5291.836583376966,-2030.0286681298812,-11772.43863083101,5636.931705801233,-591.2290273056403,11772.43863083101
newton,2.0,1.0,20.0,-5094.277220861592,-2681.277054106323,-11610.505962396726,5704.105475022654,-777.2308368065196,11610.505962396726
newton,2.0,1.0,25.0,-4871.617146140785,-3277.4348134488228,-11420.25972411213,5800.2883588368495,-911.5303227654726,11420.25972411213
newton,2.0,1.0,30.0,-4615.716146626985,-3815.9753989242968,-11207.116454498058,5905.315139099137,-996.8735623714065,11207.116454498058
newton,2.0,1.0,35.0,-4330.520022731181,-4286.98580408505,-10973.662968088534,6006.268369649285,-1027.8089430691543,10973.662968088534
newton,2.0,1.0,40.0,-4015.859663461638,-4692.480725734314,-10735.574146950044,6092.595448735354,-1013.3039504785843,10735.574146950044
newton,2.0,1.0,45.0,-3673.3275813482223,-5032.100853812883,-10499.657609931994,6155.667479636613,-960.7977950547979,10499.657609931994
newton,2.0,1.0,50.0,-3308.960773365767,-5307.137121222727,-10274.157225900755,6192.461886641424,-876.5509714939362,10274.157225900755
newton,2.0,1.0,55.0,-2928.2559737941942,-5523.369266645506,-10066.50798226923,6204.057852308192,-769.3875934784537,10066.50798226923
newton,2.0,1.0,60.0,-2540.2264563024473,-5684.07891435032,-9883.403832123548,6192.669965094073,-642.1388146519198,9883.403832123548
newton,2.0,1.0,65.0,-2148.570371031327,-5795.086495721596,-9732.477677118535,6160.157093056244,-501.84332319694636,9732.477677118535
newton,2.0,1.0,70.0,-1752.5069802754163,-5870.220199128676,-9613.843145376923,6115.595292082635,-360.9156766186218,9613.843145376923
newton,2.0,1.0,75.0,-1353.4978305816628,-5915.232806381787,-9543.505192978526,6063.9871522560115,-223.59639612178376,9543.505192978526
newton,2.0,1.0,80.0,-941.6106724805303,-5937.9898414164545,-9497.320620799914,6011.287410482632,-103.81562438884725,9497.320620799914
newton,2.0,1.0,85.0,-519.5650503534913,-5940.678937705665,-9472.366715081513,5963.355938676969,-0.17633676518710217,9472.366715081513
newton,2.0,1.0,90.0,-88.451591477904,-5926.424930916721,-9467.1145773147,5926.424930916721,88.45159147790363,9467.1145773147
newton,2.0,1.0,95.0,349.875502381274,-5886.681636879679,-9468.903806445835,5894.774695292825,164.51398991683794,9468.903806445835
newton,2.0,1.0,100.0,789.8133944189058,-5825.228255353405,-9482.15438056858,5873.879605575587,233.72591677940306,9482.15438056858
newton,2.0,1.0,105.0,1225.6856030630756,-5737.127281882787,-9503.608340327139,5858.87018765888,300.9564258192079,9503.608340327139
newton,2.0,1.0,110.0,1656.4996297588063,-5620.379824193786,-9531.779789592774,5847.985687597926,365.6826345965155,9531.779789592774
newton,2.0,1.0,115.0,2090.9401174599166,-5474.363905294993,-9580.144872838833,5845.128114286022,418.5308471105461,9580.144872838833
newton,2.0,1.0,120.0,2521.0079471089707,-5300.010921732082,-9631.299053670155,5850.448072109447,466.7485355272147,9631.299053670155
newton,2.0,1.0,125.0,2941.230829155487,-5093.504239135374,-9690.587683721618,5859.375107555224,512.1987635936912,9690.587683721618
newton,2.0,1.0,130.0,3353.358628540409,-4854.961521249732,-9760.884745937132,5874.613672171038,551.8873681857826,9760.884745937132
newton,2.0,1.0,135.0,3749.5590141205375,-4585.010452007057,-9839.653911187037,5893.430587769166,590.7533770816094,9839.653911187037
newton,2.0,1.0,140.0,4123.130256389718,-4280.430263078424,-9928.90934653155,5909.9085583971755,628.7027752585359,9928.90934653155
newton,2.0,1.0,145.0,4468.910506880686,-3939.124832922137,-10026.111727186964,5920.106361465258,663.4803966893319,10026.111727186964
newton,2.0,1.0,150.0,4776.384844835669,-3567.48316514441,-10129.773869820396,5920.212196450889,701.3386261705409,10129.773869820396
newton,2.0,1.0,155.0,5036.831674916659,-3163.868856837716,-10244.674799923278,5902.0285256221105,738.7819349809915,10244.674799923278
newton,2.0,1.0,160.0,5253.7662354545155,-2737.061826881978,-10372.877037940467,5873.055641112161,775.1029205060786,10372.877037940467
newton,2.0,1.0,165.0,5419.256906192497,-2291.830589792977,-10533.915494443436,5827.7696097736925,811.1314585343598,10533.915494443436
newton,2.0,1.0,170.0,5533.554219775483,-1812.6897762039816,-10720.345710235477,5764.257373661613,824.2593391264805,10720.345710235477
newton,2.0,1.0,175.0,5593.4290495551495,-1289.6734947804266,-10940.335885100452,5684.546814658747,797.2664344494067,10940.335885100452
newton,2.0,1.0,180.0,5598.454372012697,-704.868789074535,-11188.062510278774,5598.454372012697,704.8687890745343,11188.062510278774
newton,2.0,1.0,185.0,5530.586761504806,-24.746533278014997,-11416.081582109351,5507.38440665921,506.6747622770251,11416.081582109351
newton,2.0,1.0,190.0,5410.302925931148,728.7474896918318,-11587.464002965333,5454.653941165965,221.8130658773057,11587.464002965333
newton,2.0,1.0,195.0,5244.640099284533,1527.1623044586895,-11651.229009020184,5461.192010846757,-117.71276840856467,11651.229009020184
newton,2.0,1.0,200.0,5045.548329164843,2316.7905560032123,-11585.796371391498,5533.653570754647,-451.39182668515286,11585.796371391498
newton,2.0,1.0,205.0,4833.462828462907,3058.6106512995298,-11430.337179943808,5673.22971658192,-729.3329920327265,11430.337179943808
newton,2.0,1.0,210.0,4610.016806718037,3715.111759245656,-11206.013833159479,5849.9475461138645,-912.3727580460163,11206.013833159479
newton,2.0,1.0,215.0,4379.9176467391835,4267.789316039089,-10955.077644503723,6035.721881134601,-983.7507875004162,10955.077644503723
newton,2.0,1.0,220.0,4130.458297773718,4735.506802648141,-10721.053268388478,6208.039724872775,-972.6012553848273,10721.053268388478
newton,2.0,1.0,225.0,3848.123305305845,5129.0504817215215,-10516.458627771979,6347.82046069717,-905.7522926496626,10516.458627771979
newton,2.0,1.0,230.0,3527.0126716840855,5458.003777814487,-10340.910662051803,6448.193509083125,-806.4887440476627,10340.910662051803
newton,2.0,1.0,235.0,3170.3853288338,5728.637209606803,-10190.695076967904,6511.083200011528,-688.783692536238,10190.695076967904
newton,2.0,1.0,240.0,2787.8260334129536,5943.635117797381,-10068.08542652602,6541.252019544323,-557.4893926314708,10068.08542652602
newton,2.0,1.0,245.0,2382.101057915985,6109.851153698297,-9974.034397272158,6544.125086618762,-423.2179357728801,9974.034397272158
newton,2.0,1.0,250.0,1958.8837542417596,6239.761344933604,-9905.815693316916,6533.435393683354,-293.37546067377934,9905.815693316916
newton,2.0,1.0,255.0,1522.1530040044463,6334.937198924942,-9878.050540035874,6513.041635357295,-169.31549847880797,9878.050540035874
newton,2.0,1.0,260.0,1063.892087732459,6399.121470839409,-9865.811308217906,6486.647359218541,-63.466605713320405,9865.811308217906
newton,2.0,1.0,265.0,591.7590196319542,6429.58989858502,-9868.958212172554,6456.698564758291,29.131514731303923,9868.958212172554
newton,2.0,1.0,270.0,110.19015426241094,6427.173880694609,-9891.623445796024,6427.173880694609,110.19015426240976,9891.623445796024
newton,2.0,1.0,275.0,-380.76985035792416,6379.292350765035,-9923.671912350252,6388.203496533215,176.6710569156278,9923.671912350252
newton,2.0,1.0,280.0,-878.0253057859153,6294.845396341218,-9969.882148563955,6351.680044625211,228.4023032908318,9969.882148563955
newton,2.0,1.0,285.0,-1376.3623702229622,6169.785428262154,-10020.587608642501,6315.783882196523,267.3940132994594,10020.587608642501
newton,2.0,1.0,290.0,-1868.4646245608483,6004.68073404803,-10068.041851992766,6281.606714651489,297.93934538464873,10068.041851992766
newton,2.0,1.0,295.0,-2357.0079383509196,5799.83838087906,-10125.892272071338,6252.553285959623,314.9429662694638,10125.892272071338
newton,2.0,1.0,300.0,-2828.2310237490287,5564.499965236632,-10177.24232675524,6233.113841127064,332.9300682803878,10177.24232675524
newton,2.0,1.0,305.0,-3268.830201737034,5298.239694227929,-10229.035790125316,6214.98785480889,361.2765005624228,10229.035790125316
newton,2.0,1.0,310.0,-3677.185215334468,5002.383310571033,-10291.027461953932,6195.697032353582,398.58271041155876,10291.027461953932
newton,2.0,1.0,315.0,-4048.1192966006047,4680.067728395292,-10368.550271247657,6171.760232839037,446.8550214822262,10368.550271247657
newton,2.0,1.0,320.0,-4381.196884523908,4329.09623658728,-10468.8930665474,6138.8809496186495,500.1010427957285,10468.8930665474
newton,2.0,1.0,325.0,-4678.34569282085,3946.412442149482,-10594.488562759265,6095.845623104327,549.3229690878093,10594.488562759265
newton,2.0,1.0,330.0,-4940.254264415592,3530.813757448339,-10746.854048514506,6043.792572862478,587.6472777740496,10746.854048514506
newton,2.0,1.0,335.0,-5166.735895314784,3068.8824863481723,-10919.624755931902,5979.618757352506,597.7951519265353,10919.624755931902
newton,2.0,1.0,340.0,-5355.197639610795,2568.451263782163,-11100.951256396529,5910.7017741561485,581.9692351873734,11100.951256396529
newton,2.0,1.0,345.0,-5502.241709512229,2033.7759869209817,-11296.958624895366,5841.137328590101,540.3918054742985,11296.958624895366
newton,2.0,1.0,350.0,-5597.333732028202,1449.9756920712996,-11488.47282534649,5764.083292087657,455.98050087072204,11488.47282534649
newton,2.0,1.0,355.0,-5642.457089141475,812.1639710105458,-11662.28458974701,5691.770590539233,317.30090337592844,11662.28458974701
newton,3.0,1.0,0.0,-6627.110877341009,23.04675468552159,-8878.473311464651,6627.110877341009,23.04675468552159,8878.473311464651
newton,3.0,1.0,5.0,-6670.995139159606,-724.7326049044865,-8974.514763752124,6708.7745971005015,-140.55924232059647,8974.514763752124
newton,3.0,1.0,10.0,-6587.266686718147,-1512.8941561610443,-8970.28367940372,6749.902617459385,-346.04303851957434,8970.28367940372
newton,3.0,1.0,15.0,-6387.839634488264,-2287.6986491168327,-8837.484699293886,6762.279256991882,-556.4526534822744,8837.484699293886
newton,3.0,1.0,20.0,-6091.194434851431,-2958.924858791377,-8586.6028133046,6735.862366495792,-697.1686616338411,8586.6028133046
newton,3.0,1.0,25.0,-5731.882675540398,-3503.004721920916,-8300.165475938666,6675.28366967041,-752.4021646645679,8300.165475938666
newton,3.0,1.0,30.0,-5333.747682967312,-3936.134786062663,-8009.829392804952,6587.228383857412,-741.918875966237,8009.829392804952
newton,3.0,1.0,35.0,-4914.436605859875,-4265.85264434175,-7745.712732615889,6472.463349958998,-675.5768791859086,7745.712732615889
newton,3.0,1.0,40.0,-4490.726244535226,-4518.374076613796,-7515.245017537306,6344.450757570972,-574.6921648414345,7515.245017537306
newton,3.0,1.0,45.0,-4070.614891685828,-4709.304264662078,-7327.162118456698,6208.340373723276,-451.62158670329063,7327.162118456698
newton,3.0,1.0,50.0,-3653.424356779179,-4847.107659687117,-7191.112336259809,6061.475797367422,-316.97531959738126,7191.112336259809
newton,3.0,1.0,55.0,-3240.087976624517,-4958.176579106384,-7103.276868923784,5919.938595816957,-189.768563314904,7103.276868923784
newton,3.0,1.0,60.0,-2827.791006361517,-5052.585540519416,-7058.012703540711,5789.562936064502,-77.35392215747197,7058.012703540711
newton,3.0,1.0,65.0,-2408.995915497052,-5136.4910694773735,-7039.250545118888,5673.327520659363,12.516829925307775,7039.250545118888
newton,3.0,1.0,70.0,-1984.6355485820225,-5203.854094056223,-7035.366706198114,5568.808626606412,85.1244568569416,7035.366706198114
newton,3.0,1.0,75.0,-1552.3127715283958,-5251.007338533749,-7041.597842323437,5473.8517115506,140.35829131200558,7041.597842323437
newton,3.0,1.0,80.0,-1113.3200263685408,-5280.882617437431,-7054.160289253997,5393.98013813878,179.3905505605154,7054.160289253997
newton,3.0,1.0,85.0,-672.4658527148003,-5291.34639839237,-7070.721883561442,5329.820488711128,208.7356916351959,7070.721883561442
newton,3.0,1.0,90.0,-228.09947266770178,-5278.945466302626,-7092.414940998016,5278.945466302626,228.09947266770146,7092.414940998016
newton,3.0,1.0,95.0,216.09078760541138,-5241.150192247945,-7112.085298151933,5240.039586514611,241.5278409384211,7112.085298151933
newton,3.0,1.0,100.0,651.0426278477014,-5177.489980685441,-7132.537176153658,5211.884640031292,257.90987258895905,7132.537176153658
newton,3.0,1.0,105.0,1074.643664358694,-5083.330108968967,-7155.500025682575,5188.25808284074,277.63657528225735,7155.500025682575
newton,3.0,1.0,110.0,1485.8579381479199,-4956.5631618766,-7182.977382631462,5165.839172641646,298.99470301399947,7182.977382631462
newton,3.0,1.0,115.0,1881.6744171389305,-4799.043509919796,-7219.169945911813,5144.640474701207,322.78724925962615,7219.169945911813
newton,3.0,1.0,120.0,2267.3716244190646,-4606.7852425749625,-7266.60809097261,5123.278862058707,339.7911947205812,7266.60809097261
newton,3.0,1.0,125.0,2643.942751916949,-4375.38221734974,-7318.176087963128,5100.606549448443,343.82502968537165,7318.176087963128
newton,3.0,1.0,130.0,3010.810106011477,-4108.190787748363,-7365.162518147141,5082.368155490403,334.2797855964782,7365.162518147141
newton,3.0,1.0,135.0,3366.2877261386143,-3811.878232812574,-7400.322354367754,5075.729826056822,315.08006890150637,7400.322354367754
newton,3.0,1.0,140.0,3702.9766163593717,-3507.5546585262528,-7418.764386219294,5091.2573347605885,306.71526714532956,7418.764386219294
newton,3.0,1.0,145.0,4012.5391035705625,-3210.8703470984597,-7442.749341966871,5128.559180753326,328.69312902738466,7442.749341966871
newton,3.0,1.0,150.0,4297.9949924269795,-2916.8560342055166,-7499.868528029361,5180.600865882829,377.07392859041965,7499.868528029361
newton,3.0,1.0,155.0,4566.697292500088,-2605.822458359311,-7599.649543433042,5240.1014749887045,431.70751399368396,7599.649543433042
newton,3.0,1.0,160.0,4819.355175305483,-2269.6506691059244,-7734.975321868671,5304.978742327748,484.45743772535116,7734.975321868671
newton,3.0,1.0,165.0,5054.004341960648,-1901.6966301353773,-7902.227363444621,5373.988625963198,528.8253110844007,7902.227363444621
newton,3.0,1.0,170.0,5272.946205746481,-1497.5819224213167,-8103.102983001418,5452.890676370839,559.192788407809,8103.102983001418
newton,3.0,1.0,175.0,5466.566418323952,-1055.9297620974605,-8345.175990010384,5537.794825405666,575.4689740903387,8345.175990010384
newton,3.0,1.0,180.0,5630.653340591147,-539.989504067722,-8646.29164429038,5630.653340591147,539.9895040677213,8646.29164429038
newton,3.0,1.0,185.0,5734.5086826999905,111.35036499455265,-8967.02543451795,5722.391969633133,388.86872029545714,8967.02543451795
newton,3.0,1.0,190.0,5733.684456267892,911.3203789783579,-9219.011223754054,5804.826028938534,98.16848245221388,9219.011223754054
newton,3.0,1.0,195.0,5589.171261696589,1822.7183888062473,-9296.49112522259,5870.47910210703,-314.02679693319124,9296.49112522259
newton,3.0,1.0,200.0,5324.600489683461,2724.3409500056805,-9112.43115835902,5935.267270977514,-738.9224645917466,9112.43115835902
newton,3.0,1.0,205.0,5001.104072315195,3473.0729360308314,-8719.435006816195,6000.323611643979,-1034.1151370448038,8719.435006816195
newton,3.0,1.0,210.0,4662.559409839828,4012.1286552833108,-8256.24547507311,6043.959223217126,-1143.3256338069314,8256.24547507311
newton,3.0,1.0,215.0,4324.872491916021,4373.985464246747,-7836.176126927901,6051.54313827616,-1102.3141831421976,7836.176126927901
newton,3.0,1.0,220.0,4003.52539554173,4631.679630161635,-7490.810466193134,6044.0646604458825,-974.6559236730582,7490.810466193134
newton,3.0,1.0,225.0,3696.1605573356424,4829.259163595241,-7228.009304211471,6028.382097131752,-801.221708239189,7228.009304211471
newton,3.0,1.0,230.0,3397.89174935372,4984.613368476108,-7052.911145741175,6002.558087558385,-601.1116194220867,7052.911145741175
newton,3.0,1.0,235.0,3088.793864867119,5113.988755317837,-6954.525335232059,5960.793721022979,-403.07163702133266,6954.525335232059
newton,3.0,1.0,240.0,2752.7191297598997,5227.750957005143,-6918.26062898057,5903.724698304815,-229.95078264710855,6918.26062898057
newton,3.0,1.0,245.0,2381.179892352756,5329.249162688777,-6921.671595684351,5836.270122201413,-94.15613874421206,6921.671595684351
newton,3.0,1.0,250.0,1977.742190437087,5413.818267783518,-6942.72122483757,5763.752743946635,6.83484228424777,6942.72122483757
newton,3.0,1.0,255.0,1547.9613431418325,5474.545408276283,-6964.336142411326,5688.646673733877,78.29922449735409,6964.336142411326
newton,3.0,1.0,260.0,1104.842706609565,5510.802436005557,-6980.252192851056,5618.934886908185,131.1168628332466,6980.252192851056
newton,3.0,1.0,265.0,661.7319567674316,5519.284649546378,-6991.949428038793,5555.9558453291875,178.17651382262824,6991.949428038793
newton,3.0,1.0,270.0,219.45282594944,5504.921172102593,-7014.3064930239925,5504.921172102593,219.452825949439,7014.3064930239925
newton,3.0,1.0,275.0,-223.23948256947565,5466.732463475986,-7050.851266434501,5465.38649891475,254.06713931652683,7050.851266434501
newton,3.0,1.0,280.0,-665.896521474373,5402.8684932856195,-7110.757503631022,5436.418498161838,282.4182109812966,7110.757503631022
newton,3.0,1.0,285.0,-1123.406825133825,5306.228625466069,-7191.1561425078235,5416.1823512748115,288.2253601126181,7191.1561425078235
newton,3.0,1.0,290.0,-1602.6576675506478,5172.3974717010215,-7268.482228413503,5408.6049410867945,263.058540765212,7268.482228413503
newton,3.0,1.0,295.0,-2086.0207825794755,5000.8659304381445,-7320.206566861728,5413.9142117710835,222.88038754799004,7320.206566861728
newton,3.0,1.0,300.0,-2552.6698067790517,4796.674760350696,-7346.244540219248,5430.377099544863,187.6604800311752,7346.244540219248
newton,3.0,1.0,305.0,-2986.752705547461,4567.661059064269,-7360.01505199966,5454.7398672614745,173.29816818264817,7360.01505199966
newton,3.0,1.0,310.0,-3387.991559603351,4328.953618557725,-7378.257032413014,5493.929860251546,187.24564134846742,7378.257032413014
newton,3.0,1.0,315.0,-3759.192706295308,4088.5287430967633,-7429.435622951307,5549.1770537282555,232.87574491140958,7429.435622951307
newton,3.0,1.0,320.0,-4118.849537996109,3827.8053128034326,-7541.182628446793,5615.687627987443,284.72354002734346,7541.182628446793
newton,3.0,1.0,325.0,-4482.306469842025,3529.768529670929,-7698.40205840325,5696.2825622935925,320.47173534166177,7698.40205840325
newton,3.0,1.0,330.0,-4847.95776944478,3185.4720614718663,-7885.751429215305,5791.190615549254,334.7208435578282,7885.751429215305
newton,3.0,1.0,335.0,-5219.997112671661,2775.4667913965104,-8081.215881840669,5903.886982422185,309.3610596555168,8081.215881840669
newton,3.0,1.0,340.0,-5585.551074660678,2312.361475951341,-8253.627015409233,6039.575331307072,262.5380364327998,8253.627015409233
newton,3.0,1.0,345.0,-5927.676658258263,1813.0001636030586,-8404.953508677918,6194.934945216994,217.02806872359588,8404.953508677918
newton,3.0,1.0,350.0,-6227.121504236459,1280.0039104592743,-8553.998716332775,6354.787882778906,179.22947358502188,8553.998716332775
newton,3.0,1.0,355.0,-6469.1627436864765,692.5539715174743,-8719.649383568452,6504.9056821335635,126.09391068661569,8719.649383568452
newton,4.0,1.0,0.0,-6209.363987619348,-266.52225975174224,-5243.281600881135,6209.363987619348,-266.52225975174224,5243.281600881135
newton,4.0,1.0,5.0,-6191.5495762437695,-787.5268231976494,-5207.633556537086,6236.626346035732,-244.90094379805987,5207.633556537086
newton,4.0,1.0,10.0,-6091.44372054517,-1333.010695338192,-5173.694312588923,6230.375881086418,-254.991166183911,5173.694312588923
newton,4.0,1.0,15.0,-5910.651725811308,-1862.9651120132785,-5111.458571634266,6191.422003511782,-269.69687956108373,5111.458571634266
newton,4.0,1.0,20.0,-5660.149893271425,-2336.97197540059,-5032.855836372971,6118.092577223886,-260.15004252594076,5032.855836372971
newton,4.0,1.0,25.0,-5359.530593773761,-2738.2372834737425,-4965.42489598191,6014.613392973568,-216.65026947956994,4965.42489598191
newton,4.0,1.0,30.0,-5023.259918314943,-3090.142345507201,-4918.158321927333,5895.341871826486,-164.5118133617948,4918.158321927333
newton,4.0,1.0,35.0,-4674.238677796354,-3387.571369714036,-4880.018375906238,5771.943282536966,-93.9028492114544,4880.018375906238
newton,4.0,1.0,40.0,-4327.821306858003,-3630.7319266894183,-4862.330764468138,5649.092959499781,0.5678960906402608,4862.330764468138
newton,4.0,1.0,45.0,-3981.6088837166053,-3840.3220987956706,-4892.562583884072,5530.940439707585,99.90484370963804,4892.562583884072
newton,4.0,1.0,50.0,-3613.271191906116,-4036.014586428562,-4948.098240966667,5414.332498875305,173.62614937114495,4948.098240966667
newton,4.0,1.0,55.0,-3223.978192156732,-4215.47198502975,-4999.152415996781,5302.31041651084,223.03292813728103,4999.152415996781
newton,4.0,1.0,60.0,-2829.193892017837,-4369.271680766453,-5042.522174021722,5198.497217588599,265.51794233598775,5042.522174021722
newton,4.0,1.0,65.0,-2430.8220139099294,-4494.050842077443,-5085.633624527852,5100.303047633041,303.80496505358497,5085.633624527852
newton,4.0,1.0,70.0,-2031.077096593309,-4593.117728077668,-5145.946225678359,5010.788115157849,337.6493762472055,5145.946225678359
newton,4.0,1.0,75.0,-1614.021985206307,-4673.966957372385,-5225.266312210584,4932.445024333295,349.3138549612695,5225.266312210584
newton,4.0,1.0,80.0,-1170.8628624160553,-4739.80728316838,-5302.584849283122,4871.117162604385,330.0159274067638,5302.584849283122
newton,4.0,1.0,85.0,-716.4911533398936,-4783.517369475521,-5356.098319622008,4827.760960342753,296.8536789038789,5356.098319622008
newton,4.0,1.0,90.0,-264.72087367539643,-4805.484043631703,-5392.213234878262,4805.484043631703,264.72087367539615,5392.213234878262
newton,4.0,1.0,95.0,182.95674964073953,-4797.514817271527,-5413.005568891905,4795.204556388121,235.87042326999224,5413.005568891905
newton,4.0,1.0,100.0,618.6774736073974,-4760.421892656147,-5416.2289363592845,4795.532603352328,217.3602139629287,5416.2289363592845
newton,4.0,1.0,105.0,1026.2290347432904,-4697.53733682211,-5413.062864620838,4803.0802524223855,224.55099950349165,5413.062864620838
newton,4.0,1.0,110.0,1406.3575000547962,-4604.794700161965,-5434.664526095788,4808.094193712129,253.3887783462651,5434.664526095788
newton,4.0,1.0,115.0,1772.6377331787212,-4475.537295695285,-5490.374421258775,4805.363379753552,284.8884110875413,5490.374421258775
newton,4.0,1.0,120.0,2140.246426247568,-4302.698511904582,-5568.2162758947925,4796.369429258653,297.84148046303835,5568.2162758947925
newton,4.0,1.0,125.0,2508.186220501198,-4096.402160184143,-5646.8775269649395,4794.212717804559,295.01388291811236,5646.8775269649395
newton,4.0,1.0,130.0,2866.8132154259492,-3853.5899521652877,-5732.2138567886295,4794.773183076775,280.93354092729305,5732.2138567886295
newton,4.0,1.0,135.0,3220.750413731025,-3559.44954695142,-5821.101450815953,4794.32536999932,239.4964538821464,5821.101450815953
newton,4.0,1.0,140.0,3573.701333122368,-3218.8990258479807,-5889.07027902543,4806.682458252428,168.68877406061074,5889.07027902543
newton,4.0,1.0,145.0,3919.4534537357404,-2853.8713519071257,-5911.408770581723,4847.541668954413,89.64840761496589,5911.408770581723
newton,4.0,1.0,150.0,4244.913126618853,-2500.173056102432,-5890.541640699272,4926.289132561173,42.75681713265658,5890.541640699272
newton,4.0,1.0,155.0,4546.934731772783,-2165.1579300724425,-5875.895130316061,5035.957635354382,40.68183959858152,5875.895130316061
newton,4.0,1.0,160.0,4824.675459162411,-1825.7490332437312,-5899.072749025821,5158.154872688504,65.50670190357505,5899.072749025821
newton,4.0,1.0,165.0,5086.81388800633,-1434.3157259887685,-5959.398870733058,5284.713134527164,68.87828967706537,5959.398870733058
newton,4.0,1.0,170.0,5334.720349782995,-982.5242875369299,-6019.901547152453,5424.287512662579,41.23306878665858,6019.901547152453
newton,4.0,1.0,175.0,5563.140168848235,-491.6772217372419,-6044.31721348229,5584.823234400444,4.9466280418194515,6044.31721348229
newton,4.0,1.0,180.0,5738.252759872354,8.737060675106477,-6070.108246572898,5738.252759872354,-8.73706067510718,6070.108246572898
newton,4.0,1.0,185.0,5829.418100134208,558.4964268677364,-6126.626603672842,5855.911575219325,-48.303915044985445,6126.626603672842
newton,4.0,1.0,190.0,5818.304379615375,1185.5176976026198,-6176.962823102245,5935.774250210697,-157.1690673005121,6176.962823102245
newton,4.0,1.0,195.0,5687.438027794722,1858.225172610051,-6155.3127161932925,5974.587341225886,-322.89040585091607,6155.3127161932925
newton,4.0,1.0,200.0,5412.454624397589,2491.814675497983,-6034.086795386584,5938.294483339805,-490.37135655134625,6034.086795386584
newton,4.0,1.0,205.0,5026.280547203982,3008.2811176975024,-5834.613022379799,5826.711736550489,-602.2306546841264,5834.613022379799
newton,4.0,1.0,210.0,4606.486767150546,3404.978688817828,-5605.203404911294,5691.82390695814,-645.5546602855939,5605.203404911294
newton,4.0,1.0,215.0,4206.823812699537,3701.1605901433395,-5394.348245018489,5568.926827793788,-618.8782528128468,5394.348245018489
newton,4.0,1.0,220.0,3834.1919809616998,3943.555059322759,-5204.9494881048195,5472.029791116391,-556.3673408062632,5204.9494881048195
newton,4.0,1.0,225.0,3499.8485550560968,4134.499903668089,-5042.320770800918,5398.2995651049405,-448.76627229272844,5042.320770800918
newton,4.0,1.0,230.0,3204.038297257858,4283.44874882502,-4940.668555623427,5340.828229860854,-298.9120493172586,4940.668555623427
newton,4.0,1.0,235.0,2916.495433163699,4425.984924553417,-4911.599186181226,5298.387656128325,-149.58746413325161,4911.599186181226
newton,4.0,1.0,240.0,2616.2525303810507,4571.311405796711,-4921.679148065954,5266.998071220032,-19.91454887304917,4921.679148065954
newton,4.0,1.0,245.0,2297.139889268863,4701.315463891818,-4956.910566929572,5231.652081219005,95.05400031225008,4956.910566929572
newton,4.0,1.0,250.0,1955.3495760623575,4809.799739942659,-5015.398728300562,5188.5022653387305,192.37917125970034,5015.398728300562
newton,4.0,1.0,255.0,1587.555912114577,4886.693261321508,-5085.724758124129,5131.072931483555,268.69197258521353,5085.724758124129
newton,4.0,1.0,260.0,1203.0521181907857,4927.061000843652,-5173.6607855535985,5061.115681157088,329.19988922174286,5173.6607855535985
newton,4.0,1.0,265.0,788.4456741364921,4931.803732023536,-5277.21982033461,4981.754298216475,355.6103829579614,5277.21982033461
newton,4.0,1.0,270.0,343.9715896405978,4902.101073190803,-5366.854583483248,4902.101073190803,343.9715896405969,5366.854583483248
newton,4.0,1.0,275.0,-111.2171808632617,4843.769037042227,-5431.050587472657,4835.030249486865,311.3683222088309,5431.050587472657
newton,4.0,1.0,280.0,-561.5637795168242,4763.075823096861,-5479.924514634739,4788.2285257276435,274.0670728911758,5479.924514634739
newton,4.0,1.0,285.0,-1007.6865810223173,4661.524981949069,-5522.914529371662,4763.495848619109,233.14095113521307,5522.914529371662
newton,4.0,1.0,290.0,-1449.2724185654652,4532.91940090665,-5563.492299294552,4755.231271964958,188.47914594728422,5563.492299294552
newton,4.0,1.0,295.0,-1881.7692049031696,4371.657747138487,-5604.321296860064,4757.337488864065,142.08031421142255,5604.321296860064
newton,4.0,1.0,300.0,-2311.452035106241,4179.531581124309,-5648.001978072274,4775.306542726114,87.98960853091012,5648.001978072274
newton,4.0,1.0,305.0,-2739.8566620670845,3961.681032555868,-5689.013283428186,4816.736336980173,27.96770282186162,5689.013283428186
newton,4.0,1.0,310.0,-3169.3996679198062,3720.793996676699,-5718.8555498283995,4887.544401828122,-36.22072437326142,5718.8555498283995
newton,4.0,1.0,315.0,-3597.1959004965574,3464.955267470678,-5738.291587058599,4993.694980634129,-93.50824836100219,5738.291587058599
newton,4.0,1.0,320.0,-4023.9713218992533,3188.4309429895693,-5742.421971639635,5132.0247749059145,-144.07910130504433,5742.421971639635
newton,4.0,1.0,325.0,-4445.389206475988,2885.07871051957,-5729.567661516455,5296.262821517112,-186.45237558715053,5729.567661516455
newton,4.0,1.0,330.0,-4850.248526808785,2537.650135347701,-5703.502007703524,5469.263506558307,-227.45478027626723,5703.502007703524
newton,4.0,1.0,335.0,-5225.129180690701,2140.6195149476134,-5656.227142653399,5640.240163187793,-268.17487623446937,5656.227142653399
newton,4.0,1.0,340.0,-5549.613882780654,1703.8889118198833,-5597.285579536715,5797.695543691669,-296.94789851468386,5597.285579536715
newton,4.0,1.0,345.0,-5811.518138937533,1227.0621978347326,-5523.583395966697,5931.082526672131,-318.8805079641961,5523.583395966697
newton,4.0,1.0,350.0,-6006.755167140595,721.8642466048168,-5424.173044794507,6040.8494699920375,-332.1645817866422,5424.173044794507
newton,4.0,1.0,355.0,-6143.036534409653,226.86709158889983,-5314.985045077119,6139.433195635219,-309.3971180701177,5314.985045077119
newton,5.0,1.0,0.0,-4917.01522556023,-233.99959966921597,-3291.8420787236537,4917.01522556023,-233.99959966921597,3291.8420787236537
newton,5.0,1.0,5.0,-4878.9980749119595,-604.9658919669973,-3302.1223990912176,4913.15826587851,-177.43111302052029,3302.1223990912176
newton,5.0,1.0,10.0,-4802.7839560122065,-1006.8964637477123,-3289.4651674254515,4904.664611952531,-157.6047622898327,3289.4651674254515
newton,5.0,1.0,15.0,-4681.328792264561,-1374.439189534671,-3262.691951929091,4877.547420385798,-115.98926201050404,3262.691951929091
newton,5.0,1.0,20.0,-4526.604925102895,-1716.3095673508437,-3257.0541164723227,4840.629689548892,-64.61337016147286,3257.0541164723227
newton,5.0,1.0,25.0,-4349.799711162056,-2048.1490793882795,-3259.708556439302,4807.842553992831,-17.94866681003873,3259.708556439302
newton,5.0,1.0,30.0,-4155.197879583149,-2359.654927985038,-3265.0860321614273,4778.334385462759,34.07782799139113,3265.0860321614273
newton,5.0,1.0,35.0,-3945.278314365928,-2642.0494248043897,-3278.7027608689164,4747.200090244511,98.67848852600036,3278.7027608689164
newton,5.0,1.0,40.0,-3719.5212291685584,-2895.736342301173,-3311.409321284914,4710.662010417858,172.59942631810782,3311.409321284914
newton,5.0,1.0,45.0,-3473.8574763059355,-3130.570713267321,-3356.6698640297977,4670.035958706843,242.74039803618416,3356.6698640297977
newton,5.0,1.0,50.0,-3218.6573358658443,-3330.232414544503,-3423.523636372235,4620.019090777764,325.00243299847034,3423.523636372235
newton,5.0,1.0,55.0,-2922.0975711509836,-3518.3452133977216,-3525.765274965407,4558.105985599961,375.60228966679983,3525.765274965407
newton,5.0,1.0,60.0,-2593.1100884649304,-3688.9108665120766,-3614.070813442281,4491.24556692839,401.2437781643039,3614.070813442281
newton,5.0,1.0,65.0,-2254.115975051058,-3840.350451630041,-3707.6638491193808,4433.170094400041,419.9206287294867,3707.6638491193808
newton,5.0,1.0,70.0,-1888.8984610660314,-3980.117442965702,-3807.1005380678107,4386.128313397588,413.703606981484,3807.1005380678107
newton,5.0,1.0,75.0,-1495.0706013233196,-4102.555670826723,-3888.680174079589,4349.717221635558,382.3077647404177,3888.680174079589
newton,5.0,1.0,80.0,-1087.3271587519034,-4195.485028552116,-3948.0504445160473,4320.558563409798,342.26988636264593,3948.0504445160473
newton,5.0,1.0,85.0,-667.7808238377347,-4248.966401849158,-3989.2294986709426,4290.998735586313,294.9178935314814,3989.2294986709426
newton,5.0,1.0,90.0,-245.87420927960193,-4260.1824349549715,-4007.9369182412047,4260.1824349549715,245.87420927960167,4007.9369182412047
newton,5.0,1.0,95.0,153.5312265415882,-4233.829138425268,-4016.8154215878308,4231.099268409786,216.0555293538793,4016.8154215878308
newton,5.0,1.0,100.0,542.6589123455068,-4179.243721051824,-4033.224889517329,4209.983349442941,191.30335206758264,4033.224889517329
newton,5.0,1.0,105.0,920.4780657418896,-4106.482853040528,-4043.602486015521,4204.795096978194,173.72243452112696,4043.602486015521
newton,5.0,1.0,110.0,1279.14118013292,-4022.8407617271623,-4065.4124077320907,4217.725828154604,173.893045987983,4065.4124077320907
newton,5.0,1.0,115.0,1626.1556662139742,-3930.602829412824,-4099.744267248696,4249.579033020271,187.34699213602585,4099.744267248696
newton,5.0,1.0,120.0,1965.5804050796019,-3821.4902303331155,-4168.300738437799,4292.2978223223245,208.50255118671407,4168.300738437799
newton,5.0,1.0,125.0,2313.037901805037,-3662.0535018949918,-4260.412235598018,4326.482649235178,205.73787156228218,4260.412235598018
newton,5.0,1.0,130.0,2668.3656970640122,-3460.646351748118,-4353.909395202864,4366.201315541943,180.37388196543088,4353.909395202864
newton,5.0,1.0,135.0,3035.2519247897208,-3210.430491979154,-4443.045589033267,4416.364390034856,123.86995277819096,4443.045589033267
newton,5.0,1.0,140.0,3403.589660307375,-2900.475742157045,-4496.309155279897,4471.690815190593,34.10806257799868,4496.309155279897
newton,5.0,1.0,145.0,3747.2196666438776,-2546.0537523509956,-4500.510807505242,4529.899088362939,-63.711766510172765,4500.510807505242
newton,5.0,1.0,150.0,4043.5358955394954,-2173.7520904980056,-4446.98347183051,4588.680851900466,-139.24341586894434,4446.98347183051
newton,5.0,1.0,155.0,4284.0355713756435,-1816.8794534400681,-4390.844891673112,4650.5012346849835,-163.8596696504726,4390.844891673112
newton,5.0,1.0,160.0,4496.231955284595,-1438.4683888879986,-4344.874199127601,4717.061154259647,-186.083767500043,4344.874199127601
newton,5.0,1.0,165.0,4693.549906533601,-1037.9145530327312,-4290.344734471868,4802.253125211389,-212.23163269446354,4290.344734471868
newton,5.0,1.0,170.0,4856.363772842738,-602.5830193371897,-4211.101826616806,4887.222138144086,-249.8702899650699,4211.101826616806
newton,5.0,1.0,175.0,4957.429419911673,-176.1930026886876,-4089.961671076453,4953.921136296319,-256.5459080921589,4089.961671076453
newton,5.0,1.0,180.0,4999.830318872933,208.6894927439862,-4001.5093256920227,4999.830318872933,-208.68949274398682,4001.5093256920227
newton,5.0,1.0,185.0,4999.874513546291,620.2667000575807,-3982.197252506181,5034.908286464019,-182.13862112701287,3982.197252506181
newton,5.0,1.0,190.0,4946.379070693853,1079.1857881784993,-3960.193888398811,5058.631103637873,-203.86081946294394,3960.193888398811
newton,5.0,1.0,195.0,4818.62380531688,1522.5556572624996,-3909.1645699999676,5048.499582055003,-223.5242193119857,3909.1645699999676
newton,5.0,1.0,200.0,4628.89311864459,1926.2865710690057,-3874.6095536368152,5008.565515120323,-226.94258847451124,3874.6095536368152
newton,5.0,1.0,205.0,4384.94161058919,2315.614407953732,-3850.1687504318384,4952.727663329138,-245.5029684010642,3850.1687504318384
newton,5.0,1.0,210.0,4095.6281541936487,2666.7097877559618,-3799.12009649466,4880.272919864451,-261.6243436204463,3799.12009649466
newton,5.0,1.0,215.0,3780.8562107596376,2962.477646450236,-3738.794706520222,4796.30346542705,-258.10958852691874,3738.794706520222
newton,5.0,1.0,220.0,3450.5283893740375,3213.2087075713916,-3670.629059695246,4708.668843068048,-243.5037794552959,3670.629059695246
newton,5.0,1.0,225.0,3125.2937071799224,3423.4621874507975,-3597.7092225728493,4630.669701428758,-210.8369543356239,3597.7092225728493
newton,5.0,1.0,230.0,2822.8275058162294,3608.628936743363,-3524.823503573645,4578.848689291629,-157.17064378101804,3524.823503573645
newton,5.0,1.0,235.0,2547.188497287638,3773.1293557712297,-3462.0163514476967,4551.773926135429,-77.64342503220814,3462.0163514476967
newton,5.0,1.0,240.0,2293.3149263429855,3918.0329861986825,-3428.797413105669,4539.773562084957,27.05249199172067,3428.797413105669
newton,5.0,1.0,245.0,2040.083079802574,4042.977870479889,-3445.4661321262347,4526.358691825552,140.30690154846025,3445.4661321262347
newton,5.0,1.0,250.0,1764.0325321664363,4149.611645392784,-3503.6709001508243,4502.694101785578,238.39758359997768,3503.6709001508243
newton,5.0,1.0,255.0,1462.2313471824823,4242.7167841898045,-3583.1243850528626,4476.603036475778,314.3111155285744,3583.1243850528626
newton,5.0,1.0,260.0,1145.6472540867987,4315.31700498086,-3680.1930287919326,4448.697201131867,378.89536407178446,3680.1930287919326
newton,5.0,1.0,265.0,809.8733534288141,4359.744831895443,-3806.0676730503224,4413.739800216754,426.81474179745516,3806.0676730503224
newton,5.0,1.0,270.0,432.1542228011822,4369.156166612258,-3961.024353079265,4369.156166612258,432.1542228011814,3961.024353079265
newton,5.0,1.0,275.0,0.058204223185232884,4332.702054077247,-4097.421810454163,4316.209741850666,377.67784836594916,4097.421810454163
newton,5.0,1.0,280.0,-449.7657906718707,4268.77558025641,-4193.477790926074,4282.024297232796,298.33226268729294,4193.477790926074
newton,5.0,1.0,285.0,-897.9661795790565,4182.961092432581,-4261.67940947254,4272.840898675975,215.26127165485752,4261.67940947254
newton,5.0,1.0,290.0,-1336.2352287636609,4071.2541315860317,-4305.693125731314,4282.746829254091,136.80053749689432,4305.693125731314
newton,5.0,1.0,295.0,-1759.4164965491548,3935.0059644056323,-4350.863740092909,4309.888089026002,68.43250915315366,4350.863740092909
newton,5.0,1.0,300.0,-2200.0395746510044,3766.952457639611,-4399.514292897078,4362.29631048963,-21.81393215907451,4399.514292897078
newton,5.0,1.0,305.0,-2651.553477831365,3551.7951321602727,-4406.418736289499,4430.328838013514,-134.79945735366687,4406.418736289499
newton,5.0,1.0,310.0,-3085.1679910367684,3286.2929033520577,-4354.327416778727,4500.554175514124,-250.98743554675139,4354.327416778727
newton,5.0,1.0,315.0,-3479.050596033476,2995.3476465506747,-4246.42435777226,4578.090901433518,-342.0296356592239,4246.42435777226
newton,5.0,1.0,320.0,-3822.1243748022644,2693.611670258508,-4120.21300307901,4659.337345176105,-393.3879388818482,4120.21300307901
newton,5.0,1.0,325.0,-4120.95240490204,2373.216499342044,-3999.3610627720404,4736.907649275257,-419.65604779958767,3999.3610627720404
newton,5.0,1.0,330.0,-4372.0980016056765,2018.464580764514,-3879.1061292139084,4795.58022760795,-438.00739722166463,3879.1061292139084
newton,5.0,1.0,335.0,-4575.308367407224,1638.8510644949947,-3750.1918863893784,4839.245989603879,-448.3053876162005,3750.1918863893784
newton,5.0,1.0,340.0,-4727.635534642801,1256.7635727792383,-3618.1700291398975,4872.362682957517,-435.9751277368705,3618.1700291398975
newton,5.0,1.0,345.0,-4831.661148497176,882.1197315401603,-3507.4548380324704,4895.33567379424,-398.46369413916705,3507.4548380324704
newton,5.0,1.0,350.0,-4897.515697315178,496.4201729966315,-3423.745925638455,4909.313887612945,-361.5662408152222,3423.745925638455
newton,5.0,1.0,355.0,-4924.168224836093,116.80692324340609,-3341.4007630676533,4915.610672246907,-312.80710141451726,3341.4007630676533
newton,6.0,1.0,0.0,-3997.694699939835,-214.9037407192227,-2289.370845059515,3997.694699939835,-214.9037407192227,2289.370845059515
newton,6.0,1.0,5.0,-3984.6652880012384,-512.4784199084214,-2268.582172502216,4014.167870906317,-163.24182202264552,2268.582172502216
newton,6.0,1.0,10.0,-3939.577748481828,-818.1467374896682,-2243.9218468124077,4021.7964003285083,-121.61675338041118,2243.9218468124077
newton,6.0,1.0,15.0,-3865.0672563363187,-1103.470613691207,-2221.916133102095,4018.9674937737313,-65.51774777339881,2221.916133102095
newton,6.0,1.0,20.0,-3766.8660121391163,-1383.7252719832197,-2227.8309382261773,4012.9581109434203,-11.932373917195036,2227.8309382261773
newton,6.0,1.0,25.0,-3634.722851850593,-1666.4705518580106,-2231.564218513651,3998.458512220549,25.765015542117,2231.564218513651
newton,6.0,1.0,30.0,-3479.963668411362,-1928.7448131610813,-2229.2233109248514,3978.109347671667,69.63982859071348,2229.2233109248514
newton,6.0,1.0,35.0,-3311.3275266002456,-2167.8961559635663,-2227.62790406667,3955.934864241716,123.46287433469024,2227.62790406667
newton,6.0,1.0,40.0,-3133.5022011747296,-2387.47932222448,-2239.551626131557,3935.0440754196998,185.26112198908686,2239.551626131557
newton,6.0,1.0,45.0,-2949.3969868749973,-2586.5505943796434,-2263.4746910625418,3914.5060749984227,256.5711446625405,2263.4746910625418
newton,6.0,1.0,50.0,-2767.506678265604,-2763.895611317802,-2334.3967480687734,3896.1858769248147,343.4352587579408,2334.3967480687734
newton,6.0,1.0,55.0,-2552.050565393397,-2949.5380063358966,-2448.312833677463,3879.9161562841437,398.7319392147658,2448.312833677463
newton,6.0,1.0,60.0,-2296.662217904862,-3126.916863321215,-2564.649757380165,3856.320548110556,425.5093929569143,2564.649757380165
newton,6.0,1.0,65.0,-2011.1377888849595,-3283.035324177435,-2680.042894098504,3825.384035877997,435.2391569329275,2680.042894098504
newton,6.0,1.0,70.0,-1692.990171338432,-3415.7270840144474,-2791.3147402569098,3788.7702765170634,422.642904233805,2791.3147402569098
newton,6.0,1.0,75.0,-1350.1070686922126,-3519.5758690472626,-2889.307866920699,3749.0826518016247,393.17002031255015,2889.307866920699
newton,6.0,1.0,80.0,-993.8437516765609,-3590.2518299494905,-2972.822172369199,3708.2869937648256,355.3043442977256,2972.822172369199
newton,6.0,1.0,85.0,-627.47014522444,-3631.765713420663,-3047.708491354081,3672.6333749800674,308.55319364478834,3047.708491354081
newton,6.0,1.0,90.0,-255.06576357324957,-3651.8924744424003,-3102.7212386470055,3651.8924744424003,255.06576357324934,3102.7212386470055
newton,6.0,1.0,95.0,104.79322525584551,-3652.6125764652234,-3151.143541342807,3647.846614239982,213.95170667545682,3151.143541342807
newton,6.0,1.0,100.0,462.79804811417114,-3632.3537998019747,-3209.5310708725656,3657.5342214111765,174.9845121154101,3209.5310708725656
newton,6.0,1.0,105.0,844.4991225911801,-3576.7078468667573,-3252.3875919456673,3673.4069388783328,109.99659674746863,3252.3875919456673
newton,6.0,1.0,110.0,1223.2609301777502,-3517.067055046437,-3240.546170035159,3723.341837100448,53.4185088692318,3240.546170035159
newton,6.0,1.0,115.0,1555.5394717140662,-3463.351925116139,-3220.6903358449003,3796.2622065859737,53.87823413155229,3220.6903358449003
newton,6.0,1.0,120.0,1868.9429008069037,-3373.83268686707,-3236.3859141514413,3856.2962653486434,68.36431311217552,3236.3859141514413
newton,6.0,1.0,125.0,2193.664841558558,-3238.431905399573,-3261.6855301690584,3911.0025779684947,60.54319221703577,3261.6855301690584
newton,6.0,1.0,130.0,2523.259390312128,-3069.1872359008103,-3289.8227798477533,3973.053699071359,39.906692548732735,3289.8227798477533
newton,6.0,1.0,135.0,2858.7193992672146,-2850.7888880599758,-3323.9275705018017,4037.2320272098473,-5.607718252914765,3323.9275705018017
newton,6.0,1.0,140.0,3183.540938083694,-2567.620706831141,-3330.119582941231,4089.1686217864435,-79.42909542484335,3330.119582941231
newton,6.0,1.0,145.0,3480.754707536752,-2237.176580399476,-3286.5597792586004,4134.459104820813,-163.89111169137027,3286.5597792586004
newton,6.0,1.0,150.0,3717.6097406021163,-1898.6095286414857,-3191.8535296335367,4168.8492410386525,-214.56078663033236,3191.8535296335367
newton,6.0,1.0,155.0,3892.7559359104803,-1568.7690743280864,-3112.5672396737027,4191.025477013913,-223.36211888945513,3112.5672396737027
newton,6.0,1.0,160.0,4039.851128612776,-1213.7552942564776,-3052.2151617515865,4211.347054334939,-241.15356856986614,3052.2151617515865
newton,6.0,1.0,165.0,4153.415806194205,-839.4520554378646,-2973.9664885006746,4229.157773917991,-264.13469259402575,2973.9664885006746
newton,6.0,1.0,170.0,4221.424785021014,-476.57294420305846,-2878.6071543154167,4240.047880332813,-263.7099907498856,2878.6071543154167
newton,6.0,1.0,175.0,4234.8593735583845,-135.7423785123726,-2795.5008179430174,4230.575182924574,-233.86647635397503,2795.5008179430174
newton,6.0,1.0,180.0,4218.093386419292,190.99505672280793,-2749.635391992808,4218.093386419292,-190.99505672280844,2749.635391992808
newton,6.0,1.0,185.0,4183.775312044172,540.5953120264865,-2722.086890326041,4214.970769811112,-173.89813884351446,2722.086890326041
newton,6.0,1.0,190.0,4118.646001333295,890.1385038840915,-2688.3867325825854,4210.645443096399,-161.419927293024,2688.3867325825854
newton,6.0,1.0,195.0,4016.2357885454167,1226.0420863521797,-2660.8885501189047,4196.708914667633,-144.78740362700796,2660.8885501189047
newton,6.0,1.0,200.0,3878.8613405326714,1555.590231329159,-2639.0359388290626,4176.980572625497,-135.12794971727544,2639.0359388290626
newton,6.0,1.0,205.0,3709.090206149982,1869.36636884723,-2609.3963042282344,4151.605702013841,-126.69204134811389,2609.3963042282344
newton,6.0,1.0,210.0,3513.2791903003063,2146.2637404704847,-2587.3957148585723,4115.720899622531,-102.07932731869732,2587.3957148585723
newton,6.0,1.0,215.0,3287.9775041597736,2399.9918143283726,-2587.226145671704,4069.9322462428454,-80.05178134556286,2587.226145671704
newton,6.0,1.0,220.0,3033.011534047196,2637.0297999965333,-2586.3897211604185,4018.471713384566,-70.49979050459365,2586.3897211604185
newton,6.0,1.0,225.0,2757.7971799743195,2851.608644708842,-2566.148942502559,3966.4488970607817,-66.334722866824,2566.148942502559
newton,6.0,1.0,230.0,2477.622936643345,3030.3907795420123,-2524.6975267359207,3913.9993422966663,-49.92836283818133,2524.6975267359207
newton,6.0,1.0,235.0,2214.0261438271764,3177.231854826722,-2480.6935819298756,3872.5491946258553,-8.76128292723206,2480.6935819298756
newton,6.0,1.0,240.0,1970.9976211600308,3296.064117513797,-2449.311672158446,3839.974068849301,58.90195196638342,2449.311672158446
newton,6.0,1.0,245.0,1742.8525424845661,3401.38845724045,-2452.723232987592,3819.266157508783,142.07195360654896,2452.723232987592
newton,6.0,1.0,250.0,1513.3180913000976,3505.661703568746,-2489.8799546478513,3811.829704299094,223.04692499062753,2489.8799546478513
newton,6.0,1.0,255.0,1268.031629653448,3601.683553475248,-2559.9865868686275,3807.149897969025,292.64020156176343,2559.9865868686275
newton,6.0,1.0,260.0,998.9046497252489,3688.2494420559833,-2644.34389365428,3805.6746176674956,343.271249175275,2644.34389365428
newton,6.0,1.0,265.0,726.0035928763999,3750.1973032858596,-2758.4120488246763,3799.2020527059462,396.3896986008837,2758.4120488246763
newton,6.0,1.0,270.0,413.61861518380465,3795.7364440298697,-2916.57707467163,3795.7364440298697,413.61861518380397,2916.57707467163
newton,6.0,1.0,275.0,36.96828782455451,3811.829017213654,-3081.955360805058,3794.101858397053,369.05040155068167,3081.955360805058
newton,6.0,1.0,280.0,-383.681644618212,3779.539660361621,-3209.5188653580926,3788.745578733455,278.45751613319294,3209.5188653580926
newton,6.0,1.0,285.0,-817.9656497580014,3705.643650785043,-3289.9525551529523,3791.0819937144115,168.99700506782983,3289.9525551529523
newton,6.0,1.0,290.0,-1249.2057825563033,3605.1747003536366,-3321.4488603790523,3815.009603359522,59.17291201778244,3321.4488603790523
newton,6.0,1.0,295.0,-1669.6569617572218,3480.0506640923795,-3322.9022870361,3859.624539030083,-42.49014369223505,3322.9022870361
newton,6.0,1.0,300.0,-2075.172094424672,3313.825468114748,-3278.1858350144216,3907.4430863075672,-140.2390169389514,3278.1858350144216
newton,6.0,1.0,305.0,-2442.210629593077,3104.6648353991022,-3208.359769861394,3943.987016489962,-219.7792374628507,3208.359769861394
newton,6.0,1.0,310.0,-2772.983495388269,2856.622958942707,-3127.97563643245,3970.7395764850035,-288.0267539483523,3127.97563643245
newton,6.0,1.0,315.0,-3057.8827723199224,2567.217526144124,-3030.451568089478,3977.5465658983994,-346.95272286347495,3030.451568089478
newton,6.0,1.0,320.0,-3290.3022146491166,2251.159783392078,-2911.3002948547182,3967.535343903084,-390.47705306021,2911.3002948547182
newton,6.0,1.0,325.0,-3471.8547200622015,1939.7102243353934,-2789.6535286900066,3956.548969441321,-402.4564622692417,2789.6535286900066
newton,6.0,1.0,330.0,-3623.2145564536618,1634.9051919214412,-2693.5049266838478,3955.2484452111585,-395.73784924379174,2693.5049266838478
newton,6.0,1.0,335.0,-3747.773809826734,1312.2797115126932,-2608.8339356014408,3951.229958495063,-394.54833159212967,2608.8339356014408
newton,6.0,1.0,340.0,-3839.020367423495,998.781425384619,-2520.8749587515013,3949.102476575728,-374.47476108438684,2520.8749587515013
newton,6.0,1.0,345.0,-3908.299612857852,689.8939774684848,-2461.006763986897,3953.6852334053397,-345.1559635363225,2461.006763986897
newton,6.0,1.0,350.0,-3963.1475409186064,371.2565155102967,-2396.0709542752247,3967.406441993248,-322.5770534748552,2396.0709542752247
newton,6.0,1.0,355.0,-3990.3875780568906,72.58077217816626,-2330.891586412807,3981.5287796998227,-275.48061278928355,2330.891586412807
newton,7.0,1.0,0.0,-3335.9524125175376,-201.75838345481316,-1587.8544548755744,3335.9524125175376,-201.75838345481316,1587.8544548755744
newton,7.0,1.0,5.0,-3305.136859844496,-436.5477438985798,-1544.57080656689,3330.6074591089828,-146.8248900332688,1544.57080656689
newton,7.0,1.0,10.0,-3252.8799098600093,-668.775880569554,-1514.8410690258768,3319.5930677762894,-93.75900369590408,1514.8410690258768
newton,7.0,1.0,15.0,-3181.635616169061,-897.0912533313965,-1495.523766700481,3305.408313055885,-43.055718089778566,1495.523766700481
newton,7.0,1.0,20.0,-3095.822360541294,-1122.0010927459368,-1489.0965686289937,3292.8684020171886,4.497460096060877,1489.0965686289937
newton,7.0,1.0,25.0,-2990.1972208346433,-1340.973990698908,-1485.6115800011623,3276.7591230064477,48.37678174697476,1485.6115800011623
newton,7.0,1.0,30.0,-2869.057398224327,-1546.380099292963,-1489.6594505040703,3257.8666414244353,95.32424921775441,1489.6594505040703
newton,7.0,1.0,35.0,-2734.2139811063867,-1735.1897429333028,-1506.510591157687,3235.000921291411,146.89648635110257,1506.510591157687
newton,7.0,1.0,40.0,-2587.1735512889045,-1915.5689459471932,-1538.0446379159516,3213.1939063044174,195.5921564231046,1538.0446379159516
newton,7.0,1.0,45.0,-2433.7432046724307,-2091.1217049775723,-1576.4044818243892,3199.5626615665724,242.26998581453904,1576.4044818243892
newton,7.0,1.0,50.0,-2282.4357836892887,-2257.376819648495,-1628.6202945090404,3196.372410377982,297.4333988074309,1628.6202945090404
newton,7.0,1.0,55.0,-2119.664198505725,-2426.7723135535107,-1707.9029911462067,3203.6849389110944,344.387845968746,1707.9029911462067
newton,7.0,1.0,60.0,-1934.6331250327412,-2593.5204300422997,-1803.7564667864767,3213.3711401669443,378.68121826007996,1803.7564667864767
newton,7.0,1.0,65.0,-1720.3566969097337,-2750.712711024674,-1920.1415865792228,3220.0465067243194,396.67124640864677,1920.1415865792228
newton,7.0,1.0,70.0,-1467.8193231139771,-2902.45537628685,-2042.984937863071,3229.439674524768,386.6007827831846,2042.984937863071
newton,7.0,1.0,75.0,-1187.3821366189147,-3040.4626532234497,-2148.865196441727,3244.178511387412,359.9934308573347,2148.865196441727
newton,7.0,1.0,80.0,-898.012533542363,-3150.837533891117,-2255.221652556933,3258.9074718295324,337.23250944989707,2255.221652556933
newton,7.0,1.0,85.0,-575.7231925211489,-3224.3937283915466,-2367.496659435631,3262.301519245168,292.50796164916596,2367.496659435631
newton,7.0,1.0,90.0,-216.19742269020935,-3263.5338769680675,-2446.9248375193856,3263.5338769680675,216.19742269020915,2446.9248375193856
newton,7.0,1.0,95.0,146.49810858007905,-3282.765968601943,-2475.4984958556774,3283.0422044616926,140.17126721229442,2475.4984958556774
newton,7.0,1.0,100.0,486.7713562454541,-3296.878293713486,-2500.0286453269055,3331.318263339184,93.12070211821481,2500.0286453269055
newton,7.0,1.0,105.0,857.432574942329,-3287.0216833024347,-2518.880105248788,3396.939015760358,22.527544865284312,2518.880105248788
newton,7.0,1.0,110.0,1213.7924690611974,-3221.5929445694314,-2472.0624596315924,3442.448591423769,-38.742145703715096,2472.0624596315924
newton,7.0,1.0,115.0,1499.3563311051714,-3120.4746186539523,-2397.6004341231433,3461.7658125178777,-40.10875928181372,2397.6004341231433
newton,7.0,1.0,120.0,1749.4026706112472,-3011.8582398341873,-2368.208961984651,3483.0470835995143,-9.098034280587854,2368.208961984651
newton,7.0,1.0,125.0,2013.1065604732348,-2869.07628300116,-2379.9280739652245,3504.880189392612,-3.4058043601201007,2379.9280739652245
newton,7.0,1.0,130.0,2287.7960011305863,-2674.9543741376087,-2389.506569241212,3519.7008569220716,-33.125885483438196,2389.506569241212
newton,7.0,1.0,135.0,2558.7012573418715,-2448.085361934855,-2376.1892978003357,3540.3327704446424,-78.21724974932363,2376.1892978003357
newton,7.0,1.0,140.0,2813.1334239911653,-2197.662351894593,-2348.2357460188596,3567.6153572731196,-124.74027681595476,2348.2357460188596
newton,7.0,1.0,145.0,3035.3812258281996,-1915.097486138499,-2300.1039024926054,3584.8935276977627,-172.26712569434721,2300.1039024926054
newton,7.0,1.0,150.0,3204.184850081151,-1622.8839646693361,-2238.3747965605116,3586.347460926178,-196.6336842425228,2238.3747965605116
newton,7.0,1.0,155.0,3343.0123693620176,-1326.3275072077554,-2183.6896656836034,3590.3283681076546,-210.757128574136,2183.6896656836034
newton,7.0,1.0,160.0,3456.6506443491735,-1021.7245367505822,-2120.6099296120306,3597.6394756285604,-222.1371411466473,2120.6099296120306
newton,7.0,1.0,165.0,3526.762026054966,-710.3620020927149,-2049.6717077444428,3590.445739200803,-226.6361760516162,2049.6717077444428
newton,7.0,1.0,170.0,3554.590521499812,-413.4314682389282,-1974.427794321492,3572.3799254065757,-210.09765114966876,1974.427794321492
newton,7.0,1.0,175.0,3559.8789802042747,-131.73443835272502,-1923.6233509103722,3557.813978747826,-179.03074756840098,1923.6233509103722
newton,7.0,1.0,180.0,3549.755708447832,151.80938104947563,-1889.8395665676508,3549.755708447832,-151.80938104947606,1889.8395665676508
newton,7.0,1.0,185.0,3511.8639689724314,442.36669361601156,-1857.6937792778592,3537.0550640587,-134.6042421481161,1857.6937792778592
newton,7.0,1.0,190.0,3442.3059406530792,721.2556058005318,-1826.0784154112143,3515.2543001744543,-112.54795892942457,1826.0784154112143
newton,7.0,1.0,195.0,3348.2003290234493,991.3578349895702,-1805.1866935659723,3490.6954576002086,-91.00012394064731,1805.1866935659723
newton,7.0,1.0,200.0,3229.423661949365,1259.1684468770457,-1787.2904726033241,3465.326557197271,-78.70335413758539,1787.2904726033241
newton,7.0,1.0,205.0,3090.436024424425,1505.4159431608305,-1766.5919550084138,3437.102503369809,-58.29549135269599,1766.5919550084138
newton,7.0,1.0,210.0,2934.731144673196,1734.6168126511438,-1758.2585118271488,3408.8601308899442,-34.85665325088439,1758.2585118271488
newton,7.0,1.0,215.0,2763.552060324308,1947.3520063257881,-1756.7504993990906,3380.7245438231175,-10.069034500631233,1756.7504993990906
newton,7.0,1.0,220.0,2571.4487812440557,2147.313832634139,-1765.5330828437636,3350.110775362817,7.957586405333586,1765.5330828437636
newton,7.0,1.0,225.0,2357.8462007059725,2328.191777298788,-1771.520980520934,3313.529231144864,20.96884388339663,1771.520980520934
newton,7.0,1.0,230.0,2130.313099766573,2483.895558731859,-1773.4729017158586,3272.1132553373272,35.29722327148488,1773.4729017158586
newton,7.0,1.0,235.0,1899.5650916586958,2613.7274778247183,-1767.4432882130861,3230.5859825648713,56.860135768715736,1767.4432882130861
newton,7.0,1.0,240.0,1682.8295763142228,2721.8699011136728,-1766.9014910565131,3198.62326831779,96.43821277108282,1766.9014910565131
newton,7.0,1.0,245.0,1476.6847911409957,2818.8055400892167,-1782.7981723473067,3178.7793706958428,147.05222767211626,1782.7981723473067
newton,7.0,1.0,250.0,1275.9019126188516,2908.6351561898014,-1820.1513248594822,3169.6071478534186,204.1437991324476,1820.1513248594822
newton,7.0,1.0,255.0,1063.55054203993,2994.7371174751206,-1885.5368050378556,3167.9610604247414,252.21593504212,1885.5368050378556
newton,7.0,1.0,260.0,832.652009866926,3074.6039804442107,-1960.044347562273,3172.482341527753,286.1027766265188,1960.044347562273
newton,7.0,1.0,265.0,594.0124586735669,3154.239765442307,-2053.954163413395,3194.0085278808347,316.8419523697259,2053.954163413395
newton,7.0,1.0,270.0,321.2841457892064,3225.7072717068077,-2173.1967136666062,3225.7072717068077,321.2841457892058,2173.1967136666062
newton,7.0,1.0,275.0,-1.860364403874796,3269.631184015546,-2296.948053432609,3257.3513916731245,283.1138491981203,2296.948053432609
newton,7.0,1.0,280.0,-372.13854018774623,3281.000756850328,-2403.573652250767,3295.776162328359,203.25488277933977,2403.573652250767
newton,7.0,1.0,285.0,-771.9771161370335,3250.5425609233826,-2454.5440130646084,3339.5853890872872,95.6296879023746,2454.5440130646084
newton,7.0,1.0,290.0,-1150.7156229671893,3172.81920949815,-2467.764804607101,3375.042720547515,3.849101253665822,2467.764804607101
newton,7.0,1.0,295.0,-1512.7461638964485,3039.118587551419,-2445.1988573464264,3393.6909958665037,-86.62661345434049,2445.1988573464264
newton,7.0,1.0,300.0,-1830.1731556173077,2873.3701070728976,-2390.8730997142484,3403.498085008596,-148.29139255247014,2390.8730997142484
newton,7.0,1.0,305.0,-2115.20236780771,2669.5933101406963,-2332.158871523635,3400.0330537104087,-201.45652633750797,2332.158871523635
newton,7.0,1.0,310.0,-2361.4908573379485,2438.0283353544787,-2261.670660744027,3385.575121949787,-241.87254270944914,2261.670660744027
newton,7.0,1.0,315.0,-2557.9071655840703,2188.322505355108,-2198.862712072018,3356.091185389889,-261.33581947042603,2198.862712072018
newton,7.0,1.0,320.0,-2729.06891143334,1915.908024166221,-2148.8654244137524,3322.110013725334,-286.54098681048936,2148.8654244137524
newton,7.0,1.0,325.0,-2885.0817494663415,1629.285815736206,-2096.001120371958,3297.8405650034947,-320.1821017489767,2096.001120371958
newton,7.0,1.0,330.0,-3023.5390025096385,1349.6803901722287,-2018.4718642419048,3293.3017805925224,-342.9119963759779,2018.4718642419048
newton,7.0,1.0,335.0,-3136.3647846915865,1089.5684098475167,-1945.4779078162924,3302.9833347708463,-338.00069913715606,1945.4779078162924
newton,7.0,1.0,340.0,-3226.975726980082,826.2433491020007,-1884.2231681134801,3314.957146780172,-327.275922525596,1884.2231681134801
newton,7.0,1.0,345.0,-3293.1678596750426,554.9896013626548,-1815.736884778519,3324.5977646317288,-316.25577152534345,1815.736884778519
newton,7.0,1.0,350.0,-3329.309209576462,283.93688789917604,-1733.3051732701695,3328.034644921957,-298.5052285634143,1733.3051732701695
newton,7.0,1.0,355.0,-3343.301168241973,34.22665641165537,-1650.289653296272,3333.561947587919,-257.291482896544,1650.289653296272
newton,8.0,1.0,0.0,-2755.18646121808,-158.5894074968528,-1090.0129674798518,2755.18646121808,-158.5894074968528,1090.0129674798518
newton,8.0,1.0,5.0,-2716.820550733395,-344.87162533218356,-1057.5913611312835,2736.539770965723,-106.77277166693341,1057.5913611312835
newton,8.0,1.0,10.0,-2664.805730858225,-527.4930943561749,-1036.900424345138,2715.9195585873836,-56.740629982438065,1036.900424345138
newton,8.0,1.0,15.0,-2599.2792167535554,-707.1719282146472,-1031.2699705270945,2693.740488382504,-10.332664254183555,1031.2699705270945
newton,8.0,1.0,20.0,-2520.9728309325765,-888.1293792585051,-1030.040767249302,2672.697704014835,27.654864963290038,1030.040767249302
newton,8.0,1.0,25.0,-2435.2048859616034,-1060.7527326917173,-1034.4843663050954,2655.3386272035686,67.79359412864176,1034.4843663050954
newton,8.0,1.0,30.0,-2339.7971594808723,-1221.239463291992,-1047.7543260640925,2636.943511459101,112.27418042549743,1047.7543260640925
newton,8.0,1.0,35.0,-2235.188146553148,-1376.1910878671404,-1078.6099394251462,2620.309719536437,154.7415087153945,1078.6099394251462
newton,8.0,1.0,40.0,-2121.5137436286204,-1532.8551783468354,-1120.5625284803182,2610.474130392441,189.44755670543918,1120.5625284803182
newton,8.0,1.0,45.0,-1998.00119507992,-1689.7609042791833,-1159.088649507318,2607.641587859561,217.9587998601146,1159.088649507318
newton,8.0,1.0,50.0,-1871.9373681074162,-1834.6652741284652,-1207.5481692898668,2608.693284558145,254.68711257351538,1207.5481692898668
newton,8.0,1.0,55.0,-1733.8823396535538,-1982.2152621180103,-1273.64395694803,2618.2497376153074,283.3612969574856,1273.64395694803
newton,8.0,1.0,60.0,-1583.7583980061154,-2133.1946912423386,-1350.0728456167262,2639.279992837025,304.97766050907217,1350.0728456167262
newton,8.0,1.0,65.0,-1414.6602709685876,-2287.537085678387,-1446.912817363697,2671.0739385558177,315.3626727734229,1446.912817363697
newton,8.0,1.0,70.0,-1205.6722434386625,-2446.544877173732,-1545.3692953890372,2711.3643610063946,296.1936807020618,1545.3692953890372
newton,8.0,1.0,75.0,-970.5803682564797,-2589.5892945790392,-1613.7302639101174,2752.5558632229786,267.27361575743123,1613.7302639101174
newton,8.0,1.0,80.0,-732.7926893325505,-2701.096420334965,-1676.5177814185547,2787.308811489642,252.61945071152633,1676.5177814185547
newton,8.0,1.0,85.0,-469.34591937511186,-2796.955910905541,-1761.243312424496,2827.218841449189,223.78914660505714,1761.243312424496
newton,8.0,1.0,90.0,-157.04721851636714,-2875.376567831321,-1845.667134870455,2875.376567831321,157.04721851636697,1845.667134870455
newton,8.0,1.0,95.0,188.3359770446085,-2916.054092568867,-1877.4752475671621,2921.37218833127,66.53155853842046,1877.4752475671621
newton,8.0,1.0,100.0,519.8228791532601,-2922.8341605197015,-1850.4724778098646,2968.6960377232713,-4.380775986360504,1850.4724778098646
newton,8.0,1.0,105.0,821.7203784365183,-2890.8921462306453,-1799.581498673532,3005.0642687486356,-45.50299073806718,1799.581498673532
newton,8.0,1.0,110.0,1089.744352913414,-2816.9085022493114,-1737.1219262338414,3019.7426527645475,-60.585277301245696,1737.1219262338414
newton,8.0,1.0,115.0,1313.8365505214804,-2719.3441951894947,-1691.0714832416716,3019.814138925936,-41.49577978534353,1691.0714832416716
newton,8.0,1.0,120.0,1528.3603257469454,-2606.569564621105,-1686.2565149592178,3021.5356225666937,-20.314085922562754,1686.2565149592178
newton,8.0,1.0,125.0,1750.4297700787747,-2468.6389357067987,-1701.0458998576041,3026.1959004001897,-17.915001164192972,1701.0458998576041
newton,8.0,1.0,130.0,1981.860009478734,-2296.7363326922814,-1718.0552881607307,3033.3171631945597,-41.87918992940922,1718.0552881607307
newton,8.0,1.0,135.0,2214.4557633727513,-2086.6414156015007,-1713.893742673226,3041.334981795023,-90.37839204198713,1713.893742673226
newton,8.0,1.0,140.0,2422.7055050128074,-1860.8845962635148,-1677.5195393213226,3052.053650963544,-131.76477628823454,1677.5195393213226
newton,8.0,1.0,145.0,2590.6179140785457,-1624.7520285180942,-1634.6388650154922,3054.029438760666,-154.99844548106898,1634.6388650154922
newton,8.0,1.0,150.0,2735.48917419933,-1375.576992526101,-1582.401754284836,3056.7916128969864,-176.45996671066428,1582.401754284836
newton,8.0,1.0,155.0,2847.3493526134775,-1124.01736369217,-1521.4161776482158,3055.605155097307,-184.63614449139413,1521.4161776482158
newton,8.0,1.0,160.0,2914.2971161324785,-872.7139343742288,-1460.6535205759853,3037.0292397243256,-176.6654731647136,1460.6535205759853
newton,8.0,1.0,165.0,2949.860880386039,-617.6230918570121,-1413.0727764034023,3009.199427192381,-166.902080909603,1413.0727764034023
newton,8.0,1.0,170.0,2964.6060759187853,-368.2951693022391,-1364.2190461728649,2983.5208331847857,-152.09850445781734,1364.2190461728649
newton,8.0,1.0,175.0,2959.299306146025,-126.28340435507917,-1325.7687214209925,2959.0446027525213,-132.11707116428045,1325.7687214209925
newton,8.0,1.0,180.0,2934.8643508115056,110.56584760866826,-1289.4537892151566,2934.8643508115056,-110.56584760866862,1289.4537892151566
newton,8.0,1.0,185.0,2892.136865027858,338.93518477201724,-1264.4667140708423,2910.6715588685543,-85.57909746724377,1264.4667140708423
newton,8.0,1.0,190.0,2830.1495122994893,561.2598276277122,-1249.6243153855683,2884.614928161464,-61.282724366308116,1249.6243153855683
newton,8.0,1.0,195.0,2749.7579728145865,778.643066749464,-1245.3578927566618,2857.5898969976774,-40.42171484731546,1245.3578927566618
newton,8.0,1.0,200.0,2650.499308913607,996.2476605610636,-1242.3546370396703,2831.391409637223,-29.64242158523848,1242.3546370396703
newton,8.0,1.0,205.0,2537.0972687532167,1197.9880344446694,-1235.2848877798442,2805.6826318436197,-13.522246806374142,1235.2848877798442
newton,8.0,1.0,210.0,2411.881098958952,1383.2900004719338,-1234.8622814452872,2780.3953028419487,7.976268269793536,1234.8622814452872
newton,8.0,1.0,215.0,2273.959834499659,1556.0305382390407,-1244.0061884473953,2755.2212980380023,29.664181903118788,1244.0061884473953
newton,8.0,1.0,220.0,2123.067290032157,1719.6986354498486,-1259.456321867065,2731.764875158813,47.315765037802976,1259.456321867065
newton,8.0,1.0,225.0,1959.4914756503517,1871.218826269565,-1277.7235414023537,2708.72123124874,62.41818897045641,1277.7235414023537
newton,8.0,1.0,230.0,1788.07534699548,2005.9962083142539,-1300.4233335180845,2686.034926531528,80.31567566134504,1300.4233335180845
newton,8.0,1.0,235.0,1604.2344532196075,2124.1363837037957,-1327.4114691042166,2660.141741808862,95.75735458525219,1327.4114691042166
newton,8.0,1.0,240.0,1417.099811475713,2231.636479735623,-1350.3399991507918,2641.203789200983,111.42619656829356,1350.3399991507918
newton,8.0,1.0,245.0,1240.2549444691774,2329.768299010406,-1373.1773494204,2635.641540131133,139.45008529676045,1373.1773494204
newton,8.0,1.0,250.0,1068.6696514989997,2418.932872571613,-1411.3313717764433,2638.5599179054852,176.89721779934416,1411.3313717764433
newton,8.0,1.0,255.0,887.8211272530996,2503.6807253365264,-1471.346173851081,2648.1548897621888,209.56910136565625,1471.346173851081
newton,8.0,1.0,260.0,685.6941062907465,2586.910658873823,-1539.0942178202936,2666.679205203203,226.0645503693068,1539.0942178202936
newton,8.0,1.0,265.0,470.1548127078445,2661.9461618366217,-1614.4089570873914,2692.7933449352527,236.36183681272348,1614.4089570873914
newton,8.0,1.0,270.0,228.1556453356461,2727.749909451435,-1702.1034117095114,2727.749909451435,228.1556453356456,1702.1034117095114
newton,8.0,1.0,275.0,-55.36943347451749,2784.0637172768756,-1794.4117794344227,2778.2952784008085,187.48840507241357,1794.4117794344227
newton,8.0,1.0,280.0,-382.30212583834634,2806.8161914553366,-1856.2446854356876,2830.560414095436,110.9044191735997,1856.2446854356876
newton,8.0,1.0,285.0,-714.5061700153373,2782.2640839158094,-1875.1432922274346,2872.3885388540048,29.942970761425954,1875.1432922274346
newton,8.0,1.0,290.0,-1034.2197374895175,2710.218956604526,-1847.8125392015359,2900.4967370817576,-44.899179608213785,1847.8125392015359
newton,8.0,1.0,295.0,-1310.3877070881565,2605.1050267611504,-1801.3547463366915,2914.8207467779284,-86.64962490934067,1801.3547463366915
newton,8.0,1.0,300.0,-1554.0793221909184,2456.5775893074533,-1767.2393931788502,2904.4982598032493,-117.5833778597098,1767.2393931788502
newton,8.0,1.0,305.0,-1772.8530707336186,2272.3811172901924,-1731.1102239129743,2878.2923841173624,-148.85195382874326,1731.1102239129743
newton,8.0,1.0,310.0,-1956.3251068578113,2072.5441742269477,-1696.174408465998,2845.1624869920606,-166.42626132146552,1696.174408465998
newton,8.0,1.0,315.0,-2127.1175328270974,1862.4186912973626,-1685.0101554783366,2821.0281178677797,-187.1703458178995,1685.0101554783366
newton,8.0,1.0,320.0,-2299.241028827602,1633.819061474603,-1666.3446085452879,2811.5194627101114,-226.34563190883114,1666.3446085452879
newton,8.0,1.0,325.0,-2460.1811513261746,1389.1458281926257,-1623.794276626341,2812.04373313673,-273.1802925761683,1623.794276626341
newton,8.0,1.0,330.0,-2595.6046028245783,1141.1989936764742,-1547.1178928230304,2818.4590210641395,-309.494982115227,1547.1178928230304
newton,8.0,1.0,335.0,-2697.4874220861843,906.0677591143115,-1449.7419484328866,2827.6746374463087,-318.8311797213149,1449.7419484328866
newton,8.0,1.0,340.0,-2765.5967889420867,687.865303147696,-1356.433966179935,2834.0746842094118,-299.5078606724296,1356.433966179935
newton,8.0,1.0,345.0,-2801.3077261706057,472.2299657059805,-1281.3310062728683,2828.0775888841113,-268.892670902782,1281.3310062728683
newton,8.0,1.0,350.0,-2805.868550851541,247.99872466162856,-1216.0196561582661,2806.305629412941,-243.0028938444092,1216.0196561582661
newton,8.0,1.0,355.0,-2784.2895460559207,34.15380678547088,-1146.3466147829108,2776.671184131229,-208.6429821717082,1146.3466147829108
newton,9.0,1.0,0.0,-2274.8770927049045,-112.43632782176428,-781.8382975284767,2274.8770927049045,-112.43632782176428,781.8382975284767
newton,9.0,1.0,5.0,-2235.552768126534,-262.95906994828516,-755.8128320756321,2249.9642079655546,-67.11716933996684,755.8128320756321
newton,9.0,1.0,10.0,-2188.7468514406573,-408.1873320402527,-746.6742680427872,2226.375855035335,-21.914147147707695,746.6742680427872
newton,9.0,1.0,15.0,-2134.9177847356623,-553.0460282941333,-753.0699371810517,2205.311070220851,18.3559405617749,753.0699371810517
newton,9.0,1.0,20.0,-2071.375073421967,-701.8348594799343,-765.6512459915975,2186.497530604769,48.94296102938961,765.6512459915975
newton,9.0,1.0,25.0,-2001.665433596706,-843.41396653249,-777.1678264753706,2170.5671139745764,81.54772056921922,777.1678264753706
newton,9.0,1.0,30.0,-1926.8783401488695,-977.1190794789966,-800.455609065016,2157.285132310412,117.22922472315759,800.455609065016
newton,9.0,1.0,35.0,-1846.682720366391,-1112.829396140784,-833.3263595642135,2151.006644846403,147.6372190252024,833.3263595642135
newton,9.0,1.0,40.0,-1755.382306381985,-1249.7255610037432,-868.2456945536971,2148.0089674750607,170.99267537465562,868.2456945536971
newton,9.0,1.0,45.0,-1656.2893929980917,-1378.6913747040728,-909.0969057119723,2146.0554816129543,196.29144117964802,909.0969057119723
newton,9.0,1.0,50.0,-1550.3091096394699,-1506.4677535637672,-966.3149117815973,2150.5407382158755,219.2668721729417,966.3149117815973
newton,9.0,1.0,55.0,-1430.0943549037834,-1641.8132420069974,-1036.2770307800351,2165.1630972622293,229.75932584125007,1036.2770307800351
newton,9.0,1.0,60.0,-1294.4011870157992,-1790.3276000976912,-1103.0965634320564,2197.6697762889276,225.8205105955683,1103.0965634320564
newton,9.0,1.0,65.0,-1147.4513700357852,-1949.362327384046,-1166.070338631437,2251.656160500556,216.1079936074549,1166.070338631437
newton,9.0,1.0,70.0,-977.9808443521651,-2104.3567185653174,-1220.1322985633078,2311.937628492163,199.26899621565758,1220.1322985633078
newton,9.0,1.0,75.0,-793.5894507322093,-2233.123283269981,-1262.633962818301,2362.427516439858,188.57371016065474,1262.633962818301
newton,9.0,1.0,80.0,-601.51260188785,-2329.842296439597,-1327.3363285324792,2398.8983239910012,187.80140484562816,1327.3363285324792
newton,9.0,1.0,85.0,-349.66158160655556,-2410.734591185913,-1410.3494469973239,2432.0360331010183,138.22164986054463,1410.3494469973239
newton,9.0,1.0,90.0,-56.88457606705197,-2493.503531904076,-1411.5548352014448,2493.503531904076,56.88457606705182,1411.5548352014448
newton,9.0,1.0,95.0,217.38294141985247,-2532.2207143790356,-1392.1361173233436,2541.5310217826054,4.141843464665044,1392.1361173233436
newton,9.0,1.0,100.0,490.7753375984738,-2522.2135500951563,-1341.7975598306316,2569.117701904003,-45.341570793298104,1341.7975598306316
newton,9.0,1.0,105.0,724.3804670992866,-2477.1954972771687,-1282.240032308128,2580.270568372564,-58.55242809299864,1282.240032308128
newton,9.0,1.0,110.0,925.2689431660951,-2405.1969635541564,-1239.9658359014893,2576.606454744972,-46.84258793430001,1239.9658359014893
newton,9.0,1.0,115.0,1113.079969122044,-2312.8279130853025,-1227.4108675720295,2566.5418694336836,-31.349731276342823,1227.4108675720295
newton,9.0,1.0,120.0,1300.472868514701,-2209.9232595669214,-1225.831698557681,2564.086117456416,-21.280911282691022,1225.831698557681
newton,9.0,1.0,125.0,1491.7003237302513,-2090.4115255917127,-1242.2985804808372,2567.969030382621,-22.918576294137893,1242.2985804808372
newton,9.0,1.0,130.0,1693.5468650871799,-1942.4840380031953,-1261.6202580920756,2576.6200444611823,-48.72749351926882,1261.6202580920756
newton,9.0,1.0,135.0,1901.784628265088,-1764.4411598521722,-1247.539474440315,2592.4131161387095,-97.11649786645353,1247.539474440315
newton,9.0,1.0,140.0,2068.8939027431547,-1577.533325073673,-1204.3708053948787,2598.883552824094,-121.39872893163692,1204.3708053948787
newton,9.0,1.0,145.0,2209.905635559816,-1378.04781829247,-1162.8205064382557,2600.664475792116,-138.71911163423033,1162.8205064382557
newton,9.0,1.0,150.0,2312.8028649633275,-1166.7484883542052,-1105.6245302548177,2586.320279180775,-145.96760173982955,1105.6245302548177
newton,9.0,1.0,155.0,2376.8397847004235,-956.1920677490666,-1051.9163652921768,2558.252634974864,-137.8915813425764,1051.9163652921768
newton,9.0,1.0,160.0,2416.1557068751767,-750.9735264058171,-1014.5981246218571,2527.2917615554643,-120.68963999346295,1014.5981246218571
newton,9.0,1.0,165.0,2442.903566754173,-540.7018172870644,-990.0572336840876,2499.6075742969724,-109.99211878584936,990.0572336840876
newton,9.0,1.0,170.0,2448.6475938328554,-330.45171087344437,-962.806679789669,2468.829472201377,-99.77178555327242,962.806679789669
newton,9.0,1.0,175.0,2437.285706904193,-132.4803827245308,-936.9225139976566,2439.5575251085997,-80.44719120214319,936.9225139976566
newton,9.0,1.0,180.0,2405.94423661528,60.79153644203325,-922.575064265402,2405.94423661528,-60.79153644203354,922.575064265402
newton,9.0,1.0,185.0,2363.5971922148683,250.4699150439091,-909.8060764377399,2376.432882790583,-43.515732554466496,909.8060764377399
newton,9.0,1.0,190.0,2311.127305635732,427.9310272722012,-907.7561700503229,2350.325531841239,-20.106748432214488,907.7561700503229
newton,9.0,1.0,195.0,2246.619932890014,609.5717768753659,-915.7375436966713,2327.8370002466067,-7.333096521950665,915.7375436966713
newton,9.0,1.0,200.0,2170.1036086470685,787.7722709691211,-918.9597449908757,2308.6643324113675,1.9553573715809307,918.9597449908757
newton,9.0,1.0,205.0,2082.760881389823,952.3822662808732,-922.8181963263365,2290.1165432272037,17.06131914852608,922.8181963263365
newton,9.0,1.0,210.0,1985.1927932574588,1103.4590496060064,-935.9608882528407,2270.9569151737514,36.9728276340951,935.9608882528407
newton,9.0,1.0,215.0,1874.4363784995812,1248.0786847131617,-955.534329490717,2251.3169156010626,52.76633213024809,955.534329490717
newton,9.0,1.0,220.0,1754.4292279387844,1386.1851566986961,-978.7264830081918,2234.99340436534,65.84593336792568,978.7264830081918
newton,9.0,1.0,225.0,1625.5050173463437,1519.432853860865,-1006.7697579895532,2223.8068951410023,75.0043460957097,1006.7697579895532
newton,9.0,1.0,230.0,1495.1087574031271,1644.3187615890465,-1039.1074118315264,2220.658634424137,88.37202914263162,1039.1074118315264
newton,9.0,1.0,235.0,1357.9257590854386,1761.6858917243621,-1081.6255935445129,2221.962817326602,101.88614580234264,1081.6255935445129
newton,9.0,1.0,240.0,1202.107302896776,1873.0112213728796,-1121.4886117569608,2223.128950730621,104.54985169696215,1121.4886117569608
newton,9.0,1.0,245.0,1046.8197005240968,1976.722062946856,-1142.4095541522554,2233.9237206473,113.34200402127374,1142.4095541522554
newton,9.0,1.0,250.0,904.0226928405351,2068.095440389677,-1175.1632828518102,2252.56799539014,142.17315455201776,1175.1632828518102
newton,9.0,1.0,255.0,741.535930759716,2160.091007492038,-1226.6916493418437,2278.4113127797714,157.19601474848105,1226.6916493418437
newton,9.0,1.0,260.0,564.4142382813551,2245.742680371871,-1272.948252286519,2309.6343068274614,165.87039381453536,1272.948252286519
newton,9.0,1.0,265.0,369.52723550317796,2320.0595320026787,-1327.4545072236183,2343.437425714053,165.9145610782879,1327.4545072236183
newton,9.0,1.0,270.0,142.16541865501495,2385.910525831001,-1385.6889304038486,2385.910525831001,142.16541865501452,1385.6889304038486
newton,9.0,1.0,275.0,-114.92710830260843,2430.5979078265746,-1423.925673770876,2431.365306455677,97.35079001945405,1423.925673770876
newton,9.0,1.0,280.0,-393.018751447512,2445.2078357880982,-1433.692688023825,2476.306624388114,37.557971196813185,1433.692688023825
newton,9.0,1.0,285.0,-659.1659692919068,2420.794653098692,-1417.4436181282022,2508.912782306721,-10.157673045629508,1417.4436181282022
newton,9.0,1.0,290.0,-901.9567962799813,2346.644904563987,-1389.978876053768,2513.612293160871,-44.962319138571615,1389.978876053768
newton,9.0,1.0,295.0,-1115.616189543614,2237.9490939969673,-1366.5869684439458,2499.750465675772,-65.29348395836053,1366.5869684439458
newton,9.0,1.0,300.0,-1311.8070933605447,2113.662607934491,-1360.5751486082318,2486.38906018081,-79.22696374761085,1360.5751486082318
newton,9.0,1.0,305.0,-1497.8951121213195,1967.7653734097764,-1360.3422096371705,2471.0563687479066,-98.3399927693024,1360.3422096371705
newton,9.0,1.0,310.0,-1678.1462145845687,1807.0757644311595,-1367.5085591675968,2462.9919416147986,-123.96867128247641,1367.5085591675968
newton,9.0,1.0,315.0,-1857.235962772149,1627.6317128427,-1354.1143433083441,2464.1735649650614,-162.3547221143649,1354.1143433083441
newton,9.0,1.0,320.0,-2014.7092765953819,1428.6377150328888,-1316.3448537423296,2461.6674677901783,-200.63017728490468,1316.3448537423296
newton,9.0,1.0,325.0,-2150.7701700977923,1209.0540315893033,-1256.1518560963832,2455.292684426247,-243.23200794260106,1256.1518560963832
newton,9.0,1.0,330.0,-2252.6215543351877,985.8351418176449,-1164.4001495123057,2443.745062075483,-272.5525004100798,1164.4001495123057
newton,9.0,1.0,335.0,-2311.5087086123563,776.0547875996946,-1060.1016909345522,2422.9132677693397,-273.54129526356576,1060.1016909345522
newton,9.0,1.0,340.0,-2336.32602071212,585.4760383724287,-967.5394507657202,2395.6729199711676,-248.9030475539097,967.5394507657202
newton,9.0,1.0,345.0,-2341.08853840613,408.8721715084954,-897.7729382569518,2367.141785874631,-210.97810989978132,897.7729382569518
newton,9.0,1.0,350.0,-2330.4761479922963,234.7887023646774,-854.8824627857716,2335.841609055249,-173.4612017866998,854.8824627857716
newton,9.0,1.0,355.0,-2307.6076226813475,55.590861204484,-821.2882380823788,2303.6715417895143,-145.74193513068985,821.2882380823788
newton,10.0,1.0,0.0,-1887.3115110675135,-68.07645387425146,-583.4535430331598,1887.3115110675135,-68.07645387425146,583.4535430331598
newton,10.0,1.0,5.0,-1851.731568636585,-195.2349509333102,-571.3356479308375,1861.7010181237724,-33.10298276815797,571.3356479308375
newton,10.0,1.0,10.0,-1814.4837592095382,-315.72730247615857,-572.8719585739746,1841.7431444989704,4.151102876826087,572.8719585739746
newton,10.0,1.0,15.0,-1772.183576248893,-437.86891660831157,-586.5310112873701,1825.1267001007664,35.7259658699262,586.5310112873701
newton,10.0,1.0,20.0,-1723.595663059462,-563.9140717036785,-603.2190788558405,1812.5200974230247,59.59854377781585,603.2190788558405
newton,10.0,1.0,25.0,-1670.631800735769,-685.2889922594325,-621.0839517093202,1803.7222529766054,84.95675758046309,621.0839517093202
newton,10.0,1.0,30.0,-1615.6121738668924,-802.4100156684755,-647.449438004768,1800.366193066368,112.89862911347677,647.449438004768
newton,10.0,1.0,35.0,-1550.5132608467275,-913.7804247919905,-683.2585528624172,1794.2290269793225,140.81276767188342,683.2585528624172
newton,10.0,1.0,40.0,-1471.0581541912925,-1028.5418189681754,-730.0764160103555,1788.029861800299,157.66920970645674,730.0764160103555
newton,10.0,1.0,45.0,-1388.0688563906715,-1151.3926699957078,-779.0790799937369,1795.6704658701497,167.35533634525018,779.0790799937369
newton,10.0,1.0,50.0,-1303.7390671379462,-1282.864265914643,-836.7379361780836,1820.7583608003783,174.11281261859347,836.7379361780836
newton,10.0,1.0,55.0,-1204.5066885686565,-1428.9916071935495,-895.0955633137992,1861.4380502946171,167.03820267114895,895.0955633137992
newton,10.0,1.0,60.0,-1082.882489034016,-1580.768104919458,-939.5444876199613,1910.4265808694436,147.41969235705244,939.5444876199613
newton,10.0,1.0,65.0,-945.5076662060839,-1726.8504919752163,-963.5412686680955,1964.646854279729,127.12240738078583,963.5412686680955
newton,10.0,1.0,70.0,-797.2103288380256,-1857.886699031819,-976.2272508266296,2018.5044122663753,113.69798813768364,976.2272508266296
newton,10.0,1.0,75.0,-645.1176715526478,-1974.2641154985001,-986.6874244746994,2073.9614368057632,112.15866679467666,986.6874244746994
newton,10.0,1.0,80.0,-485.2773155318963,-2075.2241798732516,-1025.7921971219073,2127.9643830827927,117.54596561142273,1025.7921971219073
newton,10.0,1.0,85.0,-256.16268029276563,-2166.7110173877168,-1065.693757286138,2180.7920764837622,66.34659591666349,1065.693757286138
newton,10.0,1.0,90.0,-18.42832621364505,-2199.705193526359,-1040.28540788166,2199.705193526359,18.428326213644915,1040.28540788166
newton,10.0,1.0,95.0,211.31950807066377,-2191.969478136279,-1015.5333657017441,2202.0460811812604,-19.47264559618685,1015.5333657017441
newton,10.0,1.0,100.0,430.9683197623048,-2162.54047293559,-966.2735915435286,2204.523487308559,-48.89973034831536,966.2735915435286
newton,10.0,1.0,105.0,616.6001984936796,-2114.887299884206,-926.5078441335189,2202.4121372330674,-48.21694476453206,926.5078441335189
newton,10.0,1.0,110.0,783.2879848650986,-2052.8207191136516,-901.801084790897,2196.9207503963557,-33.943902754843975,901.801084790897
newton,10.0,1.0,115.0,942.2619566666433,-1975.9964270606647,-905.2359994762166,2189.0780592325254,-18.88717354515859,905.2359994762166
newton,10.0,1.0,120.0,1114.6946025619525,-1882.8327488962564,-913.4304926582104,2187.928292902421,-23.937468831921592,913.4304926582104
newton,10.0,1.0,125.0,1290.0644757939288,-1783.8383690561739,-923.8692317881415,2201.185431382468,-33.59129786170058,923.8692317881415
newton,10.0,1.0,130.0,1476.9033826013597,-1658.6634312856288,-917.0675353028533,2219.9450995813054,-65.20532699483056,917.0675353028533
newton,10.0,1.0,135.0,1634.8182789683497,-1508.0089479751828,-891.8271482695902,2222.3144442694843,-89.66773786299791,891.8271482695902
newton,10.0,1.0,140.0,1763.9583332798552,-1341.3753936306384,-850.0801247944082,2213.489962066626,-106.29739420832811,850.0801247944082
newton,10.0,1.0,145.0,1859.491233380575,-1172.0686252534256,-806.5699601492514,2195.4769903928864,-106.45794464510948,806.5699601492514
newton,10.0,1.0,150.0,1924.1709086282667,-998.3385949381329,-773.0485123022827,2165.5501855641314,-97.49886951924748,773.0485123022827
newton,10.0,1.0,155.0,1968.0055632933936,-825.9944241677351,-752.8077882125431,2132.6990946935293,-83.10991158300817,752.8077882125431
newton,10.0,1.0,160.0,1999.9508443607954,-647.5144314341279,-740.9466718077705,2100.8020290249256,-75.5589413615387,740.9466718077705
newton,10.0,1.0,165.0,2019.4884783302891,-471.05463116705573,-724.641694361158,2072.593986942215,-67.67824571965804,724.641694361158
newton,10.0,1.0,170.0,2026.0076358328809,-299.32376947991173,-709.493810776199,2047.2050545327381,-57.03616505700944,709.493810776199
newton,10.0,1.0,175.0,2014.2391732928918,-138.68869118420363,-698.803994538427,2018.6619010139393,-37.39157237678393,698.803994538427
newton,10.0,1.0,180.0,1989.538491544925,18.375495706728543,-708.3395352279185,1989.538491544925,-18.37549570672879,708.3395352279185
newton,10.0,1.0,185.0,1956.8003994982325,180.706654624945,-714.3034151309043,1965.1038059072305,-9.472619020084181,714.3034151309043
newton,10.0,1.0,190.0,1916.3412897688165,331.21552691021043,-722.4993827778815,1944.742732244695,6.585553937051316,722.4993827778815
newton,10.0,1.0,195.0,1864.5202147720097,484.46627980572686,-740.2053826746496,1926.3773290100135,14.61484993110082,740.2053826746496
newton,10.0,1.0,200.0,1803.727744977399,635.4813566306609,-748.6661644473392,1912.2970765376779,19.754080384804865,748.6661644473392
newton,10.0,1.0,205.0,1736.8789334182636,777.0815050078955,-758.4998495438459,1902.5557373741667,29.76173654445097,758.4998495438459
newton,10.0,1.0,210.0,1665.7518130727435,904.8860264958998,-772.7534416400952,1895.0263997689335,49.22162006136409,772.7534416400952
newton,10.0,1.0,215.0,1581.6740917586685,1027.438266707089,-807.1764578139192,1884.9459452515955,65.58283246586439,807.1764578139192
newton,10.0,1.0,220.0,1482.656130515944,1154.000124812921,-845.9248251714994,1877.5574716444905,69.01760714989189,845.9248251714994
newton,10.0,1.0,225.0,1378.1297799017032,1293.8629653320854,-880.8826042677414,1889.3841894360712,59.585636011165775,880.8826042677414
newton,10.0,1.0,230.0,1277.4257535051386,1429.920743367888,-899.22169532778,1916.4962862051234,59.42956329904018,899.22169532778
newton,10.0,1.0,235.0,1176.6071077117028,1554.8343624134347,-920.4525161095212,1948.519858328326,72.00376489774987,920.4525161095212
newton,10.0,1.0,240.0,1056.55693617212,1672.8056428151883,-951.9685081683608,1976.9706503579712,78.60232586211453,951.9685081683608
newton,10.0,1.0,245.0,916.3145337584069,1776.5589449052281,-963.2451422405137,1997.3604613619405,79.65674414436353,963.2451422405137
newton,10.0,1.0,250.0,784.6570464870251,1863.0146432581773,-978.0607180751589,2019.029628186789,100.14790112654191,978.0607180751589
newton,10.0,1.0,255.0,632.2463433723533,1945.9558467125091,-1002.0284674455529,2043.2864040190168,107.05263758238368,1002.0284674455529
newton,10.0,1.0,260.0,475.77052382582417,2011.8867713402938,-1027.3565564783858,2063.938375048616,119.18202900290487,1027.3565564783858
newton,10.0,1.0,265.0,292.8693631421604,2066.6377537260482,-1068.2113686437829,2084.2988200108125,111.63555837938054,1068.2113686437829
newton,10.0,1.0,270.0,87.23846479185246,2114.770528540117,-1099.7879538711277,2114.770528540117,87.23846479185208,1099.7879538711277
newton,10.0,1.0,275.0,-142.4882398131673,2138.4300005134073,-1119.4186009003306,2142.7112971255083,44.43042596631804,1119.4186009003306
newton,10.0,1.0,280.0,-379.40005410398135,2135.997570825977,-1100.1143860619604,2169.4290961665565,-2.724029099931954,1100.1143860619604
newton,10.0,1.0,285.0,-582.6825271816479,2101.8289127560574,-1072.8290978076311,2181.0201645552265,-18.83474936374455,1072.8290978076311
newton,10.0,1.0,290.0,-770.6243295419715,2036.0456659487484,-1071.8638304666122,2176.8261315153622,-27.781365383280672,1071.8638304666122
newton,10.0,1.0,295.0,-971.0031022721784,1949.572466882838,-1073.621479575873,2177.276351355262,-56.102745734467135,1073.621479575873
newton,10.0,1.0,300.0,-1155.7374829215537,1861.3981935462884,-1063.153018822365,2189.886863630326,-70.19892354280478,1063.153018822365
newton,10.0,1.0,305.0,-1339.5117390363466,1750.925330919705,-1066.1883970371116,2202.586433947116,-92.97426775502538,1066.1883970371116
newton,10.0,1.0,310.0,-1518.7757970541202,1620.185174035738,-1036.933970333592,2217.384113632018,-122.01480440890396,1036.933970333592
newton,10.0,1.0,315.0,-1661.6854788047126,1470.6186660534388,-1014.8553562326921,2214.8735015679285,-135.10463895612656,1014.8553562326921
newton,10.0,1.0,320.0,-1788.2365976305364,1286.8937143016692,-986.6999187601806,2197.068043133462,-163.6385494193877,986.6999187601806
newton,10.0,1.0,325.0,-1883.9769153165328,1085.9751700835693,-929.8417812654425,2166.1533095970613,-191.025984633853,929.8417812654425
newton,10.0,1.0,330.0,-1937.9843829206475,880.164373980733,-851.2615660487354,2118.4258947371563,-206.74748408698292,851.2615660487354
newton,10.0,1.0,335.0,-1955.1283835740398,691.2445733956067,-773.0551279483183,2064.0806587356733,-199.79261933069824,773.0551279483183
newton,10.0,1.0,340.0,-1954.6232568228656,518.2577953979982,-706.7369263921267,2013.9996563146349,-181.51750044596963,706.7369263921267
newton,10.0,1.0,345.0,-1946.6677455081,364.9653080200138,-657.6753891481551,1974.7966231074765,-151.305270308207,657.6753891481551
newton,10.0,1.0,350.0,-1935.0294387088356,217.89087045293644,-629.2340297647231,1943.468346131736,-121.43371723102203,629.2340297647231
newton,10.0,1.0,355.0,-1917.7351637449274,69.06024279343053,-606.0976633407728,1916.4565992217972,-98.34418486974711,606.0976633407728
newton,11.0,1.0,0.0,-1575.2010735562217,-35.13051378889941,-468.68155271033174,1575.2010735562217,-35.13051378889941,468.68155271033174
newton,11.0,1.0,5.0,-1547.0285882975077,-144.0379301213319,-467.3866581647304,1553.695410241895,-8.657396646049818,467.3866581647304
newton,11.0,1.0,10.0,-1518.2232112760994,-247.60474810526694,-473.66027142720645,1538.1541025579531,19.793618313027935,473.66027142720645
newton,11.0,1.0,15.0,-1487.6352136381915,-352.8979661852704,-492.0930257822462,1528.281987576878,44.155065871482236,492.0930257822462
newton,11.0,1.0,20.0,-1452.1956783682144,-461.03789436871995,-513.8667229833469,1522.3018096103517,63.446266811454166,513.8667229833469
newton,11.0,1.0,25.0,-1410.0102449842934,-569.9901670059392,-537.2967967500921,1518.7915184200606,79.30955188003657,537.2967967500921
newton,11.0,1.0,30.0,-1369.8332471566441,-673.1206128214549,-559.1467861119085,1522.870697396909,101.97707306399263,559.1467861119085
newton,11.0,1.0,35.0,-1327.157643122986,-771.5279977442766,-603.3988976336728,1529.6741759491742,129.2276148401188,603.3988976336728
newton,11.0,1.0,40.0,-1269.4196312700662,-884.2587829265665,-664.3998960464278,1540.8224439422725,138.58568353320697,664.3998960464278
newton,11.0,1.0,45.0,-1193.3017899842457,-1017.8541533664192,-712.5903407918648,1563.523361804193,124.0602135956184,712.5903407918648
newton,11.0,1.0,50.0,-1119.9916152135713,-1159.6966463193535,-741.8218064632836,1608.2959048287535,112.52471792509164,741.8218064632836
newton,11.0,1.0,55.0,-1034.2130048819554,-1297.3800317996606,-767.8692788416706,1655.9517150365082,103.03108194665867,767.8692788416706
newton,11.0,1.0,60.0,-920.0915699664383,-1431.5553037851073,-785.6683816535673,1699.8090449834713,81.045021506289,785.6683816535673
newton,11.0,1.0,65.0,-795.765522560601,-1554.0155486657748,-775.7274791758377,1744.7214348295643,64.45313985681253,775.7274791758377
newton,11.0,1.0,70.0,-663.2682644896856,-1657.314765215284,-767.5411636565995,1784.2175620764624,56.4332602077551,767.5411636565995
newton,11.0,1.0,75.0,-521.4428371808307,-1740.8406935851003,-751.787374330562,1816.4823225835148,53.112377377104394,751.787374330562
newton,11.0,1.0,80.0,-378.69066843278847,-1812.8225418830789,-754.5857135670544,1851.0406385545798,58.14417543445626,754.5857135670544
newton,11.0,1.0,85.0,-196.62979459883488,-1867.3367179816632,-755.3213541401137,1877.3683537999548,33.132440250562155,755.3213541401137
newton,11.0,1.0,90.0,-18.816952934488654,-1882.001478197344,-748.7060351139226,1882.001478197344,18.81695293448854,748.7060351139226
newton,11.0,1.0,95.0,175.00842686994588,-1868.5137777909258,-752.5013971341455,1876.6565081776475,-11.490760831616086,752.5013971341455
newton,11.0,1.0,100.0,366.79748330258667,-1833.4112853093113,-720.240568618132,1869.2513627809976,-42.856476733806915,720.240568618132
newton,11.0,1.0,105.0,524.0308425377506,-1791.8220394791756,-679.4572179796877,1866.3963463167763,-42.417255327581756,679.4572179796877
newton,11.0,1.0,110.0,657.3772143740198,-1740.2103181280295,-662.7976771921649,1860.0990436396385,-22.545534997106415,662.7976771921649
newton,11.0,1.0,115.0,798.4366498305856,-1677.9134463094747,-675.4853210035676,1858.1399314252485,-14.512489166258206,675.4853210035676
newton,11.0,1.0,120.0,956.4374215609419,-1598.3162996091428,-681.2089808649761,1862.4012295247285,-29.14095439729101,681.2089808649761
newton,11.0,1.0,125.0,1110.1028579120446,-1504.146169730397,-675.4889152513266,1868.8532510684136,-46.600225644666466,675.4889152513266
newton,11.0,1.0,130.0,1256.6540144989874,-1394.678028688565,-654.3390985644983,1876.1469839998038,-66.1710683870474,654.3390985644983
newton,11.0,1.0,135.0,1378.3362122027636,-1273.4185915495148,-629.0192230253946,1875.0738037772385,-74.18796102987017,629.0192230253946
newton,11.0,1.0,140.0,1473.642805359118,-1135.5395803154163,-603.1999885965287,1858.7866547230167,-77.36555094627295,603.1999885965287
newton,11.0,1.0,145.0,1541.7786658130876,-995.8003128791706,-580.4430548773962,1834.1187407204366,-68.61605078055061,580.4430548773962
newton,11.0,1.0,150.0,1594.6259641556162,-853.7971597678162,-570.9399746873861,1807.8851743769255,-57.90295203987807,570.9399746873861
newton,11.0,1.0,155.0,1638.2562334833074,-711.3057150329234,-565.3091393733959,1785.375166420693,-47.695093182570076,565.3091393733959
newton,11.0,1.0,160.0,1670.490416442991,-567.5433637756964,-566.415789586776,1763.8587800471535,-38.0250607399538,566.415789586776
newton,11.0,1.0,165.0,1686.5932757424669,-418.0191663055952,-574.1397430497617,1737.3153249428944,-32.74695248559874,574.1397430497617
newton,11.0,1.0,170.0,1688.4427504626956,-271.6760224762545,-565.5552625367533,1709.967557391721,-25.646353470652286,565.5552625367533
newton,11.0,1.0,175.0,1683.5008160018747,-137.04137396115937,-568.9682206829103,1689.0385298689393,-10.206873875616878,568.9682206829103
newton,11.0,1.0,180.0,1677.3619340825826,-2.558105382602662,-586.028273639502,1677.3619340825826,2.5581053826024562,586.028273639502
newton,11.0,1.0,185.0,1659.9231830669507,135.78424884491645,-599.71206206069,1665.4410512723819,9.404289140580715,599.71206206069
newton,11.0,1.0,190.0,1635.370660066666,267.6475553252293,-616.8034326684585,1657.0022153215798,20.397747371492073,616.8034326684585
newton,11.0,1.0,195.0,1601.7033749928996,402.6783932143229,-640.1712537136651,1651.3474931751546,25.59387835884786,640.1712537136651
newton,11.0,1.0,200.0,1554.221417952542,538.9956577980852,-652.0187717133336,1644.8377696494292,25.08478985944504,652.0187717133336
newton,11.0,1.0,205.0,1500.2336256188182,664.2108964237132,-660.3453981147782,1640.3810717483825,32.04661940056701,660.3453981147782
newton,11.0,1.0,210.0,1445.0361675892218,778.8356341899344,-678.9891471667482,1640.8558476145408,48.02663921356384,678.9891471667482
newton,11.0,1.0,215.0,1383.7040320079407,892.9681094706953,-717.1815987346453,1645.6494525155574,62.18337528589234,717.1815987346453
newton,11.0,1.0,220.0,1304.4610827931012,1029.1601646895904,-770.9187922798542,1660.8065659840472,50.108996097819386,770.9187922798542
newton,11.0,1.0,225.0,1214.5275179207067,1188.582219206974,-777.3754787115824,1699.2551910584048,18.346096660390685,777.3754787115824
newton,11.0,1.0,230.0,1128.8605797222717,1316.069354270567,-762.6855705246181,1733.7852093071897,18.804299739029034,762.6855705246181
newton,11.0,1.0,235.0,1036.681675403244,1424.40085275113,-748.7100436671872,1761.417051426296,32.19714862711942,748.7100436671872
newton,11.0,1.0,240.0,931.6629755007583,1522.4361033700904,-747.8825253177383,1784.2998289074694,45.62575286400977,747.8825253177383
newton,11.0,1.0,245.0,812.2960893717132,1605.7021347495286,-749.0051183098425,1798.5515096939112,57.59122611582677,749.0051183098425
newton,11.0,1.0,250.0,685.0184787278649,1677.1404838561655,-758.4561568089363,1810.2866549761825,70.09098089679662,758.4561568089363
newton,11.0,1.0,255.0,551.3318497439442,1740.5983387630938,-774.2604205276098,1823.9840714924549,82.04567257770208,774.2604205276098
newton,11.0,1.0,260.0,408.64939921295576,1793.028742672537,-809.5928155061654,1836.7498306356613,91.08492293918636,809.5928155061654
newton,11.0,1.0,265.0,237.9528836222522,1847.3137076526552,-850.8814954605884,1861.0230815868244,76.0434027817322,850.8814954605884
newton,11.0,1.0,270.0,47.99427387784887,1892.3695368240149,-868.2464741652948,1892.3695368240149,47.99427387784852,868.2464741652948
newton,11.0,1.0,275.0,-146.33746550297096,1908.6799415351989,-874.9063152831435,1914.1709886091492,20.571810705813107,874.9063152831435
newton,11.0,1.0,280.0,-346.65688545915793,1887.4742669656828,-854.736823235395,1918.995628154515,-13.633921583428446,854.736823235395
newton,11.0,1.0,285.0,-518.8673686703216,1849.8167443125274,-831.3165744634628,1921.0785241275423,-22.419588439693882,831.3165744634628
newton,11.0,1.0,290.0,-683.7593466286152,1797.536212486195,-822.6348997287989,1922.9909842029126,-27.730019392695112,822.6348997287989
newton,11.0,1.0,295.0,-866.2247751175348,1720.6909650008067,-814.3257392386874,1925.5580294007395,-57.87083439152468,814.3257392386874
newton,11.0,1.0,300.0,-1034.4306727869143,1633.2294226160934,-782.9087223524804,1931.633506587185,-79.22852977924902,782.9087223524804
newton,11.0,1.0,305.0,-1187.8842027827463,1533.689101206669,-760.7925086814682,1937.6669503870203,-93.36984394752596,760.7925086814682
newton,11.0,1.0,310.0,-1330.844070384827,1408.747142627514,-724.6496107806253,1934.6129992377132,-113.9604963138571,724.6496107806253
newton,11.0,1.0,315.0,-1450.5435779756974,1285.9470702606654,-688.7173901534564,1934.9910940215034,-116.38730676492344,688.7173901534564
newton,11.0,1.0,320.0,-1548.066729265879,1141.1048827688358,-660.2307708401623,1919.3759955281166,-120.94105807907454,660.2307708401623
newton,11.0,1.0,325.0,-1606.9949861504062,976.3952288747944,-630.1312177689605,1876.410523915434,-121.9183096233437,630.1312177689605
newton,11.0,1.0,330.0,-1633.6295622899206,803.3180535760105,-604.4895718811283,1816.4237281043295,-121.1209394294674,604.4895718811283
newton,11.0,1.0,335.0,-1636.816497262623,632.843205469841,-579.0129434007299,1750.910632869245,-118.19781777107812,579.0129434007299
newton,11.0,1.0,340.0,-1630.663923768997,470.71131406294785,-550.396474510254,1693.3156072483448,-115.39596057807915,550.396474510254
newton,11.0,1.0,345.0,-1622.3806295867269,329.2503304318346,-518.5055856106504,1652.3156063109948,-101.87160786414438,518.5055856106504
newton,11.0,1.0,350.0,-1614.1230636366079,200.91459859919502,-498.11539634198806,1624.489361298582,-82.4272741368367,498.11539634198806
newton,11.0,1.0,355.0,-1598.7744376997111,77.76212424368605,-479.9158570392166,1599.468033977158,-61.87615771977649,479.9158570392166
newton,12.0,1.0,0.0,-1337.0262378096959,-10.361570468521677,-415.3786793971667,1337.0262378096959,-10.361570468521677,415.3786793971667
newton,12.0,1.0,5.0,-1315.086134165774,-107.2424847944113,-422.6240453141903,1319.4286328062751,7.782914037987297,422.6240453141903
newton,12.0,1.0,10.0,-1293.093836058782,-198.61848993636033,-436.81529052948565,1307.938573951392,28.942359403042985,436.81529052948565
newton,12.0,1.0,15.0,-1270.3666115156395,-295.8485069036401,-456.5234751926312,1303.6511469700947,43.0273598353171,456.5234751926312
newton,12.0,1.0,20.0,-1249.533459337124,-393.8511682262457,-475.77892401261624,1308.8824041699072,57.26657638258922,475.77892401261624
newton,12.0,1.0,25.0,-1224.7401361521688,-495.4579254075218,-501.0100273605603,1319.3810896924174,68.56017147883648,501.0100273605603
newton,12.0,1.0,30.0,-1194.5113350302174,-595.0353293993194,-518.735635420706,1331.9948259442926,81.93995610605657,518.735635420706
newton,12.0,1.0,35.0,-1164.4615484827593,-691.4589953515439,-550.8201923049495,1350.4756443721903,101.49765566233225,550.8201923049495
newton,12.0,1.0,40.0,-1121.3116428111052,-805.0548264128188,-595.556624026479,1376.453820516567,104.0574544165836,595.556624026479
newton,12.0,1.0,45.0,-1052.9853399827448,-938.9239715241229,-632.5934348893722,1408.4925816751334,80.65356710850892,632.5934348893722
newton,12.0,1.0,50.0,-974.7023749393529,-1073.4563947883698,-631.2112456132993,1448.8419159012224,56.660867908415526,631.2112456132993
newton,12.0,1.0,55.0,-900.8912814540294,-1188.582523713781,-626.2582749274552,1490.3598148624421,56.22400662431437,626.2582749274552
newton,12.0,1.0,60.0,-796.0829194831603,-1296.184161365799,-630.1761331573123,1520.5698714673902,41.33595110839906,630.1761331573123
newton,12.0,1.0,65.0,-676.4991413248123,-1388.7120614364528,-605.9935714115236,1544.5014464073438,26.221362243667386,605.9935714115236
newton,12.0,1.0,70.0,-561.0928402187501,-1461.4876544442843,-587.1517091938763,1565.254217881623,27.396584487636517,587.1517091938763
newton,12.0,1.0,75.0,-437.28871239557844,-1516.861698541526,-577.9607258795395,1578.3545365062976,29.79576447847643,577.9607258795395
newton,12.0,1.0,80.0,-310.00905940814835,-1561.688071675759,-575.8967416519104,1591.7950289994365,34.115037478488546,575.8967416519104
newton,12.0,1.0,85.0,-162.2789775482272,-1589.85565458496,-576.7570507917638,1597.949318649265,23.096406608376952,576.7570507917638
newton,12.0,1.0,90.0,-18.84560485019756,-1596.0701277454937,-575.9854550412565,1596.0701277454937,18.84560485019746,575.9854550412565
newton,12.0,1.0,95.0,146.6997085568526,-1588.662525753231,-579.9527947835145,1595.4029072725473,-7.680409468547282,579.9527947835145
newton,12.0,1.0,100.0,308.079328183427,-1560.5623978345325,-556.3998717184055,1590.3513623626736,-32.41009441832966,556.3998717184055
newton,12.0,1.0,105.0,438.5012302453679,-1518.205082626157,-527.4795148069754,1579.9659686003208,-30.619273398434245,527.4795148069754
newton,12.0,1.0,110.0,554.8449236405565,-1472.9160051617432,-520.3320686917796,1573.8564413950119,-17.61673723346098,520.3320686917796
newton,12.0,1.0,115.0,680.7985218601225,-1421.8239915111903,-529.5672389471337,1576.328043206286,-16.12421797118793,529.5672389471337
newton,12.0,1.0,120.0,817.6269867068216,-1353.4525174094777,-528.945923961413,1580.9377562460186,-31.35948260309067,528.945923961413
newton,12.0,1.0,125.0,949.1562177462106,-1272.390640000333,-519.6463084776692,1586.6950348057603,-47.68996717859784,519.6463084776692
newton,12.0,1.0,130.0,1069.727273449918,-1176.0731990316579,-494.5356950186921,1588.531775936733,-63.493353057164086,494.5356950186921
newton,12.0,1.0,135.0,1159.4932344507542,-1078.1653764248267,-467.72318549744165,1582.2635777305932,-57.507479909510266,467.72318549744165
newton,12.0,1.0,140.0,1230.9855088990287,-967.0959737798012,-454.2363946045816,1564.6269179754827,-50.42373614722146,454.2363946045816
newton,12.0,1.0,145.0,1287.5798548877026,-852.556266414886,-446.94694011519925,1543.7298553955884,-40.15225617874103,446.94694011519925
newton,12.0,1.0,150.0,1338.150365872858,-734.304751492831,-453.3255197679058,1526.0245866757516,-33.148614024018,453.3255197679058
newton,12.0,1.0,155.0,1385.1704379818275,-612.7722197091655,-451.56668781786095,1514.3594846523747,-30.038088312333684,451.56668781786095
newton,12.0,1.0,160.0,1415.3723995344883,-497.96769063461375,-458.396965619537,1500.329980429006,-16.14930666883498,458.396965619537
newton,12.0,1.0,165.0,1439.3153465770083,-376.27104406743365,-470.0266932146327,1487.657977758195,-9.072304452979154,470.0266932146327
newton,12.0,1.0,170.0,1448.0337100336742,-252.79579572296305,-484.0124673397339,1469.932353513348,-2.4931553907672708,484.0124673397339
newton,12.0,1.0,175.0,1453.9151546847509,-128.58858601411202,-496.85881060867973,1459.5898022951199,1.382212423746978,496.85881060867973
newton,12.0,1.0,180.0,1453.0819905597018,-9.023443887635949,-511.34977383178193,1453.0819905597018,9.023443887635771,511.34977383178193
newton,12.0,1.0,185.0,1450.1051495207575,115.39703832758117,-529.3315419929395,1454.644576214437,11.42707361125889,529.3315419929395
newton,12.0,1.0,190.0,1442.0514055271542,236.03546411476114,-536.4413645894634,1461.1305326135894,17.96004362577449,536.4413645894634
newton,12.0,1.0,195.0,1418.3146693337642,350.1786298343021,-552.7485025751897,1460.619667503146,28.84026600039033,552.7485025751897
newton,12.0,1.0,200.0,1376.057350785682,469.5272446927846,-572.2295746397631,1453.6587138366442,29.4280452443096,572.2295746397631
newton,12.0,1.0,205.0,1331.4202827192225,593.1735157579603,-589.3903586155895,1457.362530187218,25.08474913376176,589.3903586155895
newton,12.0,1.0,210.0,1293.9166553631408,709.871681115769,-603.2172091656146,1475.5005344821589,32.19141840814848,603.2172091656146
newton,12.0,1.0,215.0,1254.99374114061,832.4565843754142,-633.3597830088293,1505.5081697082344,37.92632481334624,633.3597830088293
newton,12.0,1.0,220.0,1187.2360634716615,987.1796787461308,-648.8930113972702,1544.0224551252677,6.917124109154429,648.8930113972702
newton,12.0,1.0,225.0,1100.6494211321242,1114.710388820353,-618.7577649580923,1566.495944385538,-9.942605602391836,618.7577649580923
newton,12.0,1.0,230.0,1014.8759445130825,1211.3091436733641,-587.8504284352365,1580.2663209121215,-1.1744313038798282,587.8504284352365
newton,12.0,1.0,235.0,923.1489572485425,1291.934619321868,-571.2898031465684,1587.787373625032,15.176100564211765,571.2898031465684
newton,12.0,1.0,240.0,823.3712027435647,1362.1291180651035,-563.7208956884103,1591.324020850655,31.995819287922018,563.7208956884103
newton,12.0,1.0,245.0,715.1405050405101,1424.985778694556,-568.3972732889315,1593.707144787947,45.91239574642714,568.3972732889315
newton,12.0,1.0,250.0,598.3799799951746,1484.8168407511,-581.0478974380056,1599.9294349936144,54.45598294142752,581.0478974380056
newton,12.0,1.0,255.0,478.03924905761284,1540.9998031211883,-603.2413443104953,1612.2171701037428,62.91035909758216,603.2413443104953
newton,12.0,1.0,260.0,339.1053592170607,1608.0417231722436,-630.6279045085785,1642.4969838122686,54.720072003700636,630.6279045085785
newton,12.0,1.0,265.0,187.0828722466009,1665.4811065742242,-642.2544427813098,1675.4487948272335,41.21472256017091,642.2544427813098
newton,12.0,1.0,270.0,21.08339528206907,1692.72247842513,-634.9368996369012,1692.72247842513,21.083395282068757,634.9368996369012
newton,12.0,1.0,275.0,-137.33300169327256,1699.2633621363777,-628.8187186787616,1704.7665117881556,11.290152291015517,628.8187186787616
newton,12.0,1.0,280.0,-301.9466654125181,1673.732409513055,-620.2625613306034,1700.7371415577506,-6.718834280409226,620.2625613306034
newton,12.0,1.0,285.0,-453.135588369149,1628.9892563203293,-604.9088969504196,1690.7629137109009,-16.08192381336113,604.9088969504196
newton,12.0,1.0,290.0,-594.4341912658198,1574.0091125234842,-603.3656604037294,1682.3932153825083,-20.242600814138882,603.3656604037294
newton,12.0,1.0,295.0,-756.1567647085541,1496.6439147835626,-602.0022152991218,1675.9856918939593,-52.801714365177304,602.0022152991218
newton,12.0,1.0,300.0,-898.5559776086193,1409.0872985844292,-567.9067986070908,1669.5833855284136,-73.6286540392108,567.9067986070908
newton,12.0,1.0,305.0,-1018.6317102415786,1315.042302858643,-541.5903129423891,1661.4827370276969,-80.1369700974476,541.5903129423891
newton,12.0,1.0,310.0,-1135.51980156019,1200.7851126901314,-511.7434122039737,1649.752821952879,-98.00884170347706,511.7434122039737
newton,12.0,1.0,315.0,-1221.2368411717405,1086.696006777777,-468.26226760877387,1631.954967308285,-95.13473634646823,468.26226760877387
newton,12.0,1.0,320.0,-1284.7080654296026,969.8370720446474,-444.3544792649122,1607.5427278774505,-82.8561267519309,444.3544792649122
newton,12.0,1.0,325.0,-1331.3954402279805,848.3324430741693,-437.36364698410864,1577.1987961592513,-68.74379699911754,437.36364698410864
newton,12.0,1.0,330.0,-1361.4748382980276,718.927075517902,-442.08917703265143,1538.5353343383538,-58.1283082820579,442.08917703265143
newton,12.0,1.0,335.0,-1375.2820419647485,581.5570115888924,-454.34945458539084,1492.20543734513,-54.1496577695649,454.34945458539084
newton,12.0,1.0,340.0,-1381.6659104640169,438.5136218548601,-460.6988071991649,1448.3217522515376,-60.48955815397915,460.6988071991649
newton,12.0,1.0,345.0,-1383.138221263731,303.2672954177411,-447.8074911605555,1414.5002810570054,-65.04880075944527,447.8074911605555
newton,12.0,1.0,350.0,-1375.4341215468112,190.97297165919989,-426.9344675657499,1387.7002951690936,-50.76996560175826,426.9344675657499
newton,12.0,1.0,355.0,-1357.928818711225,85.23127309432967,-418.0107140202239,1360.1898844979744,-33.44435242504622,418.0107140202239
newton,13.0,1.0,0.0,-1172.454618023694,6.682735999187571,-393.4986752575205,1172.454618023694,6.682735999187571,393.4986752575205
newton,13.0,1.0,5.0,-1158.097399715918,-85.63339293742915,-411.6876740996992,1161.1539314362983,15.627307022498357,411.6876740996992
newton,13.0,1.0,10.0,-1150.7672726767191,-173.83852409954036,-425.5666767003887,1163.4712749629405,28.63111351362886,425.5666767003887
newton,13.0,1.0,15.0,-1138.3825122993346,-268.04992092491415,-446.0876443082075,1168.9694933993526,35.71873343860523,446.0876443082075
newton,13.0,1.0,20.0,-1117.5964601485239,-360.2919764865494,-457.9986820720394,1173.4242600550385,43.676789847477664,457.9986820720394
newton,13.0,1.0,25.0,-1099.0222151481476,-457.7135418603262,-465.5287803316327,1189.4904931512244,49.637510960183874,465.5287803316327
newton,13.0,1.0,30.0,-1073.9512813352758,-547.7084582305456,-479.4374440205254,1203.9233211784704,62.64620197237713,479.4374440205254
newton,13.0,1.0,35.0,-1042.7861308664728,-636.4024157404364,-505.7893137476731,1219.2258205610756,76.80721297445575,505.7893137476731
newton,13.0,1.0,40.0,-996.3070255590552,-749.2839403944274,-538.132289173087,1244.845893592557,66.42901261556813,538.132289173087
newton,13.0,1.0,45.0,-938.48918477143,-877.5243508374825,-551.7065252115075,1284.1154857556198,43.108647488605925,551.7065252115075
newton,13.0,1.0,50.0,-861.7964976655014,-992.7028556574667,-534.7502483119938,1314.4066170153822,22.07732241898998,534.7502483119938
newton,13.0,1.0,55.0,-787.9622887979787,-1081.803405915726,-509.7407196396216,1338.1180730624194,24.96397729393084,509.7407196396216
newton,13.0,1.0,60.0,-696.8208940979999,-1160.7706410272865,-503.64280970117494,1353.6673101457775,23.07927566301055,503.64280970117494
newton,13.0,1.0,65.0,-585.1104171265441,-1227.637924792799,-483.5997798583246,1359.8961583136224,11.467921495157157,483.5997798583246
newton,13.0,1.0,70.0,-481.60591599632914,-1277.2914980714609,-463.19551596984286,1364.9803197458846,15.702104149529248,463.19551596984286
newton,13.0,1.0,75.0,-372.6199092952281,-1320.5906275602633,-458.7421150123939,1372.0337222257256,18.12918858126494,458.7421150123939
newton,13.0,1.0,80.0,-263.03346837560883,-1361.3510183818785,-456.56784011717656,1386.3443199223755,22.64127545095792,456.56784011717656
newton,13.0,1.0,85.0,-145.53136367461377,-1383.5497506899958,-463.0979939415147,1390.9688202776706,24.393266748988054,463.0979939415147
newton,13.0,1.0,90.0,-22.966089267109055,-1386.6064568004367,-476.8260088559182,1386.6064568004367,22.96608926710897,476.8260088559182
newton,13.0,1.0,95.0,127.46442709400297,-1374.635244676162,-485.07566547619706,1380.5135993737247,-7.172030709487785,485.07566547619706
newton,13.0,1.0,100.0,261.0506398064566,-1350.5589777876826,-465.2486515119108,1375.3719201067297,-22.562588685652514,465.2486515119108
newton,13.0,1.0,105.0,373.4818578413291,-1316.209735065965,-445.00949230367996,1368.0251937229164,-20.095625354947117,445.00949230367996
newton,13.0,1.0,110.0,483.74551854864796,-1275.6712805918871,-442.04025477671405,1364.189600507865,-18.266819893940692,442.04025477671405
newton,13.0,1.0,115.0,591.1346127509478,-1227.7346149478487,-437.8743919030885,1362.5297244372455,-16.88683387493188,437.8743919030885
newton,13.0,1.0,120.0,707.683041001176,-1162.7369939716066,-432.26632081595403,1360.8012951999528,-31.502994348639845,432.26632081595403
newton,13.0,1.0,125.0,820.2351855239873,-1087.9552729233528,-414.68403984399725,1361.66836059274,-47.87182066702803,414.68403984399725
newton,13.0,1.0,130.0,913.951957491731,-1006.3286493458088,-387.4341299125557,1358.3694639072269,-53.27223124217687,387.4341299125557
newton,13.0,1.0,135.0,982.4142698321726,-923.4367587538388,-367.0444651619374,1347.6401862445255,-41.703398020994655,367.0444651619374
newton,13.0,1.0,140.0,1034.6688280632088,-835.6000408076545,-368.9849629406267,1329.7156590909735,-24.96553487722815,368.9849629406267
newton,13.0,1.0,145.0,1089.5769304901123,-731.2941917157511,-377.54035993556255,1311.9822864296393,-25.914520800206446,377.54035993556255
newton,13.0,1.0,150.0,1145.8270779243853,-633.1021040073188,-380.31318898299946,1308.8664098302686,-24.631033702476657,380.31318898299946
newton,13.0,1.0,155.0,1194.8306030189667,-534.5021131976328,-381.0409921344118,1308.7746336820999,-20.533805143908012,381.0409921344118
newton,13.0,1.0,160.0,1230.314056485247,-439.48245725446674,-389.66490660501944,1306.4288931476535,-7.813767887788458,389.66490660501944
newton,13.0,1.0,165.0,1255.600368810466,-338.01705821735015,-400.6687525882759,1300.302075968286,1.5261177724959794,400.6687525882759
newton,13.0,1.0,170.0,1274.5606427016614,-229.36355449480817,-421.30119817998013,1295.025765878052,4.553873793790217,421.30119817998013
newton,13.0,1.0,175.0,1289.6410830459904,-116.64271761160421,-433.5760416197848,1294.899692061257,3.799230384925167,433.5760416197848
newton,13.0,1.0,180.0,1305.6040404833475,-2.441653499234235,-447.7524293169263,1305.6040404833475,2.441653499234075,447.7524293169263
newton,13.0,1.0,185.0,1313.6159146259283,111.82226854179598,-451.67524255937514,1318.3631623497772,3.0924196744382755,451.67524255937514
newton,13.0,1.0,190.0,1304.066731524068,215.559305913147,-453.02419681904246,1321.686508301158,14.164335788027245,453.02419681904246
newton,13.0,1.0,195.0,1285.6646850513794,311.86047955159125,-472.7314194028164,1322.5721547616854,31.52041470925525,472.7314194028164
newton,13.0,1.0,200.0,1253.567693874393,432.95325739967774,-508.362364628411,1326.0470467385285,21.9024212036486,508.362364628411
newton,13.0,1.0,205.0,1222.7124674602383,561.2571976631539,-502.7365744808866,1345.3513718318686,8.068848834242601,502.7365744808866
newton,13.0,1.0,210.0,1182.5854217817405,676.6772512278602,-498.29012026216526,1362.4876430220527,5.2730211645186955,498.29012026216526
newton,13.0,1.0,215.0,1139.1874982416998,793.8423997811736,-488.3311517922881,1388.4970627039988,3.133480953110393,488.3311517922881
newton,13.0,1.0,220.0,1071.0585734175356,911.3479602926432,-475.84764403699984,1406.2816454106544,-9.669860488661925,475.84764403699984
newton,13.0,1.0,225.0,987.9107650463378,1010.4128712645276,-449.7576711089416,1413.0281942407732,-15.911391897862245,449.7576711089416
newton,13.0,1.0,230.0,904.7537072278426,1084.6709595656807,-424.64970595154415,1412.4706340118394,-4.131503582445589,424.64970595154415
newton,13.0,1.0,235.0,819.6671189461454,1140.22144390507,-415.8270891523116,1404.156471796243,17.427843675088525,415.8270891523116
newton,13.0,1.0,240.0,724.1625191415342,1192.737033047143,-424.7598819120127,1395.0218302240728,30.77462152153123,424.7598819120127
newton,13.0,1.0,245.0,626.1502000200795,1254.1100644496964,-440.08161528923034,1401.232226332872,37.47498666350725,440.08161528923034
newton,13.0,1.0,250.0,521.4329758839244,1313.554141443658,-456.81351296869894,1412.6777148639246,40.72474394997499,456.81351296869894
newton,13.0,1.0,255.0,405.2846772897373,1374.0640010694535,-467.0754128584907,1432.1392987778884,35.841004126843075,467.0754128584907
newton,13.0,1.0,260.0,276.77089061253236,1430.2889687987263,-461.24641866056083,1456.6204263069412,24.19904591430381,461.24641866056083
newton,13.0,1.0,265.0,152.93311075470302,1460.4215760063325,-459.18079160801244,1468.1932298548359,25.067026914975315,459.18079160801244
newton,13.0,1.0,270.0,13.286813006882303,1474.4494419978291,-457.4382912310248,1474.4494419978291,13.286813006882033,457.4382912310248
newton,13.0,1.0,275.0,-118.84032381584198,1470.6549547987615,-449.0663297176765,1475.4162853834237,9.787924406161324,449.0663297176765
newton,13.0,1.0,280.0,-251.45480776959943,1445.979462928086,-451.46160217683837,1467.676454922787,3.4570544575722977,451.46160217683837
newton,13.0,1.0,285.0,-379.9941488691363,1401.3363575933781,-446.8180847114131,1451.936701872152,-4.353624291669746,446.8180847114131
newton,13.0,1.0,290.0,-505.5454790311668,1349.4979784857535,-449.1718671121573,1441.0200293444466,-13.501864097866587,449.1718671121573
newton,13.0,1.0,295.0,-644.612267089942,1282.1073664957014,-447.3470829401521,1434.408805886389,-42.37513068960379,447.3470829401521
newton,13.0,1.0,300.0,-764.0481346729081,1207.2299174243558,-419.48464013330016,1427.5158440345363,-58.07013562867428,419.48464013330016
newton,13.0,1.0,305.0,-859.7811489205708,1120.800567526116,-404.37710559240713,1411.2562835689491,-61.426690397564016,404.37710559240713
newton,13.0,1.0,310.0,-954.4168927239612,1019.4196700412804,-377.5756306334077,1394.4081265597943,-75.85542411679717,377.5756306334077
newton,13.0,1.0,315.0,-1017.0841505235502,923.4025233421048,-350.5764955233751,1372.131285892533,-66.24291385259028,350.5764955233751
newton,13.0,1.0,320.0,-1071.427764624653,825.3776937412958,-337.5740687384339,1351.3038401426597,-56.42449600999589,337.5740687384339
newton,13.0,1.0,325.0,-1111.4202322993892,730.894047485594,-336.46622855483474,1329.64575845917,-38.77110297425634,336.46622855483474
newton,13.0,1.0,330.0,-1144.0104509401522,631.0225576582859,-348.0391775715382,1306.253391538206,-25.523660176970452,348.0391775715382
newton,13.0,1.0,335.0,-1173.9206037308636,525.2363825447006,-369.6762372755818,1285.9078715180615,-20.09446143510678,369.6762372755818
newton,13.0,1.0,340.0,-1198.7604625129404,403.96892455196325,-384.95777759193265,1264.6318701876914,-30.39360777352141,384.95777759193265
newton,13.0,1.0,345.0,-1206.948250706712,287.5828954594042,-382.23241245586473,1240.2544167426477,-34.59744781284121,382.23241245586473
newton,13.0,1.0,350.0,-1201.166234133756,188.9099139765194,-376.95819960398114,1215.721682336639,-22.540379727430604,376.95819960398114
newton,13.0,1.0,355.0,-1188.0993269352402,95.09951455605898,-384.33235652293627,1191.8667191253328,-8.812047105189052,384.33235652293627
newton,14.0,1.0,0.0,-1061.7977627808577,14.099662841887039,-381.6650231155654,1061.7977627808577,14.099662841887039,381.6650231155654
newton,14.0,1.0,5.0,-1065.47506469495,-81.90778636984888,-398.4103250606313,1068.5593443559496,11.266168128522708,398.4103250606313
newton,14.0,1.0,10.0,-1065.900662654489,-168.2224199938759,-401.65986616180754,1078.9187531976484,19.424964203480613,401.65986616180754
newton,14.0,1.0,15.0,-1060.6909434241743,-256.488067059946,-414.11583614489587,1090.9327725609735,26.778569017772355,414.11583614489587
newton,14.0,1.0,20.0,-1044.9062843573822,-341.89990560857314,-435.9414616308329,1098.827379542731,36.09817879002901,435.9414616308329
newton,14.0,1.0,25.0,-1016.8881757944401,-437.814998891994,-434.9952935481108,1106.6422860637358,32.960370461660716,434.9952935481108
newton,14.0,1.0,30.0,-995.5881953865442,-521.1321926287117,-442.6804921539363,1122.7707652270083,46.48038014692213,442.6804921539363
newton,14.0,1.0,35.0,-968.2453769464296,-615.8746329106593,-468.2392994521415,1146.391357082938,50.86776824780935,468.2392994521415
newton,14.0,1.0,40.0,-926.9399515906996,-733.7618992444505,-484.18243385199355,1181.7302563154255,33.73129031730343,484.18243385199355
newton,14.0,1.0,45.0,-862.2746761186114,-845.7667239905395,-458.38833784351516,1207.7676565645456,11.672884893262449,458.38833784351516
newton,14.0,1.0,50.0,-790.1073057866415,-927.4476643804655,-427.4885496093633,1218.3373160647975,9.10544376908058,427.4885496093633
newton,14.0,1.0,55.0,-710.7171008770647,-989.2690144284303,-401.9251921121463,1218.0123174956184,14.763970206222552,401.9251921121463
newton,14.0,1.0,60.0,-625.5896560959117,-1043.7846300605402,-399.1229018932889,1216.738833760126,19.884219493559726,399.1229018932889
newton,14.0,1.0,65.0,-523.7827012156857,-1093.002027617961,-391.60064781741545,1211.956383594627,12.78572383590432,391.60064781741545
newton,14.0,1.0,70.0,-426.59403753284465,-1126.353923375484,-384.65981556533904,1204.3302240480582,15.631538832568424,384.65981556533904
newton,14.0,1.0,75.0,-318.2241956929394,-1166.5008754210858,-384.0430978004852,1209.1158044157983,5.4683264821367175,384.0430978004852
newton,14.0,1.0,80.0,-223.1479543042557,-1201.487142519132,-366.6218086493513,1221.9830887123624,11.121782678950154,366.6218086493513
newton,14.0,1.0,85.0,-127.23097639201342,-1223.3488261502048,-369.8791013950223,1229.7825247755502,20.124948532163017,369.8791013950223
newton,14.0,1.0,90.0,-21.584561097959522,-1232.9533025406126,-386.6286657366145,1232.9533025406126,21.584561097959448,386.6286657366145
newton,14.0,1.0,95.0,108.99663689965227,-1228.8475376574302,-394.66607299455495,1233.6710846234146,-1.4807519211004632,394.66607299455495
newton,14.0,1.0,100.0,227.0052505062791,-1204.9413382594964,-384.05394428099953,1226.054619914098,-14.320663088748319,384.05394428099953
newton,14.0,1.0,105.0,328.1677639754638,-1172.6556950900556,-369.04351587870974,1217.6344885380026,-13.480091342194783,369.04351587870974
newton,14.0,1.0,110.0,421.183377895125,-1131.581321728372,-366.1545651502861,1207.391817121396,-8.759306363544226,366.1545651502861
newton,14.0,1.0,115.0,516.1202176690124,-1079.4000228675777,-368.82866229941146,1196.3904752929332,-11.589610933309928,368.82866229941146
newton,14.0,1.0,120.0,617.1979016396643,-1017.4652055715462,-369.0510947120387,1189.7496663115473,-25.77645919662575,369.0510947120387
newton,14.0,1.0,125.0,713.6059609359702,-943.8486539728927,-351.70398390484536,1182.463118433826,-43.18243431700682,351.70398390484536
newton,14.0,1.0,130.0,789.0821332766468,-873.0609719986126,-327.5216188837731,1176.015724398842,-43.279208059449275,327.5216188837731
newton,14.0,1.0,135.0,844.8416869872558,-804.5503634738759,-314.03777315817916,1166.2963037162503,-28.490268079292036,314.03777315817916
newton,14.0,1.0,140.0,894.7491929662106,-736.2249472152128,-322.34549442301164,1158.6539212690209,-11.1526653159342,322.34549442301164
newton,14.0,1.0,145.0,953.2608119207587,-644.3808832020917,-346.23931513348106,1150.467233465269,-18.922021638873844,346.23931513348106
newton,14.0,1.0,150.0,1014.2973396306842,-554.6242411144927,-342.40837653509294,1155.7193836683914,-26.829987455525554,342.40837653509294
newton,14.0,1.0,155.0,1060.0157168200762,-472.0385976059995,-332.24914553651524,1160.1926301300364,-20.16974286814508,332.24914553651524
newton,14.0,1.0,160.0,1094.4587325207624,-392.10367214805717,-334.0752492501359,1162.5621488510583,-5.8700052601946595,334.0752492501359
newton,14.0,1.0,165.0,1116.6122664719664,-302.13442877216346,-347.0378455321579,1156.7627704838503,2.838927204091533,347.0378455321579
newton,14.0,1.0,170.0,1140.1912064674593,-206.72434864970046,-367.9726138511901,1158.7664464679008,5.591616091690838,367.9726138511901
newton,14.0,1.0,175.0,1165.6571648283045,-95.03791207562327,-373.98710886466483,1169.5045872107505,-6.917451862294939,373.98710886466483
newton,14.0,1.0,180.0,1186.4935517307604,11.200333186774515,-371.82572044373956,1186.4935517307604,-11.20033318677466,371.82572044373956
newton,14.0,1.0,185.0,1194.935024829335,108.84191359827021,-361.7403423691565,1199.8741341208454,-4.2822876325648735,361.7403423691565
newton,14.0,1.0,190.0,1187.4881583292574,198.21320977184212,-366.4318362272136,1203.8669075992345,11.003248962189673,366.4318362272136
newton,14.0,1.0,195.0,1177.650790431026,297.5826083564185,-380.42619349373155,1214.5433593609891,17.355726177657232,380.42619349373155
newton,14.0,1.0,200.0,1161.124282474065,410.3439021074209,-387.8864459624363,1231.445800267806,11.530756715855318,387.8864459624363
newton,14.0,1.0,205.0,1117.1079671406867,518.0703694601193,-381.72665879291725,1231.389648580884,2.579017175022784,381.72665879291725
newton,14.0,1.0,210.0,1066.0765177278408,623.3676747329489,-369.88285440102777,1234.9331840968362,-6.81398335284814,369.88285440102777
newton,14.0,1.0,215.0,1011.2471750459072,717.1718825921945,-352.19945654752513,1239.7180833887246,-7.445262799087004,352.19945654752513
newton,14.0,1.0,220.0,943.1797923872399,807.2927237269434,-342.9402530366052,1241.4353990221343,-12.1578207281691,342.9402530366052
newton,14.0,1.0,225.0,864.1352935150416,884.7196326661804,-319.4922562660667,1236.6271776142412,-14.555325800014202,319.4922562660667
newton,14.0,1.0,230.0,793.2068531485838,944.1671793677847,-301.51438844241335,1233.1375582523708,0.7327377280632845,301.51438844241335
newton,14.0,1.0,235.0,725.5952208383367,993.1422112018514,-312.06962136941496,1229.7187935774896,24.729838185089534,312.06962136941496
newton,14.0,1.0,240.0,635.638231217986,1048.2444006828705,-342.0568331609127,1225.625395975153,26.356655509946904,342.0568331609127
newton,14.0,1.0,245.0,544.5177609024823,1117.7190811620146,-339.20183605160474,1243.120656576128,21.13219169057851,339.20183605160474
newton,14.0,1.0,250.0,456.4492543824683,1174.7089282389284,-346.995429298075,1259.9801508422306,27.14788010421472,346.995429298075
newton,14.0,1.0,255.0,347.1358595920548,1222.5794986949263,-351.75446949633914,1270.76648418143,18.880633596882376,351.75446949633914
newton,14.0,1.0,260.0,236.62959711683936,1254.7695425735892,-341.6674070089401,1276.7970720914516,15.14621737294712,341.6674070089401
newton,14.0,1.0,265.0,130.1041079560333,1277.2889329411773,-343.1140104014921,1283.7677830906937,18.285956891904306,343.1140104014921
newton,14.0,1.0,270.0,10.474346081362816,1284.1458542449545,-344.98534912359906,1284.1458542449545,10.47434608136258,344.98534912359906
newton,14.0,1.0,275.0,-99.94395506506743,1276.8400639610481,-336.6089314297425,1280.691991665956,11.72030600235233,336.6089314297425
newton,14.0,1.0,280.0,-207.37387388372767,1255.5840645411809,-342.5454229010306,1272.5190166143768,13.806485942342164,342.5454229010306
newton,14.0,1.0,285.0,-316.0417911056316,1217.1873699595553,-358.9836418753866,1257.5103506632513,9.758344588195826,358.9836418753866
newton,14.0,1.0,290.0,-431.5425658946831,1169.2662776082952,-370.06791489251583,1246.347143040749,-5.604744872789638,370.06791489251583
newton,14.0,1.0,295.0,-557.5752805411287,1109.490934480165,-365.88681315043357,1241.1817694178176,-36.443688466497804,365.88681315043357
newton,14.0,1.0,300.0,-649.4406673129017,1042.1979642837914,-337.1875106472918,1227.2902464986412,-41.3331340017952,337.1875106472918
newton,14.0,1.0,305.0,-730.6146122911786,967.1602084617684,-330.8349331068247,1211.3145875804005,-43.74414749569212,330.8349331068247
newton,14.0,1.0,310.0,-806.1029421935394,880.057456384913,-311.2211982589789,1192.3161074629568,-51.82065067274573,311.2211982589789
newton,14.0,1.0,315.0,-858.4455404574898,794.5610037050285,-296.7294886885185,1168.852136723057,-45.17318915062674,296.7294886885185
newton,14.0,1.0,320.0,-908.6362090825921,711.4982832177154,-287.8966817470613,1153.3979995500051,-39.02079076321468,287.8966817470613
newton,14.0,1.0,325.0,-947.5483221579786,637.0021117300058,-289.496005684937,1141.5555463525002,-21.68980785374788,289.496005684937
newton,14.0,1.0,330.0,-987.6104689898201,556.8334501177013,-302.31544580229513,1133.7124802474984,-11.573321016046293,302.31544580229513
newton,14.0,1.0,335.0,-1017.7145705532207,469.77123037076956,-317.62229520181165,1120.8965410681283,-4.347438544567865,317.62229520181165
newton,14.0,1.0,340.0,-1041.1056189690842,364.91460841312886,-334.7944901624711,1103.1274142750826,-13.171528274168509,334.7944901624711
newton,14.0,1.0,345.0,-1061.737893990548,263.83548225375745,-334.51962532433,1093.8457001363158,-19.952481671459452,334.51962532433
newton,14.0,1.0,350.0,-1070.2516593140351,181.16732330765655,-335.20709561520067,1085.4515073118123,-7.4322656990411815,335.20709561520067
newton,14.0,1.0,355.0,-1067.3098434597357,102.07472882298796,-356.75954606045036,1072.1448060820528,8.66412151399311,356.75954606045036
newton,15.0,1.0,0.0,-1008.0244151829102,8.564015443793323,-346.5496307530848,1008.0244151829102,8.564015443793323,346.5496307530848
newton,15.0,1.0,5.0,-1015.1558802893142,-85.79319932979153,-352.1346103432321,1018.7702756911593,3.0099344466013065,352.1346103432321
newton,15.0,1.0,10.0,-1015.3708755422899,-172.10266512305066,-346.78846697342,1029.8304245870806,6.829263266750132,346.78846697342
newton,15.0,1.0,15.0,-1011.1576652272072,-253.77386658915975,-348.5844791251084,1042.384813115696,16.580129586494223,348.5844791251084
newton,15.0,1.0,20.0,-1004.9659106044154,-341.5228685990223,-353.87169551247257,1061.1667508035912,22.792065330196635,353.87169551247257
newton,15.0,1.0,25.0,-980.832371177258,-430.07389958902115,-360.96722809385795,1070.693099639927,24.738347567193102,360.96722809385795
newton,15.0,1.0,30.0,-955.332188744509,-519.0006100639218,-356.17008017307046,1086.8422495376958,28.19838147727654,356.17008017307046
newton,15.0,1.0,35.0,-920.5787106891481,-614.8535861060666,-356.89529580692874,1106.7594615863188,24.36368426052013,356.89529580692874
newton,15.0,1.0,40.0,-867.2376057663424,-706.3058239904242,-341.77380428099843,1118.3471810715998,16.387936030389028,341.77380428099843
newton,15.0,1.0,45.0,-794.5502080912099,-779.0883124125755,-325.0540698293604,1112.7304689845928,10.933211284361391,325.0540698293604
newton,15.0,1.0,50.0,-718.2427060280803,-834.2910630344794,-311.479528500837,1100.7815449639695,13.933875572773673,311.479528500837
newton,15.0,1.0,55.0,-640.7533523602522,-880.7126078386943,-306.6205550647049,1088.9585575689352,19.71841941737057,306.6205550647049
newton,15.0,1.0,60.0,-558.5668856866918,-926.8927716485789,-311.005928307908,1081.996129675184,20.28672689314402,311.005928307908
newton,15.0,1.0,65.0,-471.26645376888166,-973.6537029644337,-312.531138638862,1081.5957423822442,15.628621335660569,312.531138638862
newton,15.0,1.0,70.0,-386.8082396772226,-1009.7419172099305,-321.2628717624495,1081.1432380743406,18.12877323779702,321.2628717624495
newton,15.0,1.0,75.0,-278.3757827513127,-1047.5294697959262,-320.14786597417555,1083.8847229461412,-2.230219116403532,320.14786597417555
newton,15.0,1.0,80.0,-192.8880149403268,-1071.679428070057,-297.207159339806,1088.8928617952604,3.862432848864813,297.207159339806
newton,15.0,1.0,85.0,-109.40826782999275,-1086.8353335564025,-295.249523515864,1092.2351558331195,14.267995599133428,295.249523515864
newton,15.0,1.0,90.0,-18.155916553674615,-1095.8054572400215,-306.7435719664645,1095.8054572400215,18.155916553674547,306.7435719664645
newton,15.0,1.0,95.0,93.91354656639352,-1090.7127656963899,-313.5376472613454,1094.7473792327887,1.5057040501879015,313.5376472613454
newton,15.0,1.0,100.0,196.84133195038473,-1072.7404004179964,-305.69873194555896,1090.624201883779,-7.571454175710329,305.69873194555896
newton,15.0,1.0,105.0,287.42672333638194,-1044.6443734615482,-298.99848179232123,1083.4404896849408,-7.259036025215096,298.99848179232123
newton,15.0,1.0,110.0,366.06867774546765,-1011.755681991143,-303.361491520394,1075.942210034834,2.048788186899742,303.361491520394
newton,15.0,1.0,115.0,455.2864755844018,-964.0376567888981,-317.8827045917753,1066.127214249873,-5.209759389913984,317.8827045917753
newton,15.0,1.0,120.0,549.2728793790773,-911.1970114215572,-313.3074653057336,1063.7561994330663,-20.085761441328316,313.3074653057336
newton,15.0,1.0,125.0,627.771471633218,-843.3640798638413,-304.2455783053147,1050.918333642603,-30.506520859878037,304.2455783053147
newton,15.0,1.0,130.0,696.2363388063349,-775.5119039119842,-284.37456392022324,1041.608676562626,-34.858535441053334,284.37456392022324
newton,15.0,1.0,135.0,746.2697852081933,-717.5273634846852,-278.16723870974783,1035.0608901222674,-20.32396130841613,278.16723870974783
newton,15.0,1.0,140.0,798.944905531371,-657.8879905406651,-284.6219275541528,1034.9095541216384,-9.580446749360817,284.6219275541528
newton,15.0,1.0,145.0,867.310058264158,-579.9988098789504,-304.93775767314764,1043.1324577177058,-22.361401633049184,304.93775767314764
newton,15.0,1.0,150.0,922.142275382687,-501.192610314217,-290.56144655124683,1049.194941542101,-27.02560497019681,290.56144655124683
newton,15.0,1.0,155.0,965.5847415979441,-423.9687043920806,-276.9260656690994,1054.2938872366258,-23.827606807083498,276.9260656690994
newton,15.0,1.0,160.0,995.0843791717887,-357.4293919068987,-274.9788090459386,1057.3215000158607,-4.465139958562304,274.9788090459386
newton,15.0,1.0,165.0,1019.8120147686178,-277.51376134169766,-301.10188353239323,1056.8886097381637,4.110937384074816,301.10188353239323
newton,15.0,1.0,170.0,1034.990161602862,-184.8191192210785,-310.04170967376297,1051.3598386886038,2.2871460482670614,310.04170967376297
newton,15.0,1.0,175.0,1059.9036972909971,-72.20852462391998,-305.903758815459,1062.16383132544,-20.442944591009592,305.903758815459
newton,15.0,1.0,180.0,1081.280392070461,22.083190611425124,-290.8503726628115,1081.280392070461,-22.083190611425255,290.8503726628115
newton,15.0,1.0,185.0,1089.7194513103127,105.67341554425951,-274.1039161216275,1094.7827848232214,-10.29598812891659,274.1039161216275
newton,15.0,1.0,190.0,1086.1253982263813,184.57041103632054,-278.46329375108746,1101.6750284445056,6.837324354561787,278.46329375108746
newton,15.0,1.0,195.0,1068.9775477906182,277.12789063465004,-280.88502625565405,1104.278997159451,8.986761406181245,280.88502625565405
newton,15.0,1.0,200.0,1037.3206332635696,366.39560170891406,-279.9558533385039,1100.0772206771192,10.48530844920009,279.9558533385039
newton,15.0,1.0,205.0,992.4858102001411,460.22054150423986,-281.14760031814524,1093.9952235756518,2.341167389576867,281.14760031814524
newton,15.0,1.0,210.0,941.669143033294,546.9166916054556,-269.88453570270076,1088.9677456294826,-2.8091771674169195,269.88453570270076
newton,15.0,1.0,215.0,880.7422118109305,629.0390956374836,-259.62193254544013,1082.2637860977648,-10.105681934691518,259.62193254544013
newton,15.0,1.0,220.0,825.6366248992122,703.3858483598159,-249.061509819862,1084.6020566940942,-8.115827915938667,249.061509819862
newton,15.0,1.0,225.0,756.3021990625236,765.2782240693858,-245.70459746060598,1075.9198353172696,-6.347008150452439,245.70459746060598
newton,15.0,1.0,230.0,689.322455202537,820.9430523355679,-234.2334054484693,1071.9667966416896,0.3596140254826423,234.2334054484693
newton,15.0,1.0,235.0,635.26539307443,874.8213193410387,-241.06283147033977,1080.984932422583,18.602050611415336,241.06283147033977
newton,15.0,1.0,240.0,563.1708285872471,938.671335637805,-266.5738167542664,1094.4986367602319,18.384576407984582,266.5738167542664
newton,15.0,1.0,245.0,471.79579092104484,993.8607629430041,-260.4537420090533,1100.1332657410612,7.568491155600725,260.4537420090533
newton,15.0,1.0,250.0,394.6012483169942,1043.7565272491092,-252.07369455252336,1115.77188205898,13.818124149544872,252.07369455252336
newton,15.0,1.0,255.0,305.4094350639607,1079.3789382169948,-258.4064243215756,1121.6457711248227,15.63903482753858,258.4064243215756
newton,15.0,1.0,260.0,204.9948605190729,1104.7405004758161,-256.7133555743571,1123.5539938953941,10.04435326436112,256.7133555743571
newton,15.0,1.0,265.0,111.46365190895258,1124.5556785586368,-253.66646860510184,1129.9911020605705,13.028013635767621,253.66646860510184
newton,15.0,1.0,270.0,12.915548084696916,1131.6159784113042,-256.6783573069697,1131.6159784113042,12.915548084696708,256.6783573069697
newton,15.0,1.0,275.0,-82.50347493898101,1122.0507014986908,-256.2625743572159,1124.9716114606895,15.603637981290888,256.2625743572159
newton,15.0,1.0,280.0,-173.00648692174383,1103.6676169633006,-270.1377152673748,1116.942687112485,21.27174079374194,270.1377152673748
newton,15.0,1.0,285.0,-274.66526131034317,1080.8095109399676,-290.8121509455378,1115.0704205709494,14.427816075108296,290.8121509455378
newton,15.0,1.0,290.0,-381.8080871105877,1046.7435308540653,-303.6783594616832,1114.2032284754146,-0.7748695662782552,303.6783594616832
newton,15.0,1.0,295.0,-488.3365070078367,991.4103065886823,-298.23369400158884,1104.9028067458921,-23.595078553156952,298.23369400158884
newton,15.0,1.0,300.0,-566.909154412284,929.574057657546,-288.20884336431385,1088.4893258365573,-26.170700530219847,288.20884336431385
newton,15.0,1.0,305.0,-640.0186225853531,863.2792969154245,-281.2560118695272,1074.2566016014455,-29.115900373430975,281.2560118695272
newton,15.0,1.0,310.0,-699.0250435032096,785.6698188513361,-274.89973720437615,1051.1826356818174,-30.465425314329025,274.89973720437615
newton,15.0,1.0,315.0,-752.6571846716657,710.6789422401927,-275.2082844834996,1034.7348984946334,-29.68309988558775,275.2082844834996
newton,15.0,1.0,320.0,-803.0231216929907,637.5000141759574,-265.6572314218071,1024.9285103562688,-27.819969568298973,265.6572314218071
newton,15.0,1.0,325.0,-838.8229089381132,570.9075765636485,-265.78252411710906,1014.5826339042837,-13.468946396154706,265.78252411710906
newton,15.0,1.0,330.0,-876.7045829134439,497.81759958531086,-269.09451749382526,1008.1572402099387,-7.229603764853664,269.09451749382526
newton,15.0,1.0,335.0,-904.1807340119686,429.78782785522014,-286.03023869758124,1001.1022248490452,7.396765051185582,286.03023869758124
newton,15.0,1.0,340.0,-932.7565740898317,335.70174929020175,-309.9872865719792,991.3212300686719,-3.565080565240237,309.9872865719792
newton,15.0,1.0,345.0,-955.3010237003546,238.6493495578044,-305.99759064269284,984.5169274394465,-16.732528574615316,305.99759064269284
newton,15.0,1.0,350.0,-971.8814454478126,167.24424218467948,-306.40002927268637,986.1580403663734,-4.062015560191156,306.40002927268637
newton,15.0,1.0,355.0,-991.6780659801207,95.78507342603923,-324.79032870277086,996.2526507618578,8.990143896290107,324.79032870277086
mond,2.0,0.25,0.0,-9261.769385103922,1847.9424022030435,-16643.80034036649,9261.769385103922,1847.9424022030435,16643.80034036649
mond,2.0,0.25,5.0,-8923.544419064641,-781.5797437527068,-17124.84005164458,8957.706801541672,-0.8674550770530232,17124.84005164458
mond,2.0,0.25,10.0,-8131.179091884036,-3805.4534334554082,-16233.050795582183,8668.458264734058,-2335.6756134047046,16233.050795582183
mond,2.0,0.25,15.0,-7303.361355773399,-5244.851816403426,-14346.427287389637,8411.972891088826,-3175.8888123832776,14346.427287389637
mond,2.0,0.25,20.0,-6926.576121669639,-5137.10369482384,-13359.21484460331,8265.845410827309,-2458.269876348383,13359.21484460331
mond,2.0,0.25,25.0,-6595.388692555463,-5174.796860067754,-13439.745341241174,8164.41578445955,-1902.6269858601568,13439.745341241174
mond,2.0,0.25,30.0,-6695.650902538539,-5968.527307751543,-13521.256661506433,8782.86743034635,-1821.0708204247094,13521.256661506433
mond,2.0,0.25,35.0,-7253.901891053277,-7186.815149883241,-14393.022930481906,10064.236385511813,-1726.4271256435013,14393.022930481906
mond,2.0,0.25,40.0,-6517.6164420092455,-9059.469397883533,-14669.188798818996,10816.098537075974,-2750.5130962423045,14669.188798818996
mond,2.0,0.25,45.0,-5719.329459280775,-10153.752287926329,-13587.247700732867,11223.963741778556,-3135.6104527837033,13587.247700732867
mond,2.0,0.25,50.0,-5213.580035987447,-10197.985153990276,-12921.562028978666,11163.33450746592,-2561.3044854279983,12921.562028978666
mond,2.0,0.25,55.0,-4063.848941156464,-10600.651767677364,-12562.075010971244,11014.473559826123,-2751.3738960728265,12562.075010971244
mond,2.0,0.25,60.0,-3159.03688022217,-10849.345336582435,-11398.495056824824,10975.327116021705,-2688.8664785268807,11398.495056824824
mond,2.0,0.25,65.0,-2863.917024318971,-10546.957232068351,-10863.468899330634,10769.133103553339,-1861.7464315031111,10863.468899330634
mond,2.0,0.25,70.0,-2735.7622076299235,-9998.535188781434,-10567.903488328131,10331.235517924686,-848.924879578964,10567.903488328131
mond,2.0,0.25,75.0,-2530.903548734831,-9342.46681544619,-11092.654906669024,9679.176018018192,26.656761493856266,11092.654906669024
mond,2.0,0.25,80.0,-1708.6514954704069,-9354.223984472792,-11514.824061395471,9508.816521777866,58.34929154316728,11514.824061395471
mond,2.0,0.25,85.0,-961.8700073498298,-9279.91314976687,-11593.726141553623,9328.432773466895,149.41207837367756,11593.726141553623
mond,2.0,0.25,90.0,-305.6613363850047,-9088.173635486426,-11617.809301068599,9088.173635486426,305.6613363850041,11617.809301068599
mond,2.0,0.25,95.0,592.2758835723071,-9455.224531336185,-11691.376952735009,9470.864791928389,234.05502185214766,11691.376952735009
mond,2.0,0.25,100.0,1631.4603975279606,-9689.677965858635,-11423.850992996335,9825.77010993564,75.92007273284548,11423.850992996335
mond,2.0,0.25,105.0,2032.6589420635778,-9702.867932394922,-11087.734453231778,9898.341571376264,547.8892448416998,11087.734453231778
mond,2.0,0.25,110.0,2564.8408534268733,-9556.546505740846,-11425.2311470218,9857.443467938621,858.3693821364377,11425.2311470218
mond,2.0,0.25,115.0,3659.7831965040323,-9527.07414760048,-11473.36938970133,10181.152700500224,709.4255058761833,11473.36938970133
mond,2.0,0.25,120.0,4457.761774421938,-9541.56519039447,-11339.577870211688,10492.118733957885,910.247654528639,11339.577870211688
mond,2.0,0.25,125.0,5292.453081229537,-9444.463974932716,-11576.883218177763,10772.078350166623,1081.7982291949947,11576.883218177763
mond,2.0,0.25,130.0,6471.02284868248,-9204.756948382115,-11614.600004070784,11210.746219700512,959.6126220669512,11614.600004070784
mond,2.0,0.25,135.0,7348.760628831745,-9172.81759193345,-11464.635434285965,11682.519995807044,1289.8030478797546,11464.635434285965
mond,2.0,0.25,140.0,7878.0226790715105,-9049.970220654483,-11876.788666093518,11852.124221936872,1868.784030987873,11876.788666093518
mond,2.0,0.25,145.0,8896.613339284084,-8064.100410615325,-12600.018427431187,11913.056980021016,1502.8365619674987,12600.018427431187
mond,2.0,0.25,150.0,9878.37353397507,-6813.566059772758,-12498.985709845676,11961.705458380651,961.5345311391166,12498.985709845676
mond,2.0,0.25,155.0,10133.478803357777,-6123.216847997802,-12380.299200374784,11771.834009816183,1266.9259137931313,12380.299200374784
mond,2.0,0.25,160.0,10389.31746289759,-5525.9220342354365,-12597.939331651616,11652.741601042717,1639.3123108931873,12597.939331651616
mond,2.0,0.25,165.0,10510.246409697818,-4410.641791161325,-12920.901247412727,11293.676544466725,1540.10087704241,12920.901247412727
mond,2.0,0.25,170.0,10422.359628230686,-3665.355546891432,-12408.30128145163,10900.502877782086,1799.8468036933405,12408.30128145163
mond,2.0,0.25,175.0,10376.785468195352,-4142.915912541073,-12578.608357312118,10698.37758015029,3222.754421899671,12578.608357312118
mond,2.0,0.25,180.0,10363.5413338301,-4269.295544719644,-13966.7498934365,10363.5413338301,4269.295544719643,13966.7498934365
mond,2.0,0.25,185.0,9562.994132780572,-2947.741170107268,-15918.350680950189,9269.691481849926,3769.993981541604,15918.350680950189
mond,2.0,0.25,190.0,8347.231280208582,-325.5494136293673,-17205.66925106059,8163.887018518152,1770.0850869033982,17205.66925106059
mond,2.0,0.25,195.0,7428.332215762305,2663.442962086537,-17193.263505587478,7864.567697592178,-650.0944931393497,17193.263505587478
mond,2.0,0.25,200.0,7216.362098349572,4820.696059780368,-16467.394729568652,8429.937370033775,-2061.8313152598726,16467.394729568652
mond,2.0,0.25,205.0,6285.655720105608,6651.319828009152,-15745.470816691142,8507.70794975785,-3371.7100598644506,15745.470816691142
mond,2.0,0.25,210.0,5495.22866209434,7878.413569591279,-14351.554150273814,8698.214405773711,-4075.2919617389175,14351.554150273814
mond,2.0,0.25,215.0,5693.599696266163,8328.406876071635,-13068.576790846033,9440.901767018328,-3556.5168944108304,13068.576790846033
mond,2.0,0.25,220.0,6623.695493676522,8443.67821577338,-12422.328891178131,10501.53686312239,-2210.6033830061315,12422.328891178131
mond,2.0,0.25,225.0,6938.987428574996,9058.263585193125,-13040.929560219996,11311.76467217881,-1498.5545415516444,13040.929560219996
mond,2.0,0.25,230.0,6015.4767779570375,10326.880782515913,-13223.836188110326,11777.523577426367,-2029.8684552460218,13223.836188110326
mond,2.0,0.25,235.0,5085.873678598775,10924.125976939315,-12598.965322899276,11865.65742638259,-2099.7174272829843,12598.965322899276
mond,2.0,0.25,240.0,4212.017717499508,11079.030352869857,-12181.626722608458,11700.730593633923,-1891.8008318902125,12181.626722608458
mond,2.0,0.25,245.0,3591.235721292107,11093.310334443642,-11367.490101498477,11571.675338153997,-1433.4706312014882,11367.490101498477
mond,2.0,0.25,250.0,3520.615610828131,10835.183585332026,-11160.427399628967,11385.863515807132,-397.55453269632244,11160.427399628967
mond,2.0,0.25,255.0,3171.0036362589744,11122.258010207832,-11491.080069880867,11563.992391863376,184.30210993323772,11491.080069880867
mond,2.0,0.25,260.0,2364.903112145281,11529.771633652417,-11999.898785248663,11765.269611064014,326.8510868637636,11999.898785248663
mond,2.0,0.25,265.0,1149.6101513487104,11747.897551573913,-12143.680017297062,11803.388381213976,121.3388008152142,12143.680017297062
mond,2.0,0.25,270.0,331.4697562431684,11591.576071042655,-11946.56021971471,11591.576071042655,331.4697562431663,11946.56021971471
mond,2.0,0.25,275.0,-412.8236454307503,11418.367312328137,-12107.959946641597,11410.896928846698,583.9235572465168,12107.959946641597
mond,2.0,0.25,280.0,-1449.115125101368,11255.309311409903,-12137.836176529625,11335.95207313041,527.3641407968751,12137.836176529625
mond,2.0,0.25,285.0,-2213.139034308416,11126.977427442951,-12063.548816307557,11320.637397241464,742.145522241135,12063.548816307557
mond,2.0,0.25,290.0,-3000.6107216675528,10933.806713966625,-12360.147305621036,11300.686795303134,919.9303864039489,12360.147305621036
mond,2.0,0.25,295.0,-4161.740297521052,10628.08547563897,-12589.344862158352,11391.144078217285,719.8053700785654,12589.344862158352
mond,2.0,0.25,300.0,-5254.864254029455,10148.908213594532,-12582.535413540465,11416.644460664138,523.6081693689957,12582.535413540465
mond,2.0,0.25,305.0,-6209.158812351052,9591.636186872773,-12514.397947026193,11418.435574879111,415.2913683898487,12514.397947026193
mond,2.0,0.25,310.0,-7037.076151042954,9106.818859466277,-12296.665857976888,11499.573340096304,463.0372452130823,12296.665857976888
mond,2.0,0.25,315.0,-7572.344918019437,8833.440312915065,-12224.224682488893,11600.641987483896,891.7291054538236,12224.224682488893
mond,2.0,0.25,320.0,-7911.980374723002,8403.812902301048,-12540.263544940859,11462.795407845955,1351.9712218642762,12540.263544940859
mond,2.0,0.25,325.0,-8269.88578955892,7722.27288304023,-12827.769219604543,11203.607611338208,1582.3039984944826,12827.769219604543
mond,2.0,0.25,330.0,-8618.84971152824,7233.719226007321,-13087.898258448098,11081.002414587298,1955.159757802121,13087.898258448098
mond,2.0,0.25,335.0,-8897.844048178527,6585.883371403375,-13753.222899708557,10847.499931151378,2208.445999137029,13753.222899708557
mond,2.0,0.25,340.0,-9070.276089430676,5478.784902106878,-14295.758251511023,10397.126307197976,2046.1566152726136,14295.758251511023
mond,2.0,0.25,345.0,-9169.059333482111,4479.867590046101,-14551.665953447122,10016.106264828664,1954.092622400703,14551.665953447122
mond,2.0,0.25,350.0,-9176.438940865273,3754.6697129604026,-14705.590036611437,9689.019767404046,2104.1559437704145,14705.590036611437
mond,2.0,0.25,355.0,-9164.73205416818,3185.9559142310372,-15373.35811175455,9407.531835859914,2375.073360846699,15373.35811175455
mond,3.0,0.25,0.0,-13464.625818564295,1658.8753832986404,-14573.694786790933,13464.625818564295,1658.8753832986404,14573.694786790933
mond,3.0,0.25,5.0,-14477.525139963833,-507.4597870526382,-14814.441682784418,14466.661820577068,756.2707073648372,14814.441682784418
mond,3.0,0.25,10.0,-14001.14862057977,-2896.5031242024124,-15815.677285549653,14291.412201747458,-421.22479013108614,15815.677285549653
mond,3.0,0.25,15.0,-13585.50354321382,-6746.516454328898,-15083.076597193998,14868.715682009723,-3000.4474264289242,15083.076597193998
mond,3.0,0.25,20.0,-12530.948884796006,-7786.297727361344,-12299.704835855027,14438.31086317667,-3030.8895840589857,12299.704835855027
mond,3.0,0.25,25.0,-10626.336859349323,-8142.741613033797,-12009.698225455593,13072.003149606873,-2888.9461195505673,12009.698225455593
mond,3.0,0.25,30.0,-9298.057874119211,-8500.57000645338,-10321.591839592635,12302.639328071858,-2712.680635177072,10321.591839592635
mond,3.0,0.25,35.0,-8783.290274299607,-8290.241439294638,-10408.676249491322,11949.937325016526,-1753.0798876779463,10408.676249491322
mond,3.0,0.25,40.0,-7402.459301124856,-9145.023024587135,-9386.98043335352,11548.92030354382,-2247.284950208148,9386.98043335352
mond,3.0,0.25,45.0,-7019.858441386092,-8473.800763216574,-8985.47495573485,10955.671488967917,-1028.0924752204473,8985.47495573485
mond,3.0,0.25,50.0,-5691.789234797261,-8541.9349725705,-8733.664834904765,10202.113416296199,-1130.4864483955853,8733.664834904765
mond,3.0,0.25,55.0,-5224.779319087895,-7885.584627498263,-8533.200328589634,9456.30307059213,-243.0968689953488,8533.200328589634
mond,3.0,0.25,60.0,-4943.521997916818,-7638.8566456155595,-8926.971830109618,9087.204909929067,461.78731155538617,8926.971830109618
mond,3.0,0.25,65.0,-4098.715683643967,-8375.107427195648,-9404.975176169584,9322.617176126854,175.2245981627275,9404.975176169584
mond,3.0,0.25,70.0,-3340.392077187011,-8574.229946648644,-9473.915069610415,9199.621986790713,206.38243020433583,9473.915069610415
mond,3.0,0.25,75.0,-2435.4836619051857,-8404.760045165182,-9433.122084568802,8748.724347124615,177.18459933382064,9433.122084568802
mond,3.0,0.25,80.0,-1781.77101844207,-8323.132824235137,-9175.73083998947,8506.087025029374,309.4050656459651,9175.73083998947
mond,3.0,0.25,85.0,-1233.8587655012595,-8603.1565456063,-9462.799126944567,8677.956814739262,479.3490616796871,9462.799126944567
mond,3.0,0.25,90.0,-397.27386208830285,-8623.507165244868,-9525.127371860668,8623.507165244868,397.27386208830234,9525.127371860668
mond,3.0,0.25,95.0,288.5802870085131,-8520.567443219294,-9586.956082965009,8513.295540924759,455.1342322536179,9586.956082965009
mond,3.0,0.25,100.0,1107.807066765267,-8640.699526040753,-9608.669219770904,8701.796563044181,409.4647382723374,9608.669219770904
mond,3.0,0.25,105.0,1939.5167547848132,-8702.517837180518,-9569.530800813123,8907.970607107693,378.94803263970357,9569.530800813123
mond,3.0,0.25,110.0,2568.3375919691416,-8199.64004426844,-9444.096241916923,8583.564434013682,390.9941802991325,9444.096241916923
mond,3.0,0.25,115.0,3139.73377165248,-7864.176710116889,-9545.988906444287,8454.273419915542,477.9795247806974,9545.988906444287
mond,3.0,0.25,120.0,3473.134042822942,-7867.722053368282,-9683.138635186047,8550.21418954347,926.0387148509208,9683.138635186047
mond,3.0,0.25,125.0,4310.873032825682,-6957.080622330768,-9813.371076648993,8171.522005795559,459.1570532539581,9813.371076648993
mond,3.0,0.25,130.0,4653.550641893933,-6498.133088870796,-9697.162509163343,7969.103437035295,612.0928256246671,9697.162509163343
mond,3.0,0.25,135.0,5074.928024453853,-5549.587872020258,-10041.990240945646,7512.667237221115,335.6351969711777,10041.990240945646
mond,3.0,0.25,140.0,5753.621590332168,-4426.387392654984,-9557.05423609672,7252.756818754665,-307.5472038552284,9557.05423609672
mond,3.0,0.25,145.0,5956.3947245747995,-4330.786807543075,-8846.121025074797,7363.230178894295,131.1252071569238,8846.121025074797
mond,3.0,0.25,150.0,5984.099811617388,-4631.489841776238,-8859.910511316884,7498.12737653045,1018.9379545390993,8859.910511316884
mond,3.0,0.25,155.0,6440.016776610362,-4351.577482181533,-9358.916995377303,7675.693464638167,1222.199862282448,9358.916995377303
mond,3.0,0.25,160.0,6757.992560874412,-3717.093046095858,-10040.751778533655,7621.756437160301,1181.5553219268213,10040.751778533655
mond,3.0,0.25,165.0,7377.2965540199075,-3536.6890471891566,-9701.44052661351,8041.283751739216,1506.794440684132,9701.44052661351
mond,3.0,0.25,170.0,7914.925527045363,-3005.221194241828,-10915.256674238384,8316.53120741464,1585.1527374650639,10915.256674238384
mond,3.0,0.25,175.0,7934.192990691135,-2469.8396278479,-10184.7104757083,8119.261698195882,1768.9306591920185,10184.7104757083
mond,3.0,0.25,180.0,8420.391195846489,-3549.469502498192,-11426.225687482278,8420.391195846489,3549.469502498191,11426.225687482278
mond,3.0,0.25,185.0,9883.491570362194,-2845.6048028946097,-13806.22175009685,9597.871100866694,3696.17946626315,13806.22175009685
mond,3.0,0.25,190.0,11162.630502876857,-800.5347745316462,-16046.801858902987,10854.033658487264,2726.743297308503,16046.801858902987
mond,3.0,0.25,195.0,10546.936136406892,3171.1698735723494,-17584.742180676545,11008.317160912737,-333.3669408512701,17584.742180676545
mond,3.0,0.25,200.0,9108.635595417598,8464.571584505518,-16190.875015733636,11454.371640964737,-4838.758604227905,16190.875015733636
mond,3.0,0.25,205.0,8525.845193379928,10392.318129924503,-11377.429988726788,12119.023313354272,-5815.460971016211,11377.429988726788
mond,3.0,0.25,210.0,7792.295635511156,9382.162353820971,-9151.729879279963,11439.407151061754,-4229.0431230833865,9151.729879279963
mond,3.0,0.25,215.0,6472.684420750081,8563.221077869333,-8988.681805247628,10213.774504825395,-3302.0007879564814,8988.681805247628
mond,3.0,0.25,220.0,5698.1565198181215,8087.722327457272,-8088.269655274302,9563.72884070356,-2532.850337444271,8088.269655274302
mond,3.0,0.25,225.0,5195.074257319378,7875.729755188968,-7998.045235960515,9242.454152804987,-1895.509680568589,7998.045235960515
mond,3.0,0.25,230.0,5462.472896277337,8061.079515872016,-7737.92183126417,9686.355064649597,-997.0650256192166,7737.92183126417
mond,3.0,0.25,235.0,5403.813527893986,8392.462094989934,-8087.56929925039,9974.202587763886,-387.17360232469764,8087.56929925039
mond,3.0,0.25,240.0,5007.460921648228,8698.953841031762,-8218.532997845372,10037.24547350584,-12.888553910681367,8218.532997845372
mond,3.0,0.25,245.0,4460.232559361708,8683.767567650133,-8648.586184506728,9755.14189857434,372.4247457433653,8648.586184506728
mond,3.0,0.25,250.0,3459.626512849337,8898.829810895451,-8779.073411767293,9545.42666270613,207.40645744661242,8779.073411767293
mond,3.0,0.25,255.0,2498.4983788003747,8713.127351903702,-8850.997415460653,9062.893701540774,158.2408099482791,8850.997415460653
mond,3.0,0.25,260.0,1329.1410204219924,8764.928492043264,-8453.496510511519,8862.572449620451,-213.0654782661329,8453.496510511519
mond,3.0,0.25,265.0,835.5898857958227,8646.728401443946,-7891.779134217702,8686.65144648674,78.7981778437669,7891.779134217702
mond,3.0,0.25,270.0,437.429888111481,8735.768045166798,-7882.8730706356,8735.768045166798,437.4298881114794,7882.8730706356
mond,3.0,0.25,275.0,-394.6974978778281,8753.854274139201,-8162.362742643307,8754.943369353421,369.75311643139133,8162.362742643307
mond,3.0,0.25,280.0,-275.5189706867453,8823.419813290966,-8064.638126943919,8737.215607382896,1260.8375529340096,8064.638126943919
mond,3.0,0.25,285.0,-735.4357106954717,8512.947650789321,-9466.76284373281,8413.220762120754,1492.936635449024,9466.76284373281
mond,3.0,0.25,290.0,-2231.3464449174053,8361.486156551517,-10126.914555586918,8620.39227101486,763.016904973591,10126.914555586918
mond,3.0,0.25,295.0,-3666.370522457629,8201.24464988413,-9855.283023352924,8982.327026681032,143.135603379264,9855.283023352924
mond,3.0,0.25,300.0,-4757.431681729342,7879.017718796386,-9587.030333218743,9202.145342210059,-180.5478337483405,9587.030333218743
mond,3.0,0.25,305.0,-5353.399988282432,7426.978690249225,-9321.09175204331,9154.4088646492,-125.30857428990839,9321.09175204331
mond,3.0,0.25,310.0,-6341.434171864861,6535.016023593183,-8589.49218703288,9082.30802388459,-657.193079693182,8589.49218703288
mond,3.0,0.25,315.0,-6353.738555705214,6713.444069607937,-7573.886987757131,9239.893445361962,254.3502081108054,7573.886987757131
mond,3.0,0.25,320.0,-6497.886302941639,7228.151026813608,-7920.85385565999,9623.835615366188,1360.324123432536,7920.85385565999
mond,3.0,0.25,325.0,-7105.98280017807,6947.121952948081,-8918.358853474349,9805.585790116362,1614.9248583843846,8918.358853474349
mond,3.0,0.25,330.0,-7499.5347624726155,6635.85893990048,-9616.128424648283,9812.717090816022,1997.0550366475782,9616.128424648283
mond,3.0,0.25,335.0,-7873.305110561372,5753.571972567295,-11274.148349348456,9567.20231726362,1887.1045620339482,11274.148349348456
mond,3.0,0.25,340.0,-8751.870463031242,4241.089696946305,-11832.268826484822,9674.606198191203,992.004702177956,11832.268826484822
mond,3.0,0.25,345.0,-10088.168625927889,3292.566636505404,-11581.42008986069,10596.601568539598,569.3649783824367,11581.42008986069
mond,3.0,0.25,350.0,-11390.357941165312,3077.7531307777094,-11407.652489828812,11751.759032512009,1053.0802455900791,11407.652489828812
mond,3.0,0.25,355.0,-12326.108720841894,3198.720462113613,-12268.277055202838,12557.991013522767,2112.2572042817956,12268.277055202838
mond,4.0,0.25,0.0,-11397.151509600488,-617.7210542968969,-5378.066891490773,11397.151509600488,-617.7210542968969,5378.066891490773
mond,4.0,0.25,5.0,-11114.172317173863,-1111.8683983511014,-5286.0596481974735,11168.785252142592,-138.9734600843791,5286.0596481974735
mond,4.0,0.25,10.0,-11049.453684084681,-2397.2851642754185,-5257.831348980253,11297.871854760293,-442.1475195031221,5257.831348980253
mond,4.0,0.25,15.0,-10686.285493895606,-3393.4227465348117,-5685.556516402916,11200.441580539311,-511.98046317177796,5685.556516402916
mond,4.0,0.25,20.0,-10266.315095134098,-4724.32788000495,-5132.545560315956,11262.995836197239,-928.1294867495462,5132.545560315956
mond,4.0,0.25,25.0,-9814.176182736957,-4749.64721031016,-4928.770408740271,10901.95194566697,-156.992173615733,4928.770408740271
mond,4.0,0.25,30.0,-8870.639619705955,-5298.979038866631,-5101.599326198586,10331.688777915404,-153.73065192677404,5101.599326198586
mond,4.0,0.25,35.0,-7883.536976123772,-6045.295230238872,-5424.7662663999945,9925.254325070033,-430.2049015738885,5424.7662663999945
mond,4.0,0.25,40.0,-7477.2940846668735,-6159.101315568586,-4798.427511941125,9686.933595577015,88.16665420821664,4798.427511941125
mond,4.0,0.25,45.0,-7447.40421856298,-6104.145284351456,-5694.498842056156,9582.392549095985,949.8275012703825,5694.498842056156
mond,4.0,0.25,50.0,-6346.169291662365,-6595.505218263808,-6221.425249466111,9131.689111666983,621.9386870473654,6221.425249466111
mond,4.0,0.25,55.0,-5355.6012089101205,-7095.929731158489,-6396.523100759878,8884.492001333532,316.9935908799994,6396.523100759878
mond,4.0,0.25,60.0,-4754.500091112761,-7163.47878192807,-6409.240442917484,8581.004650176896,535.7784702350427,6409.240442917484
mond,4.0,0.25,65.0,-3976.287176497174,-7738.39931035841,-6227.512355766573,8693.823128889939,333.35116635426493,6227.512355766573
mond,4.0,0.25,70.0,-3565.3593790205778,-7684.343331056273,-5986.534378294316,8440.345449599121,722.1416914639512,5986.534378294316
mond,4.0,0.25,75.0,-3321.5957495021157,-7568.903590634991,-6487.334571944244,8170.691694989129,1249.4387191348994,6487.334571944244
mond,4.0,0.25,80.0,-2141.6255674466825,-7875.7474032080545,-7196.756700128008,8127.986480477079,741.4802785385243,7196.756700128008
mond,4.0,0.25,85.0,-1244.4481586481138,-7723.315913056065,-7217.272394405165,7802.387167851993,566.5813228180776,7217.272394405165
mond,4.0,0.25,90.0,-365.5654764858482,-7991.795906587213,-7261.12758172449,7991.795906587213,365.5654764858477,7261.12758172449
mond,4.0,0.25,95.0,10.971931603491624,-7774.60391940071,-7339.291178378661,7745.975471118571,666.671199073,7339.291178378661
mond,4.0,0.25,100.0,1438.4500615151965,-7820.986886893522,-7714.2743350550645,7951.952754266551,-58.496652435034775,7714.2743350550645
mond,4.0,0.25,105.0,2288.6569556565682,-8064.842348820227,-6570.462287391726,8382.387517505524,-123.33806536077145,6570.462287391726
mond,4.0,0.25,110.0,2205.2137718435874,-8220.31912090305,-6533.402172450747,8478.800748727585,739.291615257117,6533.402172450747
mond,4.0,0.25,115.0,2923.0067746237955,-7843.262632112267,-7026.913165424697,8343.726041404716,665.5622185566399,7026.913165424697
mond,4.0,0.25,120.0,3140.3641140896934,-7155.291063483976,-7635.085112341608,7766.845889493743,858.010431807299,7635.085112341608
mond,4.0,0.25,125.0,4309.209103075346,-7007.505247539522,-7828.201265163241,8211.873049721282,489.44244154207263,7828.201265163241
mond,4.0,0.25,130.0,4850.7995279372435,-6914.01961260856,-7716.068020416197,8414.48013748579,728.318117054022,7716.068020416197
mond,4.0,0.25,135.0,5277.649489251662,-6142.874197586534,-7560.238523662181,8075.52974366488,611.80625851374,7560.238523662181
mond,4.0,0.25,140.0,5714.833616890779,-5459.895321149438,-8300.622623066509,7887.36959818908,509.0982304203294,8300.622623066509
mond,4.0,0.25,145.0,6322.211361241987,-4161.139660759715,-8476.044363139263,7565.5840187660215,-217.66540275595116,8476.044363139263
mond,4.0,0.25,150.0,7010.562084736446,-3334.704419859526,-7088.213953912978,7738.67707011952,-617.3423006576245,7088.213953912978
mond,4.0,0.25,155.0,7529.938302192044,-3455.6065781338584,-7195.603904906209,8284.844164492839,-50.446285589328,7195.603904906209
mond,4.0,0.25,160.0,8486.626178116889,-3448.6583877052735,-6940.368499806958,9154.330630989185,338.0817367471618,6940.368499806958
mond,4.0,0.25,165.0,8803.063716517372,-3151.3190282462974,-7455.989607481931,9318.72797595647,765.539891173592,7455.989607481931
mond,4.0,0.25,170.0,9334.641732155076,-2028.1636220645996,-8731.91040942353,9545.014466399503,376.40773342413286,8731.91040942353
mond,4.0,0.25,175.0,10438.011182411108,-90.10828772563605,-7795.015168738813,10406.144853284744,-819.967218924998,7795.015168738813
mond,4.0,0.25,180.0,10531.67293942775,-244.49214026343543,-7085.802148326649,10531.67293942775,244.49214026343415,7085.802148326649
mond,4.0,0.25,185.0,10697.156166259063,428.9694892787642,-7860.482942484248,10693.837411940876,504.9814600953691,7860.482942484248
mond,4.0,0.25,190.0,11060.52057098613,1899.8448003313845,-8023.652015142087,11222.390998085692,49.657352313060755,8023.652015142087
mond,4.0,0.25,195.0,11265.833384746778,3614.81537668582,-8087.8016340609975,11817.542485012236,-575.8312906834194,8087.8016340609975
mond,4.0,0.25,200.0,10698.839103724555,5307.508389285876,-7738.750552856954,11868.89493675143,-1328.2079844970995,7738.750552856954
mond,4.0,0.25,205.0,8795.63126450363,6130.050258291598,-7049.708583111873,10562.220291464977,-1838.5178880990306,7049.708583111873
mond,4.0,0.25,210.0,7586.551496476921,6284.993640971774,-6875.417898135633,9712.643143553749,-1649.6884074667478,6875.417898135633
mond,4.0,0.25,215.0,6885.521945792905,6425.916143347917,-6564.271109452818,9326.04345968513,-1314.4292051682637,6564.271109452818
mond,4.0,0.25,220.0,6054.634762040145,6872.7782539100335,-6170.834649115023,9055.856020312305,-1373.0093839799206,6170.834649115023
mond,4.0,0.25,225.0,5289.560902025647,7116.346527235397,-5754.583618719357,8772.301270003054,-1291.7325033599227,5754.583618719357
mond,4.0,0.25,230.0,5313.460636163808,6748.343057609315,-5689.058014214383,8584.957361025403,-267.404309280731,5689.058014214383
mond,4.0,0.25,235.0,5102.348782875955,6880.170130774465,-6121.833911002154,8562.49245958205,233.29597106975643,6121.833911002154
mond,4.0,0.25,240.0,4566.174288940189,7659.4878678986315,-6425.060975267419,8916.398218049017,124.67899838023004,6425.060975267419
mond,4.0,0.25,245.0,4022.5099150361502,7932.326732666148,-6491.179709588209,8889.115635261624,293.2859241107499,6491.179709588209
mond,4.0,0.25,250.0,3608.406300546636,8062.999007932985,-6943.022129302406,8810.888309248932,633.0846970930897,6943.022129302406
mond,4.0,0.25,255.0,2653.5280326002567,8328.166883198364,-6739.179197506043,8731.175069677003,407.62305730677235,6739.179197506043
mond,4.0,0.25,260.0,2536.040147114525,8399.430203591262,-6547.9847962785625,8712.202735418196,1038.9662505344088,6547.9847962785625
mond,4.0,0.25,265.0,1637.8882910755678,8170.2323020738295,-7543.235312165475,8281.89347205025,919.5729669278761,7543.235312165475
mond,4.0,0.25,270.0,443.93808157983585,7758.460857424856,-7225.935938976589,7758.460857424856,443.93808157983443,7225.935938976589
mond,4.0,0.25,275.0,-125.28112431436104,7836.023231544868,-7124.5002310305945,7817.123766830625,558.150033120256,7124.5002310305945
mond,4.0,0.25,280.0,-845.1649970897561,7560.349212749352,-7314.781874943243,7592.251881767818,480.51582161100146,7314.781874943243
mond,4.0,0.25,285.0,-1722.529269655533,7259.378867711108,-7206.772036987569,7457.84491187264,215.02999847927777,7206.772036987569
mond,4.0,0.25,290.0,-2244.8924567987165,7176.312612688145,-7135.1469543082585,7511.326446420902,344.9345922297034,7135.1469543082585
mond,4.0,0.25,295.0,-2808.337198125444,6908.069088515354,-7202.6820443824345,7447.69139336216,374.25827888724143,7202.6820443824345
mond,4.0,0.25,300.0,-3692.123929345963,6467.771277800034,-7220.171834962586,7447.316197115151,36.412522165992414,7220.171834962586
mond,4.0,0.25,305.0,-4204.174838543233,6703.085162181231,-7383.101848286869,7902.261535332325,400.873286340453,7383.101848286869
mond,4.0,0.25,310.0,-4761.7454519879975,5907.166768338967,-7463.79466476818,7585.943254482272,149.34496399789077,7463.79466476818
mond,4.0,0.25,315.0,-5455.817549423056,5423.9058038833155,-8100.755777162761,7693.12616055658,-22.565011670651984,8100.755777162761
mond,4.0,0.25,320.0,-6428.158806704645,5169.883911670868,-8326.504627969403,8247.392655302227,-171.57999194148488,8326.504627969403
mond,4.0,0.25,325.0,-7945.869484149726,4886.602576546522,-7487.269078440336,9311.715323314158,-554.6930122231906,7487.269078440336
mond,4.0,0.25,330.0,-9090.044707089159,4485.689920984298,-7524.3069294349525,10115.054598367637,-660.3009284723712,7524.3069294349525
mond,4.0,0.25,335.0,-9346.829468781656,3883.822952353717,-6798.736040260109,10112.478836692808,-430.20183769340065,6798.736040260109
mond,4.0,0.25,340.0,-10191.007831824747,2654.307943646521,-7176.267626482622,10484.241641253559,-991.2963713356567,7176.267626482622
mond,4.0,0.25,345.0,-10586.521003623257,2335.1280564093095,-7321.468486403513,10830.169661703334,-484.4327597376018,7321.468486403513
mond,4.0,0.25,350.0,-10730.738635599017,400.80430446025804,-6657.977962090457,10637.313540956138,-1468.6580226187646,6657.977962090457
mond,4.0,0.25,355.0,-11167.282795789397,-69.67481158965205,-5709.84827795669,11118.715353301664,-1042.702504436324,5709.84827795669
mond,5.0,0.25,0.0,-8077.184329104828,-351.4986431934667,-3071.747107641655,8077.184329104828,-351.4986431934667,3071.747107641655
mond,5.0,0.25,5.0,-7932.292839165983,-124.0365434046133,-5285.656864417056,7912.918567156554,567.780327180139,5285.656864417056
mond,5.0,0.25,10.0,-8039.198909476092,-1953.0086162997086,-3710.8654572798223,8256.2018012476,-527.3457864991005,3710.8654572798223
mond,5.0,0.25,15.0,-7484.125427555838,-2174.499213744359,-3665.9841947931122,7791.911847740396,-163.37075321345287,3665.9841947931122
mond,5.0,0.25,20.0,-7265.983456419509,-2658.867810453182,-4004.558591574686,7737.177386365106,-13.405757961502331,4004.558591574686
mond,5.0,0.25,25.0,-7168.349530260008,-3214.549029637638,-4021.61640004494,7855.258122660867,116.1046006565457,4021.61640004494
mond,5.0,0.25,30.0,-7056.005614483052,-3954.2338412783374,-4096.8293569635225,8087.797032027121,103.53584819036132,4096.8293569635225
mond,5.0,0.25,35.0,-6662.1078381371135,-4546.407876546399,-4012.8576580392914,8064.991682911543,97.02876614050001,4012.8576580392914
mond,5.0,0.25,40.0,-6590.881886022856,-4650.893612195939,-4168.41752275543,8038.44523193116,673.7460060826911,4168.41752275543
mond,5.0,0.25,45.0,-5790.251665072163,-5394.185587913686,-4235.7935615307615,7908.591425341736,280.0610089567135,4235.7935615307615
mond,5.0,0.25,50.0,-5756.265266669852,-5209.373760153204,-3885.8329500556447,7690.667812579542,1061.0341133985648,3885.8329500556447
mond,5.0,0.25,55.0,-4957.990827117437,-6024.081639005436,-5026.5386338105445,7778.425499634279,606.0770428108112,5026.5386338105445
mond,5.0,0.25,60.0,-4110.5512399826885,-5952.791561204863,-4554.985296401885,7210.544335428384,583.4460167802008,4554.985296401885
mond,5.0,0.25,65.0,-3995.6929515183338,-6170.724613877226,-4887.10567462502,7281.228578835898,1013.4667265711792,4887.10567462502
mond,5.0,0.25,70.0,-3463.9978469186017,-6784.793149427036,-4940.994523905641,7560.377096158277,934.5572897656334,4940.994523905641
mond,5.0,0.25,75.0,-2596.7151608189392,-7263.686146460536,-5330.980877033655,7688.261381250748,628.2539250000602,5330.980877033655
mond,5.0,0.25,80.0,-1906.7288648585388,-7303.226445345943,-5177.945359942245,7523.374018068093,609.5694056815987,5177.945359942245
mond,5.0,0.25,85.0,-1080.3624729803316,-7571.841880748259,-5210.42499985904,7637.188530159745,416.3218645158539,5210.42499985904
mond,5.0,0.25,90.0,-248.47727249958552,-7247.216261790265,-5044.510833536304,7247.216261790265,248.47727249958507,5044.510833536304
mond,5.0,0.25,95.0,259.6825542240164,-7018.380107240523,-5120.499767886427,7014.305877917589,352.9977474270496,5120.499767886427
mond,5.0,0.25,100.0,1057.1997526137466,-7015.261308772031,-5311.932969059207,7092.264536756573,177.04882926898176,5311.932969059207
mond,5.0,0.25,105.0,1659.8503768896494,-6845.53363845154,-5057.198998975571,7041.878625670555,168.46213270785688,5057.198998975571
mond,5.0,0.25,110.0,2044.5902671938707,-6511.072077419093,-5287.797750667083,6817.6974407838115,305.6314185098686,5287.797750667083
mond,5.0,0.25,115.0,2637.310298405588,-6392.4610113853805,-4892.947534203394,6908.112686929765,311.3559005999464,4892.947534203394
mond,5.0,0.25,120.0,3092.3351342693404,-6867.264052105853,-5169.940613054254,7493.392690754002,755.5912427605131,5169.940613054254
mond,5.0,0.25,125.0,3617.163377548277,-6261.658020050817,-5529.964801219783,7203.969647556842,628.5327175437501,5529.964801219783
mond,5.0,0.25,130.0,4287.828131292864,-5929.274559891792,-5363.6676211620625,7298.250623592272,526.5973085019223,5363.6676211620625
mond,5.0,0.25,135.0,5184.331137089265,-5545.006048208836,-5792.224187732446,7586.787081361272,255.03567545650276,5792.224187732446
mond,5.0,0.25,140.0,5667.529397170712,-4877.12699636453,-6094.408951622429,7476.536205046923,93.07835991504317,6094.408951622429
mond,5.0,0.25,145.0,6259.7478544919,-4439.551331910209,-6173.553072156344,7674.107283695269,46.223682424595154,6173.553072156344
mond,5.0,0.25,150.0,6803.869608229883,-3178.281293749561,-5735.47057295794,7481.464571638735,-649.4624633549493,5735.47057295794
mond,5.0,0.25,155.0,6884.190812085354,-3119.71568261296,-6096.681056705366,7557.644559350204,-81.96213800232317,6096.681056705366
mond,5.0,0.25,160.0,7216.379146349901,-2034.1331244191379,-6186.004249631039,7476.892735375639,-556.6871432141136,6186.004249631039
mond,5.0,0.25,165.0,7976.983029776294,-1908.1889705538113,-5839.326187635201,8199.049571564441,-221.42612246783892,5839.326187635201
mond,5.0,0.25,170.0,8590.770979888253,-483.13643191615415,-5766.312920599881,8544.153626312978,-1015.9752214978607,5766.312920599881
mond,5.0,0.25,175.0,8701.101691762698,421.5661653332376,-5002.637786318138,8631.249460634217,-1178.3129594683228,5002.637786318138
mond,5.0,0.25,180.0,8402.302783486826,161.53683099780756,-4562.166409532481,8402.302783486826,-161.53683099780858,4562.166409532481
mond,5.0,0.25,185.0,8409.563788459272,777.7321874526849,-5069.693206437558,8445.346685783661,-41.83090350868429,5069.693206437558
mond,5.0,0.25,190.0,8669.291884272665,1941.3370253481635,-4907.959621395857,8874.695497446583,-406.43701640587074,4907.959621395857
mond,5.0,0.25,195.0,8389.52837191454,2691.937988518127,-4370.193229810207,8800.386944480595,-428.8427037988772,4370.193229810207
mond,5.0,0.25,200.0,7926.952216932262,2991.3803224682033,-4590.568794863997,8472.010830205903,-99.80068161664303,4590.568794863997
mond,5.0,0.25,205.0,7554.153743249026,3854.4547136050587,-5013.968898619594,8475.351313000665,-300.79899782648545,5013.968898619594
mond,5.0,0.25,210.0,6939.730427511189,4801.903310262145,-4724.887617916097,8410.934500771606,-688.7050394480111,4724.887617916097
mond,5.0,0.25,215.0,6524.150872739113,5042.961891005069,-4734.820471474176,8236.795634750875,-388.8533344860143,4734.820471474176
mond,5.0,0.25,220.0,6022.5632451287765,5582.789008789101,-4599.910309619105,8202.09870960733,-405.43546476626443,4599.910309619105
mond,5.0,0.25,225.0,5208.678370479994,5720.304160566456,-4528.37818952355,7727.9576591722625,-361.7740656000633,4528.37818952355
mond,5.0,0.25,230.0,4374.1157958851845,6093.391725474325,-4552.797757039065,7479.4363079759405,-565.9896031045887,4552.797757039065
mond,5.0,0.25,235.0,3895.893119793517,6191.201169524764,-4286.911574973786,7306.127586676332,-359.7982901381679,4286.911574973786
mond,5.0,0.25,240.0,3874.043157358598,6620.686024427587,-3998.1679054027168,7670.70386631419,44.676777416024834,3998.1679054027168
mond,5.0,0.25,245.0,3555.6842872920306,6864.646996707081,-4151.718592823111,7724.180141167455,321.4191766047711,4151.718592823111
mond,5.0,0.25,250.0,3180.882113523612,6873.439064848649,-4199.324157927563,7546.845725029272,638.1968355682384,4199.324157927563
mond,5.0,0.25,255.0,2611.96425263856,7232.105182252675,-4387.335609026386,7661.703267686699,651.1571716157819,4387.335609026386
mond,5.0,0.25,260.0,2031.356939352043,7397.527123513646,-4302.0331281366325,7637.883495063891,715.9289587692078,4302.0331281366325
mond,5.0,0.25,265.0,1883.9826413490982,7296.660908793012,-4361.618053397822,7433.094817543371,1240.8676175251962,4361.618053397822
mond,5.0,0.25,270.0,1225.790405681444,7575.312462536545,-5334.324008692114,7575.312462536545,1225.7904056814427,5334.324008692114
mond,5.0,0.25,275.0,76.72522940918607,6917.934523150304,-5494.2661665846235,6884.922649351539,679.3709883921333,5494.2661665846235
mond,5.0,0.25,280.0,-680.6785423748477,6917.732955946125,-5531.747919446685,6930.835636744178,530.9142155467106,5531.747919446685
mond,5.0,0.25,285.0,-1329.5633511484218,6992.399344616478,-5989.58186925448,7098.2554316393525,525.5065427874233,5989.58186925448
mond,5.0,0.25,290.0,-2475.7222884626317,6830.86373169702,-5858.069913222913,7265.659134204325,9.875026969592,5858.069913222913
mond,5.0,0.25,295.0,-2625.991199286018,6736.1842422819645,-5863.202118375355,7214.848069682352,466.87820263566664,5863.202118375355
mond,5.0,0.25,300.0,-3439.96455387232,6808.884788519061,-6325.004582486685,7616.649475235101,425.3457024880995,6325.004582486685
mond,5.0,0.25,305.0,-4782.801636350137,6225.166947814423,-6346.597427675175,7842.660549694112,-347.2326642272351,6346.597427675175
mond,5.0,0.25,310.0,-5537.5124533191765,5402.421732211526,-6083.750032833869,7697.939540824322,-769.3708918004354,6083.750032833869
mond,5.0,0.25,315.0,-6283.445234381539,5064.489331269034,-5576.264134797814,8024.201483832738,-861.9319850582269,5576.264134797814
mond,5.0,0.25,320.0,-6853.199698424609,4601.099972965392,-5283.024809076953,8207.385600114052,-880.504786329851,5283.024809076953
mond,5.0,0.25,325.0,-7449.805545247015,4250.8384742058415,-5166.831214370968,8540.704225483463,-790.9498900630351,5166.831214370968
mond,5.0,0.25,330.0,-7975.539768276322,3358.2557561387666,-4796.930600124136,8586.147926289734,-1079.4350869166751,4796.930600124136
mond,5.0,0.25,335.0,-8104.300485632575,2659.5826621017686,-4569.502236816287,8468.978840226859,-1014.6249069318469,4569.502236816287
mond,5.0,0.25,340.0,-8290.515540774046,1833.5761752665026,-4089.7807845778493,8417.656262439446,-1112.5253119524402,4089.7807845778493
mond,5.0,0.25,345.0,-8220.025044833486,1408.357528857373,-3759.3760198585023,8304.444234329432,-767.1301230506194,3759.3760198585023
mond,5.0,0.25,350.0,-8200.238195593449,845.0670177973354,-3860.6113496100456,8222.402499214202,-591.7278681578382,3860.6113496100456
mond,5.0,0.25,355.0,-8311.786390941703,-94.17950862792472,-3681.4269014935007,8271.949249301173,-818.2410436264267,3681.4269014935007
mond,6.0,0.25,0.0,-6828.117130034618,-327.2043458047774,-2804.3829297868215,6828.117130034618,-327.2043458047774,2804.3829297868215
mond,6.0,0.25,5.0,-6845.812406508525,-807.1421764479601,-2922.051784166696,6890.10909938577,-207.41889178330644,2922.051784166696
mond,6.0,0.25,10.0,-6872.636521597074,-1632.3689853403143,-2884.7937811778584,7051.683629688014,-414.14882479729,2884.7937811778584
mond,6.0,0.25,15.0,-6720.828731270682,-1841.2418937730517,-2555.0387842982054,6968.3705143490415,-39.02462311572003,2555.0387842982054
mond,6.0,0.25,20.0,-6765.54909997762,-2361.8762449452006,-2817.3990205004225,7165.345816627364,94.51639426665906,2817.3990205004225
mond,6.0,0.25,25.0,-6437.85813539693,-2997.664496418943,-2782.783094564538,7101.548718705868,3.949738486885053,2782.783094564538
mond,6.0,0.25,30.0,-6102.1263039883315,-3426.678797564049,-2772.051080704627,6997.935795137164,83.47226269418479,2772.051080704627
mond,6.0,0.25,35.0,-5729.190475685437,-3977.2010586681918,-2566.891765818236,6974.306900161257,28.196278463615727,2566.891765818236
mond,6.0,0.25,40.0,-5425.1315753980325,-4284.788972991089,-2727.082451868925,6910.101158483153,204.86857488777378,2727.082451868925
mond,6.0,0.25,45.0,-5028.426822171942,-4580.922822041574,-2378.666779981719,6794.836296215915,316.43311310028867,2378.666779981719
mond,6.0,0.25,50.0,-5102.069282423029,-4551.043568898625,-2560.819388012267,6765.84855485097,983.0574049765482,2560.819388012267
mond,6.0,0.25,55.0,-4780.557206528229,-5010.477939721373,-3064.9965976166136,6846.358213480431,1042.1111274871537,3064.9965976166136
mond,6.0,0.25,60.0,-4153.440595563527,-5388.305424515893,-3397.4775852989296,6743.129678762021,902.8323566096356,3397.4775852989296
mond,6.0,0.25,65.0,-3669.594519242375,-5719.912251024785,-3566.878098102564,6734.838671285506,908.4427152189501,3566.878098102564
mond,6.0,0.25,70.0,-3005.4936735262545,-5938.766587003893,-3740.998774213386,6608.554515361313,793.0624275665887,3740.998774213386
mond,6.0,0.25,75.0,-2342.0829218725116,-5978.297000974295,-3909.7562784663314,6380.767135857521,714.9812604157908,3909.7562784663314
mond,6.0,0.25,80.0,-1772.0364240548197,-5970.786462933431,-4042.4808423262466,6187.787696073725,708.2990205024478,4042.4808423262466
mond,6.0,0.25,85.0,-1133.5524471699691,-5928.830135491037,-4350.893012527831,6005.064752339261,612.5073437962268,4350.893012527831
mond,6.0,0.25,90.0,-429.6551220002002,-5871.627842148344,-4422.977151500061,5871.627842148344,429.65512200019987,4422.977151500061
mond,6.0,0.25,95.0,119.29623069353406,-5825.973880650395,-4434.945044453383,5814.201642718006,388.92480827731356,4434.945044453383
mond,6.0,0.25,100.0,530.0706974698699,-6045.344169943436,-4643.319251299339,6045.547618837729,527.7452659671628,4643.319251299339
mond,6.0,0.25,105.0,1316.092171955731,-5705.600619334486,-5015.864622922407,5851.816711918567,205.47068536358915,5015.864622922407
mond,6.0,0.25,110.0,2266.8753750079422,-5609.081808442342,-4711.286832239659,6046.129825439392,-211.74709808740135,4711.286832239659
mond,6.0,0.25,115.0,2470.4282992587364,-6003.213398391545,-4660.067900259697,6484.807163792768,298.0992063528106,4660.067900259697
mond,6.0,0.25,120.0,3053.516944408377,-5590.020101324153,-4672.829428401905,6367.857887616567,150.58680591818484,4672.829428401905
mond,6.0,0.25,125.0,3919.84607953098,-5346.032509170901,-4311.479675451975,6627.54480406475,-144.59165411890535,4311.479675451975
mond,6.0,0.25,130.0,4030.535652684904,-5417.3206685578625,-4338.4299924982115,6740.686772688043,394.61716391560003,4338.4299924982115
mond,6.0,0.25,135.0,5169.394331505557,-5394.706123200318,-4833.086014710129,7469.947068658414,159.3194957886558,4833.086014710129
mond,6.0,0.25,140.0,5881.360834391354,-4652.066435173878,-4780.175998595377,7495.674449131489,-216.77623075718793,4780.175998595377
mond,6.0,0.25,145.0,6476.837422353143,-3844.7200346811233,-4748.897721763109,7510.75543130789,-565.551051410524,4748.897721763109
mond,6.0,0.25,150.0,7088.75038763008,-3182.0569035514172,-3857.1539338126195,7730.066368550144,-788.6330790518628,3857.1539338126195
mond,6.0,0.25,155.0,6896.755462243103,-2825.299977221291,-3939.9313727240437,7444.606545987774,-354.1034350337286,3939.9313727240437
mond,6.0,0.25,160.0,7248.416208622042,-1948.942499706351,-3989.802113342278,7477.860816710157,-647.6974652469119,3989.802113342278
mond,6.0,0.25,165.0,7296.490526863821,-1376.4987426250868,-3804.699085845329,7404.132731322341,-558.8750254064844,3804.699085845329
mond,6.0,0.25,170.0,7623.4232649544,-869.8044439860957,-3560.8617210439616,7658.646292445516,-467.2033975010314,3560.8617210439616
mond,6.0,0.25,175.0,7354.12002726692,12.122790560837343,-3316.473733527613,7325.078809478125,-653.0304529146596,3316.473733527613
mond,6.0,0.25,180.0,7300.308283372491,96.86297695460962,-3406.766100956971,7300.308283372491,-96.86297695461052,3406.766100956971
mond,6.0,0.25,185.0,7178.19608590733,971.5019013742266,-3309.883747935866,7235.552852438835,-342.18403187947,3309.883747935866
mond,6.0,0.25,190.0,7074.933806521537,1548.3669063075367,-3410.9033267338696,7236.320756350669,-296.2943712225647,3410.9033267338696
mond,6.0,0.25,195.0,7055.418247178393,2010.3837443927846,-3457.5691680947393,7335.336301234131,-115.80496592709869,3457.5691680947393
mond,6.0,0.25,200.0,6696.609810280965,2697.6021247042,-3351.044939571065,7215.389088330503,-244.54136329255016,3351.044939571065
mond,6.0,0.25,205.0,6292.992111713186,3455.9464781017996,-3242.174587726903,7163.933847850147,-472.61781728538745,3242.174587726903
mond,6.0,0.25,210.0,6215.020483222479,3557.696130782461,-3129.6059838956053,7161.213688902535,26.455013408025025,3129.6059838956053
mond,6.0,0.25,215.0,5902.91853359042,4187.246192849497,-3347.6661259765233,7237.093533481071,-44.21630224662658,3347.6661259765233
mond,6.0,0.25,220.0,5394.151154035411,4605.928288193983,-3597.3265582262206,7092.793151648473,-61.05224398519795,3597.3265582262206
mond,6.0,0.25,225.0,4899.646968613243,5190.280035433669,-3501.3851644721817,7134.655806238838,-205.5086123857668,3501.3851644721817
mond,6.0,0.25,230.0,4114.174699729346,5290.705774407374,-3190.3291754264264,6697.45627973412,-249.15945153773282,3190.3291754264264
mond,6.0,0.25,235.0,3773.482948457789,5563.221300497759,-3109.484769583635,6721.50500334266,-99.87637685288928,3109.484769583635
mond,6.0,0.25,240.0,3353.2286640040843,5807.880502149655,-2850.862184716143,6706.386389007966,0.04095665086015288,2850.862184716143
mond,6.0,0.25,245.0,2999.674017728602,5762.016370179095,-3035.1456272958785,6489.877324487169,283.49457835240446,3035.1456272958785
mond,6.0,0.25,250.0,2632.2446326693985,6147.128342087873,-3091.750339178212,6676.691828617699,371.05914082057416,3091.750339178212
mond,6.0,0.25,255.0,2466.18009347351,6198.794232733258,-3125.4994185779533,6625.869818092442,777.7810404630184,3125.4994185779533
mond,6.0,0.25,260.0,1721.3461038257637,6706.671316030681,-3067.1987320552244,6903.690522995017,530.5937364251681,3067.1987320552244
mond,6.0,0.25,265.0,1562.6140585931848,6336.979111607103,-3161.35315244628,6449.055781805757,1004.3637190856424,3161.35315244628
mond,6.0,0.25,270.0,1036.1198131297715,6472.854934214891,-3742.830898003187,6472.854934214891,1036.1198131297704,3742.830898003187
mond,6.0,0.25,275.0,511.8616644170523,6687.959847765899,-4170.800743260183,6617.898457848546,1092.8079842472337,4170.800743260183
mond,6.0,0.25,280.0,-540.0997186664921,6497.220266864843,-4493.908286051804,6492.300223741403,596.3360688992507,4493.908286051804
mond,6.0,0.25,285.0,-1379.680949983716,6250.1667459204355,-4771.550062399929,6394.285184518578,284.9927272823461,4771.550062399929
mond,6.0,0.25,290.0,-2101.8844125163914,6073.143550907066,-4610.5998813778715,6425.774987783744,102.01215553201973,4610.5998813778715
mond,6.0,0.25,295.0,-2759.524754494884,6039.7893831820265,-5150.1650856923925,6640.133705014214,51.546516881207936,5150.1650856923925
mond,6.0,0.25,300.0,-3899.6674340707987,5569.0019520073465,-4286.888224332226,6772.730881198889,-592.7100882125151,4286.888224332226
mond,6.0,0.25,305.0,-4402.4659544672295,5509.023307594937,-4066.6259434801377,7037.878437772217,-446.44302996936176,4066.6259434801377
mond,6.0,0.25,310.0,-5008.100634189361,5112.001929220154,-4102.2956324160095,7135.165706812815,-550.4961606049901,4102.2956324160095
mond,6.0,0.25,315.0,-5510.933291472897,4482.609219366501,-4100.250335330329,7066.501677490574,-727.1349246437985,4100.250335330329
mond,6.0,0.25,320.0,-5936.073379851936,3793.971769194596,-3720.5687953912584,6986.014071320871,-909.2834276171266,3720.5687953912584
mond,6.0,0.25,325.0,-5902.6619576985795,3084.8214351906017,-3319.712402641611,6604.5584949715985,-858.6900257787602,3319.712402641611
mond,6.0,0.25,330.0,-6163.041572104244,2965.207242243351,-3043.1727347429637,6819.954187143534,-513.5759867837855,3043.1727347429637
mond,6.0,0.25,335.0,-6334.618088130459,1902.3899664877613,-3127.921412762521,6545.098441965856,-952.9744445886363,3127.921412762521
mond,6.0,0.25,340.0,-6595.366711796402,1607.0523871297967,-2809.8964223572057,6747.261718230092,-745.6129986517003,2809.8964223572057
mond,6.0,0.25,345.0,-6577.2011922754855,1259.8895210326855,-3131.1026853543394,6679.171899086496,-485.34510539546636,3131.1026853543394
mond,6.0,0.25,350.0,-6740.564923479847,452.4272089795468,-3059.0412553067667,6716.723756691328,-724.9329923311753,3059.0412553067667
mond,6.0,0.25,355.0,-6725.251915820845,149.71297211378447,-2939.5713397135905,6712.708647155616,-437.0010568331684,2939.5713397135905
mond,7.0,0.25,0.0,-6095.370222016383,-387.9688752123475,-1968.2949942726846,6095.370222016383,-387.9688752123475,1968.2949942726846
mond,7.0,0.25,5.0,-5990.596977178433,-832.6831320697854,-1848.9766311299936,6040.374063918581,-307.3995923104868,1848.9766311299936
mond,7.0,0.25,10.0,-5892.050663020791,-1215.6646779166038,-1830.265367719484,6013.635130057869,-174.05213952057102,1830.265367719484
mond,7.0,0.25,15.0,-5761.325624987301,-1630.5040936641403,-1745.8293874509861,5987.018727394146,-83.80521715634632,1745.8293874509861
mond,7.0,0.25,20.0,-5640.110655786596,-2044.681129607523,-1820.2139320366587,5999.29249666229,7.659685512378019,1820.2139320366587
mond,7.0,0.25,25.0,-5401.160392254034,-2449.8293772446787,-1753.2834642744588,5930.456355506204,62.32957484911549,1753.2834642744588
mond,7.0,0.25,30.0,-5190.253073264988,-2826.9278171227215,-1784.8006492102456,5908.3549220790965,146.93523233932683,1784.8006492102456
mond,7.0,0.25,35.0,-4938.280898335552,-3109.6191074780277,-1774.6024219234766,5828.807139221214,285.23071051701163,1774.6024219234766
mond,7.0,0.25,40.0,-4671.2382168080585,-3363.1761500010457,-1826.841420167912,5740.184036884767,426.2716467198843,1826.841420167912
mond,7.0,0.25,45.0,-4351.774808100628,-3755.337642655506,-1901.017878901921,5732.594189771553,421.74476423792885,1901.017878901921
mond,7.0,0.25,50.0,-4091.720050092782,-3918.9320530295972,-1917.2947300208823,5632.183072689797,615.3984402812252,1917.2947300208823
mond,7.0,0.25,55.0,-3885.702757392943,-4281.741146559154,-2126.326404817432,5736.1445536251,727.0755289967601,2126.326404817432
mond,7.0,0.25,60.0,-3577.7736763346647,-4645.724516828161,-2168.1650443502294,5812.202288724707,775.5806342829824,2168.1650443502294
mond,7.0,0.25,65.0,-3242.3898915372783,-4871.80477609044,-2457.3600314116748,5785.647785340208,879.6895412977751,2457.3600314116748
mond,7.0,0.25,70.0,-2756.6401405575616,-5252.4979438804185,-2767.9319260447837,5878.560014528375,793.9342986604081,2767.9319260447837
mond,7.0,0.25,75.0,-2088.1821037218574,-5528.548316724987,-2691.5864066827644,5880.628899097084,586.1354278416704,2691.5864066827644
mond,7.0,0.25,80.0,-1795.7658254147893,-5735.225774519336,-3044.9994990798227,5959.926271121916,772.5726032091594,3044.9994990798227
mond,7.0,0.25,85.0,-1197.9233903142044,-5810.302636670729,-3588.2890774225198,5892.598583797497,686.9636882633852,3588.2890774225198
mond,7.0,0.25,90.0,-423.5719840529491,-5833.763482956689,-3745.131674608172,5833.763482956689,423.5719840529488,3745.131674608172
mond,7.0,0.25,95.0,560.9231551855581,-5693.686749584907,-3214.312439063653,5720.908226746266,-62.55117560017385,3214.312439063653
mond,7.0,0.25,100.0,471.64333186659394,-5842.333840949621,-3366.3310249743913,5835.475667340172,550.0326149240077,3366.3310249743913
mond,7.0,0.25,105.0,1572.8765931743371,-6382.636631314227,-3686.486868903497,6572.243979914558,132.66579524046233,3686.486868903497
mond,7.0,0.25,110.0,2749.7292070051626,-6248.482457880267,-3647.00972775372,6812.1156342669665,-446.793379170103,3647.00972775372
mond,7.0,0.25,115.0,2857.642275205225,-5631.507640924353,-3232.754353230523,6311.571038750106,-209.92547639670875,3232.754353230523
mond,7.0,0.25,120.0,3006.7222790825663,-5398.9498710859625,-3215.778913939553,6178.988881660447,95.57705973283282,3215.778913939553
mond,7.0,0.25,125.0,3540.8783600148217,-5380.154887595755,-3247.0027743228256,6438.129266055311,185.41232025904264,3247.0027743228256
mond,7.0,0.25,130.0,4073.706223421893,-4835.210178863836,-3300.4005180163863,6322.513774749499,-12.626822147629355,3300.4005180163863
mond,7.0,0.25,135.0,4559.613892516545,-4251.79351318632,-3242.3651519421264,6230.60592836986,-217.66187761181845,3242.3651519421264
mond,7.0,0.25,140.0,5008.437497053182,-3980.0583123645315,-3138.654180805711,6395.017882344151,-170.46001351890254,3138.654180805711
mond,7.0,0.25,145.0,5563.358000271747,-3412.565271773734,-3004.09213939207,6514.603106433437,-395.60123729787665,3004.09213939207
mond,7.0,0.25,150.0,5744.814305195246,-2794.290944065604,-2996.644058125707,6372.300600356134,-452.4802094720071,2996.644058125707
mond,7.0,0.25,155.0,5999.051610812807,-2290.129715384928,-2866.6937669828435,6404.837829191106,-459.7463694770645,2866.6937669828435
mond,7.0,0.25,160.0,6284.596581980164,-1713.4374943524633,-2750.3755050132227,6491.619170101107,-539.3540540919585,2750.3755050132227
mond,7.0,0.25,165.0,6361.09066958969,-1245.2712668362428,-2652.990768652029,6466.641681299267,-443.53173554092723,2652.990768652029
mond,7.0,0.25,170.0,6279.738617627858,-712.0812415802433,-2371.525407396702,6307.986887481295,-389.20203969294266,2371.525407396702
mond,7.0,0.25,175.0,6371.686167030732,-186.484691240573,-2437.2316903654473,6363.693189276672,-369.5539797534077,2437.2316903654473
mond,7.0,0.25,180.0,6385.046230316075,199.55105689291668,-2587.190966692433,6385.046230316075,-199.55105689291747,2587.190966692433
mond,7.0,0.25,185.0,6401.654488738011,811.9078185674758,-2317.1024802793186,6448.05668966591,-250.87731241631434,2317.1024802793186
mond,7.0,0.25,190.0,6185.42145647132,1276.7525462997796,-2244.8181051506263,6313.15675897759,-183.26864225592544,2244.8181051506263
mond,7.0,0.25,195.0,6036.153163609653,1727.9043787667893,-2214.6367099898216,6277.6907935079125,-106.75606691079975,2214.6367099898216
mond,7.0,0.25,200.0,5811.413371523283,2321.071469765056,-2224.1526190904033,6254.79545831515,-193.4732982018254,2224.1526190904033
mond,7.0,0.25,205.0,5537.171152919954,2643.2695789060167,-2090.9760385800696,6135.47532879539,-55.50615499183505,2090.9760385800696
mond,7.0,0.25,210.0,5276.798618517072,3109.6890106302826,-2176.765003065077,6124.686159605557,-54.67037181658543,2176.765003065077
mond,7.0,0.25,215.0,4992.642998240582,3460.4718850760228,-2121.583804633774,6074.578850348786,29.00976003923006,2121.583804633774
mond,7.0,0.25,220.0,4706.344524010707,3872.204162485984,-2200.7176087193343,6094.273927844467,58.89946565561149,2200.7176087193343
mond,7.0,0.25,225.0,4267.754694241494,4178.3547945799255,-2224.9609508908784,5972.30129418967,63.21527528809111,2224.9609508908784
mond,7.0,0.25,230.0,3840.2313278816787,4481.553966438108,-2228.71421507891,5901.522628420156,61.10050724719258,2228.71421507891
mond,7.0,0.25,235.0,3328.1001488528946,4669.475763553384,-2145.2344794747914,5733.930440671085,47.918772444814294,2145.2344794747914
mond,7.0,0.25,240.0,2967.7495574790682,4813.410525263845,-2203.833220395779,5652.410572461422,163.44124621497394,2203.833220395779
mond,7.0,0.25,245.0,2644.4778816527446,4956.372821135478,-2183.816557379995,5609.603928807703,302.057230580946,2183.816557379995
mond,7.0,0.25,250.0,2313.621611379249,5089.758559375746,-2180.8299162557905,5574.113754952599,433.2932035331419,2180.8299162557905
mond,7.0,0.25,255.0,1979.6614338657312,5287.113318966473,-2436.477988468627,5619.333383246044,543.800485715637,2436.477988468627
mond,7.0,0.25,260.0,1516.680098985857,5246.3395632694765,-2538.111540145537,5430.004612135055,582.6210157369313,2538.111540145537
mond,7.0,0.25,265.0,1116.8024358906225,5536.890977781027,-2704.976494835003,5613.157181779921,629.9808197688717,2704.976494835003
mond,7.0,0.25,270.0,772.4438277345471,5819.262753377057,-2898.3509176896623,5819.262753377057,772.4438277345461,2898.3509176896623
mond,7.0,0.25,275.0,42.810596148252145,5788.572826560142,-3025.879226009053,5762.814370032392,547.1550530527943,3025.879226009053
mond,7.0,0.25,280.0,-446.34815510969463,5849.552113724219,-3446.26799328411,5838.191816984356,576.196941021226,3446.26799328411
mond,7.0,0.25,285.0,-1599.2024643057039,5911.829937227296,-3246.0431718503214,6124.293271733927,-14.616782576340256,3246.0431718503214
mond,7.0,0.25,290.0,-1846.018295711991,6014.239219390991,-3435.2603054341294,6282.911656184137,322.3011894946294,3435.2603054341294
mond,7.0,0.25,295.0,-3004.958772234791,5369.0332524344385,-3581.355354722048,6135.947098464377,-454.3660346286242,3581.355354722048
mond,7.0,0.25,300.0,-3271.520925450045,5345.818305502804,-2991.9499607617217,6265.374919306332,-160.3110777007132,2991.9499607617217
mond,7.0,0.25,305.0,-3840.677975340536,4674.631694933024,-3038.407708766907,6032.156495470277,-464.84062612257185,3038.407708766907
mond,7.0,0.25,310.0,-4400.251511029932,4401.257982331628,-3010.6364644959963,6199.986370892702,-541.7141202736184,3010.6364644959963
mond,7.0,0.25,315.0,-4593.276588073746,3924.194418646757,-2985.4948048705883,6022.761507411878,-473.11253917283193,2985.4948048705883
mond,7.0,0.25,320.0,-4812.429973164564,3426.9246027760214,-2790.82985909539,5889.319912836319,-468.1938102900267,2790.82985909539
mond,7.0,0.25,325.0,-4994.342815904117,2824.0090604054985,-2984.0726162614255,5710.911180618349,-551.3445593399356,2984.0726162614255
mond,7.0,0.25,330.0,-5336.372984476338,2221.1571802454578,-2802.491349716518,5732.013158748219,-744.6079483473943,2802.491349716518
mond,7.0,0.25,335.0,-5504.773293899854,1909.0468602247074,-2669.2665779647527,5795.8169677825335,-596.2336855050601,2669.2665779647527
mond,7.0,0.25,340.0,-5727.795017127182,1455.8613937200357,-2672.2575287076625,5880.300633511144,-590.9590641320838,2672.2575287076625
mond,7.0,0.25,345.0,-5999.168106989419,1034.4877763715747,-2593.2226597354115,6062.496549241502,-553.4605006828439,2593.2226597354115
mond,7.0,0.25,350.0,-5965.854005107719,422.3004108437599,-2291.472820909676,5948.55097434003,-620.0749575147379,2291.472820909676
mond,7.0,0.25,355.0,-6034.237476220863,-32.13439451876622,-2034.1585452069157,6008.47468381571,-557.9305626017679,2034.1585452069157
mond,8.0,0.25,0.0,-5142.523739912056,-285.4288485215984,-1265.369453837182,5142.523739912056,-285.4288485215984,1265.369453837182
mond,8.0,0.25,5.0,-5099.7377609459845,-656.3785612232853,-1268.2480617654169,5137.538880139715,-209.40941025819842,1268.2480617654169
mond,8.0,0.25,10.0,-4996.828246038628,-980.4906216905741,-1217.54894833484,5091.175606845318,-97.90464695738558,1217.54894833484
mond,8.0,0.25,15.0,-4884.718975769507,-1265.0823388611832,-1229.3601253216648,5045.703615780168,42.28259741463148,1229.3601253216648
mond,8.0,0.25,20.0,-4699.322854933789,-1658.542860310748,-1217.488261287032,4983.174076267096,48.74258928688164,1217.488261287032
mond,8.0,0.25,25.0,-4536.046515761467,-1989.231243626442,-1241.6618606165648,4951.739729976778,114.16032735082376,1241.6618606165648
mond,8.0,0.25,30.0,-4369.269066956767,-2243.5350590002363,-1222.900911294244,4905.66553745421,241.67617810315915,1222.900911294244
mond,8.0,0.25,35.0,-4136.363733544074,-2516.0127554673527,-1337.3114203559044,4831.436438350215,311.5237776396566,1337.3114203559044
mond,8.0,0.25,40.0,-3867.2694867497785,-2682.265939065755,-1524.218879645042,4686.627611883947,431.09799181295057,1524.218879645042
mond,8.0,0.25,45.0,-3679.4618709006804,-3149.212357154117,-1458.887797536604,4828.60185317136,374.94302689106416,1458.887797536604
mond,8.0,0.25,50.0,-3483.9682657319504,-3335.8718450928827,-1526.5543949487571,4794.877723644053,524.6174404389435,1526.5543949487571
mond,8.0,0.25,55.0,-3210.9611388200556,-3613.4813553497625,-1690.747089249755,4801.722286501019,557.6576223744933,1690.747089249755
mond,8.0,0.25,60.0,-2969.559874058195,-3902.685182197805,-1747.154435080869,4864.6044477854975,620.3716978944119,1747.154435080869
mond,8.0,0.25,65.0,-2677.203249117203,-4141.809826431026,-1973.2829926397258,4885.1894815878195,675.9656828479133,1973.2829926397258
mond,8.0,0.25,70.0,-2299.332161428477,-4441.531278140646,-2230.044284053983,4960.092082463656,641.5723004949482,2230.044284053983
mond,8.0,0.25,75.0,-1736.504826355113,-4786.508805404603,-2193.5391551428447,5072.852993873491,438.4952208623911,2193.5391551428447
mond,8.0,0.25,80.0,-1407.0385392520664,-4900.02128562648,-2162.1555677796296,5069.908630258065,534.7826954641992,2162.1555677796296
mond,8.0,0.25,85.0,-1028.7170729789623,-5216.591456453636,-2304.2439786025275,5286.3993516024875,570.1465909397971,2304.2439786025275
mond,8.0,0.25,90.0,-495.0535092158643,-5405.2292031001525,-2759.3594933483037,5405.2292031001525,495.053509215864,2759.3594933483037
mond,8.0,0.25,95.0,512.4819167054974,-5477.36190098771,-2832.831352736722,5501.184627388893,-33.14822351160291,2832.831352736722
mond,8.0,0.25,100.0,1158.811570974848,-5532.737341873982,-2653.2108839828284,5649.908147216788,-180.45686245009404,2653.2108839828284
mond,8.0,0.25,105.0,1642.6705970956596,-5485.470805357851,-2471.090230788853,5723.71235560813,-166.95363803990745,2471.090230788853
mond,8.0,0.25,110.0,2211.873842666275,-5259.643296244086,-2245.613096313295,5698.953402133656,-279.5775740395752,2245.613096313295
mond,8.0,0.25,115.0,2392.7108880885085,-5051.945105517426,-2023.9612944089254,5589.820505184144,-33.48825109878544,2023.9612944089254
mond,8.0,0.25,120.0,2821.3441624143366,-4835.971504145308,-2237.381825069909,5598.746255774648,-25.36996539709162,2237.381825069909
mond,8.0,0.25,125.0,3206.148336866483,-4691.651832460958,-2235.9373227073647,5682.147327125298,64.69797422488136,2235.9373227073647
mond,8.0,0.25,130.0,3624.2472518278364,-4349.876878617216,-2321.01474083332,5661.8202390318675,19.712493485164032,2321.01474083332
mond,8.0,0.25,135.0,4144.716761820326,-3821.2064052073742,-2358.1559478948957,5632.7582898163055,-228.7563669450965,2358.1559478948957
mond,8.0,0.25,140.0,4593.070866109229,-3355.4284840245296,-2309.366170138544,5675.324268554903,-381.96169867710796,2309.366170138544
mond,8.0,0.25,145.0,4817.169775449993,-3024.9591887227516,-2222.7633110689476,5681.039780821953,-285.1135697675627,2222.7633110689476
mond,8.0,0.25,150.0,5149.833620491246,-2523.5912879393923,-2103.009465051336,5721.682384578306,-389.4226461210187,2103.009465051336
mond,8.0,0.25,155.0,5418.298536827687,-2086.536555938905,-2011.4115748927989,5792.454608745545,-398.82758064223003,2011.4115748927989
mond,8.0,0.25,160.0,5464.973324829563,-1594.1318934671908,-1863.154354985485,5680.62032481784,-371.1369829785774,1863.154354985485
mond,8.0,0.25,165.0,5482.274474177412,-1009.9504108782379,-1847.5052306965238,5556.864902357688,-443.3798592579775,1847.5052306965238
mond,8.0,0.25,170.0,5523.23344683846,-682.1120254923187,-1699.9877725800673,5557.770630334296,-287.3502117448403,1699.9877725800673
mond,8.0,0.25,175.0,5529.417726889487,-211.27602895436937,-1671.3807157973113,5526.790542290112,-271.4484490709002,1671.3807157973113
mond,8.0,0.25,180.0,5471.666002018668,229.14041717432337,-1559.6420308761299,5471.666002018668,-229.14041717432406,1559.6420308761299
mond,8.0,0.25,185.0,5367.975360610524,650.4547380659563,-1526.9598459353501,5404.2394595472015,-180.12968180482363,1526.9598459353501
mond,8.0,0.25,190.0,5274.897311806985,1010.5286983348029,-1534.7178480862362,5370.236235956747,-79.20019118597531,1534.7178480862362
mond,8.0,0.25,195.0,5138.003622135536,1371.908140371269,-1507.747170117448,5318.00634904676,4.65168713359526,1507.747170117448
mond,8.0,0.25,200.0,4918.238524119593,1833.8733544682864,-1536.8979527283766,5248.854075916527,-41.14061372054084,1536.8979527283766
mond,8.0,0.25,205.0,4716.470082045045,2219.7005741151324,-1506.331065422681,5212.6595609001815,-18.465527584377014,1506.331065422681
mond,8.0,0.25,210.0,4479.803696460078,2576.232055850366,-1487.6771880166032,5167.739833027043,8.8194418198118,1487.6771880166032
mond,8.0,0.25,215.0,4229.214795263661,2864.016015447709,-1547.5652925766296,5107.102045070297,79.71337690004611,1547.5652925766296
mond,8.0,0.25,220.0,3948.3276288748107,3178.919997062667,-1593.2087066275442,5067.964826009331,102.74207995410688,1593.2087066275442
mond,8.0,0.25,225.0,3595.320122593779,3535.0487143699893,-1649.8469208546999,5041.932156978317,42.61832146670349,1649.8469208546999
mond,8.0,0.25,230.0,3353.077700128675,3718.0895717775065,-1654.0061810945415,5003.538655437729,178.66463108642165,1654.0061810945415
mond,8.0,0.25,235.0,2974.7097281665,3869.4334885647286,-1731.3315289934558,4875.877757458613,217.3236839255842,1731.3315289934558
mond,8.0,0.25,240.0,2564.5567936344687,4076.7817679592727,-1803.3045256029372,4812.874973555202,182.58044875577752,1803.3045256029372
mond,8.0,0.25,245.0,2251.5471033720323,4246.030818033372,-1806.360495107026,4799.755717435638,246.14450905118383,1806.360495107026
mond,8.0,0.25,250.0,1964.5792617164425,4403.695055186871,-1883.092523628466,4810.0454282173905,339.94822124641746,1883.092523628466
mond,8.0,0.25,255.0,1704.6592094083749,4500.929424968164,-2005.7249367799611,4788.762242685449,481.64809954495695,2005.7249367799611
mond,8.0,0.25,260.0,1316.2511218769778,4658.156388956775,-2108.793157079652,4815.9531352539725,487.37394150555167,2108.793157079652
mond,8.0,0.25,265.0,951.1300252235567,4793.706581943519,-2279.0654522656296,4858.361524937596,529.7116306599498,2279.0654522656296
mond,8.0,0.25,270.0,551.9139791345187,4830.662869972617,-2448.597187058869,4830.662869972617,551.9139791345178,2448.597187058869
mond,8.0,0.25,275.0,69.70284109962103,5031.384089109943,-2601.014561752133,5006.163150746832,507.9516180804991,2601.014561752133
mond,8.0,0.25,280.0,-769.8861718935996,4983.002826600359,-2850.0291234528713,5040.989147678074,107.09948913060703,2850.0291234528713
mond,8.0,0.25,285.0,-1315.9849309626666,5155.643170741486,-2931.261902527356,5320.570852951127,63.23481051656495,2931.261902527356
mond,8.0,0.25,290.0,-2064.6515684650153,4869.500116289249,-2738.7691855747244,5281.985751557101,-274.67071568301594,2738.7691855747244
mond,8.0,0.25,295.0,-2533.32721732876,4876.493384401854,-2392.1644690882094,5490.234272723991,-235.07902667101007,2392.1644690882094
mond,8.0,0.25,300.0,-2927.5087874554656,4560.494853710374,-2372.4760317222203,5413.258790869114,-255.04955288342444,2372.4760317222203
mond,8.0,0.25,305.0,-3310.086752587489,4101.696236308946,-2248.528606116877,5258.500620586876,-358.82801993936846,2248.528606116877
mond,8.0,0.25,310.0,-3544.3811284222293,3695.0208446438105,-2249.2368298864894,5108.834458604788,-340.03985125308964,2249.2368298864894
mond,8.0,0.25,315.0,-3768.488071512348,3418.3093030321966,-2379.1861626398654,5081.833158554124,-247.61378181987038,2379.1861626398654
mond,8.0,0.25,320.0,-4086.563954467225,2972.4759466079026,-2410.270672353859,5041.160317340761,-349.7439949193531,2410.270672353859
mond,8.0,0.25,325.0,-4491.512167903145,2475.2935606953797,-2386.7983068289677,5099.00143375309,-548.5837626342518,2386.7983068289677
mond,8.0,0.25,330.0,-4848.692525790637,2064.9018913118357,-2260.5809842523095,5231.541848130344,-636.0887686967378,2260.5809842523095
mond,8.0,0.25,335.0,-5086.673406022542,1561.1895756604413,-1987.147557743753,5269.878942703785,-734.8028034343872,1987.147557743753
mond,8.0,0.25,340.0,-5237.85460175277,1210.4627866866158,-1823.3979654719758,5335.9759738095345,-653.9888332251351,1823.3979654719758
mond,8.0,0.25,345.0,-5314.906486286803,878.4760024788498,-1630.2263243697525,5361.171759522765,-527.0563630204432,1630.2263243697525
mond,8.0,0.25,350.0,-5359.806351508247,343.428911066287,-1563.9881850481252,5338.014654174197,-592.5091513604264,1563.9881850481252
mond,8.0,0.25,355.0,-5197.265951909734,-21.64582530684845,-1387.403500267352,5175.6022278832215,-474.5350307023109,1387.403500267352
mond,9.0,0.25,0.0,-4426.043191709646,-269.52540387446106,-998.058761560741,4426.043191709646,-269.52540387446106,998.058761560741
mond,9.0,0.25,5.0,-4369.594918257607,-515.3744660849475,-911.1628339034982,4397.885134761674,-132.57802003855443,911.1628339034982
mond,9.0,0.25,10.0,-4269.807026933056,-797.2956806974506,-882.9091434418931,4343.388006004507,-43.73875857761641,882.9091434418931
mond,9.0,0.25,15.0,-4180.471597064423,-1021.7279315586736,-946.8179225401875,4302.468129273023,95.07227029699129,946.8179225401875
mond,9.0,0.25,20.0,-4016.0744983755503,-1354.9596757341872,-1009.2388097654529,4237.299073145082,100.33276679108599,1009.2388097654529
mond,9.0,0.25,25.0,-3882.2639536854904,-1621.0885268638367,-978.8450609240934,4203.627667907838,171.51048835267056,978.8450609240934
mond,9.0,0.25,30.0,-3707.8873203500734,-1846.9312092831797,-1016.8997453090961,4134.5902184349625,254.45431389348914,1016.8997453090961
mond,9.0,0.25,35.0,-3575.0909992140582,-2138.702987287142,-1089.1054793105693,4155.2527383868655,298.6650307966638,1089.1054793105693
mond,9.0,0.25,40.0,-3378.104115550139,-2424.3614552318313,-1153.2029773640618,4146.127390819182,314.23484881455124,1153.2029773640618
mond,9.0,0.25,45.0,-3212.930858283943,-2581.6837149336957,-1198.6963892572062,4097.411259084585,446.35913566759655,1198.6963892572062
mond,9.0,0.25,50.0,-2996.3945969375072,-2801.5721872013637,-1324.747889989104,4072.1741266454073,494.55554080025286,1324.747889989104
mond,9.0,0.25,55.0,-2749.5297105133986,-3021.7386852948102,-1483.2463887404097,4052.3288743639723,519.0847765048779,1483.2463887404097
mond,9.0,0.25,60.0,-2440.8274770524195,-3285.19286982381,-1618.2759409343535,4065.474220125134,471.22216647056894,1618.2759409343535
mond,9.0,0.25,65.0,-2215.1549109240223,-3637.9503562326818,-1800.7223325387274,4233.267654647518,470.1478894129036,1800.7223325387274
mond,9.0,0.25,70.0,-1877.7124620753282,-4034.664681336121,-1836.245576735032,4433.5601138004795,384.5359519883316,1836.245576735032
mond,9.0,0.25,75.0,-1476.8285756170894,-4318.237588972459,-1808.9293287581443,4553.3285729620675,308.8647328865816,1808.9293287581443
mond,9.0,0.25,80.0,-1279.0937361533279,-4464.720090974895,-1941.9707742338987,4619.003256969659,484.3709206024265,1941.9707742338987
mond,9.0,0.25,85.0,-869.7928664903333,-4200.867040494198,-2573.9311829426006,4260.688916444262,500.3533549372632,2573.9311829426006
mond,9.0,0.25,90.0,81.65839922788837,-4797.6925257280545,-2072.036358351321,4797.6925257280545,-81.65839922788867,2072.036358351321
mond,9.0,0.25,95.0,472.4360751833151,-4844.456035904859,-2183.12672120983,4867.196935140366,-48.416149267227695,2183.12672120983
mond,9.0,0.25,100.0,1110.8603537810443,-4839.800377172176,-1927.7231006975398,4959.171810547087,-253.56137314978628,1927.7231006975398
mond,9.0,0.25,105.0,1524.7997303931934,-4773.584344979412,-1723.6053572507403,5005.575612977747,-237.3488976214801,1723.6053572507403
mond,9.0,0.25,110.0,1808.9721340733736,-4640.71372543195,-1593.0306485300162,4979.549351536201,-112.66019209045271,1593.0306485300162
mond,9.0,0.25,115.0,2141.9822356145646,-4391.340990025403,-1661.104141207185,4885.147343888139,-85.43428391643488,1661.104141207185
mond,9.0,0.25,120.0,2432.7448588735638,-4223.945521585399,-1592.4055733897708,4874.416555331248,5.153912082203078,1592.4055733897708
mond,9.0,0.25,125.0,2795.999200833842,-4050.035144085452,-1728.7280956498823,4921.313825374507,32.65626384760026,1728.7280956498823
mond,9.0,0.25,130.0,3081.742661402742,-3696.389655581176,-1823.1024133642127,4812.504754252535,15.241630290813646,1823.1024133642127
mond,9.0,0.25,135.0,3707.392491157067,-3317.4471890634936,-1831.1210783054778,4967.311774632297,-275.73296740220303,1831.1210783054778
mond,9.0,0.25,140.0,3969.928620339651,-3022.963748195637,-1705.8572125350115,4984.265401061915,-236.09634743892093,1705.8572125350115
mond,9.0,0.25,145.0,4395.284861280225,-2688.1679682348604,-1651.1412409581537,5142.276382883338,-319.01354090904124,1651.1412409581537
mond,9.0,0.25,150.0,4540.937617540354,-2220.178472186809,-1424.7655185270037,5042.656569883737,-347.7378509210771,1424.7655185270037
mond,9.0,0.25,155.0,4630.695058088828,-1780.1772591151002,-1328.289308916175,4949.170409375583,-343.6277838591725,1328.289308916175
mond,9.0,0.25,160.0,4630.868185983081,-1463.1233753969739,-1280.0962214392105,4852.010328756935,-208.96396153230694,1280.0962214392105
mond,9.0,0.25,165.0,4752.2331388683415,-1066.4169932231384,-1250.1910720536632,4866.3137492468095,-199.88872775869663,1250.1910720536632
mond,9.0,0.25,170.0,4718.733404097082,-618.193044385394,-1251.0780170565806,4754.39333635639,-210.59815354857267,1251.0780170565806
mond,9.0,0.25,175.0,4739.109283222108,-270.1752967044398,-1165.9572399727751,4744.622870279582,-143.8933914092177,1165.9572399727751
mond,9.0,0.25,180.0,4626.531862621605,97.62685673610463,-1163.8374583389596,4626.531862621605,-97.6268567361052,1163.8374583389596
mond,9.0,0.25,185.0,4524.229742615748,492.0638634110294,-1112.0775582158112,4549.899874037661,-95.87880827388744,1112.0775582158112
mond,9.0,0.25,190.0,4437.202384011405,769.0284909519812,-1129.7998980825753,4503.331705486446,13.16688774615011,1129.7998980825753
mond,9.0,0.25,195.0,4309.287281801223,1151.9794735692856,-1166.424047851734,4460.606105717727,2.598894472771917,1166.424047851734
mond,9.0,0.25,200.0,4170.360145788703,1528.4814514016477,-1195.655431085152,4441.628100096308,-9.955566107954837,1195.655431085152
mond,9.0,0.25,205.0,3989.0435033115427,1838.2933169392404,-1178.0394055205916,4392.197516053617,19.78308337808744,1178.0394055205916
mond,9.0,0.25,210.0,3851.679601107847,2092.095469252612,-1215.9397627219942,4381.700116424015,114.03197703883598,1215.9397627219942
mond,9.0,0.25,215.0,3602.784575583625,2367.8713054431396,-1266.3071691151763,4309.38353533615,126.8257173367806,1266.3071691151763
mond,9.0,0.25,220.0,3362.296376383174,2619.9266088881745,-1276.8593267686856,4259.724817728797,154.2622307147185,1276.8593267686856
mond,9.0,0.25,225.0,3091.224690661352,2881.38678937215,-1334.6932691746945,4223.274078924312,148.37780295154744,1334.6932691746945
mond,9.0,0.25,230.0,2846.6694767278696,3017.0351579622184,-1439.863962290748,4140.986885965085,241.36251651700763,1439.863962290748
mond,9.0,0.25,235.0,2590.6753903572503,3281.9946037520713,-1570.6517501061226,4174.402947152415,239.68227315684544,1570.6517501061226
mond,9.0,0.25,240.0,2233.599376191782,3471.6695075153675,-1743.7915947578672,4123.353675148011,198.51904790147273,1743.7915947578672
mond,9.0,0.25,245.0,1900.932905533652,3679.9417031380544,-1699.5909827499022,4138.52878161726,167.61972903204128,1699.5909827499022
mond,9.0,0.25,250.0,1777.2563705889297,3829.636525320406,-1745.6133406985168,4206.538661731056,360.2618634118628,1745.6133406985168
mond,9.0,0.25,255.0,1408.8593446861084,4055.3114456979083,-1941.0389886126256,4281.76968932069,311.2617906721496,1941.0389886126256
mond,9.0,0.25,260.0,1132.024652497386,4263.473928256184,-1991.1548257087584,4395.276197292316,374.48217620822084,1991.1548257087584
mond,9.0,0.25,265.0,759.0250786346186,4369.865285732378,-2083.896684503891,4419.390023514265,375.27790436926404,2083.896684503891
mond,9.0,0.25,270.0,294.4006231475687,4604.950243225549,-2197.725060150533,4604.950243225549,294.40062314756784,2197.725060150533
mond,9.0,0.25,275.0,-185.0519356699749,4723.099340667049,-2223.212737440921,4721.254860633341,227.29747392076612,2223.212737440921
mond,9.0,0.25,280.0,-839.1042922440349,4720.080183697017,-2143.3885527694138,4794.080490964785,-6.72309024697222,2143.3885527694138
mond,9.0,0.25,285.0,-1337.44411112865,4724.218504149551,-2047.2241065594058,4909.400669911069,-69.15408605774633,2047.2241065594058
mond,9.0,0.25,290.0,-1820.69113064974,4562.835393215965,-1994.2989941943724,4910.375790322409,-150.3084050427533,1994.2989941943724
mond,9.0,0.25,295.0,-2144.9414664472915,4252.649288820554,-1897.66521442045,4760.70060007944,-146.72990354482636,1897.66521442045
mond,9.0,0.25,300.0,-2463.197218266653,4029.1696440284295,-1981.8661628557165,4720.96187701905,-118.60654353586915,1981.8661628557165
mond,9.0,0.25,305.0,-2764.1687628158675,3717.5797120673546,-1950.9756690290537,4630.72508939606,-131.95836972184998,1950.9756690290537
mond,9.0,0.25,310.0,-3082.9070734965762,3391.761209231551,-2114.390166931469,4579.894295376924,-181.46175199476875,2114.390166931469
mond,9.0,0.25,315.0,-3588.9915378957326,3082.0790920019244,-2145.0737763036777,4717.159280175047,-358.44122795937164,2145.0737763036777
mond,9.0,0.25,320.0,-3880.6220093235497,2767.0399467870725,-2027.168393049517,4751.347919389939,-374.74017034559165,2027.168393049517
mond,9.0,0.25,325.0,-4212.065761321457,2286.6454745110327,-1956.9130307046971,4761.888241534425,-542.8313540451352,1956.9130307046971
mond,9.0,0.25,330.0,-4462.001961995004,1844.0363671730242,-1721.8442954985603,4786.225234410193,-634.0186415232968,1721.8442954985603
mond,9.0,0.25,335.0,-4585.776192914861,1438.833490785364,-1441.3608625049799,4764.2019820560345,-634.0067664336586,1441.3608625049799
mond,9.0,0.25,340.0,-4576.389538410202,1091.8091569858234,-1275.6555452488603,4673.820203442465,-539.2523977150856,1275.6555452488603
mond,9.0,0.25,345.0,-4584.000664650708,776.8072839878542,-1092.3008902739962,4628.857149182792,-436.08845712088146,1092.3008902739962
mond,9.0,0.25,350.0,-4563.687403038664,462.3368338900402,-1081.9546294557185,4574.63868550993,-337.1631024611611,1081.9546294557185
mond,9.0,0.25,355.0,-4508.705463092836,83.85438434940417,-1050.1273355887176,4498.856868740992,-309.42428036565695,1050.1273355887176
mond,10.0,0.25,0.0,-3857.227810811113,-131.21624252243782,-726.3740545370601,3857.227810811113,-131.21624252243782,726.3740545370601
mond,10.0,0.25,5.0,-3765.491214987234,-409.7740496112664,-688.635970074184,3786.876545733913,-80.03055198633331,688.635970074184
mond,10.0,0.25,10.0,-3712.8290345536875,-613.806082804715,-735.488410606644,3763.009126557218,40.24500664697962,735.488410606644
mond,10.0,0.25,15.0,-3618.5914635803374,-857.5043283138912,-782.0672228785144,3717.229400886886,108.27481034694802,782.0672228785144
mond,10.0,0.25,20.0,-3508.933947433339,-1163.239164560625,-800.2133950733564,3695.170563013334,107.0388324746707,800.2133950733564
mond,10.0,0.25,25.0,-3391.4053555615055,-1405.0135082267213,-838.6227595232222,3667.44144931217,159.8951528279424,838.6227595232222
mond,10.0,0.25,30.0,-3271.255629111279,-1613.6106221050227,-931.623317689646,3639.7957881357247,238.20002399627765,931.623317689646
mond,10.0,0.25,35.0,-3161.4962191236955,-1808.067343355156,-934.225604903367,3626.810914391447,332.2776743807326,934.225604903367
mond,10.0,0.25,40.0,-2941.0759051103532,-2013.7975081362752,-1067.8092452039036,3547.43894054853,347.82876027792054,1067.8092452039036
mond,10.0,0.25,45.0,-2772.672834677377,-2254.7853899638003,-1192.6478564511917,3554.949802775858,366.2017240483435,1192.6478564511917
mond,10.0,0.25,50.0,-2633.9775931627987,-2469.8522504623747,-1342.4375786470998,3585.104752868624,430.15347418863234,1342.4375786470998
mond,10.0,0.25,55.0,-2417.0243040196983,-2824.9997155782185,-1488.7936343531644,3700.4524790052037,359.5571301798402,1488.7936343531644
mond,10.0,0.25,60.0,-2173.836734220576,-3173.4287093531966,-1550.260389764583,3835.1882465090202,295.883480838221,1550.260389764583
mond,10.0,0.25,65.0,-1883.5610574464852,-3517.1765667619916,-1586.407377681847,3983.67181081973,220.6630068426623,1586.407377681847
mond,10.0,0.25,70.0,-1564.5872686266407,-3768.2733859393434,-1531.9783388030403,4076.1390557323302,181.4057073547565,1531.9783388030403
mond,10.0,0.25,75.0,-1273.3049380753307,-4029.5149890245702,-1447.4003739193315,4221.7681635147255,187.00290274273107,1447.4003739193315
mond,10.0,0.25,80.0,-1131.7861973345923,-4253.71570669102,-1559.9048363198958,4385.624817734857,375.94184110721665,1559.9048363198958
mond,10.0,0.25,85.0,-436.2360038761939,-4623.788651820991,-1764.0352396222331,4644.2142129719505,31.58625992054317,1764.0352396222331
mond,10.0,0.25,90.0,9.496459445898836,-4528.195980213975,-1413.556893916344,4528.195980213975,-9.496459445899113,1413.556893916344
mond,10.0,0.25,95.0,475.308314624791,-4460.964645475901,-1577.0327492423328,4485.415177393078,-84.70093594064406,1577.0327492423328
mond,10.0,0.25,100.0,960.1149720573525,-4383.570667351995,-1283.1226778265848,4483.696594333638,-184.3296102052966,1283.1226778265848
mond,10.0,0.25,105.0,1263.243571369244,-4243.232829892957,-1268.3106477176566,4425.599672224942,-121.97012129862833,1268.3106477176566
mond,10.0,0.25,110.0,1622.9824133521436,-4114.447685681276,-1198.4052553343388,4421.408806474094,-117.88061032963833,1198.4052553343388
mond,10.0,0.25,115.0,1866.9765162003625,-3992.293653787071,-1278.189978998663,4407.265196551526,-4.839150525027662,1278.189978998663
mond,10.0,0.25,120.0,2230.000567773327,-3801.742515296989,-1292.1898138539477,4407.405880781205,-30.36588449692954,1292.1898138539477
mond,10.0,0.25,125.0,2491.0218417366277,-3659.4701336840612,-1353.920825904694,4426.453871877723,58.46020418450257,1353.920825904694
mond,10.0,0.25,130.0,3086.896659896419,-3425.526137158889,-1281.1415207994642,4608.324187493567,-162.81427517305883,1281.1415207994642
mond,10.0,0.25,135.0,3365.66734590764,-3023.639406304978,-1249.8186020749672,4517.922131570538,-241.85027544830564,1249.8186020749672
mond,10.0,0.25,140.0,3620.3682384816875,-2697.46289415689,-1153.7479777633307,4507.258697086581,-260.75138561019,1153.7479777633307
mond,10.0,0.25,145.0,3807.213648764464,-2385.2462860400565,-1045.4254701088425,4486.807907996786,-229.84866574294597,1045.4254701088425
mond,10.0,0.25,150.0,3886.25244906804,-1994.3907105713652,-987.7367564641554,4362.788701698096,-215.9332041075195,987.7367564641554
mond,10.0,0.25,155.0,3948.7789810113827,-1703.3745495296948,-968.2892339650507,4298.68633099285,-125.0444904744329,968.2892339650507
mond,10.0,0.25,160.0,4040.126612060343,-1270.5513362083584,-1038.7617406399377,4231.031314506479,-187.87696794605768,1038.7617406399377
mond,10.0,0.25,165.0,4069.229697108195,-958.4118920714327,-969.6345173101486,4178.629308260077,-127.43934573399599,969.6345173101486
mond,10.0,0.25,170.0,4099.858371381258,-590.3838157913606,-931.9973991221241,4140.091384124486,-130.51837583860095,931.9973991221241
mond,10.0,0.25,175.0,4055.815130787718,-253.73203874559636,-868.3906937907284,4062.495734026754,-100.72106843662158,868.3906937907284
mond,10.0,0.25,180.0,3975.2854882229767,-19.447804895055015,-963.7629889513846,3975.2854882229767,19.447804895054528,963.7629889513846
mond,10.0,0.25,185.0,3906.114377004266,377.53745391195145,-953.0854047915324,3924.154989722347,-35.66051013303081,953.0854047915324
mond,10.0,0.25,190.0,3836.789441257451,644.4800347732486,-981.9318170520739,3890.41277200681,31.56255965980415,981.9318170520739
mond,10.0,0.25,195.0,3694.978607303405,934.419269499199,-1089.9974659490745,3810.92076743715,53.75112982506812,1089.9974659490745
mond,10.0,0.25,200.0,3583.099574102321,1245.413390091352,-1065.6988067621144,3792.9686955038337,55.18645738781265,1065.6988067621144
mond,10.0,0.25,205.0,3428.626114073606,1572.1759492380916,-1117.72592428567,3771.8208128396545,24.124703102336525,1117.72592428567
mond,10.0,0.25,210.0,3324.0832533427183,1751.262565652645,-1055.2827879162521,3754.3718245155405,145.40375611945592,1055.2827879162521
mond,10.0,0.25,215.0,3116.7740954960154,1964.9872075874218,-1316.47976605116,3680.182231915921,178.08489050890557,1316.47976605116
mond,10.0,0.25,220.0,2929.0923768448333,2187.6457964599736,-1300.6068870548816,3650.0065510114555,206.9503815724006,1300.6068870548816
mond,10.0,0.25,225.0,2720.1355714904626,2509.517255429264,-1453.9261899289254,3697.9229771663368,148.92963952896457,1453.9261899289254
mond,10.0,0.25,230.0,2491.5487969288897,2821.8554824288713,-1443.1479994568122,3763.2034071947537,94.7833702158398,1443.1479994568122
mond,10.0,0.25,235.0,2388.9147814408398,3072.79537386642,-1468.6986540260618,3887.3118392696097,194.4014066711709,1468.6986540260618
mond,10.0,0.25,240.0,2171.418930694622,3384.6276741409415,-1646.033836220966,4016.883013505206,188.19011916951126,1646.033836220966
mond,10.0,0.25,245.0,1810.4270866516604,3618.4035816480623,-1575.7637335131803,4044.5068910579466,111.6007345420519,1575.7637335131803
mond,10.0,0.25,250.0,1654.4839406088345,3753.2810781267817,-1603.1088451124926,4092.797367348166,271.0086179164714,1603.1088451124926
mond,10.0,0.25,255.0,1213.8600594232034,3973.8762734982542,-1589.4315612132928,4152.639824517328,143.98391843527406,1589.4315612132928
mond,10.0,0.25,260.0,1030.66371443126,4055.8171671710747,-1595.9884591845496,4173.173066828503,310.72035669075626,1595.9884591845496
mond,10.0,0.25,265.0,590.5367842406876,4153.040673459566,-1678.7939325661093,4188.705771910103,226.3282689321187,1678.7939325661093
mond,10.0,0.25,270.0,216.04543972206605,4344.747649847117,-1645.9986106485176,4344.747649847117,216.04543972206525,1645.9986106485176
mond,10.0,0.25,275.0,-251.17160523308598,4283.935028493075,-1792.8774265427833,4289.5244101655235,123.15371784662975,1792.8774265427833
mond,10.0,0.25,280.0,-850.439470610482,4278.212537741565,-1626.7276539223312,4360.894140489466,-94.61557327416597,1626.7276539223312
mond,10.0,0.25,285.0,-1164.4417370367728,4252.7355981712135,-1505.44737509565,4409.206845109842,-24.075380420553984,1505.44737509565
mond,10.0,0.25,290.0,-1436.1193520667277,4012.166301670519,-1601.3957203505952,4261.3848136723045,22.730935838826326,1601.3957203505952
mond,10.0,0.25,295.0,-1983.3662206780073,3852.346706108081,-1664.9745976339514,4329.618602688903,-169.4681817880214,1664.9745976339514
mond,10.0,0.25,300.0,-2254.322216628515,3789.176080563353,-1637.2524333996203,4408.683853494472,-57.7122676342633,1637.2524333996203
mond,10.0,0.25,305.0,-2704.799881380207,3573.69943701177,-1756.5661605746288,4478.812676507401,-165.85256455426816,1756.5661605746288
mond,10.0,0.25,310.0,-3179.4903870437934,3333.633147406518,-1515.6138686979234,4597.448173877202,-292.81286055185683,1515.6138686979234
mond,10.0,0.25,315.0,-3380.8882430115264,3026.27670157378,-1553.793467717031,4530.549780497,-250.7482256376461,1553.793467717031
mond,10.0,0.25,320.0,-3686.567470737355,2641.589042781841,-1574.336534010092,4522.05523172543,-346.10528523640755,1574.336534010092
mond,10.0,0.25,325.0,-3950.3138932253955,2238.9965594698756,-1411.364328835789,4520.143368801773,-431.72835649848344,1411.364328835789
mond,10.0,0.25,330.0,-3985.1963650581974,1742.3946906595775,-1226.0029660087175,4322.478636539591,-483.64011699877847,1226.0029660087175
mond,10.0,0.25,335.0,-4018.1199899628973,1361.2673060042064,-1029.0663084379817,4216.949858778942,-464.403725953661,1029.0663084379817
mond,10.0,0.25,340.0,-3966.238678924944,996.9782383426707,-904.5680366468625,4068.031858831953,-419.6804277749777,904.5680366468625
mond,10.0,0.25,345.0,-3944.365256171657,736.6355283765987,-838.5376928399237,4000.6195732965225,-309.3415677168572,838.5376928399237
mond,10.0,0.25,350.0,-3944.536582797702,438.5851432490372,-843.0654948345277,3960.769719656443,-253.0395399157402,843.0654948345277
mond,10.0,0.25,355.0,-3949.1420804167506,123.7845164416611,-803.3504836034481,3944.9029339933054,-220.87693224972122,803.3504836034481
mond,11.0,0.25,0.0,-3347.9322665509026,-67.93378931769985,-599.2591276869061,3347.9322665509026,-67.93378931769985,599.2591276869061
mond,11.0,0.25,5.0,-3275.6216176157614,-299.4372018350324,-619.3079240640552,3289.2545601557413,-12.808517835899977,619.3079240640552
mond,11.0,0.25,10.0,-3236.3117942387016,-485.8658284820256,-641.2951147284805,3271.5146618376602,83.4952106187456,641.2951147284805
mond,11.0,0.25,15.0,-3173.5933670387094,-733.8712355962136,-705.6001027019507,3255.395647787591,112.52122516760016,705.6001027019507
mond,11.0,0.25,20.0,-3070.899949628995,-969.4175069084533,-772.3629844542315,3217.262336493426,139.35516320835154,772.3629844542315
mond,11.0,0.25,25.0,-2964.3125459465623,-1210.5826767780102,-790.688273760355,3198.193890155132,155.61210860850088,790.688273760355
mond,11.0,0.25,30.0,-2884.0218159502433,-1398.0796203375712,-824.0163834322693,3196.6759678502253,231.23844024948153,824.0163834322693
mond,11.0,0.25,35.0,-2797.6647200439998,-1558.0595288207908,-977.5069231160995,3185.3790068230514,328.3869120703903,977.5069231160995
mond,11.0,0.25,40.0,-2716.314673904699,-1767.3988383946853,-1180.7469017400451,3216.8798364017193,392.1073574684874,1180.7469017400451
mond,11.0,0.25,45.0,-2451.2402407984405,-2091.035821620025,-1292.548757932785,3211.874205757427,254.7029874144191,1292.548757932785
mond,11.0,0.25,50.0,-2357.1917404959595,-2473.5394094925773,-1317.99874013188,3410.0147639238385,215.75314967969393,1317.99874013188
mond,11.0,0.25,55.0,-2180.4124906536395,-2787.4408463706654,-1325.9435142830814,3533.971093803591,187.27896191155105,1325.9435142830814
mond,11.0,0.25,60.0,-1911.5948736548714,-3055.7699526132806,-1406.8191139769629,3602.171843911707,127.6047460225825,1406.8191139769629
mond,11.0,0.25,65.0,-1694.0430792302873,-3319.681601521183,-1252.9379674819695,3724.5868273991114,132.36636631449028,1252.9379674819695
mond,11.0,0.25,70.0,-1410.0129791264485,-3586.3658831514545,-1229.9123475043393,3852.3343970476403,98.36941832372918,1229.9123475043393
mond,11.0,0.25,75.0,-1024.502361912666,-3717.228802008567,-1115.2418872913418,3855.728025101162,27.50368150214956,1115.2418872913418
mond,11.0,0.25,80.0,-845.900405812702,-3865.7137326757766,-1106.8617029911936,3953.8739188219597,161.77513285934606,1106.8617029911936
mond,11.0,0.25,85.0,-371.0032806297062,-4029.8579086258837,-1060.8550045877969,4046.8581491212954,18.36624194414418,1060.8550045877969
mond,11.0,0.25,90.0,-50.89673227475578,-4014.645059131297,-1040.781481584927,4014.645059131297,50.89673227475553,1040.781481584927
mond,11.0,0.25,95.0,370.20439074378373,-3951.266967246442,-1208.3983493972246,3968.4966421596755,-24.420043944591555,1208.3983493972246
mond,11.0,0.25,100.0,849.4410859245643,-3822.567704476065,-1080.691769228034,3911.9982083883265,-172.7542512548904,1080.691769228034
mond,11.0,0.25,105.0,1170.491021821722,-3744.0117976823753,-920.6490097431167,3919.3830578813404,-161.58594908835778,920.6490097431167
mond,11.0,0.25,110.0,1356.594786614749,-3651.3665995805322,-877.093857650764,3895.1449927627923,-25.941182655420334,877.093857650764
mond,11.0,0.25,115.0,1613.2768750720202,-3555.6792200119667,-975.1917894451933,3904.340033950652,40.56957674505816,975.1917894451933
mond,11.0,0.25,120.0,2013.6745442566078,-3361.829700097714,-953.6678570654204,3918.267195609945,-62.97846023141801,953.6678570654204
mond,11.0,0.25,125.0,2316.2423031322205,-3142.5245689810963,-957.4784074754004,3902.7474308653664,-94.87657425761631,957.4784074754004
mond,11.0,0.25,130.0,2669.1168176699202,-2932.1559677430682,-897.6861478285963,3961.8370046519176,-159.9085804777642,897.6861478285963
mond,11.0,0.25,135.0,2940.8562566364167,-2679.823914804815,-837.7602409470812,3974.421064106861,-184.57773901813084,837.7602409470812
mond,11.0,0.25,140.0,3129.396015320591,-2355.820172057405,-807.1533816396902,3911.548445103122,-206.87403265833404,807.1533816396902
mond,11.0,0.25,145.0,3242.776985473938,-2090.0113234272153,-753.4477717179209,3855.108643648987,-147.943419036784,753.4477717179209
mond,11.0,0.25,150.0,3324.209112832077,-1807.0398530014438,-766.9476909063018,3782.3694657050323,-97.1621380658903,766.9476909063018
mond,11.0,0.25,155.0,3405.9864150230196,-1527.2368214044222,-754.5067837939991,3732.3101812047335,-55.28543434153585,754.5067837939991
mond,11.0,0.25,160.0,3524.854131237914,-1208.357814599167,-755.540884439722,3725.5621294088905,-70.08619352024334,755.540884439722
mond,11.0,0.25,165.0,3457.1100782091557,-954.0028275496064,-1015.7751951033196,3586.2260097179383,26.73004022656562,1015.7751951033196
mond,11.0,0.25,170.0,3521.6702857740147,-523.4312533214458,-807.4312028716896,3559.061084256154,-96.05247102857834,807.4312028716896
mond,11.0,0.25,175.0,3490.8646820198283,-288.6305766729438,-767.6252764959643,3502.7367002734954,-16.716654004256156,767.6252764959643
mond,11.0,0.25,180.0,3517.341202383268,-33.16752051971707,-862.9338532154288,3517.341202383268,33.16752051971664,862.9338532154288
mond,11.0,0.25,185.0,3468.0834454093774,262.8152747690917,-900.709292155277,3477.792201334505,40.44820529301654,900.709292155277
mond,11.0,0.25,190.0,3399.8247355853887,516.1590569568241,-917.6759136460216,3437.8038381140045,82.05592864280618,917.6759136460216
mond,11.0,0.25,195.0,3343.7654155584564,858.0445169743671,-1069.3481145276019,3451.907634478871,36.62281285040331,1069.3481145276019
mond,11.0,0.25,200.0,3260.6450344552454,1164.9887172765998,-1033.2554976633583,3462.453685935538,20.474981094851046,1033.2554976633583
mond,11.0,0.25,205.0,3159.699184906733,1412.7270695872705,-1045.465505697357,3460.704234437332,54.98103302437721,1045.465505697357
mond,11.0,0.25,210.0,3030.6162561925994,1578.2306152750386,-1135.974207266107,3413.705974622399,148.52032223777155,1135.974207266107
mond,11.0,0.25,215.0,2888.873158180756,1806.8855492518005,-1165.1339238975368,3402.813327449413,176.87557967366,1165.1339238975368
mond,11.0,0.25,220.0,2702.860467166188,1919.4803368444723,-1458.5632750149805,3304.3294189591943,266.95797329014476,1458.5632750149805
mond,11.0,0.25,225.0,2482.386667992002,2626.5230040841016,-1401.192281109783,3612.544673594554,-101.9197806661075,1401.192281109783
mond,11.0,0.25,230.0,2369.401245072548,2935.336587313232,-1454.3945916735863,3771.62004410362,-71.73133127750361,1454.3945916735863
mond,11.0,0.25,235.0,2217.621705643315,3053.4006976610112,-1183.8405182110132,3773.1749786200726,65.21066272116036,1183.8405182110132
mond,11.0,0.25,240.0,1991.2744295270502,3264.0945474639016,-1177.8113550946878,3822.4260132215354,92.44696814483882,1177.8113550946878
mond,11.0,0.25,245.0,1722.423635612619,3434.7579866162905,-1124.145931416575,3840.8755927203706,109.4545037279338,1124.145931416575
mond,11.0,0.25,250.0,1439.1125254137287,3542.4662270504905,-1184.3767437598954,3821.034845146413,140.7286139097048,1184.3767437598954
mond,11.0,0.25,255.0,1130.6495740885546,3710.607287055652,-1178.089792290001,3876.8050528946396,131.7477893086717,1178.089792290001
mond,11.0,0.25,260.0,905.3028788647888,3758.9448052167836,-1261.204331912737,3859.0421824739487,238.81537855384693,1261.204331912737
mond,11.0,0.25,265.0,546.1448959942269,3900.5013261896393,-1335.4030414381514,3933.2584051081603,204.11555960703265,1335.4030414381514
mond,11.0,0.25,270.0,97.1583837692721,4014.3373153195375,-1436.3358305452707,4014.3373153195375,97.15838376927137,1436.3358305452707
mond,11.0,0.25,275.0,-265.0735303522406,4058.0340106562676,-1489.0619834566728,4065.694646512349,89.61612275264059,1489.0619834566728
mond,11.0,0.25,280.0,-869.3399505386426,3919.4284700844687,-1423.9016579854326,4010.8428429000564,-175.5311119676535,1423.9016579854326
mond,11.0,0.25,285.0,-1190.9954886178564,4025.796609690472,-1453.8203469793852,4196.8732317724825,-108.46046715270404,1453.8203469793852
mond,11.0,0.25,290.0,-1391.998611390677,3816.245612827607,-1244.5847667955156,4062.1894060576706,-2.8179518027966424,1244.5847667955156
mond,11.0,0.25,295.0,-1848.4439148858098,3677.736697508363,-1198.696022278011,4114.347561856496,-120.9804237205542,1198.696022278011
mond,11.0,0.25,300.0,-2232.342146824864,3453.1421041690446,-1122.6512361588643,4106.679858500474,-206.6939570045006,1122.6512361588643
mond,11.0,0.25,305.0,-2539.822698727411,3284.5258977986177,-1134.4278518920491,4147.3085562014385,-196.57429623209168,1134.4278518920491
mond,11.0,0.25,310.0,-2850.3734014685833,2968.1054669976,-1007.5744247475066,4105.885405028652,-275.6512865802115,1007.5744247475066
mond,11.0,0.25,315.0,-3154.0008923631153,2814.020772120636,-912.807671257446,4220.028589224687,-240.4022484920756,912.807671257446
mond,11.0,0.25,320.0,-3395.3994128903787,2513.8671887024884,-864.1421416196235,4216.909533709608,-256.7866818982186,864.1421416196235
mond,11.0,0.25,325.0,-3479.606648079215,2110.0367702639032,-803.8938906072582,4060.5942703532965,-267.3794472220686,803.8938906072582
mond,11.0,0.25,330.0,-3515.803736204705,1733.4212424219636,-808.7777442100405,3911.485971484499,-256.71503670535003,808.7777442100405
mond,11.0,0.25,335.0,-3462.2581313306578,1275.2553052444366,-840.7535398295322,3676.8176855339443,-307.43969955773105,840.7535398295322
mond,11.0,0.25,340.0,-3448.0434532267263,952.0346946326042,-736.1873241693627,3565.716031855569,-284.68033878731444,736.1873241693627
mond,11.0,0.25,345.0,-3413.978471810642,670.0624802301822,-706.4845363526496,3471.074907608988,-236.3719931929519,706.4845363526496
mond,11.0,0.25,350.0,-3402.8084732415837,415.6546382926153,-677.6211897982755,3423.289836942266,-181.55157996193816,677.6211897982755
mond,11.0,0.25,355.0,-3387.625464927255,151.3892862217739,-645.247687197003,3387.928972965812,-144.43780926459138,645.247687197003
mond,12.0,0.25,0.0,-2955.796437158002,25.28821042153868,-603.3275845862081,2955.796437158002,25.28821042153868,603.3275845862081
mond,12.0,0.25,5.0,-2897.8776875882777,-244.85197308193503,-645.4696376511016,2908.190643670996,8.646444852095982,645.4696376511016
mond,12.0,0.25,10.0,-2836.760482225373,-370.19527889930504,-717.1937701124698,2857.9474518959623,128.02710742744625,717.1937701124698
mond,12.0,0.25,15.0,-2754.10025060962,-600.4792000282818,-740.4844767689979,2815.672013408273,132.79522952267814,740.4844767689979
mond,12.0,0.25,20.0,-2729.5961368488847,-802.8265631835671,-803.3620784262852,2839.5642037283174,179.16666475173724,803.3620784262852
mond,12.0,0.25,25.0,-2711.071353196694,-1055.9619353982628,-938.6264952543066,2903.3338762165104,188.72173787725524,938.6264952543066
mond,12.0,0.25,30.0,-2645.7947737734166,-1325.2093740857574,-888.1002405743104,2953.930174330759,175.23240359516672,888.1002405743104
mond,12.0,0.25,35.0,-2578.3354254940978,-1530.7297498991177,-935.515636871683,2990.0392496198815,224.97204118872332,935.515636871683
mond,12.0,0.25,40.0,-2527.489317771882,-1749.8127088004894,-1035.6631763208297,3060.927075410722,284.2045150032684,1035.6631763208297
mond,12.0,0.25,45.0,-2325.3794175088,-2096.4387990749965,-1189.3106068977663,3126.6976461206086,161.88546378358433,1189.3106068977663
mond,12.0,0.25,50.0,-2127.30616185219,-2447.0542213265476,-1093.8633251710094,3241.9583311064553,56.67493039978399,1093.8633251710094
mond,12.0,0.25,55.0,-2021.935151437767,-2684.071715387448,-1025.6177337175063,3358.3971913724763,116.75202329744752,1025.6177337175063
mond,12.0,0.25,60.0,-1782.0766126387211,-2907.847866922471,-1098.4928448146793,3409.3084294146124,89.39968457401733,1098.4928448146793
mond,12.0,0.25,65.0,-1455.248431789531,-3135.043135546415,-943.4937790332723,3456.3285690852817,-6.0234946230129935,943.4937790332723
mond,12.0,0.25,70.0,-1218.4034835707223,-3253.1603982582296,-901.6950345712964,3473.6893545555577,32.278376977582866,901.6950345712964
mond,12.0,0.25,75.0,-926.3627687320732,-3342.388712174818,-884.9131915347331,3468.2599058084784,29.72386798442642,884.9131915347331
mond,12.0,0.25,80.0,-725.9964494143599,-3451.4640413100788,-879.4442008883897,3525.096507558479,115.62649098616271,879.4442008883897
mond,12.0,0.25,85.0,-318.3707954901048,-3492.531775227431,-896.7147333707431,3506.9894805486215,12.76509755475007,896.7147333707431
mond,12.0,0.25,90.0,-77.57927905242832,-3503.6120341051355,-843.5869380465156,3503.6120341051355,77.5792790524281,843.5869380465156
mond,12.0,0.25,95.0,290.85852496092895,-3505.807376048961,-922.4310535758827,3517.8167113283675,15.799525328902916,922.4310535758827
mond,12.0,0.25,100.0,708.2204773008411,-3404.768307109719,-803.5205172779507,3476.0234213215963,-106.22920498015287,803.5205172779507
mond,12.0,0.25,105.0,982.1478676721638,-3306.349035355284,-748.8353947133605,3447.886497236003,-92.9358905129858,748.8353947133605
mond,12.0,0.25,110.0,1177.9449808410563,-3195.9558125937465,-739.3965227615856,3406.0970046291854,-13.824941102321645,739.3965227615856
mond,12.0,0.25,115.0,1431.5297137849388,-3096.1454669237396,-795.9489539764489,3411.0513457411616,11.081088350019627,795.9489539764489
mond,12.0,0.25,120.0,1755.9223150687653,-2937.8681772887157,-798.3300916621627,3422.2296320362952,-51.73924327717668,798.3300916621627
mond,12.0,0.25,125.0,2048.473087726073,-2791.226115339087,-785.376847771668,3461.394472071779,-77.02938919562826,785.376847771668
mond,12.0,0.25,130.0,2394.2991452805854,-2517.5726067893456,-674.8530110671387,3467.5983300489697,-215.87507727627758,674.8530110671387
mond,12.0,0.25,135.0,2563.5019055972543,-2358.7927959195804,-632.0679736326034,3480.5879624411664,-144.75119962374424,632.0679736326034
mond,12.0,0.25,140.0,2729.8588536446496,-2146.2094907390665,-602.4272881460055,3470.7500737723567,-110.62759316600773,602.4272881460055
mond,12.0,0.25,145.0,2809.302118908242,-1910.746154944741,-585.0127037849503,3397.204544053751,-46.15787905651632,585.0127037849503
mond,12.0,0.25,150.0,2842.6954354506333,-1600.145703459199,-666.7687490216495,3261.9193140519146,-35.58088877312889,666.7687490216495
mond,12.0,0.25,155.0,3039.6849924294534,-1336.744927446531,-606.818886178494,3319.8229964054044,-73.12405071329431,606.818886178494
mond,12.0,0.25,160.0,3073.1186906236,-1117.137217301478,-647.0534092850501,3269.87038755414,-1.302895520373113,647.0534092850501
mond,12.0,0.25,165.0,3172.958156129765,-836.774454722866,-704.7872624102753,3281.415394077836,-12.959943523992706,704.7872624102753
mond,12.0,0.25,170.0,3131.4118742507485,-601.4089184747736,-751.0880438916345,3188.2722543624104,48.50820015641489,751.0880438916345
mond,12.0,0.25,175.0,3194.8254586702824,-294.84783023004644,-812.2414150818119,3208.3658648970995,15.278459419491128,812.2414150818119
mond,12.0,0.25,180.0,3136.921857742076,-39.51503336341557,-832.1873120562232,3136.921857742076,39.515033363415185,832.1873120562232
mond,12.0,0.25,185.0,3145.1885012335515,195.23426016604773,-950.0509332905124,3150.235896382549,79.62990504312205,950.0509332905124
mond,12.0,0.25,190.0,3170.923177453359,491.8513862919149,-903.71832709732,3208.158826274718,66.24597273652842,903.71832709732
mond,12.0,0.25,195.0,3129.5540503757647,800.956821593466,-931.6893099887205,3230.219961758682,36.32331119544722,931.6893099887205
mond,12.0,0.25,200.0,2998.422894550152,1007.1441663281149,-988.3492433450335,3162.059460121455,79.11508697890406,988.3492433450335
mond,12.0,0.25,205.0,2840.9512480331523,1255.9225971063147,-1065.9944959844127,3105.5520635538705,62.38544846109471,1065.9944959844127
mond,12.0,0.25,210.0,2854.2306865539763,1497.6372727092566,-1106.4909674558132,3220.654919171471,130.12341945632897,1106.4909674558132
mond,12.0,0.25,215.0,2850.4604609409707,1716.1250340601073,-1194.6890881961758,3319.289395113752,229.18962324022982,1194.6890881961758
mond,12.0,0.25,220.0,2645.0541324089495,2377.306517928941,-1206.8397444623936,3554.332194032539,-120.91442438734089,1206.8397444623936
mond,12.0,0.25,225.0,2426.1071665840946,2573.303151346217,-1051.794025559114,3535.1169377425167,-104.08327898872903,1051.794025559114
mond,12.0,0.25,230.0,2249.7913123087333,2740.3673912698478,-924.5637835800613,3545.38119211919,-38.03407212582533,924.5637835800613
mond,12.0,0.25,235.0,2069.382431014557,2911.1140047364056,-906.9728718971261,3571.5939883669344,25.39245213296681,906.9728718971261
mond,12.0,0.25,240.0,1837.6074887719897,3061.2378042749965,-874.9983006558729,3569.9134499134375,60.79586532357075,874.9983006558729
mond,12.0,0.25,245.0,1595.9831894262445,3168.0249358682704,-833.5165330198638,3545.697310186394,107.58680100875608,833.5165330198638
mond,12.0,0.25,250.0,1321.1972909291921,3302.04167980233,-844.9683154035231,3554.780286842842,112.15457629517073,844.9683154035231
mond,12.0,0.25,255.0,1088.726224964275,3360.91788560361,-933.672379352547,3528.180467664701,181.75922063128633,933.672379352547
mond,12.0,0.25,260.0,712.8167955372032,3549.3693714449455,-1076.8661308969831,3619.225812858466,85.64598350412291,1076.8661308969831
mond,12.0,0.25,265.0,435.5169383456458,3752.659619592935,-999.0896284685606,3776.3374190221693,106.7938284843151,999.0896284685606
mond,12.0,0.25,270.0,14.154914032822179,3757.148006030359,-935.9210400481678,3757.148006030359,14.154914032821488,935.9210400481678
mond,12.0,0.25,275.0,-273.1458961868957,3823.4777972911106,-923.2024206264966,3832.7345433935534,61.13155371518184,923.2024206264966
mond,12.0,0.25,280.0,-675.7169378858663,3766.815588887017,-907.3600052153301,3826.9262109857395,-11.35061665405567,907.3600052153301
mond,12.0,0.25,285.0,-1009.0514781463952,3652.0637432041026,-875.0392396869892,3788.7844288479077,-29.445232127140912,875.0392396869892
mond,12.0,0.25,290.0,-1269.1725169150484,3531.531122200681,-865.8041480122866,3752.6363017480426,15.22273192478815,865.8041480122866
mond,12.0,0.25,295.0,-1746.2089746881231,3347.7902746879745,-948.9895770888891,3772.10819683398,-167.7654849920791,948.9895770888891
mond,12.0,0.25,300.0,-2016.739066933203,3122.5258256924108,-803.0648365498466,3712.556222489209,-185.2843519224732,803.0648365498466
mond,12.0,0.25,305.0,-2234.7202078086307,2975.1633886511286,-733.8096652831714,3718.8940249438792,-124.0920126157439,733.8096652831714
mond,12.0,0.25,310.0,-2597.2919562702955,2645.515983244606,-708.6400094331082,3696.089906376029,-289.1361750011449,708.6400094331082
mond,12.0,0.25,315.0,-2718.8572762251224,2407.599052702827,-554.6184001456443,3624.952033641647,-220.09280055269414,554.6184001456443
mond,12.0,0.25,320.0,-2831.7641782646106,2156.6148732905253,-511.44448580595173,3555.5025323998398,-168.16008771073166,511.44448580595173
mond,12.0,0.25,325.0,-2934.4681283986633,1911.529080156707,-542.3045451981485,3500.183604056334,-117.30881794440825,542.3045451981485
mond,12.0,0.25,330.0,-3012.9180369840174,1625.5656955289828,-561.1207400770562,3422.0464073129933,-98.67783064339119,561.1207400770562
mond,12.0,0.25,335.0,-3014.5832564138377,1333.316731503504,-670.4992278573661,3295.6242793759648,-65.62259935035263,670.4992278573661
mond,12.0,0.25,340.0,-3069.3337427405654,935.1041896535318,-736.8405087571742,3204.054737752237,-171.06345992302852,736.8405087571742
mond,12.0,0.25,345.0,-3029.1555448062177,644.779453319244,-744.7796558343533,3092.8207749848707,-161.1940193521466,744.7796558343533
mond,12.0,0.25,350.0,-3046.983053161891,412.66313536684345,-619.5389647365565,3072.350735497413,-122.70919947198837,619.5389647365565
mond,12.0,0.25,355.0,-2989.427287583182,148.62785546001123,-633.5737936598015,2991.005385356763,-112.4834740414203,633.5737936598015
mond,13.0,0.25,0.0,-2717.018527024593,8.276306293846574,-653.0323971040925,2717.018527024593,8.276306293846574,653.0323971040925
mond,13.0,0.25,5.0,-2639.1130137230457,-191.47059716223097,-761.8252915387055,2645.758154045838,39.271861172567725,761.8252915387055
mond,13.0,0.25,10.0,-2655.4889500500735,-366.8109973057311,-758.2266831067715,2678.84216727789,99.88250295404134,758.2266831067715
mond,13.0,0.25,15.0,-2655.0832705418284,-668.3130847773514,-903.388628448416,2737.5856563959915,41.64524811595447,903.388628448416
mond,13.0,0.25,20.0,-2564.274377006058,-823.3386255907272,-852.9759311409912,2691.228104473075,103.34825907433344,852.9759311409912
mond,13.0,0.25,25.0,-2544.3224790931727,-1077.0401083369413,-823.6686075789685,2761.1160939449087,99.14730628557686,823.6686075789685
mond,13.0,0.25,30.0,-2462.034702313895,-1271.482405959827,-903.1173708796022,2767.9258001826047,129.88128713077845,903.1173708796022
mond,13.0,0.25,35.0,-2423.440080384041,-1427.8588906584769,-887.1429587511717,2804.152110174513,220.39459577786738,887.1429587511717
mond,13.0,0.25,40.0,-2270.2133981102884,-1698.101665506545,-960.305197607608,2830.603068892322,158.44369893729777,960.305197607608
mond,13.0,0.25,45.0,-2164.1159064661556,-2023.2135269610476,-1011.7219090949268,2960.8890374383996,99.63302803338229,1011.7219090949268
mond,13.0,0.25,50.0,-1930.2043951908001,-2349.4664445640997,-956.3774195105359,3040.5071835439776,-31.585568920349488,956.3774195105359
mond,13.0,0.25,55.0,-1817.234379133387,-2526.4163902524338,-823.598005347367,3111.84196999843,39.49834675948591,823.598005347367
mond,13.0,0.25,60.0,-1595.915093247178,-2687.241289327351,-883.2692010474116,3125.176769279524,38.48236837139166,883.2692010474116
mond,13.0,0.25,65.0,-1284.8053652486399,-2859.639898236137,-812.756451032057,3134.696118028609,-44.10693564559733,812.756451032057
mond,13.0,0.25,70.0,-1087.0190149684192,-2952.393782964222,-700.0836409035599,3146.125050802898,11.685602216553661,700.0836409035599
mond,13.0,0.25,75.0,-837.8802033129564,-3033.736461800785,-742.4577669022849,3147.2237527399634,24.14135358034082,742.4577669022849
mond,13.0,0.25,80.0,-638.3960416371433,-3174.5889396110083,-715.5447790280192,3237.216109615797,77.43578709151848,715.5447790280192
mond,13.0,0.25,85.0,-388.237296853848,-3206.0738011064864,-744.6010011819068,3227.7108323227712,107.33219328803114,744.6010011819068
mond,13.0,0.25,90.0,-131.65168382481352,-3198.363518641352,-787.5060903011326,3198.363518641352,131.65168382481332,787.5060903011326
mond,13.0,0.25,95.0,345.522543121961,-3063.338000349209,-821.456174811166,3081.795348292706,-77.22022682171263,821.456174811166
mond,13.0,0.25,100.0,618.9235256466048,-3063.973043641755,-764.2976833148418,3124.8993507425375,-77.46735112943804,764.2976833148418
mond,13.0,0.25,105.0,855.6135498612908,-2991.85913181488,-678.4206835798224,3111.36308599066,-52.10910155630597,678.4206835798224
mond,13.0,0.25,110.0,1155.3958378605962,-2917.090686835419,-729.1919211897011,3136.3372426455026,-88.01316811893082,729.1919211897011
mond,13.0,0.25,115.0,1311.8070105446648,-2860.303143972351,-699.2416077318129,3146.7086112032034,19.915434011153593,699.2416077318129
mond,13.0,0.25,120.0,1603.520304702327,-2686.0747408003567,-708.5635164841137,3127.9691143479736,-45.651948956201295,708.5635164841137
mond,13.0,0.25,125.0,1913.375961361189,-2475.0884711988683,-637.2409205642037,3124.941146295976,-147.69340527862687,637.2409205642037
mond,13.0,0.25,130.0,2121.531713766632,-2290.6185831828298,-527.9756571144154,3118.409936118514,-152.8063364439522,527.9756571144154
mond,13.0,0.25,135.0,2261.6122969378002,-2122.6262103746167,-485.88720551801003,3100.1247788597966,-98.27800429940794,485.88720551801003
mond,13.0,0.25,140.0,2329.0044730514064,-1973.5743659317804,-520.8019157771796,3052.71008379619,14.79045792212878,520.8019157771796
mond,13.0,0.25,145.0,2433.7754415525897,-1687.5374506600951,-591.4029259327397,2961.563845446694,-13.606492121976999,591.4029259327397
mond,13.0,0.25,150.0,2608.077835412831,-1456.4648855329388,-542.1170029976429,2986.8941032811113,-42.70332711489573,542.1170029976429
mond,13.0,0.25,155.0,2753.8402735983555,-1240.7172651130486,-572.603528325566,3020.176658111079,-39.351470656897845,572.603528325566
mond,13.0,0.25,160.0,2836.7639658976627,-1013.3493610781092,-618.6638624644467,3012.272059380312,-17.993501314197374,618.6638624644467
mond,13.0,0.25,165.0,2868.1175227187405,-783.7244355041225,-598.9096722882894,2973.231598046944,14.696234475380493,598.9096722882894
mond,13.0,0.25,170.0,2968.4394399791404,-513.0040858609852,-780.863900360679,3012.424399484124,-10.253698184182042,780.863900360679
mond,13.0,0.25,175.0,2963.0970020856707,-313.05814651294867,-736.0173513271342,2979.106338691832,53.615945700492375,736.0173513271342
mond,13.0,0.25,180.0,3037.07482693957,-22.020111986013944,-819.8041630166699,3037.07482693957,22.02011198601357,819.8041630166699
mond,13.0,0.25,185.0,3084.043063217139,260.2916581747045,-776.6518424575332,3094.9932610627757,9.490894009302451,776.6518424575332
mond,13.0,0.25,190.0,3036.8814253314695,460.34888262956804,-766.8890973143796,3070.6831172048282,73.99377659525447,766.8890973143796
mond,13.0,0.25,195.0,2990.5308532861945,627.8746085558032,-836.2123296761692,3051.136892133952,167.52603972197005,836.2123296761692
mond,13.0,0.25,200.0,2606.750290288769,1013.8440848209011,-1080.56860712922,2796.299111216207,-61.140697234850336,1080.56860712922
mond,13.0,0.25,205.0,2880.8816466799794,1342.6218633445517,-946.1541746434879,3178.381987978765,0.6845440057520591,946.1541746434879
mond,13.0,0.25,210.0,2742.561685048199,1639.1348654400122,-955.7570151204815,3194.695523417603,-48.25159117573844,955.7570151204815
mond,13.0,0.25,215.0,2699.4233929239376,1895.1947729230533,-835.7114089507303,3298.277254759505,-4.127022649768605,835.7114089507303
mond,13.0,0.25,220.0,2525.664636825334,2176.87955062493,-770.3782570576359,3334.042563143865,-44.12054832078775,770.3782570576359
mond,13.0,0.25,225.0,2307.9564935070293,2393.221762484941,-719.1813008835982,3324.2350243786696,-60.29164989397668,719.1813008835982
mond,13.0,0.25,230.0,2094.995303712417,2581.538792383559,-628.9077483480279,3324.2104701793323,-54.52163890005136,628.9077483480279
mond,13.0,0.25,235.0,1903.5120218002612,2665.3664977704166,-595.3050901708764,3275.150057443596,30.474346625730732,595.3050901708764
mond,13.0,0.25,240.0,1668.8165396144238,2729.6204079596673,-641.6786311740361,3198.3288857887273,80.42731358189599,641.6786311740361
mond,13.0,0.25,245.0,1442.1965465423336,2856.130818181663,-699.6201969279261,3198.0321989015606,100.02091888470636,699.6201969279261
mond,13.0,0.25,250.0,1210.2235563070078,2984.9777698569847,-759.6296879129942,3218.8824177288093,116.31562069255426,759.6296879129942
mond,13.0,0.25,255.0,938.1089920670192,3168.058979179261,-726.9626718440779,3302.910460725104,86.18970349189794,726.9626718440779
mond,13.0,0.25,260.0,599.7020726123199,3343.5215101123763,-653.7480583833625,3396.8630775739643,9.994833384905519,653.7480583833625
mond,13.0,0.25,265.0,366.6001382518883,3366.4610837998493,-656.4672135382059,3385.601990354339,71.79869785656962,656.4672135382059
mond,13.0,0.25,270.0,16.35814054169323,3410.7785381611175,-662.1395348449441,3410.7785381611175,16.358140541692606,662.1395348449441
mond,13.0,0.25,275.0,-267.3678436423887,3376.054511575657,-620.5889199232039,3386.5102478998792,27.892110236187307,620.5889199232039
mond,13.0,0.25,280.0,-586.687579372423,3320.5237849298974,-667.6424645323522,3371.954796478248,-1.1715726091538272,667.6424645323522
mond,13.0,0.25,285.0,-874.6775811742209,3193.305924076325,-622.1328064706136,3310.8798796392953,-18.385275342577415,622.1328064706136
mond,13.0,0.25,290.0,-1123.38638883044,3084.4139146362522,-617.0436495572385,3282.6217687509557,-0.7062107157148603,617.0436495572385
mond,13.0,0.25,295.0,-1472.3484409143794,2904.2061184444083,-665.1347392693724,3254.3459590815146,-107.03031571829251,665.1347392693724
mond,13.0,0.25,300.0,-1793.0650472460143,2774.342645261118,-564.243914285786,3299.1837332216546,-165.6685589224337,564.243914285786
mond,13.0,0.25,305.0,-1926.6147120554956,2591.621028422849,-599.7068340732694,3227.9924642172045,-91.69762608229576,599.7068340732694
mond,13.0,0.25,310.0,-2235.082407886134,2313.8336634486805,-504.26431242003207,3209.1826986040523,-224.86884873373288,504.26431242003207
mond,13.0,0.25,315.0,-2315.9798746084334,2141.406084526164,-431.78306912164237,3151.847838069777,-123.44231078461053,431.78306912164237
mond,13.0,0.25,320.0,-2464.319865115459,1893.6845863751996,-421.6694178221393,3105.015527515764,-133.38772118783982,421.6694178221393
mond,13.0,0.25,325.0,-2531.358469063913,1693.4382429721636,-465.43102372825825,3044.883737346508,-64.74417120491421,465.43102372825825
mond,13.0,0.25,330.0,-2604.59110072456,1481.7864700358941,-456.5732777892889,2996.535294716289,-19.030824327128357,456.5732777892889
mond,13.0,0.25,335.0,-2723.1728051805308,1266.9106357883084,-521.420962452769,3003.4522894592124,-2.651582650442606,521.420962452769
mond,13.0,0.25,340.0,-2834.0221345074947,956.9844358982054,-608.9801585956687,2990.4176408669605,-70.02144401186172,608.9801585956687
mond,13.0,0.25,345.0,-2821.563242848267,701.1179441243484,-632.955718812854,2906.8834835775815,-53.04637470595617,632.955718812854
mond,13.0,0.25,350.0,-2799.8381450480692,459.22611163847955,-610.0456560180617,2837.04608984575,-33.93735652273148,610.0456560180617
mond,13.0,0.25,355.0,-2745.602720461233,184.22306616134892,-664.8415999583754,2751.210971352297,-55.773002615649375,664.8415999583754
mond,14.0,0.25,0.0,-2506.6132352774584,69.31905913728406,-759.2342245595646,2506.6132352774584,69.31905913728406,759.2342245595646
mond,14.0,0.25,5.0,-2593.1026230188663,-233.24876383624718,-809.1986672775561,2603.564053916314,-6.3573967400132005,809.1986672775561
mond,14.0,0.25,10.0,-2575.1866521899633,-383.3015910717169,-755.7869120742745,2602.6234033166666,69.69809067564853,755.7869120742745
mond,14.0,0.25,15.0,-2552.1847664443985,-642.465057377163,-825.7149575072061,2631.503372032272,39.9804327674492,825.7149575072061
mond,14.0,0.25,20.0,-2468.4216028791097,-798.5957254947393,-1021.4370349825306,2592.6933897070007,93.81540016631448,1021.4370349825306
mond,14.0,0.25,25.0,-2419.8787033582466,-1056.2765240210315,-841.0223007089149,2639.556661037007,65.37329225233395,841.0223007089149
mond,14.0,0.25,30.0,-2387.054718240137,-1241.0622127042875,-847.1589488746052,2687.7811325716075,118.7359552412288,847.1589488746052
mond,14.0,0.25,35.0,-2292.289921337804,-1422.8662640276489,-1006.2755579167501,2693.85653629202,149.25967523626832,1006.2755579167501
mond,14.0,0.25,40.0,-2216.4856191819663,-1828.0145849561295,-1015.7779749998817,2872.951617363554,24.389078312477068,1015.7779749998817
mond,14.0,0.25,45.0,-2075.7961351856875,-2153.635097450342,-836.3179659597974,2990.6595051591153,-55.04045805786109,836.3179659597974
mond,14.0,0.25,50.0,-1942.3860690621864,-2341.953182126733,-762.4264830563633,3042.581919633908,-17.424433340223686,762.4264830563633
mond,14.0,0.25,55.0,-1721.1818408184788,-2456.024093565513,-635.3588532897193,2999.0865036360046,1.1920763199320845,635.3588532897193
mond,14.0,0.25,60.0,-1527.7848148020162,-2558.0851905338577,-682.112877406229,2979.259167448085,44.05786586772069,682.112877406229
mond,14.0,0.25,65.0,-1230.852911839729,-2664.2430673446383,-665.7554689085126,2934.80515655304,-10.426195278819023,665.7554689085126
mond,14.0,0.25,70.0,-1015.2925789914289,-2690.1195590412376,-653.0255470805113,2875.136012047029,33.98786727047059,653.0255470805113
mond,14.0,0.25,75.0,-738.6690292340963,-2886.6847253371257,-685.7010825492888,2979.50494135047,-33.62949170669867,685.7010825492888
mond,14.0,0.25,80.0,-548.6891763774548,-2901.6277720280486,-557.6966345580861,2952.824401832276,36.49098000997435,557.6966345580861
mond,14.0,0.25,85.0,-305.67281032185895,-2948.440786084894,-605.0391419072579,2963.862219556596,47.53608633472169,605.0391419072579
mond,14.0,0.25,90.0,-96.25071224304702,-2965.944178928432,-672.2883947775554,2965.944178928432,96.25071224304683,672.2883947775554
mond,14.0,0.25,95.0,293.9280307082852,-2995.3348456437684,-671.8077251196638,3009.554208070516,-31.74891256211663,671.8077251196638
mond,14.0,0.25,100.0,560.0095765637541,-2912.567415935352,-701.3321498686115,2965.5636148301924,-45.73974865181464,701.3321498686115
mond,14.0,0.25,105.0,772.3468622029308,-2849.0696808219122,-627.154381302807,2951.8880629663286,-8.636286834263956,627.154381302807
mond,14.0,0.25,110.0,986.7446866527808,-2716.2189241418846,-600.7084162520282,2889.8974386099944,1.7648850915794583,600.7084162520282
mond,14.0,0.25,115.0,1201.4149353731473,-2600.02461112518,-615.5325516838611,2864.162443166402,9.96617024594434,615.5325516838611
mond,14.0,0.25,120.0,1481.260408226047,-2460.4739466891288,-647.9142795157485,2871.463147295567,-52.57216979930104,647.9142795157485
mond,14.0,0.25,125.0,1750.1765523642557,-2201.2507583464676,-576.9897083937585,2807.0190885824522,-171.0751352484349,576.9897083937585
mond,14.0,0.25,130.0,1907.4877672762755,-2052.3375596291567,-533.475218699394,2798.2912853921107,-142.00325021548633,533.475218699394
mond,14.0,0.25,135.0,2018.073701488861,-1916.1665119209101,-465.5988372631669,2781.927933718859,-72.0592647951612,465.5988372631669
mond,14.0,0.25,140.0,2109.8951019511123,-1819.1643191886028,-480.8367967575147,2785.6097027718815,37.34628856225481,480.8367967575147
mond,14.0,0.25,145.0,2236.7636174057443,-1487.5653498906102,-686.9318898024572,2685.481922018709,-64.41270725489835,686.9318898024572
mond,14.0,0.25,150.0,2474.7844620995975,-1315.3644812689818,-613.3860795463478,2800.9084537037497,-98.25317503511974,613.3860795463478
mond,14.0,0.25,155.0,2551.3351054090335,-1125.4275717248772,-523.5763136519985,2787.921117449603,-58.257035365985985,523.5763136519985
mond,14.0,0.25,160.0,2657.587557937889,-954.6636997914899,-534.9030334047582,2823.829632717175,-11.858043440194365,534.9030334047582
mond,14.0,0.25,165.0,2678.715720641008,-718.1472126245081,-585.3126163633599,2773.3108716681945,0.37429483410210196,585.3126163633599
mond,14.0,0.25,170.0,2729.317907504614,-541.4286398664093,-687.6465160917436,2781.8715323950873,59.262041331398905,687.6465160917436
mond,14.0,0.25,175.0,2811.698732929335,-201.5045265639917,-656.6406419119368,2818.5616470551827,-44.317950446569796,656.6406419119368
mond,14.0,0.25,180.0,2891.8492412174674,75.92095261976647,-637.0307576543419,2891.8492412174674,-75.92095261976682,637.0307576543419
mond,14.0,0.25,185.0,2927.4529296406126,302.6725220464439,-577.5411611593549,2942.692735889391,-46.37642727908951,577.5411611593549
mond,14.0,0.25,190.0,2889.5447596164204,492.3791399587486,-647.9109795170825,2931.146822321095,16.865387341561302,647.9109795170825
mond,14.0,0.25,195.0,2872.7192992152336,730.746675507794,-666.3744648430343,2963.9649195577967,37.66737952261394,666.3744648430343
mond,14.0,0.25,200.0,2927.4869711596057,1031.1702418867465,-663.0915937858997,3103.6188981688406,32.27644638504,663.0915937858997
mond,14.0,0.25,205.0,2744.676370663291,1252.5759421110104,-644.9474719611794,3016.8830349808054,24.731026620514285,644.9474719611794
mond,14.0,0.25,210.0,2602.8172816977144,1580.6629242333483,-586.8412742988938,3044.437349476052,-67.48560635741956,586.8412742988938
mond,14.0,0.25,215.0,2477.566883362124,1765.573428590992,-516.2121237579132,3042.1952926561094,-25.199099592420453,516.2121237579132
mond,14.0,0.25,220.0,2282.4760473448587,1981.947819514303,-617.6251853401793,3022.4495940497454,-51.112791051125214,617.6251853401793
mond,14.0,0.25,225.0,2060.572838100933,2190.1202395976284,-465.42859540851856,3005.693899983369,-91.60384608341019,465.42859540851856
mond,14.0,0.25,230.0,1922.8454529190874,2298.5756948164358,-387.87296669678733,2996.792370580966,-4.510902369372388,387.87296669678733
mond,14.0,0.25,235.0,1778.6984492466115,2411.097224896753,-474.5019398593993,2995.2747386156934,74.07591692184428,474.5019398593993
mond,14.0,0.25,240.0,1490.7764667391548,2427.341300822278,-583.0005684618196,2847.527463536835,77.379641148975,583.0005684618196
mond,14.0,0.25,245.0,1314.1800085661625,2717.0810594879877,-510.2867669097264,3017.908193058364,42.76350096201418,510.2867669097264
mond,14.0,0.25,250.0,1140.4747948617369,2863.4610858883248,-554.4540703068304,3080.838605114787,92.33437792089751,554.4540703068304
mond,14.0,0.25,255.0,816.7813759778741,2978.965691548689,-552.8432918060201,3088.8584728840697,17.937169809148486,552.8432918060201
mond,14.0,0.25,260.0,553.7536539358399,3028.006737064397,-492.16362821272185,3078.162823716579,19.533039800433926,492.16362821272185
mond,14.0,0.25,265.0,327.0972528892069,3103.271445889756,-515.0315940437722,3119.9709651611574,55.38462127448179,515.0315940437722
mond,14.0,0.25,270.0,-7.332006673429315,3089.5209251811975,-519.0364750765441,3089.5209251811975,-7.332006673429882,519.0364750765441
mond,14.0,0.25,275.0,-248.10399383056443,3073.3595435369134,-470.1271830973652,3083.288170462103,20.70105051816708,470.1271830973652
mond,14.0,0.25,280.0,-504.78808851602895,3033.111401946276,-510.81130329666007,3074.687156065202,29.5750444099599,510.81130329666007
mond,14.0,0.25,285.0,-726.9282231174745,2889.7069481369545,-576.8173806849927,2979.385440177786,45.752448375333756,576.8173806849927
mond,14.0,0.25,290.0,-990.3257029935842,2770.854150313433,-582.8930910628256,2942.4625372005003,17.086178347036935,582.8930910628256
mond,14.0,0.25,295.0,-1379.2157363414362,2631.7856388289706,-583.9343240902092,2968.089575339957,-137.75328989369427,583.9343240902092
mond,14.0,0.25,300.0,-1526.2932741643813,2506.0922258550945,-490.8141824330507,2933.4861688993915,-68.76263612413368,490.8141824330507
mond,14.0,0.25,305.0,-1691.1189540624612,2321.3137111996184,-535.239479747935,2871.4948550820886,-53.83270223342811,535.239479747935
mond,14.0,0.25,310.0,-1929.3828928555138,2094.936534332656,-449.488692178027,2844.9979086811572,-131.3937963720948,449.488692178027
mond,14.0,0.25,315.0,-2022.1584088494074,1879.6091138241181,-424.82511241689963,2758.966273895886,-100.79757316574455,424.82511241689963
mond,14.0,0.25,320.0,-2162.0430398538,1672.2861521959435,-407.4879233490775,2731.145874945997,-108.68896343252436,407.4879233490775
mond,14.0,0.25,325.0,-2249.727247349093,1558.0395901345416,-418.2381045257929,2736.523469561871,-14.119221954449586,418.2381045257929
mond,14.0,0.25,330.0,-2397.096111068958,1361.4480393827807,-470.0769872359638,2756.6701471899923,-19.499467496475518,470.0769872359638
mond,14.0,0.25,335.0,-2466.148849563239,1169.9784102831088,-498.56662024008654,2729.5441483786335,18.121003908101102,498.56662024008654
mond,14.0,0.25,340.0,-2502.277586165267,865.2103334357226,-573.8075672984778,2647.291145126012,-42.79757290358884,573.8075672984778
mond,14.0,0.25,345.0,-2585.1946289390944,596.6981251757152,-554.3043225518724,2651.5430970484995,-92.7314756606911,554.3043225518724
mond,14.0,0.25,350.0,-2661.0945804490098,427.8151837474298,-542.4358789590977,2694.955901360938,-40.778514683504,542.4358789590977
mond,14.0,0.25,355.0,-2579.5433896200934,296.5151520360615,-665.1558192893559,2595.5704465487847,70.56480229004092,665.1558192893559
mond,15.0,0.25,0.0,-2606.4393224617233,52.50567059482273,-759.4601800180681,2606.4393224617233,52.50567059482273,759.4601800180681
mond,15.0,0.25,5.0,-2628.455249935131,-245.50042691344834,-743.1017009677674,2639.8499562093,-15.48125408335946,743.1017009677674
mond,15.0,0.25,10.0,-2607.976392425396,-427.15763287187724,-692.2225096745186,2642.5305154580597,32.202199332478074,692.2225096745186
mond,15.0,0.25,15.0,-2589.836576581496,-721.4056863593382,-759.8116224969847,2688.3035660631863,-26.525353963872135,759.8116224969847
mond,15.0,0.25,20.0,-2680.027941876859,-906.7043741862366,-692.2371410990203,2828.513640494917,64.60013114040862,692.2371410990203
mond,15.0,0.25,25.0,-2590.02785541943,-1077.2292273240305,-705.0376501127325,2802.6191575564226,118.29183297010866,705.0376501127325
mond,15.0,0.25,30.0,-2542.542815972233,-1330.6224112848279,-657.5481223488782,2867.2178744839907,118.91859696854954,657.5481223488782
mond,15.0,0.25,35.0,-2415.096069103912,-1667.8311352930018,-644.6497996950001,2934.959521177457,19.034912757949087,644.6497996950001
mond,15.0,0.25,40.0,-2256.5004359748286,-1905.7519374301949,-547.7201969166913,2953.5733523903145,-9.440160134733333,547.7201969166913
mond,15.0,0.25,45.0,-2031.6070036041422,-2063.7404464929123,-513.6482907351136,2895.847953278663,-22.721775369520174,513.6482907351136
mond,15.0,0.25,50.0,-1840.1744155339647,-2157.902095492813,-489.28594515809317,2835.8902230144695,22.5826554901073,489.28594515809317
mond,15.0,0.25,55.0,-1621.4327399923318,-2240.685247763804,-485.50196696850276,2765.47751410162,42.99568424509653,485.50196696850276
mond,15.0,0.25,60.0,-1405.2938841885934,-2351.171364531596,-503.71352649214623,2738.8210724291816,41.43452122443068,503.71352649214623
mond,15.0,0.25,65.0,-1180.4883636696727,-2449.7711265267126,-571.725287848572,2719.142588687905,34.56778134470255,571.725287848572
mond,15.0,0.25,70.0,-1009.8533999436198,-2524.4217137422966,-576.0671959770825,2717.5706607419834,85.54871165400937,576.0671959770825
mond,15.0,0.25,75.0,-611.5825811235267,-2625.5318082032272,-601.9237978897321,2694.35820093466,-88.79422546971023,601.9237978897321
mond,15.0,0.25,80.0,-464.6941215591818,-2713.5963153134085,-458.6718881301006,2753.063977247292,-13.576681387190831,458.6718881301006
mond,15.0,0.25,85.0,-262.90379175217095,-2751.8208107163186,-450.15520839421237,2764.262876975462,22.06637678528557,450.15520839421237
mond,15.0,0.25,90.0,-88.36241559541668,-2798.1281360787398,-595.1219276896445,2798.1281360787398,88.36241559541651,595.1219276896445
mond,15.0,0.25,95.0,249.66350506226217,-2729.741183200603,-553.7592957470011,2741.1133020878137,-10.800839719307305,553.7592957470011
mond,15.0,0.25,100.0,527.8231990603459,-2711.0651954401123,-492.7978577453207,2761.533560038138,-49.03284792991889,492.7978577453207
mond,15.0,0.25,105.0,725.9213615847264,-2651.0421017504123,-506.7613163334249,2748.592306285256,-15.04600570799073,506.7613163334249
mond,15.0,0.25,110.0,864.3500102597566,-2556.054569626064,-516.0027775862679,2697.530731796299,61.998823834419454,516.0027775862679
mond,15.0,0.25,115.0,1107.0747592391515,-2415.74111027807,-586.0330416755249,2657.274990076231,17.585833711097507,586.0330416755249
mond,15.0,0.25,120.0,1389.0766190206998,-2311.283630127793,-540.362166401488,2696.168648552135,-47.333824811028535,540.362166401488
mond,15.0,0.25,125.0,1558.8960131394604,-2094.4131780294406,-522.3061852189055,2609.7888562270055,-75.66680909635215,522.3061852189055
mond,15.0,0.25,130.0,1773.7739368808832,-1919.6536100845449,-476.0963469492116,2610.6998897304966,-124.86011224449294,476.0963469492116
mond,15.0,0.25,135.0,1838.1133269096927,-1856.0811510276988,-462.77393036529713,2612.189966371427,12.705170277009074,462.77393036529713
mond,15.0,0.25,140.0,1986.0877471651988,-1691.1408642263575,-444.61262217961894,2608.4758760218792,18.85646594398486,444.61262217961894
mond,15.0,0.25,145.0,2248.0993180307787,-1449.2966160957772,-586.9001056191206,2672.8175404054464,-102.26250954333659,586.9001056191206
mond,15.0,0.25,150.0,2323.36390810402,-1303.4619965833226,-461.40090868742726,2663.8231649456366,-32.85075214326707,461.40090868742726
mond,15.0,0.25,155.0,2490.6856320565767,-1057.9248445799662,-458.4927701901015,2704.4261422618606,-93.80370761992481,458.4927701901015
mond,15.0,0.25,160.0,2554.4513210994305,-880.7516027738866,-453.8417608642778,2701.633846008987,-46.03802508888862,453.8417608642778
mond,15.0,0.25,165.0,2795.734789438628,-545.6667092285402,-689.6599884837848,2841.701373200367,-196.51584157238904,689.6599884837848
mond,15.0,0.25,170.0,2624.891710324158,-493.2810357748673,-515.0247711876164,2670.6710600846673,29.979326374159825,515.0247711876164
mond,15.0,0.25,175.0,2704.917339094473,-137.81657664303415,-491.1439817425833,2706.635818082609,-98.4569367988527,491.1439817425833
mond,15.0,0.25,180.0,2775.138137794871,55.871730145386756,-467.24809609763906,2775.138137794871,-55.8717301453871,467.24809609763906
mond,15.0,0.25,185.0,2808.0217226210016,281.70096380093344,-454.24175275751094,2821.8882089342933,-35.893787699233314,454.24175275751094
mond,15.0,0.25,190.0,2811.751892284335,467.50085626707903,-498.1675672232498,2850.215734816868,27.85712435505286,498.1675672232498
mond,15.0,0.25,195.0,2751.290306103078,758.7851074598956,-481.248760682768,2853.930399234503,-20.84380207361835,481.248760682768
mond,15.0,0.25,200.0,2660.0338226164035,952.0219932563541,-428.49579113783795,2825.2248527362935,15.177107373500803,428.49579113783795
mond,15.0,0.25,205.0,2493.964265060955,1199.9699211216462,-443.48040552921924,2767.4284362214335,-33.547241178821196,443.48040552921924
mond,15.0,0.25,210.0,2405.7810609415355,1397.3263019365497,-390.0613059319945,2782.130665687123,-7.229544382448921,390.0613059319945
mond,15.0,0.25,215.0,2203.6366502612104,1606.9792503120236,-388.88494313367,2726.838898615663,-52.40628115370396,388.88494313367
mond,15.0,0.25,220.0,2097.0901493338133,1790.4774497617734,-346.1925197651944,2757.3609757467366,-23.601736532376208,346.1925197651944
mond,15.0,0.25,225.0,1896.3636794029999,1937.7075624581905,-399.645678121431,2711.0977746723756,-29.234540068909382,399.645678121431
mond,15.0,0.25,230.0,1698.8161540704598,2050.8009768144684,-329.20226225547856,2662.982667203526,-16.860783122963312,329.20226225547856
mond,15.0,0.25,235.0,1602.0875923446865,2203.079103539455,-357.7542813652831,2723.5764433339964,48.71906519156005,357.7542813652831
mond,15.0,0.25,240.0,1441.5075843031138,2437.5874274540406,-428.06640655481584,2831.766428272314,29.588474027413213,428.06640655481584
mond,15.0,0.25,245.0,1117.3107151091162,2513.0437862816334,-439.2798339344048,2749.787064914784,-49.43079499372868,439.2798339344048
mond,15.0,0.25,250.0,978.0997130657454,2670.3789394681626,-353.46082703689643,2843.865188169874,5.7896951499475335,353.46082703689643
mond,15.0,0.25,255.0,773.9247732881132,2721.781760724068,-407.2989474184357,2829.345767009525,43.10496983584005,407.2989474184357
mond,15.0,0.25,260.0,484.2106771580892,2803.762496551548,-425.8246331290212,2845.249345904201,-10.01381918048179,425.8246331290212
mond,15.0,0.25,265.0,290.2114540664942,2848.01668483381,-395.79923717527413,2862.4727163413145,40.88610234212362,395.79923717527413
mond,15.0,0.25,270.0,27.86669448271384,2887.98449725975,-404.70002407603874,2887.98449725975,27.86669448271331,404.70002407603874
mond,15.0,0.25,275.0,-221.50723508604125,2842.8057129431363,-375.7918560111654,2851.2936065367808,27.102510217168003,375.7918560111654
mond,15.0,0.25,280.0,-411.5389899310948,2781.017888958591,-419.84189854074634,2810.230973952488,77.63190052583673,419.84189854074634
mond,15.0,0.25,285.0,-651.0751046529942,2752.7680326547525,-479.87492167173104,2827.4803734004863,83.57853516226135,479.87492167173104
mond,15.0,0.25,290.0,-924.3898172250713,2654.5529342832115,-521.8260567450427,2810.6237416076215,39.26828507308517,521.8260567450427
mond,15.0,0.25,295.0,-1256.8690474427424,2494.7072266065934,-499.9896535058192,2792.1483979161003,-84.80137332225377,499.9896535058192
mond,15.0,0.25,300.0,-1384.5634661906608,2359.7112745098466,-505.2242734141198,2735.8516424174127,-19.211497618025533,505.2242734141198
mond,15.0,0.25,305.0,-1637.5205560551788,2182.613210896055,-470.5084047499273,2727.135278591377,-89.48280361937282,470.5084047499273
mond,15.0,0.25,310.0,-1732.7962187415676,1933.6393322895997,-437.25268395168575,2595.0736050155047,-84.47951002624768,437.25268395168575
mond,15.0,0.25,315.0,-1854.4637724088916,1773.947199805164,-467.39128810889883,2565.6740033842325,-56.9338144859953,467.39128810889883
mond,15.0,0.25,320.0,-2055.55872883435,1581.1437399280003,-442.30941830242034,2590.988946887418,-110.0613061335307,442.30941830242034
mond,15.0,0.25,325.0,-2101.477386172495,1446.9419404306634,-446.2760371309887,2551.361298709374,-20.09246176187321,446.2760371309887
mond,15.0,0.25,330.0,-2205.107088457199,1238.8573384767456,-451.66234230126145,2529.1074259074467,-29.671617442962315,451.66234230126145
mond,15.0,0.25,335.0,-2236.9198470752585,1113.2776219267816,-515.2898247821687,2497.829329794655,63.609000461669325,515.2898247821687
mond,15.0,0.25,340.0,-2375.0730202378486,823.5840806279615,-611.4255835281593,2513.520936242321,-38.40693162783555,611.4255835281593
mond,15.0,0.25,345.0,-2428.172730493517,508.4011252032248,-552.4937819776175,2477.0186448286795,-137.37957050209536,552.4937819776175
mond,15.0,0.25,350.0,-2449.980277353543,418.47157231504826,-552.5523048241814,2485.426397802692,-13.320561651295066,552.5523048241814
mond,15.0,0.25,355.0,-2526.23439752521,290.26799878219674,-658.0155452647552,2541.919835981348,68.98760614153281,658.0155452647552
mond,2.0,0.5,0.0,-8541.22978861825,842.9941982515738,-16824.552525760373,8541.22978861825,842.9941982515738,16824.552525760373
mond,2.0,0.5,5.0,-8307.422120095824,-712.7031557389319,-17104.32014757963,8337.926043746575,14.048440134897078,17104.32014757963
mond,2.0,0.5,10.0,-7932.565297731442,-2384.8745025744024,-16883.820094296305,8226.18091781789,-971.1673919214088,16883.820094296305
mond,2.0,0.5,15.0,-7522.763899427514,-3703.4644392877235,-16237.750297358618,8224.959065279685,-1630.237379669631,16237.750297358618
mond,2.0,0.5,20.0,-7198.657708000425,-4540.751135953512,-15646.323317005405,8317.553882096614,-1804.8243942380109,15646.323317005405
mond,2.0,0.5,25.0,-6950.2068464582335,-5251.949960878555,-15368.087319412478,8518.596549676166,-1822.5988104825765,15368.087319412478
mond,2.0,0.5,30.0,-6722.449787640593,-6060.061399514056,-15180.755386760062,8851.842991519086,-1886.9422266523547,15180.755386760062
mond,2.0,0.5,35.0,-6497.3709518122405,-6942.243128684648,-15067.716217356361,9304.241771714385,-1960.0137746219661,15067.716217356361
mond,2.0,0.5,40.0,-6038.463655828178,-7824.13790669609,-14816.120207016147,9654.990431426108,-2112.1877461122567,14816.120207016147
mond,2.0,0.5,45.0,-5478.855858187725,-8501.34134968077,-14307.378719850883,9885.492248009052,-2137.2199870726877,14307.378719850883
mond,2.0,0.5,50.0,-4898.733577887218,-8911.154278480819,-13817.77607263008,9975.18546382745,-1975.3319225518107,13817.77607263008
mond,2.0,0.5,55.0,-4207.104832008423,-9233.079095652189,-13373.580940938322,9976.391813184104,-1849.618080553726,13373.580940938322
mond,2.0,0.5,60.0,-3545.655921917877,-9426.233038294979,-12826.117970444377,9936.185234114564,-1642.488417687875,12826.117970444377
mond,2.0,0.5,65.0,-3025.8036834413924,-9426.147484642494,-12407.280804366717,9821.75076015203,-1241.3526245239646,12407.280804366717
mond,2.0,0.5,70.0,-2572.468256619698,-9305.29684802604,-12149.433234687956,9623.954744142244,-765.2695236982404,12149.433234687956
mond,2.0,0.5,75.0,-2103.3206298296845,-9173.696178448421,-12168.906380900735,9405.489498249612,-342.6755676475825,12168.906380900735
mond,2.0,0.5,80.0,-1506.8862784410865,-9124.571366518674,-12246.282402853634,9247.616680863386,-100.47189987132583,12246.282402853634
mond,2.0,0.5,85.0,-873.7204319916273,-9079.114963392922,-12299.561242424832,9120.715943101497,79.09865383860142,12299.561242424832
mond,2.0,0.5,90.0,-209.23193936879397,-9040.995837402035,-12355.651210763492,9040.995837402035,209.23193936879343,12355.651210763492
mond,2.0,0.5,95.0,524.8490754592128,-9071.504204294037,-12393.034947838452,9082.728003036767,267.7818204929289,12393.034947838452
mond,2.0,0.5,100.0,1271.0590851728052,-9074.84473585885,-12358.531458207177,9157.694547103072,324.08140937744156,12358.531458207177
mond,2.0,0.5,105.0,1905.358936738321,-9013.857340410104,-12319.216167543767,9199.86078017158,492.52254418906796,12319.216167543767
mond,2.0,0.5,110.0,2546.8354478180377,-8887.80080819356,-12402.69401571312,9222.86985936414,646.5644295977713,12402.69401571312
mond,2.0,0.5,115.0,3295.037881668209,-8732.210569001745,-12483.945561139028,9306.613618650394,704.0731610886346,12483.945561139028
mond,2.0,0.5,120.0,4015.8698209388776,-8548.142193760625,-12524.008851578143,9410.84320542778,796.2258136559776,12524.008851578143
mond,2.0,0.5,125.0,4738.988176582165,-8318.260779919592,-12626.38096380065,9532.092273033817,889.2065220763125,12626.38096380065
mond,2.0,0.5,130.0,5511.21408289304,-8038.605710852567,-12720.488199093124,9700.469362036702,945.281227052219,12720.488199093124
mond,2.0,0.5,135.0,6231.052528268234,-7743.854465982768,-12819.94772568035,9881.751502086196,1069.7125087500954,12819.94772568035
mond,2.0,0.5,140.0,6883.117459275639,-7346.998051836654,-13047.806086348692,9995.333197125066,1203.7444123759506,13047.806086348692
mond,2.0,0.5,145.0,7564.614049040846,-6717.796745634635,-13312.806124075967,10049.738980020804,1164.012568684644,13312.806124075967
mond,2.0,0.5,150.0,8167.466083499602,-5982.931409677382,-13403.92759601055,10064.698817697143,1097.637548130656,13403.92759601055
mond,2.0,0.5,155.0,8559.46347254778,-5305.571315577676,-13451.078586011332,9999.739724956573,1191.0950237851757,13451.078586011332
mond,2.0,0.5,160.0,8848.018833587144,-4654.7030423546075,-13568.856670584213,9906.420208181129,1347.7894312386493,13568.856670584213
mond,2.0,0.5,165.0,9032.787564518734,-3968.9102297178733,-13748.182016805353,9752.232347704585,1495.8154410447069,13748.182016805353
mond,2.0,0.5,170.0,9123.022525999491,-3382.072200071203,-13874.87771356297,9571.713988789666,1746.4946874230097,13874.87771356297
mond,2.0,0.5,175.0,9136.450340215279,-2960.8383860256513,-14278.788148079697,9359.73745699083,2153.2773865867175,14278.788148079697
mond,2.0,0.5,180.0,9044.422356530267,-2358.370017043053,-15083.330435331503,9044.422356530267,2358.370017043052,15083.330435331503
mond,2.0,0.5,185.0,8671.444364289478,-1205.4242041136147,-16053.46608530239,8533.387258667199,1956.603375354087,16053.46608530239
mond,2.0,0.5,190.0,8147.417496165347,428.0961218726599,-16764.437951426175,8097.978028680413,993.1918210461233,16764.437951426175
mond,2.0,0.5,195.0,7625.119134875337,2290.486624346382,-16920.920637222094,7958.121061840472,-238.91413194444362,16920.920637222094
mond,2.0,0.5,200.0,7188.970178669953,3993.495958474648,-16582.717533543975,8121.2782880340865,-1293.8860724443202,16582.717533543975
mond,2.0,0.5,205.0,6750.026017864944,5458.851348366453,-16000.992185648962,8424.611410638492,-2094.715222925456,16000.992185648962
mond,2.0,0.5,210.0,6401.322246728738,6573.109035394336,-15210.732665153737,8830.262201174733,-2491.818283132152,15210.732665153737
mond,2.0,0.5,215.0,6299.5950840592905,7334.169619135408,-14458.275092095064,9367.033065037847,-2394.5007379076887,14458.275092095064
mond,2.0,0.5,220.0,6308.747864352747,7907.973613279778,-13989.982969015644,9915.928700870474,-2002.6742829421182,13989.982969015644
mond,2.0,0.5,225.0,6107.651125145048,8492.526836955061,-13852.804678296676,10323.884843531376,-1686.3617881079563,13852.804678296676
mond,2.0,0.5,230.0,5579.261025940404,9112.620833938368,-13693.018971892277,10566.952410770215,-1583.5178581950704,13693.018971892277
mond,2.0,0.5,235.0,4928.548439683893,9564.93599551219,-13376.560029686243,10662.03612463457,-1448.99137248735,13376.560029686243
mond,2.0,0.5,240.0,4265.794771691538,9841.98072524169,-13057.416857108263,10656.302717461866,-1226.7037230051392,13057.416857108263
mond,2.0,0.5,245.0,3670.2546143782542,9994.448803773925,-12741.045054573882,10609.16340327376,-897.4562430891369,12741.045054573882
mond,2.0,0.5,250.0,3155.0799062147807,10057.032262606972,-12601.29354708989,10529.619885905096,-474.9023100277841,12601.29354708989
mond,2.0,0.5,255.0,2576.0585947304617,10188.183002190897,-12668.625819878298,10507.76211039176,-148.61426927270213,12668.625819878298
mond,2.0,0.5,260.0,1858.7012193083876,10335.36186123824,-12791.270563216041,10501.104570694306,35.74661857583101,12791.270563216041
mond,2.0,0.5,265.0,1055.9518190932629,10425.554788058906,-12852.761176361571,10477.914669628108,143.2866325113638,12852.761176361571
mond,2.0,0.5,270.0,289.51990005598054,10421.590690565441,-12876.533480653365,10421.590690565441,289.5199000559786,12876.533480653365
mond,2.0,0.5,275.0,-484.266642984794,10342.697773992551,-12970.037153431056,10345.547305373933,419.0016443027288,12970.037153431056
mond,2.0,0.5,280.0,-1312.4919031041618,10221.472297188855,-13061.38149966632,10294.096992647728,482.38783553712665,13061.38149966632
mond,2.0,0.5,285.0,-2113.3808806674538,10049.986872528223,-13142.744040836385,10254.525095513389,559.7588322183897,13142.744040836385
mond,2.0,0.5,290.0,-2918.0974444421627,9795.132265430093,-13275.766854057798,10202.461615632992,608.0179060397681,13275.766854057798
mond,2.0,0.5,295.0,-3789.5725140175055,9462.420587081968,-13411.430741402284,10177.408010902705,564.4726613778726,13411.430741402284
mond,2.0,0.5,300.0,-4638.947620766319,9052.820545290222,-13465.967182597244,10159.446378506187,508.9637862360996,13465.967182597244
mond,2.0,0.5,305.0,-5407.567293783737,8607.125298763052,-13472.447878237945,10152.1974616302,507.2244527582052,13472.447878237945
mond,2.0,0.5,310.0,-6080.617561891763,8153.390428941478,-13460.690096108514,10154.40505869648,582.8750506415454,13460.690096108514
mond,2.0,0.5,315.0,-6631.064029942025,7711.756350261112,-13502.255662557869,10141.905552182254,764.164868073849,13502.255662557869
mond,2.0,0.5,320.0,-7078.903756277927,7229.39004837679,-13661.967119388613,10069.717234558539,987.8024489997233,13661.967119388613
mond,2.0,0.5,325.0,-7469.158452500022,6678.217160893427,-13889.904669256057,9948.844415807449,1186.3419518254168,13889.904669256057
mond,2.0,0.5,330.0,-7813.986627331925,6101.569210298509,-14184.190077597055,9817.895529250589,1377.1206254014965,14184.190077597055
mond,2.0,0.5,335.0,-8118.6650763813905,5420.592723842928,-14587.060898260555,9648.850853621734,1481.6292737378262,14587.060898260555
mond,2.0,0.5,340.0,-8355.432920926656,4623.221628509283,-14975.801069971876,9432.773583275502,1486.6808834046387,14975.801069971876
mond,2.0,0.5,345.0,-8517.06748467066,3822.0298077336865,-15348.91967436098,9216.069552881268,1487.418026680422,15348.91967436098
mond,2.0,0.5,350.0,-8576.377476523929,2995.6699670607954,-15757.020383984087,8966.275662311702,1460.88668924521,15757.020383984087
mond,2.0,0.5,355.0,-8581.91291078051,2033.7901367089478,-16266.816642004775,8726.512631162374,1278.0879572859467,16266.816642004775
mond,3.0,0.5,0.0,-11259.899582464452,733.352828838164,-13601.388941279612,11259.899582464452,733.352828838164,13601.388941279612
mond,3.0,0.5,5.0,-11584.44164016729,-803.3482423983697,-14055.01524553999,11610.375755039155,209.3593556671011,14055.01524553999
mond,3.0,0.5,10.0,-11414.673007665631,-2560.5033986541516,-14327.250604560308,11685.885225134569,-539.4664321636812,14327.250604560308
mond,3.0,0.5,15.0,-10989.874160623465,-4583.647838654578,-13904.572712367828,11801.738636099912,-1583.0750899210934,13904.572712367828
mond,3.0,0.5,20.0,-10300.600720852846,-5828.377581507422,-12761.628807765746,11672.82102283071,-1953.8704696099671,12761.628807765746
mond,3.0,0.5,25.0,-9386.662949747488,-6559.34026407814,-12023.616963868926,11279.302706215043,-1977.8059797889437,12023.616963868926
mond,3.0,0.5,30.0,-8531.640583782902,-7067.072287242453,-11162.598156120692,10922.153625135517,-1854.4438392415123,11162.598156120692
mond,3.0,0.5,35.0,-7781.817007570963,-7339.683517392656,-10718.937851976028,10584.36082588519,-1548.8498901678977,10718.937851976028
mond,3.0,0.5,40.0,-6953.5999401101635,-7665.547065232313,-10178.01641578144,10254.085268794193,-1402.4618485683286,10178.01641578144
mond,3.0,0.5,45.0,-6292.602342782275,-7704.126183103326,-9779.954576343742,9897.181655080898,-998.0980792974933,9779.954576343742
mond,3.0,0.5,50.0,-5550.018470107647,-7731.233171932312,-9526.739136355996,9489.951315932496,-717.980082281998,9526.739136355996
mond,3.0,0.5,55.0,-4954.198015315211,-7632.399837774696,-9389.07776250923,9093.707172546034,-319.5232676991909,9389.07776250923
mond,3.0,0.5,60.0,-4415.631786931629,-7609.237601707898,-9508.302346045428,8797.608959976631,19.430500386916265,9508.302346045428
mond,3.0,0.5,65.0,-3754.929113570425,-7802.330348910042,-9679.59080938665,8658.21436718623,105.71420581643497,9679.59080938665
mond,3.0,0.5,70.0,-3078.0471172138555,-7926.835532550453,-9730.586295377794,8501.54297231384,181.28073751528746,9730.586295377794
mond,3.0,0.5,75.0,-2372.6942984158372,-7948.694227916742,-9743.170513647512,8291.94751265581,234.5732508473493,9743.170513647512
mond,3.0,0.5,80.0,-1710.6442908965198,-7969.463665111747,-9716.32665148579,8145.439868501654,300.7729178914924,9716.32665148579
mond,3.0,0.5,85.0,-1072.461395929593,-8035.102454375699,-9789.364742577629,8097.997633203478,368.075034068488,9789.364742577629
mond,3.0,0.5,90.0,-369.96556348586455,-8032.305191937368,-9838.847787275387,8032.305191937368,369.96556348586404,9838.847787275387
mond,3.0,0.5,95.0,311.4299374886265,-7966.818653439306,-9875.272580359373,7963.645410730335,384.1091445231877,9875.272580359373
mond,3.0,0.5,100.0,998.0119328363539,-7908.701855261985,-9927.951083625105,7961.8538567509195,390.48177582137396,9927.951083625105
mond,3.0,0.5,105.0,1679.8023011580972,-7792.140949015645,-9950.706851694855,7961.395012285577,394.1900539800663,9950.706851694855
mond,3.0,0.5,110.0,2299.489203690781,-7541.452501458275,-9935.635325887202,7873.11889264992,418.5156291473904,9935.635325887202
mond,3.0,0.5,115.0,2852.880439448889,-7291.3367879591715,-9972.339889498517,7813.874681108125,495.86432133625067,9972.339889498517
mond,3.0,0.5,120.0,3367.223715128871,-7031.895450937265,-10082.532050702646,7773.411954832338,599.846447941613,10082.532050702646
mond,3.0,0.5,125.0,3959.4172215549966,-6572.211238799214,-10189.677731926593,7654.6686917279385,526.3007900669327,10189.677731926593
mond,3.0,0.5,130.0,4471.743332957175,-6087.873534027123,-10224.803596882395,7537.9628992758335,487.6555457450577,10224.803596882395
mond,3.0,0.5,135.0,4986.8195754003555,-5466.157168174912,-10285.898420902511,7391.370738967347,338.9428623285239,10285.898420902511
mond,3.0,0.5,140.0,5513.002327936971,-4865.111242076489,-10082.092531809956,7350.438024371563,183.20184357742983,10082.092531809956
mond,3.0,0.5,145.0,5892.076274410362,-4551.562919216154,-9838.846430874724,7437.17556432148,348.8659578010411,9838.846430874724
mond,3.0,0.5,150.0,6193.740293048315,-4363.301902704932,-9878.171608029112,7545.587389575579,681.8601455992916,9878.171608029112
mond,3.0,0.5,155.0,6555.566355216314,-4025.358402135082,-10141.390783888633,7642.550806961663,877.7116077010996,10141.390783888633
mond,3.0,0.5,160.0,6929.827657534923,-3573.1531976421165,-10445.061679974679,7733.998281885792,987.5250441095905,10445.061679974679
mond,3.0,0.5,165.0,7335.826503199808,-3163.814788923821,-10642.760539650122,7904.719799167018,1157.358803620876,10642.760539650122
mond,3.0,0.5,170.0,7721.808909170558,-2651.4240319628275,-11095.163512932653,8064.912232402556,1270.2648978301468,11095.163512932653
mond,3.0,0.5,175.0,8018.346684520336,-2237.864030007961,-11307.134793293142,8182.877156284297,1530.5033208465652,11307.134793293142
mond,3.0,0.5,180.0,8450.577552169561,-2034.9186236901442,-12146.678007752984,8450.577552169561,2034.918623690143,12146.678007752984
mond,3.0,0.5,185.0,9043.382123253754,-1164.230425801259,-13463.156427155114,8907.499956512933,1947.9828634433825,13463.156427155114
mond,3.0,0.5,190.0,9428.726327140403,454.79132032965316,-14708.578490930078,9364.456471992171,1189.3991261648405,14708.578490930078
mond,3.0,0.5,195.0,9066.826296297797,2894.2854388342903,-15382.197359928388,9506.977875604123,-448.99772990420934,15382.197359928388
mond,3.0,0.5,200.0,8247.950115534066,5589.791323924338,-14588.180084799173,9662.359089946824,-2431.720578166867,14588.180084799173
mond,3.0,0.5,205.0,7599.1549448456935,7175.1442841978005,-12582.160834104998,9919.520306538107,-3291.347484391051,12582.160834104998
mond,3.0,0.5,210.0,7028.626338283224,7575.749731258426,-11028.130356475263,9874.843828290883,-3046.478550841318,11028.130356475263
mond,3.0,0.5,215.0,6344.47111112457,7615.544078142602,-10193.52606945058,9565.18311382549,-2599.2493695324447,10193.52606945058
mond,3.0,0.5,220.0,5810.8261549195895,7601.076068871194,-9508.648876468558,9337.22860326184,-2087.635029858638,9508.648876468558
mond,3.0,0.5,225.0,5400.775889394782,7632.842898375736,-9126.298016482897,9216.160228232922,-1578.309718113208,9126.298016482897
mond,3.0,0.5,230.0,5175.216800614234,7752.5143186289115,-8904.556787163969,9265.33575086243,-1018.7740758856403,8904.556787163969
mond,3.0,0.5,235.0,4875.69535605805,7879.042594974665,-8932.621369736442,9250.71781577466,-525.2973552383751,8932.621369736442
mond,3.0,0.5,240.0,4429.219555046175,8010.369245358714,-9032.350629355562,9151.793037697316,-169.36796907056623,9032.350629355562
mond,3.0,0.5,245.0,3865.4892844488836,8122.199110693942,-9222.121711959735,8994.838664055162,70.73336952942554,9222.121711959735
mond,3.0,0.5,250.0,3158.454664554887,8251.949881027678,-9355.140860806694,8834.551527355554,145.6434603437392,9355.140860806694
mond,3.0,0.5,255.0,2388.3334658106496,8293.179794200303,-9415.90073282629,8628.74273228424,160.52010121854528,9415.90073282629
mond,3.0,0.5,260.0,1584.389363483365,8341.125053399486,-9324.722155224867,8489.530947115936,111.8977637336975,9324.722155224867
mond,3.0,0.5,265.0,945.6142942359529,8333.624351077164,-9163.681883626143,8384.328110598271,215.69272625952237,9163.681883626143
mond,3.0,0.5,270.0,339.82778974520625,8339.308235864795,-9154.005382568343,8339.308235864795,339.8277897452047,9154.005382568343
mond,3.0,0.5,275.0,-299.90127382178633,8319.965588348452,-9178.834358552227,8314.443725689405,426.3727215552395,9178.834358552227
mond,3.0,0.5,280.0,-740.7309051622772,8268.848166601016,-9303.253777548656,8271.852354772467,706.3928772352401,9303.253777548656
mond,3.0,0.5,285.0,-1351.063050380176,8103.075988770312,-9799.38137334393,8176.651218508769,792.2036964995916,9799.38137334393
mond,3.0,0.5,290.0,-2273.544751297164,7895.618448287845,-10141.703648099881,8197.05249409315,564.027327507727,10141.703648099881
mond,3.0,0.5,295.0,-3246.017362105409,7638.260695164854,-10179.477576190931,8294.441362597001,286.1776455805816,10179.477576190931
mond,3.0,0.5,300.0,-4098.507381998829,7313.551497015168,-10062.265511223775,8382.97507930026,107.3642380985466,10062.265511223775
mond,3.0,0.5,305.0,-4783.417341979369,6915.7303719341235,-9901.47860241901,8408.690144513626,48.353887128853785,9901.47860241901
mond,3.0,0.5,310.0,-5427.191564721685,6498.495514230385,-9607.371807426223,8466.667870508194,19.682458253608274,9607.371807426223
mond,3.0,0.5,315.0,-5810.193902292848,6342.306130868659,-9358.258592056227,8593.115181818246,376.26016517823973,9358.258592056227
mond,3.0,0.5,320.0,-6176.645595210958,6225.102479738941,-9605.085794811626,8733.003778331811,798.4339044236394,9605.085794811626
mond,3.0,0.5,325.0,-6673.216262954407,5886.577900557861,-10110.522899252264,8842.78111828645,994.4027180031349,10110.522899252264
mond,3.0,0.5,330.0,-7152.390558954805,5453.108146547758,-10672.528882509396,8920.705995116721,1146.3349050168267,10672.528882509396
mond,3.0,0.5,335.0,-7730.923203976626,4757.836665533838,-11397.66228586786,9017.344561980419,1044.835093306368,11397.66228586786
mond,3.0,0.5,340.0,-8462.660995677983,3882.2559166355313,-11811.153944006244,9280.109814885938,753.7267102065125,11811.153944006244
mond,3.0,0.5,345.0,-9276.4575137474,3118.6755780177,-11963.209304269645,9767.542524088985,611.4854089820797,11963.209304269645
mond,3.0,0.5,350.0,-10037.62517610849,2518.535669809711,-12168.172394780158,10322.470224713788,737.2581339314577,12168.172394780158
mond,3.0,0.5,355.0,-10693.772155842038,1878.7482528703895,-12724.718826762517,10816.822823665758,939.575393541972,12724.718826762517
mond,4.0,0.5,0.0,-10320.089286694929,-454.9041911305103,-6523.33975350362,10320.089286694929,-454.9041911305103,6523.33975350362
mond,4.0,0.5,5.0,-10263.978883046278,-1209.119259302573,-6480.657271230423,10330.303031731353,-309.95349237966457,6480.657271230423
mond,4.0,0.5,10.0,-10116.815125123083,-2186.360269233659,-6485.648864016906,10342.775447488188,-396.3780337483049,6485.648864016906
mond,4.0,0.5,15.0,-9770.926718922998,-3134.3147784850444,-6490.242061573912,10249.210822603849,-498.61366909984827,6490.242061573912
mond,4.0,0.5,20.0,-9317.464876170081,-3992.8907800685683,-6263.064268230087,10121.202065451707,-565.3293292549479,6263.064268230087
mond,4.0,0.5,25.0,-8797.786189455366,-4476.23203860503,-6159.480981877592,9865.23953549018,-338.7388466167181,6159.480981877592
mond,4.0,0.5,30.0,-8141.442149051068,-4997.109449043317,-6224.186680405646,9549.250449041258,-256.9026538372391,6224.186680405646
mond,4.0,0.5,35.0,-7454.223007603848,-5507.876202586667,-6241.64471930182,9265.330019407122,-236.22138257216648,6241.64471930182
mond,4.0,0.5,40.0,-6946.715069998283,-5764.521441847143,-6105.843260047176,9026.855435894775,49.382757250453324,6105.843260047176
mond,4.0,0.5,45.0,-6526.4435904889415,-5949.6912102074275,-6448.41633351812,8821.959520569879,407.82551916254124,6448.41633351812
mond,4.0,0.5,50.0,-5840.241794705237,-6290.156641351366,-6766.369730637345,8572.574604665151,430.6500212569995,6766.369730637345
mond,4.0,0.5,55.0,-5115.847619789432,-6625.015952271575,-6900.70123431669,8361.225007424247,390.7039953487247,6900.70123431669
mond,4.0,0.5,60.0,-4475.776348765852,-6848.088116153917,-6947.603061521499,8168.5064503265385,452.0919616118276,6947.603061521499
mond,4.0,0.5,65.0,-3830.693247216243,-7089.223463746388,-6941.310846149376,8043.939350636647,475.7518223609127,6941.310846149376
mond,4.0,0.5,70.0,-3286.274857318495,-7180.7891932826205,-6959.894957725908,7871.706814054487,632.1136842185178,6959.894957725908
mond,4.0,0.5,75.0,-2742.6491236838124,-7237.500547665843,-7237.1331281088505,7700.738524014824,775.9926403394313,7237.1331281088505
mond,4.0,0.5,80.0,-1927.8967930103986,-7360.941412569269,-7559.524401290619,7583.887937403026,620.3936465583183,7559.524401290619
mond,4.0,0.5,85.0,-1146.8284971928551,-7394.706304535863,-7644.5254147247815,7466.519904001256,497.97334815143324,7644.5254147247815
mond,4.0,0.5,90.0,-417.39682647390873,-7486.584975395803,-7713.355919695197,7486.584975395803,417.3968264739083,7713.355919695197
mond,4.0,0.5,95.0,276.18299505668045,-7465.974941585499,-7774.269868496468,7461.635586961742,375.57055599072464,7774.269868496468
mond,4.0,0.5,100.0,1128.1354509856478,-7440.813204858709,-7794.815613565063,7523.669198085589,181.0871148051565,7794.815613565063
mond,4.0,0.5,105.0,1794.4932439553738,-7446.125762254046,-7474.847812369322,7656.854207401013,193.8517900621273,7474.847812369322
mond,4.0,0.5,110.0,2214.94436862385,-7398.922319898088,-7471.239651883979,7710.2682961915,449.2135936598984,7471.239651883979
mond,4.0,0.5,115.0,2759.791701348654,-7165.882731933051,-7667.802155005675,7660.833692532763,527.2121944758296,7667.802155005675
mond,4.0,0.5,120.0,3242.5632599590417,-6781.07385985444,-7915.640639313069,7493.8638575520645,582.394773424604,7915.640639313069
mond,4.0,0.5,125.0,3929.4189172970655,-6499.10490905234,-8053.118844606279,7577.577171812483,508.94189423410353,8053.118844606279
mond,4.0,0.5,130.0,4483.121609739021,-6209.794882832368,-8156.45108275157,7638.673886360616,557.3088124123374,8156.45108275157
mond,4.0,0.5,135.0,4990.186607525298,-5680.184496161086,-8295.4573508918,7545.091765193628,487.902186058765,8295.4573508918
mond,4.0,0.5,140.0,5509.277558264194,-5026.42601625751,-8564.65175882879,7451.275823364776,309.1703657263906,8564.65175882879
mond,4.0,0.5,145.0,6085.833525028704,-4223.164883606394,-8580.085591849765,7407.53083729158,-31.27655773602737,8580.085591849765
mond,4.0,0.5,150.0,6645.094418583966,-3633.424945038456,-8155.275846767416,7571.533049559127,-175.90890414460182,8155.275846767416
mond,4.0,0.5,155.0,7154.423021831615,-3337.515764256383,-8035.241637309378,7894.604407262488,1.2267052590163985,8035.241637309378
mond,4.0,0.5,160.0,7693.306544475712,-3035.703521737849,-8044.836900832,8267.615142886778,221.36239128096122,8044.836900832
mond,4.0,0.5,165.0,8088.574172000242,-2521.693148836104,-8288.505484363122,8465.62490341308,342.2914949989786,8288.505484363122
mond,4.0,0.5,170.0,8546.811086693879,-1694.7078094484673,-8686.78021628559,8711.248744495468,184.82321976727826,8686.78021628559
mond,4.0,0.5,175.0,9154.085469841928,-645.0479691259185,-8439.018078538957,9175.471045792252,-155.23775144153092,8439.018078538957
mond,4.0,0.5,180.0,9513.955832423351,-102.14499538458767,-8204.83498424536,9513.955832423351,102.14499538458651,8204.83498424536
mond,4.0,0.5,185.0,9731.493845385536,657.1043551463995,-8456.019609778252,9751.73299142103,193.55169944899978,8456.019609778252
mond,4.0,0.5,190.0,9838.77226084459,1773.7023338018644,-8662.791138619388,9997.299380589477,-38.27093628831494,8662.791138619388
mond,4.0,0.5,195.0,9794.48482706525,3144.506686089418,-8739.39669620129,10274.604067470898,-502.3610088202645,8739.39669620129
mond,4.0,0.5,200.0,9227.618822514156,4489.14160615445,-8475.083967287253,10206.502170487873,-1062.3817287354077,8475.083967287253
mond,4.0,0.5,205.0,8152.712525723762,5314.908905102078,-7973.223962337983,9635.044410319084,-1371.4581319914473,7973.223962337983
mond,4.0,0.5,210.0,7214.294741443441,5746.516524170381,-7542.905439682147,9121.0207785637,-1369.4819224768812,7542.905439682147
mond,4.0,0.5,215.0,6501.222139563193,6021.16477704149,-7227.911849765274,8779.087641497941,-1203.301609377228,7227.911849765274
mond,4.0,0.5,220.0,5844.096550396547,6380.285351540856,-6930.878718965972,8578.006057717052,-1131.0692866545419,6930.878718965972
mond,4.0,0.5,225.0,5289.393990660972,6616.475779483144,-6576.110298305876,8418.721250392828,-938.3885320653326,6576.110298305876
mond,4.0,0.5,230.0,4998.376864587273,6622.820731241833,-6435.023436131194,8286.269736041526,-428.0882854858569,6435.023436131194
mond,4.0,0.5,235.0,4674.041474716943,6776.9201293471,-6625.8631426207,8232.248030363027,-58.33106812066444,6625.8631426207
mond,4.0,0.5,240.0,4207.819545600583,7130.105083815125,-6788.07795923407,8278.761907036765,79.02607912323174,6788.07795923407
mond,4.0,0.5,245.0,3734.698757735924,7367.834916102327,-6874.681941501964,8255.878055183568,271.0049813365763,6874.681941501964
mond,4.0,0.5,250.0,3226.2061485788554,7560.7340068032145,-7068.004466717706,8208.193443253149,445.71878229958475,7068.004466717706
mond,4.0,0.5,255.0,2580.722572001575,7722.111522298466,-7126.739979664112,8126.92710463245,494.1570524070098,7126.739979664112
mond,4.0,0.5,260.0,2091.804017638255,7753.31907162775,-7229.786401361431,7998.76668901567,713.6750866938241,7229.786401361431
mond,4.0,0.5,265.0,1405.0215822899856,7679.5153129435785,-7622.041888952578,7772.748138249738,730.3611899401461,7622.041888952578
mond,4.0,0.5,270.0,566.4756892267178,7542.650221526506,-7711.6137441781175,7542.650221526506,566.4756892267164,7711.6137441781175
mond,4.0,0.5,275.0,-164.8133135862196,7433.694354678968,-7733.101820622127,7419.771330126037,483.70300367159257,7733.101820622127
mond,4.0,0.5,280.0,-844.7670436529693,7270.636879730662,-7775.959427735605,7306.8718261786635,430.59971056455674,7775.959427735605
mond,4.0,0.5,285.0,-1559.3306582422326,7111.845908469432,-7776.35497610479,7273.1001075442055,334.48341242581887,7776.35497610479
mond,4.0,0.5,290.0,-2206.090311512378,6925.507691223951,-7770.1262159096095,7262.375797172033,295.6163466399712,7770.1262159096095
mond,4.0,0.5,295.0,-2821.773687568557,6655.293219077064,-7823.307652457359,7224.277160327623,255.25298532250827,7823.307652457359
mond,4.0,0.5,300.0,-3484.621115677678,6344.712983608813,-7883.038289986231,7236.993181365032,154.58608306386532,7883.038289986231
mond,4.0,0.5,305.0,-4110.3550630364425,6096.768343521402,-8003.828059362367,7351.783061345888,129.95690709496648,8003.828059362367
mond,4.0,0.5,310.0,-4736.494774587061,5646.89106019127,-8093.125900284333,7370.329672007358,1.3861048061389738,8093.125900284333
mond,4.0,0.5,315.0,-5385.884826339489,5258.507615764005,-8263.376933129162,7526.722077422216,-90.06928936655368,8263.376933129162
mond,4.0,0.5,320.0,-6157.738852718968,4909.807801434415,-8332.214522279633,7873.065251007546,-196.98725514212128,8332.214522279633
mond,4.0,0.5,325.0,-7068.779621763312,4557.940612138982,-8143.741455615696,8404.732611206167,-320.8390546204341,8143.741455615696
mond,4.0,0.5,330.0,-7911.878355270954,4068.5999805862884,-8063.030853745042,8886.187637610032,-432.42823661088187,8063.030853745042
mond,4.0,0.5,335.0,-8539.027626704532,3443.7574587638687,-7773.602287790081,9194.382022882755,-487.64481101043793,7773.602287790081
mond,4.0,0.5,340.0,-9147.179278459444,2705.2291813149704,-7714.984119010829,9520.779741296237,-586.4356686279025,7714.984119010829
mond,4.0,0.5,345.0,-9582.497324889475,1953.0052923476326,-7630.695353700627,9761.456611302236,-593.6745565675421,7630.695353700627
mond,4.0,0.5,350.0,-9867.509148071984,877.1264747465206,-7248.062916308799,9869.91092586333,-849.6740289718246,7248.062916308799
mond,4.0,0.5,355.0,-10159.12785038313,195.5139840019184,-6735.200822897711,10137.509468281109,-690.6563392030578,6735.200822897711
mond,5.0,0.5,0.0,-7852.034165032383,-318.2704678586888,-4089.0525862989307,7852.034165032383,-318.2704678586888,4089.0525862989307
mond,5.0,0.5,5.0,-7764.0255570996815,-745.8849018093174,-4668.073267184509,7799.489248452969,-66.36717042830094,4668.073267184509
mond,5.0,0.5,10.0,-7687.250256996145,-1699.6637996317536,-4399.673134492783,7865.607173887397,-338.96508899451646,4399.673134492783
mond,5.0,0.5,15.0,-7422.514258584746,-2187.8885128244065,-4288.388409163898,7735.86543404585,-192.24996691152683,4288.388409163898
mond,5.0,0.5,20.0,-7159.612649820422,-2661.8744549987227,-4387.466444864945,7638.249857335294,-52.61203817296018,4387.466444864945
mond,5.0,0.5,25.0,-6928.327114092217,-3215.6764882120838,-4435.282679235698,7638.2004224075645,13.644919871329876,4435.282679235698
mond,5.0,0.5,30.0,-6676.0991883005645,-3765.101280603706,-4473.51909108346,7664.222135554813,77.37623732614975,4473.51909108346
mond,5.0,0.5,35.0,-6357.544314970826,-4256.674705405821,-4482.5144038139515,7649.32373049852,159.67382531839803,4482.5144038139515
mond,5.0,0.5,40.0,-6060.055357711499,-4587.988225056038,-4574.05899643665,7591.373716222042,380.72561305199906,4574.05899643665
mond,5.0,0.5,45.0,-5590.184740732636,-5059.794998359164,-4655.3516722164595,7530.67289301115,375.0421835040679,4655.3516722164595
mond,5.0,0.5,50.0,-5314.141875202153,-5240.762315327443,-4658.497488360568,7430.521402860272,702.171771839854,4658.497488360568
mond,5.0,0.5,55.0,-4760.1915068438975,-5613.60775631912,-5113.91105485096,7328.731950269386,679.4874720961625,5113.91105485096
mond,5.0,0.5,60.0,-4135.4089110398545,-5842.484820125701,-5086.941588574643,7127.444730973741,660.1267619342048,5086.941588574643
mond,5.0,0.5,65.0,-3725.8712187004157,-6060.545480707823,-5284.674647299409,7067.340780772149,815.488902746728,5284.674647299409
mond,5.0,0.5,70.0,-3148.9324936674884,-6381.841131484995,-5504.5317606308945,7073.967361091451,776.3104091801615,5504.5317606308945
mond,5.0,0.5,75.0,-2445.5111084445793,-6664.112935137824,-5684.219868844479,7069.983643231904,637.3829917956975,5684.219868844479
mond,5.0,0.5,80.0,-1768.5710852657803,-6833.82007844488,-5705.586253438727,7037.108141973841,555.0221133973223,5705.586253438727
mond,5.0,0.5,85.0,-1047.9651267949084,-6952.4569727022135,-5760.283945883948,7017.336953916387,438.0307517211354,5760.283945883948
mond,5.0,0.5,90.0,-294.53304824656516,-6892.189255125835,-5688.917884468567,6892.189255125835,294.53304824656476,5688.917884468567
mond,5.0,0.5,95.0,286.9603834136731,-6783.569816888659,-5669.792926848824,6782.766531075247,305.3586533524514,5669.792926848824
mond,5.0,0.5,100.0,935.0407186296896,-6670.131685920691,-5739.951698412489,6731.1655147415095,237.4208629699525,5739.951698412489
mond,5.0,0.5,105.0,1531.5302828572173,-6524.702231798382,-5658.328985198808,6698.767599894679,209.37254725675575,5658.328985198808
mond,5.0,0.5,110.0,2034.8358085635905,-6340.046548109709,-5723.030629852876,6653.649791586987,256.3034352577606,5723.030629852876
mond,5.0,0.5,115.0,2571.071311581863,-6220.604766351261,-5642.019729864799,6724.364228333556,298.75922261810365,5642.019729864799
mond,5.0,0.5,120.0,3038.593712259767,-6234.5075522368115,-5826.83365640364,6918.5387764529005,485.7544295217831,5826.83365640364
mond,5.0,0.5,125.0,3594.325784149493,-5891.35370722322,-6068.688729569078,6887.535007258577,434.84235074592925,6068.688729569078
mond,5.0,0.5,130.0,4146.866202796837,-5596.2608959016925,-6185.495035260555,6952.5387757352,420.52335344848643,6185.495035260555
mond,5.0,0.5,135.0,4816.322452960872,-5229.925219891009,-6451.612213239957,7103.769854953138,292.4613212138179,6451.612213239957
mond,5.0,0.5,140.0,5452.534498628992,-4674.058718624694,-6572.377550321811,7181.310784868558,75.7150911071335,6572.377550321811
mond,5.0,0.5,145.0,6030.619446266961,-4064.2900228114668,-6608.825329249838,7271.175235319842,-129.74973020975494,6608.825329249838
mond,5.0,0.5,150.0,6518.188957575695,-3300.8489091601828,-6363.022026140564,7295.341678507852,-400.4754694009757,6363.022026140564
mond,5.0,0.5,155.0,6773.495295882052,-2871.498834827731,-6345.203361739459,7352.419378279361,-260.1410533834378,6345.203361739459
mond,5.0,0.5,160.0,7089.472171751362,-2201.5512129120566,-6325.769648975984,7414.899546440784,-355.960859230016,6325.769648975984
mond,5.0,0.5,165.0,7533.434714975672,-1678.3349682436842,-6204.289859543024,7711.1242057006275,-328.6492882815685,6204.289859543024
mond,5.0,0.5,170.0,7927.380481735916,-793.0472796415484,-6074.828006909394,7944.656974404654,-595.5760648295961,6074.828006909394
mond,5.0,0.5,175.0,8098.07942523738,-16.242556239305937,-5581.3711565431195,8068.679420200486,-689.6133787270393,5581.3711565431195
mond,5.0,0.5,180.0,8064.453283820112,303.2616451165668,-5264.885489806678,8064.453283820112,-303.26164511656776,5264.885489806678
mond,5.0,0.5,185.0,8090.129839100514,872.2414982837479,-5441.6504492960885,8135.365308224009,-163.82108099407435,5441.6504492960885
mond,5.0,0.5,190.0,8093.176746174203,1786.7244937271964,-5428.33842000212,8280.484658459067,-354.2147404098271,5428.33842000212
mond,5.0,0.5,195.0,7862.0043716415585,2516.5812691935157,-5184.613504072999,8245.452229981694,-395.994377809227,5184.613504072999
mond,5.0,0.5,200.0,7521.26349819554,3018.292294736212,-5218.762294776338,8099.992571485198,-263.84337709562624,5218.762294776338
mond,5.0,0.5,205.0,7127.417436355619,3709.1088840282973,-5388.37104796377,8027.171073204919,-349.41749690870165,5388.37104796377
mond,5.0,0.5,210.0,6614.2237154227205,4380.192695353246,-5275.454560043667,7918.182111546195,-486.2462899355819,5275.454560043667
mond,5.0,0.5,215.0,6110.964772146881,4806.01999957337,-5225.190169366322,7762.429110069281,-431.7557108695146,5225.190169366322
mond,5.0,0.5,220.0,5538.236128416248,5225.685579912911,-5127.140133478441,7601.540953739666,-443.19783711494574,5127.140133478441
mond,5.0,0.5,225.0,4921.1799719837445,5488.479360699386,-5045.485513784513,7360.740703982074,-401.14124472381445,5045.485513784513
mond,5.0,0.5,230.0,4366.419039333753,5778.963882498001,-4919.714405156485,7233.623226356007,-369.7753390852067,4919.714405156485
mond,5.0,0.5,235.0,3951.7877925466273,6020.664028074477,-4737.187440621055,7198.491605838864,-216.19596882904352,4737.187440621055
mond,5.0,0.5,240.0,3676.303157277536,6288.910460582421,-4597.0031807229725,7284.50779962884,39.3166959240707,4597.0031807229725
mond,5.0,0.5,245.0,3349.350416863005,6501.206178602166,-4674.782538639611,7307.590435933055,288.01390989865104,4674.782538639611
mond,5.0,0.5,250.0,2940.349768199267,6632.614786274754,-4794.5375409870785,7238.278020325,494.53711988076793,4794.5375409870785
mond,5.0,0.5,255.0,2432.498056105973,6825.954993902078,-4947.0956525943775,7222.943041791943,582.9255413561964,4947.0956525943775
mond,5.0,0.5,260.0,1931.4160635225794,6961.703784660358,-5037.143668126793,7191.326741055284,693.1863379861122,5037.143668126793
mond,5.0,0.5,265.0,1520.3615313120838,7010.807017162546,-5227.837608022242,7116.637018348205,903.5440038344491,5227.837608022242
mond,5.0,0.5,270.0,921.520268497814,7052.145072910716,-5713.304581392818,7052.145072910716,921.5202684978127,5713.304581392818
mond,5.0,0.5,275.0,81.54132502923339,6860.218572022993,-5950.361929370666,6827.00657445228,679.138480725439,5950.361929370666
mond,5.0,0.5,280.0,-653.1589629408043,6761.522014968451,-6061.70950871304,6772.219166145151,530.8899655005822,6061.70950871304
mond,5.0,0.5,285.0,-1382.3527918088853,6675.372211846467,-6268.098934808944,6805.693649085663,392.4631989230031,6268.098934808944
mond,5.0,0.5,290.0,-2179.9048064603116,6499.992119052925,-6254.434894243817,6853.565983782463,174.68777552771144,6254.434894243817
mond,5.0,0.5,295.0,-2689.988565825483,6319.0296645168455,-6298.760560233707,6863.824083258729,232.57974845884064,6298.760560233707
mond,5.0,0.5,300.0,-3409.2946079242,6133.2328021309695,-6571.98464790117,7016.182717931537,114.08066161782062,6571.98464790117
mond,5.0,0.5,305.0,-4326.744854328316,5752.705925433246,-6626.5564731428,7194.059713557901,-244.64532845436815,6626.5564731428
mond,5.0,0.5,310.0,-5103.004092187855,5216.534277256435,-6460.3985973444605,7276.2448980700265,-556.0043291083493,6460.3985973444605
mond,5.0,0.5,315.0,-5778.268223998184,4744.487290563953,-6113.347810603761,7440.711781115026,-730.993508292705,6113.347810603761
mond,5.0,0.5,320.0,-6325.144985505238,4310.759470132658,-5826.2727650346105,7616.24494380834,-763.4914884360819,5826.2727650346105
mond,5.0,0.5,325.0,-6842.775648155124,3865.351388309283,-5643.8833651134255,7822.3481353482075,-758.544379389698,5643.8833651134255
mond,5.0,0.5,330.0,-7274.246847175906,3220.063137659752,-5394.01441041741,7909.714131883069,-848.4669445847835,5394.01441041741
mond,5.0,0.5,335.0,-7549.796631029091,2556.9915638498887,-5128.023310293079,7923.070807244603,-873.2605629971263,5128.023310293079
mond,5.0,0.5,340.0,-7756.282728954036,1888.7704381744647,-4788.62541484203,7934.519181101013,-877.941287520156,4788.62541484203
mond,5.0,0.5,345.0,-7841.958959814328,1375.769532442332,-4533.343491337904,7930.826044651484,-700.7570073046161,4533.343491337904
mond,5.0,0.5,350.0,-7902.679335745763,759.4804012186057,-4484.830189407587,7914.502267057153,-624.3436779574542,4484.830189407587
mond,5.0,0.5,355.0,-7922.80954445493,68.79053770020934,-4308.798111105638,7898.656352583952,-621.9895815593769,4308.798111105638
mond,6.0,0.5,0.0,-6622.493721552935,-332.0710939178243,-3196.5966282198206,6622.493721552935,-332.0710939178243,3196.5966282198206
mond,6.0,0.5,5.0,-6643.10357508997,-814.9886716190667,-3226.18034501726,6688.855503384835,-232.90276743515926,3226.18034501726
mond,6.0,0.5,10.0,-6597.840894371233,-1422.9505622360855,-3179.4320039118256,6744.69763796022,-255.62969799926304,3179.4320039118256
mond,6.0,0.5,15.0,-6481.477445270129,-1822.8874423795626,-3044.2520371116816,6732.424444062563,-83.24425577410511,3044.2520371116816
mond,6.0,0.5,20.0,-6379.326247577867,-2283.9535649076515,-3162.0301155393763,6775.763926053669,35.643766356392916,3162.0301155393763
mond,6.0,0.5,25.0,-6127.6714716624465,-2821.2229481843574,-3168.9441837461472,6745.856709514648,32.76953896607847,3168.9441837461472
mond,6.0,0.5,30.0,-5845.995082810113,-3258.502429092013,-3159.0955271973567,6692.031466658477,101.05165951807112,3159.0955271973567
mond,6.0,0.5,35.0,-5542.223631338444,-3685.506391932422,-3084.307924864034,6653.843439951246,159.89878473206863,3084.307924864034
mond,6.0,0.5,40.0,-5248.938910227558,-4035.1078347502053,-3110.287277075865,6614.637804377317,282.8809612995942,3110.287277075865
mond,6.0,0.5,45.0,-4918.661559006702,-4361.231666475224,-3009.268127514976,6561.875428425374,394.16245704509674,3009.268127514976
mond,6.0,0.5,50.0,-4746.110003780833,-4536.964987764788,-3157.5188529882585,6526.257522142232,719.4263151108512,3157.5188529882585
mond,6.0,0.5,55.0,-4397.578552796057,-4885.981781139804,-3490.450515682966,6524.709399265993,799.8014433420108,3490.450515682966
mond,6.0,0.5,60.0,-3911.0672795337186,-5202.303678944658,-3731.321688255306,6460.860783934178,785.9317805139649,3731.321688255306
mond,6.0,0.5,65.0,-3438.6104177941675,-5468.192903540053,-3941.3719661425907,6409.08536706853,805.4812184752768,3941.3719661425907
mond,6.0,0.5,70.0,-2860.805051049059,-5676.888299962148,-4134.992152035861,6312.982998086887,746.6672459809879,4134.992152035861
mond,6.0,0.5,75.0,-2257.612447427748,-5800.954460160422,-4296.966094194524,6187.6048280505265,679.2886746602044,4296.966094194524
mond,6.0,0.5,80.0,-1656.6711118905116,-5860.445295019203,-4428.103590296749,6059.089882212062,613.8469093843099,4428.103590296749
mond,6.0,0.5,85.0,-1046.8111759398025,-5866.971248477691,-4603.810355769484,5935.881257145767,531.4875065341885,4603.810355769484
mond,6.0,0.5,90.0,-400.44819449380157,-5874.788760226147,-4670.47552849754,5874.788760226147,400.4481944938012,4670.47552849754
mond,6.0,0.5,95.0,148.8557097811025,-5855.13054108617,-4731.717371448875,5845.823631613297,362.0189823282453,4731.717371448875
mond,6.0,0.5,100.0,661.3071087788759,-5882.5392739843755,-4910.256430816033,5908.005058736257,370.2318571340095,4910.256430816033
mond,6.0,0.5,105.0,1362.298080287666,-5682.044180824567,-5083.982330125842,5841.021908659013,154.74235025747453,5083.982330125842
mond,6.0,0.5,110.0,2088.224863517582,-5595.878372826442,-4936.402329482809,5972.620580876972,-48.38637168202308,4936.402329482809
mond,6.0,0.5,115.0,2535.7387309126384,-5678.874667983219,-4855.429208563331,6218.457827885229,101.83638310980268,4855.429208563331
mond,6.0,0.5,120.0,3026.594073418969,-5525.9343811801755,-4890.915327514425,6298.896590457358,141.85983606583477,4890.915327514425
mond,6.0,0.5,125.0,3642.299232423763,-5302.730371439613,-4834.9822259957755,6432.879437935855,57.92432722864214,4834.9822259957755
mond,6.0,0.5,130.0,4105.6076369509,-5151.588318524087,-4852.692707241556,6585.379323908487,166.29922544012106,4852.692707241556
mond,6.0,0.5,135.0,4786.683776622799,-4870.00867406306,-5058.984179301375,6828.312715712911,58.91960002168207,5058.984179301375
mond,6.0,0.5,140.0,5388.655126936338,-4327.261625466016,-5075.201031192736,6909.459472595762,-148.88602635828693,5075.201031192736
mond,6.0,0.5,145.0,5954.721207112116,-3693.58820897595,-4985.3968502431635,6996.37721222957,-389.87743729500016,4985.3968502431635
mond,6.0,0.5,150.0,6396.248736264738,-3080.78393859729,-4571.023517045271,7079.7058638280205,-530.087213736037,4571.023517045271
mond,6.0,0.5,155.0,6540.692171159732,-2627.79259734355,-4431.63718742016,7038.433387036127,-382.62706226680484,4431.63718742016
mond,6.0,0.5,160.0,6790.655877285337,-1988.624340246458,-4405.727724086294,7061.2788000534965,-453.8454783795846,4405.727724086294
mond,6.0,0.5,165.0,6969.350312635438,-1342.4582976471077,-4247.681358703316,7079.329234117341,-507.0854524878621,4247.681358703316
mond,6.0,0.5,170.0,7119.172847897211,-751.8738862649063,-4049.7012140759684,7141.578145828428,-495.78015905214204,4049.7012140759684
mond,6.0,0.5,175.0,7046.996970873348,-145.19863846561185,-3860.5734384762663,7032.835915034039,-469.5401413273813,3860.5734384762663
mond,6.0,0.5,180.0,6972.60126035133,237.35149135508982,-3854.28830841367,6972.60126035133,-237.35149135509067,3854.28830841367
mond,6.0,0.5,185.0,6926.764690910659,891.5483386359499,-3831.2547080153354,6978.109817663563,-284.44840656706765,3831.2547080153354
mond,6.0,0.5,190.0,6834.259346779043,1475.2321193346224,-3803.934278215438,6986.602959962331,-266.0633473419996,3803.934278215438
mond,6.0,0.5,195.0,6693.241634777456,1996.2890973956528,-3788.0200901056555,6981.8525945613255,-195.9287873602177,3788.0200901056555
mond,6.0,0.5,200.0,6456.252454702109,2579.8850786163425,-3764.4432552028684,6949.265453966595,-216.13058094753478,3764.4432552028684
mond,6.0,0.5,205.0,6162.931457950071,3170.5326711674074,-3670.122352454173,6925.437777594149,-268.9110689471995,3670.122352454173
mond,6.0,0.5,210.0,5906.8616557007645,3533.5358230134934,-3618.2457005866254,6882.260161983819,-106.70096006165659,3618.2457005866254
mond,6.0,0.5,215.0,5544.121191037284,3984.172817374827,-3731.4136517607003,6826.705853820672,-83.66603269973848,3731.4136517607003
mond,6.0,0.5,220.0,5092.725611735377,4390.660040763259,-3829.568583200866,6723.516027748002,-89.89980309443808,3829.568583200866
mond,6.0,0.5,225.0,4603.581254301872,4816.543931611926,-3796.5948397631532,6661.034398585834,-150.5873532655828,3796.5948397631532
mond,6.0,0.5,230.0,4050.3786675631327,5089.63248029969,-3643.1915294993073,6502.417901099695,-168.78262538042327,3643.1915294993073
mond,6.0,0.5,235.0,3631.758364456875,5323.028732341116,-3544.4271854328144,6443.460888279544,-78.20156228195174,3544.4271854328144
mond,6.0,0.5,240.0,3232.207803023564,5505.011158748441,-3422.2129153880524,6383.583413104741,46.668488354472174,3422.2129153880524
mond,6.0,0.5,245.0,2896.665483999827,5619.741707059576,-3444.912931221659,6317.399401935019,250.26501292010335,3444.912931221659
mond,6.0,0.5,250.0,2549.921722232125,5846.498144501273,-3500.493642312371,6366.0357567334195,396.5224926276421,3500.493642312371
mond,6.0,0.5,255.0,2213.177878444756,5994.054460184495,-3614.4970029307506,6362.624592416478,586.3902192839823,3614.4970029307506
mond,6.0,0.5,260.0,1690.6731193035785,6218.83927510909,-3703.5020660688488,6417.943439061782,585.0978883732703,3703.5020660688488
mond,6.0,0.5,265.0,1351.2918634743864,6216.775112798175,-3850.7788443087884,6310.891252628233,804.3221375166167,3850.7788443087884
mond,6.0,0.5,270.0,882.2027962541324,6294.8970640156185,-4225.261635827512,6294.8970640156185,882.2027962541313,4225.261635827512
mond,6.0,0.5,275.0,239.7832166646444,6363.543275662286,-4628.80488315562,6318.429587945318,793.4901098299135,4628.80488315562
mond,6.0,0.5,280.0,-559.7688312601325,6259.217752765722,-4880.362082176767,6261.329008178403,535.6370714687032,4880.362082176767
mond,6.0,0.5,285.0,-1316.1250708418966,6073.708624970783,-5059.171663661845,6207.390256284732,300.71226999316195,5059.171663661845
mond,6.0,0.5,290.0,-2057.581400862007,5888.86442844566,-5037.645297273273,6237.456733846067,80.61619678605871,5037.645297273273
mond,6.0,0.5,295.0,-2741.11289237941,5751.592058900726,-5173.109578693691,6371.157036652293,-53.56412133577669,5173.109578693691
mond,6.0,0.5,300.0,-3565.602192539324,5452.784201807046,-4879.231803708226,6505.050736389017,-361.509977625024,4879.231803708226
mond,6.0,0.5,305.0,-4139.7366947857045,5173.123156352509,-4673.671916393014,6612.029829711722,-423.89223152611703,4673.671916393014
mond,6.0,0.5,310.0,-4702.616196848953,4789.050435654721,-4580.8448305374695,6691.408898495563,-524.0707235146656,4580.8448305374695
mond,6.0,0.5,315.0,-5189.743079155436,4262.405851588204,-4450.844433780091,6683.678605714002,-655.7264420595238,4450.844433780091
mond,6.0,0.5,320.0,-5582.993057978281,3651.6828521854864,-4184.624772206142,6624.077299925725,-791.3274056848522,4184.624772206142
mond,6.0,0.5,325.0,-5777.734136172811,3115.028130254787,-3877.2345085553097,6519.5494630890535,-762.2904950938696,3877.2345085553097
mond,6.0,0.5,330.0,-5996.900843063018,2721.98288387675,-3733.729296028703,6554.459916007265,-641.1440954278196,3733.729296028703
mond,6.0,0.5,335.0,-6194.719835653494,2063.1446934050355,-3654.064815019112,6486.245449609542,-748.157627498184,3654.064815019112
mond,6.0,0.5,340.0,-6343.504217566441,1602.6014286793534,-3440.362966200767,6509.066073502306,-663.6534850881146,3440.362966200767
mond,6.0,0.5,345.0,-6415.555257291004,1158.1886558792519,-3487.6405251070787,6496.711794965228,-541.7435510657222,3487.6405251070787
mond,6.0,0.5,350.0,-6547.927270649095,538.8058127094845,-3388.2404457216044,6542.0121897886465,-606.4154963194685,3388.2404457216044
mond,6.0,0.5,355.0,-6577.84501028978,107.68413372638675,-3255.926098598847,6562.199614776983,-466.02260446395496,3255.926098598847
mond,7.0,0.5,0.0,-5851.104913353443,-360.8991091601056,-2285.398811096282,5851.104913353443,-360.8991091601056,2285.398811096282
mond,7.0,0.5,5.0,-5793.279280064811,-774.805566303226,-2196.6492359364506,5838.762857981506,-266.9396386045792,2196.6492359364506
mond,7.0,0.5,10.0,-5702.744983554114,-1169.7660200241216,-2151.5862563309597,5819.235210929454,-161.72337163658847,2151.5862563309597
mond,7.0,0.5,15.0,-5574.03140997929,-1569.0191012268538,-2105.5220294210544,5790.192920972616,-72.89058491358264,2105.5220294210544
mond,7.0,0.5,20.0,-5437.071568774796,-1964.9438762660761,-2120.052663057264,5781.226418049957,13.144736438583323,2120.052663057264
mond,7.0,0.5,25.0,-5239.462119732387,-2358.7053198849953,-2088.5582658953454,5745.397261245352,76.57937476099778,2088.5582658953454
mond,7.0,0.5,30.0,-5025.66119685888,-2717.1965442821806,-2093.463323051169,5710.9485394345875,159.66936400578288,2093.463323051169
mond,7.0,0.5,35.0,-4782.470159982172,-3025.582287972079,-2119.0306698523377,5652.972914922367,264.7002749608978,2119.0306698523377
mond,7.0,0.5,40.0,-4515.247500468988,-3315.799077780411,-2187.4033571806794,5590.234820448424,362.295689936866,2187.4033571806794
mond,7.0,0.5,45.0,-4222.621336484852,-3637.8345733247534,-2247.0874334321943,5558.181677044246,413.50668577863735,2247.0874334321943
mond,7.0,0.5,50.0,-3976.2474888345923,-3881.965099340244,-2302.137010556543,5529.640411601497,550.7032261960453,2302.137010556543
mond,7.0,0.5,55.0,-3721.843695980712,-4190.0605678284655,-2463.1098379887017,5567.058523627604,645.4358634966052,2463.1098379887017
mond,7.0,0.5,60.0,-3412.61087659646,-4491.384767315117,-2599.802366173404,5595.958744963581,709.7153287060573,2599.802366173404
mond,7.0,0.5,65.0,-3060.5900360981204,-4741.214269437509,-2839.7758536097936,5590.460653357188,770.1128495526277,2839.7758536097936
mond,7.0,0.5,70.0,-2604.4799945667705,-5025.480612773595,-3107.2569589575896,5613.191668756556,728.595032417722,3107.2569589575896
mond,7.0,0.5,75.0,-2069.3379173783587,-5289.789718084498,-3228.6329789482807,5645.128568106493,629.7286140872286,3228.6329789482807
mond,7.0,0.5,80.0,-1634.5934939701956,-5482.881494290954,-3459.6032455493046,5683.428385879037,657.667966037802,3459.6032455493046
mond,7.0,0.5,85.0,-1064.472472601101,-5576.636912926904,-3777.8786304983178,5648.191014824486,574.3859012896759,3777.8786304983178
mond,7.0,0.5,90.0,-367.6986931010979,-5606.543511544158,-3935.0600643260696,5606.543511544158,367.69869310109755,3935.0600643260696
mond,7.0,0.5,95.0,357.8853854184466,-5602.290229462834,-3790.1932713286187,5612.16359034674,131.74824255840457,3790.1932713286187
mond,7.0,0.5,100.0,727.2970954902135,-5675.038818871706,-3859.437021514641,5715.116042724427,269.2123307041379,3859.437021514641
mond,7.0,0.5,105.0,1525.1002378994401,-5806.272780636669,-4038.217141838544,6003.153820554962,29.640269222470124,4038.217141838544
mond,7.0,0.5,110.0,2313.8649815883027,-5668.294752701655,-3925.6765127776193,6117.8431841923075,-235.65086496229378,3925.6765127776193
mond,7.0,0.5,115.0,2701.144605444311,-5355.348133409033,-3602.6366416824903,5995.146753463937,-184.80047066859424,3602.6366416824903
mond,7.0,0.5,120.0,2986.262297342073,-5201.607413227308,-3529.4858846960515,5997.855309039344,14.624694751738389,3529.4858846960515
mond,7.0,0.5,125.0,3450.906091292547,-5020.312907771564,-3600.159731997849,6091.757999397187,52.716407675148275,3600.159731997849
mond,7.0,0.5,130.0,3935.242392505894,-4617.35090800791,-3637.0319257324973,6066.621056025829,-46.594613862995175,3637.0319257324973
mond,7.0,0.5,135.0,4409.099805485569,-4180.2250191651865,-3575.259048154305,6073.569829324502,-161.8389134497652,3575.259048154305
mond,7.0,0.5,140.0,4857.97464445604,-3798.293320786039,-3517.6523448036946,6162.920365754848,-212.9844179036395,3517.6523448036946
mond,7.0,0.5,145.0,5292.363140701917,-3277.2662083788778,-3417.18041032051,6215.012758601346,-350.99547584664333,3417.18041032051
mond,7.0,0.5,150.0,5526.278029493415,-2752.856108456588,-3304.6623232568977,6162.325216145401,-379.0956918601314,3304.6623232568977
mond,7.0,0.5,155.0,5757.709819873412,-2261.6854955317194,-3233.6598312758897,6174.086837974428,-383.53013925401547,3233.6598312758897
mond,7.0,0.5,160.0,6002.374200431463,-1739.5461232318926,-3124.5451265807465,6235.346557730546,-418.29422880812217,3124.5451265807465
mond,7.0,0.5,165.0,6118.040550103133,-1188.8282891370006,-3006.000230254379,6217.264776213696,-435.1454655757186,3006.000230254379
mond,7.0,0.5,170.0,6121.375919384438,-686.2658860588842,-2812.7805891933717,6147.5472850211345,-387.12580799675584,2812.7805891933717
mond,7.0,0.5,175.0,6140.030395387737,-221.8941731068832,-2773.2387099971766,6136.005077475936,-314.0891108166867,2773.2387099971766
mond,7.0,0.5,180.0,6154.388909364265,228.84323832378868,-2766.902396383317,6154.388909364265,-228.84323832378945,2766.902396383317
mond,7.0,0.5,185.0,6113.310911176341,776.9539091996741,-2682.833927625624,6157.7639125372825,-241.1872118954352,2682.833927625624
mond,7.0,0.5,190.0,5972.785563871979,1241.3068029415037,-2612.889082764875,6097.596194636873,-185.28523464187106,2612.889082764875
mond,7.0,0.5,195.0,5815.94194552571,1696.3974970101574,-2587.7017642511173,6056.828509671648,-133.31761330158224,2587.7017642511173
mond,7.0,0.5,200.0,5606.592025886307,2203.6079809168714,-2571.814738524579,6022.151471949255,-153.14675051033328,2571.814738524579
mond,7.0,0.5,205.0,5364.1857762471745,2600.574892968,-2499.648826858399,5960.653780916693,-89.91840785713612,2499.648826858399
mond,7.0,0.5,210.0,5100.931116626098,3006.8546573111757,-2522.3356440357165,5920.963258608312,-53.54696040598128,2522.3356440357165
mond,7.0,0.5,215.0,4818.883747698396,3369.8117872285425,-2504.5543094303616,5880.243109210436,3.6099528174181614,2504.5543094303616
mond,7.0,0.5,220.0,4500.513644036263,3734.2396018868617,-2559.9444036013974,5847.916415888792,32.280911311470845,2559.9444036013974
mond,7.0,0.5,225.0,4111.803632791183,4056.6791737682715,-2578.10970697446,5775.9895845239125,38.97887878433994,2578.10970697446
mond,7.0,0.5,230.0,3698.272763140632,4333.57474376769,-2599.912443051606,5696.914760691988,47.473148397757996,2599.912443051606
mond,7.0,0.5,235.0,3256.7280428718523,4545.233534458378,-2562.3002663771567,5591.219806517413,60.71658093385713,2562.3002663771567
mond,7.0,0.5,240.0,2887.496985158632,4703.467442036052,-2562.419096434457,5517.070783255549,148.91202148032517,2562.419096434457
mond,7.0,0.5,245.0,2544.811246846089,4856.602515150771,-2580.978548604581,5477.060383623199,253.89333663653133,2580.978548604581
mond,7.0,0.5,250.0,2225.2530548603404,4993.088490931708,-2624.648714280474,5453.049778618789,383.3170337273532,2624.648714280474
mond,7.0,0.5,255.0,1876.4942500759585,5139.351148104606,-2789.8900564376827,5449.904454267644,482.3923024323285,2789.8900564376827
mond,7.0,0.5,260.0,1460.2767621810422,5227.314291510542,-2890.74682272263,5401.474040353201,530.3782761263479,2890.74682272263
mond,7.0,0.5,265.0,1094.1187774882726,5397.967143718766,-3052.4570429797177,5472.784983752229,619.491489478175,3052.4570429797177
mond,7.0,0.5,270.0,667.3033332283667,5573.298312999352,-3279.7236745364935,5573.298312999352,667.3033332283657,3279.7236745364935
mond,7.0,0.5,275.0,74.33420679136209,5636.516776786588,-3473.890697138331,5608.5894757355145,565.30614888288,3473.890697138331
mond,7.0,0.5,280.0,-549.6715614830356,5676.537053151453,-3746.783045470261,5685.747165171489,444.3994993797344,3746.783045470261
mond,7.0,0.5,285.0,-1397.2354605556823,5658.232692453223,-3743.5008607129503,5827.0642364781015,114.83256567097101,3743.5008607129503
mond,7.0,0.5,290.0,-1955.2359198470153,5568.831979432204,-3804.4081021371067,5901.720387010598,67.33194598618343,3804.4081021371067
mond,7.0,0.5,295.0,-2718.5761628651835,5216.266317451412,-3797.6920033749634,5876.462715122989,-259.3773421990554,3797.6920033749634
mond,7.0,0.5,300.0,-3185.708468755491,5004.6247034654025,-3561.180707148593,5926.986363985948,-256.592111260778,3561.180707148593
mond,7.0,0.5,305.0,-3695.6899515102914,4590.053087505273,-3488.019345352317,5879.712042270586,-394.58568624454983,3488.019345352317
mond,7.0,0.5,310.0,-4147.615809963259,4201.976515787903,-3382.8683596150795,5884.936812420151,-476.2796028724956,3382.8683596150795
mond,7.0,0.5,315.0,-4419.918938279523,3777.9868719768174,-3289.071287987617,5796.794789960857,-453.91451714373716,3289.071287987617
mond,7.0,0.5,320.0,-4674.983532424428,3295.0402634994275,-3215.4008520368625,5699.256211482165,-480.87420642400457,3215.4008520368625
mond,7.0,0.5,325.0,-4923.457887881879,2759.840331927092,-3221.387190052342,5616.039976313832,-563.2505800464523,3221.387190052342
mond,7.0,0.5,330.0,-5190.636488023387,2241.775060032004,-3050.8139956975538,5616.110590454695,-653.8840924535957,3050.8139956975538
mond,7.0,0.5,335.0,-5382.628657055698,1870.590243174886,-2932.9969773791304,5668.863863615887,-579.4666628963735,2932.9969773791304
mond,7.0,0.5,340.0,-5563.569877105028,1419.3647463713573,-2890.4743998832537,5713.496892727691,-569.0863884010073,2890.4743998832537
mond,7.0,0.5,345.0,-5731.393715601252,952.8414442913901,-2792.091136359989,5782.714723275717,-563.0196891788738,2792.091136359989
mond,7.0,0.5,350.0,-5784.359134780719,436.13172028181384,-2588.1721560553283,5772.21520058872,-574.9375232576521,2588.1721560553283
mond,7.0,0.5,355.0,-5834.751989340544,20.11109237815196,-2390.9985002401977,5814.3017936549995,-488.4975797794038,2390.9985002401977
mond,8.0,0.5,0.0,-5030.707396882492,-289.94835783136114,-1566.039299396558,5030.707396882492,-289.94835783136114,1566.039299396558
mond,8.0,0.5,5.0,-4975.246109455495,-631.0726977592615,-1533.4033487402705,5011.3154056421245,-195.05000559624062,1533.4033487402705
mond,8.0,0.5,10.0,-4882.202882024737,-958.9256865600838,-1492.0865609012858,4974.5469479856765,-96.57181722309429,1492.0865609012858
mond,8.0,0.5,15.0,-4762.87221890015,-1272.9830940095162,-1498.4810427122925,4930.053552373571,3.114792707904371,1498.4810427122925
mond,8.0,0.5,20.0,-4605.302165650193,-1624.2893331717328,-1491.2594003509557,4883.108132084601,48.77340635095038,1491.2594003509557
mond,8.0,0.5,25.0,-4449.786948958413,-1945.1429338152977,-1505.045688300376,4854.929488021291,117.66303766913552,1505.045688300376
mond,8.0,0.5,30.0,-4272.975973899405,-2217.9497460605858,-1513.0879224116625,4809.48061618773,215.6871625439901,1513.0879224116625
mond,8.0,0.5,35.0,-4066.9844274443035,-2486.115654560029,-1589.8957184946566,4757.4559653315855,296.2197138169904,1589.8957184946566
mond,8.0,0.5,40.0,-3847.957171488357,-2746.2210684486413,-1711.7700903953,4712.943084837392,369.6918033758334,1711.7700903953
mond,8.0,0.5,45.0,-3614.0686813529123,-3071.4781249669372,-1741.642238968531,4727.395482688831,383.669461828305,1741.642238968531
mond,8.0,0.5,50.0,-3397.7535389980962,-3301.307130964287,-1815.637404331425,4712.981858340814,480.79089808367235,1815.637404331425
mond,8.0,0.5,55.0,-3140.1085572093707,-3560.4894927874084,-1947.7831067049606,4717.674522685857,530.0134689890674,1947.7831067049606
mond,8.0,0.5,60.0,-2876.443338984318,-3825.1955198746673,-2057.841109961158,4750.938164146043,578.4752441696187,2057.841109961158
mond,8.0,0.5,65.0,-2593.5661493462385,-4083.8724533727045,-2256.52215015261,4797.333823502377,624.6501199320569,2256.52215015261
mond,8.0,0.5,70.0,-2195.573939657031,-4382.927623489777,-2477.739783057311,4869.535258755663,564.1150955135506,2477.739783057311
mond,8.0,0.5,75.0,-1716.2121742296413,-4673.965616419475,-2533.606632748836,4958.892496214113,448.0223447964215,2533.606632748836
mond,8.0,0.5,80.0,-1336.1013799208438,-4842.078516333528,-2568.1916438547687,5000.528033380632,474.9848872748455,2568.1916438547687
mond,8.0,0.5,85.0,-915.4346087867234,-5042.770775820912,-2736.971118613482,5103.366893830509,472.4446712501693,2736.971118613482
mond,8.0,0.5,90.0,-347.2493809251864,-5201.293842777621,-3017.40106533793,5201.293842777621,347.2493809251861,3017.40106533793
mond,8.0,0.5,95.0,402.7510664777959,-5269.935307696018,-3084.926356442525,5284.983681154548,58.086648898378826,3084.926356442525
mond,8.0,0.5,100.0,1025.114493616311,-5293.3391009913685,-2956.047030558357,5390.930649695401,-90.36201237826833,2956.047030558357
mond,8.0,0.5,105.0,1557.794935295141,-5240.353826358474,-2818.543697824781,5464.980097391021,-148.41098672644307,2818.543697824781
mond,8.0,0.5,110.0,2057.4163113473237,-5070.333462667856,-2638.6461117716694,5468.232761480428,-199.1827480470488,2638.6461117716694
mond,8.0,0.5,115.0,2372.115869233974,-4888.249852062692,-2491.482562265134,5432.758391208361,-84.0034286069972,2491.482562265134
mond,8.0,0.5,120.0,2731.8929381537782,-4693.800729057739,-2551.6839442204023,5430.89714074281,-18.988320331613977,2551.6839442204023
mond,8.0,0.5,125.0,3117.002740275813,-4468.525134545069,-2602.8762747894993,5448.240822783181,9.74155566611853,2602.8762747894993
mond,8.0,0.5,130.0,3530.274790705078,-4158.145905567126,-2657.177495097234,5454.541458891592,-31.542718735274775,2657.177495097234
mond,8.0,0.5,135.0,3986.3265631779773,-3733.676824362189,-2675.354558523463,5458.86674611277,-178.6503435816544,2675.354558523463
mond,8.0,0.5,140.0,4389.033019633196,-3311.9243997223666,-2592.022805303991,5491.058323715784,-284.13476108784107,2592.022805303991
mond,8.0,0.5,145.0,4654.816140331698,-2914.3475153119416,-2516.5475180353433,5484.603219263255,-282.5991287044644,2516.5475180353433
mond,8.0,0.5,150.0,4940.817447245881,-2454.4948646253324,-2416.479729864828,5506.12085708898,-344.75381739895556,2416.479729864828
mond,8.0,0.5,155.0,5177.05003871543,-2012.5193550177796,-2308.485466651183,5542.528195503312,-363.95392529194623,2308.485466651183
mond,8.0,0.5,160.0,5273.121978879638,-1563.9203465930764,-2172.655303617379,5490.006073148876,-333.9095257996946,2172.655303617379
mond,8.0,0.5,165.0,5318.310944621635,-1083.6057810326693,-2122.2783603131384,5417.551707160294,-329.7973508296659,2122.2783603131384
mond,8.0,0.5,170.0,5352.927507144067,-660.4282501824277,-2011.771684674311,5386.286672471727,-279.13124571081005,2011.771684674311
mond,8.0,0.5,175.0,5351.456570861693,-224.22916749136647,-1963.2770559023074,5350.635522599051,-243.0342644028615,1963.2770559023074
mond,8.0,0.5,180.0,5308.552107994521,203.33104633495168,-1874.725708693506,5308.552107994521,-203.33104633495233,1874.725708693506
mond,8.0,0.5,185.0,5234.1776868494435,610.2388317730235,-1836.9044386333105,5267.445879146173,-151.7280448114052,1836.9044386333105
mond,8.0,0.5,190.0,5128.9053335890585,1001.5457782532801,-1823.418499856928,5224.90233622786,-95.70498281653579,1823.418499856928
mond,8.0,0.5,195.0,4989.056139026774,1377.798781725431,-1822.4014596337574,5175.658738521578,-39.588680832429645,1822.4014596337574
mond,8.0,0.5,200.0,4799.043405941639,1800.9561744599723,-1837.6339224502867,5125.5889643066785,-50.97571397259048,1837.6339224502867
mond,8.0,0.5,205.0,4595.1155921223,2171.9341348076023,-1815.9758405442064,5082.488072141647,-26.461055266528547,1815.9758405442064
mond,8.0,0.5,210.0,4371.4016672302105,2504.636368840105,-1812.1857113497654,5038.063078387064,16.622110957163386,1812.1857113497654
mond,8.0,0.5,215.0,4123.066931495575,2807.751053283922,-1843.6555454650172,4987.878548978429,64.9190222519801,1843.6555454650172
mond,8.0,0.5,220.0,3849.895532474936,3108.495617258108,-1883.9222987301255,4947.293546779426,93.41935280217922,1883.9222987301255
mond,8.0,0.5,225.0,3538.302425589562,3396.9079462278664,-1927.2640260225128,4903.934282867382,99.98099517899573,1927.2640260225128
mond,8.0,0.5,230.0,3246.191152797629,3631.808927872875,-1969.337798178905,4868.738499359289,152.2449143169738,1969.337798178905
mond,8.0,0.5,235.0,2893.225361617262,3822.885914713155,-2036.890172852784,4791.010704597769,177.27419001975522,2036.890172852784
mond,8.0,0.5,240.0,2526.1920659981124,4011.8105975183453,-2086.2115174431483,4737.425925621572,181.84120523388583,2086.2115174431483
mond,8.0,0.5,245.0,2218.544686800354,4180.5565987610535,-2110.419520866746,4726.468498734225,243.9047626589413,2110.419520866746
mond,8.0,0.5,250.0,1925.5849309251564,4328.5796071109135,-2171.9274495354994,4726.1231493472615,328.99653266627183,2171.9274495354994
mond,8.0,0.5,255.0,1630.61938490191,4458.1908909079975,-2292.772405300387,4728.317072180677,421.19266745478603,2292.772405300387
mond,8.0,0.5,260.0,1257.459848472093,4604.483715490778,-2412.499516414872,4752.886872810289,438.79600158484334,2412.499516414872
mond,8.0,0.5,265.0,890.314249774643,4728.473751949118,-2549.737036849774,4788.0764814756285,474.81269334709765,2549.737036849774
mond,8.0,0.5,270.0,482.5389648752025,4820.3770254476585,-2707.858575910999,4820.3770254476585,482.5389648752016,2707.858575910999
mond,8.0,0.5,275.0,-6.556440498471144,4960.896464976631,-2909.6179641018284,4942.590187633228,425.8391248363377,2909.6179641018284
mond,8.0,0.5,280.0,-688.914146348811,4996.913718322567,-3052.7814165571144,5040.628057019564,189.25696866150065,3052.7814165571144
mond,8.0,0.5,285.0,-1286.9392979752793,4982.782606780206,-3095.5232596336878,5146.082806879838,46.5511314596547,3095.5232596336878
mond,8.0,0.5,290.0,-1922.8017325674512,4817.635623436088,-2967.6831609544647,5184.733569137775,-159.11417290953386,2967.6831609544647
mond,8.0,0.5,295.0,-2394.272849078459,4695.574557838533,-2790.6988672065463,5267.499215990728,-185.5125699026578,2790.6988672065463
mond,8.0,0.5,300.0,-2810.523416755067,4415.165744841187,-2740.834599726823,5228.907405328844,-226.40180442033306,2740.834599726823
mond,8.0,0.5,305.0,-3201.0008224036615,4050.064730753619,-2657.883446949907,5153.637448170632,-299.08467218598344,2657.883446949907
mond,8.0,0.5,310.0,-3473.5584564947094,3678.377713791491,-2595.865238657543,5050.561144699362,-296.4845352744378,2595.865238657543
mond,8.0,0.5,315.0,-3740.3231851566225,3334.1561990203654,-2662.7878665499197,5002.412345915978,-287.2034301910512,2662.7878665499197
mond,8.0,0.5,320.0,-4064.6864713842774,2920.586107523115,-2670.0539320914672,4991.0470473633095,-375.43134274774684,2670.0539320914672
mond,8.0,0.5,325.0,-4399.4695877245795,2466.7234425392708,-2630.819045225916,5018.6889482070965,-502.81053731024963,2630.819045225916
mond,8.0,0.5,330.0,-4690.487566943981,2021.3203257015493,-2493.9249174206197,5072.741551959324,-594.7290322286158,2493.9249174206197
mond,8.0,0.5,335.0,-4907.178725248823,1588.9090670705946,-2270.1363133824743,5118.916279063001,-633.8226825363793,2270.1363133824743
mond,8.0,0.5,340.0,-5054.320743628098,1227.0326419009923,-2078.0698460854665,5169.17778592072,-575.6459860917817,2078.0698460854665
mond,8.0,0.5,345.0,-5134.172400197417,867.5191118550638,-1934.889124658198,5183.760186109734,-490.8624830706509,1934.889124658198
mond,8.0,0.5,350.0,-5156.446554031251,411.2597133435008,-1849.286691946083,5149.523044172983,-490.39579314219185,1849.286691946083
mond,8.0,0.5,355.0,-5075.03037938013,23.413129254372066,-1686.9095452737824,5057.758945263237,-418.99400695286323,1686.9095452737824
mond,9.0,0.5,0.0,-4355.557465871703,-234.18539227815563,-1188.3385026547403,4355.557465871703,-234.18539227815563,1188.3385026547403
mond,9.0,0.5,5.0,-4290.849902081996,-502.917048795441,-1130.463614049798,4318.354031689797,-127.03108735529332,1130.463614049798
mond,9.0,0.5,10.0,-4202.136159478502,-776.284014256635,-1115.38162553375,4273.096573495007,-34.79722937761835,1115.38162553375
mond,9.0,0.5,15.0,-4103.5206608606695,-1039.8818785473336,-1151.1874488526025,4232.837819861142,57.620536223561544,1151.1874488526025
mond,9.0,0.5,20.0,-3968.881008431942,-1341.1852845535802,-1195.2555255916304,4188.240579650124,97.13533634476926,1195.2555255916304
mond,9.0,0.5,25.0,-3831.096567569052,-1612.8783908349076,-1199.7458038044244,4153.784514010998,157.32712678997473,1199.7458038044244
mond,9.0,0.5,30.0,-3677.6377801582917,-1850.3792885589312,-1247.8162889850887,4110.117387813957,236.3434195505347,1247.8162889850887
mond,9.0,0.5,35.0,-3529.7343560354334,-2114.85540870921,-1321.5921774932783,4104.420342268677,292.1843217808773,1321.5921774932783
mond,9.0,0.5,40.0,-3345.631159556234,-2389.7244963975613,-1380.5328006651614,4098.987455352513,319.8950848933059,1380.5328006651614
mond,9.0,0.5,45.0,-3149.6470047016,-2603.4030504387574,-1441.972703171427,4068.0207064953884,386.25280424141056,1441.972703171427
mond,9.0,0.5,50.0,-2941.471867355002,-2820.5100352754307,-1562.939220543849,4051.3777098613796,440.30927490651175,1562.939220543849
mond,9.0,0.5,55.0,-2699.420930410441,-3051.2681917517957,-1718.4642749921761,4047.7768144237048,461.1006377659098,1718.4642749921761
mond,9.0,0.5,60.0,-2421.0870772447815,-3322.6222851053835,-1846.7257669993828,4088.0188447039545,435.41177111550587,1846.7257669993828
mond,9.0,0.5,65.0,-2162.7661042987675,-3640.9005037110937,-1978.530191678775,4213.800929889475,421.4207198156728,1978.530191678775
mond,9.0,0.5,70.0,-1832.9360963986394,-3967.2152983540836,-2062.0828726814657,4354.864007329353,365.52897921108,2062.0828726814657
mond,9.0,0.5,75.0,-1469.7254706037666,-4214.09282503284,-2083.1245653453752,4450.8940369432,328.9583086626494,2083.1245653453752
mond,9.0,0.5,80.0,-1180.3526380907206,-4357.047557661839,-2211.717482992088,4495.820299637092,405.8270608840263,2211.717482992088
mond,9.0,0.5,85.0,-710.3890623553782,-4375.499961554593,-2548.2996496911737,4420.764349570718,326.335868459154,2548.2996496911737
mond,9.0,0.5,90.0,-32.87402445287444,-4668.300899164008,-2363.9898681164595,4668.300899164008,32.87402445287415,2363.9898681164595
mond,9.0,0.5,95.0,440.5825042975439,-4755.7805316311915,-2357.773647640173,4776.0826463026115,-24.412370274027467,2357.773647640173
mond,9.0,0.5,100.0,1004.8133239544197,-4732.043151387682,-2185.9329022955544,4834.636785675047,-167.837281880531,2185.9329022955544
mond,9.0,0.5,105.0,1424.254039675681,-4649.133668549537,-2019.1111878631782,4859.342350854307,-172.43942347130496,2019.1111878631782
mond,9.0,0.5,110.0,1755.7448295761294,-4509.620502406813,-1913.287524125943,4838.157206911454,-107.4794097581489,1913.287524125943
mond,9.0,0.5,115.0,2081.048892920315,-4311.390490584319,-1931.1272119317066,4786.936040295722,-63.99846204155551,1931.1272119317066
mond,9.0,0.5,120.0,2404.158157428891,-4130.633772645606,-1911.8488540483731,4779.312859555495,-16.74515272620556,1911.8488540483731
mond,9.0,0.5,125.0,2753.6688634529855,-3919.777032958052,-1979.8475778439106,4790.332943294826,-7.38173693770068,1979.8475778439106
mond,9.0,0.5,130.0,3104.46546853521,-3635.5387744535474,-2062.014123987977,4780.49621378787,-41.27924227242602,2062.014123987977
mond,9.0,0.5,135.0,3589.697913894096,-3278.105919837162,-2045.6087727561412,4856.270662690341,-220.32881196109702,2045.6087727561412
mond,9.0,0.5,140.0,3884.6430167255076,-2951.0293828173085,-1925.9850534056563,4872.694319559399,-236.38073901847065,1925.9850534056563
mond,9.0,0.5,145.0,4196.629911827466,-2592.013092149131,-1871.7951209297264,4924.3956037679545,-283.83520625241044,1871.7951209297264
mond,9.0,0.5,150.0,4386.6747398631815,-2180.0775736458745,-1711.5415168646382,4889.010549683946,-305.3348089335225,1711.5415168646382
mond,9.0,0.5,155.0,4492.04676666339,-1780.125345563459,-1600.5967479488622,4823.490443582426,-285.07953359974135,1600.5967479488622
mond,9.0,0.5,160.0,4544.545713030244,-1424.2939583007187,-1535.7494969918707,4757.61329511465,-215.92765367552056,1535.7494969918707
mond,9.0,0.5,165.0,4622.623797062158,-1028.7008954335627,-1516.3383569266825,4731.359094252998,-202.77431459784918,1516.3383569266825
mond,9.0,0.5,170.0,4622.182969870931,-617.1446346140882,-1481.3600198866,4659.127665727546,-194.86482866336644,1481.3600198866
mond,9.0,0.5,175.0,4617.24361232945,-257.38296333924836,-1416.1297470627192,4622.106009741003,-146.01575302175223,1416.1297470627192
mond,9.0,0.5,180.0,4541.774000954256,104.84622973999053,-1406.845787388327,4541.774000954256,-104.84622973999109,1406.845787388327
mond,9.0,0.5,185.0,4461.877823593074,476.24323324386665,-1371.841207883391,4486.406364118472,-85.55270819505262,1371.841207883391
mond,9.0,0.5,190.0,4370.203079327854,782.8013307073114,-1378.1335496033091,4439.741899312469,-12.0310187891439,1378.1335496033091
mond,9.0,0.5,195.0,4249.107528711469,1140.802191876091,-1414.7994179698203,4399.584034613959,-2.180346701258941,1414.7994179698203
mond,9.0,0.5,200.0,4107.223201107432,1493.662261686244,-1425.4622904276853,4370.389914823402,1.1696626603215918,1425.4622904276853
mond,9.0,0.5,205.0,3940.5093943545226,1804.8442204567532,-1426.244163779318,4334.074476156758,29.58685922695622,1426.244163779318
mond,9.0,0.5,210.0,3764.694604095879,2075.959066810997,-1464.801085445404,4298.30069804273,84.51401297298025,1464.801085445404
mond,9.0,0.5,215.0,3543.996571261047,2350.5236341540003,-1511.4002178323149,4251.277005938626,107.31668371739806,1511.4002178323149
mond,9.0,0.5,220.0,3312.8605238780747,2606.9054397488826,-1548.5558753308674,4213.484911440046,132.46027151221642,1548.5558753308674
mond,9.0,0.5,225.0,3056.6537976117384,2858.2350861039663,-1607.854630145719,4182.4580396403035,140.30321642144213,1607.854630145719
mond,9.0,0.5,230.0,2811.4354887347044,3066.740962079089,-1681.516434736555,4156.415770077723,182.42144079009222,1681.516434736555
mond,9.0,0.5,235.0,2558.386866738809,3284.5825796564045,-1795.4489925013827,4158.002956592919,211.7486610311562,1795.4489925013827
mond,9.0,0.5,240.0,2231.2430177204787,3485.0137980529307,-1909.7999357016633,4133.731990513369,189.80623633611958,1909.7999357016633
mond,9.0,0.5,245.0,1924.9822533070655,3684.4420948377433,-1915.0512117361793,4152.771215211401,187.51389247496354,1915.0512117361793
mond,9.0,0.5,250.0,1714.0258918432012,3835.1016518443403,-1967.2721793119224,4190.048103394093,298.9754657687324,1967.2721793119224
mond,9.0,0.5,255.0,1397.5169685351493,4018.0805566042673,-2109.640638750715,4242.871789044853,309.941959779987,2109.640638750715
mond,9.0,0.5,260.0,1081.2693663402035,4189.121937398366,-2171.6296493800596,4313.240217295485,337.4090646126431,2171.6296493800596
mond,9.0,0.5,265.0,727.7230118528249,4320.998521965136,-2264.81574834853,4367.981057656533,348.3539704937358,2264.81574834853
mond,9.0,0.5,270.0,287.73885769345543,4474.817702235649,-2386.0403488029024,4474.817702235649,287.73885769345463,2386.0403488029024
mond,9.0,0.5,275.0,-196.44782371593465,4570.604104462124,-2434.0704794927824,4570.333131928663,202.6541150924142,2434.0704794927824
mond,9.0,0.5,280.0,-769.0835970474166,4598.463295507609,-2408.998063813235,4662.152270458773,41.115282246348784,2408.998063813235
mond,9.0,0.5,285.0,-1271.5862771907578,4573.472812897516,-2338.5875125877665,4746.746251836604,-44.55615925685038,2338.5875125877665
mond,9.0,0.5,290.0,-1731.5674353156382,4418.762617482609,-2262.518083242411,4744.509567057748,-115.8353176057758,2262.518083242411
mond,9.0,0.5,295.0,-2093.2628789330092,4174.870348224367,-2199.1699469141513,4668.368625725155,-132.76399793237078,2199.1699469141513
mond,9.0,0.5,300.0,-2427.403010794274,3948.6593886109276,-2230.5132981207926,4633.3408468261305,-127.86297826520877,2230.5132981207926
mond,9.0,0.5,305.0,-2755.6777849837385,3663.755826027639,-2232.3058985412317,4581.764918308962,-155.87508061787412,2232.3058985412317
mond,9.0,0.5,310.0,-3074.9727867907905,3363.2812442857644,-2327.55799489021,4552.9773153038,-193.69030434514752,2327.55799489021
mond,9.0,0.5,315.0,-3471.6660962943674,3042.5076292834374,-2328.9667373464727,4606.216415183302,-303.460862227053,2328.9667373464727
mond,9.0,0.5,320.0,-3778.805240709687,2694.2443403744846,-2243.0448251597454,4626.55963573533,-365.05828279811885,2243.0448251597454
mond,9.0,0.5,325.0,-4072.8958295481543,2262.8985125981744,-2145.49167811629,4634.266209630623,-482.4591329279565,2145.49167811629
mond,9.0,0.5,330.0,-4300.427062053495,1834.5896175381645,-1935.9564557908138,4641.573891629488,-561.4123167195223,1935.9564557908138
mond,9.0,0.5,335.0,-4421.793408883977,1438.135257508329,-1695.91184222978,4615.288021815065,-565.3374615472705,1695.91184222978
mond,9.0,0.5,340.0,-4457.997764079999,1090.6152601114381,-1503.6266890986665,4562.15998996253,-499.88192217292885,1503.6266890986665
mond,9.0,0.5,345.0,-4472.6823339959365,775.4226246033002,-1353.63138403956,4520.97352244426,-408.6146313385609,1353.63138403956
mond,9.0,0.5,350.0,-4458.522944236298,460.04513354015864,-1308.2546632945948,4470.673961550511,-321.15837010694537,1308.2546632945948
mond,9.0,0.5,355.0,-4418.620186126733,99.15618737326282,-1275.7836593848278,4410.448033459155,-286.3292560974355,1275.7836593848278
mond,10.0,0.5,0.0,-3802.511233599289,-136.17289868534135,-917.81054177857,3802.511233599289,-136.17289868534135,917.81054177857
mond,10.0,0.5,5.0,-3728.736422459515,-394.7651887196936,-891.800813376414,3748.953507869536,-68.2821955840414,891.800813376414
mond,10.0,0.5,10.0,-3662.9500444325886,-624.2278651621856,-910.6819523384398,3715.697633887957,21.320158842740852,910.6819523384398
mond,10.0,0.5,15.0,-3576.185591111992,-868.5473596458232,-955.1491486910365,3679.1266203077585,86.63261376391904,955.1491486910365
mond,10.0,0.5,20.0,-3474.0431157416606,-1140.8455681405583,-990.1360419905968,3654.7248448824116,116.14856252752566,990.1360419905968
mond,10.0,0.5,25.0,-3360.545636159931,-1382.2394283123067,-1024.139189244344,3629.848303246583,167.49359782567217,1024.139189244344
mond,10.0,0.5,30.0,-3250.4458373609114,-1613.2980180029426,-1088.4337657066785,3621.6176777814026,228.0658512148225,1088.4337657066785
mond,10.0,0.5,35.0,-3117.2947538817434,-1816.1097231401486,-1146.505198005455,3595.216113314791,300.3368236239339,1146.505198005455
mond,10.0,0.5,40.0,-2927.2707511501567,-2030.3740837682287,-1260.2800675232447,3547.5187964981715,326.2565847136916,1260.2800675232447
mond,10.0,0.5,45.0,-2750.410322475592,-2264.451596199878,-1365.9583385780802,3546.042869409606,343.62471072633434,1365.9583385780802
mond,10.0,0.5,50.0,-2589.995305064208,-2505.0242325231184,-1502.867260196904,3583.7767844442988,373.8529725182859,1502.867260196904
mond,10.0,0.5,55.0,-2389.8484757804586,-2813.950142416783,-1637.293611797308,3675.813783845142,343.63376971955677,1637.293611797308
mond,10.0,0.5,60.0,-2134.553722373916,-3135.3449767056863,-1716.1181305857622,3782.5652606420117,280.9052609656035,1716.1181305857622
mond,10.0,0.5,65.0,-1851.1856767592385,-3435.6308994326137,-1741.8529217341038,3896.0839104107768,225.78363539676184,1741.8529217341038
mond,10.0,0.5,70.0,-1549.026253055222,-3690.18096351277,-1726.7860968987418,3997.434001862754,193.49231736134493,1726.7860968987418
mond,10.0,0.5,75.0,-1253.9991216581343,-3924.3230334086375,-1690.789440216577,4115.163823897419,195.58059757274805,1690.789440216577
mond,10.0,0.5,80.0,-1025.0089709762897,-4118.883887999153,-1781.7593915292332,4234.299726560921,294.20010035178143,1781.7593915292332
mond,10.0,0.5,85.0,-476.2223037771547,-4379.637313231216,-1929.5230604775088,4404.476979604413,92.6995911358137,1929.5230604775088
mond,10.0,0.5,90.0,-3.4744890222518734,-4385.884752895999,-1739.6128907306593,4385.884752895999,3.4744890222516047,1739.6128907306593
mond,10.0,0.5,95.0,449.9627802169749,-4333.743681158978,-1742.7479209897076,4356.469318377789,-70.53988658139048,1742.7479209897076
mond,10.0,0.5,100.0,901.904810651901,-4267.983790480396,-1569.4386524976553,4359.757653394266,-147.0752424800811,1569.4386524976553
mond,10.0,0.5,105.0,1232.734847788286,-4159.713041363646,-1502.5658256512597,4337.029512773758,-114.11746917898745,1502.5658256512597
mond,10.0,0.5,110.0,1553.8875504153918,-4034.564144254715,-1441.5933512618233,4322.710997148613,-80.27445778183346,1441.5933512618233
mond,10.0,0.5,115.0,1828.629400504305,-3889.7150670346864,-1485.0810401255471,4298.091233216388,-13.436444984405853,1485.0810401255471
mond,10.0,0.5,120.0,2174.5583953663036,-3694.343295924863,-1511.597997302088,4286.674342254815,-36.051164437513535,1511.597997302088
mond,10.0,0.5,125.0,2493.7512252596907,-3532.9472971997684,-1557.557738992924,4324.377941796966,-16.34609357574982,1557.557738992924
mond,10.0,0.5,130.0,2945.1000471987704,-3292.9675452969404,-1524.8411651967422,4415.633309072475,-139.39878836928665,1524.8411651967422
mond,10.0,0.5,135.0,3250.362133633224,-2973.6889865631942,-1478.2057836568956,4401.068753542615,-195.63745846544134,1478.2057836568956
mond,10.0,0.5,140.0,3510.2691907177095,-2639.0597682777443,-1375.2051674577037,4385.377127672217,-234.72047190971625,1375.2051674577037
mond,10.0,0.5,145.0,3697.9291232835885,-2316.3832272964473,-1272.2476696344102,4357.789037709582,-223.57495241513084,1272.2476696344102
mond,10.0,0.5,150.0,3807.5974386919406,-1967.387847644119,-1210.8047073985044,4281.170033113842,-199.99086418937418,1210.8047073985044
mond,10.0,0.5,155.0,3882.7080843986223,-1648.2732688335914,-1186.1903023224795,4215.518955428739,-147.06044276686976,1186.1903023224795
mond,10.0,0.5,160.0,3955.3046790110466,-1273.0059572930709,-1202.3857042348654,4152.164299794463,-156.55956892724703,1202.3857042348654
mond,10.0,0.5,165.0,4000.4687803801603,-935.1654032361226,-1157.944066038772,4106.194728910815,-132.09709486263853,1157.944066038772
mond,10.0,0.5,170.0,4026.9723957579604,-590.9563761582698,-1130.599266890994,4068.412134309122,-117.29799710573934,1130.599266890994
mond,10.0,0.5,175.0,3997.5447771296676,-274.2289231246933,-1091.107645542343,4006.2335378387465,-75.22358493752955,1091.107645542343
mond,10.0,0.5,180.0,3938.566379566595,10.523066771027516,-1158.2996620982594,3938.566379566595,-10.523066771027999,1158.2996620982594
mond,10.0,0.5,185.0,3873.1492492784814,361.2453127712797,-1166.1795250292046,3889.8953505979384,-22.303465699843343,1166.1795250292046
mond,10.0,0.5,190.0,3799.7788843772355,642.0276787912668,-1184.404878229672,3853.538641500613,27.550843087317958,1184.404878229672
mond,10.0,0.5,195.0,3686.6975587048973,949.4315653578878,-1259.3255484783226,3806.807356806039,37.10707245255469,1259.3255484783226
mond,10.0,0.5,200.0,3565.1588427683287,1251.028087713136,-1261.396918148153,3778.030262343111,43.77427596245866,1261.396918148153
mond,10.0,0.5,205.0,3424.8433626455653,1545.2404749287748,-1291.081384094834,3757.009052432233,46.93787338328025,1291.081384094834
mond,10.0,0.5,210.0,3299.5698759231886,1776.5900949002162,-1291.2025378335877,3745.806381561458,111.21278366620095,1291.2025378335877
mond,10.0,0.5,215.0,3122.395245491778,2002.7240757659415,-1417.2759262987065,3706.4317867950895,150.39681697817127,1417.2759262987065
mond,10.0,0.5,220.0,2916.3953199304306,2234.6311018217953,-1489.873288087229,3670.4816132421297,162.7960386276659,1489.873288087229
mond,10.0,0.5,225.0,2694.8979280862623,2531.249711813214,-1601.664006394705,3695.444435654991,115.71676345575452,1601.664006394705
mond,10.0,0.5,230.0,2497.9591124710096,2816.3365354977223,-1615.0878953232013,3763.096119970934,103.24146752138017,1615.0878953232013
mond,10.0,0.5,235.0,2333.8693321863566,3063.1390987807986,-1647.6534864012579,3847.8291091722776,154.8494262375914,1647.6534864012579
mond,10.0,0.5,240.0,2104.5740670524583,3317.4150965293807,-1762.907429434695,3925.2527820186788,163.90705794867154,1762.907429434695
mond,10.0,0.5,245.0,1785.6283107084407,3533.8018455231154,-1744.1963971470884,3957.351263228667,124.87964945710519,1744.1963971470884
mond,10.0,0.5,250.0,1575.1133689412616,3681.8790884453792,-1757.759518006278,3998.5551102375366,220.84559615746502,1757.759518006278
mond,10.0,0.5,255.0,1226.925478914675,3866.3385480000684,-1782.7956406228295,4052.1479375548915,184.43695597932458,1782.7956406228295
mond,10.0,0.5,260.0,965.5331478166067,3974.1382364382507,-1801.160372731806,4081.4252183820217,260.762667206106,1801.160372731806
mond,10.0,0.5,265.0,586.7689272865715,4061.722620629485,-1885.0223068217401,4097.406821469312,230.5336425319358,1885.0223068217401
mond,10.0,0.5,270.0,191.7322058541758,4182.288633682654,-1923.9697413235442,4182.288633682654,191.73220585417502,1923.9697413235442
mond,10.0,0.5,275.0,-272.1028205563297,4199.012276094636,-1982.5880297498704,4206.749090096949,94.90064655553624,1982.5880297498704
mond,10.0,0.5,280.0,-789.288644309472,4203.285850373138,-1882.7722957912686,4276.48702831152,-47.40464814997563,1882.7722957912686
mond,10.0,0.5,285.0,-1150.0210620901553,4138.652797749326,-1787.134668914975,4295.278976527543,-39.67287952491051,1787.134668914975
mond,10.0,0.5,290.0,-1466.777790001174,3974.584779657326,-1823.4908012315846,4236.555538095085,-18.932209598344798,1823.4908012315846
mond,10.0,0.5,295.0,-1906.0264654439038,3790.2709093947806,-1868.8681619899203,4240.673631820646,-125.60892467498911,1868.8681619899203
mond,10.0,0.5,300.0,-2236.977043315467,3666.4288969354693,-1835.428629439407,4293.709087573207,-104.06449872606186,1835.428629439407
mond,10.0,0.5,305.0,-2620.939936909186,3463.6539873571137,-1909.3111909317113,4340.568633355804,-160.27799645643677,1909.3111909317113
mond,10.0,0.5,310.0,-3034.2999275219745,3226.6199692982905,-1769.9004344670852,4422.144695021572,-250.3772608024242,1769.9004344670852
mond,10.0,0.5,315.0,-3287.5124409355594,2947.6591648563094,-1763.4933981128065,4408.932124317245,-240.31255612410268,1763.4933981128065
mond,10.0,0.5,320.0,-3560.856117632459,2569.0922094854723,-1745.908135753154,4379.15468205804,-320.83538135405684,1745.908135753154
mond,10.0,0.5,325.0,-3773.222529370551,2169.372174905618,-1619.083069429377,4335.143709692649,-387.1858800582497,1619.083069429377
mond,10.0,0.5,330.0,-3881.163990904028,1726.1452113004946,-1429.121309691399,4224.259218026531,-445.6963918449303,1429.121309691399
mond,10.0,0.5,335.0,-3908.022512363698,1358.349587262212,-1257.815720489907,4115.934576274704,-420.51887256490386,1257.815720489907
mond,10.0,0.5,340.0,-3900.181441964698,1012.6916782555329,-1123.2713612805526,4011.33267368204,-382.32171858885704,1123.2713612805526
mond,10.0,0.5,345.0,-3889.4414579401296,729.9049045759109,-1033.4868280334506,3945.8252444817617,-301.6275260612899,1033.4868280334506
mond,10.0,0.5,350.0,-3880.1439446785075,444.09257734670757,-1006.344256033695,3898.311706294432,-236.43411185258628,1006.344256033695
mond,10.0,0.5,355.0,-3869.133269548492,131.2369287175052,-973.3882043356965,3865.848101332884,-206.47965131495147,973.3882043356965
mond,11.0,0.5,0.0,-3328.380049759573,-71.63438401454187,-779.4210525193193,3328.380049759573,-71.63438401454187,779.4210525193193
mond,11.0,0.5,5.0,-3268.095069666284,-304.64526414770125,-787.0374021084558,3282.2105655326754,-18.65274377597467,787.0374021084558
mond,11.0,0.5,10.0,-3213.6098002889757,-513.3070786747992,-802.1667883755542,3253.922685276011,52.52869479777888,802.1667883755542
mond,11.0,0.5,15.0,-3150.713831405774,-738.9015215180156,-862.7036172447881,3234.5976472251104,101.74068251720792,862.7036172447881
mond,11.0,0.5,20.0,-3067.644483224625,-970.7753789928271,-917.3260236769744,3214.6676183409386,136.96574574447993,917.3260236769744
mond,11.0,0.5,25.0,-2962.676109665458,-1206.8879404251752,-967.2941019847025,3195.149312155553,158.26908907955294,967.2941019847025
mond,11.0,0.5,30.0,-2878.005334820289,-1413.3181891333613,-994.7411031543361,3199.0848267481906,215.03321199003335,994.7411031543361
mond,11.0,0.5,35.0,-2787.886912221339,-1589.9052676881738,-1115.3660955433093,3195.635460968974,296.69208980903295,1115.3660955433093
mond,11.0,0.5,40.0,-2665.5875216084996,-1805.497923389408,-1295.6058068713671,3202.510203044968,330.3149801496834,1295.6058068713671
mond,11.0,0.5,45.0,-2460.740992663283,-2104.7389938538377,-1407.1673208495258,3228.2818578377237,251.73142747412408,1407.1673208495258
mond,11.0,0.5,50.0,-2327.9619139852725,-2432.009381027927,-1447.2180304563326,3359.412346081563,220.05679123485697,1447.2180304563326
mond,11.0,0.5,55.0,-2153.223022135584,-2722.969610322988,-1484.2211755801122,3465.564110538433,201.98583501122857,1484.2211755801122
mond,11.0,0.5,60.0,-1891.7208336203712,-3003.8277818682645,-1538.2271579069425,3547.251584501564,136.36440784938418,1538.2271579069425
mond,11.0,0.5,65.0,-1641.4070921684624,-3257.6150776463373,-1434.4587385580169,3646.0905241399682,110.89240779427291,1434.4587385580169
mond,11.0,0.5,70.0,-1364.6346392529374,-3477.5818012508616,-1404.177308008567,3734.590491719264,92.9340744842682,1404.177308008567
mond,11.0,0.5,75.0,-1044.9378259447226,-3634.0634971654104,-1315.8305955778521,3780.685596588957,68.76758876808026,1315.8305955778521
mond,11.0,0.5,80.0,-807.9433305255677,-3778.879207869257,-1312.858867159924,3861.7674286101906,139.4733678261341,1312.858867159924
mond,11.0,0.5,85.0,-380.70892517499374,-3912.8642267916484,-1292.2123925210315,3931.1555662269866,38.23162481876864,1292.2123925210315
mond,11.0,0.5,90.0,-46.905694089840836,-3914.506253852749,-1266.9133837454428,3914.506253852749,46.905694089840594,1266.9133837454428
mond,11.0,0.5,95.0,367.7192839038109,-3865.8871351670814,-1350.6939934422915,3883.2251147858074,-29.385736366966114,1350.6939934422915
mond,11.0,0.5,100.0,797.9406295683515,-3767.274092334741,-1250.2014940868448,3848.601670064229,-131.6378375365881,1250.2014940868448
mond,11.0,0.5,105.0,1111.8477550677949,-3690.1278487671575,-1123.3345818946732,3852.1571656987467,-118.88709539737033,1123.3345818946732
mond,11.0,0.5,110.0,1340.511461724845,-3588.319835928433,-1081.4087784954463,3830.399593110483,-32.39106407918598,1081.4087784954463
mond,11.0,0.5,115.0,1612.5902014906296,-3472.2345409746285,-1151.579367618697,3828.4232707569877,5.926669152754357,1151.579367618697
mond,11.0,0.5,120.0,1966.634479686241,-3299.9780133163927,-1160.5358252369156,3841.182031305219,-53.16641270848072,1160.5358252369156
mond,11.0,0.5,125.0,2281.469637953238,-3101.9350892161956,-1150.6065273738268,3849.553694163532,-89.67364364777063,1150.6065273738268
mond,11.0,0.5,130.0,2607.8597709954147,-2880.491800535497,-1091.440203111758,3882.8846858458255,-146.19204681667975,1091.440203111758
mond,11.0,0.5,135.0,2867.1454794646634,-2640.0809147157843,-1034.2258007642808,3894.197128854533,-160.55889350110465,1034.2258007642808
mond,11.0,0.5,140.0,3065.596262361682,-2340.490622325437,-987.7638519247771,3852.821354246804,-177.60745834297563,987.7638519247771
mond,11.0,0.5,145.0,3192.5577218084254,-2062.2671325242463,-940.4504380131132,3798.0580170071257,-141.86554344265664,940.4504380131132
mond,11.0,0.5,150.0,3295.282108051472,-1776.0687235335763,-940.3494250235465,3741.8323799757004,-109.52042057865765,940.3494250235465
mond,11.0,0.5,155.0,3388.8999665943234,-1490.0411883543497,-930.9436853562945,3701.10504615704,-81.77508108431675,930.9436853562945
mond,11.0,0.5,160.0,3475.222302710868,-1187.7587956419786,-944.2660430877567,3671.878186969808,-72.46785452340714,944.2660430877567
mond,11.0,0.5,165.0,3493.2006300470503,-878.9968848958749,-1044.7347385484404,3601.6738393685314,-55.061059071737304,1044.7347385484404
mond,11.0,0.5,170.0,3500.9198904703676,-556.1713347643793,-962.4335232784692,3544.311189562287,-60.20651665897958,962.4335232784692
mond,11.0,0.5,175.0,3486.44772065767,-288.4277805186629,-962.3555651881826,3498.3188719333843,-16.533714909737455,962.3555651881826
mond,11.0,0.5,180.0,3493.0508044060734,-20.252042144693405,-1036.5708766215248,3493.0508044060734,20.25204214469298,1036.5708766215248
mond,11.0,0.5,185.0,3451.1932974597607,275.4107650068043,-1064.0449189136593,3462.064094804051,26.428571308674123,1064.0449189136593
mond,11.0,0.5,190.0,3396.7422353737084,539.0544295944223,-1101.3127170302491,3438.743907742404,58.973117616779746,1101.3127170302491
mond,11.0,0.5,195.0,3333.781652756816,834.9641841380741,-1196.7413902999024,3436.2904304398853,56.3327144614758,1196.7413902999024
mond,11.0,0.5,200.0,3233.00471874156,1133.5750743827514,-1208.1896409793655,3425.736186578259,40.54060477224266,1208.1896409793655
mond,11.0,0.5,205.0,3117.761425165816,1388.694575909036,-1213.900976931722,3412.5391455096774,59.03820606386466,1213.900976931722
mond,11.0,0.5,210.0,2998.6147433193164,1599.0756483773616,-1257.3458961816827,3396.4143680657626,114.46723759179076,1257.3458961816827
mond,11.0,0.5,215.0,2871.8185475724276,1820.3029170753575,-1335.4668998252907,3396.5388943264948,156.10259261593615,1335.4668998252907
mond,11.0,0.5,220.0,2690.11422946088,2053.787117706218,-1543.854950223375,3380.8959690291854,155.8798864707146,1543.854950223375
mond,11.0,0.5,225.0,2478.2450482169193,2512.9472630302744,-1524.7540012145553,3529.305929489048,-24.538171416716295,1524.7540012145553
mond,11.0,0.5,230.0,2328.2239467081235,2776.739550535517,-1496.2030432753693,3623.6594081958965,-1.3307616985075583,1496.2030432753693
mond,11.0,0.5,235.0,2156.928765254803,2984.542443966784,-1378.0871944111313,3681.9575588805665,54.98938829529152,1378.0871944111313
mond,11.0,0.5,240.0,1940.8208090154324,3191.0879380575257,-1366.1069035338871,3733.9736245756367,85.25615577206622,1366.1069035338871
mond,11.0,0.5,245.0,1685.2510607121162,3358.075006337457,-1335.8892329331406,3755.66740157161,108.17233746194188,1335.8892329331406
mond,11.0,0.5,250.0,1416.2969918117462,3488.0921225564357,-1357.8297345765382,3762.1365283189057,137.88606435689053,1357.8297345765382
mond,11.0,0.5,255.0,1134.1862714659703,3620.2689776611223,-1369.0693956306345,3790.460311385211,158.54525161895458,1369.0693956306345
mond,11.0,0.5,260.0,866.3887308261617,3692.791089208427,-1454.3317254524445,3787.1361191659826,211.97989609428896,1454.3317254524445
mond,11.0,0.5,265.0,511.79339657950106,3809.6399649676114,-1565.0581159795388,3839.7488683513907,177.81386744295014,1565.0581159795388
mond,11.0,0.5,270.0,98.67566256223063,3907.91666496091,-1599.7657292132135,3907.91666496091,98.6756625622299,1599.7657292132135
mond,11.0,0.5,275.0,-288.90615348021146,3947.9621504107754,-1630.3879500677608,3958.1187928970376,56.280795215625005,1630.3879500677608
mond,11.0,0.5,280.0,-758.1547593249726,3871.461620295371,-1561.386875685239,3944.2976115023785,-74.36442969458653,1561.386875685239
mond,11.0,0.5,285.0,-1084.3633828709412,3819.3617243802933,-1523.6454319328639,3969.874024817672,-58.891042192000555,1523.6454319328639
mond,11.0,0.5,290.0,-1376.451551113334,3717.6278640413884,-1452.9168774893183,3964.2016274603925,-21.93775055958099,1452.9168774893183
mond,11.0,0.5,295.0,-1793.2246076267004,3560.249524480015,-1436.8347129833849,3984.5313344156116,-120.58696039892311,1436.8347129833849
mond,11.0,0.5,300.0,-2145.390608041186,3376.9100490359137,-1340.6180140777024,3997.1851927806492,-169.50774308625319,1340.6180140777024
mond,11.0,0.5,305.0,-2459.55983203137,3194.2975955894553,-1315.471612023227,4027.360968943244,-182.5796329366715,1315.471612023227
mond,11.0,0.5,310.0,-2768.315029420303,2913.550690281558,-1219.645665869011,4011.3479166560487,-247.85806118352434,1219.645665869011
mond,11.0,0.5,315.0,-3032.2932551910712,2712.583343848016,-1137.6961172471345,4062.241200260449,-226.0690463232254,1137.6961172471345
mond,11.0,0.5,320.0,-3263.7170073631755,2420.4174238406913,-1087.8257296520833,4055.9666077176707,-243.72953629476842,1087.8257296520833
mond,11.0,0.5,325.0,-3377.2227915452113,2065.7547149529414,-1030.3715293326622,3951.327181491715,-244.92821578471035,1030.3715293326622
mond,11.0,0.5,330.0,-3427.755983233901,1694.0048759683982,-1009.258357801973,3815.5261974388636,-246.82673489361264,1009.258357801973
mond,11.0,0.5,335.0,-3416.225301386987,1315.8451196274277,-991.6763135144795,3652.251770095579,-251.19852013425475,991.6763135144795
mond,11.0,0.5,340.0,-3403.9261642969077,965.391024008507,-937.2641805618741,3528.8274746865895,-257.04049314907604,937.2641805618741
mond,11.0,0.5,345.0,-3391.7660809779745,682.1604029051368,-871.2029499338435,3452.750558434543,-218.93730745201015,871.2029499338435
mond,11.0,0.5,350.0,-3390.0222729609395,421.8559327608754,-844.0951825666784,3411.77473125791,-173.22419671286553,844.0951825666784
mond,11.0,0.5,355.0,-3370.785225108595,157.45799800097373,-805.6121605261076,3371.6817384265078,-136.92446715646153,805.6121605261076
mond,12.0,0.5,0.0,-2954.39888293056,-9.576257557717327,-760.4024083912518,2954.39888293056,-9.576257557717327,760.4024083912518
mond,12.0,0.5,5.0,-2905.387455598035,-240.9909954042214,-788.0744626621788,2915.3353283689817,13.147249752837894,788.0744626621788
mond,12.0,0.5,10.0,-2851.07673457695,-420.8344205409195,-836.1561461289273,2880.839602870559,80.64327926477222,836.1561461289273
mond,12.0,0.5,15.0,-2791.6550979167905,-641.7312138632575,-885.128980091486,2862.6240171539357,102.668753692054,885.128980091486
mond,12.0,0.5,20.0,-2751.0283294932415,-854.0593564402452,-933.0066030465914,2877.226524296105,138.35382858619312,933.0066030465914
mond,12.0,0.5,25.0,-2699.8025888141437,-1086.7082993206345,-1019.649706355471,2906.1148821820434,156.09368321602813,1019.649706355471
mond,12.0,0.5,30.0,-2625.349930812494,-1317.0950295146947,-1025.5237263084182,2932.1672486646858,172.0372106483062,1025.5237263084182
mond,12.0,0.5,35.0,-2567.2795829701054,-1511.8729221908757,-1092.0399962830502,2970.167001577237,234.07727939896495,1092.0399962830502
mond,12.0,0.5,40.0,-2482.3432911344735,-1752.0857573769647,-1197.2636019019121,3027.8043000374073,253.44395222321555,1197.2636019019121
mond,12.0,0.5,45.0,-2301.848277629306,-2068.982229441904,-1310.0381822803945,3090.6438909670887,164.6611617814251,1310.0381822803945
mond,12.0,0.5,50.0,-2109.913106763023,-2388.944910933691,-1254.5824568254648,3186.2639764806195,80.70302192782265,1254.5824568254648
mond,12.0,0.5,55.0,-1982.3223946750081,-2627.0607829087917,-1204.1666369639283,3288.9756256277387,117.00328009946884,1204.1666369639283
mond,12.0,0.5,60.0,-1734.3551940826303,-2860.2818935876257,-1239.3720926662859,3344.2543788728576,71.85471046723524,1239.3720926662859
mond,12.0,0.5,65.0,-1448.6494875668393,-3061.962353610709,-1126.7748010334521,3387.3060529975064,18.881103870060315,1126.7748010334521
mond,12.0,0.5,70.0,-1204.9831423368817,-3206.161792278048,-1072.035782786306,3424.9350842964786,35.7418513051623,1072.035782786306
mond,12.0,0.5,75.0,-930.9107470368308,-3305.8311087863294,-1053.2378711141575,3434.125075950289,43.57868168663947,1053.2378711141575
mond,12.0,0.5,80.0,-687.7511731095478,-3400.363001284476,-1042.8560908547665,3468.130584619579,86.83584884242055,1042.8560908547665
mond,12.0,0.5,85.0,-332.77556017401315,-3452.440237279517,-1049.470174559808,3468.305960971697,30.609255527865116,1049.470174559808
mond,12.0,0.5,90.0,-61.88159568855917,-3457.313876628519,-1027.7990020801808,3457.313876628519,61.88159568855896,1027.7990020801808
mond,12.0,0.5,95.0,314.02237628484687,-3447.2952950329545,-1070.1530778090053,3461.5461491129395,-12.375844428030746,1070.1530778090053
mond,12.0,0.5,100.0,692.9546090090341,-3373.6651356343946,-988.5120868387958,3442.7418867000533,-96.59626857627018,988.5120868387958
mond,12.0,0.5,105.0,957.0205998643959,-3272.8067944844647,-911.1456196183398,3408.983765047228,-77.34618434616505,911.1456196183398
mond,12.0,0.5,110.0,1179.1203843239764,-3176.434421630161,-903.7154348161453,3388.154909260921,-21.606168016949823,903.7154348161453
mond,12.0,0.5,115.0,1440.0432825426883,-3076.8800233549914,-952.7574422964061,3397.1889138437,-4.77675358328861,952.7574422964061
mond,12.0,0.5,120.0,1751.259630080829,-2925.306808608763,-950.0425667110292,3409.0198251591855,-53.981923967756074,950.0425667110292
mond,12.0,0.5,125.0,2043.1744698413672,-2759.682244787331,-935.1065415797161,3432.516083660625,-90.78183638326004,935.1065415797161
mond,12.0,0.5,130.0,2340.661957469409,-2531.764894308378,-858.9642160134526,3443.9929332946176,-165.66398103865413,858.9642160134526
mond,12.0,0.5,135.0,2523.239062814753,-2344.632595539592,-793.9991171791258,3442.105059568162,-126.29384417404003,793.9991171791258
mond,12.0,0.5,140.0,2681.727986657139,-2105.442431597865,-772.9138114933535,3407.675130074753,-110.91904734038508,772.9138114933535
mond,12.0,0.5,145.0,2792.3151120762545,-1866.5466509272567,-755.5520235172921,3357.937808678145,-72.62064628603571,755.5520235172921
mond,12.0,0.5,150.0,2887.4108262138534,-1602.1159158114096,-807.4674094032418,3301.629084569117,-56.23233020687462,807.4674094032418
mond,12.0,0.5,155.0,3024.268518538677,-1328.7814469742862,-781.9573905566124,3302.4854137949606,-73.82613167931322,781.9573905566124
mond,12.0,0.5,160.0,3076.5530539013726,-1097.3222202949614,-813.2782527286668,3266.3205052671947,-21.097523408787538,813.2782527286668
mond,12.0,0.5,165.0,3149.3271798522255,-828.0221185836845,-852.2382156198005,3256.3243525089774,-15.29790432619825,852.2382156198005
mond,12.0,0.5,170.0,3146.8496257081156,-566.6395354978064,-898.3495710918475,3197.437831694147,11.58630482540002,898.3495710918475
mond,12.0,0.5,175.0,3173.322431410728,-281.27882165165624,-942.3401603081761,3185.76204612721,3.63519732746704,942.3401603081761
mond,12.0,0.5,180.0,3158.375032715783,-29.80976140965504,-973.6545492689766,3158.375032715783,29.80976140965465,973.6545492689766
mond,12.0,0.5,185.0,3154.4289981591264,238.58758964686461,-1045.8998860015647,3163.219722059024,37.2469104426136,1045.8998860015647
mond,12.0,0.5,190.0,3157.42773303519,510.34763385356257,-1035.3130906203312,3198.0802476641165,45.687265406164215,1035.3130906203312
mond,12.0,0.5,195.0,3109.855995528592,761.899675588609,-1073.9269950891598,3201.084368620732,68.95138547675901,1073.9269950891598
mond,12.0,0.5,200.0,2995.013303977549,1011.6082791999369,-1121.7643209521036,3160.382309544721,73.75404439857414,1121.7643209521036
mond,12.0,0.5,205.0,2869.5217581067227,1282.4565567759155,-1182.2833696144512,3142.659475225821,50.41193349595642,1182.2833696144512
mond,12.0,0.5,210.0,2812.2127239405418,1518.36361651122,-1213.3965261826793,3194.629468033954,91.16489788954141,1213.3965261826793
mond,12.0,0.5,215.0,2762.4461315583694,1756.0352677674534,-1297.8452763602104,3270.0838468970665,146.0141283157061,1297.8452763602104
mond,12.0,0.5,220.0,2594.304476665039,2221.378130544818,-1333.663245151735,3415.2268668507986,-34.08759961527289,1333.663245151735
mond,12.0,0.5,225.0,2389.8844355229194,2483.8248879913726,-1204.6301220488137,3446.232912189057,-66.42593096817632,1204.6301220488137
mond,12.0,0.5,230.0,2212.132371101008,2675.7527144965197,-1099.5282979977392,3471.676777230814,-25.34898113795134,1099.5282979977392
mond,12.0,0.5,235.0,2014.9454137347207,2842.6684555208512,-1062.5000020488858,3484.302886427581,20.059012346341433,1062.5000020488858
mond,12.0,0.5,240.0,1795.4116024587645,2987.1472854231,-1029.2806223216837,3484.651235251513,61.29841526706582,1029.2806223216837
mond,12.0,0.5,245.0,1557.3941960229781,3109.1509519167257,-1023.7524270437759,3476.0309467628267,97.49451655282155,1023.7524270437759
mond,12.0,0.5,250.0,1294.8311964939712,3231.60057493148,-1046.0326818023273,3479.5695649980257,111.47082869939572,1046.0326818023273
mond,12.0,0.5,255.0,1049.011703112065,3321.6635886393183,-1104.5063824594242,3479.984853811579,153.55769795198398,1104.5063824594242
mond,12.0,0.5,260.0,729.4336104801525,3485.8959170099724,-1199.2137306242496,3559.602142453909,113.03240138316642,1199.2137306242496
mond,12.0,0.5,265.0,413.8972302509504,3641.8198345286464,-1195.4347210653455,3664.035131086516,94.91671369935716,1195.4347210653455
mond,12.0,0.5,270.0,31.26229302156692,3686.4595931612203,-1137.6792643933297,3686.4595931612203,31.26229302156624,1137.6792643933297
mond,12.0,0.5,275.0,-283.56859264707606,3714.563232443618,-1121.086507942783,3725.1428291989323,41.25598896640935,1121.086507942783
mond,12.0,0.5,280.0,-658.8318526880258,3647.1959750842225,-1104.4552545624797,3706.1918236260653,-15.493781791027914,1104.4552545624797
mond,12.0,0.5,285.0,-980.9633013069799,3539.557877333889,-1063.1063101330344,3672.842352286606,-31.43279747753627,1063.1063101330344
mond,12.0,0.5,290.0,-1251.9558293334721,3427.099483172975,-1063.76811800744,3648.614207222886,-4.316597948418803,1063.76811800744
mond,12.0,0.5,295.0,-1652.8377978486697,3243.2482733021097,-1106.0910072671818,3637.9006024530013,-127.32381924229435,1106.0910072671818
mond,12.0,0.5,300.0,-1955.5325192533287,3052.2678649157665,-991.7697605848778,3621.1077697986075,-167.40690714208085,991.7697605848778
mond,12.0,0.5,305.0,-2196.017103049512,2879.083013776929,-939.2625694538905,3617.99040054617,-147.49772425559672,939.2625694538905
mond,12.0,0.5,310.0,-2491.8105536865523,2606.1273335933715,-887.121307232298,3598.1143115555524,-233.6512686575702,887.121307232298
mond,12.0,0.5,315.0,-2661.939220932937,2370.921316151852,-750.6209206881979,3558.769814538824,-205.78073391740736,750.6209206881979
mond,12.0,0.5,320.0,-2797.7959606707764,2126.4992375927163,-702.9634730376117,3510.1234105850413,-169.3956536955809,702.9634730376117
mond,12.0,0.5,325.0,-2904.3402951031403,1877.5646145939018,-712.4672321467024,3456.023110702227,-127.85026408673889,712.4672321467024
mond,12.0,0.5,330.0,-2979.2528240083957,1600.1102953875366,-744.8425938263065,3380.163777581568,-103.89024734157101,744.8425938263065
mond,12.0,0.5,335.0,-3005.0686523208815,1299.3125036055317,-820.7564655167461,3272.630311909872,-92.41985044353783,820.7564655167461
mond,12.0,0.5,340.0,-3029.679374589641,955.6519917935882,-877.5200934273882,3173.8195828518556,-138.19224920018087,877.5200934273882
mond,12.0,0.5,345.0,-3036.136842741707,649.0641721587472,-857.1327605472659,3100.6731578003514,-158.86219163192254,857.1327605472659
mond,12.0,0.5,350.0,-3038.454688640777,416.1268003011363,-779.7714745062749,3064.5533951003945,-117.81722043328944,779.7714745062749
mond,12.0,0.5,355.0,-2997.694679736503,173.4446049357428,-772.6627545761174,3001.4042398200863,-88.48171049353425,772.6627545761174
mond,13.0,0.5,0.0,-2716.240273811418,18.28014204997453,-796.8504668419482,2716.240273811418,18.28014204997453,796.8504668419482
mond,13.0,0.5,5.0,-2665.193720028162,-201.02402869503214,-869.1364634267812,2672.572251810513,32.02786666041462,869.1364634267812
mond,13.0,0.5,10.0,-2663.6757262141587,-390.9123863361283,-890.232566732928,2691.0897302008266,77.56888694040322,890.232566732928
mond,13.0,0.5,15.0,-2636.5104087473273,-636.004734854442,-977.3227715742635,2711.2836332447,68.04570735680329,977.3227715742635
mond,13.0,0.5,20.0,-2574.6110291688206,-829.6334125618173,-978.9039855124656,2703.0943241761106,100.96843746239654,978.9039855124656
mond,13.0,0.5,25.0,-2540.7324568229287,-1069.458973981025,-967.7909739609318,2754.6585029822318,104.50093841545367,967.7909739609318
mond,13.0,0.5,30.0,-2468.3085496073995,-1270.3433485346134,-1004.0504881475894,2772.789582605637,134.00466344413508,1004.0504881475894
mond,13.0,0.5,35.0,-2403.7734461378977,-1441.8143755728743,-1049.9295026355546,2796.0466838322513,197.68261379527235,1049.9295026355546
mond,13.0,0.5,40.0,-2277.4814768134556,-1706.8467668795165,-1132.017220372511,2841.7919830030332,156.41639356264318,1132.017220372511
mond,13.0,0.5,45.0,-2147.45444446013,-2019.6482861549507,-1168.4660562731592,2946.5865987189027,90.37260121499389,1168.4660562731592
mond,13.0,0.5,50.0,-1941.0824400415395,-2304.3908776060553,-1102.5643000745395,3012.9695684030003,5.72151282978507,1102.5643000745395
mond,13.0,0.5,55.0,-1796.488199620242,-2490.02502299555,-999.1950110527738,3070.132387402434,43.37730214525254,999.1950110527738
mond,13.0,0.5,60.0,-1584.5467190940544,-2663.692446550559,-1009.0592176410903,3099.0986861285346,40.411488943456106,1009.0592176410903
mond,13.0,0.5,65.0,-1300.7594064354064,-2820.565670658937,-942.4164584016656,3106.025310457041,-13.134181745790556,942.4164584016656
mond,13.0,0.5,70.0,-1082.9037281882527,-2921.888739329388,-866.493448266948,3116.0521754281135,18.251836992954964,866.493448266948
mond,13.0,0.5,75.0,-836.1740355755919,-3007.698875430592,-875.3198310416343,3121.631786906192,29.232345339947074,875.3198310416343
mond,13.0,0.5,80.0,-609.3819626792664,-3115.661837076684,-862.3347496679769,3174.1460002397293,59.09508115757069,862.3347496679769
mond,13.0,0.5,85.0,-345.47027715230666,-3158.738390390586,-884.4976669468554,3176.828155768405,68.85346788738008,884.4976669468554
mond,13.0,0.5,90.0,-88.02896329517534,-3152.3937153390725,-924.6538346453308,3152.3937153390725,88.02896329517515,924.6538346453308
mond,13.0,0.5,95.0,314.3617714573769,-3098.1711725153164,-966.8219099458026,3113.780129523282,-43.14212030861228,966.8219099458026
mond,13.0,0.5,100.0,605.4664102796673,-3056.083851471887,-907.7127186197387,3114.793209568526,-65.58462342645998,907.7127186197387
mond,13.0,0.5,105.0,840.4913813545168,-2980.021769437795,-838.5169671677129,3096.015166742688,-40.56594327308744,838.5169671677129
mond,13.0,0.5,110.0,1108.0653432184415,-2891.1669698460773,-860.1724700881055,3095.7889345260915,-52.40348496577974,860.1724700881055
mond,13.0,0.5,115.0,1314.6923382813404,-2803.642341994246,-844.8008905199158,3096.5758773433317,-6.645450625568856,844.8008905199158
mond,13.0,0.5,120.0,1595.1464748266353,-2647.4529351688816,-831.2199573616443,3090.3347345932452,-57.710902372620694,831.2199573616443
mond,13.0,0.5,125.0,1874.2330143137663,-2471.142045287906,-779.0300119020733,3099.2569513676376,-117.89295709556791,779.0300119020733
mond,13.0,0.5,130.0,2093.463098297272,-2287.3942746618495,-692.1843065172573,3097.8978142483556,-133.3770751046984,692.1843065172573
mond,13.0,0.5,135.0,2241.117925170971,-2108.1779572034784,-638.3548108902659,3075.416611813702,-94.00275284053669,638.3548108902659
mond,13.0,0.5,140.0,2339.2485466724183,-1926.69276570188,-662.968961427091,3030.4225877184103,-27.707695014815044,662.968961427091
mond,13.0,0.5,145.0,2463.8800745049666,-1664.0236514166872,-708.4216836442569,2972.737155897096,-50.135176927695966,708.4216836442569
mond,13.0,0.5,150.0,2608.238891652005,-1449.414506258964,-706.5032004909594,2983.5083924386863,-48.88966279206011,706.5032004909594
mond,13.0,0.5,155.0,2736.7014627068756,-1221.506820339129,-712.064968302143,2996.5249355619635,-49.51887188067872,712.064968302143
mond,13.0,0.5,160.0,2822.4664104267786,-1013.223617050776,-748.7672077751675,2998.7937450187937,-13.221610077431706,748.7672077751675
mond,13.0,0.5,165.0,2873.84053474549,-780.8314548531189,-760.1411711519361,2978.0108446781514,10.420605241748035,760.1411711519361
mond,13.0,0.5,170.0,2926.289974031284,-524.1874973016629,-859.6827083620419,2972.857257650124,8.078990059202226,859.6827083620419
mond,13.0,0.5,175.0,2952.742956618726,-278.7142451534885,-865.5410588660657,2965.798425262025,20.305147777526884,865.5410588660657
mond,13.0,0.5,180.0,3005.572757938171,-8.584075524595391,-922.2794979997852,3005.572757938171,8.584075524595024,922.2794979997852
mond,13.0,0.5,185.0,3037.1121942538393,262.77183240761434,-912.6667585564891,3048.4571396521114,2.929862845844468,912.6667585564891
mond,13.0,0.5,190.0,3001.5645646791027,489.51989275173946,-904.7749831707893,3040.9682917707446,39.13323117054205,904.7749831707893
mond,13.0,0.5,195.0,2954.1563767704974,676.494242270067,-957.6778278490767,3028.585533020855,111.14867257475112,957.6778278490767
mond,13.0,0.5,200.0,2801.2982114825295,980.3124351385634,-1127.9346774271357,2967.6458575209226,36.90805442482156,1127.9346774271357
mond,13.0,0.5,205.0,2808.590572848177,1304.7914156743639,-1044.9180923601152,3096.8761867965145,4.419045354160971,1044.9180923601152
mond,13.0,0.5,210.0,2705.3480236002188,1564.1587361686234,-1041.783305174377,3124.9794826001244,-1.9271892732795095,1041.783305174377
mond,13.0,0.5,215.0,2631.541714168276,1832.2986021539016,-971.1980941390448,3206.5960773471393,8.459172819532341,971.1980941390448
mond,13.0,0.5,220.0,2464.4822889604475,2116.087420011756,-925.1789518837915,3248.0977372204025,-36.878329618283715,925.1789518837915
mond,13.0,0.5,225.0,2260.4453945413807,2345.127726566309,-854.3210132668015,3256.6319851857397,-59.87945122151791,854.3210132668015
mond,13.0,0.5,230.0,2064.090983695482,2511.0338824195046,-777.8662887534451,3250.3356616960914,-32.8760389704355,777.8662887534451
mond,13.0,0.5,235.0,1872.0612958126376,2616.4131363163265,-749.4178457374611,3217.010416001026,32.789914748837646,749.4178457374611
mond,13.0,0.5,240.0,1643.82238581219,2709.558453253486,-781.4366657315561,3168.4576464624843,68.81271879615679,781.4366657315561
mond,13.0,0.5,245.0,1421.0522067055254,2843.1951649096786,-836.1441451900379,3177.3725314632684,86.32448233914397,836.1441451900379
mond,13.0,0.5,250.0,1185.3721310221893,2970.9599898069773,-883.4487853022099,3197.210325218257,97.75728287820925,883.4487853022099
mond,13.0,0.5,255.0,923.5215445405397,3120.9502412377733,-887.0964826576029,3253.6314048642507,84.29194975643543,887.0964826576029
mond,13.0,0.5,260.0,607.6769470573774,3274.522027728377,-837.8808736284633,3330.2966747828796,29.83018594364023,837.8808736284633
mond,13.0,0.5,265.0,356.82609273841763,3322.0336989986517,-829.9658512891074,3340.491800968928,65.93394725782713,829.9658512891074
mond,13.0,0.5,270.0,24.96645509411003,3354.7109399505857,-831.231760413124,3354.7109399505857,24.966455094109417,831.231760413124
mond,13.0,0.5,275.0,-261.68907448341054,3339.076339733409,-794.283221296062,3349.1778518215633,30.326409931686612,794.283221296062
mond,13.0,0.5,280.0,-567.1105708074097,3280.2175454742305,-823.9364401894599,3328.861387506057,11.108912176374247,823.9364401894599
mond,13.0,0.5,285.0,-852.4209990812565,3165.316611500987,-794.487708187691,3278.083852438152,-4.131235047885184,794.487708187691
mond,13.0,0.5,290.0,-1118.1234422496573,3056.559709829521,-800.7084111830136,3254.647344292336,-5.287357770383778,800.7084111830136
mond,13.0,0.5,295.0,-1456.7747243961926,2895.258082683913,-823.1780746888431,3239.6545475893367,-96.69733848385272,823.1780746888431
mond,13.0,0.5,300.0,-1740.9645245352572,2742.740042406501,-737.1525378493267,3245.764814968467,-136.34948413177858,737.1525378493267
mond,13.0,0.5,305.0,-1928.980152173802,2556.640244175495,-733.4218177053928,3200.6946440036118,-113.69943476021172,733.4218177053928
mond,13.0,0.5,310.0,-2187.672288192679,2311.2003355018,-657.2223974550335,3176.6908148507255,-190.24326057145186,657.2223974550335
mond,13.0,0.5,315.0,-2306.015347506199,2116.146219853902,-588.2961219750309,3126.940431782859,-134.25774770091402,588.2961219750309
mond,13.0,0.5,320.0,-2447.61471218031,1887.1190696310862,-569.3513454164837,3087.998405124035,-127.67933348124006,569.3513454164837
mond,13.0,0.5,325.0,-2534.5749350588435,1686.544992041965,-585.9169344374244,3043.564705738224,-72.23568089919968,585.9169344374244
mond,13.0,0.5,330.0,-2611.9490147072947,1465.4686202557843,-612.6851801950646,2994.7485102541436,-36.841453763209074,612.6851801950646
mond,13.0,0.5,335.0,-2700.766852728193,1236.7549318676097,-688.7162320788572,2970.4012491031526,-20.51276725929165,688.7162320788572
mond,13.0,0.5,340.0,-2787.071270274815,935.1116967614832,-756.4472774553726,2938.8173428335235,-74.51695426088963,756.4472774553726
mond,13.0,0.5,345.0,-2802.706597645302,663.5337492433931,-757.2557272967114,2878.9418575488316,-84.4694602964837,757.2557272967114
mond,13.0,0.5,350.0,-2785.200274961878,442.17500386134554,-737.7056887790627,2819.669708104582,-48.18758019370745,737.7056887790627
mond,13.0,0.5,355.0,-2751.500669339367,209.43156637067008,-780.2337205641616,2759.283542313608,-31.174468475440477,780.2337205641616
mond,14.0,0.5,0.0,-2543.31092751064,44.728100898559205,-859.8118318458728,2543.31092751064,44.728100898559205,859.8118318458728
mond,14.0,0.5,5.0,-2579.3593662573244,-215.78345904736028,-911.895247503852,2588.350892784763,9.843643540408351,911.895247503852
mond,14.0,0.5,10.0,-2578.8837768831463,-399.85520181210336,-884.7884929266306,2609.138864717242,54.037965443748476,884.7884929266306
mond,14.0,0.5,15.0,-2560.993143971018,-636.4440269267867,-929.6082979081359,2638.4532540212385,48.07607744068275,929.6082979081359
mond,14.0,0.5,20.0,-2511.56326990324,-807.3397422196769,-1040.2815364657595,2636.2239257114834,100.35403131276348,1040.2815364657595
mond,14.0,0.5,25.0,-2427.21946733185,-1059.0569698868455,-966.1571706409195,2647.384719787756,65.95569342308579,966.1571706409195
mond,14.0,0.5,30.0,-2381.6719949675926,-1243.3509799109856,-977.3481074150787,2684.2639410793918,114.06246306060712,977.3481074150787
mond,14.0,0.5,35.0,-2307.850948129902,-1447.5204799252415,-1076.2528793048134,2720.744460495573,137.989562176788,1076.2528793048134
mond,14.0,0.5,40.0,-2217.6185441619627,-1773.6939867562676,-1126.2811234061526,2838.9028807753193,66.72930085022608,1126.2811234061526
mond,14.0,0.5,45.0,-2056.7758693217293,-2080.651216693415,-989.9152806407069,2925.602749186206,-16.882420029703326,989.9152806407069
mond,14.0,0.5,50.0,-1893.7236993088402,-2264.1459552829015,-892.9009266403489,2951.698557540257,-4.6884499194909495,892.9009266403489
mond,14.0,0.5,55.0,-1696.3315425936844,-2396.3452823276243,-795.3689718952772,2935.9469379117127,15.066263603395555,795.3689718952772
mond,14.0,0.5,60.0,-1500.437250943014,-2514.263049865318,-815.0548197732353,2927.634298451413,42.285251168477544,815.0548197732353
mond,14.0,0.5,65.0,-1231.2072091105242,-2629.1369155475404,-794.0262511466013,2903.1379103031627,4.731407945523415,794.0262511466013
mond,14.0,0.5,70.0,-1008.6977214685675,-2682.582201681366,-772.2834848824447,2865.7976388405496,30.36865636562345,772.2834848824447
mond,14.0,0.5,75.0,-734.4194863092902,-2801.368494361226,-805.2732500641503,2895.9959278072847,-15.652769534764616,805.2732500641503
mond,14.0,0.5,80.0,-531.4205029910319,-2877.4376829334797,-706.1110601883065,2926.0031408816108,23.685221463661946,706.1110601883065
mond,14.0,0.5,85.0,-307.42013928968765,-2927.854766337531,-722.5726226255053,2943.5068255834763,51.070956029594186,722.5726226255053
mond,14.0,0.5,90.0,-77.39092837108183,-2947.2056651690436,-781.5836756809731,2947.2056651690436,77.39092837108164,781.5836756809731
mond,14.0,0.5,95.0,275.84679755083255,-2951.711460615316,-805.9891367772559,2964.5209398867255,-17.53851247902344,805.9891367772559
mond,14.0,0.5,100.0,551.0541556394273,-2881.8931421157795,-792.5764364190803,2933.8002596309084,-42.246912444075065,792.5764364190803
mond,14.0,0.5,105.0,777.3077013139653,-2807.0673531189755,-736.8483717942702,2912.60088951543,-24.299091799834287,736.8483717942702
mond,14.0,0.5,110.0,989.2157980427515,-2704.1485731376974,-728.3065916460187,2879.400188712835,-4.685503227159302,728.3065916460187
mond,14.0,0.5,115.0,1208.9455025167767,-2580.629069280266,-744.0705416984365,2849.766667754724,-5.055751577146111,744.0705416984365
mond,14.0,0.5,120.0,1463.04338790351,-2429.2215595358475,-760.8111021001667,2835.289275930651,-52.421960995367044,760.8111021001667
mond,14.0,0.5,125.0,1714.4197552751418,-2229.5210435987456,-705.066277943401,2809.667494289787,-125.56971234603134,705.066277943401
mond,14.0,0.5,130.0,1889.4389257049088,-2071.7181329616674,-644.2511924448027,2801.5360941666704,-115.71944301824647,644.2511924448027
mond,14.0,0.5,135.0,2007.0793884813868,-1920.6163038673776,-599.0978394279155,2777.3002584970027,-61.13863345287223,599.0978394279155
mond,14.0,0.5,140.0,2116.8037051719275,-1782.855530327222,-623.2087966392887,2767.5631602760814,5.091378068033237,623.2087966392887
mond,14.0,0.5,145.0,2257.6236438077253,-1519.8753167895459,-751.1283465534997,2721.101690962326,-49.91075142456248,751.1283465534997
mond,14.0,0.5,150.0,2437.2305677602403,-1316.9856539362886,-722.3832962419233,2769.196413528483,-78.0722511516326,722.3832962419233
mond,14.0,0.5,155.0,2541.6421013942577,-1126.0231859431365,-660.8693098085109,2779.387989876823,-53.62078505413763,660.8693098085109
mond,14.0,0.5,160.0,2636.0020392307943,-941.3500172565126,-664.1634067119023,2798.992332463477,-16.986130471839374,664.1634067119023
mond,14.0,0.5,165.0,2674.1033010728574,-714.7378867831486,-707.4450808991346,2767.973218026933,-1.7250790180609101,707.4450808991346
mond,14.0,0.5,170.0,2724.8772808938647,-511.9050024560858,-793.1785599504492,2772.371643046187,30.958041031247035,793.1785599504492
mond,14.0,0.5,175.0,2799.1171816042906,-216.55380497246892,-786.201761457563,2807.3396033689114,-28.22938463528618,786.201761457563
mond,14.0,0.5,180.0,2861.77373636594,42.857378267057356,-777.1347114425735,2861.77373636594,-42.857378267057705,777.1347114425735
mond,14.0,0.5,185.0,2889.9373439620063,274.6502238153956,-724.3069969811024,2902.877604124733,-21.73046108740587,724.3069969811024
mond,14.0,0.5,190.0,2858.271509853411,471.87576295135216,-752.9326872388774,2896.7883094392437,31.62672915030828,752.9326872388774
mond,14.0,0.5,195.0,2835.4167877831924,708.7027642597351,-792.2071218891705,2922.228076320597,49.30556232077129,792.2071218891705
mond,14.0,0.5,200.0,2836.1299400072235,996.8641701903523,-803.0107322327215,3006.038002579497,33.26766391774868,803.0107322327215
mond,14.0,0.5,205.0,2691.960664626734,1243.2100073965096,-775.3418189677532,2965.1481650521196,10.940826133539986,775.3418189677532
mond,14.0,0.5,210.0,2559.565900611382,1517.1557053911386,-734.0550914507802,2975.2269452854216,-34.112432059534285,734.0550914507802
mond,14.0,0.5,215.0,2433.7596257315936,1724.9404220026706,-672.4449703645812,2983.004352896208,-17.041299898020497,672.4449703645812
mond,14.0,0.5,220.0,2257.9741086726217,1943.5313490242524,-687.3734780665463,2978.9863888453438,-37.43360989979101,687.3734780665463
mond,14.0,0.5,225.0,2052.930698937089,2135.7047836215584,-591.5712401394587,2961.8125536358066,-58.53011658689843,591.5712401394587
mond,14.0,0.5,230.0,1891.797763225656,2267.3868042646104,-527.9508189727617,2952.943224042364,-8.246980124124775,527.9508189727617
mond,14.0,0.5,235.0,1740.9903772355376,2370.692750788724,-579.2730576280405,2940.5488694858996,66.36232691929786,579.2730576280405
mond,14.0,0.5,240.0,1497.6585684044908,2466.5412937613655,-706.0181629742483,2884.916704082924,63.73971955303932,706.0181629742483
mond,14.0,0.5,245.0,1293.33501827257,2678.1772739766875,-648.9109238026974,2973.839915740389,40.312974146146644,648.9109238026974
mond,14.0,0.5,250.0,1100.3781505187444,2809.8787336455707,-675.5241804482196,3016.773804062851,72.98210090730367,675.5241804482196
mond,14.0,0.5,255.0,816.392430458407,2926.7347012507,-683.4245783797619,3038.3065439146426,31.079852320560462,683.4245783797619
mond,14.0,0.5,260.0,553.4652296679917,2991.944218533168,-634.555197280927,3042.5980915253717,25.51118797032791,634.555197280927
mond,14.0,0.5,265.0,316.6245881291496,3051.5502227893294,-649.8258400857525,3067.5338040539823,49.45960978075544,649.8258400857525
mond,14.0,0.5,270.0,10.936178700315477,3057.7572920872044,-658.1865247050883,3057.7572920872044,10.936178700314915,658.1865247050883
mond,14.0,0.5,275.0,-235.07335736706978,3038.661721660371,-614.8299591739985,3047.5866894739092,30.65798703848543,614.8299591739985
mond,14.0,0.5,280.0,-487.6999798993305,2987.8138484642245,-638.2481230785032,3027.1104552825286,38.537708645070666,638.2481230785032
mond,14.0,0.5,285.0,-730.1425319796214,2881.1784355338577,-702.6135082085856,2971.979453944989,40.44032294363808,702.6135082085856
mond,14.0,0.5,290.0,-995.9269763603619,2766.045106241032,-727.5672327112185,2939.859262292343,10.177913154369207,727.5672327112185
mond,14.0,0.5,295.0,-1341.627425980514,2624.61043115827,-731.8889748391216,2945.701122367893,-106.71908530546034,731.8889748391216
mond,14.0,0.5,300.0,-1528.4536143335974,2478.6068021782467,-629.0288903676385,2910.763263846071,-84.37625742991486,629.0288903676385
mond,14.0,0.5,305.0,-1711.881964408209,2307.4133052421003,-650.5116248842902,2872.0174826075745,-78.813709916687,650.5116248842902
mond,14.0,0.5,310.0,-1920.641027097327,2093.8056253077693,-584.3921703520182,2838.5124191120644,-125.42407299442334,584.3921703520182
mond,14.0,0.5,315.0,-2031.4608725641804,1892.2343663225934,-552.6552629521647,2774.471510726208,-98.448006684338,552.6552629521647
mond,14.0,0.5,320.0,-2169.791879417357,1690.1450314282995,-536.1502236472155,2748.5612967277275,-99.98912629714846,536.1502236472155
mond,14.0,0.5,325.0,-2258.1336572533028,1541.0391092435657,-548.0401740963065,2733.6585221743353,-32.86691926555159,548.0401740963065
mond,14.0,0.5,330.0,-2377.8031932649574,1352.5222994587011,-596.2253707773817,2735.4991202965625,-17.582926116300996,596.2253707773817
mond,14.0,0.5,335.0,-2452.7226366239056,1150.8547289410317,-632.3369528437103,2709.2938500744317,6.4632253651504925,632.3369528437103
mond,14.0,0.5,340.0,-2507.342054093732,871.0393360735831,-696.3434306599443,2654.043824584244,-39.052252185011525,696.3434306599443
mond,14.0,0.5,345.0,-2577.100587463303,616.448526733942,-688.3163859238147,2648.836633419669,-71.5591606302354,688.3163859238147
mond,14.0,0.5,350.0,-2613.072394309608,431.4784348238165,-684.6234700785917,2648.2993970080106,-28.831951511558884,684.6234700785917
mond,14.0,0.5,355.0,-2583.7136782872526,260.59655002653216,-773.4730783404451,2596.594353571923,34.41941679902186,773.4730783404451
mond,15.0,0.5,0.0,-2571.3077823018975,28.320879741891986,-827.3451178352407,2571.3077823018975,28.320879741891986,827.3451178352407
mond,15.0,0.5,5.0,-2584.0743274585884,-230.10578309150696,-830.4367733319193,2594.296184925111,-4.013243791199955,830.4367733319193
mond,15.0,0.5,10.0,-2576.5383346052577,-439.9115562326926,-794.2459635185191,2613.784767926851,14.182875275569018,794.2459635185191
mond,15.0,0.5,15.0,-2563.2187953490284,-654.4076698761098,-813.2938417027142,2645.252401082281,31.300571746083847,813.2938417027142
mond,15.0,0.5,20.0,-2583.269580692213,-876.7913347313643,-805.137354413941,2727.3596604487057,59.61588502110044,805.137354413941
mond,15.0,0.5,25.0,-2502.8698108054596,-1083.1164004620414,-826.2347519430693,2726.115169898046,76.12166080002191,826.2347519430693
mond,15.0,0.5,30.0,-2445.392434980585,-1311.4084069119049,-782.4725232216032,2773.4761743714253,86.98322236810236,782.4725232216032
mond,15.0,0.5,35.0,-2348.0666078022778,-1588.604350075786,-777.8846776678414,2834.609583796193,45.487176287154625,777.8846776678414
mond,15.0,0.5,40.0,-2202.846067012212,-1823.2951018759054,-703.4276099794259,2859.469488969189,19.237076964085645,703.4276099794259
mond,15.0,0.5,45.0,-1994.54263106213,-1995.8760886798898,-656.5895723381069,2821.652136503324,-0.9428969239427261,656.5895723381069
mond,15.0,0.5,50.0,-1801.5939406854352,-2111.351402400353,-622.4836250092303,2775.4312720391954,22.95050586165371,622.4836250092303
mond,15.0,0.5,55.0,-1599.793396033481,-2212.0431634556244,-614.2077087025458,2729.603474394985,41.698196051283276,614.2077087025458
mond,15.0,0.5,60.0,-1390.8329144445358,-2323.3009521509957,-635.6596083569139,2707.454102421605,42.846160253018525,635.6596083569139
mond,15.0,0.5,65.0,-1162.7975713103401,-2441.406297202907,-655.8345377586463,2704.085026818791,22.06960809917541,655.8345377586463
mond,15.0,0.5,70.0,-977.2970568482514,-2517.0825082718225,-684.3216791725088,2699.53913838731,57.46591239442546,684.3216791725088
mond,15.0,0.5,75.0,-651.9875310169732,-2625.900339628395,-694.6055739321199,2705.171745504866,-49.86142380926674,694.6055739321199
mond,15.0,0.5,80.0,-470.3501157370231,-2689.6686746524533,-589.9085793732897,2730.48200429497,-3.8516232732167737,589.9085793732897
mond,15.0,0.5,85.0,-269.0096919168433,-2728.0810964377356,-584.9333007210797,2741.145663740919,30.218094586976775,584.9333007210797
mond,15.0,0.5,90.0,-65.64781091554323,-2754.3346570079157,-645.4713430727716,2754.3346570079157,65.64781091554306,645.4713430727716
mond,15.0,0.5,95.0,242.4714383914203,-2730.1152026128684,-656.7247549004812,2740.8590683307084,-3.6035430938142383,656.7247549004812
mond,15.0,0.5,100.0,499.99229854218686,-2688.5997638235335,-622.1632090165679,2734.576643649558,-25.525842587044338,622.1632090165679
mond,15.0,0.5,105.0,718.1625519465633,-2616.0014999936475,-612.482044818358,2712.737556378005,-16.62074618373208,612.482044818358
mond,15.0,0.5,110.0,885.7458921233524,-2539.954449151106,-625.0239807365821,2689.719389973782,36.38670601958563,625.0239807365821
mond,15.0,0.5,115.0,1110.514639382924,-2407.374674004775,-688.5213729904378,2651.1461798989553,10.932434795539393,688.5213729904378
mond,15.0,0.5,120.0,1369.1020421376263,-2288.325636199898,-660.5087448039618,2666.299154149112,-41.51433076438889,660.5087448039618
mond,15.0,0.5,125.0,1558.8768533103334,-2101.903879143688,-643.6170159872157,2615.913889731387,-71.35462463227395,643.6170159872157
mond,15.0,0.5,130.0,1748.926057486721,-1928.054784587411,-584.2045044868726,2601.1636537725367,-100.42536143404755,584.2045044868726
mond,15.0,0.5,135.0,1847.712718661717,-1811.6436549149412,-579.9143432843183,2587.555706534268,-25.504679566395225,579.9143432843183
mond,15.0,0.5,140.0,1982.4517346325958,-1663.3903441195419,-577.8311262936151,2587.8528383391495,-0.06448197288068513,577.8311262936151
mond,15.0,0.5,145.0,2193.9215846500074,-1446.1062510755426,-688.812940365734,2626.6078211526788,-73.80083232956986,688.812940365734
mond,15.0,0.5,150.0,2317.015410327736,-1268.5603422163654,-606.2022932493448,2640.874377412027,-59.902222571014136,606.2022932493448
mond,15.0,0.5,155.0,2446.4779575930497,-1055.1734550888998,-569.8016395721485,2663.197595204699,-77.61434280347464,569.8016395721485
mond,15.0,0.5,160.0,2515.0332269888722,-892.3221685541661,-558.054521001924,2668.5503204143815,-21.683467609524314,558.054521001924
mond,15.0,0.5,165.0,2605.188292196778,-655.8891800692727,-719.3286689993615,2686.1752650573835,-40.7320478861659,719.3286689993615
mond,15.0,0.5,170.0,2601.114838620681,-480.36960329655096,-660.3587045186409,2645.013365767777,21.392858008949418,660.3587045186409
mond,15.0,0.5,175.0,2675.46758981081,-161.23115122275652,-638.0493623535144,2679.338848624709,-72.56474697190953,638.0493623535144
mond,15.0,0.5,180.0,2733.9812671981344,60.97778930947179,-603.4127869310323,2733.9812671981344,-60.97778930947212,603.4127869310323
mond,15.0,0.5,185.0,2759.7870580168246,268.68829182484626,-551.4123432314857,2772.702962700171,-27.134560888409425,551.4123432314857
mond,15.0,0.5,190.0,2753.5820094298,453.0498339825996,-582.8340337852517,2790.420189504786,31.98750898697159,582.8340337852517
mond,15.0,0.5,195.0,2706.240100776077,706.0030590900176,-579.504974421937,2796.7542430718804,18.479890486878617,579.504974421937
mond,15.0,0.5,200.0,2618.2058097329036,917.1011394049415,-557.8106165373573,2773.9757422482157,33.685953087773896,557.8106165373573
mond,15.0,0.5,205.0,2484.9577426099972,1161.1725228637106,-570.3228982923434,2742.86926577818,-2.191177883444425,570.3228982923434
mond,15.0,0.5,210.0,2370.0892037221374,1372.0779681557553,-522.9708526293263,2738.59644373648,-3.2097745347512046,522.9708526293263
mond,15.0,0.5,215.0,2195.01063947345,1580.5267927507698,-501.6294418643395,2704.6003779040984,-35.685372993504416,501.6294418643395
mond,15.0,0.5,220.0,2073.3106034659027,1768.5025171901527,-469.3309546053189,2725.019572393996,-22.05315899583752,469.3309546053189
mond,15.0,0.5,225.0,1885.0055126273364,1914.0077424858746,-486.03341408443066,2686.308034508131,-20.50767340250377,486.03341408443066
mond,15.0,0.5,230.0,1704.948709555773,2047.4308044477832,-431.69359367621814,2664.342896071348,-9.99666803150717,431.69359367621814
mond,15.0,0.5,235.0,1585.253472764753,2182.9561297596597,-457.6008798051999,2697.437013907338,46.47142531325267,457.6008798051999
mond,15.0,0.5,240.0,1414.5487612865686,2376.9434422502263,-563.3429034829431,2765.7677849908105,36.56344104086361,563.3429034829431
mond,15.0,0.5,245.0,1147.3077839529071,2484.300043930354,-524.8480722502737,2736.4136964853233,-10.096587483906433,524.8480722502737
mond,15.0,0.5,250.0,979.7775227433198,2624.5866483005198,-474.1639311460496,2801.4083547771575,23.02820651141542,474.1639311460496
mond,15.0,0.5,255.0,763.413159197291,2701.966035359962,-509.59876018705853,2807.4846401922105,38.0802174262825,509.59876018705853
mond,15.0,0.5,260.0,498.1369250745243,2762.2256210091164,-505.7155695854926,2806.761776406538,10.913660481914917,505.7155695854926
mond,15.0,0.5,265.0,280.6140064753466,2816.5428410353657,-489.16786027695196,2830.282167347448,34.068302169986254,489.16786027695196
mond,15.0,0.5,270.0,29.99237951519977,2840.0672215374507,-500.6349580854585,2840.0672215374507,29.992379515199246,500.6349580854585
mond,15.0,0.5,275.0,-207.73487741316725,2805.6191022076173,-486.1367544656495,2813.0481620196897,37.58143323218604,486.1367544656495
mond,15.0,0.5,280.0,-414.8498566277469,2753.294483247665,-533.3722691106591,2783.503675036837,69.55721445336059,533.3722691106591
mond,15.0,0.5,285.0,-661.0049196419524,2703.5852593677264,-599.4272254919059,2782.5434877075145,61.25763199651249,599.4272254919059
mond,15.0,0.5,290.0,-929.3843430412907,2622.6500230350885,-637.6417833214604,2782.35303976168,23.66352774167001,637.6417833214604
mond,15.0,0.5,295.0,-1227.6754809195493,2475.9288186864046,-618.7468324341726,2762.7916462518397,-66.27911476439954,618.7468324341726
mond,15.0,0.5,300.0,-1393.5836976569178,2324.1927264615883,-608.2471526627469,2709.6017932352115,-44.78252123994889,608.2471526627469
mond,15.0,0.5,305.0,-1598.7476805448605,2163.911373404823,-582.505844915258,2689.576422416182,-68.44885668357028,582.505844915258
mond,15.0,0.5,310.0,-1735.6470288056967,1952.5585327877736,-561.5982637777273,2611.399018812177,-74.50232956885975,561.5982637777273
mond,15.0,0.5,315.0,-1866.630463964899,1775.002595970023,-585.7531266554787,2575.0234312731004,-64.79068680484306,585.7531266554787
mond,15.0,0.5,320.0,-2022.838433501336,1589.2972350227865,-556.55260813346,2571.1647120929197,-82.78316609882631,556.55260813346
mond,15.0,0.5,325.0,-2098.25874712065,1441.1237297020289,-559.6627405033457,2545.387555374557,-23.012325457081033,559.6627405033457
mond,15.0,0.5,330.0,-2205.3891527451083,1244.791345309662,-559.8207876908348,2532.3187041627343,-24.673648923380824,559.8207876908348
mond,15.0,0.5,335.0,-2262.2332544092988,1102.5932993908277,-619.3468843906452,2516.2556781599046,43.227807541876814,619.3468843906452
mond,15.0,0.5,340.0,-2355.4937379665207,835.8451017327798,-711.71060360989,2499.315945367259,-20.18883164368424,711.71060360989
mond,15.0,0.5,345.0,-2416.4759368056925,558.8341725130153,-674.6460521891998,2478.7734428671647,-85.63763463406633,674.6460521891998
mond,15.0,0.5,350.0,-2449.6388988133017,418.4680063233509,-675.1333019305123,2485.0895863415903,-13.26479370615823,675.1333019305123
mond,15.0,0.5,355.0,-2512.886239135215,260.2390942570229,-746.238436511394,2526.005279886156,40.23633932284483,746.238436511394
mond,2.0,1.0,0.0,-7059.623571724689,135.78820250474382,-14517.635300064285,7059.623571724689,135.78820250474382,14517.635300064285
mond,2.0,1.0,5.0,-6974.400810457926,-749.8552034218197,-14592.42548959194,7013.215296952384,-139.14269512999454,14592.42548959194
mond,2.0,1.0,10.0,-6830.5015911916635,-1649.0237240143392,-14578.817283532118,7013.080888572398,-437.8671944488847,14578.817283532118
mond,2.0,1.0,15.0,-6634.501937113336,-2516.5404220388436,-14465.997657385617,7059.765354616611,-713.6559304532132,14465.997657385617
mond,2.0,1.0,20.0,-6396.596289215949,-3311.1136443769087,-14276.9984498137,7143.301894340119,-923.6642785704385,14276.9984498137
mond,2.0,1.0,25.0,-6128.634685482011,-4038.62631212659,-14063.20525385104,7261.226571206448,-1070.165537989271,14063.20525385104
mond,2.0,1.0,30.0,-5820.046949643731,-4700.281409846329,-13829.52789496211,7390.449214532767,-1160.5396310407928,13829.52789496211
mond,2.0,1.0,35.0,-5473.677965461234,-5287.290647946393,-13577.376829361887,7516.439822988485,-1191.5222418528574,13577.376829361887
mond,2.0,1.0,40.0,-5087.763672845451,-5800.472826292583,-13320.310670686633,7625.925152550193,-1173.0685261257308,13320.310670686633
mond,2.0,1.0,45.0,-4664.067530351542,-6237.403551849499,-13063.603144451688,7708.5041271334085,-1112.5165698862697,13063.603144451688
mond,2.0,1.0,50.0,-4210.022497256035,-6597.337014326369,-12816.000953320763,7760.003656945627,-1015.6221503065085,12816.000953320763
mond,2.0,1.0,55.0,-3732.6483899536975,-6885.447192457674,-12585.87706463878,7781.187305206714,-891.7237040906025,12585.87706463878
mond,2.0,1.0,60.0,-3243.812759309449,-7103.838719284799,-12380.519118499098,7774.0111749428725,-742.6951049603208,12380.519118499098
mond,2.0,1.0,65.0,-2749.6688502984093,-7257.514435652425,-12210.2590151453,7739.602117438352,-575.1118445559005,12210.2590151453
mond,2.0,1.0,70.0,-2249.706176148113,-7363.112212118588,-12077.239035018441,7688.507040553262,-404.30040144891746,12077.239035018441
mond,2.0,1.0,75.0,-1745.4013726393855,-7427.199605564352,-12001.274937274651,7625.867032605744,-236.37244662521175,12001.274937274651
mond,2.0,1.0,80.0,-1223.9953379134322,-7461.451248642496,-11954.458652005627,7560.639598287236,-90.26731364946636,11954.458652005627
mond,2.0,1.0,85.0,-688.7151291769144,-7469.066673586261,-11932.569428532066,7500.670098545346,35.12230661342289,11932.569428532066
mond,2.0,1.0,90.0,-141.05761778287706,-7454.08958851709,-11933.17104727286,7454.08958851709,141.0576177828766,11933.17104727286
mond,2.0,1.0,95.0,416.7902724013054,-7406.844190385727,-11941.359032975815,7414.984577815044,230.3447472468506,11941.359032975815
mond,2.0,1.0,100.0,977.0359088776243,-7331.13746766183,-11961.406043061677,7389.421521643408,310.8461234512174,11961.406043061677
mond,2.0,1.0,105.0,1531.9541074413687,-7220.800256915359,-11990.042235403958,7371.256353858144,389.1265903036342,11990.042235403958
mond,2.0,1.0,110.0,2080.531541109831,-7073.388906865262,-12026.431004623737,7358.395055614149,464.1813512310098,12026.431004623737
mond,2.0,1.0,115.0,2632.930256832171,-6887.089790319938,-12085.256092688429,7354.547515414474,524.364721145726,12085.256092688429
mond,2.0,1.0,120.0,3179.3899270221495,-6664.338617244344,-12146.912059754135,7361.181505466336,578.7368632846365,12146.912059754135
mond,2.0,1.0,125.0,3713.2306309968258,-6399.73390017235,-12217.386892203973,7372.176699908448,629.0361017582863,12217.386892203973
mond,2.0,1.0,130.0,4236.009096073505,-6093.037673558963,-12299.675490270825,7390.391813019956,671.5578928684454,12299.675490270825
mond,2.0,1.0,135.0,4737.87108198054,-5744.926184035598,-12390.62112362007,7412.457032603812,712.0954916916417,12390.62112362007
mond,2.0,1.0,140.0,5210.1275760932085,-5351.177155319647,-12491.870948649423,7430.859650284284,750.2340731789577,12491.870948649423
mond,2.0,1.0,145.0,5645.994827426241,-4909.848143490045,-12599.227573175684,7441.101406099097,783.5025511168005,12599.227573175684
mond,2.0,1.0,150.0,6031.692242228258,-4430.525318430468,-12709.789968443483,7438.861368794427,821.101356756797,12709.789968443483
mond,2.0,1.0,155.0,6355.495302700292,-3914.2137930043805,-12829.702875912753,7414.253112593106,861.5340633977535,12829.702875912753
mond,2.0,1.0,160.0,6622.365188823045,-3372.513515209598,-12964.30361561339,7376.455255926236,904.1437727070256,12964.30361561339
mond,2.0,1.0,165.0,6822.42968570314,-2811.5030391439373,-13136.354356078024,7317.631563355943,949.9286596665545,13136.354356078024
mond,2.0,1.0,170.0,6957.225736785226,-2213.4383871904656,-13340.231633217509,7235.889387355816,971.7017137097871,13340.231633217509
mond,2.0,1.0,175.0,7022.884626176243,-1564.6421172751664,-13587.172997473366,7132.527975772189,946.6034558150636,13587.172997473366
mond,2.0,1.0,180.0,7019.165510134655,-840.8387311864353,-13869.905055141659,7019.165510134655,840.8387311864344,13869.905055141659
mond,2.0,1.0,185.0,6925.906242900637,-0.20461699264422606,-14131.792663633987,6899.533245112164,603.8363411638577,14131.792663633987
mond,2.0,1.0,190.0,6769.523435842861,929.9092969082695,-14326.693590445448,6828.156218619547,259.7335231142955,14326.693590445448
mond,2.0,1.0,195.0,6560.470908027722,1913.7776586282978,-14394.687685330719,6832.250388826785,-150.59245040549467,14394.687685330719
mond,2.0,1.0,200.0,6313.739118626803,2885.508342824289,-14311.653030094338,6919.876036321109,-552.0649386945397,14311.653030094338
mond,2.0,1.0,205.0,6053.509651220574,3797.277689061072,-14124.87709847883,7091.141832100451,-883.1786129071993,14124.87709847883
mond,2.0,1.0,210.0,5781.436675607931,4605.11220082398,-13860.561266866054,7309.427131859511,-1097.425815387266,13860.561266866054
mond,2.0,1.0,215.0,5502.555931910431,5288.4975405263895,-13570.48846969145,7540.787513385347,-1175.947149292002,13570.48846969145
mond,2.0,1.0,220.0,5198.598073145755,5871.159226107707,-13305.411965961935,7756.265570981176,-1155.9744706681195,13305.411965961935
mond,2.0,1.0,225.0,4850.46839701416,6366.914083840304,-13077.879359286944,7931.88721937537,-1072.2890284558594,13077.879359286944
mond,2.0,1.0,230.0,4449.937083924352,6786.379202410059,-12884.04276264929,8059.032498335651,-953.3508905742874,12884.04276264929
mond,2.0,1.0,235.0,4002.1331418669592,7134.826373312926,-12717.173808000975,8140.036874660762,-814.0127405112444,12717.173808000975
mond,2.0,1.0,240.0,3520.589109798869,7413.54844691159,-12579.60387578737,8180.615842111542,-657.8546180831358,12579.60387578737
mond,2.0,1.0,245.0,3010.3784076547,7629.378900206047,-12473.990000176247,8186.806397334617,-495.98545618180106,12473.990000176247
mond,2.0,1.0,250.0,2478.519218497877,7797.457453105209,-12399.310077052989,8174.916727921117,-337.84129558833456,12399.310077052989
mond,2.0,1.0,255.0,1928.5454199103183,7920.0667044535585,-12372.619944522787,8149.34125978187,-187.03227333206496,12372.619944522787
mond,2.0,1.0,260.0,1350.182001996619,8002.648233244958,-12364.909476922665,8115.526668894484,-59.97557866865168,12364.909476922665
mond,2.0,1.0,265.0,752.7798055488507,8041.705426346111,-12374.45285394567,8076.713392419664,49.03444172723118,12374.45285394567
mond,2.0,1.0,270.0,142.59343824980897,8037.714529211575,-12405.231483732001,8037.714529211575,142.5934382498075,12405.231483732001
mond,2.0,1.0,275.0,-479.7241828326148,7975.782130703721,-12445.96061949401,7987.242589210722,217.23652811073413,12445.96061949401
mond,2.0,1.0,280.0,-1109.8652231019282,7866.476853593345,-12501.796794888356,7939.693467757358,272.99549377616654,12501.796794888356
mond,2.0,1.0,285.0,-1741.1057327492783,7705.276986110123,-12561.71093807332,7893.357362767255,312.49343823296704,12561.71093807332
mond,2.0,1.0,290.0,-2364.4897219646264,7493.027079631891,-12616.7811459209,7849.845367677485,340.87265206453503,12616.7811459209
mond,2.0,1.0,295.0,-2982.33430010323,7229.805902997378,-12681.512332580052,7812.818326489355,352.53520371734703,12681.512332580052
mond,2.0,1.0,300.0,-3577.8108175909074,6927.756814525046,-12736.657326137914,7788.518801414903,365.40334929402616,12736.657326137914
mond,2.0,1.0,305.0,-4133.843610878406,6586.808772412723,-12789.896062996067,7766.673158022722,391.7918579842635,12789.896062996067
mond,2.0,1.0,310.0,-4647.677295748912,6209.132633919278,-12853.194167343549,7743.94093033141,430.8261581649649,12853.194167343549
mond,2.0,1.0,315.0,-5112.853571713667,5798.7992585584525,-12933.55836902428,7715.7037102388,485.03684669360973,12933.55836902428
mond,2.0,1.0,320.0,-5528.705869162637,5353.3247656392605,-13039.966925617347,7676.285238692331,547.1010586301663,13039.966925617347
mond,2.0,1.0,325.0,-5897.716421992757,4869.261663316464,-13175.451266302942,7624.02021621795,605.874477748047,13175.451266302942
mond,2.0,1.0,330.0,-6220.853253861812,4345.42223017627,-13341.78307312826,7560.12806614755,652.8194145713705,13341.78307312826
mond,2.0,1.0,335.0,-6498.196021222509,3766.4970746234517,-13531.636754491466,7481.156102253329,667.3493216426123,13531.636754491466
mond,2.0,1.0,340.0,-6727.261775177594,3142.2739303739177,-13731.309461936577,7396.279228264495,651.9125883247711,13731.309461936577
mond,2.0,1.0,345.0,-6903.665101830784,2478.517074669315,-13948.222806733102,7309.91584044511,607.2636439580831,13948.222806733102
mond,2.0,1.0,350.0,-7016.04310552351,1757.6824564540193,-14162.00230696564,7214.672001267776,512.6562107426723,14162.00230696564
mond,2.0,1.0,355.0,-7067.523814746361,972.597257358127,-14357.728203200213,7125.397189246855,352.92094369775646,14357.728203200213
mond,3.0,1.0,0.0,-8475.605238269258,40.74582265139907,-11292.097659821215,8475.605238269258,40.74582265139907,11292.097659821215
mond,3.0,1.0,5.0,-8522.576930648735,-909.8420316705221,-11410.542138728806,8569.443910444574,-163.5882855364489,11410.542138728806
mond,3.0,1.0,10.0,-8415.658173969921,-1912.7342897579003,-11410.762147477288,8619.948240203648,-422.3118522281959,11410.762147477288
mond,3.0,1.0,15.0,-8169.723343071914,-2902.8234887513518,-11258.41836599938,8642.65277416962,-689.4321825378192,11258.41836599938
mond,3.0,1.0,20.0,-7808.093847996803,-3766.9724251931293,-10963.067854110841,8625.58862013484,-869.2708136658425,10963.067854110841
mond,3.0,1.0,25.0,-7369.4002585670305,-4473.314639990911,-10625.919146999271,8569.449297501382,-939.7567647417513,10625.919146999271
mond,3.0,1.0,30.0,-6881.734435687215,-5042.5620288329,-10285.639414886042,8481.037857819747,-926.1195992844832,10285.639414886042
mond,3.0,1.0,35.0,-6364.416044044852,-5484.411284109429,-9978.902023829141,8359.15349300795,-842.087641101185,9978.902023829141
mond,3.0,1.0,40.0,-5836.351303822013,-5830.669046219717,-9712.752926061252,8218.786303475921,-715.0173186477773,9712.752926061252
mond,3.0,1.0,45.0,-5307.195953218312,-6098.229399476382,-9496.680742871189,8064.853609207388,-559.3451139944459,9496.680742871189
mond,3.0,1.0,50.0,-4776.657169194048,-6294.890909826903,-9341.721610925371,7892.542245591381,-387.1462000196316,9341.721610925371
mond,3.0,1.0,55.0,-4246.766416125666,-6451.580689923947,-9244.962361026981,7720.6706580232485,-221.72726957062605,9244.962361026981
mond,3.0,1.0,60.0,-3714.8984762005857,-6582.269015576507,-9202.255978030651,7557.861420132736,-73.93805491844614,9202.255978030651
mond,3.0,1.0,65.0,-3170.7280266952025,-6698.413875161621,-9193.405569865921,7410.8322229477635,42.783472828626145,9193.405569865921
mond,3.0,1.0,70.0,-2615.82618988032,-6793.2564234308165,-9200.876277871868,7278.238180582315,134.64203229922668,9200.876277871868
mond,3.0,1.0,75.0,-2048.889728394197,-6861.411442287491,-9218.243281630688,7157.906199924161,203.21154632599132,9218.243281630688
mond,3.0,1.0,80.0,-1472.5981865206409,-6906.416742468719,-9241.711587640311,7057.206745041448,250.93942961917378,9241.711587640311
mond,3.0,1.0,85.0,-892.0721556936945,-6925.090405763607,-9269.705306394504,6976.487557341709,285.11615390832424,9269.705306394504
mond,3.0,1.0,90.0,-304.750263626629,-6911.888778791443,-9301.916776849364,6911.888778791443,304.7502636266286,9301.916776849364
mond,3.0,1.0,95.0,282.8752916861756,-6863.298549771911,-9329.084932721931,6861.835832855413,316.37701700537235,9329.084932721931
mond,3.0,1.0,100.0,858.7323317464218,-6779.26255543609,-9355.586553506888,6825.387628810256,331.52033061100644,9355.586553506888
mond,3.0,1.0,105.0,1420.0931523989448,-6654.280464442041,-9383.348914942311,6795.088509635908,350.54986401284964,9383.348914942311
mond,3.0,1.0,110.0,1964.4112016178346,-6486.25424084982,-9414.400858794354,6766.953447395762,372.4868947527234,9414.400858794354
mond,3.0,1.0,115.0,2487.574623318382,-6277.34575925412,-9455.76314768475,6740.501806790591,398.4127011731157,9455.76314768475
mond,3.0,1.0,120.0,2997.2323385645686,-6021.804909908446,-9510.834304962194,6713.65219789686,415.22310871306354,9510.834304962194
mond,3.0,1.0,125.0,3495.272389354303,-5713.557014804399,-9569.039998069904,6685.07779000078,414.0021483535829,9569.039998069904
mond,3.0,1.0,130.0,3979.3972873429616,-5357.8917642819015,-9618.599263917728,6662.290483185368,395.5912611901481,9618.599263917728
mond,3.0,1.0,135.0,4446.798159247496,-4964.365651533479,-9650.46902104649,6654.697749460658,365.97548351713385,9650.46902104649
mond,3.0,1.0,140.0,4886.973129761257,-4562.709197652631,-9658.703805693714,6676.4915485792935,353.95224974806297,9658.703805693714
mond,3.0,1.0,145.0,5288.000296616444,-4172.602671986086,-9673.459129076457,6724.9828240807865,384.92364320657816,9673.459129076457
mond,3.0,1.0,150.0,5653.338178993518,-3784.905509649186,-9730.965384762636,6788.3872340174385,451.1552327831246,9730.965384762636
mond,3.0,1.0,155.0,5992.871556435791,-3372.4676578881144,-9841.056343326418,6856.652577661608,523.7967398570768,9841.056343326418
mond,3.0,1.0,160.0,6308.028925015767,-2927.7448208571323,-9992.160250608827,6928.9559357919225,593.7072466672507,9992.160250608827
mond,3.0,1.0,165.0,6596.33846196909,-2445.8167161677748,-10179.78942723425,7004.597626334182,655.2195106161012,10179.78942723425
mond,3.0,1.0,170.0,6860.922725863136,-1923.027004024797,-10407.470585789806,7090.620028100871,702.4251743556972,10407.470585789806
mond,3.0,1.0,175.0,7090.680688360457,-1360.5712217052094,-10687.186963311713,7182.2801029950215,737.4002954584065,10687.186963311713
mond,3.0,1.0,180.0,7282.637043359515,-707.8226466195483,-11049.072142140183,7282.637043359515,707.8226466195474,11049.072142140183
mond,3.0,1.0,185.0,7399.953662401236,121.95287684775327,-11443.953203939023,7382.423498170586,523.4596484120639,11443.953203939023
mond,3.0,1.0,190.0,7387.164366358858,1147.25611606589,-11757.150251931067,7474.155674637801,152.94091255193894,11757.150251931067
mond,3.0,1.0,195.0,7196.384191424046,2318.289874074825,-11856.814542023925,7551.19091787375,-376.7347775780579,11856.814542023925
mond,3.0,1.0,200.0,6861.862881319461,3480.2552332961377,-11636.475644487433,7638.359308122483,-923.4748350299528,11636.475644487433
mond,3.0,1.0,205.0,6461.043773703088,4451.8647642571505,-11161.625938946996,7737.133632666797,-1304.204614007369,11161.625938946996
mond,3.0,1.0,210.0,6044.512090731001,5160.550564704792,-10601.951698305158,7814.976306407632,-1446.911841182979,10601.951698305158
mond,3.0,1.0,215.0,5626.896224528129,5644.17351815629,-10094.931664586533,7846.648478015259,-1395.9811915375153,10094.931664586533
mond,3.0,1.0,220.0,5227.200870835304,5993.317952487147,-9680.121810574734,7856.698700940704,-1231.1679602323684,9680.121810574734
mond,3.0,1.0,225.0,4841.800997509431,6264.566138968981,-9368.629688302444,7853.387516551304,-1006.0468795618867,9368.629688302444
mond,3.0,1.0,230.0,4462.627451437271,6481.381371617782,-9167.104367301947,7833.5478158935575,-747.5806784453307,9167.104367301947
mond,3.0,1.0,235.0,4063.293426571427,6663.609066815641,-9059.928851256083,7789.118352886164,-493.6340248586316,9059.928851256083
mond,3.0,1.0,240.0,3623.9313192224968,6822.992635805083,-9027.392811902786,7720.850612052597,-273.0797338858092,9027.392811902786
mond,3.0,1.0,245.0,3135.611926648857,6963.615977998752,-9041.606954198545,7636.346248726852,-101.1217738047385,9041.606954198545
mond,3.0,1.0,250.0,2603.8436566439987,7080.7067124865625,-9075.487915011781,7544.254828315885,25.068345176885032,9075.487915011781
mond,3.0,1.0,255.0,2037.0699138056825,7166.210613560838,-9108.04376794284,7449.260398163505,112.90665169599038,9108.04376794284
mond,3.0,1.0,260.0,1452.869705130626,7219.189026077256,-9131.47320147059,7361.801500024956,177.19833111778394,9131.47320147059
mond,3.0,1.0,265.0,869.3393572831612,7234.947671329012,-9149.181095695094,7283.184428532969,235.46402053285044,9149.181095695094
mond,3.0,1.0,270.0,286.7231917549507,7218.116657629813,-9180.407998924318,7218.116657629813,286.72319175494937,9180.407998924318
mond,3.0,1.0,275.0,-296.6473982056783,7166.288753563029,-9228.390156796082,7164.873385618769,329.0646537657657,9228.390156796082
mond,3.0,1.0,280.0,-879.2795662876376,7076.306281036646,-9305.350812921624,7121.486582599492,362.8663563697868,9305.350812921624
mond,3.0,1.0,285.0,-1482.190011270679,6940.014531517101,-9408.50409579703,7087.158274191369,364.52232269083675,9408.50409579703
mond,3.0,1.0,290.0,-2115.399371363266,6754.510813725237,-9505.346135670094,7070.67316486092,322.3535773198764,9505.346135670094
mond,3.0,1.0,295.0,-2755.163533127483,6521.218855557592,-9566.204312308442,7074.613852943778,258.9600125335778,9566.204312308442
mond,3.0,1.0,300.0,-3372.3195737809,6246.759326268455,-9590.2446954102,7096.012054766297,202.86524256045868,9590.2446954102
mond,3.0,1.0,305.0,-3944.5077873611276,5940.89089550957,-9594.349225758511,7128.96964178807,176.40341086603848,9594.349225758511
mond,3.0,1.0,310.0,-4469.072982492202,5623.020519250224,-9600.01577027128,7180.14836224648,190.89939465590487,9600.01577027128
mond,3.0,1.0,315.0,-4947.711288558993,5303.2112387338675,-9645.258903051625,7248.496832466723,251.37642548013173,9645.258903051625
mond,3.0,1.0,320.0,-5403.380974055021,4954.998047232616,-9765.685912042562,7324.241320011783,322.5223792093784,9765.685912042562
mond,3.0,1.0,325.0,-5858.149427976719,4556.8288940307975,-9942.058811786575,7412.404757777182,372.6392315096641,9942.058811786575
mond,3.0,1.0,330.0,-6310.685047846019,4099.4082813409605,-10154.360411614902,7514.917707387749,394.8491882025637,10154.360411614902
mond,3.0,1.0,335.0,-6768.477689626343,3560.781272796033,-10375.655505524006,7639.175228440083,366.68151964873005,10375.655505524006
mond,3.0,1.0,340.0,-7217.624243644912,2959.4905385323837,-10568.253475955582,7794.553619518403,312.43854206234164,10568.253475955582
mond,3.0,1.0,345.0,-7636.525146901869,2318.034516714369,-10736.497975099996,7976.268342629133,262.5712595013797,10736.497975099996
mond,3.0,1.0,350.0,-8000.495835707271,1638.2437027445717,-10905.775214477124,8163.428360502324,224.08357748384833,10905.775214477124
mond,3.0,1.0,355.0,-8290.342991638418,891.5678347153466,-11100.636900731308,8336.50099047679,165.62414886347608,11100.636900731308
mond,4.0,1.0,0.0,-8415.418443471994,-334.14166980882874,-7093.653199038352,8415.418443471994,-334.14166980882874,7093.653199038352
mond,4.0,1.0,5.0,-8404.525138428444,-1046.4671325328757,-7056.0464172882575,8463.749003078125,-309.9823782754271,7056.0464172882575
mond,4.0,1.0,10.0,-8279.27788901588,-1796.2687174164453,-7019.740464275299,8465.415843824867,-331.29784157929294,7019.740464275299
mond,4.0,1.0,15.0,-8041.898566769797,-2527.4887791277697,-6945.209652901327,8422.039750361177,-359.97017955265073,6945.209652901327
mond,4.0,1.0,20.0,-7709.4056508456915,-3183.18549786695,-6847.847822570562,8333.185160957524,-354.4438972803273,6847.847822570562
mond,4.0,1.0,25.0,-7308.776219877115,-3740.2712753682513,-6764.117410678717,8204.707746617718,-301.0146809995217,6764.117410678717
mond,4.0,1.0,30.0,-6858.127294288996,-4228.306928168801,-6705.599814823098,8053.465923326108,-232.757567647428,6705.599814823098
mond,4.0,1.0,35.0,-6387.6389224798995,-4641.267068990851,-6658.536631632046,7894.568907114579,-138.10423780177643,6658.536631632046
mond,4.0,1.0,40.0,-5918.637251330145,-4976.555951524077,-6637.989590883641,7732.807681769922,-7.836341151484703,6637.989590883641
mond,4.0,1.0,45.0,-5446.540638657362,-5262.051935841182,-6682.243229256732,7572.11842639183,130.45321281363067,6682.243229256732
mond,4.0,1.0,50.0,-4942.868209705175,-5527.883745303315,-6760.152621937335,7411.819066809302,233.201545845508,6760.152621937335
mond,4.0,1.0,55.0,-4411.868565539993,-5773.083310930353,-6832.639531372062,7259.5768454708905,302.6866023552975,6832.639531372062
mond,4.0,1.0,60.0,-3873.444309394766,-5985.324585607744,-6895.346880207163,7120.165295729257,361.83887927626574,6895.346880207163
mond,4.0,1.0,65.0,-3329.3829146130197,-6159.3237108262465,-6957.637566093778,6989.30106204424,414.4029813728948,6957.637566093778
mond,4.0,1.0,70.0,-2782.039000938034,-6296.029928409374,-7040.914065279714,6867.846241811947,460.8924614227967,7040.914065279714
mond,4.0,1.0,75.0,-2209.374065316922,-6404.139707929069,-7149.253729760498,6757.752024911619,476.57814571354834,7149.253729760498
mond,4.0,1.0,80.0,-1599.1292374971988,-6489.469633091681,-7253.191769597594,6668.565885551274,447.9502953444878,7253.191769597594
mond,4.0,1.0,85.0,-975.3380858588371,-6544.500251200901,-7324.073492181216,6604.602767209541,401.23584967387535,7324.073492181216
mond,4.0,1.0,90.0,-356.01517586580303,-6570.664370037455,-7373.67747921031,6570.664370037455,356.01517586580263,7373.67747921031
mond,4.0,1.0,95.0,259.9389486223867,-6556.412807940056,-7403.24000851238,6554.118849906928,312.47922559111083,7403.24000851238
mond,4.0,1.0,100.0,860.8107810141643,-6503.413595465234,-7408.07478512232,6554.090353298318,281.572788447634,7408.07478512232
mond,4.0,1.0,105.0,1422.6334731318886,-6416.299839402754,-7402.160681551694,6565.874361140399,286.502184484272,7402.160681551694
mond,4.0,1.0,110.0,1946.2933736746272,-6286.2621037450135,-7427.728345873501,6572.825649833285,321.11074457903123,7427.728345873501
mond,4.0,1.0,115.0,2450.9739993771514,-6102.058531132596,-7493.888526236714,6566.169534907316,357.5045480073891,7493.888526236714
mond,4.0,1.0,120.0,2952.8696374977712,-5858.891097286815,-7585.6707624284345,6550.3833470057525,372.1854285065897,7585.6707624284345
mond,4.0,1.0,125.0,3454.0247821781727,-5572.1620642570415,-7680.496118056881,6545.595171675678,366.6893982409538,7680.496118056881
mond,4.0,1.0,130.0,3942.2832083243493,-5234.688108608583,-7782.978842517472,6544.054537246788,344.8285118489389,7782.978842517472
mond,4.0,1.0,135.0,4421.013310466248,-4826.138936709225,-7886.407850779815,6538.724060642198,286.4670775488553,7886.407850779815
mond,4.0,1.0,140.0,4893.380279503421,-4356.080755057022,-7960.189589362419,6548.581507326226,191.54724303969851,7960.189589362419
mond,4.0,1.0,145.0,5353.068280788823,-3858.332443608066,-7973.0795103267665,6598.025398689061,90.1670806894158,7973.0795103267665
mond,4.0,1.0,150.0,5784.8624956699,-3383.4472724358325,-7931.226995810485,6701.561514867897,37.7200424596499,7931.226995810485
mond,4.0,1.0,155.0,6183.879258885647,-2935.8836052435045,-7903.117894962845,6845.2559523435175,47.39387006080506,7903.117894962845
mond,4.0,1.0,160.0,6548.2027232071805,-2478.5733941547874,-7925.448644416911,7001.019805919987,89.47989464668126,7925.448644416911
mond,4.0,1.0,165.0,6886.6689452173305,-1950.7418567040654,-7992.9421471649985,7156.90053588198,101.87085947521041,7992.9421471649985
mond,4.0,1.0,170.0,7205.797868329242,-1344.9565172425514,-8061.54596621169,7329.87485562991,73.24993717313828,8061.54596621169
mond,4.0,1.0,175.0,7503.630704753832,-688.5288838656094,-8084.710221354169,7535.086370790719,31.924316212993062,8084.710221354169
mond,4.0,1.0,180.0,7734.228437955884,-20.39405974536203,-8111.8280590970535,7734.228437955884,20.39405974536108,8111.8280590970535
mond,4.0,1.0,185.0,7855.164162311714,715.8067359026023,-8184.213174121424,7887.659558866585,-28.46020819346893,8184.213174121424
mond,4.0,1.0,190.0,7842.029073439821,1558.7676215889564,-8254.99046022861,7993.568187765816,-173.33238107129182,8254.99046022861
mond,4.0,1.0,195.0,7672.580173632003,2472.4387076969856,-8241.801341813598,8051.05756938526,-402.3825276693192,8241.801341813598
mond,4.0,1.0,200.0,7310.742196446659,3347.0899349384463,-8097.850810524717,8014.6226737406405,-644.8146191227443,8097.850810524717
mond,4.0,1.0,205.0,6801.19264555171,4063.7340393192944,-7844.409222211127,7881.38207167354,-808.6855906542855,7844.409222211127
mond,4.0,1.0,210.0,6250.160498234749,4611.724655196143,-7552.299222535508,7718.660096799369,-868.7904575415155,7552.299222535508
mond,4.0,1.0,215.0,5726.339539598928,5021.611551326101,-7289.368342687508,7571.02079850422,-828.9699414347474,7289.368342687508
mond,4.0,1.0,220.0,5235.43392131787,5361.434399722981,-7057.45131753322,7456.838665031275,-741.8249730989842,7057.45131753322
mond,4.0,1.0,225.0,4790.301255403927,5632.927552512887,-6856.941168802279,7370.335771936953,-595.8267686918575,6856.941168802279
mond,4.0,1.0,230.0,4393.596325802282,5842.764486250104,-6732.88069374422,7299.966547334813,-389.9665673893096,6732.88069374422
mond,4.0,1.0,235.0,4004.3230448613886,6040.040188100211,-6705.067875707516,7244.496609739919,-184.27531831589704,6705.067875707516
mond,4.0,1.0,240.0,3592.3824621962394,6241.712083319388,-6728.068047029428,7201.672458361003,-9.761569288063129,6728.068047029428
mond,4.0,1.0,245.0,3151.787453703627,6422.819115528411,-6781.292045341902,7153.05391419162,142.08886229646032,6781.292045341902
mond,4.0,1.0,250.0,2677.5706022211366,6573.671768605413,-6862.782003942244,7093.013933563428,267.7651760661588,6862.782003942244
mond,4.0,1.0,255.0,2166.4481717628987,6680.329761689964,-6956.579563294176,7013.421092023607,363.6316705319739,6956.579563294176
mond,4.0,1.0,260.0,1633.5704602892422,6733.69752599324,-7070.504593968791,6915.064063557023,439.45855003552356,7070.504593968791
mond,4.0,1.0,265.0,1061.348595784847,6735.568876831497,-7204.037202637183,6802.440628911123,470.2663356597245,7204.037202637183
mond,4.0,1.0,270.0,451.27299834905716,6692.097905877075,-7317.722516237642,6692.097905877075,451.2729983490559,7317.722516237642
mond,4.0,1.0,275.0,-169.9084538485778,6612.26623307856,-7398.591854474967,6601.913061258218,407.0350739043006,7398.591854474967
mond,4.0,1.0,280.0,-783.857152335906,6503.868022864319,-7461.239742989414,6541.175019539282,357.43622908213604,7461.239742989414
mond,4.0,1.0,285.0,-1395.6526884156513,6366.937194091604,-7516.690519132243,6511.21056624404,299.78762853206126,7516.690519132243
mond,4.0,1.0,290.0,-2003.4980695243369,6189.510407764403,-7565.368385936955,6501.473953345202,234.26488508846865,7565.368385936955
mond,4.0,1.0,295.0,-2596.5847149392885,5963.54526687945,-7610.450956014525,6502.171632408514,166.99818765075315,7610.450956014525
mond,4.0,1.0,300.0,-3180.6963313977403,5693.354419362725,-7656.554849830037,6520.937725615392,92.11338496695225,7656.554849830037
mond,4.0,1.0,305.0,-3756.783850641703,5387.06359689903,-7697.439623121019,6567.626851306877,12.515569100772154,7697.439623121019
mond,4.0,1.0,310.0,-4326.406624939913,5050.123017315099,-7721.114943232476,6649.579247458612,-68.06325078540794,7721.114943232476
mond,4.0,1.0,315.0,-4887.849172340942,4698.296645031218,-7733.846223976376,6778.4287129069135,-134.03387745175542,7733.846223976376
mond,4.0,1.0,320.0,-5449.620153843693,4325.158134499937,-7733.025368171706,6954.809294752657,-189.6849578442584,7733.025368171706
mond,4.0,1.0,325.0,-6010.037551949876,3918.0892901239113,-7714.9683966702905,7170.458239267822,-237.70506967157144,7714.9683966702905
mond,4.0,1.0,330.0,-6552.989768632609,3449.6228170937575,-7680.88325668343,7399.867018922229,-289.0338912386742,7680.88325668343
mond,4.0,1.0,335.0,-7056.12832103143,2912.7609318369823,-7616.611748749547,7626.010005559792,-342.1907713536352,7616.611748749547
mond,4.0,1.0,340.0,-7491.61928337271,2322.7072922354632,-7538.072916024103,7834.2320393167,-379.65379828119376,7538.072916024103
mond,4.0,1.0,345.0,-7845.711780428114,1679.280960945695,-7441.582244357766,8013.005529106712,-408.5587813870309,7441.582244357766
mond,4.0,1.0,350.0,-8115.792120993416,1000.4515613971888,-7312.965651699225,8166.221593070365,-424.0400579570178,7312.965651699225
mond,4.0,1.0,355.0,-8311.759292756245,335.4631885256933,-7177.349325822915,8309.368082619023,-390.2309048856744,7177.349325822915
mond,5.0,1.0,0.0,-7120.458938166063,-326.5387215473165,-4727.530859049351,7120.458938166063,-326.5387215473165,4727.530859049351
mond,5.0,1.0,5.0,-7070.693567856977,-865.196099234364,-4741.908234616882,7119.194252781676,-245.65221721926923,4741.908234616882
mond,5.0,1.0,10.0,-6966.617778427218,-1453.1064706705065,-4725.548697647181,7113.1084910557665,-221.29003654259645,4725.548697647181
mond,5.0,1.0,15.0,-6795.632816057061,-1993.0465449269395,-4686.672182011125,7079.915646609893,-166.29593442188434,4686.672182011125
mond,5.0,1.0,20.0,-6571.887121778331,-2490.6489121875143,-4679.013703153432,7027.405930893334,-92.72662844031584,4679.013703153432
mond,5.0,1.0,25.0,-6312.359126245363,-2971.639247865651,-4686.836692209876,6976.8092441414565,-25.501549187517867,4686.836692209876
mond,5.0,1.0,30.0,-6023.718838642629,-3422.6715474003963,-4699.1286187791375,6928.02931321961,47.738910462376225,4699.1286187791375
mond,5.0,1.0,35.0,-5710.713358109269,-3830.781724365941,-4720.938339902634,6875.188651544193,137.53793622735975,4720.938339902634
mond,5.0,1.0,40.0,-5375.437206336852,-4194.337559157331,-4767.473869887379,6813.892015118563,242.21545312366197,4767.473869887379
mond,5.0,1.0,45.0,-5013.548357189028,-4531.274327326396,-4832.189578889017,6749.208845444044,341.0192369060305,4832.189578889017
mond,5.0,1.0,50.0,-4637.552402991137,-4818.060609468537,-4926.468928290925,6671.809780408549,455.58158549927157,4926.468928290925
mond,5.0,1.0,55.0,-4200.677436647277,-5087.328115664723,-5069.12880400303,6576.704820288014,523.0219784968049,5069.12880400303
mond,5.0,1.0,60.0,-3721.8237197124827,-5329.337261608828,-5188.792990348657,6476.253313744482,558.5252588740896,5188.792990348657
mond,5.0,1.0,65.0,-3232.877590030689,-5539.915224664874,-5320.423611267059,6387.141415155898,588.7127919423865,5320.423611267059
mond,5.0,1.0,70.0,-2705.252447432088,-5733.939856707375,-5462.769752550628,6313.391801180967,580.9828306031302,5462.769752550628
mond,5.0,1.0,75.0,-2136.6955347853946,-5905.630557009506,-5579.719118860251,6257.418573525354,535.3997384722768,5579.719118860251
mond,5.0,1.0,80.0,-1547.682833043592,-6037.95946186259,-5665.076948207456,6214.981593980109,475.68939580598953,5665.076948207456
mond,5.0,1.0,85.0,-939.9395624302549,-6115.765208474209,-5724.359551913172,6174.4140061574835,403.3387494048392,5724.359551913172
mond,5.0,1.0,90.0,-328.1607886073907,-6135.099064973314,-5748.9151163598,6135.099064973314,328.1607886073903,5748.9151163598
mond,5.0,1.0,95.0,250.51054215124327,-6099.799007607147,-5758.094024230713,6098.420863170841,282.0752392122722,5758.094024230713
mond,5.0,1.0,100.0,814.3522668310884,-6020.64104460129,-5776.216265300488,6070.584765941021,243.4929197234154,5776.216265300488
mond,5.0,1.0,105.0,1358.8917336498494,-5913.134801062524,-5782.033444411036,6063.356679575928,217.84328211037177,5782.033444411036
mond,5.0,1.0,110.0,1872.3090401688985,-5788.081296574611,-5802.100094627017,6079.384689168607,220.2454057576099,5802.100094627017
mond,5.0,1.0,115.0,2366.5527549006924,-5649.569540804217,-5839.4172357500565,6120.397279829726,242.78606871834472,5839.4172357500565
mond,5.0,1.0,120.0,2850.019990812174,-5481.244893532438,-5925.278783594307,6171.907317568909,272.43273342938255,5925.278783594307
mond,5.0,1.0,125.0,3342.2061473590916,-5236.119887808958,-6035.969468427771,6206.18900179374,265.5399875118669,6035.969468427771
mond,5.0,1.0,130.0,3837.498297890956,-4937.57591322469,-6148.332148934601,6249.0989488813775,234.11837232962716,6148.332148934601
mond,5.0,1.0,135.0,4349.7492498389265,-4572.817995430722,-6259.973160445415,6309.207804723141,157.73342267873477,6259.973160445415
mond,5.0,1.0,140.0,4864.721058421091,-4124.482615087305,-6321.361025230501,6377.7588554730055,32.554567094195136,6321.361025230501
mond,5.0,1.0,145.0,5343.196993358752,-3616.461158579078,-6315.643720887092,6451.207643688379,-102.300339030548,6315.643720887092
mond,5.0,1.0,150.0,5754.341755206577,-3088.0020365546006,-6230.751757499763,6527.407160343731,-202.88266700892063,6230.751757499763
mond,5.0,1.0,155.0,6084.994352665887,-2587.6682440493273,-6145.637155602409,6608.473621156867,-226.40585617627085,6145.637155602409
mond,5.0,1.0,160.0,6378.855165878002,-2062.620105065119,-6080.687857369152,6699.620752398407,-243.4680658729303,6080.687857369152
mond,5.0,1.0,165.0,6658.54218023865,-1505.8875823266003,-6012.703684082213,6821.410243417146,-268.78182160695724,6012.703684082213
mond,5.0,1.0,170.0,6896.065402272858,-891.5484469523465,-5914.071620796083,6946.114436552619,-319.4853674319842,5914.071620796083
mond,5.0,1.0,175.0,7051.511066232621,-284.10710901296954,-5753.7310137291925,7049.439503822124,-331.5536887819414,5753.7310137291925
mond,5.0,1.0,180.0,7123.414968424477,262.34603372914717,-5635.167372470023,7123.414968424477,-262.346033729148,5635.167372470023
mond,5.0,1.0,185.0,7132.697615986741,848.1395271009908,-5616.347566582762,7179.475778575758,-223.25654162427395,5616.347566582762
mond,5.0,1.0,190.0,7065.553842286488,1510.3039604545982,-5595.224047437882,7220.473733665018,-260.438500740104,5595.224047437882
mond,5.0,1.0,195.0,6892.452237547311,2155.7475760185043,-5529.989497870455,7215.546151818007,-298.394352099602,5529.989497870455
mond,5.0,1.0,200.0,6626.359599154266,2741.941941596529,-5485.665119935816,7164.540593854641,-310.23414931148227,5485.665119935816
mond,5.0,1.0,205.0,6279.724485137435,3304.444433736396,-5458.860104390618,7087.88176392918,-340.9174760059186,5458.860104390618
mond,5.0,1.0,210.0,5869.770896997383,3813.5336468281002,-5396.995331305124,6990.137534608355,-367.73156784115645,5396.995331305124
mond,5.0,1.0,215.0,5426.395928101566,4243.470653133012,-5323.964185289822,6878.998092610138,-363.59482172392654,5323.964185289822
mond,5.0,1.0,220.0,4960.561007754472,4610.775953861717,-5239.818890876552,6763.759848925937,-343.4721450436268,5239.818890876552
mond,5.0,1.0,225.0,4502.472012182514,4918.530410588481,-5146.479198726399,6661.654698716264,-294.19771488247443,5146.479198726399
mond,5.0,1.0,230.0,4077.9561706643517,5189.602866023199,-5054.600500770226,6596.726136859205,-211.9167576532932,5054.600500770226
mond,5.0,1.0,235.0,3688.2928752669222,5434.304103336103,-4978.9095994399195,6567.03919915038,-95.71613292796883,4978.9095994399195
mond,5.0,1.0,240.0,3321.5868620294177,5650.386715699733,-4942.9986602624895,6554.171868016799,51.38524554424339,4942.9986602624895
mond,5.0,1.0,245.0,2948.465951182485,5834.443846772914,-4971.820332485705,6533.877446448739,206.4751346222224,4971.820332485705
mond,5.0,1.0,250.0,2540.8703453952294,5988.153126852299,-5052.583929863968,6496.052145143187,339.5681232395664,5052.583929863968
mond,5.0,1.0,255.0,2097.20909797303,6118.948156787852,-5160.919325413612,6453.247710482976,442.04811188889016,5160.919325413612
mond,5.0,1.0,260.0,1632.6528633659548,6217.465312764281,-5291.526213769273,6406.515238580931,528.1976765515049,5291.526213769273
mond,5.0,1.0,265.0,1141.81814147018,6271.622437495115,-5460.327058119272,6347.273028868448,590.8652669447983,5460.327058119272
mond,5.0,1.0,270.0,591.0879094210541,6272.349889314719,-5667.475621949765,6272.349889314719,591.0879094210529,5667.475621949765
mond,5.0,1.0,275.0,-31.331080478126374,6209.8616461898955,-5844.382101730526,6188.961931407811,510.0132478760786,5844.382101730526
mond,5.0,1.0,280.0,-670.8345375767631,6110.650707295304,-5968.162757773426,6134.305387460191,400.4603060870104,5968.162757773426
mond,5.0,1.0,285.0,-1307.2190182267893,5980.103745928246,-6056.696046718385,6114.6698301174065,285.088130813657,6056.696046718385
mond,5.0,1.0,290.0,-1928.3936250225738,5813.6575577473095,-6108.421174049015,6122.600570809899,176.290731742793,6108.421174049015
mond,5.0,1.0,295.0,-2521.6328950586203,5613.034256416979,-6160.569895342173,6152.8247663520215,86.79525169854514,6160.569895342173
mond,5.0,1.0,300.0,-3135.9788226914225,5366.477186685942,-6221.955900037707,6215.494983845383,-32.59873283781599,6221.955900037707
mond,5.0,1.0,305.0,-3769.1589035456054,5055.719903447731,-6227.697607340269,6303.304026198258,-187.67241568083318,6227.697607340269
mond,5.0,1.0,310.0,-4380.084338701499,4681.381543931737,-6153.149619604068,6401.6102601480325,-346.2052154001858,6153.149619604068
mond,5.0,1.0,315.0,-4937.9013620837595,4276.4160224709685,-6005.828713715652,6515.506306623741,-467.7407692956922,6005.828713715652
mond,5.0,1.0,320.0,-5427.221153364457,3856.891112590808,-5838.527970477281,6636.654425196115,-534.0005078962035,5838.527970477281
mond,5.0,1.0,325.0,-5859.630938085111,3407.4595086063546,-5682.045186571639,6754.367143668362,-569.7188094923395,5682.045186571639
mond,5.0,1.0,330.0,-6231.613836746246,2906.942927401919,-5524.744135276167,6850.207352897823,-598.3204958915617,5524.744135276167
mond,5.0,1.0,335.0,-6540.752202384491,2370.5285683371967,-5353.2457863968875,6929.763317055517,-615.8128253715408,5353.2457863968875
mond,5.0,1.0,340.0,-6780.753517558667,1828.1260447461186,-5176.37687091913,6997.079975659426,-601.2777358169897,5176.37687091913
mond,5.0,1.0,345.0,-6952.220187621651,1291.6004488630342,-5027.972747913551,7049.619824100702,-551.7767594993452,5027.972747913551
mond,5.0,1.0,350.0,-7065.658120634333,733.971058957863,-4914.492529261579,7085.767634182658,-504.1182673174162,4914.492529261579
mond,5.0,1.0,355.0,-7119.185814513663,182.5049450165106,-4799.065528700952,7108.001517186511,-438.66746882155775,4799.065528700952
mond,6.0,1.0,0.0,-6137.717844105231,-306.9361804046639,-3475.9958458123147,6137.717844105231,-306.9361804046639,3475.9958458123147
mond,6.0,1.0,5.0,-6120.045058171408,-765.163960407714,-3450.223852068798,6163.444872326018,-228.85520783498316,3450.223852068798
mond,6.0,1.0,10.0,-6051.151259448199,-1240.30901793083,-3418.3945214961495,6174.598075661723,-170.69454799910886,3418.3945214961495
mond,6.0,1.0,15.0,-5935.4268712884095,-1682.2459607200904,-3388.4233692236025,6168.579398208743,-88.72330452729238,3388.4233692236025
mond,6.0,1.0,20.0,-5780.25861053721,-2114.9264641629197,-3401.0508756835056,6155.013814952276,-10.415913443361205,3401.0508756835056
mond,6.0,1.0,25.0,-5573.759168435547,-2550.8023488267945,-3408.6955632717422,6129.556992125331,43.76037919241617,3408.6955632717422
mond,6.0,1.0,30.0,-5334.3971794054505,-2954.3911852642077,-3408.336416123907,6096.91906387328,108.6207705471029,3408.336416123907
mond,6.0,1.0,35.0,-5073.368965621352,-3323.2876041899926,-3410.5732930245513,6062.02002060196,187.6870568625891,3410.5732930245513
mond,6.0,1.0,40.0,-4796.191676936539,-3662.1753937084704,-3433.282184330724,6028.096949825456,277.5434735390827,3433.282184330724
mond,6.0,1.0,45.0,-4504.969416299967,-3969.5537211835635,-3470.6757603336637,5992.392777836902,378.59606877051783,3470.6757603336637
mond,6.0,1.0,50.0,-4212.637578725013,-4236.657488947749,-3573.5535340437327,5953.299166511168,503.79666767518256,3573.5535340437327
mond,6.0,1.0,55.0,-3866.176417318301,-4512.247021341217,-3736.341961752679,5913.764063618458,578.8677493916589,3736.341961752679
mond,6.0,1.0,60.0,-3462.8846662156548,-4772.869166193139,-3898.4759235840534,5864.8682799705375,612.5115082217835,3898.4759235840534
mond,6.0,1.0,65.0,-3020.668680445576,-5001.37686763978,-4060.4936553883817,5809.376548071383,623.9823490334788,4060.4936553883817
mond,6.0,1.0,70.0,-2531.0747359662796,-5197.811039019079,-4215.954512983968,5750.02322156893,600.6761755001053,4215.954512983968
mond,6.0,1.0,75.0,-2006.999390982096,-5351.6361146153795,-4350.136292854844,5688.733201903607,553.5071961751212,4350.136292854844
mond,6.0,1.0,80.0,-1465.0417465113064,-5455.346974614161,-4462.918155503661,5626.869825459384,495.47340976832936,4462.918155503661
mond,6.0,1.0,85.0,-910.4244536923702,-5513.284435552458,-4564.118262562933,5571.6534432462895,426.4456138217355,4564.118262562933
mond,6.0,1.0,90.0,-346.63581940998847,-5537.353853920467,-4636.321489266571,5537.353853920467,346.63581940998813,4636.321489266571
mond,6.0,1.0,95.0,195.3230006254472,-5528.092983312106,-4696.542637110721,5524.080441728913,287.2253123002433,4696.542637110721
mond,6.0,1.0,100.0,732.126721983815,-5485.454925983579,-4771.751456158575,5529.251011001389,231.5351795740603,4771.751456158575
mond,6.0,1.0,105.0,1300.2367046746185,-5391.448426998407,-4820.820660690403,5544.265299054467,139.4773202610097,4820.820660690403
mond,6.0,1.0,110.0,1856.7400997621596,-5295.765117203918,-4795.51369632996,5611.4339170911135,66.49337394136774,4795.51369632996
mond,6.0,1.0,115.0,2346.1334547116467,-5204.0425029513,-4762.972787595565,5707.9830869364,73.00437718963349,4762.972787595565
mond,6.0,1.0,120.0,2808.4455010215906,-5060.012161948054,-4780.429916480216,5786.321826216029,97.82093194521303,4780.429916480216
mond,6.0,1.0,125.0,3289.2551092762287,-4851.9998686356175,-4813.052973425643,5861.164835110915,88.59274687612788,4813.052973425643
mond,6.0,1.0,130.0,3773.198813946242,-4592.288749235182,-4850.581003488639,5943.262724038003,61.428323904632634,4850.581003488639
mond,6.0,1.0,135.0,4265.408283789222,-4257.109621706521,-4897.593346630524,6026.330203759811,-5.868040233454394,4897.593346630524
mond,6.0,1.0,140.0,4743.437386312867,-3831.6502248347547,-4902.066060479216,6096.621140244203,-113.80841653556809,4902.066060479216
mond,6.0,1.0,145.0,5183.949193240868,-3342.7584094131225,-4839.9696910374605,6163.770035187197,-235.16371984899888,4839.9696910374605
mond,6.0,1.0,150.0,5541.630390870631,-2842.792631336848,-4705.924094107549,6220.589012546279,-308.8845590063943,4705.924094107549
mond,6.0,1.0,155.0,5808.288938150663,-2359.635385458808,-4592.961776756225,6261.322498949227,-316.1330503204217,4592.961776756225
mond,6.0,1.0,160.0,6035.481249443837,-1838.255994662028,-4510.812176721672,6300.217771757665,-336.86056867480056,4510.812176721672
mond,6.0,1.0,165.0,6215.083822123909,-1284.1086918571946,-4403.420143092092,6335.661761775184,-368.22831084710174,4403.420143092092
mond,6.0,1.0,170.0,6329.699865916255,-740.6959965889691,-4272.047481784412,6362.158012207527,-369.69768682904976,4272.047481784412
mond,6.0,1.0,175.0,6363.945960080518,-226.91351876817617,-4153.312470814265,6359.50604064232,-328.60439263457727,4153.312470814265
mond,6.0,1.0,180.0,6350.76774023717,261.1358836349682,-4088.7133188932785,6350.76774023717,-261.135883634969,4088.7133188932785
mond,6.0,1.0,185.0,6309.77236030359,786.9960380427807,-4054.7670350157073,6354.3529957353585,-234.06838388652568,4054.7670350157073
mond,6.0,1.0,190.0,6219.41982501091,1318.8201046914037,-4011.804454332021,6353.943570758747,-218.79334516974222,4011.804454332021
mond,6.0,1.0,195.0,6069.941896543056,1830.6203743460094,-3977.2890648457287,6336.913059178439,-197.22693222071507,3977.2890648457287
mond,6.0,1.0,200.0,5868.271120985719,2333.230452263708,-3953.2545859735546,6312.382882856378,-185.4525087117563,3953.2545859735546
mond,6.0,1.0,205.0,5616.761386761367,2815.9832871761782,-3918.7064381159125,6280.600544665857,-178.4016474474647,3918.7064381159125
mond,6.0,1.0,210.0,5322.497261525314,3242.754621210168,-3893.5324837550597,6230.795150659113,-147.0592494447328,3893.5324837550597
mond,6.0,1.0,215.0,4980.666009376342,3632.178162873626,-3898.6986043958223,6163.25455035447,-118.51350702689706,3898.6986043958223
mond,6.0,1.0,220.0,4596.501422116718,3993.7310016487213,-3902.9868783613274,6088.2451764818015,-104.80127908180975,3902.9868783613274
mond,6.0,1.0,225.0,4184.731825987736,4324.311880792945,-3882.234469420266,6016.8025064773365,-98.69800327115445,3882.234469420266
mond,6.0,1.0,230.0,3765.991651484531,4604.452081210117,-3828.8403460021964,5947.947702175828,-74.76776974507584,3828.8403460021964
mond,6.0,1.0,235.0,3370.7296588078116,4835.433268427167,-3771.8277657136823,5894.326152456877,-12.350491559792772,3771.8277657136823
mond,6.0,1.0,240.0,3001.9573005671414,5023.685597974834,-3730.9973065328495,5851.617998755796,87.92848437988232,3730.9973065328495
mond,6.0,1.0,245.0,2654.1786029225104,5187.126103732496,-3739.5413769033416,5822.837127670309,213.32851862549524,3739.5413769033416
mond,6.0,1.0,250.0,2298.799609753909,5345.324729300268,-3798.2598463549007,5809.197975832918,331.9562999137563,3798.2598463549007
mond,6.0,1.0,255.0,1915.1982016418342,5485.850865843655,-3900.4486577483945,5794.614800219638,430.0967227557355,3900.4486577483945
mond,6.0,1.0,260.0,1495.292235307616,5607.733374029083,-4018.369774715558,5782.194075309828,498.8027051077181,4018.369774715558
mond,6.0,1.0,265.0,1072.6202441989656,5688.795724855245,-4173.03243815694,5760.633153697118,572.7273835974211,4173.03243815694
mond,6.0,1.0,270.0,594.8001364821394,5739.913236350563,-4390.77602027767,5739.913236350563,594.8001364821383,4390.77602027767
mond,6.0,1.0,275.0,22.938683042662948,5744.453464316897,-4617.150236696256,5720.5948466290165,523.5135027902036,4617.150236696256
mond,6.0,1.0,280.0,-607.8667291544567,5679.734436689899,-4784.53482120559,5699.001458084667,387.6436668938269,4784.53482120559
mond,6.0,1.0,285.0,-1249.6206464585214,5558.9048165339045,-4885.618236063381,5692.915350629583,231.70958095277888,4885.618236063381
mond,6.0,1.0,290.0,-1881.4840428440893,5403.299201979059,-4920.30242658034,5720.945829996604,80.02049630532201,4920.30242658034
mond,6.0,1.0,295.0,-2495.682277788357,5216.885555116333,-4922.316743548567,5782.8249087769345,-57.10517732552216,4922.316743548567
mond,6.0,1.0,300.0,-3099.2707854973146,4974.414606208045,-4861.863610205748,5857.6048106811895,-196.8399303436031,4861.863610205748
mond,6.0,1.0,305.0,-3649.3718608796867,4670.251738607775,-4766.796625367947,5918.839965907933,-310.64407111739274,4766.796625367947
mond,6.0,1.0,310.0,-4148.683408929082,4306.498207181838,-4660.063219957961,5965.691312685216,-409.9121829562423,4660.063219957961
mond,6.0,1.0,315.0,-4586.442784933596,3880.3080616401835,-4528.704675503628,5986.896938229262,-499.31265127206007,4528.704675503628
mond,6.0,1.0,320.0,-4953.281850239837,3416.7327700883934,-4364.591773243369,5990.667526801103,-566.539048470659,4364.591773243369
mond,6.0,1.0,325.0,-5248.500226963031,2959.824042797937,-4194.119052258859,5997.005017062192,-585.8701409754763,4194.119052258859
mond,6.0,1.0,330.0,-5498.03232673037,2507.0682178299903,-4060.0274792904875,6014.96977469156,-577.8313977038379,4060.0274792904875
mond,6.0,1.0,335.0,-5707.143092765424,2022.1793173144197,-3939.9060174375572,6027.038134717148,-579.226031303446,3939.9060174375572
mond,6.0,1.0,340.0,-5864.401086671993,1548.0669318378916,-3812.8121267412357,6040.204500379458,-551.0362278520131,3812.8121267412357
mond,6.0,1.0,345.0,-5980.946636466116,1079.561730109898,-3725.225434002313,6056.561957935625,-505.20634107283354,3725.225434002313
mond,6.0,1.0,350.0,-6074.093863115202,592.1732554086976,-3631.288304934538,6084.644535584538,-471.5785172548764,3631.288304934538
mond,6.0,1.0,355.0,-6122.8339563784375,133.7269436328397,-3535.169101865171,6111.189795738,-400.4220689496974,3535.169101865171
mond,7.0,1.0,0.0,-5420.835578757458,-297.9058964647011,-2565.3708059101773,5420.835578757458,-297.9058964647011,2565.3708059101773
mond,7.0,1.0,5.0,-5382.5575192963925,-686.0496430604255,-2504.970387896701,5421.868429099622,-214.31821856826087,2504.970387896701
mond,7.0,1.0,10.0,-5305.481650445331,-1071.565774281045,-2463.8977427041973,5410.954906776725,-133.99906212933308,2463.8977427041973
mond,7.0,1.0,15.0,-5193.794613677958,-1449.735470109223,-2438.45297880181,5392.039503817517,-56.0839694950771,2438.45297880181
mond,7.0,1.0,20.0,-5055.484745834497,-1822.2467681699095,-2433.6672361020774,5373.846810980609,16.725776050812556,2433.6672361020774
mond,7.0,1.0,25.0,-4882.64399563872,-2186.7674224448774,-2432.8653512197116,5349.346121479959,81.61017473564334,2432.8653512197116
mond,7.0,1.0,30.0,-4681.288338828404,-2527.9696564756587,-2442.3378934622474,5318.0994521030825,151.3582269100607,2442.3378934622474
mond,7.0,1.0,35.0,-4454.733420171006,-2840.491899936709,-2470.047148618229,5278.343209345282,228.3353734161151,2470.047148618229
mond,7.0,1.0,40.0,-4206.590075763704,-3135.812555090802,-2519.1962845295916,5238.096408730082,301.7721972412364,2519.1962845295916
mond,7.0,1.0,45.0,-3946.5959688758026,-3419.385122273665,-2577.575943314017,5208.5351796436735,372.7943647474722,2577.575943314017
mond,7.0,1.0,50.0,-3689.3582220791977,-3684.7080599199353,-2657.4058816824795,5194.123886665045,457.72767847042087,2657.4058816824795
mond,7.0,1.0,55.0,-3409.0192888296424,-3952.1834212305184,-2779.153717423747,5192.772264044925,525.6258369103207,2779.153717423747
mond,7.0,1.0,60.0,-3090.308490104995,-4211.460713164539,-2921.703146780463,5192.386209693117,570.5553013793874,2921.703146780463
mond,7.0,1.0,65.0,-2727.6642369853826,-4449.64610522924,-3091.213395126828,5185.509633173594,591.6016360479796,3091.213395126828
mond,7.0,1.0,70.0,-2309.1840217861313,-4674.794460248884,-3268.520854088947,5182.657308083357,571.0493139967878,3268.520854088947
mond,7.0,1.0,75.0,-1851.5012619026234,-4875.720548557017,-3417.585253158472,5188.788188231274,526.4835497142785,3417.585253158472
mond,7.0,1.0,80.0,-1383.5399269919099,-5028.957718639403,-3565.3164042725225,5192.8057379382535,489.25150329780104,3565.3164042725225
mond,7.0,1.0,85.0,-869.0629324262695,-5125.7807927338445,-3720.2030981800945,5182.01947467203,419.0146534387165,3720.2030981800945
mond,7.0,1.0,90.0,-304.66808894411224,-5175.628197249549,-3826.9385680121923,5175.628197249549,304.6680889441119,3826.9385680121923
mond,7.0,1.0,95.0,259.7112345476975,-5199.346196629758,-3858.3502694912054,5202.196440172963,194.4299246782005,3858.3502694912054
mond,7.0,1.0,100.0,782.6474100719797,-5207.987202048053,-3888.0498479089492,5264.771470680022,133.60024963452918,3888.0498479089492
mond,7.0,1.0,105.0,1357.0627228079975,-5175.142346254342,-3916.191441518798,5350.037325030666,28.60346847276014,3916.191441518798
mond,7.0,1.0,110.0,1914.8374758851824,-5063.849642080925,-3841.8383942799173,5413.37512938042,-67.42006572946661,3841.8383942799173
mond,7.0,1.0,115.0,2361.9211915614646,-4909.760248327454,-3721.5811048609585,5447.944973888396,-65.67322656730585,3721.5811048609585
mond,7.0,1.0,120.0,2751.848902418981,-4745.774105979679,-3677.4032478072368,5485.885387610275,-10.284003881324224,3677.4032478072368
mond,7.0,1.0,125.0,3167.867383276275,-4519.726598187357,-3697.2581279927863,5519.357367064823,-2.556367577838955,3697.2581279927863
mond,7.0,1.0,130.0,3599.525753184441,-4216.013540954574,-3708.4375982109336,5543.384300057183,-47.395434694321466,3708.4375982109336
mond,7.0,1.0,135.0,4026.5133492018426,-3865.5302559289657,-3687.0727751706745,5580.517550607921,-113.83223690963814,3687.0727751706745
mond,7.0,1.0,140.0,4429.348630097367,-3476.3715012946896,-3647.282378255191,5627.646432422365,-184.07534762465912,3647.282378255191
mond,7.0,1.0,145.0,4784.649230686938,-3033.0079233521233,-3575.998481287166,5659.0170746237545,-259.8674141685856,3575.998481287166
mond,7.0,1.0,150.0,5055.927401270077,-2576.7888363519965,-3480.5551647030734,5666.9559873657245,-296.3991081660665,3480.5551647030734
mond,7.0,1.0,155.0,5278.200486842356,-2118.346035651058,-3400.1241397253516,5678.925922118016,-310.7904071194598,3400.1241397253516
mond,7.0,1.0,160.0,5464.926683033987,-1643.1383182441607,-3312.5717572556705,5697.337680292814,-325.0700548109512,3312.5717572556705
mond,7.0,1.0,165.0,5588.6930864255155,-1151.6854629148784,-3212.144571203259,5696.3411191516525,-334.01747560855097,3212.144571203259
mond,7.0,1.0,170.0,5647.006424451949,-681.5472423982329,-3102.3674205227026,5679.5651447464015,-309.3993665216583,3102.3674205227026
mond,7.0,1.0,175.0,5665.735466404532,-235.0013171028154,-3030.8356633432313,5664.657346761332,-259.6943166438349,3030.8356633432313
mond,7.0,1.0,180.0,5658.13703998315,215.79945371886424,-2986.9124452058895,5658.13703998315,-215.79945371886492,2986.9124452058895
mond,7.0,1.0,185.0,5608.008095353594,682.8545639411313,-2945.183459592083,5646.182628155757,-191.48598528048484,2945.183459592083
mond,7.0,1.0,190.0,5508.417180778508,1132.942266488484,-2902.9514632442797,5621.465306433892,-159.20372248168349,2902.9514632442797
mond,7.0,1.0,195.0,5367.6642901809355,1570.8899590148583,-2878.0444033345902,5591.341803888709,-128.10943565509797,2878.0444033345902
mond,7.0,1.0,200.0,5185.665332619673,2007.4702566920787,-2858.000103209969,5559.526711843851,-112.80298635920803,2858.000103209969
mond,7.0,1.0,205.0,4968.64390310274,2411.1273560983486,-2831.5221261456372,5522.10711246392,-85.3838488312199,2831.5221261456372
mond,7.0,1.0,210.0,4722.389914998736,2785.294689332215,-2824.353667531017,5482.3569776304485,-50.94100048821565,2824.353667531017
mond,7.0,1.0,215.0,4449.446888725263,3134.1664921626716,-2828.619387770934,5442.457562360118,-15.260999028824244,2828.619387770934
mond,7.0,1.0,220.0,4140.475823198378,3463.039754328856,-2848.46018924358,5397.787542164098,8.604197254860537,2848.46018924358
mond,7.0,1.0,225.0,3796.0361940847088,3761.3335078044993,-2861.853401986201,5343.867364139616,24.538504794124492,2861.853401986201
mond,7.0,1.0,230.0,3429.993953150191,4019.1212775530407,-2868.7892655967194,5283.583135275449,44.08644870376975,2868.7892655967194
mond,7.0,1.0,235.0,3059.043485616159,4234.834268432368,-2861.4676497591463,5223.568409334051,76.820576586671,2861.4676497591463
mond,7.0,1.0,240.0,2709.479503359099,4413.298352351319,-2861.653289077204,5176.7682392957995,139.82890476656212,2861.653289077204
mond,7.0,1.0,245.0,2374.260617996914,4571.573453628172,-2885.9084238386904,5146.658515330498,219.7804601527896,2885.9084238386904
mond,7.0,1.0,250.0,2045.4983679008042,4713.912910250673,-2940.8172821233275,5129.230821751838,309.88655295735043,2940.8172821233275
mond,7.0,1.0,255.0,1695.8541047502472,4845.93293677984,-3037.6727276017286,5119.731116125127,383.8495420683789,3037.6727276017286
mond,7.0,1.0,260.0,1317.5699558880092,4962.844849491101,-3143.802618104131,5116.241706564191,435.7641435366236,3143.802618104131
mond,7.0,1.0,265.0,930.4725859814289,5073.046494345461,-3280.684994970198,5134.83805017741,484.7867216663328,3280.684994970198
mond,7.0,1.0,270.0,488.9551305918576,5167.013537281309,-3454.746833196783,5167.013537281309,488.95513059185663,3454.746833196783
mond,7.0,1.0,275.0,-28.177577917369337,5217.515456823292,-3630.0582846023945,5200.117073031313,426.66608121046914,3630.0582846023945
mond,7.0,1.0,280.0,-610.5125564980191,5216.369745513124,-3780.0396193211664,5243.135760838303,304.5756013947083,3780.0396193211664
mond,7.0,1.0,285.0,-1235.8025882607803,5154.370160115755,-3847.754307878239,5298.588501738407,140.35552675012082,3847.754307878239
mond,7.0,1.0,290.0,-1824.3554788962674,5022.996719045983,-3859.604014436103,5344.03927348841,3.6326765633077684,3859.604014436103
mond,7.0,1.0,295.0,-2389.6915908886995,4813.718119487067,-3821.3923918353844,5372.637522528297,-131.4309132710946,3821.3923918353844
mond,7.0,1.0,300.0,-2889.5066958788298,4560.557764163719,-3741.834995824437,5394.312227131557,-222.10732095444246,3741.834995824437
mond,7.0,1.0,305.0,-3343.6784275756763,4247.406584248465,-3657.773318088421,5397.12694320638,-302.76868706641335,3657.773318088421
mond,7.0,1.0,310.0,-3743.5986543493173,3891.486638952099,-3558.9501485472492,5387.390545895947,-366.3635516528543,3558.9501485472492
mond,7.0,1.0,315.0,-4071.6400301038016,3505.895332894062,-3469.97507615247,5358.126639856657,-400.04191181733813,3469.97507615247
mond,7.0,1.0,320.0,-4360.295254224347,3081.229678753861,-3396.6333692769435,5320.756209958031,-442.3848906077619,3396.6333692769435
mond,7.0,1.0,325.0,-4620.738422118314,2633.422907145753,-3316.3240895575823,5295.55665108878,-493.1729196030774,3316.3240895575823
mond,7.0,1.0,330.0,-4854.441007077521,2195.0654031856575,-3198.7611038920595,5301.601934894876,-526.2381014116529,3198.7611038920595
mond,7.0,1.0,335.0,-5045.834007725922,1783.169803463195,-3088.1807856136957,5326.678776024471,-516.3609188899284,3088.1807856136957
mond,7.0,1.0,340.0,-5198.069695125903,1362.7916830690103,-2995.343624666927,5350.689941606961,-497.2392538954184,2995.343624666927
mond,7.0,1.0,345.0,-5314.370245063963,930.2221551666811,-2895.8560551999453,5374.046680102896,-476.9346282869293,2895.8560551999453
mond,7.0,1.0,350.0,-5386.0554171962285,493.8892678560682,-2774.917712034685,5389.9921043407085,-448.8927278950445,2774.917712034685
mond,7.0,1.0,355.0,-5420.852582761189,88.82732116191399,-2654.0771523719363,5407.966413235793,-383.9691267889219,2654.0771523719363
mond,8.0,1.0,0.0,-4764.544705032728,-248.75798515743008,-1882.784504945048,4764.544705032728,-248.75798515743008,1882.784504945048
mond,8.0,1.0,5.0,-4711.583882954659,-577.9573987693277,-1834.9402239007582,4744.027190180196,-165.11650354009237,1834.9402239007582
mond,8.0,1.0,10.0,-4631.549700599369,-902.6291522004608,-1805.9344216641514,4717.925961000286,-84.65602189895287,1805.9344216641514
mond,8.0,1.0,15.0,-4524.22247440894,-1222.8623627444626,-1801.1839463271358,4686.563400926362,-10.239397513862059,1801.1839463271358
mond,8.0,1.0,20.0,-4391.719798874423,-1545.225012668901,-1803.3062124768826,4655.364767865095,50.020093198429095,1803.3062124768826
mond,8.0,1.0,25.0,-4241.572112113956,-1853.1118670466467,-1813.9120278732864,4627.328750548684,113.07611771502616,1813.9120278732864
mond,8.0,1.0,30.0,-4070.8852864299843,-2138.790112497411,-1837.52813859298,4594.885130189363,183.19607242925645,1837.52813859298
mond,8.0,1.0,35.0,-3880.7377626845628,-2411.5104985556213,-1888.8175956692812,4562.099869637215,250.50598161734,1888.8175956692812
mond,8.0,1.0,40.0,-3672.119696455356,-2682.9451942270566,-1957.219217026255,4537.570816254572,305.13778493699465,1957.219217026255
mond,8.0,1.0,45.0,-3445.4152305765997,-2951.132201489593,-2019.8355156650612,4523.0420653954025,349.51088169285003,2019.8355156650612
mond,8.0,1.0,50.0,-3213.9386474428156,-3197.0706368221267,-2097.8987601099175,4514.978136465399,406.9824487569763,2097.8987601099175
mond,8.0,1.0,55.0,-2960.490360956017,-3444.0184580221376,-2202.51442100038,4519.242271546629,449.6838973954143,2202.51442100038
mond,8.0,1.0,60.0,-2685.4707686359416,-3692.0803917979038,-2320.1879503947976,4540.170796429359,479.6457108602958,2320.1879503947976
mond,8.0,1.0,65.0,-2379.609920819717,-3939.1445553434733,-2466.455910619078,4575.7439931285635,491.9045766239765,2466.455910619078
mond,8.0,1.0,70.0,-2011.5023209097915,-4188.370112050504,-2612.518834170125,4623.754799511589,457.6869416281984,2612.518834170125
mond,8.0,1.0,75.0,-1605.9649041667367,-4410.459590999614,-2709.6848970168885,4675.831127715445,409.73203724272526,2709.6848970168885
mond,8.0,1.0,80.0,-1202.4448120231987,-4578.981595581015,-2799.7771652085066,4718.218926581278,389.04516380669645,2799.7771652085066
mond,8.0,1.0,85.0,-756.495700264394,-4714.323796997409,-2925.835543459942,4762.317316298519,342.7366136523226,2925.835543459942
mond,8.0,1.0,90.0,-235.0014647749049,-4815.400993038962,-3044.8917446916676,4815.400993038962,235.0014647749046,3044.8917446916676
mond,8.0,1.0,95.0,329.6181901912945,-4861.9569011931635,-3081.1032861625895,4872.183805508464,95.3835714674288,3081.1032861625895
mond,8.0,1.0,100.0,867.5598214416234,-4865.884544274334,-3033.000570820648,4942.611006474023,-9.427654506677754,3033.000570820648
mond,8.0,1.0,105.0,1366.0830672609513,-4812.31733967221,-2952.318475678965,5001.909917687292,-74.01553693927417,2952.318475678965
mond,8.0,1.0,110.0,1813.3099493879338,-4690.652970295986,-2853.567427880572,5027.960511638164,-99.65617744590372,2853.567427880572
mond,8.0,1.0,115.0,2187.6698147394,-4529.7799221937885,-2780.96349064011,5029.924031414264,-68.33447177788457,2780.96349064011
mond,8.0,1.0,120.0,2544.2900437187395,-4341.661652878401,-2772.4303710462154,5032.134307888799,-32.58898601704914,2772.4303710462154
mond,8.0,1.0,125.0,2913.4298231258617,-4113.104870279178,-2794.6980560689417,5040.332958371587,-27.361961673202586,2794.6980560689417
mond,8.0,1.0,130.0,3299.0012146133677,-3829.130851705536,-2819.65389377787,5053.8415160187815,-65.86368095254511,2819.65389377787
mond,8.0,1.0,135.0,3685.861529453529,-3484.8909579117158,-2810.4901411297215,5070.487710026267,-142.10765395615272,2810.4901411297215
mond,8.0,1.0,140.0,4034.5248976811486,-3115.9113731524094,-2752.259038441286,5093.494602037546,-206.4160225466685,2752.259038441286
mond,8.0,1.0,145.0,4319.21775313688,-2728.8006900084083,-2684.8363839316953,5103.271827498679,-242.09886299082382,2684.8363839316953
mond,8.0,1.0,150.0,4563.932022459405,-2320.2718402344017,-2605.0728565409345,5112.6169927123365,-272.5516539010416,2605.0728565409345
mond,8.0,1.0,155.0,4758.684894518534,-1905.4212983881348,-2515.900931270359,5118.099012964326,-284.208977978496,2515.900931270359
mond,8.0,1.0,160.0,4886.099127604002,-1487.6781661000077,-2425.592454422653,5100.247194229938,-273.1841291380565,2425.592454422653
mond,8.0,1.0,165.0,4962.4889529210195,-1062.2747341114684,-2356.2156025925233,5068.333174619874,-258.30805183420716,2356.2156025925233
mond,8.0,1.0,170.0,5001.9243888088795,-643.8670199062171,-2284.8613153397237,5037.7402527463855,-234.48982183192766,2284.8613153397237
mond,8.0,1.0,175.0,5007.150595723693,-236.22320825062656,-2230.4033450681563,5008.6850851761865,-201.07762159418124,2230.4033450681563
mond,8.0,1.0,180.0,4980.743827938893,166.5622812636684,-2179.9628015988637,4980.743827938893,-166.562281263669,2179.9628015988637
mond,8.0,1.0,185.0,4920.82684755988,559.533088859496,-2146.23190364817,4950.868137718111,-128.52557769703003,2146.23190364817
mond,8.0,1.0,190.0,4825.741320249482,943.821649083797,-2128.1553512841374,4916.320375619057,-91.50169132516112,2128.1553512841374
mond,8.0,1.0,195.0,4697.100254565867,1321.0900826315485,-2126.2823405518157,4878.9737182352355,-60.37602703062703,2126.2823405518157
mond,8.0,1.0,200.0,4534.601697865882,1699.6237026097774,-2125.474054455778,4842.43729605412,-46.19872882632194,2125.474054455778
mond,8.0,1.0,205.0,4346.638304316655,2051.20586763727,-2118.1399781425357,4806.269200887151,-22.055126069080416,2118.1399781425357
mond,8.0,1.0,210.0,4136.103663667845,2375.9154755911163,-2121.972438190318,4769.928583217799,10.448672727429766,2121.972438190318
mond,8.0,1.0,215.0,3900.877360279209,2679.065989656936,-2140.5656116177674,4732.060787290075,42.88895273883463,2140.5656116177674
mond,8.0,1.0,220.0,3640.9645588322333,2966.705096762189,-2169.0496798928066,4696.101945679215,67.73895197775119,2169.0496798928066
mond,8.0,1.0,225.0,3357.3306650759077,3232.931231043642,-2200.515416536654,4660.018876541449,87.9636833799832,2200.515416536654
mond,8.0,1.0,230.0,3059.486287549647,3469.3715189132577,-2238.1680159940574,4624.292650821531,113.63344361930649,2238.1680159940574
mond,8.0,1.0,235.0,2741.1300737600427,3674.7762249233756,-2280.1445808889302,4582.448076232533,137.63725210347184,2280.1445808889302
mond,8.0,1.0,240.0,2418.332150310055,3858.4157263379698,-2314.830609286063,4550.6521125250965,165.12921378816804,2314.830609286063
mond,8.0,1.0,245.0,2111.75625312069,4023.1128259954803,-2348.393886692437,4538.645239240645,213.66018721769888,2348.393886692437
mond,8.0,1.0,250.0,1812.7891513047477,4168.6951834479205,-2405.182085046169,4537.302507540237,277.6868643979392,2405.182085046169
mond,8.0,1.0,255.0,1497.5809452385954,4302.907366076551,-2496.4929688657244,4543.891823233194,332.87773631181926,2496.4929688657244
mond,8.0,1.0,260.0,1147.206865323988,4429.699810145996,-2597.159450170332,4561.613098118984,360.56891563649606,2597.159450170332
mond,8.0,1.0,265.0,777.5301662002197,4539.182422432974,-2707.7627680028227,4589.6756820428645,378.9556136807921,2707.7627680028227
mond,8.0,1.0,270.0,367.2620813200738,4630.717099200028,-2836.545861063045,4630.717099200028,367.2620813200729,2836.545861063045
mond,8.0,1.0,275.0,-107.60940502750083,4701.889831718919,-2973.005974147963,4693.376498991682,302.5967818479189,2973.005974147963
mond,8.0,1.0,280.0,-651.4647391310865,4720.608936652688,-3059.8723738700455,4762.017944518658,178.15761341759355,3059.8723738700455
mond,8.0,1.0,285.0,-1199.5884367742876,4667.545287259608,-3081.100490515375,4818.978872059831,49.33616222328487,3081.100490515375
mond,8.0,1.0,290.0,-1725.444519223231,4546.289557370191,-3035.729942969624,4862.251530782021,-66.46487627781471,3035.729942969624
mond,8.0,1.0,295.0,-2188.5756509842363,4374.213244761466,-2967.8911723405367,4889.315563193146,-134.90075702158242,2967.8911723405367
mond,8.0,1.0,300.0,-2602.0252864825216,4132.399124674322,-2917.273221213205,4879.775263785801,-187.2204370461841,2917.273221213205
mond,8.0,1.0,305.0,-2979.0942527362017,3836.300519758016,-2864.247706276502,4851.251678305013,-239.91956636397754,2864.247706276502
mond,8.0,1.0,310.0,-3299.679727157852,3512.191134337754,-2809.775829402137,4811.487746182105,-270.10837505839845,2809.775829402137
mond,8.0,1.0,315.0,-3592.5168153144155,3167.508161615214,-2791.6417901295454,4780.059502177375,-300.52650109367187,2791.6417901295454
mond,8.0,1.0,320.0,-3883.894411540554,2789.8263587804904,-2761.898125254376,4768.501548222507,-359.38822565841565,2761.898125254376
mond,8.0,1.0,325.0,-4156.748197765103,2384.398975585281,-2696.457261013082,4772.643851049157,-431.0275228314829,2696.457261013082
mond,8.0,1.0,330.0,-4389.8961316273535,1972.1463708754272,-2578.012075635235,4787.834755402037,-487.019208654272,2578.012075635235
mond,8.0,1.0,335.0,-4571.388097693665,1581.0208793893923,-2428.326846309997,4811.252926329724,-499.0605571312801,2428.326846309997
mond,8.0,1.0,340.0,-4701.983508882704,1212.7930293645172,-2287.1640247878204,4833.2188520817335,-468.52041338856816,2287.1640247878204
mond,8.0,1.0,345.0,-4780.437135070239,844.354935561243,-2174.20492627979,4836.082827865228,-421.68393565826227,2174.20492627979
mond,8.0,1.0,350.0,-4809.353065907929,458.2396044913792,-2076.728335678074,4815.860658533904,-383.85748041141835,2076.728335678074
mond,8.0,1.0,355.0,-4795.822094039458,88.65337074616096,-1968.9641850462663,4785.299193447825,-329.66741878635156,1968.9641850462663
mond,9.0,1.0,0.0,-4185.3687868797515,-188.50533678369538,-1440.2440129764218,4185.3687868797515,-188.50533678369538,1440.2440129764218
mond,9.0,1.0,5.0,-4127.899243663139,-472.87880503481256,-1400.5366811528036,4153.40544427658,-111.3092338466833,1400.5366811528036
mond,9.0,1.0,10.0,-4051.5195644413934,-749.7335923431689,-1389.0682813703916,4120.157750588601,-34.804465286083655,1389.0682813703916
mond,9.0,1.0,15.0,-3956.725495607349,-1026.1578386151687,-1403.660132083375,4087.4925356583963,32.883556338530866,1403.660132083375
mond,9.0,1.0,20.0,-3840.167813694956,-1309.0120657990356,-1427.7330811869842,4056.285851468321,83.34576728349703,1427.7330811869842
mond,9.0,1.0,25.0,-3709.398036232635,-1577.9200634196404,-1449.150932394846,4028.714159824277,137.57810937841577,1449.150932394846
mond,9.0,1.0,30.0,-3565.926367077471,-1829.4208821375696,-1490.6735111017142,4002.893262982628,198.63822539386229,1490.6735111017142
mond,9.0,1.0,35.0,-3408.108992643464,-2080.6280943136967,-1549.972792750887,3985.1586961919083,250.46025383421738,1549.972792750887
mond,9.0,1.0,40.0,-3227.4863534368797,-2333.204541185188,-1613.0569892228566,3972.152956230861,287.2498649867389,1613.0569892228566
mond,9.0,1.0,45.0,-3030.615849531241,-2570.489063639742,-1681.3717524295002,3960.579266240491,325.35877050944964,1681.3717524295002
mond,9.0,1.0,50.0,-2821.8635945894657,-2800.455487609814,-1774.5526523955646,3959.132319313175,361.5748369607402,1774.5526523955646
mond,9.0,1.0,55.0,-2588.0868652200515,-3038.492009282619,-1886.2979349389257,3973.4525820794906,377.2292278770394,1886.2979349389257
mond,9.0,1.0,60.0,-2328.3811704106083,-3292.014962795116,-1989.7993070922712,4015.1591726243587,370.4297618713724,1989.7993070922712
mond,9.0,1.0,65.0,-2049.016481359555,-3556.5833822977315,-2086.5161718564846,4089.3109982518,353.96250606007675,2086.5161718564846
mond,9.0,1.0,70.0,-1729.593924670689,-3811.391428142167,-2165.5424466695167,4173.092361962934,321.714005445775,2165.5424466695167
mond,9.0,1.0,75.0,-1389.1771164487207,-4018.6483633402604,-2221.8525616550946,4241.261735682184,301.73932206506174,2221.8525616550946
mond,9.0,1.0,80.0,-1041.2158419309571,-4167.825947153236,-2313.7481555362538,4285.312539471205,301.66205313663284,2313.7481555362538
mond,9.0,1.0,85.0,-603.082945534919,-4287.857141650659,-2435.1384867925517,4324.102692743755,227.0766588750256,2435.1384867925517
mond,9.0,1.0,90.0,-99.53132020243174,-4415.610129547882,-2436.181253177153,4415.610129547882,99.53132020243147,2436.181253177153
mond,9.0,1.0,95.0,382.028992531299,-4469.160968287737,-2405.584141840836,4485.45048212202,8.937786772950005,2405.584141840836
mond,9.0,1.0,100.0,860.0857400618539,-4447.000495429867,-2321.687855731835,4528.792886947517,-74.8055729528237,2321.687855731835
mond,9.0,1.0,105.0,1272.8622830748848,-4370.485043057508,-2224.8477835691488,4551.005377151793,-98.32578705230412,2224.8477835691488
mond,9.0,1.0,110.0,1631.440054378913,-4246.276636120912,-2154.591104903235,4548.180182004344,-80.74003666791282,2154.591104903235
mond,9.0,1.0,115.0,1963.6527941230704,-4085.138645447778,-2132.671742930437,4532.268496008233,-53.21962504111957,2132.671742930437
mond,9.0,1.0,120.0,2295.043810273059,-3905.1881479944536,-2129.960181372496,4529.51404785763,-34.97216849747679,2129.960181372496
mond,9.0,1.0,125.0,2633.4395166468394,-3694.7804527294434,-2155.2206574073793,4537.065814356645,-37.94835839661346,2155.2206574073793
mond,9.0,1.0,130.0,2986.762776504069,-3436.2713792301056,-2182.6348664085936,4552.19070091779,-79.20036176596477,2182.6348664085936
mond,9.0,1.0,135.0,3349.1532180355516,-3126.6167218450382,-2159.6874808310554,4579.060837893567,-157.35706551780686,2159.6874808310554
mond,9.0,1.0,140.0,3645.944838598156,-2801.5827456411703,-2089.016242023251,4593.778459936177,-197.4312736150573,2089.016242023251
mond,9.0,1.0,145.0,3897.885831242414,-2456.237034774781,-2024.828622437028,4601.800832306899,-223.70387609316458,2024.828622437028
mond,9.0,1.0,150.0,4093.262045420156,-2089.5225991224115,-1936.7566906020033,4589.630215241714,-237.05137008838142,1936.7566906020033
mond,9.0,1.0,155.0,4225.711631296239,-1722.1016725996055,-1854.540109093151,4557.5869726299225,-225.10874829001023,1854.540109093151
mond,9.0,1.0,160.0,4313.621667545175,-1359.509419949658,-1798.457495673909,4518.458056518185,-197.82453117088744,1798.457495673909
mond,9.0,1.0,165.0,4376.175638118837,-984.9546722258675,-1763.3602373307187,4481.986096970793,-181.24444423178363,1763.3602373307187
mond,9.0,1.0,170.0,4402.24351310016,-608.9888021383313,-1721.6522928368847,4441.113338059626,-164.70466985246173,1721.6522928368847
mond,9.0,1.0,175.0,4397.887230656706,-252.28812310684677,-1683.866877394109,4403.14030074139,-131.97303747776846,1683.866877394109
mond,9.0,1.0,180.0,4357.281069121185,99.48373508846817,-1665.4138905940026,4357.281069121185,-99.4837350884687,1665.4138905940026
mond,9.0,1.0,185.0,4294.476548232918,447.00501501461287,-1649.474482169852,4317.0938225245,-71.01573270434022,1649.474482169852
mond,9.0,1.0,190.0,4209.407113066198,775.3485960826806,-1650.55315556349,4280.094631298698,-32.61343446719479,1650.55315556349
mond,9.0,1.0,195.0,4098.130756757455,1110.7049831046045,-1668.0846920726347,4245.961940579335,-12.184339399465443,1668.0846920726347
mond,9.0,1.0,200.0,3962.7906108784646,1441.5451587188193,-1677.071142893039,4216.84257655761,0.7448645245408443,1677.071142893039
mond,9.0,1.0,205.0,3805.3225861118326,1748.795002474736,-1685.444624419947,4187.866196066292,23.252288031574153,1685.444624419947
mond,9.0,1.0,210.0,3627.7517133833703,2030.7269756791904,-1708.9608939568068,4157.088630252118,55.21470760316288,1708.9608939568068
mond,9.0,1.0,215.0,3424.9608656288856,2300.4096673572635,-1744.565325756738,4125.0244738399715,80.09156623134845,1744.565325756738
mond,9.0,1.0,220.0,3202.540018354396,2558.5554329084175,-1785.606986160371,4097.895715896246,98.5858715321433,1785.606986160371
mond,9.0,1.0,225.0,2961.7166988014933,2806.735475000431,-1831.7453750171355,4078.9116490456217,109.58827430632027,1831.7453750171355
mond,9.0,1.0,230.0,2716.533597777963,3034.5286026486488,-1880.2089929610377,4070.7379114934665,130.42808010185354,1880.2089929610377
mond,9.0,1.0,235.0,2458.82466928802,3242.6807087084912,-1945.0749775468046,4066.572422937299,154.2260092701831,1945.0749775468046
mond,9.0,1.0,240.0,2170.34706212133,3436.240701183194,-2005.2643671921194,4061.0452718033634,161.4553402343961,2005.2643671921194
mond,9.0,1.0,245.0,1884.8844040377387,3612.8986953208105,-2034.1194255999808,4070.9847917603875,181.40844658161745,2034.1194255999808
mond,9.0,1.0,250.0,1619.744485661267,3763.4908343009984,-2083.102215362417,4090.509806524878,234.87226618209183,2083.102215362417
mond,9.0,1.0,255.0,1321.6020127155537,3910.832117599498,-2164.096336523566,4119.629515606731,264.3716819241963,2164.096336523566
mond,9.0,1.0,260.0,999.0598744492793,4045.6702007012004,-2235.494734158778,4157.692306359268,281.35865228788566,2235.494734158778
mond,9.0,1.0,265.0,649.4997747995337,4158.876108749038,-2320.297677021307,4199.657964843313,284.55829581356505,2320.297677021307
mond,9.0,1.0,270.0,246.90633444867763,4257.166529199316,-2412.1698537321126,4257.166529199316,246.90633444867683,2412.1698537321126
mond,9.0,1.0,275.0,-204.73196610654819,4322.197904889935,-2470.859910282033,4323.594203524808,172.75146953781078,2470.859910282033
mond,9.0,1.0,280.0,-692.0836525594477,4337.478493707677,-2482.177206753738,4391.761514187056,71.62588932828703,2482.177206753738
mond,9.0,1.0,285.0,-1159.3289077846157,4288.15505366835,-2453.5849531022614,4442.096114342808,-9.96953695066918,2453.5849531022614
mond,9.0,1.0,290.0,-1591.3525614290181,4157.762548760811,-2407.8991880141098,4451.293417192168,-73.34371620233082,2407.8991880141098
mond,9.0,1.0,295.0,-1974.3246442819236,3971.453027523973,-2366.347874864575,4433.744453973507,-110.9372241740507,2366.347874864575
mond,9.0,1.0,300.0,-2326.258748415021,3757.1004524076875,-2353.60276388376,4416.873810562575,-136.04894569935686,2353.60276388376
mond,9.0,1.0,305.0,-2660.0382362439964,3503.193695614911,-2348.303122685144,4395.383529405616,-169.62640332790193,2348.303122685144
mond,9.0,1.0,310.0,-2975.01043586125,3223.030447133169,-2354.238146482287,4381.284410889402,-207.26617555281155,2354.238146482287
mond,9.0,1.0,315.0,-3287.1869936395174,2914.3330577380875,-2335.2156881529977,4385.1368819934505,-263.64754646799656,2335.2156881529977
mond,9.0,1.0,320.0,-3568.5333422117897,2572.674343115607,-2279.4359926136713,4387.338328399304,-323.02613262855743,2279.4359926136713
mond,9.0,1.0,325.0,-3816.9122753953325,2194.0787565315713,-2188.3397601109027,4385.1033675067465,-392.0068420419334,2188.3397601109027
mond,9.0,1.0,330.0,-4011.216022864788,1806.8585360601792,-2045.9458239821365,4377.244243898177,-440.82261815952006,2045.9458239821365
mond,9.0,1.0,335.0,-4138.221799543859,1437.6289686323112,-1882.2429332977636,4358.07089716288,-445.95377447976216,1882.2429332977636
mond,9.0,1.0,340.0,-4209.728737602911,1097.3840167381147,-1735.3415243397494,4331.178468923901,-408.60836349992724,1735.3415243397494
mond,9.0,1.0,345.0,-4245.621211516381,776.3010580946259,-1625.2848763623142,4301.876675412483,-348.9983868425471,1625.2848763623142
mond,9.0,1.0,350.0,-4250.320530170114,454.7663547783309,-1558.3428339664551,4264.717959669977,-290.20298256958097,1558.3428339664551
mond,9.0,1.0,355.0,-4227.918129936353,123.1788106899767,-1504.3854663857305,4222.56536574502,-245.77726676429177,1504.3854663857305
mond,10.0,1.0,0.0,-3695.1926258421845,-124.1791211892014,-1148.0212914879885,3695.1926258421845,-124.1791211892014,1148.0212914879885
mond,10.0,1.0,5.0,-3637.7080770688435,-379.8074649537043,-1128.8627581834207,3656.9679012906463,-61.31503352645626,1128.8627581834207
mond,10.0,1.0,10.0,-3571.511163912684,-623.9631320584308,-1134.6866441161428,3625.6019450041626,5.7026750856121,1134.6866441161428
mond,10.0,1.0,15.0,-3491.116574161028,-871.0849532575029,-1162.7036192681721,3597.613037373233,62.164004822712855,1162.7036192681721
mond,10.0,1.0,20.0,-3394.5493254012845,-1125.421982888996,-1195.83611527017,3574.7499398629234,103.453514208765,1195.83611527017
mond,10.0,1.0,25.0,-3285.073292933115,-1368.834845052089,-1229.307488151003,3555.7821091974256,147.74628551237447,1229.307488151003
mond,10.0,1.0,30.0,-3168.764599298511,-1602.018331691501,-1277.165772869856,3545.2398074510784,196.99372707605016,1277.165772869856
mond,10.0,1.0,35.0,-3032.189374950253,-1822.8945155399651,-1342.1527489657526,3529.393465229139,245.96460709771804,1342.1527489657526
mond,10.0,1.0,40.0,-2865.919430453622,-2047.4549173963712,-1425.56029293255,3511.500306419868,273.7360382473755,1425.56029293255
mond,10.0,1.0,45.0,-2689.345918457537,-2281.0278337729715,-1509.8841458306044,3514.584985233818,288.7244865615594,1509.8841458306044
mond,10.0,1.0,50.0,-2508.383235541012,-2523.134467161254,-1605.0192551471337,3545.190801962037,299.6934657346919,1605.0192551471337
mond,10.0,1.0,55.0,-2301.7097896387045,-2784.3264563135144,-1700.3086541383846,3600.9932073124237,288.42623309228793,1700.3086541383846
mond,10.0,1.0,60.0,-2055.6316503991034,-3052.663304522467,-1770.0274334999524,3671.49979611656,253.89757780772152,1770.0274334999524
mond,10.0,1.0,65.0,-1784.506272255163,-3309.4067974788386,-1801.5901608254771,3753.5060898729453,218.6961824172365,1801.5901608254771
mond,10.0,1.0,70.0,-1495.888252686464,-3537.191404186544,-1814.543803899887,3835.4965754044492,195.88444153959085,1814.543803899887
mond,10.0,1.0,75.0,-1200.9042632579803,-3731.8438317142786,-1822.8114173965273,3915.501231406354,194.11218578550768,1822.8114173965273
mond,10.0,1.0,80.0,-898.723872715047,-3892.9345649253546,-1883.4775968306121,3989.8539042304305,209.06924469104263,1883.4775968306121
mond,10.0,1.0,85.0,-475.0450502855366,-4042.2061549679956,-1953.2498789830943,4068.2272443691722,120.93588067378721,1953.2498789830943
mond,10.0,1.0,90.0,-33.54669414975979,-4099.969563928187,-1904.4460552889104,4099.969563928187,33.54669414975954,1904.4460552889104
mond,10.0,1.0,95.0,388.3220792697436,-4089.0681879927292,-1861.8619328877678,4107.352548258047,-30.45862145015377,1861.8619328877678
mond,10.0,1.0,100.0,799.2729084905865,-4038.5119547078734,-1776.9127493470444,4115.950167646738,-85.84991563301185,1776.9127493470444
mond,10.0,1.0,105.0,1147.5341302075885,-3951.9886086679103,-1704.3526177928677,4114.331550115417,-85.5829349642039,1704.3526177928677
mond,10.0,1.0,110.0,1459.5258526471073,-3837.3933451384355,-1660.0636015960674,4105.157450789423,-59.039851677532624,1660.0636015960674
mond,10.0,1.0,115.0,1758.1377121264236,-3694.279673316952,-1666.4506538072608,4091.1755392180044,-32.143845261769,1666.4506538072608
mond,10.0,1.0,120.0,2078.0812538167734,-3520.23349418246,-1678.7388961371369,4087.6522601232573,-39.5544098423145,1678.7388961371369
mond,10.0,1.0,125.0,2400.191954880316,-3334.0234070559018,-1695.1756542043076,4107.765637635894,-53.804881996104996,1695.1756542043076
mond,10.0,1.0,130.0,2744.686886522051,-3102.9500133867778,-1685.8575108254884,4141.248338156398,-108.01431544004367,1685.8575108254884
mond,10.0,1.0,135.0,3044.2118314030768,-2827.7653679975288,-1642.2191222784336,4152.11489666896,-153.05076203790918,1642.2191222784336
mond,10.0,1.0,140.0,3292.7343630976425,-2526.3183531480286,-1572.171866955856,4146.266997045112,-181.25671460972876,1572.171866955856
mond,10.0,1.0,145.0,3486.6739785231675,-2216.9451630844173,-1501.8205699955377,4127.703623504134,-183.8588729020487,1501.8205699955377
mond,10.0,1.0,150.0,3627.2167411555465,-1895.7963985722558,-1446.9866017955978,4089.1600421590356,-171.8005290111505,1446.9866017955978
mond,10.0,1.0,155.0,3727.7791757772156,-1574.6460487909394,-1414.320606649085,4043.9894713568424,-148.31357957442333,1414.320606649085
mond,10.0,1.0,160.0,3803.7009291227637,-1242.1147967104273,-1397.5882783281018,3999.1379755709986,-133.73622830877048,1397.5882783281018
mond,10.0,1.0,165.0,3855.791128173806,-908.8910157257327,-1375.4395566427434,3959.6465362717367,-120.03087253712795,1375.4395566427434
mond,10.0,1.0,170.0,3881.932995634392,-579.6828209760384,-1353.2647920692837,3923.6185762619693,-103.21445413184927,1353.2647920692837
mond,10.0,1.0,175.0,3873.7552421906876,-268.58735909034357,-1337.3722652960855,3882.42336474962,-70.05471225549991,1337.3722652960855
mond,10.0,1.0,180.0,3838.9133152562936,37.474526689988124,-1357.008774310605,3838.9133152562936,-37.47452668998859,1357.008774310605
mond,10.0,1.0,185.0,3785.5216495120067,352.74221849934827,-1369.0258112224435,3801.8601068071475,-21.469976811612582,1369.0258112224435
mond,10.0,1.0,190.0,3714.942154157954,646.2615349507887,-1386.3836672619402,3770.7259732470643,8.649565114483039,1386.3836672619402
mond,10.0,1.0,195.0,3619.0621933799143,946.7015860253523,-1420.643248112082,3740.7700400241456,22.238709326513913,1420.643248112082
mond,10.0,1.0,200.0,3502.6333171521765,1243.0602108505514,-1436.8337869066866,3716.5503129243098,29.876641820811074,1436.8337869066866
mond,10.0,1.0,205.0,3371.021005173951,1521.6370995735738,-1454.2961228274937,3698.2542132752105,45.583485110607626,1454.2961228274937
mond,10.0,1.0,210.0,3229.4468727697713,1774.2665070979576,-1480.119351704038,3683.9162855398126,78.1635681541718,1480.119351704038
mond,10.0,1.0,215.0,3059.993343379724,2015.8497814793755,-1539.821998832459,3662.8437366201833,103.85260767531759,1539.821998832459
mond,10.0,1.0,220.0,2862.173309375887,2260.519666913969,-1605.389859692847,3645.585992235896,108.11101064172908,1605.389859692847
mond,10.0,1.0,225.0,2651.201462625631,2522.913087638279,-1660.4595961975742,3658.6514851275947,90.7135799009584,1660.4595961975742
mond,10.0,1.0,230.0,2447.5008805010057,2771.2389793117036,-1685.1681390440408,3696.115461339381,93.57636965466554,1685.1681390440408
mond,10.0,1.0,235.0,2241.6534048014514,2994.5841631557873,-1716.2537278842658,3738.7793105047085,118.63205647431028,1716.2537278842658
mond,10.0,1.0,240.0,2000.7285659768172,3201.822398717536,-1766.837795927157,3773.223818683823,131.77056485436424,1766.837795927157
mond,10.0,1.0,245.0,1728.0487411324234,3384.310875593281,-1780.9660592428907,3797.532255483602,135.87245103381974,1780.9660592428907
mond,10.0,1.0,250.0,1475.4865373536722,3534.7570623378697,-1804.1030896238822,3826.2312447305685,177.54569413798004,1804.1030896238822
mond,10.0,1.0,255.0,1184.0275506403277,3680.9659592462153,-1844.6403357473287,3861.9889657586396,190.97869557429078,1844.6403357473287
mond,10.0,1.0,260.0,886.3875305968015,3795.8645682300375,-1886.2019018803794,3892.1164355721035,213.77634736146047,1886.2019018803794
mond,10.0,1.0,265.0,543.3306413876941,3890.3044224652576,-1953.4236085462678,3922.855025230466,202.20073280674916,1953.4236085462678
mond,10.0,1.0,270.0,161.46968059126613,3971.027449884683,-2004.4173202693453,3971.027449884683,161.4696805912654,2004.4173202693453
mond,10.0,1.0,275.0,-261.3285923029606,4007.1530690583986,-2033.1516183373278,4014.6809294014074,88.91224392535287,2033.1516183373278
mond,10.0,1.0,280.0,-698.4945000091645,3998.2387293330053,-1998.9736035604,4058.788796077788,6.404070180606823,1998.9736035604
mond,10.0,1.0,285.0,-1080.8904000824205,3932.3368067541805,-1949.9367562527495,4078.1007005207616,-26.296295481922925,1949.9367562527495
mond,10.0,1.0,290.0,-1433.835481323316,3806.9478477196712,-1942.3960362200153,4067.761417046601,-45.31177271010188,1942.3960362200153
mond,10.0,1.0,295.0,-1802.914137643806,3642.0435784098563,-1941.683077788874,4062.756894758436,-94.80099601359689,1941.683077788874
mond,10.0,1.0,300.0,-2142.2819228295093,3473.1585928210443,-1920.844164021667,4078.984534169992,-118.69127082800674,1920.844164021667
mond,10.0,1.0,305.0,-2476.532296301252,3264.7762614168696,-1925.1896004253977,4094.8287177065454,-156.05775975590245,1925.1896004253977
mond,10.0,1.0,310.0,-2807.186750922242,3025.9030659522296,-1878.0840541918988,4122.401090658414,-205.4168124345981,1878.0840541918988
mond,10.0,1.0,315.0,-3078.980003978274,2755.3072993825203,-1840.7084054366412,4125.464115596993,-228.87116430464857,1840.7084054366412
mond,10.0,1.0,320.0,-3322.0218345237886,2427.7400708259547,-1795.5559036012396,4105.337603323306,-275.5976837465432,1795.5559036012396
mond,10.0,1.0,325.0,-3516.438522732171,2069.913431295734,-1707.0222249897315,4067.7513739903934,-321.3724577691155,1707.0222249897315
mond,10.0,1.0,330.0,-3644.917102551519,1698.695699642754,-1583.6938645307378,4005.9386553193617,-351.3449220857558,1583.6938645307378
mond,10.0,1.0,335.0,-3710.0530843845327,1350.399746473294,-1459.2095395840386,3933.1535942066685,-344.0583796472465,1459.2095395840386
mond,10.0,1.0,340.0,-3741.230165602582,1024.477674280577,-1351.1781083369265,3865.998380269779,-316.88196677234237,1351.1781083369265
mond,10.0,1.0,345.0,-3753.8277521418686,729.1481480337469,-1269.5967682507924,3814.636600646836,-267.2590869120593,1269.5967682507924
mond,10.0,1.0,350.0,-3753.5977377106183,442.5705153530697,-1223.4774975442547,3773.4237172666762,-215.95853207384988,1223.4774975442547
mond,10.0,1.0,355.0,-3738.2104893427017,149.19922311947317,-1186.3591910022194,3736.9890389425004,-177.17503671472386,1186.3591910022194
mond,11.0,1.0,0.0,-3280.240249671275,-71.16262142911,-977.732102234062,3280.240249671275,-71.16262142911,977.732102234062
mond,11.0,1.0,5.0,-3230.810995629615,-304.4075299015748,-978.5237366880631,3245.0476487492874,-21.665435345753224,978.5237366880631
mond,11.0,1.0,10.0,-3175.400886556629,-526.9015008809116,-993.323736260759,3218.654897440748,32.505894171223076,993.323736260759
mond,11.0,1.0,15.0,-3110.768945034079,-752.9797330992687,-1030.6714374329451,3199.6575591287196,77.80367701546288,1030.6714374329451
mond,11.0,1.0,20.0,-3032.889895831685,-983.6283664578681,-1072.0603079110558,3186.4049696442903,113.00111930716935,1072.0603079110558
mond,11.0,1.0,25.0,-2939.0474006869695,-1213.2262600918962,-1116.303767682081,3176.413118850632,142.53869669321034,1116.303767682081
mond,11.0,1.0,30.0,-2844.3079598772074,-1429.063961958339,-1155.518560375789,3177.774930419121,184.54828524984327,1155.518560375789
mond,11.0,1.0,35.0,-2738.5358423587595,-1630.4859038144484,-1234.8620981783042,3178.4855278573596,235.14376798575745,1234.8620981783042
mond,11.0,1.0,40.0,-2600.8335557720698,-1853.4246738164015,-1344.6626321689141,3183.712508693065,251.97791239061235,1344.6626321689141
mond,11.0,1.0,45.0,-2430.6067783893727,-2111.6281773226365,-1428.5877825172367,3211.845138926539,225.5519318676877,1428.5877825172367
mond,11.0,1.0,50.0,-2266.5293729462137,-2381.4436137388925,-1477.2777653851867,3281.188644826284,205.49978323289156,1477.2777653851867
mond,11.0,1.0,55.0,-2079.5715935821345,-2641.253095992858,-1517.1687727218898,3356.381136850885,188.52478382737104,1517.1687727218898
mond,11.0,1.0,60.0,-1841.8256651489976,-2891.969326790558,-1543.3415281062541,3425.431736540503,149.08315196592343,1543.3415281062541
mond,11.0,1.0,65.0,-1586.5400573841202,-3121.5405165518987,-1518.4385594970104,3499.577278935059,118.6735813944731,1518.4385594970104
mond,11.0,1.0,70.0,-1317.2784993785867,-3313.5720410514405,-1498.089476051441,3564.274976575826,104.52850098565,1498.089476051441
mond,11.0,1.0,75.0,-1035.0694272569863,-3469.340212548722,-1465.5324928145683,3619.020992261482,101.86897084212058,1465.5324928145683
mond,11.0,1.0,80.0,-752.3815239159077,-3602.3968072380603,-1471.693071684935,3678.317985732732,115.40151716546836,1471.693071684935
mond,11.0,1.0,85.0,-389.11885734084785,-3704.3137565786255,-1474.8496509821405,3724.1316674006057,64.78592578549313,1474.8496509821405
mond,11.0,1.0,90.0,-35.93853847466744,-3729.007628225496,-1459.7238980591355,3729.007628225496,35.93853847466721,1459.7238980591355
mond,11.0,1.0,95.0,345.45239418525045,-3701.166013457044,-1463.70606128437,3717.1901193624412,-21.55997059520837,1463.70606128437
mond,11.0,1.0,100.0,720.3330044633581,-3636.439954388572,-1402.021185472606,3706.2787739836326,-77.92835627130182,1402.021185472606
mond,11.0,1.0,105.0,1031.2737127700213,-3558.167608557389,-1328.606365692015,3703.8392649492625,-75.21237037603453,1328.606365692015
mond,11.0,1.0,110.0,1299.0926926037257,-3456.8452969717837,-1298.6154007759992,3692.6878856805124,-38.43709303166429,1298.6154007759992
mond,11.0,1.0,115.0,1577.5807587279035,-3331.3761859196075,-1322.0010871613072,3685.9666168565554,-21.87331341658023,1322.0010871613072
mond,11.0,1.0,120.0,1887.4243903500715,-3173.5050860103247,-1332.261904837613,3692.0482186990967,-47.80492676035692,1332.261904837613
mond,11.0,1.0,125.0,2191.0973215940908,-2991.5635050553146,-1322.2303552196704,3707.307154204663,-78.95151587246164,1322.2303552196704
mond,11.0,1.0,130.0,2484.6865893544636,-2778.9017529036087,-1283.312605432154,3725.8879993767523,-117.13673936458804,1283.312605432154
mond,11.0,1.0,135.0,2731.5896050911806,-2543.4543612522584,-1237.7267696402605,3730.0193596586278,-133.03170669868678,1237.7267696402605
mond,11.0,1.0,140.0,2931.9101985024836,-2274.517330430764,-1191.9481419129966,3708.0050733048865,-142.21418655670004,1191.9481419129966
mond,11.0,1.0,145.0,3082.64046889619,-2000.6478743538455,-1151.9932742803628,3672.6757200694647,-129.29513852161517,1151.9932742803628
mond,11.0,1.0,150.0,3203.5068455129353,-1719.689001048165,-1137.1225158785269,3634.162809935636,-112.45906124007229,1137.1225158785269
mond,11.0,1.0,155.0,3304.6220879955185,-1436.2267735479056,-1128.2944272198617,3601.9803940659212,-94.9301337215968,1128.2944272198617
mond,11.0,1.0,160.0,3380.8306449951565,-1148.2444225691177,-1132.4699182189477,3569.664331208801,-77.3153710142808,1132.4699182189477
mond,11.0,1.0,165.0,3425.232123531111,-847.6757969011337,-1147.9431850312742,3527.914809464118,-67.72336291983049,1147.9431850312742
mond,11.0,1.0,170.0,3443.9379454526834,-551.9197311932655,-1136.222935248992,3487.45664511487,-54.498717906308684,1136.222935248992
mond,11.0,1.0,175.0,3443.6451179034725,-274.2603014286682,-1144.8159889593267,3454.4443688421757,-26.91678982994091,1144.8159889593267
mond,11.0,1.0,180.0,3434.442849056093,2.855040982045466,-1178.5156761424587,3434.442849056093,-2.8550409820458866,1178.5156761424587
mond,11.0,1.0,185.0,3401.5538830692394,288.0294125198105,-1204.0303725157266,3413.713360968301,9.531581528364143,1204.0303725157266
mond,11.0,1.0,190.0,3351.54786633848,558.200483387481,-1233.911889536483,3397.560820074694,32.27001557801259,1233.911889536483
mond,11.0,1.0,195.0,3279.0753226568872,832.7180053341306,-1278.5084563654987,3382.8668194817024,44.343316461140944,1278.5084563654987
mond,11.0,1.0,200.0,3178.3785613198243,1111.5399153906908,-1302.0921955201195,3366.8679213104965,42.56363488421357,1302.0921955201195
mond,11.0,1.0,205.0,3064.2904184258723,1370.8766363527177,-1317.6882873730603,3356.547769077485,52.58891951074406,1317.6882873730603
mond,11.0,1.0,210.0,2944.161034618647,1607.1387294178296,-1347.867837667251,3353.2876135209394,80.25755022763838,1347.867837667251
mond,11.0,1.0,215.0,2809.3656043615792,1838.1077451544093,-1413.8120952171394,3355.5928680628895,105.69619469025429,1413.8120952171394
mond,11.0,1.0,220.0,2636.02521445899,2101.070408365298,-1504.0664111047197,3369.854493034072,84.89103574558249,1504.0664111047197
mond,11.0,1.0,225.0,2444.330865482277,2403.2382289378493,-1510.3700329326562,3427.748978934803,29.056881957398673,1510.3700329326562
mond,11.0,1.0,230.0,2263.7647191181677,2646.1759764160643,-1480.0950388460194,3482.208314943149,33.215252918839724,1480.0950388460194
mond,11.0,1.0,235.0,2072.646804769629,2854.789148424923,-1454.262644652139,3527.327735040452,60.37308092888202,1454.262644652139
mond,11.0,1.0,240.0,1855.2528454940582,3043.624608504245,-1453.7663112458686,3563.482653295172,84.88379038909648,1453.7663112458686
mond,11.0,1.0,245.0,1609.6454585563984,3203.746294951399,-1454.757784502702,3583.845780518185,104.87252322727795,1454.757784502702
mond,11.0,1.0,250.0,1353.3308935385105,3339.4888998660176,-1470.0372682677366,3600.959502575645,129.54258197308377,1470.0372682677366
mond,11.0,1.0,255.0,1082.6348675736708,3460.2081263481386,-1496.6022684165173,3622.510916195086,150.17721591304678,1496.6022684165173
mond,11.0,1.0,260.0,797.621199667845,3556.7308563065353,-1553.664921562883,3641.2015904592577,167.88370975042153,1553.664921562883
mond,11.0,1.0,265.0,464.6469130262022,3651.019516326986,-1621.762668797507,3677.6229316146378,144.6714735097246,1621.762668797507
mond,11.0,1.0,270.0,97.69111795335401,3724.8086437337147,-1645.9908422447334,3724.8086437337147,97.69111795335333,1645.9908422447334
mond,11.0,1.0,275.0,-278.97928138978455,3748.894673229341,-1655.7327700464857,3758.9436436561914,48.8200187300929,1655.7327700464857
mond,11.0,1.0,280.0,-667.4125004901737,3707.2650009200734,-1618.2251393745123,3766.8382798391467,-13.513193401827039,1618.2251393745123
mond,11.0,1.0,285.0,-1002.7929370612844,3632.1699562462054,-1577.3585046329786,3767.9486766151986,-28.548836602057122,1577.3585046329786
mond,11.0,1.0,290.0,-1324.6159672733613,3529.796926729443,-1566.1306899775525,3769.96946789874,-37.47019903145588,1566.1306899775525
mond,11.0,1.0,295.0,-1681.2760308947456,3379.5922660158362,-1555.4448752327496,3773.4887413820293,-95.47615010205436,1555.4448752327496
mond,11.0,1.0,300.0,-2008.70635275523,3212.6331303453853,-1499.069836601555,3786.575080296243,-133.27416505652195,1499.069836601555
mond,11.0,1.0,305.0,-2311.406513803543,3023.0523603115807,-1462.9120234141715,3802.107832087924,-159.4417712349291,1462.9120234141715
mond,11.0,1.0,310.0,-2597.318039218764,2785.01234012812,-1398.4303719735935,3802.967081198086,-199.48962589774533,1398.4303719735935
mond,11.0,1.0,315.0,-2837.775288751924,2550.2401960685816,-1337.2456149029044,3809.9022864547032,-203.318013865495,1337.2456149029044
mond,11.0,1.0,320.0,-3043.0158326838578,2272.633319438345,-1291.6720661739623,3791.9059080462985,-215.0747477263708,1291.6720661739623
mond,11.0,1.0,325.0,-3184.0549785819526,1958.9318689885713,-1242.871878371487,3731.8223053029074,-221.63586265600088,1242.871878371487
mond,11.0,1.0,330.0,-3266.3751881723506,1626.5087082105942,-1201.722011896318,3642.0182453537286,-224.5897332991915,1201.722011896318
mond,11.0,1.0,335.0,-3303.11650073097,1296.3831706673163,-1160.9032294699598,3541.5154082390463,-221.03519130689233,1160.9032294699598
mond,11.0,1.0,340.0,-3320.5209191645445,976.3174501140817,-1115.3111206845192,3454.1892391235338,-218.24673727182142,1115.3111206845192
mond,11.0,1.0,345.0,-3329.812047517748,690.8702595707714,-1060.5212935594889,3395.161834257713,-194.4893481749723,1060.5212935594889
mond,11.0,1.0,350.0,-3332.4072127496815,427.151745585222,-1025.7605636547055,3355.9545815178108,-158.00408897309217,1025.7605636547055
mond,11.0,1.0,355.0,-3316.577484252537,169.04188880649772,-995.6119468587597,3318.6898769972345,-120.6601406357425,995.6119468587597
mond,12.0,1.0,0.0,-2949.8218344257402,-28.706132821003848,-904.5924817802588,2949.8218344257402,-28.706132821003848,904.5924817802588
mond,12.0,1.0,5.0,-2908.7964500310436,-248.0234342318133,-921.8422380376844,2919.3442679783157,6.438684919967784,921.8422380376844
mond,12.0,1.0,10.0,-2863.585486982902,-454.8438681384098,-950.0914939214152,2899.0639978192135,49.32263365528172,950.0914939214152
mond,12.0,1.0,15.0,-2811.4230923982213,-671.528837231021,-990.1429450545952,2889.4306259838586,79.0027931743723,990.1429450545952
mond,12.0,1.0,20.0,-2754.9740856114186,-888.2800523803719,-1027.4198263519659,2892.638489533923,107.54642120616484,1027.4198263519659
mond,12.0,1.0,25.0,-2685.50402013433,-1109.8277330316782,-1074.4871829826468,2902.9266729314404,129.09752417098866,1074.4871829826468
mond,12.0,1.0,30.0,-2605.2168640706795,-1322.0346385171072,-1105.881546104284,2917.201305911393,157.69285039654733,1105.881546104284
mond,12.0,1.0,35.0,-2522.9049269576385,-1523.969768715687,-1168.5962526092344,2940.755877510791,198.71586577878134,1168.5962526092344
mond,12.0,1.0,40.0,-2410.693859867425,-1758.8885001690214,-1254.9500223993255,2977.290370141269,202.1773822498467,1254.9500223993255
mond,12.0,1.0,45.0,-2249.877544560423,-2030.8551443135989,-1320.5784454527573,3026.9351127497443,154.87222444628333,1320.5784454527573
mond,12.0,1.0,50.0,-2074.8478867441,-2300.448394955795,-1310.3442548569185,3095.932223221266,110.72596895660081,1310.3442548569185
mond,12.0,1.0,55.0,-1907.8467398206158,-2530.7789321287582,-1295.4506209137394,3167.388670027054,111.2213960314266,1295.4506209137394
mond,12.0,1.0,60.0,-1679.4269785045876,-2746.1731106017724,-1298.9076082978402,3217.9691662231617,81.33987188502874,1298.9076082978402
mond,12.0,1.0,65.0,-1425.4026829294976,-2933.56938654938,-1248.5937348355285,3261.117982982225,52.07355636270768,1248.5937348355285
mond,12.0,1.0,70.0,-1178.5916577738963,-3082.2977028923183,-1209.4627889407982,3299.5144941875333,53.30598161435046,1209.4627889407982
mond,12.0,1.0,75.0,-915.9253302876284,-3196.800165264959,-1188.175913707892,3324.9307604848404,57.323165319708096,1188.175913707892
mond,12.0,1.0,80.0,-649.4737592660385,-3291.1244445664015,-1182.2743146966495,3353.9048038760275,68.10903122913498,1182.2743146966495
mond,12.0,1.0,85.0,-340.27381125988575,-3351.3641839278316,-1183.2545019807837,3368.268048161407,46.88833200844016,1183.2545019807837
mond,12.0,1.0,90.0,-39.91962696395058,-3364.5345443347323,-1183.7146763491473,3364.5345443347323,39.91962696395037,1183.7146763491473
mond,12.0,1.0,95.0,305.2546614269073,-3346.8875488864114,-1193.8430657518136,3360.756328053768,-12.392605065191447,1193.8430657518136
mond,12.0,1.0,100.0,642.7311481073491,-3290.5005807854645,-1147.9190555336497,3352.1195758473136,-61.57718829318344,1147.9190555336497
mond,12.0,1.0,105.0,917.415810347656,-3206.8539195145877,-1090.4480177573253,3335.027705991601,-56.16075542867293,1090.4480177573253
mond,12.0,1.0,110.0,1162.23099131316,-3112.2545987600383,-1076.4356931256284,3322.0690906882774,-27.686122251787992,1076.4356931256284
mond,12.0,1.0,115.0,1424.7821899269647,-3002.5147839194556,-1094.5657450231968,3323.341501824908,-22.373614731147654,1094.5657450231968
mond,12.0,1.0,120.0,1710.3604221775108,-2857.4863022002655,-1093.3762568117604,3329.8359397602426,-52.47242413306981,1093.3762568117604
mond,12.0,1.0,125.0,1986.5601327177387,-2687.8474636900382,-1074.5055702046175,3341.1998261399776,-85.60882414021626,1074.5055702046175
mond,12.0,1.0,130.0,2242.9233237056446,-2490.2071608184633,-1025.8122360229431,3349.3326797150107,-117.50463993985409,1025.8122360229431
mond,12.0,1.0,135.0,2441.6752159869466,-2287.554734073348,-975.693454819204,3344.0705674781516,-108.97963788084462,975.693454819204
mond,12.0,1.0,140.0,2604.1013901488286,-2056.312199023715,-953.0567788979695,3316.6294024216413,-98.65757457527752,953.0567788979695
mond,12.0,1.0,145.0,2737.3933336117097,-1814.0095484296824,-941.1914720039699,3282.814477546158,-84.15468322818901,941.1914720039699
mond,12.0,1.0,150.0,2856.9960747440887,-1563.9801398221593,-951.9793719666276,3256.2212491518853,-74.05150527171577,951.9793719666276
mond,12.0,1.0,155.0,2965.1159831439863,-1308.3194475386904,-949.3439981910769,3240.2273957105804,-67.37205942007381,949.3439981910769
mond,12.0,1.0,160.0,3038.4205838786097,-1062.4763547962352,-963.6729069053367,3218.569716662283,-40.79985322029188,963.6729069053367
mond,12.0,1.0,165.0,3094.539840492146,-801.3264705162483,-987.9043117059088,3196.4945043262064,-26.90391338717518,987.9043117059088
mond,12.0,1.0,170.0,3117.504562871657,-534.0840602401381,-1014.9385349949598,3162.8853873485973,-15.378862926276156,1014.9385349949598
mond,12.0,1.0,175.0,3132.9036630603614,-266.67843312933184,-1039.508450081513,3144.2245756871093,-7.386904532030371,1039.508450081513
mond,12.0,1.0,180.0,3135.5809603701127,-8.062628147541545,-1066.7652638809086,3135.5809603701127,8.062628147541162,1066.7652638809086
mond,12.0,1.0,185.0,3125.513365447065,257.75218430927356,-1098.4839600380078,3136.084426541561,15.635079402806298,1098.4839600380078
mond,12.0,1.0,190.0,3101.737563303424,513.3132850114959,-1112.4714205349862,3143.751116664878,33.0961726652186,1112.4714205349862
mond,12.0,1.0,195.0,3046.0094050552316,759.6626297443423,-1146.1422893557844,3138.8343078927483,54.58749225296219,1146.1422893557844
mond,12.0,1.0,200.0,2951.4927771743182,1016.5851627509473,-1183.4011233916715,3121.188586080442,54.192406836329155,1183.4011233916715
mond,12.0,1.0,205.0,2846.9675613713875,1276.9933843232643,-1210.8197828023556,3119.9095946487014,45.83143381247328,1210.8197828023556
mond,12.0,1.0,210.0,2751.14933736137,1518.0006807208435,-1232.2282278450937,3141.565556120093,60.947516214363986,1232.2282278450937
mond,12.0,1.0,215.0,2649.128642050679,1763.2004154490921,-1283.8157570926062,3181.3693535863085,75.14854113659112,1283.8157570926062
mond,12.0,1.0,220.0,2496.1147140672733,2072.050383232102,-1315.4721302183946,3244.0231190865916,17.188928621201512,1315.4721302183946
mond,12.0,1.0,225.0,2310.6143819097892,2337.176409264626,-1256.2191457610945,3286.484385975818,-18.782189664668067,1256.2191457610945
mond,12.0,1.0,230.0,2128.300633225001,2539.73171493438,-1195.4757384560921,3313.5926439635605,-2.1352049191518745,1195.4757384560921
mond,12.0,1.0,235.0,1933.933850783484,2707.877330604839,-1163.8515757115713,3327.422137319818,31.01123802486495,1163.8515757115713
mond,12.0,1.0,240.0,1720.8084061290722,2857.256066637834,-1152.0317810251224,3334.8605418901034,61.6357614346673,1152.0317810251224
mond,12.0,1.0,245.0,1489.781742715941,2990.8264682024437,-1161.1671170011127,3340.2182882868374,86.2229112486973,1161.1671170011127
mond,12.0,1.0,250.0,1242.1420820282183,3114.1868454582477,-1183.0047391545668,3351.216011351797,102.11711722301993,1183.0047391545668
mond,12.0,1.0,255.0,987.8678891401511,3223.705787392879,-1218.625595348772,3369.5397001550145,119.85065349764386,1218.625595348772
mond,12.0,1.0,260.0,702.5978938287458,3344.6938272703287,-1265.3362454872508,3415.88525644388,111.12386513327385,1265.3362454872508
mond,12.0,1.0,265.0,390.25215739620023,3448.8636134445046,-1287.265466580094,3469.7523627916967,88.17886025183174,1287.265466580094
mond,12.0,1.0,270.0,51.75710034037296,3501.0107942482427,-1274.2807898962058,3501.0107942482427,51.75710034037231,1274.2807898962058
mond,12.0,1.0,275.0,-273.4301898515109,3511.1822278565237,-1263.3514382701323,3521.6521307107737,33.62998956291699,1263.3514382701323
mond,12.0,1.0,280.0,-611.7193270051525,3458.793649332535,-1248.0586121138335,3512.4707483101547,-1.81272176953928,1248.0586121138335
mond,12.0,1.0,285.0,-922.112627936115,3370.466921587326,-1220.2644733808388,3494.2813560536115,-18.3513718759134,1220.2644733808388
mond,12.0,1.0,290.0,-1215.0126562802823,3260.5068942949647,-1219.3506582573477,3479.433071434042,-26.57939196697089,1219.3506582573477
mond,12.0,1.0,295.0,-1547.6644575652263,3106.3048743698555,-1217.9941667165976,3469.339559365381,-89.87918316836658,1217.9941667165976
mond,12.0,1.0,300.0,-1844.7585912649986,2936.27814987267,-1154.9158938464138,3465.270765999403,-129.4687289487474,1154.9158938464138
mond,12.0,1.0,305.0,-2099.649636525304,2750.499943529953,-1109.0750988614943,3457.3872076632706,-142.31033625667737,1109.0750988614943
mond,12.0,1.0,310.0,-2351.2891658063013,2523.08582738981,-1054.5817239582402,3444.175420154703,-179.3836916098944,1054.5817239582402
mond,12.0,1.0,315.0,-2546.2677749007526,2297.284475914103,-975.5903907495147,3424.9086415825495,-176.05777911565838,975.5903907495147
mond,12.0,1.0,320.0,-2701.0100859969843,2059.535242623676,-933.9672309202798,3392.9375028575623,-158.48028889767374,933.9672309202798
mond,12.0,1.0,325.0,-2818.4148599946093,1806.8816898308946,-923.0818900937024,3345.0950547802177,-136.46552154121673,923.0818900937024
mond,12.0,1.0,330.0,-2900.0488184775277,1535.4993837039133,-934.834276099664,3279.2656408685416,-120.24293545582736,934.834276099664
mond,12.0,1.0,335.0,-2948.364664742008,1247.9045267286995,-962.0519506837817,3199.5130965838166,-115.04715953846085,962.0519506837817
mond,12.0,1.0,340.0,-2980.5812413106787,947.0802524127107,-977.1371313416092,3124.7507217836537,-129.4544988625978,977.1371313416092
mond,12.0,1.0,345.0,-3001.1792261394335,662.524194627129,-953.6598251729745,3070.390403261029,-136.813111359221,953.6598251729745
mond,12.0,1.0,350.0,-3004.051709162641,420.1366202254521,-918.5315667231141,3031.3693721062364,-107.89430399094942,918.5315667231141
mond,12.0,1.0,355.0,-2983.337392315156,186.7346427941817,-905.8290922714248,2988.259889332658,-73.99092519246977,905.8290922714248
mond,13.0,1.0,0.0,-2715.020175969381,2.0833212996221846,-883.0680233132589,2715.020175969381,2.0833212996221846,883.0680233132589
mond,13.0,1.0,5.0,-2685.0520388612385,-213.51393864150035,-920.3154921375695,2693.443571123275,21.31625111971624,920.3154921375695
mond,13.0,1.0,10.0,-2663.2189259639576,-417.1659983374379,-946.7878924730267,2695.1987616540528,51.63480376593395,946.7878924730267
mond,13.0,1.0,15.0,-2626.6350424094862,-632.451221981972,-988.5248259634047,2700.825045046501,68.92220432877502,988.5248259634047
mond,13.0,1.0,20.0,-2573.3393739554167,-842.4489104871553,-1013.6932398639985,2706.282517593105,88.49087693191007,1013.6932398639985
mond,13.0,1.0,25.0,-2518.318517630029,-1063.2166172586083,-1028.261017878978,2731.7064414063475,100.68589490197564,1028.261017878978
mond,13.0,1.0,30.0,-2447.1512692722085,-1265.5921309483967,-1052.4868282322427,2752.0912315672645,127.54069840511056,1052.4868282322427
mond,13.0,1.0,35.0,-2364.6526797624297,-1462.2673273135692,-1103.281021481512,2775.7321592539224,158.48978680017535,1103.281021481512
mond,13.0,1.0,40.0,-2248.3168207961544,-1705.3261110830395,-1164.882328569706,2818.47310162093,138.83460395674,1164.882328569706
mond,13.0,1.0,45.0,-2103.9242851147596,-1975.9815968783441,-1185.7497261127528,2884.929115760206,90.46914245520566,1185.7497261127528
mond,13.0,1.0,50.0,-1924.8723961185508,-2219.349901248529,-1145.0991114857243,2937.4047856407333,47.96718467812889,1145.0991114857243
mond,13.0,1.0,55.0,-1756.0411135643358,-2410.6542907012704,-1093.3052315293723,2981.9161943061295,55.77017069694989,1093.3052315293723
mond,13.0,1.0,60.0,-1547.6349411054812,-2583.3996962226997,-1082.1707019173102,3011.1072356106006,48.591326670430135,1082.1707019173102
mond,13.0,1.0,65.0,-1298.8306002677691,-2732.115277784727,-1041.4810490323027,3025.046881918892,22.498477491576068,1041.4810490323027
mond,13.0,1.0,70.0,-1067.894285268162,-2844.9787497800617,-1001.1898490340409,3038.646893965122,30.45233988767484,1001.1898490340409
mond,13.0,1.0,75.0,-822.4424367184165,-2941.604350125313,-990.7287116544051,3054.2353786335616,33.075161293576684,990.7287116544051
mond,13.0,1.0,80.0,-578.5924306412602,-3027.7724896820973,-981.9256661186362,3082.2453433887395,44.03513630633017,981.9256661186362
mond,13.0,1.0,85.0,-316.6065641889523,-3075.511153422627,-991.8951629709208,3091.4019852223223,47.353321720822294,991.8951629709208
mond,13.0,1.0,90.0,-47.83102378016338,-3082.0601097074104,-1017.8816208207427,3082.0601097074104,47.831023780163186,1017.8816208207427
mond,13.0,1.0,95.0,279.97145112308647,-3059.092549590726,-1034.9005077712543,3071.8528986450137,-12.28859193246376,1034.9005077712543
mond,13.0,1.0,100.0,574.229009118517,-3008.4274287417393,-996.1934898847846,3062.436477196364,-43.097239540221494,996.1934898847846
mond,13.0,1.0,105.0,822.8757782696559,-2934.1176781525674,-954.8796960086001,3047.1159658686274,-35.43143038050448,954.8796960086001
mond,13.0,1.0,110.0,1063.4619945695772,-2844.5223992462384,-950.6671324361473,3036.702132036006,-26.443430100022056,950.6671324361473
mond,13.0,1.0,115.0,1301.3967647142908,-2740.010487786094,-947.7948031127764,3033.2868801811505,-21.48755238542003,947.7948031127764
mond,13.0,1.0,120.0,1561.1389401073452,-2598.0209823479026,-939.6842761895809,3030.5216403319587,-52.97548979612361,939.6842761895809
mond,13.0,1.0,125.0,1813.2301733717534,-2434.9422227371683,-905.6102466071958,3034.614000607493,-88.6857204456744,905.6102466071958
mond,13.0,1.0,130.0,2030.4970743733622,-2256.7811098527372,-850.9707326026349,3033.972989450534,-104.82006540507996,850.9707326026349
mond,13.0,1.0,135.0,2194.6086472699344,-2075.275066092348,-809.2581876012506,3019.2637285964665,-84.38158447394699,809.2581876012506
mond,13.0,1.0,140.0,2325.783215272886,-1879.7475582800673,-814.1548676728598,2989.931747760137,-55.01446210742006,814.1548676728598
mond,13.0,1.0,145.0,2458.165889513852,-1648.332885104178,-832.2958044172817,2959.0565157550327,-59.71077836519453,832.2958044172817
mond,13.0,1.0,150.0,2590.034299399991,-1426.4634969679648,-838.549594101806,2956.2672484374057,-59.66352375455108,838.549594101806
mond,13.0,1.0,155.0,2701.837260110106,-1201.6798530906399,-836.1206496932238,2956.547998825541,-52.75395799288276,836.1206496932238
mond,13.0,1.0,160.0,2782.689456775359,-986.7563460629253,-853.1446284919448,2952.3632953785072,-24.488189928138922,853.1446284919448
mond,13.0,1.0,165.0,2840.188954017435,-755.3022813599815,-875.9178124065489,2938.8984774517216,-5.529012768862117,875.9178124065489
mond,13.0,1.0,170.0,2880.0654628596444,-508.5384795912557,-918.8759504485068,2924.617577261404,0.6945182194677955,918.8759504485068
mond,13.0,1.0,175.0,2912.0184660212994,-252.78901221345933,-941.8668419183151,2922.969370713587,-1.9720585980849137,941.8668419183151
mond,13.0,1.0,180.0,2939.9716949521026,1.7380012186840759,-967.3058716124797,2939.9716949521026,-1.7380012186844358,967.3058716124797
mond,13.0,1.0,185.0,2951.522552599803,255.02789404870947,-972.9999964309197,2962.518263725325,3.1847043914713424,972.9999964309197
mond,13.0,1.0,190.0,2925.897101277803,487.25801425985173,-973.558690870111,2966.0576160841565,28.221229517409768,973.558690870111
mond,13.0,1.0,195.0,2877.3502606148286,704.7853474457726,-1010.3649504896842,2961.7187986356075,63.94267778983328,1010.3649504896842
mond,13.0,1.0,200.0,2795.5589468373923,965.5848585327705,-1074.7792326902875,2957.2155850235968,48.78450536683056,1074.7792326902875
mond,13.0,1.0,205.0,2713.9823227494135,1239.4582121745284,-1068.0105584820508,2983.520988117042,23.64786223504302,1068.0105584820508
mond,13.0,1.0,210.0,2615.9726707357354,1487.3913610074999,-1058.879260516166,3009.1944689667216,19.867631365862053,1058.879260516166
mond,13.0,1.0,215.0,2513.665412495912,1739.4229549757151,-1042.1246357314544,3056.766181126735,16.927380026731498,1042.1246357314544
mond,13.0,1.0,220.0,2358.7847062320257,1998.973308085634,-1019.3439569532565,3091.849191254633,-15.104811518111319,1019.3439569532565
mond,13.0,1.0,225.0,2172.8869170245453,2219.0783133583527,-964.3756278501676,3105.588397139285,-32.662249580111165,964.3756278501676
mond,13.0,1.0,230.0,1990.598466923725,2387.6044776443846,-912.3872354967298,3108.543172865062,-9.835680993836604,912.3872354967298
mond,13.0,1.0,235.0,1803.7136873225293,2519.3288608798875,-896.3460297830726,3098.2810555980786,32.48808426245796,896.3460297830726
mond,13.0,1.0,240.0,1591.365046554423,2641.780454132763,-914.8142622908377,3083.5315077773757,57.27232994435326,914.8142622908377
mond,13.0,1.0,245.0,1371.2856502253644,2775.7639747471476,-940.1229279753021,3095.2268631373513,69.71831704077044,940.1229279753021
mond,13.0,1.0,250.0,1140.0952999885556,2898.7363132242667,-969.2103682099599,3113.856681048,79.9129310796585,969.2103682099599
mond,13.0,1.0,255.0,888.0143955414923,3019.893116829685,-989.6930014872135,3146.827792069724,76.15018596046957,989.6930014872135
mond,13.0,1.0,260.0,608.9436968297045,3135.1065946489425,-979.7699635787113,3193.219244186222,55.28692683344411,979.7699635787113
mond,13.0,1.0,265.0,338.45136836587085,3201.000278492943,-976.4021677004232,3218.3174864187595,58.17790192046357,976.4021677004232
mond,13.0,1.0,270.0,34.94245572557071,3230.0733581319582,-972.2266937600943,3230.0733581319582,34.94245572557011,972.2266937600943
mond,13.0,1.0,275.0,-252.41583071600127,3223.5407781117924,-954.8216154790388,3233.2737214448275,29.494778519992252,954.8216154790388
mond,13.0,1.0,280.0,-541.6922952955304,3172.0403022360947,-961.0518687784986,3217.9137624435793,17.356245815338866,961.0518687784986
mond,13.0,1.0,285.0,-822.7718740328032,3080.5892341091885,-955.890417497307,3188.5697321885077,2.5785616527037973,955.890417497307
mond,13.0,1.0,290.0,-1098.0241670344892,2973.078790230544,-964.6831725079452,3169.326583178922,-14.952373253745805,964.6831725079452
mond,13.0,1.0,295.0,-1403.4322540422295,2831.507723362665,-963.1098469162671,3159.3335984121577,-75.29470826397528,963.1098469162671
mond,13.0,1.0,300.0,-1667.1567606319225,2673.556129349594,-907.1925992130932,3148.9459067763046,-107.02204212342008,907.1925992130932
mond,13.0,1.0,305.0,-1885.4067675281653,2493.3319407292192,-879.1339248571054,3123.8428511303296,-114.31835873329351,879.1339248571054
mond,13.0,1.0,310.0,-2105.018430726267,2280.330305227033,-828.8758914428232,3099.914124227619,-146.7696053282275,828.8758914428232
mond,13.0,1.0,315.0,-2261.1187540989263,2074.1010504011197,-775.6140823354101,3065.463321696201,-132.24148648665619,775.6140823354101
mond,13.0,1.0,320.0,-2398.537990525492,1860.7147858083479,-750.7768662625073,3033.431108729962,-116.36027977443314,750.7768662625073
mond,13.0,1.0,325.0,-2504.0904974441883,1650.7615807258667,-750.6090153928608,2998.0687948040077,-84.06258033923586,750.6090153928608
mond,13.0,1.0,330.0,-2590.4072490665753,1425.9992677081138,-777.3208367312524,2956.3581176930747,-60.25203292005608,777.3208367312524
mond,13.0,1.0,335.0,-2662.9796506844023,1186.0422114362711,-824.8256704153861,2914.7222918837037,-50.50453904423489,824.8256704153861
mond,13.0,1.0,340.0,-2724.0314078816596,912.4762695253761,-860.6496376732907,2871.8374772597854,-74.22639543205844,860.6496376732907
mond,13.0,1.0,345.0,-2757.132403910819,648.2536494444173,-855.6532479692237,2830.965785969351,-87.43343401691277,855.6532479692237
mond,13.0,1.0,350.0,-2759.561195099889,424.47624995050785,-843.8449136482432,2791.346787112803,-61.1652707686643,843.8449136482432
mond,13.0,1.0,355.0,-2742.275707882224,208.34292255209206,-861.6725152655438,2749.998803059306,-31.45496130800248,861.6725152655438
mond,14.0,1.0,0.0,-2562.468448264801,17.78022133599734,-871.6243211038236,2562.468448264801,17.78022133599734,871.6243211038236
mond,14.0,1.0,5.0,-2562.5414484880334,-208.17547657020867,-906.6734512602861,2570.9338929064447,15.956897232670087,906.6734512602861
mond,14.0,1.0,10.0,-2554.824499740796,-412.0109663774064,-910.3897096617969,2587.5559284204996,37.88902462429411,910.3897096617969
mond,14.0,1.0,15.0,-2530.8889814173012,-621.9040183831131,-934.2474138768983,2605.6116348047426,54.329116601716805,934.2474138768983
mond,14.0,1.0,20.0,-2483.007877710214,-822.2862924555596,-976.0919815804164,2614.5026556379507,76.54234901931909,976.0919815804164
mond,14.0,1.0,25.0,-2412.128120705911,-1045.2655980652464,-971.5196067230445,2627.878829237535,72.0770424205383,971.5196067230445
mond,14.0,1.0,30.0,-2349.033253506153,-1238.9628456960759,-983.4554100305419,2653.803894718778,101.54332803521493,983.4554100305419
mond,14.0,1.0,35.0,-2268.2341710200435,-1447.5920122910861,-1030.9218308873528,2688.333325817376,115.20771645868717,1030.9218308873528
mond,14.0,1.0,40.0,-2155.424945922733,-1703.05611829643,-1062.0243563704307,2745.8546738259315,80.86377310765465,1062.0243563704307
mond,14.0,1.0,45.0,-2001.959170634549,-1954.2801170223252,-1012.9070652049553,2797.483628298812,33.7141821297605,1012.9070652049553
mond,14.0,1.0,50.0,-1831.0018438403831,-2146.741139103976,-951.7906942333203,2821.444418959312,22.730182394124995,951.7906942333203
mond,14.0,1.0,55.0,-1647.9572267985359,-2296.8630802750095,-900.2227369367645,2826.7095210652415,32.50099086241198,900.2227369367645
mond,14.0,1.0,60.0,-1448.4798191351986,-2430.6739531229264,-896.0010016786111,2829.2653012891997,39.08334367870748,896.0010016786111
mond,14.0,1.0,65.0,-1212.485030533274,-2552.1662801771117,-878.7821759560156,2825.4664895274677,20.292547835998676,878.7821759560156
mond,14.0,1.0,70.0,-988.6118347880472,-2638.4467532065382,-863.3039753402347,2817.454105752383,26.589309283099624,863.3039753402347
mond,14.0,1.0,75.0,-739.0229591621946,-2731.809908543756,-861.8511282665886,2829.99895977399,6.7969305444357815,861.8511282665886
mond,14.0,1.0,80.0,-517.282346568713,-2812.0947676637497,-822.8555859827344,2859.1978662212555,21.108533565696348,822.8555859827344
mond,14.0,1.0,85.0,-292.2983998198675,-2858.7205841213536,-828.7988292603292,2873.3177733676825,42.03220034413752,828.7988292603292
mond,14.0,1.0,90.0,-47.75222706848581,-2875.118937130741,-863.9301450170751,2875.118937130741,47.75222706848563,863.9301450170751
mond,14.0,1.0,95.0,252.56004063011585,-2862.789327829993,-882.8401015452126,2873.9076080673676,-2.090443228464949,882.8401015452126
mond,14.0,1.0,100.0,523.6354290883128,-2810.4899486660024,-858.4330584443471,2858.7206292321885,-27.64377238096887,858.4330584443471
mond,14.0,1.0,105.0,757.2797408280879,-2739.9039502113997,-827.2151063670705,2842.5424064572385,-22.33673532500302,827.2151063670705
mond,14.0,1.0,110.0,974.4506217122243,-2651.083669613413,-823.874669307131,2824.4855027235535,-8.960041893698644,823.874669307131
mond,14.0,1.0,115.0,1197.2673122486553,-2535.660086306137,-833.2943856400129,2804.075511838762,-13.476430215425353,833.2943856400129
mond,14.0,1.0,120.0,1434.6044458323945,-2395.562291997396,-834.4256987302026,2791.9200241340177,-44.62274847425283,834.4256987302026
mond,14.0,1.0,125.0,1663.3035741459887,-2230.0158841277,-799.3706869394973,2780.7538069087427,-83.41395921067965,799.3706869394973
mond,14.0,1.0,130.0,1849.8000897657353,-2066.261011617081,-748.1474501840963,2771.876344081126,-88.86210300019411,748.1474501840963
mond,14.0,1.0,135.0,1991.752335257078,-1904.9359056984651,-719.3034075620916,2755.374679349544,-61.38848605929957,719.3034075620916
mond,14.0,1.0,140.0,2117.5428734288453,-1740.3413257022667,-736.7519031855825,2740.801792043223,-27.951520335557234,736.7519031855825
mond,14.0,1.0,145.0,2259.0994468050853,-1522.8317776164743,-785.3793432485031,2724.006354269902,-48.335446318305685,785.3793432485031
mond,14.0,1.0,150.0,2400.7762118577266,-1311.7911699994088,-775.5081568881727,2735.028773269867,-64.3436282492637,775.5081568881727
mond,14.0,1.0,155.0,2511.364438724982,-1113.7817709016354,-751.7579536208821,2746.773662880304,-51.91938166373711,751.7579536208821
mond,14.0,1.0,160.0,2593.913497745203,-922.918225748246,-755.3713042218108,2753.1379966364193,-19.911219948751636,755.3713042218108
mond,14.0,1.0,165.0,2648.4557867895464,-709.8942520940956,-785.8272703879813,2741.9459966955187,0.23439429873292283,785.8272703879813
mond,14.0,1.0,170.0,2696.578843009955,-481.8776706066336,-830.1627314262579,2739.2889305641206,6.30086399299779,830.1627314262579
mond,14.0,1.0,175.0,2748.0651202289646,-220.21082018377888,-840.279068009373,2756.800540377138,-20.136805142972776,840.279068009373
mond,14.0,1.0,180.0,2789.917842998373,26.55424974685593,-832.6222632298886,2789.917842998373,-26.55424974685627,832.6222632298886
mond,14.0,1.0,185.0,2804.726385980103,254.62556894831852,-808.7640428475227,2816.2456358956365,-9.208630410858888,808.7640428475227
mond,14.0,1.0,190.0,2781.0291189217405,462.7547016173896,-816.7565767485564,2819.135548309504,27.196220643773245,816.7565767485564
mond,14.0,1.0,195.0,2745.812095116186,686.4199451109906,-847.0318210930719,2829.909371542571,47.63771182629273,847.0318210930719
mond,14.0,1.0,200.0,2694.468729800298,943.2957734970319,-870.3499952616221,2854.598537981672,35.1545035791338,870.3499952616221
mond,14.0,1.0,205.0,2588.6868032822763,1190.233967116082,-854.8156343839696,2849.161618261075,15.30800420141395,854.8156343839696
mond,14.0,1.0,210.0,2471.269763067712,1430.8000313210555,-831.9815044736995,2855.582410081517,-3.474293325748249,831.9815044736995
mond,14.0,1.0,215.0,2344.705885461134,1651.5318197375789,-795.9289387269021,2867.9503550173577,-7.987620272234835,795.9289387269021
mond,14.0,1.0,220.0,2189.2695678171813,1865.7977551078072,-775.5430737244019,2876.3894660800966,-22.048649827510644,775.5430737244019
mond,14.0,1.0,225.0,2007.9611555684662,2051.8855926364486,-728.21292019464,2870.7451662338494,-31.059267310572523,728.21292019464
mond,14.0,1.0,230.0,1839.3484011049675,2198.623201598207,-688.5284356544406,2866.5534482237827,-4.225130730440696,688.5284356544406
mond,14.0,1.0,235.0,1676.639632000249,2317.4141659150073,-706.0012514929149,2859.995536641179,44.208623253984115,706.0012514929149
mond,14.0,1.0,240.0,1469.4331627702024,2445.388228207547,-765.8688453416726,2852.4849091282554,49.8723340185345,765.8688453416726
mond,14.0,1.0,245.0,1255.633966011365,2595.931284095865,-760.3052870263357,2883.366581486436,40.9028741809168,760.3052870263357
mond,14.0,1.0,250.0,1048.6934407148365,2720.535490794768,-772.95699627275,2915.1414061839905,54.97154922212178,772.95699627275
mond,14.0,1.0,255.0,800.8353895532349,2826.823460562862,-783.0050102825626,2937.773237725979,41.911836639453554,783.0050102825626
mond,14.0,1.0,260.0,546.2706123633005,2903.4385851603183,-761.5090973585468,2954.1877254105625,33.79471501716506,761.5090973585468
mond,14.0,1.0,265.0,301.29770644458364,2955.4561776543405,-763.4452554977628,2970.4696000150934,42.56619938567832,763.4452554977628
mond,14.0,1.0,270.0,28.20053107457434,2973.1938766502426,-767.0397642921307,2973.1938766502426,28.200531074573792,767.0397642921307
mond,14.0,1.0,275.0,-225.83755502583261,2958.8906360852693,-750.9097425255158,2967.3142037500493,32.90613615036426,750.9097425255158
mond,14.0,1.0,280.0,-476.2428890394335,2911.840988967866,-765.9913008353118,2950.3022912828214,36.62819194717423,765.9913008353118
mond,14.0,1.0,285.0,-729.6701071136937,2828.1144641935934,-800.2982936445678,2920.6013210292826,27.16268393098403,800.2982936445678
mond,14.0,1.0,290.0,-993.8156519555911,2724.4904817032248,-824.313840388832,2900.088572779109,-2.0506095226475054,824.313840388832
mond,14.0,1.0,295.0,-1281.8994007371145,2592.5326935817106,-818.952766416307,2891.386664806169,-66.14374861822535,818.952766416307
mond,14.0,1.0,300.0,-1502.744897013165,2445.7532266737326,-761.7452114621584,2869.4568741937956,-78.53864288396426,761.7452114621584
mond,14.0,1.0,305.0,-1699.5521491756272,2279.5826674705236,-750.819333185704,2842.1478673011497,-84.67671459761004,750.819333185704
mond,14.0,1.0,310.0,-1887.5891450612162,2084.047699005334,-712.9962311766459,2809.792073642086,-106.37713654947652,712.9962311766459
mond,14.0,1.0,315.0,-2027.091870043883,1890.9243755601574,-684.7801044343983,2770.4558560656747,-96.28495872662506,684.7801044343983
mond,14.0,1.0,320.0,-2158.648501490848,1698.1568259205708,-666.9189617318013,2745.1748562205375,-86.68891038571837,666.9189617318013
mond,14.0,1.0,325.0,-2259.2538805855615,1519.0664765518247,-671.5977575638219,2721.973171050436,-51.508379960236425,671.5977575638219
mond,14.0,1.0,330.0,-2358.1145910406885,1324.320249515629,-700.1818314589455,2704.347265633803,-32.16231669366471,700.1818314589455
mond,14.0,1.0,335.0,-2435.355314144816,1116.7181951119403,-737.6487216984536,2679.126987882953,-17.135233429392088,737.6487216984536
mond,14.0,1.0,340.0,-2498.8685488600486,865.8557715618497,-779.096637282141,2644.30845076672,-41.02510003155999,779.096637282141
mond,14.0,1.0,345.0,-2551.8282732932244,622.1249677457288,-778.1373606687639,2625.89462351495,-59.53518343451344,778.1373606687639
mond,14.0,1.0,350.0,-2576.0914817682356,420.0551789454414,-778.2920868016954,2609.8966800574976,-33.6599943939554,778.2920868016954
mond,14.0,1.0,355.0,-2574.7501153050875,227.05981917620983,-822.0610526612849,2584.7419809664902,1.7915293239768744,822.0610526612849
mond,15.0,1.0,0.0,-2500.5791869752575,11.384307899774285,-809.4202149811608,2500.5791869752575,11.384307899774285,809.4202149811608
mond,15.0,1.0,5.0,-2508.70670190504,-216.80327180146233,-818.8755518829662,2518.055965689009,2.669926043001226,818.8755518829662
mond,15.0,1.0,10.0,-2501.4601156914387,-424.6809999749069,-804.5260224141462,2537.202397519156,16.14484926406135,804.5260224141462
mond,15.0,1.0,15.0,-2480.1564151223934,-623.0700047035338,-807.6295594621035,2556.909518252623,40.07230593767429,807.6295594621035
mond,15.0,1.0,20.0,-2450.438528567417,-833.3848230114921,-821.4046452204688,2587.693399596109,54.973768292499244,821.4046452204688
mond,15.0,1.0,25.0,-2380.067220738795,-1044.955257472628,-832.4458405521195,2598.6906303361347,58.80878470231687,832.4458405521195
mond,15.0,1.0,30.0,-2309.836880773869,-1250.9737568458722,-820.765664840502,2625.864295771314,71.54338749075146,820.765664840502
mond,15.0,1.0,35.0,-2220.3503423276675,-1472.7208855760246,-826.7695733878433,2663.5225192439243,67.15831271643378,826.7695733878433
mond,15.0,1.0,40.0,-2089.9685933320184,-1694.7932927087975,-800.1003617504424,2690.400956748247,45.11893231293698,800.1003617504424
mond,15.0,1.0,45.0,-1916.8918245992447,-1882.1916120248159,-764.4575827103035,2686.357660330367,24.536755619993528,764.4575827103035
mond,15.0,1.0,50.0,-1737.0840185306597,-2029.4450154743631,-733.9022903832793,2671.2211608156554,26.18144913916808,733.9022903832793
mond,15.0,1.0,55.0,-1553.2128576070336,-2152.70071352585,-721.7107859905288,2654.2754859879383,37.579083730237016,721.7107859905288
mond,15.0,1.0,60.0,-1354.467322055509,-2271.4665308700983,-733.7014181666416,2644.3813806073695,37.26984406089991,733.7014181666416
mond,15.0,1.0,65.0,-1138.4073813250538,-2388.9096705001484,-733.5119133399226,2646.199185549818,22.15062211257748,733.5119133399226
mond,15.0,1.0,70.0,-932.7789960902131,-2476.3953568624283,-749.1592285899965,2646.079648926058,29.548444564952433,749.1592285899965
mond,15.0,1.0,75.0,-674.493967804352,-2570.156532648641,-745.9361308095862,2657.152457165418,-13.694316365715963,745.9361308095862
mond,15.0,1.0,80.0,-469.37286036557515,-2633.7494476738257,-693.8967088364562,2675.242617409601,4.896239921690608,693.8967088364562
mond,15.0,1.0,85.0,-265.75702705992416,-2670.0290899380047,-692.2764243581153,2683.0310742307856,32.037372846320466,692.2764243581153
mond,15.0,1.0,90.0,-42.181503121042624,-2687.2899976910558,-719.5058983824565,2687.2899976910558,42.18150312104246,719.5058983824565
mond,15.0,1.0,95.0,229.28505535987497,-2675.2603993472017,-734.6467551449001,2685.063735145316,4.751750647322325,734.6467551449001
mond,15.0,1.0,100.0,478.03769737812667,-2632.553363130279,-716.9962602242206,2675.569337234869,-13.637136491561193,716.9962602242206
mond,15.0,1.0,105.0,698.0980523559889,-2565.186171895197,-701.1778668450332,2658.460643971867,-10.39190253264212,701.1778668450332
mond,15.0,1.0,110.0,892.5150544082344,-2487.4468763871523,-711.0962937873434,2642.6936011669864,12.06712660916935,711.0962937873434
mond,15.0,1.0,115.0,1108.22348636718,-2374.786805474543,-744.1198142118349,2620.643257782184,-0.763303737080264,744.1198142118349
mond,15.0,1.0,120.0,1336.344668355318,-2247.403128976249,-736.9134817696482,2614.4805364157255,-33.60686651947208,736.9134817696482
mond,15.0,1.0,125.0,1535.588874525918,-2086.6018927532655,-719.4515962588125,2590.0218004170065,-61.055088026571866,719.4515962588125
mond,15.0,1.0,130.0,1711.4365723188744,-1923.7206250951626,-675.1915777871936,2573.7457184184896,-74.49269366584963,675.1915777871936
mond,15.0,1.0,135.0,1842.1538437483066,-1778.892024855738,-659.992979994179,2560.466088677452,-44.7328611291307,659.992979994179
mond,15.0,1.0,140.0,1974.9205647249028,-1627.0197052128406,-672.9877830955347,2558.705031435565,-23.085065096936887,672.9877830955347
mond,15.0,1.0,145.0,2136.9831882037474,-1431.194322094901,-717.9647743092844,2571.4134862213514,-53.35744691316586,717.9647743092844
mond,15.0,1.0,150.0,2271.664751219845,-1235.144229903111,-683.3114727491982,2584.8914983895984,-66.16609517606116,683.3114727491982
mond,15.0,1.0,155.0,2378.5502183976173,-1043.2542336977099,-650.915594851036,2596.5968755904364,-59.709322902974804,650.915594851036
mond,15.0,1.0,160.0,2454.348137453811,-873.602455111858,-645.1787388205645,2605.1224705119985,-18.518721173975223,645.1787388205645
mond,15.0,1.0,165.0,2513.8848782763234,-676.0064069529255,-701.6914195522392,2603.189660975394,2.3307635195634475,701.6914195522392
mond,15.0,1.0,170.0,2557.9450844837547,-455.86338522161896,-727.1044749746909,2598.243997087881,4.755293587955123,727.1044749746909
mond,15.0,1.0,175.0,2613.1769781977296,-181.42729730947445,-716.8426600393259,2619.0454817076948,-47.01646879709085,716.8426600393259
mond,15.0,1.0,180.0,2655.223488229545,48.06083099706967,-678.3762262286909,2655.223488229545,-48.06083099707,678.3762262286909
mond,15.0,1.0,185.0,2666.709153643544,251.82531489597343,-636.7764009311875,2678.5095425748464,-18.44802656687162,636.7764009311875
mond,15.0,1.0,190.0,2649.412715831544,443.0179820189851,-646.2461595505505,2686.091448731312,23.778146575621236,646.2461595505505
mond,15.0,1.0,195.0,2607.3336065297553,664.4141498604663,-656.0331218019166,2690.4539041179996,33.05280760362325,656.0331218019166
mond,15.0,1.0,200.0,2532.7536779582506,884.3149579624678,-659.6997214676526,2682.463470113093,35.26853549596353,659.6997214676526
mond,15.0,1.0,205.0,2426.100785724666,1113.4384209507928,-664.344588119155,2669.353444255533,16.19658557720811,664.344588119155
mond,15.0,1.0,210.0,2303.9507401472897,1325.1607109422534,-643.6524339461245,2657.8602255066394,4.352530300606304,643.6524339461245
mond,15.0,1.0,215.0,2157.7161476648307,1532.4006634302295,-622.5553108434008,2646.446504947304,-17.65399748397863,622.5553108434008
mond,15.0,1.0,220.0,2022.6054228765283,1719.432847664363,-597.9203108214393,2654.6357749835706,-17.05627315968991,597.9203108214393
mond,15.0,1.0,225.0,1853.4357502619205,1877.8745319549857,-587.2475247224303,2638.434803266665,-17.28082825910451,587.2475247224303
mond,15.0,1.0,230.0,1687.7193617558494,2018.3288535011345,-559.2463813455244,2630.9746969759763,-4.4887406859916155,559.2463813455244
mond,15.0,1.0,235.0,1546.8053985592207,2147.642147694634,-571.430263479072,2646.4565839194174,35.23187471503843,571.430263479072
mond,15.0,1.0,240.0,1365.1380322142545,2294.602078507374,-630.6902850746754,2669.752707671088,34.943176316155814,630.6902850746754
mond,15.0,1.0,245.0,1145.7708160792893,2426.711240738955,-611.061962251986,2683.5709650157373,12.84852646428476,611.061962251986
mond,15.0,1.0,250.0,956.2181969664144,2543.147701932129,-592.5656170023377,2716.823013851328,28.743442037374507,592.5656170023377
mond,15.0,1.0,255.0,737.334093863718,2629.744422118019,-605.7766692597238,2730.9741599587555,31.582103670147603,605.7766692597238
mond,15.0,1.0,260.0,496.0777727554983,2692.6203394415056,-599.740914591924,2737.8563874204197,20.972621613714182,599.740914591924
mond,15.0,1.0,265.0,270.28742252228193,2740.3507347899736,-592.4571702194553,2753.4799739748705,30.42159359786953,592.4571702194553
mond,15.0,1.0,270.0,31.852954751637967,2756.9766034521163,-599.5137836003269,2756.9766034521163,31.85295475163746,599.5137836003269
mond,15.0,1.0,275.0,-199.57731916484556,2736.5553720727785,-598.8697925967754,2743.5362621807844,39.68864881171305,598.8697925967754
mond,15.0,1.0,280.0,-421.70545935811884,2693.3778005365766,-630.2361951727693,2725.6877242891223,52.40134096829047,630.2361951727693
mond,15.0,1.0,285.0,-666.4656179330402,2634.9687197992275,-675.7013567629474,2717.6783327450084,38.22373523821989,675.7013567629474
mond,15.0,1.0,290.0,-921.1169947160889,2551.9435358794294,-703.6909688916327,2713.083075880705,7.249251085295668,703.6909688916327
mond,15.0,1.0,295.0,-1180.5076009786576,2424.74923863623,-694.2405605492431,2696.473186884487,-45.159923033383166,694.2405605492431
mond,15.0,1.0,300.0,-1377.164669246045,2283.218527981514,-670.1109240668002,2665.9075822463246,-51.05032477071177,670.1109240668002
mond,15.0,1.0,305.0,-1562.05566908985,2128.894599016037,-659.9373919297952,2639.846686918285,-58.47731715755185,659.9373919297952
mond,15.0,1.0,310.0,-1722.573324594889,1947.118719510192,-647.7634376459235,2598.8282649998664,-67.9839356810271,647.7634376459235
mond,15.0,1.0,315.0,-1864.1672607668543,1767.4271535793025,-648.1131309795531,2567.925036903356,-68.40558580503193,648.1131309795531
mond,15.0,1.0,320.0,-1994.418846322164,1588.7243876148898,-628.7012976549452,2549.0258260425426,-64.95423416122253,628.7012976549452
mond,15.0,1.0,325.0,-2092.271272593814,1422.7415283745918,-631.4451468188959,2529.9393058460923,-34.63586895113781,631.4451468188959
mond,15.0,1.0,330.0,-2192.725530451079,1239.872283274441,-641.5869512637121,2518.892154534564,-22.60187046165902,641.5869512637121
mond,15.0,1.0,335.0,-2265.2391254858826,1064.5384506685214,-680.9661307529234,2502.8972485056142,7.468065800946306,680.9661307529234
mond,15.0,1.0,340.0,-2338.0515100096372,829.6456432169471,-737.6575457123851,2480.8052727759837,-20.048823758148387,737.6575457123851
mond,15.0,1.0,345.0,-2398.273370478097,587.4061046794097,-728.989748888097,2468.586074146641,-53.328096612243144,728.989748888097
mond,15.0,1.0,350.0,-2438.2238641452586,404.631324945767,-725.2586657216006,2471.445257193423,-24.909064834652042,725.2586657216006
mond,15.0,1.0,355.0,-2474.610786370196,224.82982399257108,-762.8433993598228,2484.789355524532,8.297737536838383,762.8433993598228
