grid,ell,direction,x,y,z,gx,gy,gz,is_origin
base,0.25,0,0.5,0.0,0.0,0.6939343652082085,-0.007937879540152792,0.0,False
base,0.25,0,0.46193976625564337,0.1913417161825449,0.0,0.691794719096021,-0.008053850022983339,0.0,False
base,0.25,0,0.3535533905932738,0.3535533905932738,0.0,0.6885583995750403,-0.007681416211049897,0.0,False
base,0.25,0,0.19134171618254492,0.46193976625564337,0.0,0.6843150965639933,-0.006408083003661659,9.914504742237328e-19,False
base,0.25,0,3.061616997868383e-17,0.5,0.0,0.6806460156453034,-0.003099402640033167,0.0,False
base,0.25,0,-0.19134171618254486,0.46193976625564337,0.0,0.6805210609640977,0.0011776674843318935,9.914504742237338e-19,False
base,0.25,0,-0.35355339059327373,0.3535533905932738,0.0,0.6833339003713421,0.0026402880245837224,0.0,False
base,0.25,0,-0.46193976625564337,0.19134171618254495,0.0,0.6864067073140045,0.002508785359546142,-3.96580189689493e-18,False
base,0.25,0,-0.5,6.123233995736766e-17,0.0,0.6883468576072993,0.0031312273093710985,0.0,False
base,0.25,0,-0.4619397662556434,-0.19134171618254484,0.0,0.6898664544495472,0.005076179364030841,-3.965801896894931e-18,False
base,0.25,0,-0.35355339059327384,-0.35355339059327373,0.0,0.6911109325935488,0.0059177440637975445,0.0,False
base,0.25,0,-0.19134171618254517,-0.46193976625564326,0.0,0.6919709887524607,0.005447901187456231,-3.256188863956779e-18,False
base,0.25,0,-9.184850993605148e-17,-0.5,0.0,0.6929172910800183,0.0037278306976752046,-1.3877787807814452e-17,False
base,0.25,0,0.191341716182545,-0.4619397662556433,0.0,0.6946830359103425,0.0010511349393165664,-3.256188863956788e-18,False
base,0.25,0,0.3535533905932737,-0.35355339059327384,0.0,0.6957441117981168,-0.0024573800367058795,0.0,False
base,0.25,0,0.46193976625564326,-0.1913417161825452,0.0,0.6954478678817608,-0.005840876874025663,0.0,False
base,0.25,0,1.0,0.0,0.0,0.7025986458663196,-0.010013066866105369,0.0,False
base,0.25,0,0.9238795325112867,0.3826834323650898,0.0,0.7038316549001358,-0.0065644705610976035,0.0,False
base,0.25,0,0.7071067811865476,0.7071067811865476,0.0,0.7004200963789244,-0.008783872664248477,0.0,False
base,0.25,0,0.38268343236508984,0.9238795325112867,0.0,0.6845645766098123,-0.018699792114587107,0.0,False
base,0.25,0,6.123233995736766e-17,1.0,0.0,0.6569619980128838,0.009096053324464117,-1.3877787807814454e-17,False
base,0.25,0,-0.3826834323650897,0.9238795325112867,0.0,0.6742894746524657,0.03075024482248463,0.0,False
base,0.25,0,-0.7071067811865475,0.7071067811865476,0.0,0.6910886688633849,0.013390576084694744,0.0,False
base,0.25,0,-0.9238795325112867,0.3826834323650899,0.0,0.6962184597046712,0.005486389930374466,0.0,False
base,0.25,0,-1.0,1.2246467991473532e-16,0.0,0.6987731071086611,0.006232415584540574,0.0,False
base,0.25,0,-0.9238795325112868,-0.38268343236508967,0.0,0.700709240613313,0.014015620131075116,0.0,False
base,0.25,0,-0.7071067811865477,-0.7071067811865475,0.0,0.7012267293482987,0.013950647796171537,0.0,False
base,0.25,0,-0.38268343236509034,-0.9238795325112865,0.0,0.6955271180168642,0.018373683225355444,0.0,False
base,0.25,0,-1.8369701987210297e-16,-1.0,0.0,0.6981403088161854,0.022104920858806158,0.0,False
base,0.25,0,0.38268343236509,-0.9238795325112866,0.0,0.7048996248884638,0.010476126377575876,0.0,False
base,0.25,0,0.7071067811865474,-0.7071067811865477,0.0,0.7098735873199191,-0.0018769638116272584,0.0,False
base,0.25,0,0.9238795325112865,-0.3826834323650904,0.0,0.7061646863892429,-0.011572260226250419,0.0,False
base,0.25,0,1.5,0.0,0.0,0.7137916896491907,-0.010514634133320655,0.0,False
base,0.25,0,1.38581929876693,0.5740251485476346,0.0,0.7216486518554501,0.010048069837226488,6.005680127466276e-17,False
base,0.25,0,1.0606601717798214,1.0606601717798214,0.0,0.737285243288538,0.01614999137950664,0.0,False
base,0.25,0,0.5740251485476348,1.38581929876693,0.0,0.7086589498568958,-0.010749741413979169,0.0,False
base,0.25,0,9.184850993605148e-17,1.5,0.0,0.5967408740000257,0.020331306295352555,-1.3877787807814452e-17,False
base,0.25,0,-0.5740251485476346,1.38581929876693,0.0,0.7119428859753784,0.04488410885929332,0.0,False
base,0.25,0,-1.0606601717798212,1.0606601717798214,0.0,0.729728442782744,-0.010071677555429233,0.0,False
base,0.25,0,-1.38581929876693,0.5740251485476349,0.0,0.7153681269769487,-0.004496805826750004,0.0,False
base,0.25,0,-1.5,1.8369701987210297e-16,0.0,0.7161398218974762,0.00953161969398186,0.0,False
base,0.25,0,-1.3858192987669302,-0.5740251485476345,0.0,0.723037180962268,0.03229117027248472,0.0,False
base,0.25,0,-1.0606601717798214,-1.0606601717798212,0.0,0.7329978174125358,0.041382022969007934,0.0,False
base,0.25,0,-0.5740251485476355,-1.3858192987669298,0.0,0.7057731810786438,0.04669094450096384,0.0,False
base,0.25,0,-2.755455298081545e-16,-1.5,0.0,0.7106958172958333,0.015663355455499923,0.0,False
base,0.25,0,0.574025148547635,-1.38581929876693,0.0,0.7492850821207837,-0.020166244637508143,0.0,False
base,0.25,0,1.060660171779821,-1.0606601717798214,0.0,0.7705929515277634,-0.052316255193712295,0.0,False
base,0.25,0,1.3858192987669298,-0.5740251485476355,0.0,0.7304371545004544,-0.042805644183711314,0.0,False
base,0.25,0,2.0,0.0,0.0,0.752646413056778,-0.021165977328073904,0.0,False
base,0.25,0,1.8477590650225735,0.7653668647301796,0.0,0.7591303518053603,0.05694241201525587,5.076226428025515e-16,False
base,0.25,0,1.4142135623730951,1.4142135623730951,0.0,0.7851467177682792,0.06679180381205632,0.0,False
base,0.25,0,0.7653668647301797,1.8477590650225735,0.0,0.7787629861344629,0.06425770363800538,1.269056607006378e-16,False
base,0.25,0,1.2246467991473532e-16,2.0,0.0,0.614080510501764,0.005583784808718053,2.0816681711721676e-17,False
base,0.25,0,-0.7653668647301795,1.8477590650225735,0.0,0.7882926731720075,-0.040059382176114385,0.0,False
base,0.25,0,-1.414213562373095,1.4142135623730951,0.0,0.776605906217793,-0.06024501745187497,1.0009626213055904e-16,False
base,0.25,0,-1.8477590650225735,0.7653668647301798,0.0,0.7547092675805359,-0.04146119606918392,0.0,False
base,0.25,0,-2.0,2.4492935982947064e-16,0.0,0.7530243514873658,0.017151028871296145,0.0,False
base,0.25,0,-1.8477590650225737,-0.7653668647301793,0.0,0.761177688879374,0.060335588463874004,0.0,False
base,0.25,0,-1.4142135623730954,-1.414213562373095,0.0,0.7635724705761044,0.08094788508635073,0.0,False
base,0.25,0,-0.7653668647301807,-1.847759065022573,0.0,0.744018887453,0.05322152117749866,0.0,False
base,0.25,0,-3.6739403974420594e-16,-2.0,0.0,0.7557856864009915,-0.01572405086227273,0.0,False
base,0.25,0,0.76536686473018,-1.8477590650225733,0.0,0.8200682215252024,-0.0491940661068632,0.0,False
base,0.25,0,1.4142135623730947,-1.4142135623730954,0.0,0.8176656802127507,-0.11904330226511904,0.0,False
base,0.25,0,1.847759065022573,-0.7653668647301808,0.0,0.7879796092207444,-0.10628027906962637,0.0,False
base,0.25,0,2.5,0.0,0.0,0.847402834760429,-0.04253739311536453,0.0,False
base,0.25,0,2.309698831278217,0.9567085809127245,0.0,0.800806606104131,0.09328145856157632,0.0,False
base,0.25,0,1.7677669529663689,1.7677669529663689,0.0,0.7972780444162895,0.10207084639637282,0.0,False
base,0.25,0,0.9567085809127246,2.309698831278217,0.0,0.8050790458683348,0.08851174850787812,0.0,False
base,0.25,0,1.5308084989341916e-16,2.5,0.0,0.7371471931410534,-0.026936871971381008,0.0,False
base,0.25,0,-0.9567085809127243,2.309698831278217,0.0,0.805247724261001,-0.05912998785605639,0.0,False
base,0.25,0,-1.7677669529663687,1.7677669529663689,0.0,0.778763969231379,-0.05665868663325312,0.0,False
base,0.25,0,-2.309698831278217,0.9567085809127247,0.0,0.806878574226068,-0.06589540436606425,0.0,False
base,0.25,0,-2.5,3.061616997868383e-16,0.0,0.8340352555770485,0.018147596618553113,0.0,False
base,0.25,0,-2.309698831278217,-0.9567085809127241,0.0,0.8201720203330881,0.0811261188243171,0.0,False
base,0.25,0,-1.7677669529663693,-1.7677669529663687,0.0,0.7885876910761204,0.08871876913760554,0.0,False
base,0.25,0,-0.9567085809127258,-2.309698831278216,0.0,0.7893566829870576,0.02476609549874452,-1.836360129833085e-17,False
base,0.25,0,-4.592425496802574e-16,-2.5,0.0,0.7156978634321606,-0.020248605378644556,0.0,False
base,0.25,0,0.956708580912725,-2.3096988312782165,0.0,0.83834299956022,-0.0036203280411829884,0.0,False
base,0.25,0,1.7677669529663684,-1.7677669529663693,0.0,0.8101400311772057,-0.08161833509431678,0.0,False
base,0.25,0,2.309698831278216,-0.956708580912726,0.0,0.8843527274119457,-0.14996086887129823,0.0,False
base,0.25,0,3.0,0.0,0.0,0.9737789107886927,-0.05308512273631916,0.0,False
base,0.25,0,2.77163859753386,1.1480502970952693,0.0,0.8677418630747551,0.1323894956284816,0.0,False
base,0.25,0,2.121320343559643,2.121320343559643,0.0,0.8414987753200386,0.13021695635946817,0.0,False
base,0.25,0,1.1480502970952695,2.77163859753386,0.0,0.8147164440056816,0.05175507891564961,0.0,False
base,0.25,0,1.8369701987210297e-16,3.0,0.0,0.8758895371861077,0.006335981692149342,0.0,False
base,0.25,0,-1.1480502970952693,2.77163859753386,0.0,0.8263402394953223,-0.053256929129182055,-2.40227205098651e-16,False
base,0.25,0,-2.1213203435596424,2.121320343559643,0.0,0.834732885658575,-0.07670944014318101,0.0,False
base,0.25,0,-2.77163859753386,1.1480502970952697,0.0,0.8753651556295879,-0.06301787473736864,0.0,False
base,0.25,0,-3.0,3.6739403974420594e-16,0.0,0.9136482534860867,0.009943842839574765,0.0,False
base,0.25,0,-2.7716385975338604,-1.148050297095269,0.0,0.8822920721938177,0.09754681795817811,0.0,False
base,0.25,0,-2.121320343559643,-2.1213203435596424,0.0,0.8510719548966051,0.09924657549979878,0.0,False
base,0.25,0,-1.148050297095271,-2.7716385975338595,0.0,0.848913540001266,0.04884299012514666,0.0,False
base,0.25,0,-5.51091059616309e-16,-3.0,0.0,0.6725014670967562,-0.028047705662022315,0.0,False
base,0.25,0,1.14805029709527,-2.77163859753386,0.0,0.8681784093086203,-0.019835789202663906,0.0,False
base,0.25,0,2.121320343559642,-2.121320343559643,0.0,0.8578823946217955,-0.07768499042820289,0.0,False
base,0.25,0,2.7716385975338595,-1.148050297095271,0.0,0.9157011633398894,-0.14011006261511744,0.0,False
base,0.25,0,0.5,0.0,0.2,0.6935492642703536,-0.008285040083515095,-0.0013669019944824612,False
base,0.25,0,0.46193976625564337,0.1913417161825449,0.2,0.6914209841077386,-0.00838298343192584,-0.001895028283860919,False
base,0.25,0,0.3535533905932738,0.3535533905932738,0.2,0.6882457620119236,-0.00802620632464502,-0.0020439997173540923,False
base,0.25,0,0.19134171618254492,0.46193976625564337,0.2,0.6840745191825283,-0.006833128773358604,-0.002012349955760913,False
base,0.25,0,3.061616997868383e-17,0.5,0.2,0.6803906781495241,-0.0036096250563002674,-0.0019138128693758638,False
base,0.25,0,-0.19134171618254486,0.46193976625564337,0.2,0.6800809719963186,0.000713776127661629,-0.001137723686895113,False
base,0.25,0,-0.35355339059327373,0.3535533905932738,0.2,0.682804262780951,0.0021903899503360946,0.0001466017969842082,False
base,0.25,0,-0.46193976625564337,0.19134171618254495,0.2,0.6858722357691652,0.0020467479011847625,0.0014146682314364846,False
base,0.25,0,-0.5,6.123233995736766e-17,0.2,0.6877961975695688,0.002740594134885921,0.0024807597616678836,False
base,0.25,0,-0.4619397662556434,-0.19134171618254484,0.2,0.6893218371481066,0.004834252921332625,0.0027735350519495195,False
base,0.25,0,-0.35355339059327384,-0.35355339059327373,0.2,0.6906381478249219,0.005697867826763405,0.0025650246367692584,False
base,0.25,0,-0.19134171618254517,-0.46193976625564326,0.2,0.6915648346227541,0.005179262720010027,0.0021478185931248523,False
base,0.25,0,-9.184850993605148e-17,-0.5,0.2,0.6925187329283158,0.0034177791994298833,0.0015713769780042134,False
base,0.25,0,0.191341716182545,-0.4619397662556433,0.2,0.6942739557196083,0.0007927863600350985,0.0008054423139322786,False
base,0.25,0,0.3535533905932737,-0.35355339059327384,0.2,0.6953214509321253,-0.0026760148212620276,3.4957263771968552e-06,False
base,0.25,0,0.46193976625564326,-0.1913417161825452,0.2,0.6950433193963326,-0.006109198969938737,-0.0006846211360915166,False
base,0.25,0,1.0,0.0,0.2,0.7018500578415874,-0.010021658703892555,-0.0037379454608880815,False
base,0.25,0,0.9238795325112867,0.3826834323650898,0.2,0.7034715473710649,-0.0067646808768783906,-0.0038141023834542564,False
base,0.25,0,0.7071067811865476,0.7071067811865476,0.2,0.7000936152863986,-0.009091256491371335,-0.003789070503296515,False
base,0.25,0,0.38268343236508984,0.9238795325112867,0.2,0.6844423343779248,-0.020110646094661462,-0.004694717571733578,False
base,0.25,0,6.123233995736766e-17,1.0,0.2,0.655793700331796,0.009321857071214645,-0.0035208234933266948,False
base,0.25,0,-0.3826834323650897,0.9238795325112867,0.2,0.6734483761169912,0.0321213339460575,0.00015567193795400615,False
base,0.25,0,-0.7071067811865475,0.7071067811865476,0.2,0.6902406248179666,0.01346865266928145,0.0015997835367767286,False
base,0.25,0,-0.9238795325112867,0.3826834323650899,0.2,0.6955064466777674,0.005322853821348341,0.0033614101302194884,False
base,0.25,0,-1.0,1.2246467991473532e-16,0.2,0.6982249244254516,0.005823526297000069,0.005002053300010979,False
base,0.25,0,-0.9238795325112868,-0.38268343236508967,0.2,0.7000890783454793,0.013959378026167183,0.005306484816211428,False
base,0.25,0,-0.7071067811865477,-0.7071067811865475,0.2,0.7008005168440165,0.013539779913061134,0.0042947096727247724,False
base,0.25,0,-0.38268343236509034,-0.9238795325112865,0.2,0.6949112877624477,0.018241399914346874,0.003887646858664621,False
base,0.25,0,-1.8369701987210297e-16,-1.0,0.2,0.6976108988290846,0.022695793318135392,0.0019735174003132137,False
base,0.25,0,0.38268343236509,-0.9238795325112866,0.2,0.7039169592070992,0.010900588332014514,-9.641510721468086e-05,False
base,0.25,0,0.7071067811865474,-0.7071067811865477,0.2,0.7087717741386864,-0.0012965491332053648,-0.0022509830284834146,False
base,0.25,0,0.9238795325112865,-0.3826834323650904,0.2,0.70506300004423,-0.011328104956683842,-0.0033843475294743387,False
base,0.25,0,1.5,0.0,0.2,0.7126596288652152,-0.009828816313389676,-0.008046630478916406,False
base,0.25,0,1.38581929876693,0.5740251485476346,0.2,0.7212781266199668,0.010129285536267326,-0.005752087280818735,False
base,0.25,0,1.0606601717798214,1.0606601717798214,0.2,0.737670453222657,0.016746108403412355,-0.00470638010942004,False
base,0.25,0,0.5740251485476348,1.38581929876693,0.2,0.7095968598801614,-0.012288318519451833,-0.012910507574908504,False
base,0.25,0,9.184850993605148e-17,1.5,0.2,0.5913188005836343,0.020922839255057894,-0.00011877530255484255,False
base,0.25,0,-0.5740251485476346,1.38581929876693,0.2,0.7132815955280403,0.047292106163178825,0.011179489617652538,False
base,0.25,0,-1.0606601717798212,1.0606601717798214,0.2,0.7295785417791862,-0.01115556041257115,0.002557254092452519,False
base,0.25,0,-1.38581929876693,0.5740251485476349,0.2,0.7145835033222038,-0.00448753767950974,0.006723076038603719,False
base,0.25,0,-1.5,1.8369701987210297e-16,0.2,0.7155069286541621,0.0092678162250011,0.007324891541296452,False
base,0.25,0,-1.3858192987669302,-0.5740251485476345,0.2,0.7227217522182374,0.03265587282633708,0.007412431444548241,False
base,0.25,0,-1.0606601717798214,-1.0606601717798212,0.2,0.7337034764480406,0.04188424285339347,0.005523313479983565,False
base,0.25,0,-0.5740251485476355,-1.3858192987669298,0.2,0.704937306058125,0.048048192651690406,0.00445730260260213,False
base,0.25,0,-2.755455298081545e-16,-1.5,0.2,0.7102797131156255,0.01581381787412781,-0.0021321191908907503,False
base,0.25,0,0.574025148547635,-1.38581929876693,0.2,0.7488930190414599,-0.020695676814647766,-0.003032853697633541,False
base,0.25,0,1.060660171779821,-1.0606601717798214,0.2,0.7708633422608293,-0.0532722686761593,-0.006694641252893449,False
base,0.25,0,1.3858192987669298,-0.5740251485476355,0.2,0.7292942011008228,-0.04283529609662664,-0.009670988922446772,False
base,0.25,0,2.0,0.0,0.2,0.7527653333497575,-0.020706011948912195,-0.011693377698022369,False
base,0.25,0,1.8477590650225735,0.7653668647301796,0.2,0.7603025921181041,0.05937918245955485,-0.0024354444681504894,False
base,0.25,0,1.4142135623730951,1.4142135623730951,0.2,0.7869725612857601,0.06835722004138486,0.005923113449572321,False
base,0.25,0,0.7653668647301797,1.8477590650225735,0.2,0.7820324747203503,0.06579987024701682,-0.008182927985375512,False
base,0.25,0,1.2246467991473532e-16,2.0,0.2,0.6092194818249907,0.005359463400348491,0.0005656405426978474,False
base,0.25,0,-0.7653668647301795,1.8477590650225735,0.2,0.7922386685258592,-0.041355723577755577,0.006927629006248919,False
base,0.25,0,-1.414213562373095,1.4142135623730951,0.2,0.7775959558083844,-0.06253263003418061,-0.005664549161208498,False
base,0.25,0,-1.8477590650225735,0.7653668647301798,0.2,0.7553093627820197,-0.043265416198225534,0.006776559612473987,False
base,0.25,0,-2.0,2.4492935982947064e-16,0.2,0.752856653243558,0.017590874617507683,0.00985721822200514,False
base,0.25,0,-1.8477590650225737,-0.7653668647301793,0.2,0.7617900006002654,0.061807717005459624,0.005228742439730931,False
base,0.25,0,-1.4142135623730954,-1.414213562373095,0.2,0.764579772711459,0.08251019755642919,-0.004232868480726131,False
base,0.25,0,-0.7653668647301807,-1.847759065022573,0.2,0.7441085474119055,0.054866380601148956,-0.004363164666628367,False
base,0.25,0,-3.6739403974420594e-16,-2.0,0.2,0.7568836875446502,-0.016178250151403582,0.0009697816100728898,False
base,0.25,0,0.76536686473018,-1.8477590650225733,0.2,0.821735898781354,-0.050404667246549725,0.00345655235328983,False
base,0.25,0,1.4142135623730947,-1.4142135623730954,0.2,0.8187439520573843,-0.1219138326982606,0.007880226372094372,False
base,0.25,0,1.847759065022573,-0.7653668647301808,0.2,0.7891079183287427,-0.10858779660423026,-0.008168791269106905,False
base,0.25,0,2.5,0.0,0.2,0.8504351635156016,-0.04231844170135206,-0.003633615605583529,False
base,0.25,0,2.309698831278217,0.9567085809127245,0.2,0.8023395310676444,0.09570350537400618,0.008595513198502934,False
base,0.25,0,1.7677669529663689,1.7677669529663689,0.2,0.7983725403850224,0.10257604259362871,0.012254879052460262,False
base,0.25,0,0.9567085809127246,2.309698831278217,0.2,0.807334459430026,0.08991214517329613,0.005582698472604366,False
base,0.25,0,1.5308084989341916e-16,2.5,0.2,0.7368982509778359,-0.028096419020023168,-0.0025213369661420126,False
base,0.25,0,-0.9567085809127243,2.309698831278217,0.2,0.8075634350175475,-0.060028425241422045,-0.004718858901262353,False
base,0.25,0,-1.7677669529663687,1.7677669529663689,0.2,0.7795481996777844,-0.05786032328567442,-0.014666492937924564,False
base,0.25,0,-2.309698831278217,0.9567085809127247,0.2,0.8084967535357923,-0.06841318145932353,-0.003643977859806959,False
base,0.25,0,-2.5,3.061616997868383e-16,0.2,0.8363007572482193,0.018398835052085675,0.005430565046909485,False
base,0.25,0,-2.309698831278217,-0.9567085809127241,0.2,0.8216273795536233,0.08284904499657941,-0.0023758223538287884,False
base,0.25,0,-1.7677669529663693,-1.7677669529663687,0.2,0.789062532857034,0.08962908853868119,-0.009114095693019297,False
base,0.25,0,-0.9567085809127258,-2.309698831278216,0.2,0.7897974023792039,0.02479265170127258,-0.006567480088563957,False
base,0.25,0,-4.592425496802574e-16,-2.5,0.2,0.7155453950152016,-0.02054293250440787,0.0012224475797217803,False
base,0.25,0,0.956708580912725,-2.3096988312782165,0.2,0.8400913727842007,-0.0037307461507580806,0.008636685105987824,False
base,0.25,0,1.7677669529663684,-1.7677669529663693,0.2,0.8096955435175347,-0.08287887670674632,0.014311739517519224,False
base,0.25,0,2.309698831278216,-0.956708580912726,0.2,0.8869634355008018,-0.15210394829967122,0.003799426682587832,False
base,0.25,0,3.0,0.0,0.2,0.9788992936550265,-0.0520657585648685,0.016404533370918628,False
base,0.25,0,2.77163859753386,1.1480502970952693,0.2,0.8709191037529561,0.13418335454204894,0.02262244188364284,False
base,0.25,0,2.121320343559643,2.121320343559643,0.2,0.8426402314834417,0.13033633839099157,0.01716887266743234,False
base,0.25,0,1.1480502970952695,2.77163859753386,0.2,0.8160003360848368,0.05168295010325162,0.011126425839739608,False
base,0.25,0,1.8369701987210297e-16,3.0,0.2,0.8773021076791584,0.00585619717581457,-0.006769183988258243,False
base,0.25,0,-1.1480502970952693,2.77163859753386,0.2,0.8286530527563185,-0.05331785022042074,-0.010643176961203829,False
base,0.25,0,-2.1213203435596424,2.121320343559643,0.2,0.8362059564667108,-0.07817646340879471,-0.02267580794147729,False
base,0.25,0,-2.77163859753386,1.1480502970952697,0.2,0.8781274501142832,-0.06503406763654433,-0.015806400939036992,False
base,0.25,0,-3.0,3.6739403974420594e-16,0.2,0.9171757130320816,0.010782775646124882,-0.010002407606061683,False
base,0.25,0,-2.7716385975338604,-1.148050297095269,0.2,0.8850177438920959,0.09830379593563202,-0.01429454747646168,False
base,0.25,0,-2.121320343559643,-2.1213203435596424,0.2,0.852180926138484,0.10029319378787101,-0.015874883722159148,False
base,0.25,0,-1.148050297095271,-2.7716385975338595,0.2,0.8500416832785875,0.0487198738324527,-0.007490512783786145,False
base,0.25,0,-5.51091059616309e-16,-3.0,0.2,0.6718421790561453,-0.028757375588141496,0.004103235359127922,False
base,0.25,0,1.14805029709527,-2.77163859753386,0.2,0.8698340235593289,-0.02051564305738769,0.013280036659786927,False
base,0.25,0,2.121320343559642,-2.121320343559643,0.2,0.8580228497938517,-0.07825315275967003,0.01579908142975404,False
base,0.25,0,2.7716385975338595,-1.148050297095271,0.2,0.918895683005347,-0.14199357788239653,0.02351412965910343,False
base,0.25,0,0.5,0.0,0.5,0.6919771922861584,-0.009939145884119704,-0.0024813624557344927,False
base,0.25,0,0.46193976625564337,0.1913417161825449,0.5,0.6898615967913602,-0.009853992281425604,-0.0038101529570767683,False
base,0.25,0,0.3535533905932738,0.3535533905932738,0.5,0.6869842206982437,-0.009480289152522563,-0.004188050725112926,False
base,0.25,0,0.19134171618254492,0.46193976625564337,0.5,0.6832132601648074,-0.008669023299587502,-0.004287124992560605,False
base,0.25,0,3.061616997868383e-17,0.5,0.5,0.6795230266541686,-0.005980082552063941,-0.004506882928154224,False
base,0.25,0,-0.19134171618254486,0.46193976625564337,0.5,0.6782892754583367,-0.0015620693170314295,-0.0030643580215364004,False
base,0.25,0,-0.35355339059327373,0.3535533905932738,0.5,0.6805383601933778,-4.053222715310905e-05,-0.00011402282563706379,False
base,0.25,0,-0.46193976625564337,0.19134171618254495,0.5,0.6835622476183341,-0.0001959580854691646,0.002967868898594728,False
base,0.25,0,-0.5,6.123233995736766e-17,0.5,0.685382768890641,0.0009151829922046104,0.005638922330953644,False
base,0.25,0,-0.4619397662556434,-0.19134171618254484,0.5,0.6869340435098678,0.003804186282095663,0.0062867961262150504,False
base,0.25,0,-0.35355339059327384,-0.35355339059327373,0.5,0.688619605719099,0.004790777664394154,0.005759221924745188,False
base,0.25,0,-0.19134171618254517,-0.46193976625564326,0.5,0.6898948788707995,0.003974171946602348,0.004916647398782138,False
base,0.25,0,-9.184850993605148e-17,-0.5,0.5,0.6909028963398952,0.0019239894468170715,0.003831063389171927,False
base,0.25,0,0.191341716182545,-0.4619397662556433,0.5,0.6926532442756012,-0.0004993517065985048,0.002349547794272033,False
base,0.25,0,0.3535533905932737,-0.35355339059327384,0.5,0.693650563124069,-0.0037910093332367565,0.0007342661087461802,False
base,0.25,0,0.46193976625564326,-0.1913417161825452,0.5,0.6934312707236682,-0.007435530015021365,-0.0007875231786563328,False
base,0.25,0,1.0,0.0,0.5,0.6986767135413735,-0.010125079299431405,-0.007248279914982003,False
base,0.25,0,0.9238795325112867,0.3826834323650898,0.5,0.7021669456097914,-0.007510871279653707,-0.007366355956444397,False
base,0.25,0,0.7071067811865476,0.7071067811865476,0.5,0.6988114316192245,-0.010024281888250667,-0.007057404326619605,False
base,0.25,0,0.38268343236508984,0.9238795325112867,0.5,0.6843408800355917,-0.025898723961147545,-0.008876109904900812,False
base,0.25,0,6.123233995736766e-17,1.0,0.5,0.6512740681349147,0.010514908069856206,-0.0079704886049847,False
base,0.25,0,-0.3826834323650897,0.9238795325112867,0.5,0.6699786252509478,0.037908564127592866,-0.0012884565337002497,False
base,0.25,0,-0.7071067811865475,0.7071067811865476,0.5,0.6864261951859112,0.013507095567847752,0.002441362471498847,False
base,0.25,0,-0.9238795325112867,0.3826834323650899,0.5,0.6924736906256115,0.0044593700164516185,0.00674442137922998,False
base,0.25,0,-1.0,1.2246467991473532e-16,0.5,0.6960214655065766,0.0038757497384089845,0.010887865438633513,False
base,0.25,0,-0.9238795325112868,-0.38268343236508967,0.5,0.6974604063389768,0.01397216152002283,0.01138198361316477,False
base,0.25,0,-0.7071067811865477,-0.7071067811865475,0.5,0.6991489103579073,0.012038039473592754,0.008434023470914702,False
base,0.25,0,-0.38268343236509034,-0.9238795325112865,0.5,0.6926356843638952,0.017714270054796002,0.008188597122331593,False
base,0.25,0,-1.8369701987210297e-16,-1.0,0.5,0.6957209459208862,0.02504495793419968,0.005376176937516145,False
base,0.25,0,0.38268343236509,-0.9238795325112866,0.5,0.6999390277228588,0.012160103740003727,0.0018237640608618792,False
base,0.25,0,0.7071067811865474,-0.7071067811865477,0.5,0.7040944262031286,0.0008511846840803423,-0.002956886670661574,False
base,0.25,0,0.9238795325112865,-0.3826834323650904,0.5,0.7002191210474409,-0.01048106133648427,-0.00598905819134572,False
base,0.25,0,1.5,0.0,0.5,0.7081392707158856,-0.006543219175930481,-0.015756895188413722,False
base,0.25,0,1.38581929876693,0.5740251485476346,0.5,0.720185698618707,0.010833712225879583,-0.009698514559115261,False
base,0.25,0,1.0606601717798214,1.0606601717798214,0.5,0.7397706350907529,0.020319100921210496,-0.0063346028049386756,False
base,0.25,0,0.5740251485476348,1.38581929876693,0.5,0.7146387517462752,-0.018190866030249338,-0.02281046473666533,False
base,0.25,0,9.184850993605148e-17,1.5,0.5,0.5686847815314127,0.023364901513611504,-0.0003084958006630641,False
base,0.25,0,-0.5740251485476346,1.38581929876693,0.5,0.7198926454889948,0.056488796346817007,0.018396876966289784,False
base,0.25,0,-1.0606601717798212,1.0606601717798214,0.5,0.7290910748979256,-0.01668105963745488,0.0029863198591247105,False
base,0.25,0,-1.38581929876693,0.5740251485476349,0.5,0.7115123434677317,-0.004617699962990796,0.013163880802272328,False
base,0.25,0,-1.5,1.8369701987210297e-16,0.5,0.7132046841802673,0.008010732211681134,0.014412075338334773,False
base,0.25,0,-1.3858192987669302,-0.5740251485476345,0.5,0.7217942932611097,0.03466544921159134,0.014621323226607207,False
base,0.25,0,-1.0606601717798214,-1.0606601717798212,0.5,0.7372297116644868,0.04484013465094723,0.008591131028004366,False
base,0.25,0,-0.5740251485476355,-1.3858192987669298,0.5,0.7023224382966531,0.053934035427532834,0.007406645264257508,False
base,0.25,0,-2.755455298081545e-16,-1.5,0.5,0.7097745355315477,0.015746765584499233,-0.0005222013302836052,False
base,0.25,0,0.574025148547635,-1.38581929876693,0.5,0.7478564248428703,-0.024007251853223138,0.001082902648330116,False
base,0.25,0,1.060660171779821,-1.0606601717798214,0.5,0.7719853490165294,-0.058377470648130175,-0.009753727222870415,False
base,0.25,0,1.3858192987669298,-0.5740251485476355,0.5,0.7246125270145802,-0.04341120611894076,-0.019272739139647214,False
base,0.25,0,2.0,0.0,0.5,0.7551090551802346,-0.01863741191399626,-0.019580546688072964,False
base,0.25,0,1.8477590650225735,0.7653668647301796,0.5,0.7669580924741503,0.071003774233007,0.002217291652974815,False
base,0.25,0,1.4142135623730951,1.4142135623730951,0.5,0.795609351703926,0.07576346771375761,0.02024465802094543,False
base,0.25,0,0.7653668647301797,1.8477590650225735,0.5,0.7968147142269902,0.07259879044079244,-0.008842572999170194,False
base,0.25,0,1.2246467991473532e-16,2.0,0.5,0.5898834247160026,0.004357774012815182,0.0008793915255626051,False
base,0.25,0,-0.7653668647301795,1.8477590650225735,0.5,0.8095629825106423,-0.04701912152633392,0.005336557248883194,False
base,0.25,0,-1.414213562373095,1.4142135623730951,0.5,0.7822886999835633,-0.07272422606250815,-0.016733616792797047,False
base,0.25,0,-1.8477590650225735,0.7653668647301798,0.5,0.7592711494160016,-0.05194249447942778,0.009459139978088844,False
base,0.25,0,-2.0,2.4492935982947064e-16,0.5,0.7532963702715572,0.019814533120853,0.017025051387828505,False
base,0.25,0,-1.8477590650225737,-0.7653668647301793,0.5,0.7657589342637487,0.06916017923775851,0.0054597826712314826,False
base,0.25,0,-1.4142135623730954,-1.414213562373095,0.5,0.7696636706053697,0.08955006629363378,-0.015050102390623528,False
base,0.25,0,-0.7653668647301807,-1.847759065022573,0.5,0.7456792415800242,0.061466871784620285,-0.01040504276418793,False
base,0.25,0,-3.6739403974420594e-16,-2.0,0.5,0.7619371363037004,-0.01757717399954127,0.004701019909225712,False
base,0.25,0,0.76536686473018,-1.8477590650225733,0.5,0.8284080003998647,-0.05506281931146191,0.01453182831764623,False
base,0.25,0,1.4142135623730947,-1.4142135623730954,0.5,0.8235410579732456,-0.13343701738385805,0.01844380626274879,False
base,0.25,0,1.847759065022573,-0.7653668647301808,0.5,0.7957032698323371,-0.11950401149128956,-0.010614789317175348,False
base,0.25,0,2.5,0.0,0.5,0.8665179673405214,-0.04113644119644011,0.008543624462286736,False
base,0.25,0,2.309698831278217,0.9567085809127245,0.5,0.811216294447245,0.10679243337214378,0.034158498809955085,False
base,0.25,0,1.7677669529663689,1.7677669529663689,0.5,0.8049374127703492,0.10476957703935896,0.03972991588479303,False
base,0.25,0,0.9567085809127246,2.309698831278217,0.5,0.8174514069729433,0.09576125819253332,0.018977938995433055,False
base,0.25,0,1.5308084989341916e-16,2.5,0.5,0.7364042967898334,-0.03177923836647969,-0.0044063515451471524,False
base,0.25,0,-0.9567085809127243,2.309698831278217,0.5,0.8174304610387958,-0.06425050486276078,-0.018575508630888412,False
base,0.25,0,-1.7677669529663687,1.7677669529663689,0.5,0.7845755824432583,-0.06406901854797036,-0.0398742898688259,False
base,0.25,0,-2.309698831278217,0.9567085809127247,0.5,0.8174226083913543,-0.08000345986995872,-0.020277163243648574,False
base,0.25,0,-2.5,3.061616997868383e-16,0.5,0.8483166602203309,0.019575711874708156,-9.609976773639121e-05,False
base,0.25,0,-2.309698831278217,-0.9567085809127241,0.5,0.8292533857235995,0.0915535773217734,-0.018034976316734962,False
base,0.25,0,-1.7677669529663693,-1.7677669529663687,0.5,0.7924706642876314,0.0939259181734409,-0.029362841339626536,False
base,0.25,0,-0.9567085809127258,-2.309698831278216,0.5,0.7924887927483362,0.02545159875725532,-0.018240095406356897,False
base,0.25,0,-4.592425496802574e-16,-2.5,0.5,0.717516667525719,-0.021364792426075217,0.004058581488738823,False
base,0.25,0,0.956708580912725,-2.3096988312782165,0.5,0.8478315333404076,-0.00518312216720261,0.02676690632540019,False
base,0.25,0,1.7677669529663684,-1.7677669529663693,0.5,0.8097758708848762,-0.08885571513864839,0.035611097418865985,False
base,0.25,0,2.309698831278216,-0.956708580912726,0.5,0.8986952173036681,-0.1611395635732089,0.0211416416919368,False
base,0.25,0,3.0,0.0,0.5,1.0013813875750257,-0.047658786374941364,0.05911053796634569,False
base,0.25,0,2.77163859753386,1.1480502970952693,0.5,0.8868627608384556,0.14118431639965692,0.07154638671189181,False
base,0.25,0,2.121320343559643,2.121320343559643,0.5,0.8492068133741036,0.1303850097268373,0.0529188999487195,False
base,0.25,0,1.1480502970952695,2.77163859753386,0.5,0.8228109646006546,0.052668000881808216,0.033712156826469296,False
base,0.25,0,1.8369701987210297e-16,3.0,0.5,0.8804657540562288,0.0039749264379936025,-0.007193069558345505,False
base,0.25,0,-1.1480502970952693,2.77163859753386,0.5,0.8373127508027446,-0.053788745901490624,-0.03175550689231808,False
base,0.25,0,-2.1213203435596424,2.121320343559643,0.5,0.8435901028441704,-0.08488186591191905,-0.06302586066372179,False
base,0.25,0,-2.77163859753386,1.1480502970952697,0.5,0.8920371726844758,-0.07470743789938701,-0.055048604400718425,False
base,0.25,0,-3.0,3.6739403974420594e-16,0.5,0.9345109267324202,0.013952598566784241,-0.041427865608669734,False
base,0.25,0,-2.7716385975338604,-1.148050297095269,0.5,0.8978851362084539,0.10284304631478301,-0.050384027160326667,False
base,0.25,0,-2.121320343559643,-2.1213203435596424,0.5,0.8573721532508197,0.10472632960198326,-0.04584350794907374,False
base,0.25,0,-1.148050297095271,-2.7716385975338595,0.5,0.8546873919191416,0.04801628073037519,-0.02117041518565275,False
base,0.25,0,-5.51091059616309e-16,-3.0,0.5,0.6733754115424061,-0.031171684123588242,0.008026878777321845,False
base,0.25,0,1.14805029709527,-2.77163859753386,0.5,0.8770410937921196,-0.023341403782805394,0.03803679654899535,False
base,0.25,0,2.121320343559642,-2.121320343559643,0.5,0.8595285281883,-0.0812127581462114,0.044801569992095634,False
base,0.25,0,2.7716385975338595,-1.148050297095271,0.5,0.932162334978336,-0.1489623549619219,0.05802711351734078,False
base,0.25,0,0.5,0.0,1.0,0.689981720345288,-0.01569206905845244,0.0022004538464655,False
base,0.25,0,0.46193976625564337,0.1913417161825449,1.0,0.6875627857911104,-0.013846019885035872,-0.00015451675968275425,False
base,0.25,0,0.3535533905932738,0.3535533905932738,1.0,0.6857868800343924,-0.012431422918484735,-0.0011807948583141845,False
base,0.25,0,0.19134171618254492,0.46193976625564337,1.0,0.6838787309229966,-0.012905738385449485,-0.002822861441328617,False
base,0.25,0,3.061616997868383e-17,0.5,1.0,0.6807253664873234,-0.01333893734864193,-0.006018776872148079,False
base,0.25,0,-0.19134171618254486,0.46193976625564337,1.0,0.675852345661817,-0.010035212803615034,-0.006545821248577383,False
base,0.25,0,-0.35355339059327373,0.3535533905932738,1.0,0.6759806490529676,-0.008770210261162755,-0.0032931369477270525,False
base,0.25,0,-0.46193976625564337,0.19134171618254495,1.0,0.6786527813081706,-0.008601229280552132,0.0012741347268190656,False
base,0.25,0,-0.5,6.123233995736766e-17,1.0,0.6798806121831608,-0.005206773448567683,0.0059366302677681376,False
base,0.25,0,-0.4619397662556434,-0.19134171618254484,1.0,0.681458202775277,0.0015107461189865028,0.006832382169908975,False
base,0.25,0,-0.35355339059327384,-0.35355339059327373,1.0,0.6846205988770204,0.0032985203517899068,0.006189348473826536,False
base,0.25,0,-0.19134171618254517,-0.46193976625564326,1.0,0.6873691672661055,0.0008735059885457078,0.0061290312606072945,False
base,0.25,0,-9.184850993605148e-17,-0.5,1.0,0.6887812616538401,-0.003176484876554529,0.006502366497090656,False
base,0.25,0,0.191341716182545,-0.4619397662556433,1.0,0.6910449606027116,-0.005530942379406158,0.006661036425251728,False
base,0.25,0,0.3535533905932737,-0.35355339059327384,1.0,0.6920662583852397,-0.008470343978347233,0.006280741950091609,False
base,0.25,0,0.46193976625564326,-0.1913417161825452,1.0,0.691804759286784,-0.01261091600195709,0.004965225700282011,False
base,0.25,0,1.0,0.0,1.0,0.692921216443311,-0.010875813321674643,0.0020420022255271952,False
base,0.25,0,0.9238795325112867,0.3826834323650898,1.0,0.7033764752202237,-0.0068699068623200585,0.002962250834777241,False
base,0.25,0,0.7071067811865476,0.7071067811865476,1.0,0.6994149402527675,-0.006711405047928781,0.004155034096453494,False
base,0.25,0,0.38268343236508984,0.9238795325112867,1.0,0.6899705836888035,-0.03275817683857052,0.0014378222282324896,False
base,0.25,0,6.123233995736766e-17,1.0,1.0,0.648161257896781,0.015629550990762398,-0.007818602745252588,False
base,0.25,0,-0.3826834323650897,0.9238795325112867,1.0,0.6646491060915535,0.047498700078990555,-0.010688137474316333,False
base,0.25,0,-0.7071067811865475,0.7071067811865476,1.0,0.6769443226304939,0.009941471416464976,-0.005931580323215781,False
base,0.25,0,-0.9238795325112867,0.3826834323650899,1.0,0.6868418963296913,0.00016909809000299525,8.183755456829203e-05,False
base,0.25,0,-1.0,1.2246467991473532e-16,1.0,0.6939381014887449,-0.0027050666303902737,0.006989936929846505,False
base,0.25,0,-0.9238795325112868,-0.38268343236508967,1.0,0.6934628767752974,0.017392763462579494,0.0067403644799394775,False
base,0.25,0,-0.7071067811865477,-0.7071067811865475,1.0,0.6987045267120137,0.013739270324454838,0.000808851101253252,False
base,0.25,0,-0.38268343236509034,-0.9238795325112865,1.0,0.6933876280670057,0.018565446018011637,0.003950066343931055,False
base,0.25,0,-1.8369701987210297e-16,-1.0,1.0,0.6966777269015685,0.02759504404748877,0.010636167822525893,False
base,0.25,0,0.38268343236509,-0.9238795325112866,1.0,0.6952122108633063,0.008439804560878271,0.014329253146389675,False
base,0.25,0,0.7071067811865474,-0.7071067811865477,1.0,0.695377315808305,0.0006504460937430687,0.01102260946806391,False
base,0.25,0,0.9238795325112865,-0.3826834323650904,1.0,0.6889544716850462,-0.0113715308368736,0.005639747016234395,False
base,0.25,0,1.5,0.0,1.0,0.7048258485578409,0.0049645409069083435,0.0032338718586002457,False
base,0.25,0,1.38581929876693,0.5740251485476346,1.0,0.7265310495420076,0.019932091421912677,0.017648274142697835,False
base,0.25,0,1.0606601717798214,1.0606601717798214,1.0,0.7532878892012685,0.04037306614559705,0.027778728684983846,False
base,0.25,0,0.5740251485476348,1.38581929876693,1.0,0.7383511036832043,-0.021793596072304952,0.01572906630875239,False
base,0.25,0,9.184850993605148e-17,1.5,1.0,0.5317781856407935,0.02787882832284453,-0.00047633542724762225,False
base,0.25,0,-0.5740251485476346,1.38581929876693,1.0,0.7426885471071245,0.06195109818511289,-0.01823060695544129,False
base,0.25,0,-1.0606601717798212,1.0606601717798214,1.0,0.7326293234884798,-0.03824447339244104,-0.018071208284593823,False
base,0.25,0,-1.38581929876693,0.5740251485476349,1.0,0.7106587670021776,-0.008982509429673578,-0.0037362858041372067,False
base,0.25,0,-1.5,1.8369701987210297e-16,1.0,0.7152245903195535,0.004552460357357012,-0.0022062559828173187,False
base,0.25,0,-1.3858192987669302,-0.5740251485476345,1.0,0.7276441872952126,0.04606273050047681,-0.004126607817873747,False
base,0.25,0,-1.0606601717798214,-1.0606601717798212,1.0,0.7513332564260573,0.06201338840655303,-0.018782769009433913,False
base,0.25,0,-0.5740251485476355,-1.3858192987669298,1.0,0.7106089453641267,0.0663460415692993,-0.010326741275612481,False
base,0.25,0,-2.755455298081545e-16,-1.5,1.0,0.7224556209518875,0.010078615077652902,0.01790032775060708,False
base,0.25,0,0.574025148547635,-1.38581929876693,1.0,0.7540551412475472,-0.040897651595569316,0.036908269252428204,False
base,0.25,0,1.060660171779821,-1.0606601717798214,1.0,0.7762819531871671,-0.08148200853734058,0.025187408862261416,False
base,0.25,0,1.3858192987669298,-0.5740251485476355,1.0,0.7201819880488696,-0.05229791269142081,0.0017445937768261533,False
base,0.25,0,2.0,0.0,1.0,0.7859972132794759,-0.012548435029459348,0.031784333758075434,False
base,0.25,0,1.8477590650225735,0.7653668647301796,1.0,0.8014903096117401,0.10881290764296125,0.060865914924744365,False
base,0.25,0,1.4142135623730951,1.4142135623730951,1.0,0.8237760706465244,0.09743186123851426,0.06796197031110005,False
base,0.25,0,0.7653668647301797,1.8477590650225735,1.0,0.8367912279278525,0.08706500750227757,0.04266045626127002,False
base,0.25,0,1.2246467991473532e-16,2.0,1.0,0.5689375964546483,0.0023000936324543246,-0.0005036204088880489,False
base,0.25,0,-0.7653668647301795,1.8477590650225735,1.0,0.848934207575235,-0.05980749965566473,-0.04579086906179648,False
base,0.25,0,-1.414213562373095,1.4142135623730951,1.0,0.8007388806984157,-0.09918534504399187,-0.051666740022788545,False
base,0.25,0,-1.8477590650225735,0.7653668647301798,1.0,0.78653278434017,-0.08305574072470377,-0.03638106812221099,False
base,0.25,0,-2.0,2.4492935982947064e-16,1.0,0.7723770941480015,0.02866409000801659,-0.024270462518277466,False
base,0.25,0,-1.8477590650225737,-0.7653668647301793,1.0,0.7922755183359709,0.097162297971704,-0.04308943755462402,False
base,0.25,0,-1.4142135623730954,-1.414213562373095,1.0,0.790594243725283,0.1082760256095536,-0.05185917175201993,False
base,0.25,0,-0.7653668647301807,-1.847759065022573,1.0,0.7638043937647849,0.07022303228233792,-0.021742691142421975,False
base,0.25,0,-3.6739403974420594e-16,-2.0,1.0,0.7788121911770547,-0.015710460453592832,0.015646240376008463,False
base,0.25,0,0.76536686473018,-1.8477590650225733,1.0,0.8383037604062512,-0.062047355902215745,0.04851131237531646,False
base,0.25,0,1.4142135623730947,-1.4142135623730954,1.0,0.8377502156950237,-0.15159722655715505,0.043166718150689905,False
base,0.25,0,1.847759065022573,-0.7653668647301808,1.0,0.8309356392816912,-0.15399886465954218,0.04451570234599237,False
base,0.25,0,2.5,0.0,1.0,0.9349878915518555,-0.0350036015129942,0.11414196052991432,False
base,0.25,0,2.309698831278217,0.9567085809127245,1.0,0.8557094246981848,0.13558648587370256,0.12715762784102883,False
base,0.25,0,1.7677669529663689,1.7677669529663689,1.0,0.8362226505168138,0.10957223818121849,0.10599819659213328,False
base,0.25,0,0.9567085809127246,2.309698831278217,1.0,0.844092478810314,0.10422787329129893,0.05576897392242158,False
base,0.25,0,1.5308084989341916e-16,2.5,1.0,0.7460305261007281,-0.028283485272962032,0.0019323576890119326,False
base,0.25,0,-0.9567085809127243,2.309698831278217,1.0,0.840113255034787,-0.07388700612367638,-0.059400723948583256,False
base,0.25,0,-1.7677669529663687,1.7677669529663689,1.0,0.8128980220648129,-0.08519706047715206,-0.089426187063776,False
base,0.25,0,-2.309698831278217,0.9567085809127247,1.0,0.8594146578229049,-0.11270874375198228,-0.10071732357125986,False
base,0.25,0,-2.5,3.061616997868383e-16,1.0,0.9023340049191124,0.023508599945668292,-0.08598595918997098,False
base,0.25,0,-2.309698831278217,-0.9567085809127241,1.0,0.8639185076891367,0.12115528145023023,-0.10027874149694163,False
base,0.25,0,-1.7677669529663693,-1.7677669529663687,1.0,0.8152903650834624,0.10492501358768365,-0.0830064264956252,False
base,0.25,0,-0.9567085809127258,-2.309698831278216,1.0,0.8091592786688082,0.03117569161851042,-0.039992540969353396,False
base,0.25,0,-4.592425496802574e-16,-2.5,1.0,0.7479420834261916,-0.01941210623022642,0.01166564836483377,False
base,0.25,0,0.956708580912725,-2.3096988312782165,1.0,0.8645986231694163,-0.017157237071352756,0.06281614254817679,False
base,0.25,0,1.7677669529663684,-1.7677669529663693,1.0,0.8300698437395975,-0.10400820527401002,0.06992277424919575,False
base,0.25,0,2.309698831278216,-0.956708580912726,1.0,0.9325254550854211,-0.17817480550766857,0.09963278100209627,False
base,0.25,0,3.0,0.0,1.0,1.0532961356281616,-0.03545810494104629,0.18183279145122988,False
base,0.25,0,2.77163859753386,1.1480502970952693,1.0,0.9390975220912288,0.14778037632491456,0.18437526812371452,False
base,0.25,0,2.121320343559643,2.121320343559643,1.0,0.8774720680740059,0.1254429311344546,0.12695828529855252,False
base,0.25,0,1.1480502970952695,2.77163859753386,1.0,0.8484373215824687,0.0620018588343124,0.07141340687942296,False
base,0.25,0,1.8369701987210297e-16,3.0,1.0,0.8729240295002867,0.0009271962889910515,0.015621798563778603,False
base,0.25,0,-1.1480502970952693,2.77163859753386,1.0,0.8525417656265052,-0.05573335079349593,-0.06973090791341906,False
base,0.25,0,-2.1213203435596424,2.121320343559643,1.0,0.8702343181292841,-0.0992630376879815,-0.12855565076548042,False
base,0.25,0,-2.77163859753386,1.1480502970952697,1.0,0.9396841134234044,-0.10101913809801824,-0.16366835332927765,False
base,0.25,0,-3.0,3.6739403974420594e-16,1.0,0.9915481282653733,0.016917133294752324,-0.1552763170775009,False
base,0.25,0,-2.7716385975338604,-1.148050297095269,1.0,0.935660962474389,0.11855751957705446,-0.15003322819592926,False
base,0.25,0,-2.121320343559643,-2.1213203435596424,1.0,0.8749952665974261,0.11021667327127112,-0.10325131885064835,False
base,0.25,0,-1.148050297095271,-2.7716385975338595,1.0,0.8661238331676113,0.04554171825482037,-0.04875472453374914,False
base,0.25,0,-5.51091059616309e-16,-3.0,1.0,0.7163217760011213,-0.03006291189671505,0.005852570462632449,False
base,0.25,0,1.14805029709527,-2.77163859753386,1.0,0.8919946003947157,-0.029690036282424025,0.07816295170801384,False
base,0.25,0,2.121320343559642,-2.121320343559643,1.0,0.874863867926677,-0.08961427702598845,0.0983960745302979,False
base,0.25,0,2.7716385975338595,-1.148050297095271,1.0,0.9591773772876024,-0.15259890424092115,0.11475121781833246,False
base,0.25,0,0.0,0.0,0.0,0.6868811328704145,-0.0022366403034508736,0.0,True
base,0.25,2,0.5,0.0,0.0,-1.6795610867470868e-18,-5.29847198579539e-18,0.4548837017735947,False
base,0.25,2,0.46193976625564337,0.1913417161825449,0.0,-7.618339609719553e-18,1.7320704126161307e-18,0.45175428335574175,False
base,0.25,2,0.3535533905932738,0.3535533905932738,0.0,-6.755892180808205e-18,3.412458760854155e-18,0.44811564433059353,False
base,0.25,2,0.19134171618254492,0.46193976625564337,0.0,2.4857275129841342e-18,-1.0642660391263159e-18,0.4459292559260571,False
base,0.25,2,3.061616997868383e-17,0.5,0.0,2.2342620542901473e-17,-1.4608532313812193e-17,0.4462392126021046,False
base,0.25,2,-0.19134171618254486,0.46193976625564337,0.0,2.619004369089449e-18,-9.64921143128614e-18,0.4483112599865464,False
base,0.25,2,-0.35355339059327373,0.3535533905932738,0.0,4.045807755107831e-18,-6.690290580050666e-18,0.4510342990304937,False
base,0.25,2,-0.46193976625564337,0.19134171618254495,0.0,6.249107201418251e-18,1.8263510768178134e-18,0.4532777563533501,False
base,0.25,2,-0.5,6.123233995736766e-17,0.0,1.02394565278486e-17,-6.8112387281127356e-18,0.4539873609709357,False
base,0.25,2,-0.4619397662556434,-0.19134171618254484,0.0,-1.23950287425614e-17,-2.6358191614493104e-18,0.4519796824149385,False
base,0.25,2,-0.35355339059327384,-0.35355339059327373,0.0,-1.2411449730376694e-17,1.3264153508422596e-18,0.44880234990249634,False
base,0.25,2,-0.19134171618254517,-0.46193976625564326,0.0,-8.523553767885451e-18,-7.467730758405429e-18,0.446517651285619,False
base,0.25,2,-9.184850993605148e-17,-0.5,0.0,8.559187235735357e-18,-1.461331044973119e-17,0.44649546768205145,False
base,0.25,2,0.191341716182545,-0.4619397662556433,0.0,1.906153352290086e-17,3.0084446287794084e-18,0.44827005905464173,False
base,0.25,2,0.3535533905932737,-0.35355339059327384,0.0,1.1023690646385684e-17,2.709537606019467e-18,0.45150914717824353,False
base,0.25,2,0.46193976625564326,-0.1913417161825452,0.0,5.953785694622561e-19,-1.1426580923262159e-17,0.4544202623540846,False
base,0.25,2,1.0,0.0,0.0,7.671299847177401e-19,-6.821302901328023e-18,0.45104739839502256,False
base,0.25,2,0.9238795325112867,0.3826834323650898,0.0,-3.3038933539500408e-18,-1.378274203780925e-17,0.4412347787854748,False
base,0.25,2,0.7071067811865476,0.7071067811865476,0.0,-1.8152028142932575e-17,-8.808909047987786e-18,0.42913974807398875,False
base,0.25,2,0.38268343236508984,0.9238795325112867,0.0,-1.5206295559484353e-17,-1.4553378365505817e-17,0.42098332104311054,False
base,0.25,2,6.123233995736766e-17,1.0,0.0,8.272160635298856e-18,-7.43779731425727e-18,0.4238986145019999,False
base,0.25,2,-0.3826834323650897,0.9238795325112867,0.0,7.90118470094846e-18,9.924233174635903e-19,0.4288833253175631,False
base,0.25,2,-0.7071067811865475,0.7071067811865476,0.0,-1.2016584876348775e-17,-7.780847110989865e-18,0.43927919318817465,False
base,0.25,2,-0.9238795325112867,0.3826834323650899,0.0,4.501536602791333e-18,-4.3973204035579854e-18,0.4472192034813237,False
base,0.25,2,-1.0,1.2246467991473532e-16,0.0,-1.2481184160059885e-17,-2.555348869617818e-18,0.44771403508289725,False
base,0.25,2,-0.9238795325112868,-0.38268343236508967,0.0,3.526451970171979e-18,-3.632474195560672e-18,0.44105054319413073,False
base,0.25,2,-0.7071067811865477,-0.7071067811865475,0.0,-1.3123552220150555e-17,-7.88767665724232e-18,0.4291665153191795,False
base,0.25,2,-0.38268343236509034,-0.9238795325112865,0.0,6.5820922545749835e-18,-2.0949565368181557e-18,0.419077766030497,False
base,0.25,2,-1.8369701987210297e-16,-1.0,0.0,-3.855303609825141e-18,-5.012900829520314e-18,0.4173202882731264,False
base,0.25,2,0.38268343236509,-0.9238795325112866,0.0,-1.7762629516907984e-17,1.795095858276895e-18,0.4239239541305908,False
base,0.25,2,0.7071067811865474,-0.7071067811865477,0.0,-5.508893006085585e-18,4.293086424824547e-18,0.4373246672613248,False
base,0.25,2,0.9238795325112865,-0.3826834323650904,0.0,-8.380618125675222e-18,1.455695212839779e-17,0.44908312257942096,False
base,0.25,2,1.5,0.0,0.0,-1.1224907349574966e-17,-4.894877364806202e-18,0.44253135084307443,False
base,0.25,2,1.38581929876693,0.5740251485476346,0.0,4.045758327670474e-18,-2.828167514573165e-18,0.42687120881825336,False
base,0.25,2,1.0606601717798214,1.0606601717798214,0.0,8.743592903718256e-18,2.1869355869080898e-17,0.40109221933097855,False
base,0.25,2,0.5740251485476348,1.38581929876693,0.0,6.477157309419732e-19,1.3065903645902651e-17,0.3989061986437559,False
base,0.25,2,9.184850993605148e-17,1.5,0.0,1.1828207342816436e-18,-6.2564823894644516e-18,0.4231517677370309,False
base,0.25,2,-0.5740251485476346,1.38581929876693,0.0,-3.631485230708829e-18,1.0263292593465893e-17,0.40200346082898336,False
base,0.25,2,-1.0606601717798212,1.0606601717798214,0.0,7.650715731508763e-18,-7.16568327140756e-18,0.41450433518595675,False
base,0.25,2,-1.38581929876693,0.5740251485476349,0.0,6.484415434539971e-18,-7.643501197959093e-18,0.4357472282463791,False
base,0.25,2,-1.5,1.8369701987210297e-16,0.0,1.802699620858485e-17,4.621565465817981e-18,0.4381605024433922,False
base,0.25,2,-1.3858192987669302,-0.5740251485476345,0.0,2.0287686394997007e-17,-4.079042024469773e-18,0.42545098461703,False
base,0.25,2,-1.0606601717798214,-1.0606601717798212,0.0,1.895460124470812e-17,1.7859659661054722e-17,0.4007121659643683,False
base,0.25,2,-0.5740251485476355,-1.3858192987669298,0.0,-1.9305885096242692e-18,4.989040423316223e-18,0.39238714648366024,False
base,0.25,2,-2.755455298081545e-16,-1.5,0.0,3.2393299474773017e-18,1.7299184063445975e-17,0.38634693225178984,False
base,0.25,2,0.574025148547635,-1.38581929876693,0.0,-1.7776230010480376e-18,-1.223002538542209e-17,0.3913891700174089,False
base,0.25,2,1.060660171779821,-1.0606601717798214,0.0,4.031847484298891e-18,-7.38294232404583e-18,0.40883304619767225,False
base,0.25,2,1.3858192987669298,-0.5740251485476355,0.0,-9.466680557175737e-18,-6.943321904290442e-19,0.4348319142067607,False
base,0.25,2,2.0,0.0,0.0,-8.962209890136634e-18,-8.636991220483626e-18,0.4278615637698694,False
base,0.25,2,1.8477590650225735,0.7653668647301796,0.0,4.526746093622736e-18,1.4792800735505033e-18,0.412670422232137,False
base,0.25,2,1.4142135623730951,1.4142135623730951,0.0,-1.646023403316448e-17,2.386817408542717e-18,0.39036697090403594,False
base,0.25,2,0.7653668647301797,1.8477590650225735,0.0,-1.0314227123964438e-17,-1.948969737809752e-18,0.39827869193642806,False
base,0.25,2,1.2246467991473532e-16,2.0,0.0,-2.107966176408661e-17,1.6866511041204915e-17,0.42436675936971563,False
base,0.25,2,-0.7653668647301795,1.8477590650225735,0.0,8.527375085676394e-18,1.2806786736257561e-17,0.39499995929487103,False
base,0.25,2,-1.414213562373095,1.4142135623730951,0.0,1.265457420061009e-17,3.837593526547961e-18,0.3985349630672386,False
base,0.25,2,-1.8477590650225735,0.7653668647301798,0.0,2.017799277880132e-18,-8.892982373208648e-19,0.41959537298672434,False
base,0.25,2,-2.0,2.4492935982947064e-16,0.0,5.2285818304981e-18,5.821381758386964e-18,0.4259477408473171,False
base,0.25,2,-1.8477590650225737,-0.7653668647301793,0.0,4.515778864548629e-18,3.892056332491331e-19,0.4103675843325796,False
base,0.25,2,-1.4142135623730954,-1.414213562373095,0.0,4.846784696208044e-19,-2.156369363360833e-18,0.39031676644707614,False
base,0.25,2,-0.7653668647301807,-1.847759065022573,0.0,2.054969435971994e-18,1.662995887385237e-17,0.39133748277748137,False
base,0.25,2,-3.6739403974420594e-16,-2.0,0.0,-2.5737495371559715e-19,6.143455115503167e-19,0.3892171488431986,False
base,0.25,2,0.76536686473018,-1.8477590650225733,0.0,-2.0959641468435938e-18,-8.499793682836743e-18,0.38879797623670476,False
base,0.25,2,1.4142135623730947,-1.4142135623730954,0.0,-1.0402982919955205e-17,-3.3255708872976856e-18,0.39660044415471474,False
base,0.25,2,1.847759065022573,-0.7653668647301808,0.0,1.580788835320459e-17,-9.639953094633872e-18,0.4148339662572048,False
base,0.25,2,2.5,0.0,0.0,2.652815472784492e-17,9.851896134815886e-18,0.41790713153484105,False
base,0.25,2,2.309698831278217,0.9567085809127245,0.0,-9.172055924880784e-18,-1.5243957926426334e-18,0.41795883908937415,False
base,0.25,2,1.7677669529663689,1.7677669529663689,0.0,-2.6691283286507926e-17,-6.3192893930562746e-18,0.41365903592170067,False
base,0.25,2,0.9567085809127246,2.309698831278217,0.0,1.2206212959209997e-17,7.597284319462713e-18,0.4126887675168015,False
base,0.25,2,1.5308084989341916e-16,2.5,0.0,1.5938022768749412e-18,-1.151939919668302e-17,0.4166349370687096,False
base,0.25,2,-0.9567085809127243,2.309698831278217,0.0,1.2773023741455418e-17,-8.227287123869726e-18,0.4159788858901994,False
base,0.25,2,-1.7677669529663687,1.7677669529663689,0.0,-1.6166027968439056e-17,5.690399539374202e-18,0.41675045241597103,False
base,0.25,2,-2.309698831278217,0.9567085809127247,0.0,-8.457506570295887e-20,-8.683194014925263e-19,0.4182074269864147,False
base,0.25,2,-2.5,3.061616997868383e-16,0.0,2.4331140634149224e-17,3.010442368014322e-17,0.41602677376288577,False
base,0.25,2,-2.309698831278217,-0.9567085809127241,0.0,-5.830897058162639e-19,-6.113122451037864e-18,0.4069736300209498,False
base,0.25,2,-1.7677669529663693,-1.7677669529663687,0.0,2.8022725349174524e-18,7.756040862237092e-18,0.40734863416087247,False
base,0.25,2,-0.9567085809127258,-2.309698831278216,0.0,-1.1542861014159569e-17,8.934096910753521e-18,0.417718044838008,False
base,0.25,2,-4.592425496802574e-16,-2.5,0.0,3.0076667674699012e-18,1.6437004523756138e-17,0.42692704163402767,False
base,0.25,2,0.956708580912725,-2.3096988312782165,0.0,3.60317363739897e-19,1.421733947521371e-17,0.42289350312141955,False
base,0.25,2,1.7677669529663684,-1.7677669529663693,0.0,9.631419139552389e-18,-1.347371048411766e-17,0.41856571993057756,False
base,0.25,2,2.309698831278216,-0.956708580912726,0.0,-1.2831575827624586e-17,4.145693348425598e-18,0.4131434510145361,False
base,0.25,2,3.0,0.0,0.0,-1.9430285601990653e-17,7.551874931934187e-18,0.43322526095289027,False
base,0.25,2,2.77163859753386,1.1480502970952693,0.0,2.738520594506704e-18,-5.811063612181994e-18,0.44765061486627766,False
base,0.25,2,2.121320343559643,2.121320343559643,0.0,7.770968182846985e-19,7.40323117234238e-18,0.4515501387872929,False
base,0.25,2,1.1480502970952695,2.77163859753386,0.0,-8.569316993608272e-18,-7.870564426073925e-19,0.4434841364743893,False
base,0.25,2,1.8369701987210297e-16,3.0,0.0,-1.9484725528923118e-17,9.757832251753031e-18,0.4508975216444858,False
base,0.25,2,-1.1480502970952693,2.77163859753386,0.0,-7.271235691275044e-18,-1.89589071270933e-17,0.457168590622753,False
base,0.25,2,-2.1213203435596424,2.121320343559643,0.0,7.300090646812571e-18,-1.3776041017720914e-17,0.46078516585663293,False
base,0.25,2,-2.77163859753386,1.1480502970952697,0.0,1.8716474305872632e-17,2.746831147768175e-18,0.44079870862136294,False
base,0.25,2,-3.0,3.6739403974420594e-16,0.0,-6.0795902636141585e-18,-4.7004957443392465e-18,0.4251041706293417,False
base,0.25,2,-2.7716385975338604,-1.148050297095269,0.0,1.3776148148186841e-17,1.4642291093245095e-17,0.42279844414460765,False
base,0.25,2,-2.121320343559643,-2.1213203435596424,0.0,-3.911343365845924e-18,-2.1332367171567566e-18,0.441135947129631,False
base,0.25,2,-1.148050297095271,-2.7716385975338595,0.0,1.9473028708004853e-17,-4.134980790814891e-18,0.44786340986452333,False
base,0.25,2,-5.51091059616309e-16,-3.0,0.0,-3.5597632877556494e-18,1.4573514403181154e-17,0.461639125941592,False
base,0.25,2,1.14805029709527,-2.77163859753386,0.0,6.318501958180597e-18,1.2446230453835554e-17,0.4686240228144055,False
base,0.25,2,2.121320343559642,-2.121320343559643,0.0,-9.844259365720744e-18,1.0542569488824109e-17,0.45547328034861023,False
base,0.25,2,2.7716385975338595,-1.148050297095271,0.0,-1.0242062294468313e-17,3.0509999995475777e-18,0.4395940550167204,False
base,0.25,2,0.5,0.0,0.2,-0.0009282423737280222,-0.0015041408491185627,0.45836810414147733,False
base,0.25,2,0.46193976625564337,0.1913417161825449,0.2,-0.001342644487700751,-0.004175770777539706,0.4552426969136756,False
base,0.25,2,0.3535533905932738,0.3535533905932738,0.2,-0.0014913581379733035,-0.00607171632890445,0.4516789764505885,False
base,0.25,2,0.19134171618254492,0.46193976625564337,0.2,-0.0014849128663028941,-0.007012547679531848,0.4495109664626423,False
base,0.25,2,3.061616997868383e-17,0.5,0.2,-0.001364608762503161,-0.006895554480971605,0.4497713415787113,False
base,0.25,2,-0.19134171618254486,0.46193976625564337,0.2,-0.0007673702628015911,-0.005827403421076912,0.45184699942241396,False
base,0.25,2,-0.35355339059327373,0.3535533905932738,0.2,0.0001234669095232591,-0.004073226072910628,0.4545030298677638,False
base,0.25,2,-0.46193976625564337,0.19134171618254495,0.2,0.0009734704389657382,-0.0017192519786446028,0.45664157193282867,False
base,0.25,2,-0.5,6.123233995736766e-17,0.2,0.0016755881866823863,0.000732149333915793,0.45735074426950373,False
base,0.25,2,-0.4619397662556434,-0.19134171618254484,0.2,0.0018093621458592452,0.0034959090737595247,0.4555610358156148,False
base,0.25,2,-0.35355339059327384,-0.35355339059327373,0.2,0.0016042185695403948,0.006053809808532458,0.45262599304267936,False
base,0.25,2,-0.19134171618254517,-0.46193976625564326,0.2,0.0013153354286027689,0.00776844484811333,0.4504928409156594,False
base,0.25,2,-9.184850993605148e-17,-0.5,0.2,0.0009785561646362352,0.008123213563815651,0.45050228044648477,False
base,0.25,2,0.191341716182545,-0.4619397662556433,0.2,0.0005549667112982992,0.007096140420668266,0.4522289819774457,False
base,0.25,2,0.3535533905932737,-0.35355339059327384,0.2,7.90653846382322e-05,0.004913145991094645,0.4553329521417513,False
base,0.25,2,0.46193976625564326,-0.1913417161825452,0.2,-0.0004007464169677407,0.0018599069573346104,0.4580553426773438,False
base,0.25,2,1.0,0.0,0.2,-0.0022777508353121812,-0.0026217727119717707,0.4550488833711067,False
base,0.25,2,0.9238795325112867,0.3826834323650898,0.2,-0.0023565506484470393,-0.007372174179829905,0.44542377378815406,False
base,0.25,2,0.7071067811865476,0.7071067811865476,0.2,-0.0025264952648712848,-0.010954051659619914,0.43402766868121495,False
base,0.25,2,0.38268343236508984,0.9238795325112867,0.2,-0.0033763319486765056,-0.009733164012912934,0.4261497549312621,False
base,0.25,2,6.123233995736766e-17,1.0,0.2,-0.0024284454539516115,-0.0064422212512054945,0.42867382454971414,False
base,0.25,2,-0.3826834323650897,0.9238795325112867,0.2,0.00034456936032724105,-0.00992385461987139,0.43374740766601216,False
base,0.25,2,-0.7071067811865475,0.7071067811865476,0.2,0.0011156507254498939,-0.009082944500551707,0.44385154157888007,False
base,0.25,2,-0.9238795325112867,0.3826834323650899,0.2,0.0021168845802322887,-0.0033946447706959975,0.4511820471948195,False
base,0.25,2,-1.0,1.2246467991473532e-16,0.2,0.0032051606821261462,0.0018056919290558235,0.4513493639352203,False
base,0.25,2,-0.9238795325112868,-0.38268343236508967,0.2,0.003166947788341171,0.006421286974464983,0.445354647127068,False
base,0.25,2,-0.7071067811865477,-0.7071067811865475,0.2,0.002210302191391859,0.011409542197695178,0.4343157861605301,False
base,0.25,2,-0.38268343236509034,-0.9238795325112865,0.2,0.0020551591617134226,0.011553358887735482,0.4249299908064604,False
base,0.25,2,-1.8369701987210297e-16,-1.0,0.2,0.0012228790767089218,0.01251875512509583,0.4234927351866446,False
base,0.25,2,0.38268343236509,-0.9238795325112866,0.2,0.0003580081142539926,0.012699160042113442,0.43002447275085925,False
base,0.25,2,0.7071067811865474,-0.7071067811865477,0.2,-0.0007373366320759638,0.0107121658460816,0.4425561822275862,False
base,0.25,2,0.9238795325112865,-0.3826834323650904,0.2,-0.0016968928472294535,0.004843996928698039,0.45361454566814075,False
base,0.25,2,1.5,0.0,0.2,-0.0045411805159234105,-0.0016176915438140373,0.44746839299969826,False
base,0.25,2,1.38581929876693,0.5740251485476346,0.2,-0.002687424247040245,-0.009609113116204295,0.432726484157432,False
base,0.25,2,1.0606601717798214,1.0606601717798214,0.2,-0.0021689204807382365,-0.011536044824280197,0.40952130747146837,False
base,0.25,2,0.5740251485476348,1.38581929876693,0.2,-0.008426072082094173,-0.0008212566144137413,0.4081418121688354,False
base,0.25,2,9.184850993605148e-17,1.5,0.2,-0.00014139170921914366,0.00326462529738506,0.43075344784235453,False
base,0.25,2,-0.5740251485476346,1.38581929876693,0.2,0.007423143107084097,-0.005112788377251544,0.41094444854542794,False
base,0.25,2,-1.0606601717798212,1.0606601717798214,0.2,0.0011664933427598665,-0.012647227307678222,0.42183007902642117,False
base,0.25,2,-1.38581929876693,0.5740251485476349,0.2,0.0036108084905645,-0.006322953709185355,0.4409502307500605,False
base,0.25,2,-1.5,1.8369701987210297e-16,0.2,0.004189562601138019,0.002976065206430065,0.44263677128601786,False
base,0.25,2,-1.3858192987669302,-0.5740251485476345,0.2,0.0037581412225679853,0.008083119493544323,0.4312531417343638,False
base,0.25,2,-1.0606601717798214,-1.0606601717798212,0.2,0.0021250351723514343,0.011329003162987294,0.4091202289776255,False
base,0.25,2,-0.5740251485476355,-1.3858192987669298,0.2,0.0018324245308962233,0.006442389623784612,0.40336657940208936,False
base,0.25,2,-2.755455298081545e-16,-1.5,0.2,-0.0010941376946305367,0.007214876375538826,0.39958811591824317,False
base,0.25,2,0.574025148547635,-1.38581929876693,0.2,-0.0005515512179544038,0.008922438852480778,0.4051367118750889,False
base,0.25,2,1.060660171779821,-1.0606601717798214,0.2,-0.002158439606483332,0.013198443757339681,0.4183487261335882,False
base,0.25,2,1.3858192987669298,-0.5740251485476355,0.2,-0.00470323965365567,0.008539159298897456,0.4409341729804489,False
base,0.25,2,2.0,0.0,0.2,-0.005697552559669428,0.00019802923973241682,0.43481152815665924,False
base,0.25,2,1.8477590650225735,0.7653668647301796,0.2,0.0003744626864811661,-0.006993941438624559,0.42156488424828986,False
base,0.25,2,1.4142135623730951,1.4142135623730951,0.2,0.004535096191836379,0.002043017176214106,0.4051302517693518,False
base,0.25,2,0.7653668647301797,1.8477590650225735,0.2,-0.004020502556037828,0.005171701574903278,0.41282578039282664,False
base,0.25,2,1.2246467991473532e-16,2.0,0.2,0.0002965408697516129,-0.0032633305148682735,0.43531329606317287,False
base,0.25,2,-0.7653668647301795,1.8477590650225735,0.2,0.00358560830469474,0.00606510702746813,0.410770739618768,False
base,0.25,2,-1.414213562373095,1.4142135623730951,0.2,-0.004597517440743028,-0.0024206487650277253,0.4119339990483004,False
base,0.25,2,-1.8477590650225735,0.7653668647301798,0.2,0.002625830565648808,-0.005643316821425911,0.4271540101679502,False
base,0.25,2,-2.0,2.4492935982947064e-16,0.2,0.004769715448524776,0.002550956086033815,0.4322405021778233,False
base,0.25,2,-1.8477590650225737,-0.7653668647301793,0.2,0.001402919148605874,0.006716695804317916,0.4188427927007923,False
base,0.25,2,-1.4142135623730954,-1.414213562373095,0.2,-0.0034642445396602492,-0.0009897659471148179,0.4044657057859954,False
base,0.25,2,-0.7653668647301807,-1.847759065022573,0.2,-0.002822079308106293,-0.007220804445676175,0.41037349363317466,False
base,0.25,2,-3.6739403974420594e-16,-2.0,0.2,0.0011815451997965543,-0.010984234212378773,0.4127407899826236,False
base,0.25,2,0.76536686473018,-1.8477590650225733,0.2,0.0028529859226408983,-0.008472910640593792,0.41340365402333823,False
base,0.25,2,1.4142135623730947,-1.4142135623730954,0.2,0.005491388341130772,-0.00046619233311645796,0.4135946188212319,False
base,0.25,2,1.847759065022573,-0.7653668647301808,0.2,-0.0028780409732526,0.005773157115142416,0.4239664926066229,False
base,0.25,2,2.5,0.0,0.2,0.0009365798119155834,0.0005979152023013912,0.429575578318766,False
base,0.25,2,2.309698831278217,0.9567085809127245,0.2,0.00769446458270125,0.0016749058344908844,0.4318293169725244,False
base,0.25,2,1.7677669529663689,1.7677669529663689,0.2,0.008304438254527839,0.010488335750553175,0.43327486569536894,False
base,0.25,2,0.9567085809127246,2.309698831278217,0.2,0.004709783836613797,0.008911458614521063,0.4336576171244233,False
base,0.25,2,1.5308084989341916e-16,2.5,0.2,-0.002301730762347236,0.0064834111975206055,0.43718672058991886,False
base,0.25,2,-0.9567085809127243,2.309698831278217,0.2,-0.004090558356731173,0.012430808311809819,0.4378985858242548,False
base,0.25,2,-1.7677669529663687,1.7677669529663689,0.2,-0.009604625542723984,0.009279643045469674,0.43528307206208666,False
base,0.25,2,-2.309698831278217,0.9567085809127247,0.2,-0.004389275612803566,0.002754837773974103,0.430216230177593,False
base,0.25,2,-2.5,3.061616997868383e-16,0.2,0.0005193661872293195,0.0013533707602990093,0.4258612386625667,False
base,0.25,2,-2.309698831278217,-0.9567085809127241,0.2,-0.0038347659724633477,0.0009173524096568915,0.42030417382969304,False
base,0.25,2,-1.7677669529663693,-1.7677669529663687,0.2,-0.005985793248000064,-0.008880015664285385,0.4268399473255461,False
base,0.25,2,-0.9567085809127258,-2.309698831278216,0.2,-0.0037421592704775025,-0.011462269773994858,0.4405708267516167,False
base,0.25,2,-4.592425496802574e-16,-2.5,0.2,0.0011420007575886353,-0.01511299728000014,0.44835983430302884,False
base,0.25,2,0.956708580912725,-2.3096988312782165,0.2,0.005345748997525204,-0.015469417094086033,0.44961143153144656,False
base,0.25,2,1.7677669529663684,-1.7677669529663693,0.2,0.007887740124889424,-0.010308331330749383,0.4396130031399141,False
base,0.25,2,2.309698831278216,-0.956708580912726,0.2,0.004880920646236497,-0.001804956115140784,0.42740219926822637,False
base,0.25,2,3.0,0.0,0.2,0.013703298721646762,0.002435460225271985,0.45196474480989235,False
base,0.25,2,2.77163859753386,1.1480502970952693,0.2,0.016233789613447167,0.008140168070077579,0.46769003064339776,False
base,0.25,2,2.121320343559643,2.121320343559643,0.2,0.011267843509879106,0.011805163497207527,0.47466818925250726,False
base,0.25,2,1.1480502970952695,2.77163859753386,0.2,0.007213888380366348,0.012666965953317105,0.4688105772082855,False
base,0.25,2,1.8369701987210297e-16,3.0,0.2,-0.004268250643242214,0.017288986843116718,0.47653020094787385,False
base,0.25,2,-1.1480502970952693,2.77163859753386,0.2,-0.007425772560920772,0.017883759255668378,0.4831235086348435,False
base,0.25,2,-2.1213203435596424,2.121320343559643,0.2,-0.014689962458259721,0.01679844322980549,0.4841134050656729,False
base,0.25,2,-2.77163859753386,1.1480502970952697,0.2,-0.01198267303470516,0.009652039427302538,0.45861299051759596,False
base,0.25,2,-3.0,3.6739403974420594e-16,0.2,-0.009209194543986261,0.00015183175598013397,0.4402978583803652,False
base,0.25,2,-2.7716385975338604,-1.148050297095269,0.2,-0.010727389178291028,-0.004910121798509743,0.4424811064363345,False
base,0.25,2,-2.121320343559643,-2.1213203435596424,0.2,-0.009570678135359157,-0.014001584868330577,0.46573830964839524,False
base,0.25,2,-1.148050297095271,-2.7716385975338595,0.2,-0.0046387170429345115,-0.012502263988115072,0.4749921385632537,False
base,0.25,2,-5.51091059616309e-16,-3.0,0.2,0.0030236789174290448,-0.013460332781334738,0.4816246708998396,False
base,0.25,2,1.14805029709527,-2.77163859753386,0.2,0.008911577652972893,-0.018911658824885734,0.49693999656635035,False
base,0.25,2,2.121320343559642,-2.121320343559643,0.2,0.00827966862060859,-0.016512144462355258,0.48141197709585626,False
base,0.25,2,2.7716385975338595,-1.148050297095271,0.2,0.014756443116318262,-0.007097599580744476,0.45649232407626195,False
base,0.25,2,0.5,0.0,0.5,-0.001790710040052712,-0.00401757599983249,0.47563863438987874,False
base,0.25,2,0.46193976625564337,0.1913417161825449,0.5,-0.002834446524646132,-0.009995057211898646,0.4726693724329224,False
base,0.25,2,0.3535533905932738,0.3535533905932738,0.5,-0.0031910955056525993,-0.014169623367561387,0.4696150007270009,False
base,0.25,2,0.19134171618254492,0.46193976625564337,0.5,-0.0032784667480542755,-0.01627153600777541,0.46764044471827726,False
base,0.25,2,3.061616997868383e-17,0.5,0.5,-0.003296366856827715,-0.015986573353590217,0.46766352186836757,False
base,0.25,2,-0.19134171618254486,0.46193976625564337,0.5,-0.0021160475312247797,-0.013357648728296562,0.4696224922971814,False
base,0.25,2,-0.35355339059327373,0.3535533905932738,0.5,-7.668684577507917e-06,-0.009256321601256837,0.4718401819315453,False
base,0.25,2,-0.46193976625564337,0.19134171618254495,0.5,0.0021229284421659233,-0.0039384595913685115,0.4734155167443288,False
base,0.25,2,-0.5,6.123233995736766e-17,0.5,0.0039434677342079505,0.001401690173329971,0.4740922997524394,False
base,0.25,2,-0.4619397662556434,-0.19134171618254484,0.5,0.004236115710226341,0.007654019936199072,0.47334146962794077,False
base,0.25,2,-0.35355339059327384,-0.35355339059327373,0.5,0.0036968847575702107,0.01355390277325684,0.4716492178250981,False
base,0.25,2,-0.19134171618254517,-0.46193976625564326,0.5,0.0030618511627532245,0.0175498074250568,0.47032271632215783,False
base,0.25,2,-9.184850993605148e-17,-0.5,0.5,0.002397821781186416,0.01831217259979251,0.4704835587975922,False
base,0.25,2,0.191341716182545,-0.4619397662556433,0.5,0.0015712735733896083,0.015837173638754403,0.4719188097463967,False
base,0.25,2,0.3535533905932737,-0.35355339059327384,0.5,0.0006034514198549417,0.01078021037117515,0.4742666394906172,False
base,0.25,2,0.46193976625564326,-0.1913417161825452,0.5,-0.00047252621640161356,0.0037603154864257696,0.476010922246222,False
base,0.25,2,1.0,0.0,0.5,-0.004602829144769005,-0.0069798600031938385,0.4749567433857783,False
base,0.25,2,0.9238795325112867,0.3826834323650898,0.5,-0.004692078896546627,-0.016664952550290962,0.4667208104834959,False
base,0.25,2,0.7071067811865476,0.7071067811865476,0.5,-0.004850322789438947,-0.023725878625452487,0.45912036440299314,False
base,0.25,2,0.38268343236508984,0.9238795325112867,0.5,-0.006636682273831219,-0.020257678148020576,0.45366193541745803,False
base,0.25,2,6.123233995736766e-17,1.0,0.5,-0.005611039015235576,-0.01285594882535751,0.4542812065543602,False
base,0.25,2,-0.3826834323650897,0.9238795325112867,0.5,-0.00021284983447819475,-0.021386105770910137,0.4590145541019054,False
base,0.25,2,-0.7071067811865475,0.7071067811865476,0.5,0.0018099473112535907,-0.019834516176938526,0.46671644511977595,False
base,0.25,2,-0.9238795325112867,0.3826834323650899,0.5,0.004367765572730907,-0.0069882100213149315,0.47097794934574233,False
base,0.25,2,-1.0,1.2246467991473532e-16,0.5,0.007215473494289192,0.004193478984022056,0.4697736802873477,False
base,0.25,2,-0.9238795325112868,-0.38268343236508967,0.5,0.007011537522500586,0.013741922444723586,0.46699314943319586,False
base,0.25,2,-0.7071067811865477,-0.7071067811865475,0.5,0.004313638832923894,0.024763096287971874,0.4606553025896418,False
base,0.25,2,-0.38268343236509034,-0.9238795325112865,0.5,0.0043918172477813355,0.023495783057889387,0.45580092843187625,False
base,0.25,2,-1.8369701987210297e-16,-1.0,0.5,0.0033261621367213783,0.024784009483828192,0.4559505021254626,False
base,0.25,2,0.38268343236509,-0.9238795325112866,0.5,0.0019166223103471694,0.025246294794866814,0.46129532681795415,False
base,0.25,2,0.7071067811865474,-0.7071067811865477,0.5,-0.0005484049927324846,0.022614651108501208,0.4686723596783397,False
base,0.25,2,0.9238795325112865,-0.3826834323650904,0.5,-0.0029933985513710265,0.010109105565116868,0.4758910736181766,False
base,0.25,2,1.5,0.0,0.5,-0.009175865647559012,-0.0041851381152729905,0.4723683002458572,False
base,0.25,2,1.38581929876693,0.5740251485476346,0.5,-0.0042105299518568765,-0.020094599935144158,0.46300436644341625,False
base,0.25,2,1.0606601717798214,1.0606601717798214,0.5,-0.002316006252114648,-0.019927055754741567,0.45464764375837197,False
base,0.25,2,0.5740251485476348,1.38581929876693,0.5,-0.015382849495578218,0.0036365826238137127,0.45765079760504557,False
base,0.25,2,9.184850993605148e-17,1.5,0.5,-0.00021485724599796296,0.012465346099116427,0.46858150629937445,False
base,0.25,2,-0.5740251485476346,1.38581929876693,0.5,0.012839052930737262,-0.004888664707794443,0.45887257106821266,False
base,0.25,2,-1.0606601717798212,1.0606601717798214,0.5,0.0008190394556888411,-0.02331038866190009,0.4597819697444063,False
base,0.25,2,-1.38581929876693,0.5740251485476349,0.5,0.0071293547892717765,-0.013047880568913355,0.46729295122612263,False
base,0.25,2,-1.5,1.8369701987210297e-16,0.5,0.008357304483005477,0.0073342287233243925,0.4657319777766346,False
base,0.25,2,-1.3858192987669302,-0.5740251485476345,0.5,0.0074730467563250275,0.01607468378046086,0.46105857383678084,False
base,0.25,2,-1.0606601717798214,-1.0606601717798212,0.5,0.002677816280301432,0.019787335222426174,0.4547737824794371,False
base,0.25,2,-0.5740251485476355,-1.3858192987669298,0.5,0.002853688985232016,0.003889977523320813,0.4617186312814623,False
base,0.25,2,-2.755455298081545e-16,-1.5,0.5,0.00029993506032460667,0.0008281574989656988,0.46933498412042396,False
base,0.25,2,0.574025148547635,-1.38581929876693,0.5,0.003104406012176761,0.004857642619839844,0.4755284978181157,False
base,0.25,2,1.060660171779821,-1.0606601717798214,0.5,-0.0023580161150688218,0.02022316078370292,0.46733062081393084,False
base,0.25,2,1.3858192987669298,-0.5740251485476355,0.5,-0.009583581926345685,0.01724161109341758,0.4715395118997928,False
base,0.25,2,2.0,0.0,0.5,-0.009136873139389545,0.0004596616883867921,0.4708610060724663,False
base,0.25,2,1.8477590650225735,0.7653668647301796,0.5,0.005432051255445274,-0.01093107835047526,0.46873718736768755,False
base,0.25,2,1.4142135623730951,1.4142135623730951,0.5,0.014103913577104256,0.01406111302342958,0.48207275889131707,False
base,0.25,2,0.7653668647301797,1.8477590650225735,0.5,-0.002593191560604452,0.01992176717336,0.4866997334195249,False
base,0.25,2,1.2246467991473532e-16,2.0,0.5,0.00041921389653992177,0.0005743939001730547,0.48821048667581113,False
base,0.25,2,-0.7653668647301795,1.8477590650225735,0.5,0.0007958738789945016,0.021804997256820606,0.4910912344811996,False
base,0.25,2,-1.414213562373095,1.4142135623730951,0.5,-0.01263732398615499,0.005682904261098985,0.480423123189594,False
base,0.25,2,-1.8477590650225735,0.7653668647301798,0.5,0.0024811423010042536,-0.00903153151698056,0.4668773893540623,False
base,0.25,2,-2.0,2.4492935982947064e-16,0.5,0.007862353645469167,0.005991289720371323,0.46513493665499783,False
base,0.25,2,-1.8477590650225737,-0.7653668647301793,0.5,-0.0003706136697566745,0.010403289103637019,0.4634378093242182,False
base,0.25,2,-1.4142135623730954,-1.414213562373095,0.5,-0.010542551296598925,-0.012526892323258824,0.47905955334593525,False
base,0.25,2,-0.7653668647301807,-1.847759065022573,0.5,-0.006289334349450639,-0.027260805090196363,0.505493435767183,False
base,0.25,2,-3.6739403974420594e-16,-2.0,0.5,0.0048232842168114895,-0.032479714769870605,0.5283020151743163,False
base,0.25,2,0.76536686473018,-1.8477590650225733,0.5,0.009928821706061864,-0.029584802932682806,0.5342871188623441,False
base,0.25,2,1.4142135623730947,-1.4142135623730954,0.5,0.011798876273958009,-0.014720379603341098,0.49926715626494894,False
base,0.25,2,1.847759065022573,-0.7653668647301808,0.5,-0.002301949386450435,0.007669443125519988,0.4718010065349246,False
base,0.25,2,2.5,0.0,0.5,0.011948756014784068,0.001681849077338704,0.48987389647892987,False
base,0.25,2,2.309698831278217,0.9567085809127245,0.5,0.02556964765237197,0.011272221127373744,0.502657582593403,False
base,0.25,2,1.7677669529663689,1.7677669529663689,0.5,0.0249954220368503,0.031061845681528272,0.5291069282958742,False
base,0.25,2,0.9567085809127246,2.309698831278217,0.5,0.01461031951350433,0.029860375299624393,0.5360362917709851,False
base,0.25,2,1.5308084989341916e-16,2.5,0.5,-0.004542263018917801,0.03047067668691444,0.536193880404926,False
base,0.25,2,-0.9567085809127243,2.309698831278217,0.5,-0.014204253632447844,0.0385148545209062,0.5431316887249568,False
base,0.25,2,-1.7677669529663687,1.7677669529663689,0.5,-0.024487447593094146,0.031693380357900224,0.5261339013268396,False
base,0.25,2,-2.309698831278217,0.9567085809127247,0.5,-0.01696381764384556,0.012594724208417393,0.4919827722897282,False
base,0.25,2,-2.5,3.061616997868383e-16,0.5,-0.006076571095086192,0.002780207098303233,0.4776194194375585,False
base,0.25,2,-2.309698831278217,-0.9567085809127241,0.5,-0.01539904869337686,-0.006084233044898232,0.4891466559504273,False
base,0.25,2,-1.7677669529663693,-1.7677669529663687,0.5,-0.0172170167746837,-0.030947447291345735,0.5237440242047942,False
base,0.25,2,-0.9567085809127258,-2.309698831278216,0.5,-0.009719112441777604,-0.03447678830519904,0.5508423452659753,False
base,0.25,2,-4.592425496802574e-16,-2.5,0.5,0.003566897413295073,-0.03294786540327349,0.5533249930744942,False
base,0.25,2,0.956708580912725,-2.3096988312782165,0.5,0.015530319758488736,-0.039202908051666874,0.5778945312807309,False
base,0.25,2,1.7677669529663684,-1.7677669529663693,0.5,0.017537607780105012,-0.03573703320319513,0.5424179017935898,False
base,0.25,2,2.309698831278216,-0.956708580912726,0.5,0.017430434902484075,-0.010815841947084716,0.49983942944843485,False
base,0.25,2,3.0,0.0,0.5,0.04318665454916154,0.006962776332603726,0.5434788322862438,False
base,0.25,2,2.77163859753386,1.1480502970952693,0.5,0.04786102279638104,0.025207672295220713,0.5638173371793574,False
base,0.25,2,2.121320343559643,2.121320343559643,0.5,0.03281403654671902,0.03161340863989668,0.5829815382141385,False
base,0.25,2,1.1480502970952695,2.77163859753386,0.5,0.020938165460958294,0.03656417505490142,0.5888759942885854,False
base,0.25,2,1.8369701987210297e-16,3.0,0.5,-0.003693677626546766,0.04700107629154643,0.5943021972341704,False
base,0.25,2,-1.1480502970952693,2.77163859753386,0.5,-0.021631527520633558,0.04153154594905727,0.6003129046575157,False
base,0.25,2,-2.1213203435596424,2.121320343559643,0.5,-0.039049950132962176,0.04807306622136855,0.591041618094567,False
base,0.25,2,-2.77163859753386,1.1480502970952697,0.5,-0.03772885412010321,0.03003588482899307,0.5451772061484229,False
base,0.25,2,-3.0,3.6739403974420594e-16,0.5,-0.031328769171780735,0.0008371814525484177,0.5172730130330941,False
base,0.25,2,-2.7716385975338604,-1.148050297095269,0.5,-0.033032637954626326,-0.021546617909932456,0.5397163240299034,False
base,0.25,2,-2.121320343559643,-2.1213203435596424,0.5,-0.02576010944799114,-0.04121326053855524,0.5812478861881896,False
base,0.25,2,-1.148050297095271,-2.7716385975338595,0.5,-0.011904564294458455,-0.037134724668485844,0.6014402428533028,False
base,0.25,2,-5.51091059616309e-16,-3.0,0.5,0.005836212987134144,-0.033475675656605086,0.5795004170085536,False
base,0.25,2,1.14805029709527,-2.77163859753386,0.5,0.02428716701064001,-0.04824641995990671,0.6264154704656979,False
base,0.25,2,2.121320343559642,-2.121320343559643,0.5,0.02124999874796819,-0.05008970067332225,0.6012672700584065,False
base,0.25,2,2.7716385975338595,-1.148050297095271,0.5,0.03512683470237735,-0.02000001348020403,0.5402068218534469,False
base,0.25,2,0.5,0.0,1.0,0.0008706112052998538,-0.008837375549194726,0.5490348747472775,False
base,0.25,2,0.46193976625564337,0.1913417161825449,1.0,-0.0009817448371796595,-0.014656806802156672,0.5480402309689529,False
base,0.25,2,0.3535533905932738,0.3535533905932738,1.0,-0.0016739061044369168,-0.01775407328978494,0.5481792847641855,False
base,0.25,2,0.19134171618254492,0.46193976625564337,1.0,-0.0027257680898008334,-0.019233954949576082,0.5478289015022841,False
base,0.25,2,3.061616997868383e-17,0.5,1.0,-0.004844763306771193,-0.018693447456479384,0.5470018557372622,False
base,0.25,2,-0.19134171618254486,0.46193976625564337,1.0,-0.004867628780272767,-0.014900837223304826,0.5472775650900292,False
base,0.25,2,-0.35355339059327373,0.3535533905932738,1.0,-0.002184757362824517,-0.010070181768464309,0.546848503152549,False
base,0.25,2,-0.46193976625564337,0.19134171618254495,1.0,0.0013692329028929693,-0.004635219010253613,0.545897671691701,False
base,0.25,2,-0.5,6.123233995736766e-17,1.0,0.004934350737679226,-0.0002133433894178095,0.5461271643932533,False
base,0.25,2,-0.4619397662556434,-0.19134171618254484,1.0,0.005294129212196391,0.006386524075879757,0.5488785163201392,False
base,0.25,2,-0.35355339059327384,-0.35355339059327373,1.0,0.004350684887831448,0.012583897437408748,0.5520326010501274,False
base,0.25,2,-0.19134171618254517,-0.46193976625564326,1.0,0.0039583930526934106,0.01690057130139889,0.5540630010341074,False
base,0.25,2,-9.184850993605148e-17,-0.5,1.0,0.004086455972699188,0.01744534217040372,0.5547504691053602,False
base,0.25,2,0.191341716182545,-0.4619397662556433,1.0,0.004275587133217029,0.014133709084822706,0.5547373656868637,False
base,0.25,2,0.3535533905932737,-0.35355339059327384,1.0,0.004106990118048619,0.008499129423418966,0.5535785171390837,False
base,0.25,2,0.46193976625564326,-0.1913417161825452,1.0,0.003122570539601607,0.0006671479516985879,0.5513504282275861,False
base,0.25,2,1.0,0.0,1.0,0.0005413215791547632,-0.014485985047614891,0.5595631502532032,False
base,0.25,2,0.9238795325112867,0.3826834323650898,1.0,0.001641348136294269,-0.016653994342196922,0.5609375672425838,False
base,0.25,2,0.7071067811865476,0.7071067811865476,1.0,0.002719099806931415,-0.01348806500577336,0.5692921052964643,False
base,0.25,2,0.38268343236508984,0.9238795325112867,1.0,0.0005853680355466972,-0.00181563430829194,0.5789613228130812,False
base,0.25,2,6.123233995736766e-17,1.0,1.0,-0.00506165493440236,0.0037760074882590144,0.5748458279036355,False
base,0.25,2,-0.3826834323650897,0.9238795325112867,1.0,-0.006206114257962781,-0.00804637511739164,0.5710344459290156,False
base,0.25,2,-0.7071067811865475,0.7071067811865476,1.0,-0.0037432270253636426,-0.013902289528920642,0.5626091592755404,False
base,0.25,2,-0.9238795325112867,0.3826834323650899,1.0,0.0004171505674568574,-0.002687411438088224,0.5559213513037643,False
base,0.25,2,-1.0,1.2246467991473532e-16,1.0,0.005636332854174973,0.005233803204529484,0.5521278155936382,False
base,0.25,2,-0.9238795325112868,-0.38268343236508967,1.0,0.004761002793675633,0.00832303447248413,0.5602085013191515,False
base,0.25,2,-0.7071067811865477,-0.7071067811865475,1.0,-0.0005841350372536504,0.011734593788551817,0.5740094978757715,False
base,0.25,2,-0.38268343236509034,-0.9238795325112865,1.0,0.0014804952568261056,-0.0026821876111139445,0.592965931073999,False
base,0.25,2,-1.8369701987210297e-16,-1.0,1.0,0.006132338679056047,-0.008363590561788148,0.5988577917548576,False
base,0.25,2,0.38268343236509,-0.9238795325112866,1.0,0.009391308250816334,-0.005263556329212644,0.5938353265032402,False
base,0.25,2,0.7071067811865474,-0.7071067811865477,1.0,0.007846405019606383,0.008993529255109555,0.5766159728946314,False
base,0.25,2,0.9238795325112865,-0.3826834323650904,1.0,0.0038810541170070227,0.004332266791144473,0.5666479598540531,False
base,0.25,2,1.5,0.0,1.0,0.001996575354257235,-0.007584454077258496,0.579929783421196,False
base,0.25,2,1.38581929876693,0.5740251485476346,1.0,0.013919066445994504,-0.0039053179578372498,0.5953711617104434,False
base,0.25,2,1.0606601717798214,1.0606601717798214,1.0,0.02194906917209119,0.03227491913762762,0.6410285571134484,False
base,0.25,2,0.5740251485476348,1.38581929876693,1.0,0.015564522870924719,0.045250626142215644,0.6560142657581768,False
base,0.25,2,9.184850993605148e-17,1.5,1.0,0.0006125929952653919,0.04750416643091982,0.6209753711365513,False
base,0.25,2,-0.5740251485476346,1.38581929876693,1.0,-0.016442503452287167,0.045025369424929684,0.6491157396159275,False
base,0.25,2,-1.0606601717798212,1.0606601717798214,1.0,-0.014928142681209275,0.020484842972800548,0.6159771006269152,False
base,0.25,2,-1.38581929876693,0.5740251485476349,1.0,-0.003855944407553821,-0.002035134744905534,0.580314882344934,False
base,0.25,2,-1.5,1.8369701987210297e-16,1.0,-0.0024810728343950266,0.01040848409418626,0.5711730190749809,False
base,0.25,2,-1.3858192987669302,-0.5740251485476345,1.0,-0.004676041499146371,-0.0028347138654017823,0.5906889572711647,False
base,0.25,2,-1.0606601717798214,-1.0606601717798212,1.0,-0.015487008087675115,-0.034582971589588264,0.6464564326325428,False
base,0.25,2,-0.5740251485476355,-1.3858192987669298,1.0,-0.009690440530785953,-0.07270158520665396,0.6901872765114411,False
base,0.25,2,-2.755455298081545e-16,-1.5,1.0,0.01657935406432264,-0.10025733731521902,0.7198305066936297,False
base,0.25,2,0.574025148547635,-1.38581929876693,1.0,0.028059371326461278,-0.09448309443681617,0.7111646928482399,False
base,0.25,2,1.060660171779821,-1.0606601717798214,1.0,0.019876692830443972,-0.04977836058778447,0.654066484042925,False
base,0.25,2,1.3858192987669298,-0.5740251485476355,1.0,0.0030020565148832254,-0.0008408785767420501,0.596963821495585,False
base,0.25,2,2.0,0.0,1.0,0.02644566789299896,0.00011223609380628385,0.6280426721851342,False
base,0.25,2,1.8477590650225735,0.7653668647301796,1.0,0.045441673145549456,0.031718746002539565,0.6666670774718378,False
base,0.25,2,1.4142135623730951,1.4142135623730951,1.0,0.044131307503901596,0.07611682989317951,0.7449941491259121,False
base,0.25,2,0.7653668647301797,1.8477590650225735,1.0,0.04289598629039588,0.07669683466212839,0.7404649954705312,False
base,0.25,2,1.2246467991473532e-16,2.0,1.0,-0.001338938535382133,0.0637792615216719,0.681112442611121,False
base,0.25,2,-0.7653668647301795,1.8477590650225735,1.0,-0.04666573738690061,0.07956273517814684,0.7493146447828498,False
base,0.25,2,-1.414213562373095,1.4142135623730951,1.0,-0.03408865926771501,0.0819944051127159,0.7182069704762494,False
base,0.25,2,-1.8477590650225735,0.7653668647301798,1.0,-0.03020010945520965,0.023972841626658765,0.6378704829459972,False
base,0.25,2,-2.0,2.4492935982947064e-16,1.0,-0.020500850850916127,0.005371065110773124,0.6128379508070722,False
base,0.25,2,-1.8477590650225737,-0.7653668647301793,1.0,-0.0325891510987446,-0.03059830239665044,0.6530252912428185,False
base,0.25,2,-1.4142135623730954,-1.414213562373095,1.0,-0.03042251890236488,-0.08277865395092182,0.7446751136123717,False
base,0.25,2,-0.7653668647301807,-1.847759065022573,1.0,-0.0100852048150015,-0.09774502551170368,0.7936107115491746,False
base,0.25,2,-3.6739403974420594e-16,-2.0,1.0,0.01553634271692727,-0.0879512481488285,0.825743016797676,False
base,0.25,2,0.76536686473018,-1.8477590650225733,1.0,0.031732157895901475,-0.10053361116053723,0.8293936857605555,False
base,0.25,2,1.4142135623730947,-1.4142135623730954,1.0,0.019314546431130855,-0.10200888092111023,0.7658794360234382,False
base,0.25,2,1.847759065022573,-0.7653668647301808,1.0,0.034865807691948664,-0.03561759459249203,0.6680011926338165,False
base,0.25,2,2.5,0.0,1.0,0.08539280351556688,0.004634877964189377,0.7220486992414847,False
base,0.25,2,2.309698831278217,0.9567085809127245,1.0,0.08418563617215126,0.06234474786467423,0.7572117007258148,False
base,0.25,2,1.7677669529663689,1.7677669529663689,1.0,0.06427588615305671,0.08050860904965187,0.8141242901391674,False
base,0.25,2,0.9567085809127246,2.309698831278217,1.0,0.04094244043687098,0.09567550586294563,0.8268983696425778,False
base,0.25,2,1.5308084989341916e-16,2.5,1.0,-0.0003375907565714621,0.12728470042708384,0.8110399923518048,False
base,0.25,2,-0.9567085809127243,2.309698831278217,1.0,-0.045732642766445605,0.09932374382252254,0.8271199287153509,False
base,0.25,2,-1.7677669529663687,1.7677669529663689,1.0,-0.04907913661169849,0.10110621456426602,0.800666655714542,False
base,0.25,2,-2.309698831278217,0.9567085809127247,1.0,-0.07039779158984472,0.058939214547593155,0.7261851991474375,False
base,0.25,2,-2.5,3.061616997868383e-16,1.0,-0.06544935464197088,0.0005724286623372177,0.6917929517838806,False
base,0.25,2,-2.309698831278217,-0.9567085809127241,1.0,-0.06627473017957251,-0.06317419319488643,0.7425536740200701,False
base,0.25,2,-1.7677669529663693,-1.7677669529663687,1.0,-0.044125102748824065,-0.09810960707792268,0.8178760089326176,False
base,0.25,2,-0.9567085809127258,-2.309698831278216,1.0,-0.019032890468283114,-0.08945043149804913,0.8524374595003856,False
base,0.25,2,-4.592425496802574e-16,-2.5,1.0,0.010298712405632593,-0.0449075923837974,0.8554033150727001,False
base,0.25,2,0.956708580912725,-2.3096988312782165,1.0,0.03626844272823587,-0.07440018998603903,0.8829284802324648,False
base,0.25,2,1.7677669529663684,-1.7677669529663693,1.0,0.024719832762254097,-0.11046638722231539,0.835168611690408,False
base,0.25,2,2.309698831278216,-0.956708580912726,1.0,0.06422014638169979,-0.057819943754272386,0.755561408811603,False
base,0.25,2,3.0,0.0,1.0,0.12213146290332455,0.016559385879032273,0.8190692421831061,False
base,0.25,2,2.77163859753386,1.1480502970952693,1.0,0.11805883090909361,0.06815206941426531,0.8416377329841381,False
base,0.25,2,2.121320343559643,2.121320343559643,1.0,0.07626384517789388,0.07080232598514785,0.8688261644453259,False
base,0.25,2,1.1480502970952695,2.77163859753386,1.0,0.043333690052914736,0.09058728034880065,0.8887785520044553,False
base,0.25,2,1.8369701987210297e-16,3.0,1.0,0.019452898048732056,0.10139113308535651,0.8775629974785937,False
base,0.25,2,-1.1480502970952693,2.77163859753386,1.0,-0.048859154531775126,0.06712694191187307,0.8731478535218237,False
base,0.25,2,-2.1213203435596424,2.121320343559643,1.0,-0.07631945300735973,0.10838965802946748,0.8622186017327436,False
base,0.25,2,-2.77163859753386,1.1480502970952697,1.0,-0.10655957026476683,0.08164772353771849,0.8134612966593623,False
base,0.25,2,-3.0,3.6739403974420594e-16,1.0,-0.1044777485754389,0.0032205732207400144,0.7828414965726673,False
base,0.25,2,-2.7716385975338604,-1.148050297095269,1.0,-0.09022267497629177,-0.08067055089382255,0.829173659970054,False
base,0.25,2,-2.121320343559643,-2.1213203435596424,1.0,-0.0540508343759823,-0.09563848707755282,0.8756411011140549,False
base,0.25,2,-1.148050297095271,-2.7716385975338595,1.0,-0.02488247224920668,-0.09026531559159354,0.9006137568315675,False
base,0.25,2,-5.51091059616309e-16,-3.0,1.0,0.0015731759845628995,-0.0630136859473265,0.8738787332729557,False
base,0.25,2,1.14805029709527,-2.77163859753386,1.0,0.04860682021122974,-0.08322954647753761,0.9129751639870693,False
base,0.25,2,2.121320343559642,-2.121320343559643,1.0,0.04217662954403525,-0.1187420647230248,0.8890030459261565,False
base,0.25,2,2.7716385975338595,-1.148050297095271,1.0,0.057764303645711036,-0.051393276258144285,0.8116554336692009,False
base,0.25,2,0.0,0.0,0.0,-1.222879617017642e-18,1.8032059219814832e-17,0.4561295813620392,True
base,0.5,0,0.5,0.0,0.0,0.6724490168388997,-0.010189805648258776,0.0,False
base,0.5,0,0.46193976625564337,0.1913417161825449,0.0,0.6706364568086298,-0.010349008121633446,0.0,False
base,0.5,0,0.3535533905932738,0.3535533905932738,0.0,0.6679749989503749,-0.009713707917724903,0.0,False
base,0.5,0,0.19134171618254492,0.46193976625564337,0.0,0.664878993735276,-0.008097746377032871,0.0,False
base,0.5,0,3.061616997868383e-17,0.5,0.0,0.6626923174814094,-0.005459867671388695,0.0,False
base,0.5,0,-0.19134171618254486,0.46193976625564337,0.0,0.6630617257032777,-0.0027322282224576293,0.0,False
base,0.5,0,-0.35355339059327373,0.3535533905932738,0.0,0.6651599481251701,-0.0010562928482260058,0.0,False
base,0.5,0,-0.46193976625564337,0.19134171618254495,0.0,0.6677208977885191,-0.000275645395220356,3.96580189689493e-18,False
base,0.5,0,-0.5,6.123233995736766e-17,0.0,0.6699617640162574,0.0001583111805084636,0.0,False
base,0.5,0,-0.4619397662556434,-0.19134171618254484,0.0,0.6717750690589374,0.0006033343220195686,3.965801896894931e-18,False
base,0.5,0,-0.35355339059327384,-0.35355339059327373,0.0,0.6729444037148329,0.0005088912193748485,0.0,False
base,0.5,0,-0.19134171618254517,-0.46193976625564326,0.0,0.6735361095731576,-0.00047356967128167344,2.760463626844913e-18,False
base,0.5,0,-9.184850993605148e-17,-0.5,0.0,0.6739494964800894,-0.0023268295997316618,1.3877787807814452e-17,False
base,0.5,0,0.191341716182545,-0.4619397662556433,0.0,0.6744795795763506,-0.004735785586913127,7.479691794436115e-17,False
base,0.5,0,0.3535533905932737,-0.35355339059327384,0.0,0.6745071000173422,-0.00722313424740913,2.6938527755069937e-17,False
base,0.5,0,0.46193976625564326,-0.1913417161825452,0.0,0.6737942535406793,-0.009142549321827459,0.0,False
base,0.5,0,1.0,0.0,0.0,0.6798157474433904,-0.013206769671072927,0.0,False
base,0.5,0,0.9238795325112867,0.3826834323650898,0.0,0.6783485895591476,-0.011626031517266742,0.0,False
base,0.5,0,0.7071067811865476,0.7071067811865476,0.0,0.6737558791838902,-0.012089704648694213,0.0,False
base,0.5,0,0.38268343236508984,0.9238795325112867,0.0,0.6626057167280884,-0.009902190612401478,1.5863207587579725e-17,False
base,0.5,0,6.123233995736766e-17,1.0,0.0,0.6532234834380044,-0.0011228880453653196,-1.3877787807814454e-17,False
base,0.5,0,-0.3826834323650897,0.9238795325112867,0.0,0.6577803804362973,0.005996475649519268,-8.196441993261322e-17,False
base,0.5,0,-0.7071067811865475,0.7071067811865476,0.0,0.666816162508223,0.005672026692672701,3.047746504126712e-16,False
base,0.5,0,-0.9238795325112867,0.3826834323650899,0.0,0.6737477621039505,0.004182455665473697,0.0,False
base,0.5,0,-1.0,1.2246467991473532e-16,0.0,0.6779680253634714,0.0050299560084687825,0.0,False
base,0.5,0,-0.9238795325112868,-0.38268343236508967,0.0,0.680822127451934,0.007660003120634185,0.0,False
base,0.5,0,-0.7071067811865477,-0.7071067811865475,0.0,0.681190761249736,0.0090065086450821,0.0,False
base,0.5,0,-0.38268343236509034,-0.9238795325112865,0.0,0.6803389337044046,0.007785318255357803,-1.5863207587579703e-17,False
base,0.5,0,-1.8369701987210297e-16,-1.0,0.0,0.6800721087413919,0.0036793794177506734,0.0,False
base,0.5,0,0.38268343236509,-0.9238795325112866,0.0,0.6825016444339149,-0.0030877041632371817,0.0,False
base,0.5,0,0.7071067811865474,-0.7071067811865477,0.0,0.6834591064970655,-0.010248857764036771,0.0,False
base,0.5,0,0.9238795325112865,-0.3826834323650904,0.0,0.6822429518187225,-0.013805944382445881,0.0,False
base,0.5,0,1.5,0.0,0.0,0.6935437925325261,-0.015514904028954168,0.0,False
base,0.5,0,1.38581929876693,0.5740251485476346,0.0,0.6941709499485696,-0.0035212812903241417,0.0,False
base,0.5,0,1.0606601717798214,1.0606601717798214,0.0,0.6947870372873668,-0.0031707940214296304,0.0,False
base,0.5,0,0.5740251485476348,1.38581929876693,0.0,0.6678091529836536,-0.006092087320287229,0.0,False
base,0.5,0,9.184850993605148e-17,1.5,0.0,0.6383779330265247,0.006586437688000876,1.3877787807814452e-17,False
base,0.5,0,-0.5740251485476346,1.38581929876693,0.0,0.6601084039806118,0.015740931813266343,0.0,False
base,0.5,0,-1.0606601717798212,1.0606601717798214,0.0,0.6823086061722585,0.006331586202498231,0.0,False
base,0.5,0,-1.38581929876693,0.5740251485476349,0.0,0.6895978825253093,0.0031887199757041334,0.0,False
base,0.5,0,-1.5,1.8369701987210297e-16,0.0,0.6946909952628078,0.009397352610061914,0.0,False
base,0.5,0,-1.3858192987669302,-0.5740251485476345,0.0,0.6993573285035378,0.019464273119129075,0.0,False
base,0.5,0,-1.0606601717798214,-1.0606601717798212,0.0,0.6991610016651948,0.02640501874413631,0.0,False
base,0.5,0,-0.5740251485476355,-1.3858192987669298,0.0,0.6928930102533845,0.02281345071287034,0.0,False
base,0.5,0,-2.755455298081545e-16,-1.5,0.0,0.6886726247898265,0.01188092142338156,0.0,False
base,0.5,0,0.574025148547635,-1.38581929876693,0.0,0.6996077614180831,-0.006219446377421815,0.0,False
base,0.5,0,1.060660171779821,-1.0606601717798214,0.0,0.7047929757677528,-0.023884843793509206,0.0,False
base,0.5,0,1.3858192987669298,-0.5740251485476355,0.0,0.7005983147435381,-0.025768171540160693,0.0,False
base,0.5,0,2.0,0.0,0.0,0.7273748329861447,-0.021404976082356253,0.0,False
base,0.5,0,1.8477590650225735,0.7653668647301796,0.0,0.7259183714496286,0.02081635292623675,0.0,False
base,0.5,0,1.4142135623730951,1.4142135623730951,0.0,0.7407773345067484,0.03747889826159617,0.0,False
base,0.5,0,0.7653668647301797,1.8477590650225735,0.0,0.7002793461954633,0.02449902318048888,0.0,False
base,0.5,0,1.2246467991473532e-16,2.0,0.0,0.6346622422878097,0.006718505923096492,0.0,False
base,0.5,0,-0.7653668647301795,1.8477590650225735,0.0,0.6872197403389926,-0.004037874058224726,0.0,False
base,0.5,0,-1.414213562373095,1.4142135623730951,0.0,0.7221928503575525,-0.021021856593584916,0.0,False
base,0.5,0,-1.8477590650225735,0.7653668647301798,0.0,0.7226341822192613,-0.010139754932696622,0.0,False
base,0.5,0,-2.0,2.4492935982947064e-16,0.0,0.7289959630442494,0.014357960343840397,0.0,False
base,0.5,0,-1.8477590650225737,-0.7653668647301793,0.0,0.7359062276519498,0.04159493109332133,0.0,False
base,0.5,0,-1.4142135623730954,-1.414213562373095,0.0,0.7345923292250973,0.06191596559619021,0.0,False
base,0.5,0,-0.7653668647301807,-1.847759065022573,0.0,0.7202910313799209,0.041836952116105816,-1.6622904682565943e-17,False
base,0.5,0,-3.6739403974420594e-16,-2.0,0.0,0.7038178557609344,0.007499197494025297,0.0,False
base,0.5,0,0.76536686473018,-1.8477590650225733,0.0,0.7402027783171766,-0.02482336006494219,0.0,False
base,0.5,0,1.4142135623730947,-1.4142135623730954,0.0,0.7564183912418501,-0.06789054446629095,0.0,False
base,0.5,0,1.847759065022573,-0.7653668647301808,0.0,0.7486268190001117,-0.05770235382341224,0.0,False
base,0.5,0,2.5,0.0,0.0,0.8090154160314897,-0.03737125829418675,0.0,False
base,0.5,0,2.309698831278217,0.9567085809127245,0.0,0.788609436425731,0.06511016948011553,0.0,False
base,0.5,0,1.7677669529663689,1.7677669529663689,0.0,0.7974001838024484,0.09924720936295175,-5.863503281322914e-17,False
base,0.5,0,0.9567085809127246,2.309698831278217,0.0,0.7628810241013044,0.07995216024116125,0.0,False
base,0.5,0,1.5308084989341916e-16,2.5,0.0,0.6702204839944577,-0.002415969918016141,0.0,False
base,0.5,0,-0.9567085809127243,2.309698831278217,0.0,0.7387453986898832,-0.06341942620059407,0.0,False
base,0.5,0,-1.7677669529663687,1.7677669529663689,0.0,0.7769399253096222,-0.07178219094985488,0.0,False
base,0.5,0,-2.309698831278217,0.9567085809127247,0.0,0.7879576365715645,-0.04161364380385758,0.0,False
base,0.5,0,-2.5,3.061616997868383e-16,0.0,0.79873128986508,0.018954272428889564,0.0,False
base,0.5,0,-2.309698831278217,-0.9567085809127241,0.0,0.7979955843477612,0.07574350958703581,0.0,False
base,0.5,0,-1.7677669529663693,-1.7677669529663687,0.0,0.7823445197471266,0.10238481351649896,0.0,False
base,0.5,0,-0.9567085809127258,-2.309698831278216,0.0,0.7640822302853336,0.0482905663518009,0.0,False
base,0.5,0,-4.592425496802574e-16,-2.5,0.0,0.7145574214881774,-0.006649626192851101,0.0,False
base,0.5,0,0.956708580912725,-2.3096988312782165,0.0,0.790860481159912,-0.030801088260813854,-2.79505375520109e-16,False
base,0.5,0,1.7677669529663684,-1.7677669529663693,0.0,0.8200278205441905,-0.10990468965523432,0.0,False
base,0.5,0,2.309698831278216,-0.956708580912726,0.0,0.8421781640480991,-0.11378317477129694,0.0,False
base,0.5,0,3.0,0.0,0.0,0.9288626285881074,-0.06045486012074086,0.0,False
base,0.5,0,2.77163859753386,1.1480502970952693,0.0,0.8800632340900622,0.11348077063549915,0.0,False
base,0.5,0,2.121320343559643,2.121320343559643,0.0,0.846556310879292,0.14124621432859036,0.0,False
base,0.5,0,1.1480502970952695,2.77163859753386,0.0,0.8114274103675331,0.10413023582469727,0.0,False
base,0.5,0,1.8369701987210297e-16,3.0,0.0,0.7466681694026645,-0.0029196266493806125,0.0,False
base,0.5,0,-1.1480502970952693,2.77163859753386,0.0,0.760961197074487,-0.09075795724764471,2.40227205098651e-16,False
base,0.5,0,-2.1213203435596424,2.121320343559643,0.0,0.8330550147311718,-0.10484101672259566,0.0,False
base,0.5,0,-2.77163859753386,1.1480502970952697,0.0,0.880394665350147,-0.07626274409701793,0.0,False
base,0.5,0,-3.0,3.6739403974420594e-16,0.0,0.8975283001012264,0.01286681699820488,0.0,False
base,0.5,0,-2.7716385975338604,-1.148050297095269,0.0,0.8674264310958301,0.1103910746024862,0.0,False
base,0.5,0,-2.121320343559643,-2.1213203435596424,0.0,0.8351137964361763,0.12554347971232913,0.0,False
base,0.5,0,-1.148050297095271,-2.7716385975338595,0.0,0.8146033731019788,0.055086632105757885,0.0,False
base,0.5,0,-5.51091059616309e-16,-3.0,0.0,0.7203813589673248,-0.01286646393716343,0.0,False
base,0.5,0,1.14805029709527,-2.77163859753386,0.0,0.8347140329542659,-0.03160140447464231,0.0,False
base,0.5,0,2.121320343559642,-2.121320343559643,0.0,0.8561388339455139,-0.10638235731654211,0.0,False
base,0.5,0,2.7716385975338595,-1.148050297095271,0.0,0.8970010003099913,-0.12992395819922273,0.0,False
base,0.5,0,0.5,0.0,0.2,0.6723211071607957,-0.010296376315755883,-0.0003766011611614495,False
base,0.5,0,0.46193976625564337,0.1913417161825449,0.2,0.6705313690826737,-0.010474273275600167,-0.0005455096139302071,False
base,0.5,0,0.3535533905932738,0.3535533905932738,0.2,0.6678801968167668,-0.009858980431889822,-0.0006579175337614395,False
base,0.5,0,0.19134171618254492,0.46193976625564337,0.2,0.6647732299862589,-0.008252427704479563,-0.0006736644750455296,False
base,0.5,0,3.061616997868383e-17,0.5,0.2,0.6625611154279873,-0.0056061773193749175,-0.0005393562539060204,False
base,0.5,0,-0.19134171618254486,0.46193976625564337,0.2,0.6629091353724388,-0.0028649557167010637,-0.00024053875694415218,False
base,0.5,0,-0.35355339059327373,0.3535533905932738,0.2,0.6649970317596323,-0.0011880730536973309,0.0001296614432485854,False
base,0.5,0,-0.46193976625564337,0.19134171618254495,0.2,0.6675547116943623,-0.00041238825164513986,0.0004928095120094817,False
base,0.5,0,-0.5,6.123233995736766e-17,0.2,0.6697969535124356,2.4859556045075927e-05,0.0007941452954027817,False
base,0.5,0,-0.4619397662556434,-0.19134171618254484,0.2,0.6716161808685281,0.0004869704344858492,0.0009611082110959371,False
base,0.5,0,-0.35355339059327384,-0.35355339059327373,0.2,0.6727946944270125,0.0004098938109573507,0.0009729204535002732,False
base,0.5,0,-0.19134171618254517,-0.46193976625564326,0.2,0.67339389021562,-0.0005631808362922654,0.0008631703212733603,False
base,0.5,0,-9.184850993605148e-17,-0.5,0.2,0.6738117790666172,-0.0024155995427452438,0.0006664182719189061,False
base,0.5,0,0.191341716182545,-0.4619397662556433,0.2,0.6743366218349784,-0.004825492144402581,0.0004039258315763851,False
base,0.5,0,0.3535533905932737,-0.35355339059327384,0.2,0.6743566562157781,-0.0073143526442748675,0.00010669076614446662,False
base,0.5,0,0.46193976625564326,-0.1913417161825452,0.2,0.6736474469227808,-0.009237838957329568,-0.00016310375534814,False
base,0.5,0,1.0,0.0,0.2,0.6796180382414749,-0.013219585028985481,-0.0010623280550961845,False
base,0.5,0,0.9238795325112867,0.3826834323650898,0.2,0.6782672694121563,-0.011673007984235761,-0.0010732705812162792,False
base,0.5,0,0.7071067811865476,0.7071067811865476,0.2,0.6737496069139046,-0.012225856594311243,-0.001271641683712067,False
base,0.5,0,0.38268343236508984,0.9238795325112867,0.2,0.6625162699710238,-0.01007034674166566,-0.0015056253922229308,False
base,0.5,0,6.123233995736766e-17,1.0,0.2,0.652996599245294,-0.0011642571053176454,-0.001056317172344623,False
base,0.5,0,-0.3826834323650897,0.9238795325112867,0.2,0.6575712481223622,0.00602725894955344,-0.0002475844606784131,False
base,0.5,0,-0.7071067811865475,0.7071067811865476,0.2,0.6666339059770316,0.005617747965552035,0.0003444548499987397,False
base,0.5,0,-0.9238795325112867,0.3826834323650899,0.2,0.6735679704891607,0.004066146484721483,0.0009952853564587892,False
base,0.5,0,-1.0,1.2246467991473532e-16,0.2,0.677799249977012,0.004913875153248304,0.0015564587524632856,False
base,0.5,0,-0.9238795325112868,-0.38268343236508967,0.2,0.6806796046385293,0.007601809310333907,0.0017669846501995143,False
base,0.5,0,-0.7071067811865477,-0.7071067811865475,0.2,0.6810691108976367,0.009007487813298298,0.0016139629649305088,False
base,0.5,0,-0.38268343236509034,-0.9238795325112865,0.2,0.6802323945309839,0.007808668990098772,0.001263136808858954,False
base,0.5,0,-1.8369701987210297e-16,-1.0,0.2,0.6799558337607998,0.003669152867789485,0.0009215535347135125,False
base,0.5,0,0.38268343236509,-0.9238795325112866,0.2,0.6823368508816027,-0.0031441753995517627,0.0004413652755010789,False
base,0.5,0,0.7071067811865474,-0.7071067811865477,0.2,0.6832220778898732,-0.010309263825918341,-0.00023762556792776264,False
base,0.5,0,0.9238795325112865,-0.3826834323650904,0.2,0.6819852670618033,-0.013834394530853661,-0.0008556916854869157,False
base,0.5,0,1.5,0.0,0.2,0.6933574100336899,-0.01537949129775038,-0.0020242759108786146,False
base,0.5,0,1.38581929876693,0.5740251485476346,0.2,0.6942324039041833,-0.003336563701810616,-0.0010763942531480254,False
base,0.5,0,1.0606601717798214,1.0606601717798214,0.2,0.6950888729308389,-0.003103851577729695,-0.0010386696330289228,False
base,0.5,0,0.5740251485476348,1.38581929876693,0.2,0.6678340879927888,-0.006172717359595515,-0.002238081720936537,False
base,0.5,0,9.184850993605148e-17,1.5,0.2,0.6378936138280985,0.006718044210561454,-0.0007840114920028735,False
base,0.5,0,-0.5740251485476346,1.38581929876693,0.2,0.6600075751000865,0.01594353223771794,0.0006901667331492916,False
base,0.5,0,-1.0606601717798212,1.0606601717798214,0.2,0.682315230654889,0.006217090150437468,0.0005091878891289787,False
base,0.5,0,-1.38581929876693,0.5740251485476349,0.2,0.6895122502937769,0.003018022761323137,0.0013678682445050422,False
base,0.5,0,-1.5,1.8369701987210297e-16,0.2,0.694614102754889,0.009321968436319493,0.0021581510032113722,False
base,0.5,0,-1.3858192987669302,-0.5740251485476345,0.2,0.6993762384284653,0.019575101057457987,0.0020762027619114147,False
base,0.5,0,-1.0606601717798214,-1.0606601717798212,0.2,0.6992363062386444,0.02671486726478092,0.0013194103800715654,False
base,0.5,0,-0.5740251485476355,-1.3858192987669298,0.2,0.6929577698438988,0.023138217072463586,0.0006674367277441974,False
base,0.5,0,-2.755455298081545e-16,-1.5,0.2,0.6886990498789878,0.011971324532070195,0.0007047876325717322,False
base,0.5,0,0.574025148547635,-1.38581929876693,0.2,0.6995781815314077,-0.006453711157282426,0.0006936922397490634,False
base,0.5,0,1.060660171779821,-1.0606601717798214,0.2,0.7046039267089368,-0.024168600420010455,-0.0006046939543390378,False
base,0.5,0,1.3858192987669298,-0.5740251485476355,0.2,0.7003348617937446,-0.025822019663803854,-0.002036298949290383,False
base,0.5,0,2.0,0.0,0.2,0.7277162050011057,-0.02114227845150145,-0.002031751509043467,False
base,0.5,0,1.8477590650225735,0.7653668647301796,0.2,0.7265296627031714,0.02149956674865894,0.0008244861532871364,False
base,0.5,0,1.4142135623730951,1.4142135623730951,0.2,0.7417433088950975,0.03821084459455171,0.0022827344694277356,False
base,0.5,0,0.7653668647301797,1.8477590650225735,0.2,0.7008813725547353,0.024938586341558364,-0.0011971482001090427,False
base,0.5,0,1.2246467991473532e-16,2.0,0.2,0.634171613476921,0.006799701476720212,-0.00016444688374288638,False
base,0.5,0,-0.7653668647301795,1.8477590650225735,0.2,0.6877693709033647,-0.004325792837076566,0.0005955014977464274,False
base,0.5,0,-1.414213562373095,1.4142135623730951,0.2,0.7228364791609873,-0.02179893791206306,-0.0017544350432963228,False
base,0.5,0,-1.8477590650225735,0.7653668647301798,0.2,0.722986277313001,-0.010637527781801477,0.0004979089700512439,False
base,0.5,0,-2.0,2.4492935982947064e-16,0.2,0.7293326759914773,0.014366176017755796,0.0017708535357273902,False
base,0.5,0,-1.8477590650225737,-0.7653668647301793,0.2,0.7364237979355177,0.04209162174843121,0.000618286696912921,False
base,0.5,0,-1.4142135623730954,-1.414213562373095,0.2,0.7351298588895181,0.06279514408539132,-0.00164632166137629,False
base,0.5,0,-0.7653668647301807,-1.847759065022573,0.2,0.7207236028967763,0.04244676716716191,-0.001969458845474524,False
base,0.5,0,-3.6739403974420594e-16,-2.0,0.2,0.7042620337580594,0.007462570628601875,0.0004693464685356987,False
base,0.5,0,0.76536686473018,-1.8477590650225733,0.2,0.7407008683713193,-0.025542376050172996,0.003214732069289456,False
base,0.5,0,1.4142135623730947,-1.4142135623730954,0.2,0.75682595771621,-0.06900765664398495,0.0018243400067901898,False
base,0.5,0,1.847759065022573,-0.7653668647301808,0.2,0.7489990737503214,-0.05818818305984729,-0.0018771451163142989,False
base,0.5,0,2.5,0.0,0.2,0.8108181604437552,-0.037097133039478786,0.0025964143491028937,False
base,0.5,0,2.309698831278217,0.9567085809127245,0.2,0.7902873036123763,0.06639034945002761,0.00740749489550913,False
base,0.5,0,1.7677669529663689,1.7677669529663689,0.2,0.7987652206479344,0.10026337845904872,0.009454853812976477,False
base,0.5,0,0.9567085809127246,2.309698831278217,0.2,0.7640680744039497,0.08076855597320003,0.0037020537923627937,False
base,0.5,0,1.5308084989341916e-16,2.5,0.2,0.6703022445714746,-0.0024914598980462143,-0.0001622166288521241,False
base,0.5,0,-0.9567085809127243,2.309698831278217,0.2,0.7400072567969301,-0.0642588692386989,-0.004113893799916477,False
base,0.5,0,-1.7677669529663687,1.7677669529663689,0.2,0.778180296337637,-0.07317041746092721,-0.008786832409504692,False
base,0.5,0,-2.309698831278217,0.9567085809127247,0.2,0.7892961476614678,-0.04276671713005607,-0.004437803447244372,False
base,0.5,0,-2.5,3.061616997868383e-16,0.2,0.8001213924499126,0.019051907394688407,-0.0019743171360145696,False
base,0.5,0,-2.309698831278217,-0.9567085809127241,0.2,0.7993276598297697,0.07668776949580683,-0.0046328998689814755,False
base,0.5,0,-1.7677669529663693,-1.7677669529663687,0.2,0.7832456613865234,0.10342024652571169,-0.0074930489198680025,False
base,0.5,0,-0.9567085809127258,-2.309698831278216,0.2,0.7647912311057236,0.04868734004466883,-0.00533234412018312,False
base,0.5,0,-4.592425496802574e-16,-2.5,0.2,0.7153199904902438,-0.006775649585800116,0.0009629549351099354,False
base,0.5,0,0.956708580912725,-2.3096988312782165,0.2,0.7917121959669584,-0.031470755656988085,0.007715637211089801,False
base,0.5,0,1.7677669529663684,-1.7677669529663693,0.2,0.8208511558212789,-0.11123244044311642,0.008495374526878296,False
base,0.5,0,2.309698831278216,-0.956708580912726,0.2,0.8438399938083901,-0.11496856023391527,0.00408474009677395,False
base,0.5,0,3.0,0.0,0.2,0.9318340093758721,-0.06011353634284973,0.014513194658978535,False
base,0.5,0,2.77163859753386,1.1480502970952693,0.2,0.8825312656287096,0.11469169533332288,0.01890549099786832,False
base,0.5,0,2.121320343559643,2.121320343559643,0.2,0.847878443237569,0.14173159696562332,0.01623421693960669,False
base,0.5,0,1.1480502970952695,2.77163859753386,0.2,0.8124991606106005,0.10450842413653888,0.008509963195372845,False
base,0.5,0,1.8369701987210297e-16,3.0,0.2,0.7473039001631389,-0.0030159516112273277,-0.0006233881221616572,False
base,0.5,0,-1.1480502970952693,2.77163859753386,0.2,0.7622578450711962,-0.09113547971030474,-0.009261131812096583,False
base,0.5,0,-2.1213203435596424,2.121320343559643,0.2,0.834420165776983,-0.10595076641326535,-0.017248405475886436,False
base,0.5,0,-2.77163859753386,1.1480502970952697,0.2,0.8825467916741265,-0.07771752814934414,-0.014640502114596766,False
base,0.5,0,-3.0,3.6739403974420594e-16,0.2,0.899914961518939,0.012928476892528419,-0.011219071889123454,False
base,0.5,0,-2.7716385975338604,-1.148050297095269,0.2,0.869306385280838,0.11133497270473747,-0.013485017557979359,False
base,0.5,0,-2.121320343559643,-2.1213203435596424,0.2,0.8361021860081543,0.1261808799615417,-0.013354844013830476,False
base,0.5,0,-1.148050297095271,-2.7716385975338595,0.2,0.8154012355447415,0.05524581242689758,-0.007744778656327034,False
base,0.5,0,-5.51091059616309e-16,-3.0,0.2,0.7213022488081934,-0.012918368586371406,0.0013997086022109455,False
base,0.5,0,1.14805029709527,-2.77163859753386,0.2,0.835616297325738,-0.032128342983659464,0.011711487895754543,False
base,0.5,0,2.121320343559642,-2.121320343559643,0.2,0.8569508761040938,-0.10717173164053351,0.0143732021252173,False
base,0.5,0,2.7716385975338595,-1.148050297095271,0.2,0.8988224464855158,-0.13078564040357235,0.01416915709360606,False
base,0.5,0,0.5,0.0,0.5,0.6718133320296749,-0.010791264813162393,-0.0005529868993210396,False
base,0.5,0,0.46193976625564337,0.1913417161825449,0.5,0.6701324157561427,-0.011046633673924824,-0.0009814103522833763,False
base,0.5,0,0.3535533905932738,0.3535533905932738,0.5,0.6675318836976654,-0.010519336215569818,-0.0013183582981071856,False
base,0.5,0,0.19134171618254492,0.46193976625564337,0.5,0.6643741522391053,-0.008960997857294739,-0.0014725273093309536,False
base,0.5,0,3.061616997868383e-17,0.5,0.5,0.6620398828385463,-0.006287784759315039,-0.001290773838464862,False
base,0.5,0,-0.19134171618254486,0.46193976625564337,0.5,0.6622826851300053,-0.0034950106751602946,-0.0006951481347680916,False
base,0.5,0,-0.35355339059327373,0.3535533905932738,0.5,0.6643174584930496,-0.0018189531336433426,0.00011348862254408946,False
base,0.5,0,-0.46193976625564337,0.19134171618254495,0.5,0.6668565017041658,-0.0010631083043470284,0.0009549499364056067,False
base,0.5,0,-0.5,6.123233995736766e-17,0.5,0.6691036373047091,-0.0006012646267631316,0.0016861734259157044,False
base,0.5,0,-0.4619397662556434,-0.19134171618254484,0.5,0.6709518004108198,-4.903466208960663e-05,0.0021127065008906274,False
base,0.5,0,-0.35355339059327384,-0.35355339059327373,0.5,0.6721750673770673,-3.975422219547678e-05,0.0021950540266452616,False
base,0.5,0,-0.19134171618254517,-0.46193976625564326,0.5,0.6728108484111265,-0.0009717862062615614,0.002023363488294824,False
base,0.5,0,-9.184850993605148e-17,-0.5,0.5,0.6732521811040473,-0.0028285545404281845,0.0016678458484874065,False
base,0.5,0,0.191341716182545,-0.4619397662556433,0.5,0.6737562046416223,-0.005250714300958984,0.0011593874995132706,False
base,0.5,0,0.3535533905932737,-0.35355339059327384,0.5,0.6737431042165949,-0.0077494712174925266,0.0005428159721814911,False
base,0.5,0,0.46193976625564326,-0.1913417161825452,0.5,0.6730512687949757,-0.009688147856976088,-5.103766656577865e-05,False
base,0.5,0,1.0,0.0,0.5,0.6788177960411788,-0.01327250924460599,-0.0018086244057240464,False
base,0.5,0,0.9238795325112867,0.3826834323650898,0.5,0.6780173903057963,-0.011841648319484432,-0.00181567354710259,False
base,0.5,0,0.7071067811865476,0.7071067811865476,0.5,0.673856711952353,-0.012776697164544056,-0.0023631626267084853,False
base,0.5,0,0.38268343236508984,0.9238795325112867,0.5,0.6622495493938949,-0.01078062968500974,-0.0031711208466091,False
base,0.5,0,6.123233995736766e-17,1.0,0.5,0.6520820154370734,-0.0013377372943971459,-0.0025198907486063964,False
base,0.5,0,-0.3826834323650897,0.9238795325112867,0.5,0.6567206364778682,0.006132892920981377,-0.0009565046180361862,False
base,0.5,0,-0.7071067811865475,0.7071067811865476,0.5,0.6658896130811637,0.00530832063947547,0.00027980139081275,False
base,0.5,0,-0.9238795325112867,0.3826834323650899,0.5,0.6728388574252981,0.003489018642470045,0.0018035021011392467,False
base,0.5,0,-1.0,1.2246467991473532e-16,0.5,0.6771276022818433,0.004372424608750647,0.003174953845932915,False
base,0.5,0,-0.9238795325112868,-0.38268343236508967,0.5,0.6801349369581355,0.007369366353418116,0.0036897734127025,False
base,0.5,0,-0.7071067811865477,-0.7071067811865475,0.5,0.6806203063355545,0.00907240142524692,0.0033937997198779423,False
base,0.5,0,-0.38268343236509034,-0.9238795325112865,0.5,0.6798576000095721,0.007960938384842589,0.0027520954096110326,False
base,0.5,0,-1.8369701987210297e-16,-1.0,0.5,0.6795362306176469,0.0036167065085593478,0.0022903088849381002,False
base,0.5,0,0.38268343236509,-0.9238795325112866,0.5,0.6816923470630455,-0.003453014222876082,0.0014953988506674148,False
base,0.5,0,0.7071067811865474,-0.7071067811865477,0.5,0.6822363031014468,-0.010640673317373315,7.112078422204814e-05,False
base,0.5,0,0.9238795325112865,-0.3826834323650904,0.5,0.680903710609576,-0.013995557998005906,-0.0013307746032547622,False
base,0.5,0,1.5,0.0,0.5,0.692720832449804,-0.014733143233709,-0.0034775709006882316,False
base,0.5,0,1.38581929876693,0.5740251485476346,0.5,0.6947568890937263,-0.0023482928691723522,-0.0010196662434338087,False
base,0.5,0,1.0606601717798214,1.0606601717798214,0.5,0.6967236250059836,-0.002558397925502902,-0.0008155920568877474,False
base,0.5,0,0.5740251485476348,1.38581929876693,0.5,0.6682253845198494,-0.006345238284483497,-0.004099713739032824,False
base,0.5,0,9.184850993605148e-17,1.5,0.5,0.6358995399230963,0.007346350716363467,-0.0017516304438837955,False
base,0.5,0,-0.5740251485476346,1.38581929876693,0.5,0.6597672016299245,0.016724504243060295,0.0007337242080363176,False
base,0.5,0,-1.0606601717798212,1.0606601717798214,0.5,0.6825270184044168,0.005512212858107832,-2.8539747229761498e-05,False
base,0.5,0,-1.38581929876693,0.5740251485476349,0.5,0.6893122625400038,0.002142058652731558,0.0020634916176464524,False
base,0.5,0,-1.5,1.8369701987210297e-16,0.5,0.694469710090722,0.008981566837903628,0.003985665200611165,False
base,0.5,0,-1.3858192987669302,-0.5740251485476345,0.5,0.6996904179518235,0.02019955341527544,0.003688579715805323,False
base,0.5,0,-1.0606601717798214,-1.0606601717798212,0.5,0.699804646407235,0.028321304433658292,0.0018596477115592398,False
base,0.5,0,-0.5740251485476355,-1.3858192987669298,0.5,0.6934780851381755,0.02474720032282674,0.0007332060404513366,False
base,0.5,0,-2.755455298081545e-16,-1.5,0.5,0.6890467900987476,0.012335404542806946,0.0018464447205452366,False
base,0.5,0,0.574025148547635,-1.38581929876693,0.5,0.699653737877187,-0.007715186196791025,0.0027649212947848272,False
base,0.5,0,1.060660171779821,-1.0606601717798214,0.5,0.7039352227349358,-0.02566186565823081,-5.292991149289305e-05,False
base,0.5,0,1.3858192987669298,-0.5740251485476355,0.5,0.6993320990062512,-0.026164275349671196,-0.0035102261483146036,False
base,0.5,0,2.0,0.0,0.5,0.729813143579054,-0.019895621043517497,-0.0020083671432491457,False
base,0.5,0,1.8477590650225735,0.7653668647301796,0.5,0.729844791780037,0.024918932550472752,0.00524374992803266,False
base,0.5,0,1.4142135623730951,1.4142135623730951,0.5,0.7465473651186445,0.04192549762846504,0.009027941458379504,False
base,0.5,0,0.7653668647301797,1.8477590650225735,0.5,0.7040794334674348,0.02723577824352242,2.379419832025678e-05,False
base,0.5,0,1.2246467991473532e-16,2.0,0.5,0.6323655072441506,0.007170976826502282,-0.00025177871008386164,False
base,0.5,0,-0.7653668647301795,1.8477590650225735,0.5,0.6906915049501131,-0.005971365581147717,-0.0010394861868332566,False
base,0.5,0,-1.414213562373095,1.4142135623730951,0.5,0.7261256337493387,-0.025721907234207655,-0.007041636700956911,False
base,0.5,0,-1.8477590650225735,0.7653668647301798,0.5,0.7250225795268996,-0.013140426524565764,-0.0013770169237232084,False
base,0.5,0,-2.0,2.4492935982947064e-16,0.5,0.7313062581308344,0.014425774923786152,0.0017698679053950168,False
base,0.5,0,-1.8477590650225737,-0.7653668647301793,0.5,0.7392239899835411,0.04461143703786433,-0.0013236475679263224,False
base,0.5,0,-1.4142135623730954,-1.414213562373095,0.5,0.7379501225937185,0.06707250933719995,-0.006815587518825659,False
base,0.5,0,-0.7653668647301807,-1.847759065022573,0.5,0.7230253430669322,0.04532866198278033,-0.006441612131252744,False
base,0.5,0,-3.6739403974420594e-16,-2.0,0.5,0.7066897188386387,0.0072369965559536875,0.0016332324361366204,False
base,0.5,0,0.76536686473018,-1.8477590650225733,0.5,0.7432434728077222,-0.029050437194962468,0.010082057441079468,False
base,0.5,0,1.4142135623730947,-1.4142135623730954,0.5,0.7590139319831559,-0.07439273420705797,0.00738551240512315,False
base,0.5,0,1.847759065022573,-0.7653668647301808,0.5,0.7511599793061281,-0.06064363606134373,-0.0016076789715050476,False
base,0.5,0,2.5,0.0,0.5,0.819911173251548,-0.035745419416158164,0.012080625071190454,False
base,0.5,0,2.309698831278217,0.9567085809127245,0.5,0.7986969353909309,0.07253392668044398,0.023895341673630163,False
base,0.5,0,1.7677669529663689,1.7677669529663689,0.5,0.8053350664926434,0.10499544776142439,0.027824525523426423,False
base,0.5,0,0.9567085809127246,2.309698831278217,0.5,0.7697869046202679,0.08450514616226758,0.012891853638499179,False
base,0.5,0,1.5308084989341916e-16,2.5,0.5,0.6712676656500085,-0.002783397453780618,-0.00018930204777965637,False
base,0.5,0,-0.9567085809127243,2.309698831278217,0.5,0.7460771347476352,-0.06810072715373362,-0.013637314312246454,False
base,0.5,0,-1.7677669529663687,1.7677669529663689,0.5,0.7842055901031657,-0.07971989316898853,-0.025699478428300192,False
base,0.5,0,-2.309698831278217,0.9567085809127247,0.5,0.7960775546597261,-0.04836547641017114,-0.015752739262619286,False
base,0.5,0,-2.5,3.061616997868383e-16,0.5,0.8071771484426344,0.019500190187810663,-0.009571878972476355,False
base,0.5,0,-2.309698831278217,-0.9567085809127241,0.5,0.8059575042354575,0.0812808950614542,-0.01620864960067532,False
base,0.5,0,-1.7677669529663693,-1.7677669529663687,0.5,0.7877289392952063,0.10820586032594365,-0.02225712264653132,False
base,0.5,0,-0.9567085809127258,-2.309698831278216,0.5,0.7682977130862447,0.05053319299902424,-0.015008375545304126,False
base,0.5,0,-4.592425496802574e-16,-2.5,0.5,0.7193351563761452,-0.007286879272273565,0.0027389543645943743,False
base,0.5,0,0.956708580912725,-2.3096988312782165,0.5,0.7957428543339459,-0.034646545047534,0.021521641517033435,False
base,0.5,0,1.7677669529663684,-1.7677669529663693,0.5,0.8248055971331845,-0.11726582928258622,0.024330636395144534,False
base,0.5,0,2.309698831278216,-0.956708580912726,0.5,0.8518207929627633,-0.12047238939730998,0.014801687815401728,False
base,0.5,0,3.0,0.0,0.5,0.9458032676439796,-0.05821880950702418,0.043201030592541656,False
base,0.5,0,2.77163859753386,1.1480502970952693,0.5,0.8943007988846754,0.12017334237207476,0.05379316466536,False
base,0.5,0,2.121320343559643,2.121320343559643,0.5,0.8541573901214936,0.14375389776477943,0.0443903943207818,False
base,0.5,0,1.1480502970952695,2.77163859753386,0.5,0.8175575071186479,0.10606603568116754,0.02401039315481039,False
base,0.5,0,1.8369701987210297e-16,3.0,0.5,0.7505452209769712,-0.0033782104713568338,-0.0009016966669613375,False
base,0.5,0,-1.1480502970952693,2.77163859753386,0.5,0.7684916212035539,-0.09261483809212318,-0.025464870767817817,False
base,0.5,0,-2.1213203435596424,2.121320343559643,0.5,0.8409212413236881,-0.11095228914199275,-0.04670970756603936,False
base,0.5,0,-2.77163859753386,1.1480502970952697,0.5,0.8928681656250228,-0.08452055592663917,-0.042666256958662926,False
base,0.5,0,-3.0,3.6739403974420594e-16,0.5,0.9114223243921606,0.013178060602220897,-0.03435076850947816,False
base,0.5,0,-2.7716385975338604,-1.148050297095269,0.5,0.8782833363953454,0.11572366912649762,-0.03926135801806763,False
base,0.5,0,-2.121320343559643,-2.1213203435596424,0.5,0.8408590722383116,0.12893374630750526,-0.03674346974151113,False
base,0.5,0,-1.148050297095271,-2.7716385975338595,0.5,0.8191624030222608,0.055958968749285604,-0.021054874202779524,False
base,0.5,0,-5.51091059616309e-16,-3.0,0.5,0.72616084633493,-0.013084795947596326,0.0034582675527054375,False
base,0.5,0,1.14805029709527,-2.77163859753386,0.5,0.8397770065313181,-0.034624477220468575,0.03147543278687359,False
base,0.5,0,2.121320343559642,-2.121320343559643,0.5,0.8608246537107824,-0.1107272951209366,0.038453295249305464,False
base,0.5,0,2.7716385975338595,-1.148050297095271,0.5,0.9072173526078631,-0.13453917935657153,0.03911933199189895,False
base,0.5,0,0.5,0.0,1.0,0.6715205694388505,-0.012431219196614052,0.0022238485537158237,False
base,0.5,0,0.46193976625564337,0.1913417161825449,1.0,0.6702500599767205,-0.012782615081300564,0.001364413666048154,False
base,0.5,0,0.3535533905932738,0.3535533905932738,1.0,0.6678613748438695,-0.012457463346490859,0.00026614919558509166,False
base,0.5,0,0.19134171618254492,0.46193976625564337,1.0,0.6645303214200777,-0.011126525045223226,-0.0009809661961061654,False
base,0.5,0,3.061616997868383e-17,0.5,1.0,0.6617240679732679,-0.008556484009885554,-0.0019177190794082977,False
base,0.5,0,-0.19134171618254486,0.46193976625564337,1.0,0.661533419361465,-0.0057832301082318335,-0.0020609192930014925,False
base,0.5,0,-0.35355339059327373,0.3535533905932738,1.0,0.663322270289384,-0.004200462354502348,-0.001530237450676241,False
base,0.5,0,-0.46193976625564337,0.19134171618254495,1.0,0.6657538278180466,-0.0034615515378296885,-0.0005162504507946486,False
base,0.5,0,-0.5,6.123233995736766e-17,1.0,0.6679998045812289,-0.0027676353008848635,0.0006707506494929568,False
base,0.5,0,-0.4619397662556434,-0.19134171618254484,1.0,0.6699729114471998,-0.0017373599469483166,0.0015521636616757629,False
base,0.5,0,-0.35355339059327384,-0.35355339059327373,1.0,0.6713770064304838,-0.0013458061692692331,0.0021632245963322913,False
base,0.5,0,-0.19134171618254517,-0.46193976625564326,1.0,0.6721513692100151,-0.0021867559876180285,0.0027286228618046983,False
base,0.5,0,-9.184850993605148e-17,-0.5,1.0,0.6726949820550789,-0.004201403556982451,0.0032234159869808446,False
base,0.5,0,0.191341716182545,-0.4619397662556433,1.0,0.6731778546503421,-0.006802907859832556,0.0034997364011384994,False
base,0.5,0,0.3535533905932737,-0.35355339059327384,1.0,0.6730794273775745,-0.009387728051895125,0.003382754673570435,False
base,0.5,0,0.46193976625564326,-0.1913417161825452,1.0,0.6724528553179253,-0.01131402152949158,0.002917883312077426,False
base,0.5,0,1.0,0.0,1.0,0.6781608081469503,-0.013326920596335112,0.0037951065831514086,False
base,0.5,0,0.9238795325112867,0.3826834323650898,1.0,0.6793595752270414,-0.011535608134057048,0.004017660613133871,False
base,0.5,0,0.7071067811865476,0.7071067811865476,1.0,0.6764948752021953,-0.013191154840128543,0.002539726754387699,False
base,0.5,0,0.38268343236508984,0.9238795325112867,1.0,0.6638095795227732,-0.011890772604770295,-0.0008591856416965805,False
base,0.5,0,6.123233995736766e-17,1.0,1.0,0.6513286932885107,-0.0015958864995581513,-0.0036206763445917746,False
base,0.5,0,-0.3826834323650897,0.9238795325112867,1.0,0.6558996563706159,0.005844309588890873,-0.004579440809600585,False
base,0.5,0,-0.7071067811865475,0.7071067811865476,1.0,0.6651661917785092,0.0033395594560850475,-0.00440132799213679,False
base,0.5,0,-0.9238795325112867,0.3826834323650899,1.0,0.6722421090200886,0.0009674644999955855,-0.00250041917171823,False
base,0.5,0,-1.0,1.2246467991473532e-16,1.0,0.6768263278966178,0.002570441984024007,-0.00021559797025227993,False
base,0.5,0,-0.9238795325112868,-0.38268343236508967,1.0,0.6803574522370849,0.007291125275503759,0.0005943731929474636,False
base,0.5,0,-0.7071067811865477,-0.7071067811865475,1.0,0.6811407850185587,0.0103696007568473,0.0007832545667469166,False
base,0.5,0,-0.38268343236509034,-0.9238795325112865,1.0,0.6806554309906495,0.009259829375061989,0.0016495132948124147,False
base,0.5,0,-1.8369701987210297e-16,-1.0,1.0,0.6801542139314802,0.003394172128695989,0.0042233815710643035,False
base,0.5,0,0.38268343236509,-0.9238795325112866,1.0,0.6815753039996696,-0.00527285507816648,0.006238639340533334,False
base,0.5,0,0.7071067811865474,-0.7071067811865477,1.0,0.6809060478990501,-0.012645215372319331,0.005862776276259866,False
base,0.5,0,0.9238795325112865,-0.3826834323650904,1.0,0.6792695560234457,-0.015052991965416736,0.004387215273511612,False
base,0.5,0,1.5,0.0,1.0,0.694627824909128,-0.01229335283253108,0.007347873841383024,False
base,0.5,0,1.38581929876693,0.5740251485476346,1.0,0.7006538933895108,0.003193636106601217,0.012922212516045539,False
base,0.5,0,1.0606601717798214,1.0606601717798214,1.0,0.7060969065568903,0.003126474836422993,0.014035559140250098,False
base,0.5,0,0.5740251485476348,1.38581929876693,1.0,0.6740788882688147,-0.0036468815101924614,0.005148879112192314,False
base,0.5,0,9.184850993605148e-17,1.5,1.0,0.6336321746723393,0.009605023788137343,-0.0016096799337177582,False
base,0.5,0,-0.5740251485476346,1.38581929876693,1.0,0.6627547584053444,0.016577185628344,-0.007191298814092435,False
base,0.5,0,-1.0606601717798212,1.0606601717798214,1.0,0.6864189026222369,0.00027297531839778075,-0.01149848506415969,False
base,0.5,0,-1.38581929876693,0.5740251485476349,1.0,0.6921293786357704,-0.0022263509593643703,-0.00821249432187758,False
base,0.5,0,-1.5,1.8369701987210297e-16,1.0,0.6977069173116923,0.00805534378883443,-0.005027058608028767,False
base,0.5,0,-1.3858192987669302,-0.5740251485476345,1.0,0.7046564729386986,0.024200520247916982,-0.006550932750067062,False
base,0.5,0,-1.0606601717798214,-1.0606601717798212,1.0,0.7054223984554254,0.03642553366682198,-0.009369037502685433,False
base,0.5,0,-0.5740251485476355,-1.3858192987669298,1.0,0.6988820111315847,0.031606102886105866,-0.0067866725796069186,False
base,0.5,0,-2.755455298081545e-16,-1.5,1.0,0.6939548560242363,0.012664139731605007,0.004152259058918314,False
base,0.5,0,0.574025148547635,-1.38581929876693,1.0,0.7035128989579615,-0.014573415063812028,0.014128214883534431,False
base,0.5,0,1.060660171779821,-1.0606601717798214,1.0,0.7053886767094698,-0.03361171031914522,0.012905390772777893,False
base,0.5,0,1.3858192987669298,-0.5740251485476355,1.0,0.6999229105888625,-0.028997448144119684,0.007373902303937353,False
base,0.5,0,2.0,0.0,1.0,0.7453713468092471,-0.015386661342359442,0.023578985979422207,False
base,0.5,0,1.8477590650225735,0.7653668647301796,1.0,0.7485654783326555,0.040135448032673916,0.03802065951887813,False
base,0.5,0,1.4142135623730951,1.4142135623730951,1.0,0.767305683863557,0.05849116384336256,0.044468332552816806,False
base,0.5,0,0.7653668647301797,1.8477590650225735,1.0,0.7207198790309917,0.03819033766559635,0.023969289373767386,False
base,0.5,0,1.2246467991473532e-16,2.0,1.0,0.6340287970298504,0.008295256128275676,0.0006551520953552465,False
base,0.5,0,-0.7653668647301795,1.8477590650225735,1.0,0.7059509060398372,-0.015684425140424684,-0.022244425215165724,False
base,0.5,0,-1.414213562373095,1.4142135623730951,1.0,0.7418606560481721,-0.04322076201544574,-0.03599056404692668,False
base,0.5,0,-1.8477590650225735,0.7653668647301798,1.0,0.7385003782327806,-0.024599673564482567,-0.026202227123227687,False
base,0.5,0,-2.0,2.4492935982947064e-16,1.0,0.744838073635564,0.014992576563929369,-0.020588243268072404,False
base,0.5,0,-1.8477590650225737,-0.7653668647301793,1.0,0.7550277193430727,0.05634071405383327,-0.028020821067846036,False
base,0.5,0,-1.4142135623730954,-1.414213562373095,1.0,0.7523345332015127,0.08373817409546731,-0.03550474668858825,False
base,0.5,0,-0.7653668647301807,-1.847759065022573,1.0,0.735205524757548,0.05512393100039698,-0.023949159496146975,False
base,0.5,0,-3.6739403974420594e-16,-2.0,1.0,0.7201860921510549,0.005801805644768758,0.006197006983424428,False
base,0.5,0,0.76536686473018,-1.8477590650225733,1.0,0.7552207976784797,-0.042383334935861036,0.03429691242079138,False
base,0.5,0,1.4142135623730947,-1.4142135623730954,1.0,0.7709224413251137,-0.09469652866232718,0.037783245903719516,False
base,0.5,0,1.847759065022573,-0.7653668647301808,1.0,0.7655711359580087,-0.0720749055014413,0.02456424618305063,False
base,0.5,0,2.5,0.0,1.0,0.8606105858402127,-0.03022083797958741,0.06986539498466904,False
base,0.5,0,2.309698831278217,0.9567085809127245,1.0,0.8349833374703984,0.09494200539978026,0.08838608289415728,False
base,0.5,0,1.7677669529663689,1.7677669529663689,1.0,0.8300581516772612,0.11978062850450732,0.08318751208024042,False
base,0.5,0,0.9567085809127246,2.309698831278217,1.0,0.791351414356341,0.0951995500162045,0.049611190776376476,False
base,0.5,0,1.5308084989341916e-16,2.5,1.0,0.6832322394822243,-0.002874663556750019,0.0012345038056008552,False
base,0.5,0,-0.9567085809127243,2.309698831278217,1.0,0.7688907057720983,-0.07919768049238292,-0.04884129731063238,False
base,0.5,0,-1.7677669529663687,1.7677669529663689,1.0,0.8077873262357371,-0.10171088887281289,-0.07683340947212748,False
base,0.5,0,-2.309698831278217,0.9567085809127247,1.0,0.8267886170297101,-0.07001973530156975,-0.06885458014291732,False
base,0.5,0,-2.5,3.061616997868383e-16,1.0,0.8397819582161472,0.02087427006411599,-0.058306675354142364,False
base,0.5,0,-2.309698831278217,-0.9567085809127241,1.0,0.8344133964925354,0.09900346691464235,-0.0690254129287668,False
base,0.5,0,-1.7677669529663693,-1.7677669529663687,1.0,0.8067472378662557,0.12276796593966591,-0.06834021452526919,False
base,0.5,0,-0.9567085809127258,-2.309698831278216,1.0,0.7831801018876315,0.05621995735163027,-0.03984789230466623,False
base,0.5,0,-4.592425496802574e-16,-2.5,1.0,0.7391244692783151,-0.007965645025360922,0.00725879123456935,False
base,0.5,0,0.956708580912725,-2.3096988312782165,1.0,0.8103038212958645,-0.04522921388085536,0.05466378853044683,False
base,0.5,0,1.7677669529663684,-1.7677669529663693,1.0,0.8399260232997533,-0.13441382715378294,0.06952455437921896,False
base,0.5,0,2.309698831278216,-0.956708580912726,1.0,0.8820365438200031,-0.138128203900928,0.06659328316338434,False
base,0.5,0,3.0,0.0,1.0,0.9930394214384659,-0.04810868396645418,0.13351462613507792,False
base,0.5,0,2.77163859753386,1.1480502970952693,1.0,0.9355448675463695,0.13490789862725336,0.14641142414201472,False
base,0.5,0,2.121320343559643,2.121320343559643,1.0,0.87641721986963,0.14659881862752155,0.10887857205312874,False
base,0.5,0,1.1480502970952695,2.77163859753386,1.0,0.8353260141371319,0.10791703679835754,0.06226223504752023,False
base,0.5,0,1.8369701987210297e-16,3.0,1.0,0.7656907929315979,-0.0034370593964573723,0.0026382412726178527,False
base,0.5,0,-1.1480502970952693,2.77163859753386,1.0,0.7918964230962562,-0.09374285675074086,-0.06291375071490332,False
base,0.5,0,-2.1213203435596424,2.121320343559643,1.0,0.8641517605343579,-0.12419105461561296,-0.11159897397561068,False
base,0.5,0,-2.77163859753386,1.1480502970952697,1.0,0.9303458125654955,-0.10623870624911667,-0.12510791314071046,False
base,0.5,0,-3.0,3.6739403974420594e-16,1.0,0.9545741498020314,0.013477367957927157,-0.11466081082714474,False
base,0.5,0,-2.7716385975338604,-1.148050297095269,1.0,0.9108019666333176,0.12923925672497685,-0.1157973050442917,False
base,0.5,0,-2.121320343559643,-2.1213203435596424,1.0,0.8587787453231035,0.13440583189570182,-0.0919215527187626,False
base,0.5,0,-1.148050297095271,-2.7716385975338595,1.0,0.8327592724450359,0.057644455946031264,-0.05046184255074379,False
base,0.5,0,-5.51091059616309e-16,-3.0,1.0,0.7498927892398519,-0.012650152267620934,0.006368252904016287,False
base,0.5,0,1.14805029709527,-2.77163859753386,1.0,0.8532860204754485,-0.04271275769408764,0.07106998414868096,False
base,0.5,0,2.121320343559642,-2.121320343559643,1.0,0.8752515562567464,-0.12000631175046676,0.09061056595154234,False
base,0.5,0,2.7716385975338595,-1.148050297095271,1.0,0.9342160965986954,-0.1430740421086642,0.1047353294678742,False
base,0.5,0,0.0,0.0,0.0,0.6686139761538161,-0.00532852902040315,2.7755575615628914e-17,True
base,0.5,2,0.5,0.0,0.0,-1.2300276025107389e-17,-1.5679554296674565e-18,0.47302979790310484,False
base,0.5,2,0.46193976625564337,0.1913417161825449,0.0,-5.580660808957808e-18,-3.0611487530453424e-18,0.4717920555944187,False
base,0.5,2,0.3535533905932738,0.3535533905932738,0.0,-4.683473083854154e-18,-8.067756811184927e-18,0.47032845127259165,False
base,0.5,2,0.19134171618254492,0.46193976625564337,0.0,3.5824628362212845e-18,-1.708862534745365e-17,0.4694404955790671,False
base,0.5,2,3.061616997868383e-17,0.5,0.0,1.5465579126754492e-18,-1.6481631472868614e-17,0.4695087311159488,False
base,0.5,2,-0.19134171618254486,0.46193976625564337,0.0,-5.780322765957239e-19,-1.3057487976845938e-17,0.47017965916556476,False
base,0.5,2,-0.35355339059327373,0.3535533905932738,0.0,4.4245694424006344e-18,-9.63009697868515e-18,0.47125367086991066,False
base,0.5,2,-0.46193976625564337,0.19134171618254495,0.0,9.824027338580839e-18,-6.417306898007384e-18,0.47223859138047225,False
base,0.5,2,-0.5,6.123233995736766e-17,0.0,1.0932787069664916e-17,-1.1724685884738302e-18,0.4726028720056046,False
base,0.5,2,-0.4619397662556434,-0.19134171618254484,0.0,1.2565060040208373e-17,8.940079249293971e-18,0.47179731400880315,False
base,0.5,2,-0.35355339059327384,-0.35355339059327373,0.0,1.7152734144798795e-17,1.4350291290686914e-17,0.47068761930390207,False
base,0.5,2,-0.19134171618254517,-0.46193976625564326,0.0,9.148231326001845e-18,2.1150012423466148e-17,0.46998499866204535,False
base,0.5,2,-9.184850993605148e-17,-0.5,0.0,-1.2122919719590808e-17,1.544307925429913e-17,0.4700879984542628,False
base,0.5,2,0.191341716182545,-0.4619397662556433,0.0,-6.864556853995082e-18,1.572866565329575e-17,0.47078466823014403,False
base,0.5,2,0.3535533905932737,-0.35355339059327384,0.0,-1.2123932657473835e-17,7.463563620706896e-18,0.47192892517698243,False
base,0.5,2,0.46193976625564326,-0.1913417161825452,0.0,-1.7081394466510768e-17,2.3481384414213643e-18,0.47290750642342627,False
base,0.5,2,1.0,0.0,0.0,-1.5798601909954708e-18,5.892215871522931e-18,0.4716255900255975,False
base,0.5,2,0.9238795325112867,0.3826834323650898,0.0,7.548679529306943e-19,1.064462453036677e-17,0.46791869304799383,False
base,0.5,2,0.7071067811865476,0.7071067811865476,0.0,6.046419506140603e-18,-1.7046130769405141e-18,0.46309978304579935,False
base,0.5,2,0.38268343236508984,0.9238795325112867,0.0,-2.0589449071470673e-18,-5.197348133258868e-18,0.46047804427973005,False
base,0.5,2,6.123233995736766e-17,1.0,0.0,6.29342164935171e-18,-1.5392626551277548e-17,0.4610031724831941,False
base,0.5,2,-0.3826834323650897,0.9238795325112867,0.0,-5.986825960592926e-18,-5.314497195179895e-18,0.4631467445993469,False
base,0.5,2,-0.7071067811865475,0.7071067811865476,0.0,-1.0184517862446073e-17,-7.925874360185573e-19,0.4667374151505407,False
base,0.5,2,-0.9238795325112867,0.3826834323650899,0.0,1.1855874256597825e-17,8.329205560697494e-18,0.4697842193898032,False
base,0.5,2,-1.0,1.2246467991473532e-16,0.0,1.3304130122531625e-17,-9.125065588553945e-18,0.47041550268026155,False
base,0.5,2,-0.9238795325112868,-0.38268343236508967,0.0,-6.353074174627883e-18,7.237009479451693e-18,0.46765604700196833,False
base,0.5,2,-0.7071067811865477,-0.7071067811865475,0.0,-1.6159780015412083e-17,-7.181747191695866e-18,0.463706206460411,False
base,0.5,2,-0.38268343236509034,-0.9238795325112865,0.0,2.264963800977425e-18,3.992961936448031e-18,0.4603810181607132,False
base,0.5,2,-1.8369701987210297e-16,-1.0,0.0,1.6344813583237883e-17,1.2204996683136887e-17,0.4598834854203441,False
base,0.5,2,0.38268343236509,-0.9238795325112866,0.0,6.449593896241116e-18,6.993941499381624e-18,0.462543093102764,False
base,0.5,2,0.7071067811865474,-0.7071067811865477,0.0,-6.2447703187227274e-18,-1.3627834369548989e-17,0.46735923394304096,False
base,0.5,2,0.9238795325112865,-0.3826834323650904,0.0,-5.210419392818213e-19,-1.0855887871459316e-17,0.47104317326474177,False
base,0.5,2,1.5,0.0,0.0,-1.1099075317192383e-17,-5.130310739379817e-18,0.46919188955025903,False
base,0.5,2,1.38581929876693,0.5740251485476346,0.0,-1.0812685271639751e-17,-8.449916540627526e-18,0.46332563905760715,False
base,0.5,2,1.0606601717798214,1.0606601717798214,0.0,-1.0618095513880714e-17,-5.8864244622133116e-18,0.45457508154524934,False
base,0.5,2,0.5740251485476348,1.38581929876693,0.0,-4.0061348998171245e-18,-1.2058560993870674e-17,0.4523992212111706,False
base,0.5,2,9.184850993605148e-17,1.5,0.0,-6.367723706993702e-18,2.1561108388679263e-17,0.4550010269027478,False
base,0.5,2,-0.5740251485476346,1.38581929876693,0.0,4.205521226567006e-18,8.280972617471323e-19,0.4556290329863393,False
base,0.5,2,-1.0606601717798212,1.0606601717798214,0.0,1.141352534743781e-17,-9.3838060797996e-18,0.46029740837657834,False
base,0.5,2,-1.38581929876693,0.5740251485476349,0.0,-9.796878836678093e-19,-6.635138054472075e-18,0.4665183571169241,False
base,0.5,2,-1.5,1.8369701987210297e-16,0.0,2.9047187973265765e-18,8.638642121331048e-18,0.46735825772668965,False
base,0.5,2,-1.3858192987669302,-0.5740251485476345,0.0,9.096361715937387e-18,-2.695510124468671e-18,0.46237400263910095,False
base,0.5,2,-1.0606601717798214,-1.0606601717798212,0.0,3.666237336242231e-18,6.69293967281389e-18,0.45524905961478623,False
base,0.5,2,-0.5740251485476355,-1.3858192987669298,0.0,-1.1146946369581161e-17,9.474185928135282e-18,0.4501647252420764,False
base,0.5,2,-2.755455298081545e-16,-1.5,0.0,2.3600477940404807e-18,-1.2235157963694902e-17,0.44869307801886044,False
base,0.5,2,0.574025148547635,-1.38581929876693,0.0,6.884397944847413e-18,1.7943692008436518e-17,0.4526925154407951,False
base,0.5,2,1.060660171779821,-1.0606601717798214,0.0,-1.2758599060932302e-17,6.201530528616762e-18,0.46040026315894794,False
base,0.5,2,1.3858192987669298,-0.5740251485476355,0.0,-1.2313334116822556e-17,5.617056324584081e-18,0.46754429197352654,False
base,0.5,2,2.0,0.0,0.0,-1.9514723044402903e-18,-8.324400456810616e-18,0.46678222376547046,False
base,0.5,2,1.8477590650225735,0.7653668647301796,0.0,-1.898998257658475e-17,-1.2643595139832492e-17,0.4616445941512204,False
base,0.5,2,1.4142135623730951,1.4142135623730951,0.0,-1.1134537095348011e-17,-8.282452103447012e-18,0.4529096228686303,False
base,0.5,2,0.7653668647301797,1.8477590650225735,0.0,1.471535541571977e-17,-1.1917059594205893e-17,0.4535349490359535,False
base,0.5,2,1.2246467991473532e-16,2.0,0.0,-6.827442345115961e-18,-2.3055793188469842e-17,0.45834234000197577,False
base,0.5,2,-0.7653668647301795,1.8477590650225735,0.0,4.994879950345776e-18,-1.7069396480285912e-17,0.4546078623501636,False
base,0.5,2,-1.414213562373095,1.4142135623730951,0.0,1.4513349082533605e-17,-1.2191231144581418e-19,0.4572238318102081,False
base,0.5,2,-1.8477590650225735,0.7653668647301798,0.0,7.50942165499227e-18,1.2864340837468925e-17,0.46455685026190763,False
base,0.5,2,-2.0,2.4492935982947064e-16,0.0,-9.12266183411701e-19,-1.6419299378302274e-17,0.4650353118595696,False
base,0.5,2,-1.8477590650225737,-0.7653668647301793,0.0,1.1796224286663555e-17,-1.6845167596371177e-17,0.4592225421287717,False
base,0.5,2,-1.4142135623730954,-1.414213562373095,0.0,4.763651209570917e-18,6.686856766238565e-18,0.45329830295669693,False
base,0.5,2,-0.7653668647301807,-1.847759065022573,0.0,-1.8794652823636713e-17,1.1103900972601403e-18,0.45277675407004664,False
base,0.5,2,-3.6739403974420594e-16,-2.0,0.0,7.168362922137112e-19,2.7854252240295894e-17,0.45376006622015447,False
base,0.5,2,0.76536686473018,-1.8477590650225733,0.0,-7.635415984165056e-18,1.0218324311934778e-17,0.4555350123598068,False
base,0.5,2,1.4142135623730947,-1.4142135623730954,0.0,-5.21572241424335e-18,1.4146836871352716e-17,0.458242279073305,False
base,0.5,2,1.847759065022573,-0.7653668647301808,0.0,7.849238167247168e-19,4.3668613941065975e-18,0.4640887933966452,False
base,0.5,2,2.5,0.0,0.0,-3.329603829686458e-17,-8.561455217390807e-18,0.4698694793826179,False
base,0.5,2,2.309698831278217,0.9567085809127245,0.0,-2.301022822664154e-18,-2.4692062851041824e-18,0.47092097439973735,False
base,0.5,2,1.7677669529663689,1.7677669529663689,0.0,-1.52925748509571e-17,-1.3675535546841419e-17,0.47009100837880985,False
base,0.5,2,0.9567085809127246,2.309698831278217,0.0,-1.1606881362024886e-17,-8.394198273626816e-18,0.4715918654598907,False
base,0.5,2,1.5308084989341916e-16,2.5,0.0,-4.3842638668973735e-18,-1.8619515787442455e-17,0.473293227602074,False
base,0.5,2,-0.9567085809127243,2.309698831278217,0.0,-4.830489287120753e-18,-2.7537035665852904e-18,0.4724310837747903,False
base,0.5,2,-1.7677669529663687,1.7677669529663689,0.0,7.47941458826642e-18,1.7014653683534635e-18,0.47110709085343944,False
base,0.5,2,-2.309698831278217,0.9567085809127247,0.0,1.7340365257402522e-17,-2.273953463878657e-17,0.4703050813779489,False
base,0.5,2,-2.5,3.061616997868383e-16,0.0,1.5052037057448215e-17,6.747776508976114e-19,0.4677647932846467,False
base,0.5,2,-2.309698831278217,-0.9567085809127241,0.0,1.845888676911773e-17,1.4841025324944778e-17,0.4649209846747197,False
base,0.5,2,-1.7677669529663693,-1.7677669529663687,0.0,2.271327771137939e-17,1.522256695781783e-17,0.4685033825168684,False
base,0.5,2,-0.9567085809127258,-2.309698831278216,0.0,9.444678405251226e-18,3.2865041691586225e-17,0.47813634330981625,False
base,0.5,2,-4.592425496802574e-16,-2.5,0.0,-9.233878825728794e-18,1.8866630100876203e-17,0.48393747662658626,False
base,0.5,2,0.956708580912725,-2.3096988312782165,0.0,-1.1387261628710321e-17,1.429895977042979e-17,0.48575518683394325,False
base,0.5,2,1.7677669529663684,-1.7677669529663693,0.0,-6.0806455945060225e-18,6.083613456283749e-18,0.4754521056067839,False
base,0.5,2,2.309698831278216,-0.956708580912726,0.0,-5.104815625083645e-18,1.5943029726794246e-17,0.4690277666625575,False
base,0.5,2,3.0,0.0,0.0,-5.6813327128186064e-18,-1.21265211470235e-17,0.49018504264358165,False
base,0.5,2,2.77163859753386,1.1480502970952693,0.0,-1.25430501877266e-17,-1.0759732962821234e-17,0.501408993796503,False
base,0.5,2,2.121320343559643,2.121320343559643,0.0,-3.4467813587959716e-18,-3.8748428613832216e-18,0.5090303355392776,False
base,0.5,2,1.1480502970952695,2.77163859753386,0.0,3.150900578134063e-18,-9.660264116101248e-18,0.5079185066792907,False
base,0.5,2,1.8369701987210297e-16,3.0,0.0,5.304238670302015e-18,-1.0946804286172576e-18,0.5074543995155443,False
base,0.5,2,-1.1480502970952693,2.77163859753386,0.0,3.5489419931312916e-19,-2.2507432291024812e-17,0.511989669290846,False
base,0.5,2,-2.1213203435596424,2.121320343559643,0.0,6.462496337880296e-18,-9.134927650130231e-18,0.511920807208955,False
base,0.5,2,-2.77163859753386,1.1480502970952697,0.0,-5.481929852552084e-18,-8.761312432174119e-18,0.4946054275318572,False
base,0.5,2,-3.0,3.6739403974420594e-16,0.0,1.7778664316112584e-17,1.891872274943931e-17,0.4840554928051711,False
base,0.5,2,-2.7716385975338604,-1.148050297095269,0.0,1.4671418397499027e-17,-4.180708735395476e-18,0.48713999490052706,False
base,0.5,2,-2.121320343559643,-2.1213203435596424,0.0,1.3685005533531106e-17,3.515476143238934e-18,0.5041793852337904,False
base,0.5,2,-1.148050297095271,-2.7716385975338595,0.0,3.3836313619861664e-18,3.4575864743179033e-17,0.5172279504423465,False
base,0.5,2,-5.51091059616309e-16,-3.0,0.0,-4.959659837631969e-18,2.205218365641615e-17,0.5219896537745484,False
base,0.5,2,1.14805029709527,-2.77163859753386,0.0,-4.531879416015148e-18,2.3460496188156935e-17,0.5321674444838371,False
base,0.5,2,2.121320343559642,-2.121320343559643,0.0,-1.2929135002299095e-17,1.5401756263282183e-17,0.5156033746267512,False
base,0.5,2,2.7716385975338595,-1.148050297095271,0.0,-1.8068066434558298e-17,1.897484652494131e-17,0.4927111148945639,False
base,0.5,2,0.5,0.0,0.2,-0.0003493899493791586,-0.0006236650845457382,0.4748371579115966,False
base,0.5,2,0.46193976625564337,0.1913417161825449,0.2,-0.00047489842224657334,-0.0016763382045825463,0.4735851583109585,False
base,0.5,2,0.3535533905932738,0.3535533905932738,0.2,-0.0005471115368237082,-0.0023784008781845647,0.4721162391589791,False
base,0.5,2,0.19134171618254492,0.46193976625564337,0.2,-0.000544840838193592,-0.00271304805658921,0.47121879467300676,False
base,0.5,2,3.061616997868383e-17,0.5,0.2,-0.00042353095605992543,-0.002697059752723574,0.47127639031294216,False
base,0.5,2,-0.19134171618254486,0.46193976625564337,0.2,-0.00017810969737919592,-0.0023523834852852243,0.47195015396453893,False
base,0.5,2,-0.35355339059327373,0.3535533905932738,0.2,0.00010963233249015932,-0.0017085738432017139,0.4730242695157114,False
base,0.5,2,-0.46193976625564337,0.19134171618254495,0.2,0.00038375665059157813,-0.000807497250423405,0.474006970793923,False
base,0.5,2,-0.5,6.123233995736766e-17,0.2,0.0005988757396937716,0.00025483610998230347,0.4743813966108804,False
base,0.5,2,-0.4619397662556434,-0.19134171618254484,0.2,0.0006930639125278132,0.0012927141459549024,0.4736208251065046,False
base,0.5,2,-0.35355339059327384,-0.35355339059327373,0.2,0.0006733738087675851,0.0021223535789767437,0.4725666859501338,False
base,0.5,2,-0.19134171618254517,-0.46193976625564326,0.2,0.0005831989628419845,0.002653595356503681,0.4719031033935256,False
base,0.5,2,-9.184850993605148e-17,-0.5,0.2,0.0004436836578600779,0.002781676955343099,0.47201770383358155,False
base,0.5,2,0.191341716182545,-0.4619397662556433,0.2,0.0002604699289402881,0.0024374337636136104,0.4727096178752337,False
base,0.5,2,0.3535533905932737,-0.35355339059327384,0.2,4.3700321316443984e-05,0.0016683209993802934,0.4738242825557171,False
base,0.5,2,0.46193976625564326,-0.1913417161825452,0.2,-0.00017122652397042268,0.0005917607060805459,0.4747564050883486,False
base,0.5,2,1.0,0.0,0.2,-0.0007428718549091774,-0.0008946724278347418,0.4736261000518503,False
base,0.5,2,0.9238795325112867,0.3826834323650898,0.2,-0.0007396901861430561,-0.002858557730487989,0.4699313382319614,False
base,0.5,2,0.7071067811865476,0.7071067811865476,0.2,-0.0008767115692046934,-0.003860140778314343,0.4651577885614668,False
base,0.5,2,0.38268343236508984,0.9238795325112867,0.2,-0.0010660513244029125,-0.003584476555211706,0.46257963219762854,False
base,0.5,2,6.123233995736766e-17,1.0,0.2,-0.0007572504902532419,-0.0033088080682005024,0.46307505779679276,False
base,0.5,2,-0.3826834323650897,0.9238795325112867,0.2,-0.0001767264800028692,-0.0033499527079619666,0.4652018671352354,False
base,0.5,2,-0.7071067811865475,0.7071067811865476,0.2,0.00022861957012471407,-0.0029188572359884796,0.4687290728273366,False
base,0.5,2,-0.9238795325112867,0.3826834323650899,0.2,0.0006851377193438862,-0.0013648727133528903,0.47172016187409443,False
base,0.5,2,-1.0,1.2246467991473532e-16,0.2,0.0010720871520940255,0.0006097800916058044,0.4723362162182674,False
base,0.5,2,-0.9238795325112868,-0.38268343236508967,0.2,0.0011251905219017623,0.0023996810623624393,0.46970035079731765,False
base,0.5,2,-0.7071067811865477,-0.7071067811865475,0.2,0.0009439406106821438,0.0037550302033110697,0.4659402121728543,False
base,0.5,2,-0.38268343236509034,-0.9238795325112865,0.2,0.0007083956123837503,0.004405630846211244,0.4628168378033839,False
base,0.5,2,-1.8369701987210297e-16,-1.0,0.2,0.0005795262431286309,0.004714861842333779,0.46237383582497216,False
base,0.5,2,0.38268343236509,-0.9238795325112866,0.2,0.0003865937559643351,0.0043750125825272835,0.4649813398496969,False
base,0.5,2,0.7071067811865474,-0.7071067811865477,0.2,-2.3460099931185376e-05,0.003381877920659033,0.46961376961213763,False
base,0.5,2,0.9238795325112865,-0.3826834323650904,0.2,-0.0005084500998154033,0.0014443602720961796,0.4731443151854062,False
base,0.5,2,1.5,0.0,0.2,-0.0010400084934730769,-0.0007633589528520614,0.4715546602720496,False
base,0.5,2,1.38581929876693,0.5740251485476346,0.2,-0.0002964907958673659,-0.0031439519531981687,0.46583933396426214,False
base,0.5,2,1.0606601717798214,1.0606601717798214,0.2,-0.00021929368056908916,-0.0033607130435381115,0.4574382520366435,False
base,0.5,2,0.5740251485476348,1.38581929876693,0.2,-0.0012934887176747514,-0.0012407269258344715,0.4554561955484058,False
base,0.5,2,9.184850993605148e-17,1.5,0.2,-0.00048272263575485115,-0.0005449021556930111,0.45794622603045904,False
base,0.5,2,-0.5740251485476346,1.38581929876693,0.2,0.00036506864036325696,-0.002055543940778296,0.458485221349992,False
base,0.5,2,-1.0606601717798212,1.0606601717798214,0.2,2.881464140029089e-06,-0.003245588607096608,0.4628948405938553,False
base,0.5,2,-1.38581929876693,0.5740251485476349,0.2,0.0005983542871036282,-0.0016784207132187728,0.46884036962799447,False
base,0.5,2,-1.5,1.8369701987210297e-16,0.2,0.0011531689873343022,0.0008453439854365023,0.46959238751461785,False
base,0.5,2,-1.3858192987669302,-0.5740251485476345,0.2,0.000903003125497107,0.002708657693548335,0.4648915645496111,False
base,0.5,2,-1.0606601717798214,-1.0606601717798212,0.2,0.0002717580716240837,0.00327391409879875,0.45834379793869107,False
base,0.5,2,-0.5740251485476355,-1.3858192987669298,0.2,7.5512629645675976e-06,0.0023033132478062594,0.453936984075267,False
base,0.5,2,-2.755455298081545e-16,-1.5,0.2,0.0003878462958622539,0.002086185787888073,0.4527225178452918,False
base,0.5,2,0.574025148547635,-1.38581929876693,0.2,0.0008208248665359323,0.0027368352454280945,0.4564977509153737,False
base,0.5,2,1.060660171779821,-1.0606601717798214,0.2,0.00024969680026676235,0.0035334859745877766,0.4634839127735145,False
base,0.5,2,1.3858192987669298,-0.5740251485476355,0.2,-0.0008277287129792542,0.002046029168722893,0.4701077849050084,False
base,0.5,2,2.0,0.0,0.2,-0.00020444014455446303,-0.0002001357094683687,0.469858270283812,False
base,0.5,2,1.8477590650225735,0.7653668647301796,0.2,0.001864003751866393,-0.0015783707421700263,0.46519880987447165,False
base,0.5,2,1.4142135623730951,1.4142135623730951,0.2,0.0029344348194397145,0.0011943982746737917,0.4576461302390429,False
base,0.5,2,0.7653668647301797,1.8477590650225735,0.2,9.921580679027832e-05,0.004002798058009188,0.45852979336945704,False
base,0.5,2,1.2246467991473532e-16,2.0,0.2,-3.9106642241399054e-05,0.0036277636176537515,0.4628630204646018,False
base,0.5,2,-0.7653668647301795,1.8477590650225735,0.2,-0.00028311395348833406,0.0030541307209629607,0.45931214243167945,False
base,0.5,2,-1.414213562373095,1.4142135623730951,0.2,-0.002382220794818257,-1.8947521524240934e-05,0.4613212096642577,False
base,0.5,2,-1.8477590650225735,0.7653668647301798,0.2,-0.0007632168267156073,-0.0009022847817687666,0.46767781310795825,False
base,0.5,2,-2.0,2.4492935982947064e-16,0.2,0.00014908243345628224,0.000868267933720684,0.46791681278129704,False
base,0.5,2,-1.8477590650225737,-0.7653668647301793,0.2,-0.0008579347097565381,0.0014861833750815612,0.46270503553848896,False
base,0.5,2,-1.4142135623730954,-1.414213562373095,0.2,-0.002292877558116115,-0.0014099212789431908,0.45823030384224195,False
base,0.5,2,-0.7653668647301807,-1.847759065022573,0.2,-0.0019005634434934569,-0.005705445053365157,0.45923751610743935,False
base,0.5,2,-3.6739403974420594e-16,-2.0,0.2,0.0004057171555055182,-0.007904226128175512,0.4609342007589136,False
base,0.5,2,0.76536686473018,-1.8477590650225733,0.2,0.002818799958605764,-0.006327138524622246,0.46241694726729904,False
base,0.5,2,1.4142135623730947,-1.4142135623730954,0.2,0.002618208132196427,-0.0013326098397850644,0.4632391672080389,False
base,0.5,2,1.847759065022573,-0.7653668647301808,0.2,0.0002693372211411852,0.0012511355938207482,0.467559231714296,False
base,0.5,2,2.5,0.0,0.2,0.004263692736150443,0.0005152854556184471,0.474483418345807,False
base,0.5,2,2.309698831278217,0.9567085809127245,0.2,0.007349538839688929,0.0028695815172869394,0.4765221121962448,False
base,0.5,2,1.7677669529663689,1.7677669529663689,0.2,0.008275555041480519,0.008734407045621801,0.47769198370322824,False
base,0.5,2,0.9567085809127246,2.309698831278217,0.2,0.004232037782149288,0.010700509022026619,0.4794004564473057,False
base,0.5,2,1.5308084989341916e-16,2.5,0.2,-0.0002189878507729998,0.009815338816537327,0.4801890396678367,False
base,0.5,2,-0.9567085809127243,2.309698831278217,0.2,-0.004486815026588364,0.011432151756659428,0.4800576824517315,False
base,0.5,2,-1.7677669529663687,1.7677669529663689,0.2,-0.007827285936575638,0.008254108343918473,0.4779716095037762,False
base,0.5,2,-2.309698831278217,0.9567085809127247,0.2,-0.005155151470416874,0.002637112637110389,0.4750962136362905,False
base,0.5,2,-2.5,3.061616997868383e-16,0.2,-0.0035104705268446173,0.0006288366522926862,0.4719343606936512,False
base,0.5,2,-2.309698831278217,-0.9567085809127241,0.2,-0.0052145167166877905,-0.0020114363754341804,0.4702044992315778,False
base,0.5,2,-1.7677669529663693,-1.7677669529663687,0.2,-0.006299237191161314,-0.008997595819087035,0.47617956171927145,False
base,0.5,2,-0.9567085809127258,-2.309698831278216,0.2,-0.003946083983316244,-0.01330046767494037,0.48749123231584957,False
base,0.5,2,-4.592425496802574e-16,-2.5,0.2,0.0009908438824885544,-0.014547493635730043,0.4934231685756838,False
base,0.5,2,0.956708580912725,-2.3096988312782165,0.2,0.005740309106253217,-0.015362706245693608,0.49589705411447993,False
base,0.5,2,1.7677669529663684,-1.7677669529663693,0.2,0.006918890200709668,-0.010605113481137546,0.4834442480152062,False
base,0.5,2,2.309698831278216,-0.956708580912726,0.2,0.0052119193109167366,-0.0026520182173218206,0.4742961340984975,False
base,0.5,2,3.0,0.0,0.2,0.013152995541268916,0.0013388428584872715,0.4973562289945865,False
base,0.5,2,2.77163859753386,1.1480502970952693,0.2,0.015602757395459603,0.008348304337623303,0.5098991447004583,False
base,0.5,2,2.121320343559643,2.121320343559643,0.2,0.012555135922060623,0.01332464086710034,0.5191068354980127,False
base,0.5,2,1.1480502970952695,2.77163859753386,0.2,0.007210678906304673,0.015777142650654448,0.51830381382131,False
base,0.5,2,1.8369701987210297e-16,3.0,0.2,-0.0005259536740708213,0.01751216553469037,0.5171036958963194,False
base,0.5,2,-1.1480502970952693,2.77163859753386,0.2,-0.007925616384755294,0.016577912593555625,0.5217488912358765,False
base,0.5,2,-2.1213203435596424,2.121320343559643,0.2,-0.013312721066971447,0.01581157683856493,0.5216262080970426,False
base,0.5,2,-2.77163859753386,1.1480502970952697,0.2,-0.01255468250915992,0.008512631937949424,0.5020276365169436,False
base,0.5,2,-3.0,3.6739403974420594e-16,0.2,-0.010577637014815683,0.00046365835487058527,0.49034746343525853,False
base,0.5,2,-2.7716385975338604,-1.148050297095269,0.2,-0.011386757510152577,-0.006536305586806403,0.49487493583526937,False
base,0.5,2,-2.121320343559643,-2.1213203435596424,0.2,-0.009781702297147183,-0.014349681855434615,0.5143684195546617,False
base,0.5,2,-1.148050297095271,-2.7716385975338595,0.2,-0.005518646989442259,-0.01623245603423793,0.5283769191906182,False
base,0.5,2,-5.51091059616309e-16,-3.0,0.2,0.001269159244197667,-0.015655456222094733,0.5321862142162469,False
base,0.5,2,1.14805029709527,-2.77163859753386,0.2,0.008469773121469648,-0.018361374410101654,0.5439337250175001,False
base,0.5,2,2.121320343559642,-2.121320343559643,0.2,0.009593851367910657,-0.017265837993837335,0.5260525730073977,False
base,0.5,2,2.7716385975338595,-1.148050297095271,0.2,0.011334577558530004,-0.006886096683485121,0.49995113902882843,False
base,0.5,2,0.5,0.0,0.5,-0.0006738465409557581,-0.0016642067727088983,0.48388993902438704,False
base,0.5,2,0.46193976625564337,0.1913417161825449,0.5,-0.00099046564246748,-0.004155493295075669,0.48260065390723117,False
base,0.5,2,0.3535533905932738,0.3535533905932738,0.5,-0.001200789311571644,-0.005789299060382402,0.48114264751398167,False
base,0.5,2,0.19134171618254492,0.46193976625564337,0.5,-0.0012585204008694025,-0.0065549568140257815,0.480218800798845,False
base,0.5,2,3.061616997868383e-17,0.5,0.5,-0.00103945548214468,-0.006498291788646804,0.48022017842229603,False
base,0.5,2,-0.19134171618254486,0.46193976625564337,0.5,-0.000503247018080045,-0.005661128275642674,0.48089044850664736,False
base,0.5,2,-0.35355339059327373,0.3535533905932738,0.5,0.00016212012834696508,-0.004123964147423241,0.4819388310530523,False
base,0.5,2,-0.46193976625564337,0.19134171618254495,0.5,0.0008228617919840651,-0.001987590913744488,0.48288549643393747,False
base,0.5,2,-0.5,6.123233995736766e-17,0.5,0.001358640762922969,0.0005270928847644344,0.4832972572602503,False
base,0.5,2,-0.4619397662556434,-0.19134171618254484,0.5,0.00160223660875939,0.0029657076149491772,0.48276704886228217,False
base,0.5,2,-0.35355339059327384,-0.35355339059327373,0.5,0.0015783355474254111,0.004892566505871629,0.482001805867767,False
base,0.5,2,-0.19134171618254517,-0.46193976625564326,0.5,0.0014018810986821029,0.006124859397879934,0.48153749466864,False
base,0.5,2,-9.184850993605148e-17,-0.5,0.5,0.001119390716726676,0.006418420318766383,0.48170352047895726,False
base,0.5,2,0.191341716182545,-0.4619397662556433,0.5,0.0007342014725897408,0.005594493644735857,0.4823609077867168,False
base,0.5,2,0.3535533905932737,-0.35355339059327384,0.5,0.0002540366434191115,0.0037732545392735817,0.4833141051764168,False
base,0.5,2,0.46193976625564326,-0.1913417161825452,0.5,-0.0002439846802145561,0.0012266306999175816,0.4840067020758911,False
base,0.5,2,1.0,0.0,0.5,-0.0014320673391106098,-0.0023139983865907987,0.48368523337665603,False
base,0.5,2,0.9238795325112867,0.3826834323650898,0.5,-0.0013893156000592455,-0.006841960806950717,0.4801527574777052,False
base,0.5,2,0.7071067811865476,0.7071067811865476,0.5,-0.0017429877668580715,-0.008997934582062881,0.47574068819862114,False
base,0.5,2,0.38268343236508984,0.9238795325112867,0.5,-0.0023419940991592295,-0.008082720014320388,0.47346630548925206,False
base,0.5,2,6.123233995736766e-17,1.0,0.5,-0.0018340266098013094,-0.007389204376585745,0.4737862348881575,False
base,0.5,2,-0.3826834323650897,0.9238795325112867,0.5,-0.0006312778706584199,-0.007599968561620193,0.47575986091944117,False
base,0.5,2,-0.7071067811865475,0.7071067811865476,0.5,0.0002568382535508328,-0.006759056469731255,0.4788619108947073,False
base,0.5,2,-0.9238795325112867,0.3826834323650899,0.5,0.0013652875692934743,-0.0031629538560509485,0.4815034787506695,False
base,0.5,2,-1.0,1.2246467991473532e-16,0.5,0.0023352917355802805,0.0014215479143680474,0.48202614875659344,False
base,0.5,2,-0.9238795325112868,-0.38268343236508967,0.5,0.0024637951238717453,0.005476990082377622,0.4800528787746199,False
base,0.5,2,-0.7071067811865477,-0.7071067811865475,0.5,0.0020450195857252313,0.00842997085900816,0.477308914879468,False
base,0.5,2,-0.38268343236509034,-0.9238795325112865,0.5,0.0015656931571685795,0.009644540299577203,0.47527302584818604,False
base,0.5,2,-1.8369701987210297e-16,-1.0,0.5,0.0014431842010200757,0.010285946280772784,0.47510376912579766,False
base,0.5,2,0.38268343236509,-0.9238795325112866,0.5,0.0011673322280874782,0.00958389449753537,0.4773861455167598,False
base,0.5,2,0.7071067811865474,-0.7071067811865477,0.5,0.0002730506248781374,0.007556531304448698,0.480987142537915,False
base,0.5,2,0.9238795325112865,-0.3826834323650904,0.5,-0.0008748502063561224,0.0031498368884143573,0.48369538999473294,False
base,0.5,2,1.5,0.0,0.5,-0.0018008014323761534,-0.0019283426642395796,0.48354784030858877,False
base,0.5,2,1.38581929876693,0.5740251485476346,0.5,0.00018491545798448488,-0.007025371134226947,0.47877864019219507,False
base,0.5,2,1.0606601717798214,1.0606601717798214,0.5,0.000501548521232225,-0.0066197819843763425,0.4724599493055721,False
base,0.5,2,0.5740251485476348,1.38581929876693,0.5,-0.0023481184377417627,-0.0010335572772363225,0.4715362370699854,False
base,0.5,2,9.184850993605148e-17,1.5,0.5,-0.001055496427084524,0.0005838927981515198,0.4733157401121757,False
base,0.5,2,-0.5740251485476346,1.38581929876693,0.5,0.00036433691687728773,-0.003220209250462148,0.47342026128610004,False
base,0.5,2,-1.0606601717798212,1.0606601717798214,0.5,-0.0007318300640732831,-0.006701972311706016,0.4763322915697449,False
base,0.5,2,-1.38581929876693,0.5740251485476349,0.5,0.0007746095775703736,-0.003585452497949306,0.48070352440085334,False
base,0.5,2,-1.5,1.8369701987210297e-16,0.5,0.0021552563241313267,0.001996377601123698,0.4809940040975306,False
base,0.5,2,-1.3858192987669302,-0.5740251485476345,0.5,0.0014716809109450375,0.005773001573408782,0.47783625408111563,False
base,0.5,2,-1.0606601717798214,-1.0606601717798212,0.5,-9.306895202942168e-05,0.006049371620549416,0.47440064402870713,False
base,0.5,2,-0.5740251485476355,-1.3858192987669298,0.5,-0.0004970057778962111,0.0024978291021067944,0.47363418389309275,False
base,0.5,2,-2.755455298081545e-16,-1.5,0.5,0.0010093517474017424,0.0014079557438905759,0.47379550259945924,False
base,0.5,2,0.574025148547635,-1.38581929876693,0.5,0.00259444408371411,0.0033281461092333074,0.4762794377233497,False
base,0.5,2,1.060660171779821,-1.0606601717798214,0.5,0.0013554401577117008,0.006697470720262638,0.4793138300309512,False
base,0.5,2,1.3858192987669298,-0.5740251485476355,0.5,-0.0013004979786464025,0.0042606393236183406,0.4831289342483385,False
base,0.5,2,2.0,0.0,0.5,0.001175349688620042,-0.000440651631372857,0.4857253020065855,False
base,0.5,2,1.8477590650225735,0.7653668647301796,0.5,0.00652001415735639,-0.00218470330139667,0.48369836019787854,False
base,0.5,2,1.4142135623730951,1.4142135623730951,0.5,0.009335014908141067,0.0065012013420715584,0.4825093755184885,False
base,0.5,2,0.7653668647301797,1.8477590650225735,0.5,0.0021996470462154463,0.013338405390838986,0.4845703613262533,False
base,0.5,2,1.2246467991473532e-16,2.0,0.5,2.0913981987224803e-05,0.012083571077089185,0.48621558152777855,False
base,0.5,2,-0.7653668647301795,1.8477590650225735,0.5,-0.00233583153890853,0.01118753389146347,0.48391717136506096,False
base,0.5,2,-1.414213562373095,1.4142135623730951,0.5,-0.007570812180574339,0.003231742930639391,0.48275285837573556,False
base,0.5,2,-1.8477590650225735,0.7653668647301798,0.5,-0.00340191947603287,-0.0009536369141833241,0.48384152111425094,False
base,0.5,2,-2.0,2.4492935982947064e-16,0.5,-0.0011031584359416093,0.002002743525670757,0.4828357935704207,False
base,0.5,2,-1.8477590650225737,-0.7653668647301793,0.5,-0.003748085164227132,0.0019075408746278338,0.48084852479310636,False
base,0.5,2,-1.4142135623730954,-1.414213562373095,0.5,-0.007210325006059708,-0.007377460868634212,0.48396565005016023,False
base,0.5,2,-0.7653668647301807,-1.847759065022573,0.5,-0.005569300218382301,-0.019024868660400505,0.4926963748602208,False
base,0.5,2,-3.6739403974420594e-16,-2.0,0.5,0.0013419443250316484,-0.024607761153636165,0.49799553417031406,False
base,0.5,2,0.76536686473018,-1.8477590650225733,0.5,0.008184872025027053,-0.021292829782450423,0.49793520712399547,False
base,0.5,2,1.4142135623730947,-1.4142135623730954,0.5,0.008027848523582706,-0.007707827211615722,0.48919201622293773,False
base,0.5,2,1.847759065022573,-0.7653668647301808,0.5,0.0023116309514070806,0.001469028561821941,0.48552752705613855,False
base,0.5,2,2.5,0.0,0.5,0.013981223884518834,0.0014558473878463762,0.49850693253476597,False
base,0.5,2,2.309698831278217,0.9567085809127245,0.5,0.02155163392150108,0.009960259856397194,0.5054938147891992,False
base,0.5,2,1.7677669529663689,1.7677669529663689,0.5,0.022970133664494435,0.02573872488776884,0.516482789233868,False
base,0.5,2,0.9567085809127246,2.309698831278217,0.5,0.012957796393776668,0.030511272493185873,0.5191265541232086,False
base,0.5,2,1.5308084989341916e-16,2.5,0.5,-0.0004262210068139964,0.028800517417053247,0.5154035325922806,False
base,0.5,2,-0.9567085809127243,2.309698831278217,0.5,-0.013500939013594594,0.032263358693260344,0.518921016539234,False
base,0.5,2,-1.7677669529663687,1.7677669529663689,0.5,-0.02168748419540632,0.02512671296163333,0.5131360671959921,False
base,0.5,2,-2.309698831278217,0.9567085809127247,0.5,-0.015651374935141488,0.008981558351593755,0.4999700224665989,False
base,0.5,2,-2.5,3.061616997868383e-16,0.5,-0.011496487992230242,0.001378451451438058,0.49369389287095466,False
base,0.5,2,-2.309698831278217,-0.9567085809127241,0.5,-0.015624670413099454,-0.007780481746515882,0.49766968436637177,False
base,0.5,2,-1.7677669529663693,-1.7677669529663687,0.5,-0.01748578636903054,-0.02680160544777705,0.5153903360176103,False
base,0.5,2,-0.9567085809127258,-2.309698831278216,0.5,-0.010651038105033185,-0.03670394688048485,0.5344770967410186,False
base,0.5,2,-4.592425496802574e-16,-2.5,0.5,0.002719820476318128,-0.038269399622866074,0.5409882857446133,False
base,0.5,2,0.956708580912725,-2.3096988312782165,0.5,0.015507847801242713,-0.0417207366422544,0.5464137949497452,False
base,0.5,2,1.7677669529663684,-1.7677669529663693,0.5,0.01862448004259048,-0.03142006250106816,0.5240629732050838,False
base,0.5,2,2.309698831278216,-0.956708580912726,0.5,0.015569696893011081,-0.00912214221798551,0.501714077583464,False
base,0.5,2,3.0,0.0,0.5,0.03686826557317174,0.003970485287873693,0.533996629996565,False
base,0.5,2,2.77163859753386,1.1480502970952693,0.5,0.042592588231469046,0.023537925227334125,0.5524982012800586,False
base,0.5,2,2.121320343559643,2.121320343559643,0.5,0.033054061218339655,0.035784859987863085,0.5687984234168241,False
base,0.5,2,1.1480502970952695,2.77163859753386,0.5,0.019506506745766785,0.042086236134718964,0.5696616039019295,False
base,0.5,2,1.8369701987210297e-16,3.0,0.5,-0.0008352843968686375,0.04715546057501063,0.565108096480443,False
base,0.5,2,-1.1480502970952693,2.77163859753386,0.5,-0.02119300857923618,0.042793678514067346,0.569995825112728,False
base,0.5,2,-2.1213203435596424,2.121320343559643,0.5,-0.03493067191195847,0.042753467869567276,0.56941268604109,False
base,0.5,2,-2.77163859753386,1.1480502970952697,0.5,-0.03478561386157264,0.024118998234274776,0.5396572126759951,False
base,0.5,2,-3.0,3.6739403974420594e-16,0.5,-0.030056317798268173,0.0010981107976266234,0.5227561048674392,False
base,0.5,2,-2.7716385975338604,-1.148050297095269,0.5,-0.031294811920778,-0.019328591764757763,0.5342438665412188,False
base,0.5,2,-2.121320343559643,-2.1213203435596424,0.5,-0.025789466451973733,-0.038790492645373625,0.5647953848853048,False
base,0.5,2,-1.148050297095271,-2.7716385975338595,0.5,-0.014501320834075442,-0.042399505911884,0.5830104594162026,False
base,0.5,2,-5.51091059616309e-16,-3.0,0.5,0.0030967970729713803,-0.03996484178638182,0.5825197325507501,False
base,0.5,2,1.14805029709527,-2.77163859753386,0.5,0.022309141856450432,-0.047109980112803665,0.6008387696056223,False
base,0.5,2,2.121320343559642,-2.121320343559643,0.5,0.024575235432944972,-0.046563436521335655,0.5774429377755296,False
base,0.5,2,2.7716385975338595,-1.148050297095271,0.5,0.03003266796900662,-0.019181127523748724,0.536897257045964,False
base,0.5,2,0.5,0.0,1.0,0.0005375626564175784,-0.0038751651783399677,0.5267065044273234,False
base,0.5,2,0.46193976625564337,0.1913417161825449,1.0,-7.267527222365514e-05,-0.007297847412419473,0.525787133310164,False
base,0.5,2,0.3535533905932738,0.3535533905932738,1.0,-0.0007182042985318022,-0.009239821494492408,0.5249783967659784,False
base,0.5,2,0.19134171618254492,0.46193976625564337,1.0,-0.0013838759148309763,-0.010024852334207543,0.524273825087952,False
base,0.5,2,3.061616997868383e-17,0.5,1.0,-0.0017227925241994901,-0.009795004762855108,0.5239686171615223,False
base,0.5,2,-0.19134171618254486,0.46193976625564337,1.0,-0.0014218657723062275,-0.00848481187673632,0.5243348160965579,False
base,0.5,2,-0.35355339059327373,0.3535533905932738,1.0,-0.0006868378665994807,-0.006292561213596588,0.5248418472558535,False
base,0.5,2,-0.46193976625564337,0.19134171618254495,1.0,0.00030227585505727527,-0.0033452257610852524,0.52522661186007,False
base,0.5,2,-0.5,6.123233995736766e-17,1.0,0.0012664540760465302,0.00014819833149837152,0.5255984551438366,False
base,0.5,2,-0.4619397662556434,-0.19134171618254484,1.0,0.001779032395508216,0.003370898620769882,0.5262140237052474,False
base,0.5,2,-0.35355339059327384,-0.35355339059327373,1.0,0.0019611924597235887,0.005666550447133281,0.5269509797007621,False
base,0.5,2,-0.19134171618254517,-0.46193976625564326,1.0,0.0020920208689555286,0.007118625013145795,0.5274731681402773,False
base,0.5,2,-9.184850993605148e-17,-0.5,1.0,0.0021839905156841866,0.007443888142132038,0.527784104758708,False
base,0.5,2,0.191341716182545,-0.4619397662556433,1.0,0.002130534562362845,0.0062372510557096176,0.5281223294378569,False
base,0.5,2,0.3535533905932737,-0.35355339059327384,1.0,0.0017928226320136935,0.0037424088702407926,0.528114641212274,False
base,0.5,2,0.46193976625564326,-0.1913417161825452,1.0,0.0012087229499793465,0.0002624285349489328,0.5275802632682971,False
base,0.5,2,1.0,0.0,1.0,0.001293122351334719,-0.004836769790453221,0.5318338371585125,False
base,0.5,2,0.9238795325112867,0.3826834323650898,1.0,0.0017195715839662586,-0.009741090716756263,0.5306399803105853,False
base,0.5,2,0.7071067811865476,0.7071067811865476,1.0,0.0009703210106083214,-0.01033067079850094,0.5299596628330991,False
base,0.5,2,0.38268343236508984,0.9238795325112867,1.0,-0.0012357116923699962,-0.006499363283430833,0.5304202888214309,False
base,0.5,2,6.123233995736766e-17,1.0,1.0,-0.002726254696590824,-0.005260942918485556,0.5296018301835137,False
base,0.5,2,-0.3826834323650897,0.9238795325112867,1.0,-0.0028379715596366746,-0.006667494631843865,0.5297475510599766,False
base,0.5,2,-0.7071067811865475,0.7071067811865476,1.0,-0.0024148356380930096,-0.007507029985444287,0.5291861200004603,False
base,0.5,2,-0.9238795325112867,0.3826834323650899,1.0,-0.0007460700586382249,-0.0036019866358856126,0.5291470536197165,False
base,0.5,2,-1.0,1.2246467991473532e-16,1.0,0.0010323886514256304,0.0018114573855468868,0.5290082924226887,False
base,0.5,2,-0.9238795325112868,-0.38268343236508967,1.0,0.0011554524222204539,0.0056139864987976755,0.5307355346087665,False
base,0.5,2,-0.7071067811865477,-0.7071067811865475,1.0,0.0006878396595281094,0.006971908509374058,0.53361975842358,False
base,0.5,2,-0.38268343236509034,-0.9238795325112865,1.0,0.0008714127967863678,0.005151687140592195,0.5376865530059898,False
base,0.5,2,-1.8369701987210297e-16,-1.0,1.0,0.002585594650070909,0.005061717998391945,0.5388432078222642,False
base,0.5,2,0.38268343236509,-0.9238795325112866,1.0,0.004065062424528742,0.00526999229320522,0.538689026505291,False
base,0.5,2,0.7071067811865474,-0.7071067811865477,1.0,0.0036533153177921527,0.0060129586875737485,0.5358755074655719,False
base,0.5,2,0.9238795325112865,-0.3826834323650904,1.0,0.0021025588393073216,0.001911885831176652,0.5339267199609264,False
base,0.5,2,1.5,0.0,1.0,0.004570982672264301,-0.0035997950818611457,0.5425510941131504,False
base,0.5,2,1.38581929876693,0.5740251485476346,1.0,0.009435042423267582,-0.004879601235463982,0.5448854699025447,False
base,0.5,2,1.0606601717798214,1.0606601717798214,1.0,0.010990084131152763,0.004951023920440296,0.552343527955111,False
base,0.5,2,0.5740251485476348,1.38581929876693,1.0,0.004275992334762297,0.017221874151538183,0.5571543353924472,False
base,0.5,2,9.184850993605148e-17,1.5,1.0,-0.0005791308019875704,0.01887285895670654,0.5540168204113614,False
base,0.5,2,-0.5740251485476346,1.38581929876693,1.0,-0.004708257524923523,0.012291529661579726,0.5522912059194032,False
base,0.5,2,-1.0606601717798212,1.0606601717798214,1.0,-0.008525879559056345,0.001326368054766,0.5457108947769608,False
base,0.5,2,-1.38581929876693,0.5740251485476349,1.0,-0.005745909779491379,-0.0008779835036423179,0.5402190622468803,False
base,0.5,2,-1.5,1.8369701987210297e-16,1.0,-0.003261392487958093,0.0026523090004156855,0.5381749165449432,False
base,0.5,2,-1.3858192987669302,-0.5740251485476345,1.0,-0.005210456900597393,0.0014421326406146788,0.543757032834874,False
base,0.5,2,-1.0606601717798214,-1.0606601717798212,1.0,-0.007889492110050954,-0.00894116837988143,0.5570824675773668,False
base,0.5,2,-0.5740251485476355,-1.3858192987669298,1.0,-0.005905618890318875,-0.02556849793930591,0.574910469424244,False
base,0.5,2,-2.755455298081545e-16,-1.5,1.0,0.002206558474847626,-0.03257395379929606,0.5820932325654753,False
base,0.5,2,0.574025148547635,-1.38581929876693,1.0,0.009971058139623753,-0.026332198758357434,0.5768607985732584,False
base,0.5,2,1.060660171779821,-1.0606601717798214,1.0,0.009868038091304534,-0.007779229175910824,0.5587145938963732,False
base,0.5,2,1.3858192987669298,-0.5740251485476355,1.0,0.005359055570372921,-1.8738557718100024e-05,0.5470878680769486,False
base,0.5,2,2.0,0.0,1.0,0.019188792860395654,-0.00021066480314235747,0.566613657530163,False
base,0.5,2,1.8477590650225735,0.7653668647301796,1.0,0.03017724154218573,0.012630824396470371,0.5790048278634732,False
base,0.5,2,1.4142135623730951,1.4142135623730951,1.0,0.035158763856414824,0.042766168927302756,0.6081694913153362,False
base,0.5,2,0.7653668647301797,1.8477590650225735,1.0,0.021529042133591816,0.053567053722537346,0.6136353585358502,False
base,0.5,2,1.2246467991473532e-16,2.0,1.0,0.0008775709486215116,0.04957925783253526,0.6015981602439843,False
base,0.5,2,-0.7653668647301795,1.8477590650225735,1.0,-0.0191499740675116,0.05202986762232301,0.607415984606898,False
base,0.5,2,-1.414213562373095,1.4142135623730951,1.0,-0.029015483852156746,0.035787241023947036,0.5921533550147547,False
base,0.5,2,-1.8477590650225735,0.7653668647301798,1.0,-0.021291507990289345,0.01073242060353086,0.5668412657341205,False
base,0.5,2,-2.0,2.4492935982947064e-16,1.0,-0.016920619517501678,0.002143751738154067,0.5598916986221696,False
base,0.5,2,-1.8477590650225737,-0.7653668647301793,1.0,-0.02276071617602704,-0.013281669072836157,0.5746209267114177,False
base,0.5,2,-1.4142135623730954,-1.414213562373095,1.0,-0.02688580156027197,-0.04746685378506876,0.6121403187981698,False
base,0.5,2,-0.7653668647301807,-1.847759065022573,1.0,-0.017101822588479285,-0.07439488166469302,0.6496197114753366,False
base,0.5,2,-3.6739403974420594e-16,-2.0,1.0,0.005052036650153624,-0.08452004090404486,0.6673961894616429,False
base,0.5,2,0.76536686473018,-1.8477590650225733,1.0,0.024327679468155144,-0.0835631288640813,0.6605502410869079,False
base,0.5,2,1.4142135623730947,-1.4142135623730954,1.0,0.02865524267661254,-0.05247173161352016,0.6166601773601095,False
base,0.5,2,1.847759065022573,-0.7653668647301808,1.0,0.0209150313187172,-0.013066683505575771,0.577020050618655,False
base,0.5,2,2.5,0.0,1.0,0.0567640698201437,0.0040208118423523675,0.6189557076480154,False
base,0.5,2,2.309698831278217,0.9567085809127245,1.0,0.06777596711285254,0.04206172736158102,0.644682557019003,False
base,0.5,2,1.7677669529663689,1.7677669529663689,1.0,0.06068505539460375,0.07753384477504026,0.6874068311872426,False
base,0.5,2,0.9567085809127246,2.309698831278217,1.0,0.04221348213459858,0.08653518683612274,0.6926371639691143,False
base,0.5,2,1.5308084989341916e-16,2.5,1.0,0.000174512706175863,0.08927237055325254,0.6749698179834616,False
base,0.5,2,-0.9567085809127243,2.309698831278217,1.0,-0.04238725863019522,0.08899786763277064,0.6889875302150184,False
base,0.5,2,-1.7677669529663687,1.7677669529663689,1.0,-0.05747055346120279,0.08191909798235733,0.6717687862818154,False
base,0.5,2,-2.309698831278217,0.9567085809127247,1.0,-0.05440807715079869,0.037713104552730706,0.6229173221775248,False
base,0.5,2,-2.5,3.061616997868383e-16,1.0,-0.04726857329381274,0.0008971045559909121,0.6047019804501894,False
base,0.5,2,-2.309698831278217,-0.9567085809127241,1.0,-0.052443068555365686,-0.0381599067395147,0.6323769782504653,False
base,0.5,2,-1.7677669529663693,-1.7677669529663687,1.0,-0.04651726061151201,-0.08305560121804366,0.6888964468624554,False
base,0.5,2,-0.9567085809127258,-2.309698831278216,1.0,-0.025516866557957412,-0.09401944742313828,0.7267538807415779,False
base,0.5,2,-4.592425496802574e-16,-2.5,1.0,0.006732829500827744,-0.08663818239938226,0.7348478590118619,False
base,0.5,2,0.956708580912725,-2.3096988312782165,1.0,0.03661477468547149,-0.10135235235709081,0.7442287436634234,False
base,0.5,2,1.7677669529663684,-1.7677669529663693,1.0,0.04557600852187047,-0.09536893850715468,0.6995503570062918,False
base,0.5,2,2.309698831278216,-0.956708580912726,1.0,0.05222465203737785,-0.03854437349235842,0.6361443692373563,False
base,0.5,2,3.0,0.0,1.0,0.10081712436932477,0.01184975424315926,0.6975621969934127,False
base,0.5,2,2.77163859753386,1.1480502970952693,1.0,0.1060860525288633,0.06311345686772568,0.7292890683020598,False
base,0.5,2,2.121320343559643,2.121320343559643,1.0,0.07382705991361303,0.08433845652309789,0.7600388774503217,False
base,0.5,2,1.1480502970952695,2.77163859753386,1.0,0.04616557051250008,0.0983933343869606,0.7674315512858298,False
base,0.5,2,1.8369701987210297e-16,3.0,1.0,0.0020861981695621326,0.11301214966174267,0.7555879671808503,False
base,0.5,2,-1.1480502970952693,2.77163859753386,1.0,-0.04894418127021386,0.09151338952971654,0.7576772491329895,False
base,0.5,2,-2.1213203435596424,2.121320343559643,1.0,-0.07702424186431964,0.10196916334924268,0.7530888682944272,False
base,0.5,2,-2.77163859753386,1.1480502970952697,1.0,-0.09183918816697269,0.0663806413590833,0.7035943820593376,False
base,0.5,2,-3.0,3.6739403974420594e-16,1.0,-0.08669910083424881,0.0016190424636202325,0.6740772513709006,False
base,0.5,2,-2.7716385975338604,-1.148050297095269,1.0,-0.08130029790177395,-0.058901030958458195,0.7069026677180437,False
base,0.5,2,-2.121320343559643,-2.1213203435596424,1.0,-0.05802286159452709,-0.09278351127743129,0.7603930840204773,False
base,0.5,2,-1.148050297095271,-2.7716385975338595,1.0,-0.03185398544006202,-0.09281754451833824,0.7859026229079005,False
base,0.5,2,-5.51091059616309e-16,-3.0,1.0,0.0052604702451104195,-0.08276312420695865,0.7780359057231538,False
base,0.5,2,1.14805029709527,-2.77163859753386,1.0,0.04804040524933778,-0.09655939147606986,0.8016964050395181,False
base,0.5,2,2.121320343559642,-2.121320343559643,1.0,0.05129071191673609,-0.10961692307506171,0.7717581926448874,False
base,0.5,2,2.7716385975338595,-1.148050297095271,1.0,0.07103562273174072,-0.05145758063849373,0.701692610515933,False
base,0.5,2,0.0,0.0,0.0,1.1426682251049871e-18,-4.4792014772129655e-18,0.47342768029627647,True
box,0.25,0,0.5,0.0,0.0,0.67521704346016,-0.007671803698131363,0.0,False
box,0.25,0,0.46193976625564337,0.1913417161825449,0.0,0.6731188299514552,-0.007713393616905458,0.0,False
box,0.25,0,0.3535533905932738,0.3535533905932738,0.0,0.6699170059014863,-0.007316890608797122,0.0,False
box,0.25,0,0.19134171618254492,0.46193976625564337,0.0,0.6657147182521499,-0.006095511846010175,-4.957252371118664e-19,False
box,0.25,0,3.061616997868383e-17,0.5,0.0,0.6620829761354179,-0.002931165527280164,0.0,False
box,0.25,0,-0.19134171618254486,0.46193976625564337,0.0,0.6619544858822807,0.001172484248003561,-4.957252371118669e-19,False
box,0.25,0,-0.35355339059327373,0.3535533905932738,0.0,0.6647065273136425,0.0025698039785448,5.3877055510139775e-17,False
box,0.25,0,-0.46193976625564337,0.19134171618254495,0.0,0.6677103902445017,0.0024611026790508548,1.4803871053192738e-16,False
box,0.25,0,-0.5,6.123233995736766e-17,0.0,0.6696005537616325,0.0031159425144448027,5.438524293787564e-32,False
box,0.25,0,-0.4619397662556434,-0.19134171618254484,0.0,0.67108368117986,0.005054115934016953,3.965801896894931e-18,False
box,0.25,0,-0.35355339059327384,-0.35355339059327373,0.0,0.6722857895732276,0.0058849320584105375,-1.1158303546514041e-17,False
box,0.25,0,-0.19134171618254517,-0.46193976625564326,0.0,0.6731104944200523,0.00539324641256701,7.47969179443612e-17,False
box,0.25,0,-9.184850993605148e-17,-0.5,0.0,0.6740394845565781,0.0036544294490665078,1.3877787807814488e-17,False
box,0.25,0,0.191341716182545,-0.4619397662556433,0.0,0.6758193508362373,0.000989842672033551,7.479691794436115e-17,False
box,0.25,0,0.3535533905932737,-0.35355339059327384,0.0,0.6769230094888266,-0.0024444118463475455,2.6938527755069937e-17,False
box,0.25,0,0.46193976625564326,-0.1913417161825452,0.0,0.6766818693397918,-0.005703250744088531,0.0,False
box,0.25,0,1.0,0.0,0.0,0.6842928693546874,-0.009706607578600313,0.0,False
box,0.25,0,0.9238795325112867,0.3826834323650898,0.0,0.6854239547870951,-0.006085203076156578,0.0,False
box,0.25,0,0.7071067811865476,0.7071067811865476,0.0,0.6819175180627165,-0.008126483296690159,3.156044841711178e-17,False
box,0.25,0,0.38268343236508984,0.9238795325112867,0.0,0.6662908922749222,-0.017861576033981634,1.1784656127841394e-16,False
box,0.25,0,6.123233995736766e-17,1.0,0.0,0.6392863967225322,0.008944853979019647,0.0,False
box,0.25,0,-0.3826834323650897,0.9238795325112867,0.0,0.6561492656289465,0.02978075360325451,1.586320758757974e-17,False
box,0.25,0,-0.7071067811865475,0.7071067811865476,0.0,0.672578186283712,0.01279763840857645,-3.047746504126712e-16,False
box,0.25,0,-0.9238795325112867,0.3826834323650899,0.0,0.6776829865691831,0.005200027432080815,0.0,False
box,0.25,0,-1.0,1.2246467991473532e-16,0.0,0.6802082536509504,0.006144175839738475,0.0,False
box,0.25,0,-0.9238795325112868,-0.38268343236508967,0.0,0.6820714543511351,0.013925117488336289,0.0,False
box,0.25,0,-0.7071067811865477,-0.7071067811865475,0.0,0.6824716815542047,0.013937568704184182,-6.53638288447208e-18,False
box,0.25,0,-0.38268343236509034,-0.9238795325112865,0.0,0.6768493477670822,0.01812217599489714,0.0,False
box,0.25,0,-1.8369701987210297e-16,-1.0,0.0,0.6793819881090363,0.02150147191994365,0.0,False
box,0.25,0,0.38268343236509,-0.9238795325112866,0.0,0.6861091209267598,0.009948790705753816,-2.0372606648149156e-17,False
box,0.25,0,0.7071067811865474,-0.7071067811865477,0.0,0.6911568880830663,-0.0021627601129228626,0.0,False
box,0.25,0,0.9238795325112865,-0.3826834323650904,0.0,0.6877261193546254,-0.011489556165696033,-1.6392883986522705e-16,False
box,0.25,0,1.5,0.0,0.0,0.6961426006682168,-0.010229446783359464,0.0,False
box,0.25,0,1.38581929876693,0.5740251485476346,0.0,0.7036480559519392,0.010396883602764204,1.6982526265163453e-16,False
box,0.25,0,1.0606601717798214,1.0606601717798214,0.0,0.7185567457818498,0.016653020883963598,0.0,False
box,0.25,0,0.5740251485476348,1.38581929876693,0.0,0.6903242805243541,-0.00980372751821048,-3.571913881777384e-17,False
box,0.25,0,9.184850993605148e-17,1.5,0.0,0.5811020007557837,0.01987074016652287,0.0,False
box,0.25,0,-0.5740251485476346,1.38581929876693,0.0,0.6932702275844699,0.043216902690760256,0.0,False
box,0.25,0,-1.0606601717798212,1.0606601717798214,0.0,0.7107904843343791,-0.01048789990042393,0.0,False
box,0.25,0,-1.38581929876693,0.5740251485476349,0.0,0.6970408991272264,-0.004799016788410937,0.0,False
box,0.25,0,-1.5,1.8369701987210297e-16,0.0,0.697889270607392,0.009371470951617052,0.0,False
box,0.25,0,-1.3858192987669302,-0.5740251485476345,0.0,0.7045443074881645,0.0320128789958796,0.0,False
box,0.25,0,-1.0606601717798214,-1.0606601717798212,0.0,0.7140307088533409,0.04108568197629257,0.0,False
box,0.25,0,-0.5740251485476355,-1.3858192987669298,0.0,0.687321346596137,0.04598799125584341,8.49126313258167e-17,False
box,0.25,0,-2.755455298081545e-16,-1.5,0.0,0.6920413764451065,0.015183099809599716,0.0,False
box,0.25,0,0.574025148547635,-1.38581929876693,0.0,0.7299099930321347,-0.020303565452574796,-3.0028400637331513e-17,False
box,0.25,0,1.060660171779821,-1.0606601717798214,0.0,0.7511089450840122,-0.051813743010455146,0.0,False
box,0.25,0,1.3858192987669298,-0.5740251485476355,0.0,0.7123005281158228,-0.04226987153255006,0.0,False
box,0.25,0,2.0,0.0,0.0,0.7352245064815137,-0.020674504347030886,0.0,False
box,0.25,0,1.8477590650225735,0.7653668647301796,0.0,0.7413166685107104,0.056564801268612186,0.0,False
box,0.25,0,1.4142135623730951,1.4142135623730951,0.0,0.7661831651857469,0.06670846608714502,0.0,False
box,0.25,0,0.7653668647301797,1.8477590650225735,0.0,0.7594461883354695,0.06367581590189421,0.0,False
box,0.25,0,1.2246467991473532e-16,2.0,0.0,0.5985412850061206,0.005510457613089639,-5.438524293787564e-32,False
box,0.25,0,-0.7653668647301795,1.8477590650225735,0.0,0.7683466234588298,-0.03992378006972691,0.0,False
box,0.25,0,-1.414213562373095,1.4142135623730951,0.0,0.7573026993962717,-0.06005204469887872,0.0,False
box,0.25,0,-1.8477590650225735,0.7653668647301798,0.0,0.7363496742330052,-0.041233286991604806,0.0,False
box,0.25,0,-2.0,2.4492935982947064e-16,0.0,0.7348583572802186,0.01681161953149111,0.0,False
box,0.25,0,-1.8477590650225737,-0.7653668647301793,0.0,0.7426935745254561,0.05976466635581231,0.0,False
box,0.25,0,-1.4142135623730954,-1.414213562373095,0.0,0.744693467537493,0.08026284887433453,0.0,False
box,0.25,0,-0.7653668647301807,-1.847759065022573,0.0,0.7252857660470466,0.05278378006075164,0.0,False
box,0.25,0,-3.6739403974420594e-16,-2.0,0.0,0.7366374415616154,-0.015412637618551633,0.0,False
box,0.25,0,0.76536686473018,-1.8477590650225733,0.0,0.7997036434139606,-0.04905193387414086,0.0,False
box,0.25,0,1.4142135623730947,-1.4142135623730954,0.0,0.7980251864198007,-0.11755309520666378,0.0,False
box,0.25,0,1.847759065022573,-0.7653668647301808,0.0,0.7696282981746276,-0.1046648350947941,0.0,False
box,0.25,0,2.5,0.0,0.0,0.8291446291775251,-0.041612774948740494,0.0,False
box,0.25,0,2.309698831278217,0.9567085809127245,0.0,0.7833335162606495,0.09258427832130195,0.0,False
box,0.25,0,1.7677669529663689,1.7677669529663689,0.0,0.7792390296337746,0.10194374750978072,0.0,False
box,0.25,0,0.9567085809127246,2.309698831278217,0.0,0.7860264755316702,0.08788082975200241,0.0,False
box,0.25,0,1.5308084989341916e-16,2.5,0.0,0.7193103545827637,-0.026186637754711837,1.3877787807814448e-17,False
box,0.25,0,-0.9567085809127243,2.309698831278217,0.0,0.7857075677485407,-0.059061707890989724,0.0,False
box,0.25,0,-1.7677669529663687,1.7677669529663689,0.0,0.7603757510837956,-0.057296655584383634,0.0,False
box,0.25,0,-2.309698831278217,0.9567085809127247,0.0,0.7884035711017173,-0.06555300892058712,0.0,False
box,0.25,0,-2.5,3.061616997868383e-16,0.0,0.8151074279209194,0.01779187510958999,0.0,False
box,0.25,0,-2.309698831278217,-0.9567085809127241,0.0,0.8014371060746547,0.08061153522249669,0.0,False
box,0.25,0,-1.7677669529663693,-1.7677669529663687,0.0,0.7701778828138415,0.08861472106502903,0.0,False
box,0.25,0,-0.9567085809127258,-2.309698831278216,0.0,0.7703608599942078,0.025501491670809822,0.0,False
box,0.25,0,-4.592425496802574e-16,-2.5,0.0,0.698237343147196,-0.019835566986551315,-2.7755575615629074e-17,False
box,0.25,0,0.956708580912725,-2.3096988312782165,0.0,0.8183947252455828,-0.004944502514580791,0.0,False
box,0.25,0,1.7677669529663684,-1.7677669529663693,0.0,0.7917965587800779,-0.08169168319074513,0.0,False
box,0.25,0,2.309698831278216,-0.956708580912726,0.0,0.8651916410348209,-0.14788164971272907,0.0,False
box,0.25,0,3.0,0.0,0.0,0.9542602653225596,-0.051990080260282845,0.0,False
box,0.25,0,2.77163859753386,1.1480502970952693,0.0,0.850340982885119,0.13159751349716198,0.0,False
box,0.25,0,2.121320343559643,2.121320343559643,0.0,0.823957396824235,0.13023531407099592,0.0,False
box,0.25,0,1.1480502970952695,2.77163859753386,0.0,0.7964936618770379,0.052512352078485695,0.0,False
box,0.25,0,1.8369701987210297e-16,3.0,0.0,0.8556407002804114,0.006330508504044055,0.0,False
box,0.25,0,-1.1480502970952693,2.77163859753386,0.0,0.8073291740808574,-0.054028309151841016,0.0,False
box,0.25,0,-2.1213203435596424,2.121320343559643,0.0,0.8163947379392432,-0.07786206066717265,0.0,False
box,0.25,0,-2.77163859753386,1.1480502970952697,0.0,0.8565986266682855,-0.06342430661746244,0.0,False
box,0.25,0,-3.0,3.6739403974420594e-16,0.0,0.8941552628561404,0.009759068326876383,0.0,False
box,0.25,0,-2.7716385975338604,-1.148050297095269,0.0,0.863458265575535,0.09746923713098513,0.0,False
box,0.25,0,-2.121320343559643,-2.1213203435596424,0.0,0.832520551061637,0.0998242210485594,0.0,False
box,0.25,0,-1.148050297095271,-2.7716385975338595,0.0,0.8295480878482611,0.04957710629515306,0.0,False
box,0.25,0,-5.51091059616309e-16,-3.0,0.0,0.6568090996908474,-0.027499761604837563,-4.163336342344303e-17,False
box,0.25,0,1.14805029709527,-2.77163859753386,0.0,0.8485992455909926,-0.021280893164996983,0.0,False
box,0.25,0,2.121320343559642,-2.121320343559643,0.0,0.8397961033134849,-0.07884049067113513,0.0,False
box,0.25,0,2.7716385975338595,-1.148050297095271,0.0,0.8971765250449687,-0.13871237045936824,0.0,False
box,0.25,0,0.5,0.0,0.2,0.6747950792457673,-0.00800784914324637,-0.001600102938765158,False
box,0.25,0,0.46193976625564337,0.1913417161825449,0.2,0.6727082433004903,-0.00803146301899485,-0.002093364349178637,False
box,0.25,0,0.3535533905932738,0.3535533905932738,0.2,0.6695656691397169,-0.007650093860470512,-0.00218776537739685,False
box,0.25,0,0.19134171618254492,0.46193976625564337,0.2,0.6654331033248231,-0.006506999132109075,-0.0020841247770881136,False
box,0.25,0,3.061616997868383e-17,0.5,0.2,0.6617868394093585,-0.003426067132523897,-0.0019034813278450413,False
box,0.25,0,-0.19134171618254486,0.46193976625564337,0.2,0.6614789078924483,0.000722049997281087,-0.0010650924806530446,False
box,0.25,0,-0.35355339059327373,0.3535533905932738,0.2,0.6641442363674688,0.002132842899984809,0.0002537322817325491,False
box,0.25,0,-0.46193976625564337,0.19134171618254495,0.2,0.6671437649962527,0.002012482262105726,0.0015328915055804171,False
box,0.25,0,-0.5,6.123233995736766e-17,0.2,0.6690183717642879,0.0027367439944749883,0.0025847613737851383,False
box,0.25,0,-0.4619397662556434,-0.19134171618254484,0.2,0.6705071668193451,0.004819474028466094,0.0028518967780836076,False
box,0.25,0,-0.35355339059327384,-0.35355339059327373,0.2,0.6717786054537865,0.00567175678682703,0.002600997334254811,False
box,0.25,0,-0.19134171618254517,-0.46193976625564326,0.2,0.6726675292940134,0.005132389125705406,0.002123642565467712,False
box,0.25,0,-9.184850993605148e-17,-0.5,0.2,0.6736034947599181,0.0033527560252220737,0.0014780921117830362,False
box,0.25,0,0.191341716182545,-0.4619397662556433,0.2,0.6753731031685035,0.0007381176148681196,0.000647871748159531,False
box,0.25,0,0.3535533905932737,-0.35355339059327384,0.2,0.6764637372551489,-0.002657275181860476,-0.0002043998112984953,False
box,0.25,0,0.46193976625564326,-0.1913417161825452,0.2,0.6762405507438006,-0.005963625938378717,-0.0009215743758076347,False
box,0.25,0,1.0,0.0,0.2,0.6835220849731233,-0.009711954283092438,-0.0041152108269737475,False
box,0.25,0,0.9238795325112867,0.3826834323650898,0.2,0.6850310043305228,-0.006276584049045002,-0.004146495894975146,False
box,0.25,0,0.7071067811865476,0.7071067811865476,0.2,0.6815556578981512,-0.008421432257170779,-0.00402641021880931,False
box,0.25,0,0.38268343236508984,0.9238795325112867,0.2,0.6661268166746944,-0.01922957137988978,-0.0047631897568982,False
box,0.25,0,6.123233995736766e-17,1.0,0.2,0.6381059767059932,0.009164697604865974,-0.003461705166895463,False
box,0.25,0,-0.3826834323650897,0.9238795325112867,0.2,0.6552862174290998,0.031111420713025167,0.00027168348232799796,False
box,0.25,0,-0.7071067811865475,0.7071067811865476,0.2,0.6717088609931395,0.012871529233305756,0.0018163971711238952,False
box,0.25,0,-0.9238795325112867,0.3826834323650899,0.2,0.6769474856735873,0.0050410306584251045,0.0036189669239965147,False
box,0.25,0,-1.0,1.2246467991473532e-16,0.2,0.67963323800252,0.00574757005316031,0.005241491373566731,False
box,0.25,0,-0.9238795325112868,-0.38268343236508967,0.2,0.6814258234862676,0.013871421048087163,0.0055051004516398685,False
box,0.25,0,-0.7071067811865477,-0.7071067811865475,0.2,0.6820125623392007,0.013540602408297613,0.004429791068113466,False
box,0.25,0,-0.38268343236509034,-0.9238795325112865,0.2,0.6762053575258464,0.017994636189304223,0.0038945572606368713,False
box,0.25,0,-1.8369701987210297e-16,-1.0,0.2,0.678821045386727,0.022074952343502655,0.001872372376088284,False
box,0.25,0,0.38268343236509,-0.9238795325112866,0.2,0.6851067757886897,0.010358955114212658,-0.00030630921430258853,False
box,0.25,0,0.7071067811865474,-0.7071067811865477,0.2,0.6900393297309195,-0.0016010817840183388,-0.0025465603054825063,False
box,0.25,0,0.9238795325112865,-0.3826834323650904,0.2,0.6866104272238256,-0.011252601556224656,-0.0037447712802766327,False
box,0.25,0,1.5,0.0,0.2,0.6950067109404476,-0.009559473281579623,-0.008485991146200345,False
box,0.25,0,1.38581929876693,0.5740251485476346,0.2,0.7032521739886178,0.010482094139801971,-0.006194389142261679,False
box,0.25,0,1.0606601717798214,1.0606601717798214,0.2,0.7188944288237495,0.017244465435222223,-0.005033794735436155,False
box,0.25,0,0.5740251485476348,1.38581929876693,0.2,0.6911985719573062,-0.011297354021744959,-0.012808450781450183,False
box,0.25,0,9.184850993605148e-17,1.5,0.2,0.5757873521536668,0.020444750683750627,-0.00015728025413694758,False
box,0.25,0,-0.5740251485476346,1.38581929876693,0.2,0.6945326604838659,0.04555424536054278,0.011048297957113215,False
box,0.25,0,-1.0606601717798212,1.0606601717798214,0.2,0.7106057910289533,-0.011550527096372889,0.0028704298676685207,False
box,0.25,0,-1.38581929876693,0.5740251485476349,0.2,0.6962415593043609,-0.004793121561290387,0.007057499551157278,False
box,0.25,0,-1.5,1.8369701987210297e-16,0.2,0.6972383337970726,0.009117545901934051,0.007679477205899055,False
box,0.25,0,-1.3858192987669302,-0.5740251485476345,0.2,0.7042022716489026,0.032370395192914216,0.007718717635748319,False
box,0.25,0,-1.0606601717798214,-1.0606601717798212,0.2,0.7146795171967051,0.04158251833239371,0.0057442979668025085,False
box,0.25,0,-0.5740251485476355,-1.3858192987669298,0.2,0.6864687241503297,0.04731142946040345,0.004518016856046663,False
box,0.25,0,-2.755455298081545e-16,-1.5,0.2,0.6915937203342437,0.015328441729988186,-0.002115147524917064,False
box,0.25,0,0.574025148547635,-1.38581929876693,0.2,0.7294868848467219,-0.02082477978068773,-0.003226133554666938,False
box,0.25,0,1.060660171779821,-1.0606601717798214,0.2,0.7513360509432807,-0.05275402786082669,-0.006989677585352323,False
box,0.25,0,1.3858192987669298,-0.5740251485476355,0.2,0.7111543484234087,-0.042303908292108956,-0.010027782578278842,False
box,0.25,0,2.0,0.0,0.2,0.7353195195847515,-0.02022662154193862,-0.01216668433539958,False
box,0.25,0,1.8477590650225735,0.7653668647301796,0.2,0.7424347592220347,0.05895020287985801,-0.0030754860522727535,False
box,0.25,0,1.4142135623730951,1.4142135623730951,0.2,0.7679292563957638,0.06824181197402772,0.005243717447821151,False
box,0.25,0,0.7653668647301797,1.8477590650225735,0.2,0.7625957025661803,0.06517698709345646,-0.008270296273110206,False
box,0.25,0,1.2246467991473532e-16,2.0,0.2,0.5937689472601987,0.005291947262309732,0.0005041533083662346,False
box,0.25,0,-0.7653668647301795,1.8477590650225735,0.2,0.7721522055030713,-0.04118753993243213,0.006961755036856924,False
box,0.25,0,-1.414213562373095,1.4142135623730951,0.2,0.7582348229210581,-0.06229015119029274,-0.005046366775776552,False
box,0.25,0,-1.8477590650225735,0.7653668647301798,0.2,0.7369097751620349,-0.042999098601588244,0.007228165722978183,False
box,0.25,0,-2.0,2.4492935982947064e-16,0.2,0.7346706044844692,0.017243060313315066,0.010285175067530265,False
box,0.25,0,-1.8477590650225737,-0.7653668647301793,0.2,0.7432630778644913,0.06120442518715735,0.005720485944050368,False
box,0.25,0,-1.4142135623730954,-1.414213562373095,0.2,0.7456409724375904,0.08179035946407896,-0.003662053462204623,False
box,0.25,0,-0.7653668647301807,-1.847759065022573,0.2,0.7253369500116045,0.05438851355973179,-0.0040113244800899246,False
box,0.25,0,-3.6739403974420594e-16,-2.0,0.2,0.7376682399114416,-0.01585510687346905,0.0009044712952895668,False
box,0.25,0,0.76536686473018,-1.8477590650225733,0.2,0.8012926024130099,-0.050237510428970816,0.0030432476286809122,False
box,0.25,0,1.4142135623730947,-1.4142135623730954,0.2,0.7990453669895816,-0.12035810145040271,0.00712436248564034,False
box,0.25,0,1.847759065022573,-0.7653668647301808,0.2,0.770706875788191,-0.10692267954162002,-0.008665493430220354,False
box,0.25,0,2.5,0.0,0.2,0.8320922151002899,-0.041399687802525696,-0.0043838085360052405,False
box,0.25,0,2.309698831278217,0.9567085809127245,0.2,0.7848109380567225,0.09495194526693769,0.0075957340220316775,False
box,0.25,0,1.7677669529663689,1.7677669529663689,0.2,0.7802792347413544,0.10244197293287967,0.011326669948025211,False
box,0.25,0,0.9567085809127246,2.309698831278217,0.2,0.7881911039744017,0.08925166312640842,0.005082415180251022,False
box,0.25,0,1.5308084989341916e-16,2.5,0.2,0.7190322184815543,-0.027316129782924796,-0.002500608052166786,False
box,0.25,0,-0.9567085809127243,2.309698831278217,0.2,0.7879301828576221,-0.05994213001116028,-0.004320069424431673,False
box,0.25,0,-1.7677669529663687,1.7677669529663689,0.2,0.76111329328283,-0.05847751123359612,-0.013746720731932142,False
box,0.25,0,-2.309698831278217,0.9567085809127247,0.2,0.7899637720469186,-0.06801225315212563,-0.0028465176660549046,False
box,0.25,0,-2.5,3.061616997868383e-16,0.2,0.8173037365646766,0.018038065719869913,0.00605917623303096,False
box,0.25,0,-2.309698831278217,-0.9567085809127241,0.2,0.8028378821258202,0.08229678417921171,-0.0015977627260792852,False
box,0.25,0,-1.7677669529663693,-1.7677669529663687,0.2,0.7706143363629202,0.08950916036499418,-0.008327566771172332,False
box,0.25,0,-0.9567085809127258,-2.309698831278216,0.2,0.7707561162548437,0.02553210613023853,-0.006109437711769123,False
box,0.25,0,-4.592425496802574e-16,-2.5,0.2,0.6980545834601938,-0.020123362383074845,0.001153645614655574,False
box,0.25,0,0.956708580912725,-2.3096988312782165,0.2,0.8200673037003794,-0.0050602196437805474,0.008059949269465353,False
box,0.25,0,1.7677669529663684,-1.7677669529663693,0.2,0.7913394215746683,-0.08292891367484487,0.013322734210769282,False
box,0.25,0,2.309698831278216,-0.956708580912726,0.2,0.8677282596803,-0.14998033837285563,0.0029368860904722457,False
box,0.25,0,3.0,0.0,0.2,0.959263703143006,-0.050996556630936316,0.015145962062545239,False
box,0.25,0,2.77163859753386,1.1480502970952693,0.2,0.8534385123840025,0.13335402148405107,0.021240616834116592,False
box,0.25,0,2.121320343559643,2.121320343559643,0.2,0.8250539204876648,0.13036127360344033,0.016069350072533933,False
box,0.25,0,1.1480502970952695,2.77163859753386,0.2,0.7977156216095768,0.052453360520944035,0.010469885891866095,False
box,0.25,0,1.8369701987210297e-16,3.0,0.2,0.8569850322682467,0.00586129470095633,-0.006641281698654825,False
box,0.25,0,-1.1480502970952693,2.77163859753386,0.2,0.8095571453985603,-0.05410247497165029,-0.010080899109605643,False
box,0.25,0,-2.1213203435596424,2.121320343559643,0.2,0.8178147643539355,-0.07930649762305306,-0.02152312086194469,False
box,0.25,0,-2.77163859753386,1.1480502970952697,0.2,0.8592890389074888,-0.06539671719000388,-0.01465587001637584,False
box,0.25,0,-3.0,3.6739403974420594e-16,0.2,0.8975944272013701,0.010579324642698324,-0.008952675642570187,False
box,0.25,0,-2.7716385975338604,-1.148050297095269,0.2,0.8661103145761696,0.09821349110195879,-0.013174608608204855,False
box,0.25,0,-2.121320343559643,-2.1213203435596424,0.2,0.8335860359888818,0.10085648216435476,-0.014883551364882466,False
box,0.25,0,-1.148050297095271,-2.7716385975338595,0.2,0.8306193952554048,0.04946806101722045,-0.006980909009221846,False
box,0.25,0,-5.51091059616309e-16,-3.0,0.2,0.656136699403286,-0.028193299381878117,0.003968705171570401,False
box,0.25,0,1.14805029709527,-2.77163859753386,0.2,0.8501884841439766,-0.021957515520268395,0.012582718829425629,False
box,0.25,0,2.121320343559642,-2.121320343559643,0.2,0.8399199769523803,-0.07940778464301676,0.014740676656173967,False
box,0.25,0,2.7716385975338595,-1.148050297095271,0.2,0.9002964250653853,-0.14056006505245466,0.022186842109006333,False
box,0.25,0,0.5,0.0,0.5,0.6730392324987912,-0.009608809651189265,-0.003106046481179181,False
box,0.25,0,0.46193976625564337,0.1913417161825449,0.5,0.670966300755665,-0.009452723799963501,-0.004346318844572645,False
box,0.25,0,0.3535533905932738,0.3535533905932738,0.5,0.6681123689333532,-0.009054708623613723,-0.004585057717992804,False
box,0.25,0,0.19134171618254492,0.46193976625564337,0.5,0.6643671275614866,-0.008283791652294432,-0.004494473930127179,False
box,0.25,0,3.061616997868383e-17,0.5,0.5,0.6607138250329562,-0.005724915041652408,-0.004489623576239207,False
box,0.25,0,-0.19134171618254486,0.46193976625564337,0.5,0.6595086897190428,-0.0014872707155562201,-0.002871863031364703,False
box,0.25,0,-0.35355339059327373,0.3535533905932738,0.5,0.6617148710533228,-3.330638035466741e-05,0.0001756859768794021,False
box,0.25,0,-0.46193976625564337,0.19134171618254495,0.5,0.6646733853331098,-0.00016456920956908638,0.003289522005969878,False
box,0.25,0,-0.5,6.123233995736766e-17,0.5,0.6664483717369291,0.0009649352547452803,0.005924936136131763,False
box,0.25,0,-0.4619397662556434,-0.19134171618254484,0.5,0.6679609704828585,0.0038203598244644123,0.00651047000556646,False
box,0.25,0,-0.35355339059327384,-0.35355339059327373,0.5,0.6695887407718647,0.004792321170273121,0.005874726801320717,False
box,0.25,0,-0.19134171618254517,-0.46193976625564326,0.5,0.6708137588951939,0.003962272496495602,0.0048716525395606355,False
box,0.25,0,-9.184850993605148e-17,-0.5,0.5,0.6718004512096014,0.0018997434778432337,0.0035976379532730034,False
box,0.25,0,0.191341716182545,-0.4619397662556433,0.5,0.6735652427664155,-0.0005202083829182812,0.001937862581613744,False
box,0.25,0,0.3535533905932737,-0.35355339059327384,0.5,0.6746079523962429,-0.0037422383395777324,0.0001816192565497039,False
box,0.25,0,0.46193976625564326,-0.1913417161825452,0.5,0.674443616247387,-0.007250394122096764,-0.0014208518126088959,False
box,0.25,0,1.0,0.0,0.5,0.6802310696443435,-0.00979803481390018,-0.008279501127931077,False
box,0.25,0,0.9238795325112867,0.3826834323650898,0.5,0.6835567933196467,-0.006988339330029524,-0.008287617609677729,False
box,0.25,0,0.7071067811865476,0.7071067811865476,0.5,0.6800948954377405,-0.009313201952072938,-0.007746467088361241,False
box,0.25,0,0.38268343236508984,0.9238795325112867,0.5,0.6658090739302429,-0.0248399992351213,-0.009144845038784186,False
box,0.25,0,6.123233995736766e-17,1.0,0.5,0.6334979034441077,0.010325435778438051,-0.007846510484964141,False
box,0.25,0,-0.3826834323650897,0.9238795325112867,0.5,0.6516953235775416,0.03672571160704887,-0.0009400248243204997,False
box,0.25,0,-0.7071067811865475,0.7071067811865476,0.5,0.6677855431220355,0.012900562936947382,0.003047304985209352,False
box,0.25,0,-0.9238795325112867,0.3826834323650899,0.5,0.6737915948080077,0.004202591780280773,0.007458830019484412,False
box,0.25,0,-1.0,1.2246467991473532e-16,0.5,0.6772893646713671,0.0038583824847115973,0.011555333067401639,False
box,0.25,0,-0.9238795325112868,-0.38268343236508967,0.5,0.6786651554066824,0.013886605334175321,0.011955931872576115,False
box,0.25,0,-0.7071067811865477,-0.7071067811865475,0.5,0.6801910676786816,0.012090631885519433,0.008858632999343119,False
box,0.25,0,-0.38268343236509034,-0.9238795325112865,0.5,0.6737746851537101,0.017486179276524867,0.008259906545215792,False
box,0.25,0,-1.8369701987210297e-16,-1.0,0.5,0.6767609863997665,0.024353905633320114,0.005106405734526588,False
box,0.25,0,0.38268343236509,-0.9238795325112866,0.5,0.681014148205064,0.011573175383281792,0.001223101273057714,False
box,0.25,0,0.7071067811865474,-0.7071067811865477,0.5,0.685269766460469,0.00047567638082297295,-0.0037955930312101216,False
box,0.25,0,0.9238795325112865,-0.3826834323650904,0.5,0.6816874224231972,-0.010430294335001537,-0.0069885021745533064,False
box,0.25,0,1.5,0.0,0.5,0.6904417951371626,-0.0063506574419105455,-0.017021082399912846,False
box,0.25,0,1.38581929876693,0.5740251485476346,0.5,0.7020158472824756,0.011190339940400916,-0.010989796425443508,False
box,0.25,0,1.0606601717798214,1.0606601717798214,0.5,0.7207524201944037,0.020760869767226423,-0.007375750662905652,False
box,0.25,0,0.5740251485476348,1.38581929876693,0.5,0.6959081824473891,-0.017024844141118815,-0.022854813736101324,False
box,0.25,0,9.184850993605148e-17,1.5,0.5,0.5535802869498716,0.02281304885286805,-0.0004099670645303866,False
box,0.25,0,-0.5740251485476346,1.38581929876693,0.5,0.7007622724807103,0.05447692893537667,0.018352535275855043,False
box,0.25,0,-1.0606601717798212,1.0606601717798214,0.5,0.709941094783104,-0.016954804234827866,0.003911626472692679,False
box,0.25,0,-1.38581929876693,0.5740251485476349,0.5,0.6930786174636342,-0.0049318616905529855,0.014144135242879215,False
box,0.25,0,-1.5,1.8369701987210297e-16,0.5,0.6948270541460644,0.007907565937038005,0.01544932902082241,False
box,0.25,0,-1.3858192987669302,-0.5740251485476345,0.5,0.7031281341527761,0.034332651579044776,0.015544833153782928,False
box,0.25,0,-1.0606601717798214,-1.0606601717798212,0.5,0.7179216921919431,0.04448779065121965,0.009348256004853745,False
box,0.25,0,-0.5740251485476355,-1.3858192987669298,0.5,0.6837288765737556,0.05304432379679265,0.007695745611276683,False
box,0.25,0,-2.755455298081545e-16,-1.5,0.5,0.690889524268119,0.01526058919612846,-0.0006165223034869928,False
box,0.25,0,0.574025148547635,-1.38581929876693,0.5,0.7282670662910079,-0.024059395429079512,0.00030486923939580313,False
box,0.25,0,1.060660171779821,-1.0606601717798214,0.5,0.7522450568713053,-0.057750555346014684,-0.010748545254634556,False
box,0.25,0,1.3858192987669298,-0.5740251485476355,0.5,0.706432734701014,-0.042883203033727925,-0.020349512948928995,False
box,0.25,0,2.0,0.0,0.5,0.7374927044707396,-0.018212721071454663,-0.021101441358320372,False
box,0.25,0,1.8477590650225735,0.7653668647301796,0.5,0.7487938075103745,0.07031376203286212,0.00027956006797257905,False
box,0.25,0,1.4142135623730951,1.4142135623730951,0.5,0.77617697616625,0.07548068327426541,0.018218479234385486,False
box,0.25,0,0.7653668647301797,1.8477590650225735,0.5,0.7768039941439123,0.07179244034565148,-0.00945247777660047,False
box,0.25,0,1.2246467991473532e-16,2.0,0.5,0.5747552671160682,0.004316010570703696,0.0007348099247108295,False
box,0.25,0,-0.7653668647301795,1.8477590650225735,0.5,0.7888230386751387,-0.046707479603863775,0.005817504646264054,False
box,0.25,0,-1.414213562373095,1.4142135623730951,0.5,0.7626437293937333,-0.07224375512381286,-0.014984645788434128,False
box,0.25,0,-1.8477590650225735,0.7653668647301798,0.5,0.7406417842326226,-0.051480902378274664,0.010876802684397857,False
box,0.25,0,-2.0,2.4492935982947064e-16,0.5,0.7349737259633361,0.019421898298461727,0.01837663757081121,False
box,0.25,0,-1.8477590650225737,-0.7653668647301793,0.5,0.7469912655960513,0.06838215931066408,0.006991609644126028,False
box,0.25,0,-1.4142135623730954,-1.414213562373095,0.5,0.7504230856900289,0.08866207528739135,-0.013358692889069051,False
box,0.25,0,-0.7653668647301807,-1.847759065022573,0.5,0.7266809055220933,0.06082353990092444,-0.009440650117028052,False
box,0.25,0,-3.6739403974420594e-16,-2.0,0.5,0.7423836131715404,-0.017217442011420392,0.00445545925315537,False
box,0.25,0,0.76536686473018,-1.8477590650225733,0.5,0.8075965632599761,-0.05479619026516436,0.013172314333357088,False
box,0.25,0,1.4142135623730947,-1.4142135623730954,0.5,0.8035695277987165,-0.13159736650213358,0.01638421324475313,False
box,0.25,0,1.847759065022573,-0.7653668647301808,0.5,0.7770198947055484,-0.11758801914027561,-0.012228278653209216,False
box,0.25,0,2.5,0.0,0.5,0.8477067195959154,-0.040249236394793275,0.006048655826519145,False
box,0.25,0,2.309698831278217,0.9567085809127245,0.5,0.7933724273403056,0.1057799395411893,0.031139777162173688,False
box,0.25,0,1.7677669529663689,1.7677669529663689,0.5,0.7865400061611539,0.10460421215233826,0.03694247724206112,False
box,0.25,0,0.9567085809127246,2.309698831278217,0.5,0.7978759728428942,0.09497668805854673,0.01745533683371631,False
box,0.25,0,1.5308084989341916e-16,2.5,0.5,0.718366381301156,-0.030901002613503863,-0.004409276035975934,False
box,0.25,0,-0.9567085809127243,2.309698831278217,0.5,0.7973663125708158,-0.06407792388904777,-0.01728715462976151,False
box,0.25,0,-1.7677669529663687,1.7677669529663689,0.5,0.7658835202830653,-0.06456587973013163,-0.037291411070518865,False
box,0.25,0,-2.309698831278217,0.9567085809127247,0.5,0.7985695857379569,-0.07932540533853102,-0.017828547620406372,False
box,0.25,0,-2.5,3.061616997868383e-16,0.5,0.8289405561888934,0.0191890743521412,0.0019761442556935896,False
box,0.25,0,-2.309698831278217,-0.9567085809127241,0.5,0.8101730897764233,0.09079471636314836,-0.01559893752553669,False
box,0.25,0,-1.7677669529663693,-1.7677669529663687,0.5,0.7738017903161346,0.09372312140033627,-0.027027782398692694,False
box,0.25,0,-0.9567085809127258,-2.309698831278216,0.5,0.7732025231135241,0.026198845292812634,-0.016930796985296287,False
box,0.25,0,-4.592425496802574e-16,-2.5,0.5,0.6997991418975804,-0.020930085473057025,0.0038430378595970724,False
box,0.25,0,0.956708580912725,-2.3096988312782165,0.5,0.8274423679803546,-0.006526304265301148,0.02500139572808355,False
box,0.25,0,1.7677669529663684,-1.7677669529663693,0.5,0.7913079666732051,-0.08878497914811226,0.03289388833410339,False
box,0.25,0,2.309698831278216,-0.956708580912726,0.5,0.8791039588425276,-0.15881754311767177,0.01847189539247737,False
box,0.25,0,3.0,0.0,0.5,0.9812080278970559,-0.046704501381650054,0.055219678482549384,False
box,0.25,0,2.77163859753386,1.1480502970952693,0.5,0.8689702924863916,0.14020886974104863,0.06744989978536356,False
box,0.25,0,2.121320343559643,2.121320343559643,0.5,0.8313676946011066,0.13046636024093186,0.04966684744889073,False
box,0.25,0,1.1480502970952695,2.77163859753386,0.5,0.8042046355933136,0.05347609589537101,0.03176533822312513,False
box,0.25,0,1.8369701987210297e-16,3.0,0.5,0.8598891627607221,0.004021833093831097,-0.007112269974781399,False
box,0.25,0,-1.1480502970952693,2.77163859753386,0.5,0.8178528978519471,-0.05463305967611872,-0.030061378791731333,False
box,0.25,0,-2.1213203435596424,2.121320343559643,0.5,0.8249308414456988,-0.085907375524418,-0.05975631329044737,False
box,0.25,0,-2.77163859753386,1.1480502970952697,0.5,0.8728238923981291,-0.07485614221752224,-0.05155477995527759,False
box,0.25,0,-3.0,3.6739403974420594e-16,0.5,0.91447953305171,0.013680121670453101,-0.0381532870068213,False
box,0.25,0,-2.7716385975338604,-1.148050297095269,0.5,0.8786197186541805,0.10265366082516073,-0.04695594903874348,False
box,0.25,0,-2.121320343559643,-2.1213203435596424,0.5,0.8385641732339113,0.10523338070430462,-0.042964815637749565,False
box,0.25,0,-1.148050297095271,-2.7716385975338595,0.5,0.8349976417145537,0.048832853504528415,-0.019699225289655783,False
box,0.25,0,-5.51091059616309e-16,-3.0,0.5,0.6574860759230181,-0.03055364971621953,0.007727699345667789,False
box,0.25,0,1.14805029709527,-2.77163859753386,0.5,0.8570801964573393,-0.024787233641242284,0.03599251980348095,False
box,0.25,0,2.121320343559642,-2.121320343559643,0.5,0.8413246719764325,-0.08234915918403694,0.04176006969358048,False
box,0.25,0,2.7716385975338595,-1.148050297095271,0.5,0.9132595902222941,-0.14740805334042448,0.05442389908514102,False
box,0.25,0,0.5,0.0,1.0,0.6702119565058531,-0.015173319850386946,0.0005941744191995113,False
box,0.25,0,0.46193976625564337,0.1913417161825449,1.0,0.6678490763925126,-0.01330766444974757,-0.0015845495241529047,False
box,0.25,0,0.3535533905932738,0.3535533905932738,1.0,0.6660588539478393,-0.011901577868216131,-0.002301052143313503,False
box,0.25,0,0.19134171618254492,0.46193976625564337,1.0,0.6641139499946698,-0.012380038638008213,-0.003477316759975473,False
box,0.25,0,3.061616997868383e-17,0.5,1.0,0.6609790915858147,-0.012854645713475173,-0.006083465347558214,False
box,0.25,0,-0.19134171618254486,0.46193976625564337,1.0,0.6562464033838263,-0.009702856033239934,-0.0061069009019519135,False
box,0.25,0,-0.35355339059327373,0.3535533905932738,1.0,0.6564018467509085,-0.008498048452796229,-0.002546376510831609,False
box,0.25,0,-0.46193976625564337,0.19134171618254495,1.0,0.659026515841487,-0.008314234284354006,0.0021497782699700946,False
box,0.25,0,-0.5,6.123233995736766e-17,1.0,0.6602297528779936,-0.0049738639088825485,0.006762344162078991,False
box,0.25,0,-0.4619397662556434,-0.19134171618254484,1.0,0.6617623802433112,0.00159325144711953,0.00753780788872077,False
box,0.25,0,-0.35355339059327384,-0.35355339059327373,1.0,0.6648125059206895,0.0033429587877791965,0.006642873165550527,False
box,0.25,0,-0.19134171618254517,-0.46193976625564326,1.0,0.6674569832818824,0.0009519078905852016,0.006171168569505946,False
box,0.25,0,-9.184850993605148e-17,-0.5,1.0,0.668830008661025,-0.003053736093746531,0.006039580997342142,False
box,0.25,0,0.191341716182545,-0.4619397662556433,1.0,0.6710940669695102,-0.005407523620647697,0.005699331831980766,False
box,0.25,0,0.3535533905932737,-0.35355339059327384,1.0,0.6721641631543291,-0.008283757669008972,0.004914607646555486,False
box,0.25,0,0.46193976625564326,-0.1913417161825452,1.0,0.6719657335668359,-0.012264669970827114,0.0033648021131930956,False
box,0.25,0,1.0,0.0,1.0,0.6738235923969456,-0.010480124518567946,-0.0007837356825959318,False
box,0.25,0,0.9238795325112867,0.3826834323650898,1.0,0.6839050088874243,-0.0063500589051499095,0.00030715282916189126,False
box,0.25,0,0.7071067811865476,0.7071067811865476,1.0,0.6798141404930114,-0.006094793307908206,0.001971651338215793,False
box,0.25,0,0.38268343236508984,0.9238795325112867,1.0,0.6703779522198513,-0.03147405280145754,0.00016186858313979114,False
box,0.25,0,6.123233995736766e-17,1.0,1.0,0.6296044650088441,0.015288239829920837,-0.007822913055509082,False
box,0.25,0,-0.3826834323650897,0.9238795325112867,1.0,0.6456458358518922,0.04600396851768261,-0.009644273249778339,False
box,0.25,0,-0.7071067811865475,0.7071067811865476,1.0,0.6577212117140044,0.009429307469717315,-0.004213377415118161,False
box,0.25,0,-0.9238795325112867,0.3826834323650899,1.0,0.6674953543038812,5.063810102685283e-05,0.0021304788610176113,False
box,0.25,0,-1.0,1.2246467991473532e-16,1.0,0.6744583788261924,-0.0025228568516197925,0.008993231618537488,False
box,0.25,0,-0.9238795325112868,-0.38268343236508967,1.0,0.6739580445558149,0.01719146467201342,0.008591180152048147,False
box,0.25,0,-0.7071067811865477,-0.7071067811865475,1.0,0.678888146302174,0.013738224176919202,0.0023368395946357532,False
box,0.25,0,-0.38268343236509034,-0.9238795325112865,1.0,0.6736122496184601,0.018305193444119155,0.004564833153727746,False
box,0.25,0,-1.8369701987210297e-16,-1.0,1.0,0.6767842310623875,0.02681788400490253,0.010050117552042933,False
box,0.25,0,0.38268343236509,-0.9238795325112866,1.0,0.675520347206167,0.007960662560790494,0.012628859258902508,False
box,0.25,0,0.7071067811865474,-0.7071067811865477,1.0,0.6759194764137644,0.0002756021023559707,0.00860430402177627,False
box,0.25,0,0.9238795325112865,-0.3826834323650904,1.0,0.6698982682821341,-0.011282559365456357,0.002857627873200624,False
box,0.25,0,1.5,0.0,1.0,0.6865149319230095,0.004868634109724823,-0.0007374480743487233,False
box,0.25,0,1.38581929876693,0.5740251485476346,1.0,0.707432622807106,0.020012091204162114,0.013460673874006603,False
box,0.25,0,1.0606601717798214,1.0606601717798214,1.0,0.7330435351309474,0.04020335716297611,0.02390893654544768,False
box,0.25,0,0.5740251485476348,1.38581929876693,1.0,0.7180157309177495,-0.0204859540236889,0.013540079217704986,False
box,0.25,0,9.184850993605148e-17,1.5,1.0,0.5169434246902394,0.027175575683834507,-0.00073060553177093,False
box,0.25,0,-0.5740251485476346,1.38581929876693,1.0,0.7219912643976027,0.059727031492777916,-0.016534589179516977,False
box,0.25,0,-1.0606601717798212,1.0606601717798214,1.0,0.7125604727811737,-0.03788346425105507,-0.015087359823102019,False
box,0.25,0,-1.38581929876693,0.5740251485476349,1.0,0.6915054336577718,-0.009171008816418308,-0.0005007441676276171,False
box,0.25,0,-1.5,1.8369701987210297e-16,1.0,0.6960607765328048,0.004576808396201225,0.0011980958189168325,False
box,0.25,0,-1.3858192987669302,-0.5740251485476345,1.0,0.7080694477254856,0.04535951289294021,-0.0008513443212702229,False
box,0.25,0,-1.0606601717798214,-1.0606601717798212,1.0,0.7307795959025767,0.061138602815703214,-0.01570297455438411,False
box,0.25,0,-0.5740251485476355,-1.3858192987669298,1.0,0.6908903328592557,0.06506223476354453,-0.008732498207660061,False
box,0.25,0,-2.755455298081545e-16,-1.5,1.0,0.7022644113256271,0.009762576802059128,0.017119160902020775,False
box,0.25,0,0.574025148547635,-1.38581929876693,1.0,0.7333290592458425,-0.040383086585502645,0.03393856140156294,False
box,0.25,0,1.060660171779821,-1.0606601717798214,1.0,0.7555622712580011,-0.08010083649095304,0.021358605581958966,False
box,0.25,0,1.3858192987669298,-0.5740251485476355,1.0,0.7013982514857309,-0.05149823481125856,-0.0020130324167708883,False
box,0.25,0,2.0,0.0,1.0,0.7669565774691778,-0.012285751359554453,0.025997031958926442,False
box,0.25,0,1.8477590650225735,0.7653668647301796,1.0,0.7817763681624417,0.10704725285958895,0.054392315434262234,False
box,0.25,0,1.4142135623730951,1.4142135623730951,1.0,0.8028330331023543,0.09654877308031945,0.0619104591693293,False
box,0.25,0,0.7653668647301797,1.8477590650225735,1.0,0.8147317441809533,0.08587178532845167,0.03918414224180463,False
box,0.25,0,1.2246467991473532e-16,2.0,1.0,0.5536109518326543,0.002310054617912542,-0.0007710287467865053,False
box,0.25,0,-0.7653668647301795,1.8477590650225735,1.0,0.8261320869519619,-0.05917731014784527,-0.04276481811990751,False
box,0.25,0,-1.414213562373095,1.4142135623730951,1.0,0.7798637647961091,-0.09791851689059655,-0.04671647961939841,False
box,0.25,0,-1.8477590650225735,0.7653668647301798,1.0,0.7665245764444926,-0.08173563897386087,-0.031193535259971473,False
box,0.25,0,-2.0,2.4492935982947064e-16,1.0,0.7529148470357572,0.028046529237185397,-0.019196633625941924,False
box,0.25,0,-1.8477590650225737,-0.7653668647301793,1.0,0.7721301492936419,0.09554421965052703,-0.0376344189968736,False
box,0.25,0,-1.4142135623730954,-1.414213562373095,1.0,0.7700301330042179,0.10684818045126265,-0.04683500711642455,False
box,0.25,0,-0.7653668647301807,-1.847759065022573,1.0,0.7434325600809817,0.06935268468955588,-0.019218694940457373,False
box,0.25,0,-3.6739403974420594e-16,-2.0,1.0,0.7577910038233174,-0.015399186105529159,0.014890122578603964,False
box,0.25,0,0.76536686473018,-1.8477590650225733,1.0,0.8162369170002114,-0.06162514775031757,0.044522110016505946,False
box,0.25,0,1.4142135623730947,-1.4142135623730954,1.0,0.8167241913667302,-0.14913100458084702,0.03767236552040425,False
box,0.25,0,1.847759065022573,-0.7653668647301808,1.0,0.8106861562061075,-0.15108605885812235,0.03849431582150925,False
box,0.25,0,2.5,0.0,1.0,0.9139203430259886,-0.03427986390855686,0.10518716757831292,False
box,0.25,0,2.309698831278217,0.9567085809127245,1.0,0.8362769620828144,0.13379406550385264,0.11805689789484516,False
box,0.25,0,1.7677669529663689,1.7677669529663689,1.0,0.816409976559649,0.10941601892913635,0.09831066138357641,False
box,0.25,0,0.9567085809127246,2.309698831278217,1.0,0.822996989529217,0.10332425947547594,0.05146640372072945,False
box,0.25,0,1.5308084989341916e-16,2.5,1.0,0.7268663100035672,-0.027465850609734842,0.0016174389518105515,False
box,0.25,0,-0.9567085809127243,2.309698831278217,1.0,0.8186026862237963,-0.07357695308930548,-0.05557223909801045,False
box,0.25,0,-1.7677669529663687,1.7677669529663689,1.0,0.7929370519640481,-0.08525321627988691,-0.08275659862607403,False
box,0.25,0,-2.309698831278217,0.9567085809127247,1.0,0.8389781569882766,-0.11118283067530402,-0.09288056398708239,False
box,0.25,0,-2.5,3.061616997868383e-16,1.0,0.881047980724416,0.023006114901487913,-0.07827750307915515,False
box,0.25,0,-2.309698831278217,-0.9567085809127241,1.0,0.8434305784854061,0.11955665614402711,-0.09232949644813007,False
box,0.25,0,-1.7677669529663693,-1.7677669529663687,1.0,0.7954203267097315,0.1045334357046492,-0.07646795452955193,False
box,0.25,0,-0.9567085809127258,-2.309698831278216,1.0,0.7886184453314815,0.0319242561609327,-0.036650722758254414,False
box,0.25,0,-4.592425496802574e-16,-2.5,1.0,0.7285907389673006,-0.019059081264259856,0.01104885138570237,False
box,0.25,0,0.956708580912725,-2.3096988312782165,1.0,0.8429472548810489,-0.01849645074896248,0.058188977319718525,False
box,0.25,0,1.7677669529663684,-1.7677669529663693,1.0,0.8106492699451402,-0.10365142001916815,0.0631153171306342,False
box,0.25,0,2.309698831278216,-0.956708580912726,1.0,0.9116311163247277,-0.1753929511531589,0.09122080799019175,False
box,0.25,0,3.0,0.0,1.0,1.0316968665238395,-0.034840035584996265,0.17055793562558996,False
box,0.25,0,2.77163859753386,1.1480502970952693,1.0,0.9197692434640157,0.14673655417612821,0.17341192647397707,False
box,0.25,0,2.121320343559643,2.121320343559643,1.0,0.8585241943280937,0.12599982141189836,0.11853800177177495,False
box,0.25,0,1.1480502970952695,2.77163859753386,1.0,0.8285211398924262,0.06289443668402708,0.06661018631116737,False
box,0.25,0,1.8369701987210297e-16,3.0,1.0,0.8516500222290714,0.001052434597767243,0.015016087274497382,False
box,0.25,0,-1.1480502970952693,2.77163859753386,1.0,0.8319857620470638,-0.056822328701931525,-0.06545552112121854,False
box,0.25,0,-2.1213203435596424,2.121320343559643,1.0,0.8505371579507242,-0.10019990900260661,-0.12066431857515465,False
box,0.25,0,-2.77163859753386,1.1480502970952697,1.0,0.9190627183818865,-0.1006260550693337,-0.15373456900993548,False
box,0.25,0,-3.0,3.6739403974420594e-16,1.0,0.9698827901731031,0.016595010920586704,-0.14515141859863867,False
box,0.25,0,-2.7716385975338604,-1.148050297095269,1.0,0.915242331730392,0.1179747787827047,-0.14026779205444817,False
box,0.25,0,-2.121320343559643,-2.1213203435596424,1.0,0.8553450649599954,0.11086642146462461,-0.09590627490396592,False
box,0.25,0,-1.148050297095271,-2.7716385975338595,1.0,0.8454241630228712,0.04664516729896161,-0.045035080604431496,False
box,0.25,0,-5.51091059616309e-16,-3.0,1.0,0.6986936355689396,-0.029488743800403405,0.0054169658924348146,False
box,0.25,0,1.14805029709527,-2.77163859753386,1.0,0.8709888381227683,-0.031365354448031485,0.07320652998052321,False
box,0.25,0,2.121320343559642,-2.121320343559643,1.0,0.8560133149219237,-0.09080281855622731,0.09076419684682796,False
box,0.25,0,2.7716385975338595,-1.148050297095271,1.0,0.9397184163981339,-0.15117370002188346,0.10563976914825936,False
box,0.25,0,0.0,0.0,0.0,0.6680739783894174,-0.0021153531734594624,0.0,True
box,0.25,2,0.5,0.0,0.0,-1.7313955039563206e-18,9.971003379949401e-18,0.4279314114443577,False
box,0.25,2,0.46193976625564337,0.1913417161825449,0.0,-9.574297175533907e-18,3.59270542102837e-18,0.4249924377874474,False
box,0.25,2,0.3535533905932738,0.3535533905932738,0.0,8.642138595602529e-19,-1.2599226017046276e-17,0.4215615530951209,False
box,0.25,2,0.19134171618254492,0.46193976625564337,0.0,1.5476558291500807e-18,-2.0698622655527604e-17,0.41947625751947126,False
box,0.25,2,3.061616997868383e-17,0.5,0.0,1.2284078018870728e-19,-4.759787513875466e-18,0.4197297423392266,False
box,0.25,2,-0.19134171618254486,0.46193976625564337,0.0,1.037486331397166e-18,-7.10273580828235e-18,0.4216710670667351,False
box,0.25,2,-0.35355339059327373,0.3535533905932738,0.0,-2.5061602689339266e-18,-6.048210902769944e-18,0.42422327316225866,False
box,0.25,2,-0.46193976625564337,0.19134171618254495,0.0,-3.3456366254263375e-18,4.172525203799462e-18,0.4263178503608141,False
box,0.25,2,-0.5,6.123233995736766e-17,0.0,-1.740300295794667e-17,1.610866774090473e-17,0.42697391144894775,False
box,0.25,2,-0.4619397662556434,-0.19134171618254484,0.0,-6.7300364537097495e-18,-6.82219952831497e-18,0.42511693683528484,False
box,0.25,2,-0.35355339059327384,-0.35355339059327373,0.0,6.700011980282594e-18,-2.0763993028867345e-17,0.42215743496387736,False
box,0.25,2,-0.19134171618254517,-0.46193976625564326,0.0,-1.2859398385416666e-18,-2.2868465248953074e-17,0.4200205001264088,False
box,0.25,2,-9.184850993605148e-17,-0.5,0.0,-1.7830289734841246e-17,-1.8795599509644985e-17,0.42000290344002655,False
box,0.25,2,0.191341716182545,-0.4619397662556433,0.0,-4.549123136878424e-18,-1.623978778294501e-17,0.42170652521058416,False
box,0.25,2,0.3535533905932737,-0.35355339059327384,0.0,8.034222691016757e-18,-8.753277345947027e-18,0.42477681477499096,False
box,0.25,2,0.46193976625564326,-0.1913417161825452,0.0,1.522585788275752e-17,-4.599025247041656e-18,0.4275141335420864,False
box,0.25,2,1.0,0.0,0.0,-1.2662487581597788e-17,-2.3760398009030685e-18,0.4250436044388377,False
box,0.25,2,0.9238795325112867,0.3826834323650898,0.0,-1.4362497297020642e-17,-7.691846124501296e-18,0.41580196697535393,False
box,0.25,2,0.7071067811865476,0.7071067811865476,0.0,-6.2034678677130694e-18,-7.381187012517892e-18,0.40436576987952166,False
box,0.25,2,0.38268343236508984,0.9238795325112867,0.0,-2.191300392825641e-19,3.4283697743992097e-18,0.39669667615238036,False
box,0.25,2,6.123233995736766e-17,1.0,0.0,-1.355871449391319e-17,5.684808918570568e-19,0.39941962006739806,False
box,0.25,2,-0.3826834323650897,0.9238795325112867,0.0,1.2264114431585713e-18,5.157932359196541e-18,0.4040295231073676,False
box,0.25,2,-0.7071067811865475,0.7071067811865476,0.0,8.163935368867806e-18,1.677105590391885e-18,0.41373486692317074,False
box,0.25,2,-0.9238795325112867,0.3826834323650899,0.0,9.819334686730364e-18,-8.071722477026796e-18,0.4212215120555746,False
box,0.25,2,-1.0,1.2246467991473532e-16,0.0,1.8551385325132986e-17,-4.081422897487977e-18,0.42168769896250985,False
box,0.25,2,-0.9238795325112868,-0.38268343236508967,0.0,6.418420564843549e-18,4.543303736399958e-18,0.41547043402984635,False
box,0.25,2,-0.7071067811865477,-0.7071067811865475,0.0,1.8766476561038063e-17,-8.585352776486196e-18,0.4043171739884441,False
box,0.25,2,-0.38268343236509034,-0.9238795325112865,0.0,-8.807209616310416e-18,1.7909198018760583e-17,0.3948872079008195,False
box,0.25,2,-1.8369701987210297e-16,-1.0,0.0,1.0402166194252499e-17,2.102961984722154e-17,0.3932372126127464,False
box,0.25,2,0.38268343236509,-0.9238795325112866,0.0,9.590269880416506e-19,1.6573376415819794e-17,0.3994814224166922,False
box,0.25,2,0.7071067811865474,-0.7071067811865477,0.0,-1.0783490772714073e-17,1.0650584714610108e-17,0.4121052249460534,False
box,0.25,2,0.9238795325112865,-0.3826834323650904,0.0,-1.2489889774537962e-17,1.9992916588458733e-18,0.42321157318506064,False
box,0.25,2,1.5,0.0,0.0,9.762110754022884e-19,-6.005023885984786e-18,0.4181343956666753,False
box,0.25,2,1.38581929876693,0.5740251485476346,0.0,2.5418527677718647e-18,-2.771231387852934e-19,0.40336345176859933,False
box,0.25,2,1.0606601717798214,1.0606601717798214,0.0,-7.320126144155103e-18,2.2821076923922126e-18,0.3790178578213303,False
box,0.25,2,0.5740251485476348,1.38581929876693,0.0,-5.1718521162309766e-18,-6.174925977546399e-18,0.3770503452341614,False
box,0.25,2,9.184850993605148e-17,1.5,0.0,2.936330809984259e-18,-4.328587199020646e-18,0.3999363086029629,False
box,0.25,2,-0.5740251485476346,1.38581929876693,0.0,1.4392239239681033e-17,-1.8956082891207568e-17,0.37978099003497856,False
box,0.25,2,-1.0606601717798212,1.0606601717798214,0.0,1.3070283778083493e-17,-1.0843700920708094e-17,0.3913921959865237,False
box,0.25,2,-1.38581929876693,0.5740251485476349,0.0,1.1893357097114242e-17,2.5856266083001665e-18,0.4114178638880566,False
box,0.25,2,-1.5,1.8369701987210297e-16,0.0,1.4944207581670125e-17,-2.5697939877345725e-18,0.41371356883225896,False
box,0.25,2,-1.3858192987669302,-0.5740251485476345,0.0,6.657243675259975e-18,-4.670818672687752e-18,0.40181221494692265,False
box,0.25,2,-1.0606601717798214,-1.0606601717798212,0.0,2.290372131029272e-18,1.8043310215333508e-17,0.3785861253168102,False
box,0.25,2,-0.5740251485476355,-1.3858192987669298,0.0,9.865568446591034e-18,2.7575941643721717e-20,0.37088952291932537,False
box,0.25,2,-2.755455298081545e-16,-1.5,0.0,-4.863603083148102e-18,-1.3764992804324995e-18,0.3652173687918463,False
box,0.25,2,0.574025148547635,-1.38581929876693,0.0,2.0224760907026017e-18,5.4808105178469176e-18,0.36996963840950337,False
box,0.25,2,1.060660171779821,-1.0606601717798214,0.0,1.42922183865356e-17,1.592749267981076e-18,0.38635758435516315,False
box,0.25,2,1.3858192987669298,-0.5740251485476355,0.0,-2.5875168978086485e-18,2.798502191419868e-18,0.4108880646803385,False
box,0.25,2,2.0,0.0,0.0,-2.993999475203597e-18,-1.9760254008461946e-18,0.40574126717313513,False
box,0.25,2,1.8477590650225735,0.7653668647301796,0.0,4.932032528209481e-18,-1.2386076200356794e-17,0.3914521110364718,False
box,0.25,2,1.4142135623730951,1.4142135623730951,0.0,-6.135810097101886e-19,4.475651850050863e-18,0.370537067476848,False
box,0.25,2,0.7653668647301797,1.8477590650225735,0.0,-7.175242981029212e-18,-1.4846749913448215e-17,0.37801117252452204,False
box,0.25,2,1.2246467991473532e-16,2.0,0.0,6.312167983678738e-18,-1.4442879879897723e-17,0.4025007350866358,False
box,0.25,2,-0.7653668647301795,1.8477590650225735,0.0,1.2511760030396889e-17,-1.0520635189581398e-17,0.3747746427837043,False
box,0.25,2,-1.414213562373095,1.4142135623730951,0.0,3.9978817365671064e-18,-1.1611681795737714e-17,0.37789622893128766,False
box,0.25,2,-1.8477590650225735,0.7653668647301798,0.0,-1.1696378908528402e-18,1.0229499527307459e-17,0.397575896430897,False
box,0.25,2,-2.0,2.4492935982947064e-16,0.0,-7.333729693805165e-18,7.626310378246824e-18,0.4035632225824215,False
box,0.25,2,-1.8477590650225737,-0.7653668647301793,0.0,2.498221908279853e-17,-1.7268694817247628e-18,0.38898916438202685,False
box,0.25,2,-1.4142135623730954,-1.414213562373095,0.0,-1.104486371074436e-18,1.9683936165083182e-17,0.37037785779123267,False
box,0.25,2,-0.7653668647301807,-1.847759065022573,0.0,1.3530112935379742e-17,2.5622681866023067e-17,0.3716986092077129,False
box,0.25,2,-3.6739403974420594e-16,-2.0,0.0,-5.850796790219615e-19,1.579437918837815e-17,0.3699568601563452,False
box,0.25,2,0.76536686473018,-1.8477590650225733,0.0,-5.206461450842625e-18,-1.2776716858217793e-18,0.3694902367683993,False
box,0.25,2,1.4142135623730947,-1.4142135623730954,0.0,-1.2855094378336387e-17,2.0890946616673865e-17,0.3766174407988282,False
box,0.25,2,1.847759065022573,-0.7653668647301808,0.0,-3.577875015274396e-18,3.707609163884141e-18,0.3935386068243155,False
box,0.25,2,2.5,0.0,0.0,-3.650151020427235e-17,-1.551241131672155e-17,0.3981545984943024,False
box,0.25,2,2.309698831278217,0.9567085809127245,0.0,-1.1642155839912023e-17,-5.674166283013846e-19,0.39839103082306826,False
box,0.25,2,1.7677669529663689,1.7677669529663689,0.0,-2.4528537685438725e-17,-2.0419700331404293e-17,0.394604294472187,False
box,0.25,2,0.9567085809127246,2.309698831278217,0.0,-7.494032871303309e-18,-7.9616963612827e-18,0.39368204855894373,False
box,0.25,2,1.5308084989341916e-16,2.5,0.0,2.4442468612717773e-18,-2.7683164662491477e-17,0.39718397975682146,False
box,0.25,2,-0.9567085809127243,2.309698831278217,0.0,7.850986437898636e-18,-2.921380663387332e-18,0.3966900298975175,False
box,0.25,2,-1.7677669529663687,1.7677669529663689,0.0,5.19889707284611e-18,-9.125209461687347e-18,0.3971682016307373,False
box,0.25,2,-2.309698831278217,0.9567085809127247,0.0,2.6330213854520193e-17,-1.3307432563578791e-17,0.39811976537771565,False
box,0.25,2,-2.5,3.061616997868383e-16,0.0,2.9723069663515795e-17,4.9473774465405494e-18,0.3958952846826701,False
box,0.25,2,-2.309698831278217,-0.9567085809127241,0.0,9.630344057209415e-18,-1.234323992017018e-17,0.3875614075789675,False
box,0.25,2,-1.7677669529663693,-1.7677669529663687,0.0,1.9272008031977968e-17,1.8285387561420074e-17,0.38842850970520165,False
box,0.25,2,-0.9567085809127258,-2.309698831278216,0.0,2.0233282583339814e-18,2.1523379859827892e-17,0.39874772635796263,False
box,0.25,2,-4.592425496802574e-16,-2.5,0.0,-1.5556424744321074e-18,2.2402202684245868e-17,0.40793728521399897,False
box,0.25,2,0.956708580912725,-2.3096988312782165,0.0,-1.694398365455747e-18,1.6184329351104696e-17,0.404004026029665,False
box,0.25,2,1.7677669529663684,-1.7677669529663693,0.0,-3.053503228825737e-17,3.1497200357196886e-18,0.3995233899053084,False
box,0.25,2,2.309698831278216,-0.956708580912726,0.0,-1.9013011100050367e-17,2.7205827418857566e-18,0.39395400940248265,False
box,0.25,2,3.0,0.0,0.0,1.042071959206792e-17,5.547598127716295e-18,0.4150215533113367,False
box,0.25,2,2.77163859753386,1.1480502970952693,0.0,-2.489899440647946e-17,-1.4781619068620936e-17,0.42892459955069906,False
box,0.25,2,2.121320343559643,2.121320343559643,0.0,-1.9529451629270854e-17,-2.0504983474760017e-17,0.43295674529935424,False
box,0.25,2,1.1480502970952695,2.77163859753386,0.0,-1.79717822299224e-17,-3.0888363200953383e-17,0.42526303957523115,False
box,0.25,2,1.8369701987210297e-16,3.0,0.0,-1.3183521318824475e-17,-4.223168342362149e-18,0.43234187536213375,False
box,0.25,2,-1.1480502970952693,2.77163859753386,0.0,6.433498572886912e-18,-2.03120761555098e-17,0.43840511921214387,False
box,0.25,2,-2.1213203435596424,2.121320343559643,0.0,9.80623628461484e-18,-9.958454057565654e-18,0.4413725085305311,False
box,0.25,2,-2.77163859753386,1.1480502970952697,0.0,1.9098396111729922e-17,-1.2932343141506005e-17,0.42175174982653374,False
box,0.25,2,-3.0,3.6739403974420594e-16,0.0,6.413329906751724e-18,8.286210529945689e-18,0.40661295022082833,False
box,0.25,2,-2.7716385975338604,-1.148050297095269,0.0,2.4003194772949998e-17,1.1059602977698615e-17,0.40470242845597026,False
box,0.25,2,-2.121320343559643,-2.1213203435596424,0.0,2.014495447897373e-17,1.6587561710650607e-18,0.422807475424276,False
box,0.25,2,-1.148050297095271,-2.7716385975338595,0.0,1.1645451405051008e-17,1.2494209952167913e-17,0.4296148144869221,False
box,0.25,2,-5.51091059616309e-16,-3.0,0.0,-1.5093999461462493e-17,1.7483451870887283e-17,0.44305649134557656,False
box,0.25,2,1.14805029709527,-2.77163859753386,0.0,1.686330860765036e-18,6.3802060878435794e-18,0.4498023986463385,False
box,0.25,2,2.121320343559642,-2.121320343559643,0.0,-6.787778593525415e-18,7.212570380507764e-18,0.4369379278869293,False
box,0.25,2,2.7716385975338595,-1.148050297095271,0.0,-1.973048668990295e-17,1.3888436882166444e-17,0.42156827221481497,False
box,0.25,2,0.5,0.0,0.2,-0.0006693341782497364,-0.0014223359125775993,0.431132423145676,False
box,0.25,2,0.46193976625564337,0.1913417161825449,0.2,-0.0010745318597960344,-0.003867607344553931,0.42819724435103845,False
box,0.25,2,0.3535533905932738,0.3535533905932738,0.2,-0.00125548031034718,-0.005590873921512665,0.42483676903474576,False
box,0.25,2,0.19134171618254492,0.46193976625564337,0.2,-0.0013074572737934928,-0.00643205532066414,0.42276828333581196,False
box,0.25,2,3.061616997868383e-17,0.5,0.2,-0.0012594634018145646,-0.006304786354641667,0.42297443034990573,False
box,0.25,2,-0.19134171618254486,0.46193976625564337,0.2,-0.0007631803336870069,-0.005317960148084402,0.4249188073664835,False
box,0.25,2,-0.35355339059327373,0.3535533905932738,0.2,1.562334482447267e-05,-0.003712428528377593,0.42740773315609326,False
box,0.25,2,-0.46193976625564337,0.19134171618254495,0.2,0.0007728239593677396,-0.0015590934028448956,0.429403428328155,False
box,0.25,2,-0.5,6.123233995736766e-17,0.2,0.0014169863554032937,0.0006777817783705169,0.43005888711850526,False
box,0.25,2,-0.4619397662556434,-0.19134171618254484,0.2,0.0015562086665488293,0.003208814460692066,0.4284076613216947,False
box,0.25,2,-0.35355339059327384,-0.35355339059327373,0.2,0.001402368677452921,0.005556689187296958,0.42567716303197645,False
box,0.25,2,-0.19134171618254517,-0.46193976625564326,0.2,0.0011884320627458744,0.007130803148413125,0.42368361075092587,False
box,0.25,2,-9.184850993605148e-17,-0.5,0.2,0.000939920402996808,0.007452736685143558,0.4236962470817873,False
box,0.25,2,0.191341716182545,-0.4619397662556433,0.2,0.0006104416630654269,0.006503825390279268,0.42535553132109405,False
box,0.25,2,0.3535533905932737,-0.35355339059327384,0.2,0.00022232430368951205,0.004490948067765351,0.4282986550922626,False
box,0.25,2,0.46193976625564326,-0.1913417161825452,0.2,-0.00018795043420909385,0.001675741080354095,0.4308576910207428,False
box,0.25,2,1.0,0.0,0.2,-0.0017726058453097606,-0.002473635274857444,0.4287430735083112,False
box,0.25,2,0.9238795325112867,0.3826834323650898,0.2,-0.0018759893948117686,-0.006820763399182007,0.4196793518756102,False
box,0.25,2,0.7071067811865476,0.7071067811865476,0.2,-0.0021218985519255926,-0.0100764340891932,0.4089007273885706,False
box,0.25,2,0.38268343236508984,0.9238795325112867,0.2,-0.003048243891643083,-0.00881463288255549,0.40149724420162203,False
box,0.25,2,6.123233995736766e-17,1.0,0.2,-0.002257047101878124,-0.00566473545645465,0.4038541236928972,False
box,0.25,2,-0.3826834323650897,0.9238795325112867,0.2,0.000246493012842952,-0.009002708629352256,0.4085401900001566,False
box,0.25,2,-0.7071067811865475,0.7071067811865476,0.2,0.0008382262394451852,-0.008321348378038133,0.41796650054147816,False
box,0.25,2,-0.9238795325112867,0.3826834323650899,0.2,0.0016912823763407209,-0.00308173693195154,0.4248804445034698,False
box,0.25,2,-1.0,1.2246467991473532e-16,0.2,0.002684662709858532,0.0016855961381063366,0.42503909354884517,False
box,0.25,2,-0.9238795325112868,-0.38268343236508967,0.2,0.002677538741565766,0.005899010247381885,0.4194531737920006,False
box,0.25,2,-0.7071067811865477,-0.7071067811865475,0.2,0.0018571264044219072,0.010476926612558373,0.4090987841040643,False
box,0.25,2,-0.38268343236509034,-0.9238795325112865,0.2,0.0018199086788616811,0.010529264058808389,0.40033770541402347,False
box,0.25,2,-1.8369701987210297e-16,-1.0,0.2,0.00115557671687519,0.01141948595392499,0.39899052821448544,False
box,0.25,2,0.38268343236509,-0.9238795325112866,0.2,0.0004737690172028768,0.011629992844172675,0.4051657985413957,False
box,0.25,2,0.7071067811865474,-0.7071067811865477,0.2,-0.0004366207489449652,0.00984627482727765,0.4169667402079689,False
box,0.25,2,0.9238795325112865,-0.3826834323650904,0.2,-0.0012566743827679867,0.004430894559179471,0.42741094850353634,False
box,0.25,2,1.5,0.0,0.2,-0.003764541448814102,-0.0015250718508520891,0.42273454981900704,False
box,0.25,2,1.38581929876693,0.5740251485476346,0.2,-0.0020500661450326982,-0.008876108315681372,0.4088338075439017,False
box,0.25,2,1.0606601717798214,1.0606601717798214,0.2,-0.0016736119310319353,-0.0104910982131104,0.38692402368610646,False
box,0.25,2,0.5740251485476348,1.38581929876693,0.2,-0.00776644074477059,-0.00025314844337095933,0.3857319788208417,False
box,0.25,2,9.184850993605148e-17,1.5,0.2,-9.995574585705815e-05,0.0036182314631447395,0.40707256772170375,False
box,0.25,2,-0.5740251485476346,1.38581929876693,0.2,0.006877714346570353,-0.004291344762175097,0.3881754621738407,False
box,0.25,2,-1.0606601717798212,1.0606601717798214,0.2,0.0007592026050493348,-0.011548845105033491,0.39824489546852143,False
box,0.25,2,-1.38581929876693,0.5740251485476349,0.2,0.0029550964163387984,-0.005783243599186666,0.4162627110799604,False
box,0.25,2,-1.5,1.8369701987210297e-16,0.2,0.0034647873619124353,0.0027896625321832042,0.41787558060825863,False
box,0.25,2,-1.3858192987669302,-0.5740251485476345,0.2,0.003095053973836421,0.007406209499171993,0.40722860182517623,False
box,0.25,2,-1.0606601717798214,-1.0606601717798212,0.2,0.0016643041829963701,0.010264371045543381,0.3864734603576182,False
box,0.25,2,-0.5740251485476355,-1.3858192987669298,0.2,0.0015393818153787851,0.005511573140076914,0.38121948366200764,False
box,0.25,2,-2.755455298081545e-16,-1.5,0.2,-0.0010248472502349722,0.006171037345957281,0.37768735973213763,False
box,0.25,2,0.574025148547635,-1.38581929876693,0.2,-0.0003096011706065818,0.007819033303794779,0.38291969159497985,False
box,0.25,2,1.060660171779821,-1.0606601717798214,0.2,-0.0016375437443250124,0.012035325261060405,0.3952932098997127,False
box,0.25,2,1.3858192987669298,-0.5740251485476355,0.2,-0.003949122536515125,0.007848519500534423,0.41658806118741176,False
box,0.25,2,2.0,0.0,0.2,-0.004726357607582477,0.00018498045289644383,0.4122760269769021,False
box,0.25,2,1.8477590650225735,0.7653668647301796,0.2,0.0009894860926530215,-0.006316205295959647,0.3998408879703567,False
box,0.25,2,1.4142135623730951,1.4142135623730951,0.2,0.004788666209529571,0.0025049287999812323,0.38451536408403253,False
box,0.25,2,0.7653668647301797,1.8477590650225735,0.2,-0.0034772549985216195,0.005539696209704947,0.39177973436035646,False
box,0.25,2,1.2246467991473532e-16,2.0,0.2,0.0002933953214442703,-0.002442585460728214,0.41282657723652016,False
box,0.25,2,-0.7653668647301795,1.8477590650225735,0.2,0.003108517987549579,0.006435721049845883,0.3897018503183795,False
box,0.25,2,-1.414213562373095,1.4142135623730951,0.2,-0.004825167184018262,-0.0017016821853266721,0.3905589131107997,False
box,0.25,2,-1.8477590650225735,0.7653668647301798,0.2,0.0018845289211685805,-0.005046247413475408,0.4046824462527171,False
box,0.25,2,-2.0,2.4492935982947064e-16,0.2,0.003885909903107094,0.0023884421998991907,0.40946899216435223,False
box,0.25,2,-1.8477590650225737,-0.7653668647301793,0.2,0.0007453351931255433,0.006049676307690068,0.3969726131800673,False
box,0.25,2,-1.4142135623730954,-1.414213562373095,0.2,-0.003720301964161135,-0.0015254804335257989,0.3837693783936464,False
box,0.25,2,-0.7653668647301807,-1.847759065022573,0.2,-0.002912079478781808,-0.0076140260964980885,0.3897432722539786,False
box,0.25,2,-3.6739403974420594e-16,-2.0,0.2,0.0011589788020417737,-0.011315030120087537,0.39227397983120715,False
box,0.25,2,0.76536686473018,-1.8477590650225733,0.2,0.0029920515733798054,-0.008861007009426233,0.3928339629462508,False
box,0.25,2,1.4142135623730947,-1.4142135623730954,0.2,0.005721639011632753,-0.0010810034229000367,0.3927198369187168,False
box,0.25,2,1.847759065022573,-0.7653668647301808,0.2,-0.00207661468696004,0.005125238237131436,0.40215250214868564,False
box,0.25,2,2.5,0.0,0.2,0.0017233176203035605,0.0005530149986193277,0.4092325284351629,False
box,0.25,2,2.309698831278217,0.9567085809127245,0.2,0.008064429957417102,0.0019675320802402868,0.41157984387155466,False
box,0.25,2,1.7677669529663689,1.7677669529663689,0.2,0.00845923082845094,0.010618917231626486,0.41328101707554793,False
box,0.25,2,0.9567085809127246,2.309698831278217,0.2,0.004850672266747279,0.009274073696599765,0.4136488773060908,False
box,0.25,2,1.5308084989341916e-16,2.5,0.2,-0.0022226130654917175,0.00715381868955262,0.4167382404612812,False
box,0.25,2,-0.9567085809127243,2.309698831278217,0.2,-0.004215104415980616,0.012667349610637675,0.4175549947549647,False
box,0.25,2,-1.7677669529663687,1.7677669529663689,0.2,-0.009652774308342648,0.00949228791800692,0.4147940339968334,False
box,0.25,2,-2.309698831278217,0.9567085809127247,0.2,-0.004890757416993147,0.002992009165212766,0.40951565989340766,False
box,0.25,2,-2.5,3.061616997868383e-16,0.2,-0.00028221779290314464,0.0012622004907452066,0.4052103002666633,False
box,0.25,2,-2.309698831278217,-0.9567085809127241,0.2,-0.004338284364359733,0.0005001184335500568,0.4002201294046305,False
box,0.25,2,-1.7677669529663693,-1.7677669529663687,0.2,-0.006191281207769978,-0.009099738202578235,0.40698027554866434,False
box,0.25,2,-0.9567085809127258,-2.309698831278216,0.2,-0.0038063634218953053,-0.01169088050760362,0.42052149150972784,False
box,0.25,2,-4.592425496802574e-16,-2.5,0.2,0.0011264943230455964,-0.015210092555204313,0.42836780388913687,False
box,0.25,2,0.956708580912725,-2.3096988312782165,0.2,0.005382382625426782,-0.015523775160153078,0.4294808897417328,False
box,0.25,2,1.7677669529663684,-1.7677669529663693,0.2,0.008039036729740308,-0.010478225586050485,0.41957660246691486,False
box,0.25,2,2.309698831278216,-0.956708580912726,0.2,0.0054397883474809556,-0.00213469962769799,0.4075137894834935,False
box,0.25,2,3.0,0.0,0.2,0.014082998963127797,0.002314001109307257,0.4329446798475136,False
box,0.25,2,2.77163859753386,1.1480502970952693,0.2,0.016375797731010437,0.008199245931839886,0.4480996286454498,False
box,0.25,2,2.121320343559643,2.121320343559643,0.2,0.011410627702378117,0.011944180474799653,0.4550854337524482,False
box,0.25,2,1.1480502970952695,2.77163859753386,0.2,0.007227364906278296,0.012946373982461252,0.44951261782288315,False
box,0.25,2,1.8369701987210297e-16,3.0,0.2,-0.0040794823209516695,0.017494793135427525,0.456883190504659,False
box,0.25,2,-1.1480502970952693,2.77163859753386,0.2,-0.007430955526848513,0.018061985380049522,0.4632450761340304,False
box,0.25,2,-2.1213203435596424,2.121320343559643,0.2,-0.014652879416910613,0.01679708945714181,0.4636851906884508,False
box,0.25,2,-2.77163859753386,1.1480502970952697,0.2,-0.012256955430173053,0.009618495757537327,0.43876796714927324,False
box,0.25,2,-3.0,3.6739403974420594e-16,0.2,-0.009665725263676924,0.00012131187806628574,0.4211149131477656,False
box,0.25,2,-2.7716385975338604,-1.148050297095269,0.2,-0.011029257901586601,-0.005098768633334003,0.42351504910285726,False
box,0.25,2,-2.121320343559643,-2.1213203435596424,0.2,-0.009731213256419494,-0.014090841018380554,0.44635483495169764,False
box,0.25,2,-1.148050297095271,-2.7716385975338595,0.2,-0.004737834292280954,-0.012807241700630774,0.4555962949661803,False
box,0.25,2,-5.51091059616309e-16,-3.0,0.2,0.0029391519889378206,-0.013692623757618965,0.46219649737422275,False
box,0.25,2,1.14805029709527,-2.77163859753386,0.2,0.00887832509776042,-0.018935945059273884,0.4769398868195509,False
box,0.25,2,2.121320343559642,-2.121320343559643,0.2,0.008519705551093987,-0.0165159096787165,0.4617849238196984,False
box,0.25,2,2.7716385975338595,-1.148050297095271,0.2,0.014972663108181782,-0.007189678459172472,0.4377415528315625,False
box,0.25,2,0.5,0.0,0.5,-0.0011616679701643706,-0.0037994086952700123,0.44700689927914794,False
box,0.25,2,0.46193976625564337,0.1913417161825449,0.5,-0.002182525716332724,-0.009247014354368623,0.444218551229699,False
box,0.25,2,0.3535533905932738,0.3535533905932738,0.5,-0.002623042411845607,-0.013018423833102893,0.44133664297450204,False
box,0.25,2,0.19134171618254492,0.46193976625564337,0.5,-0.0028542227292142415,-0.014882523017940023,0.4394475051898735,False
box,0.25,2,3.061616997868383e-17,0.5,0.5,-0.003038200546407799,-0.014570209806012202,0.43942696952549976,False
box,0.25,2,-0.19134171618254486,0.46193976625564337,0.5,-0.002095795373227148,-0.012144637887576628,0.4412602677071885,False
box,0.25,2,-0.35355339059327373,0.3535533905932738,0.5,-0.00026459167927156966,-0.00840189834687933,0.4433361256149351,False
box,0.25,2,-0.46193976625564337,0.19134171618254495,0.5,0.001630607779281902,-0.0035561635165824944,0.4448013515314387,False
box,0.25,2,-0.5,6.123233995736766e-17,0.5,0.003301127808814252,0.0012902490614611337,0.4454252298911764,False
box,0.25,2,-0.4619397662556434,-0.19134171618254484,0.5,0.003610697743028169,0.00699382375811117,0.44475426056767514,False
box,0.25,2,-0.35355339059327384,-0.35355339059327373,0.5,0.0032040229687174417,0.012391336600415692,0.44319765070827555,False
box,0.25,2,-0.19134171618254517,-0.46193976625564326,0.5,0.0027554742383317558,0.01604827740274637,0.4419665331958493,False
box,0.25,2,-9.184850993605148e-17,-0.5,0.5,0.002306617143112255,0.016734660742764307,0.4421239314668073,False
box,0.25,2,0.191341716182545,-0.4619397662556433,0.5,0.0017059920096675757,0.014451294782051703,0.44351287469801975,False
box,0.25,2,0.3535533905932737,-0.35355339059327384,0.5,0.0009477317637209579,0.009800196789475003,0.44574484657914243,False
box,0.25,2,0.46193976625564326,-0.1913417161825452,0.5,4.0380378522715006e-05,0.0033449679000370045,0.44738040865553175,False
box,0.25,2,1.0,0.0,0.5,-0.0033800755230264934,-0.006583130580709307,0.44715748996341087,False
box,0.25,2,0.9238795325112867,0.3826834323650898,0.5,-0.0035353993412572003,-0.01537816188561415,0.4394085484068804,False
box,0.25,2,0.7071067811865476,0.7071067811865476,0.5,-0.0039033268935230424,-0.021721879130751943,0.4322009898898292,False
box,0.25,2,0.38268343236508984,0.9238795325112867,0.5,-0.005913687070461988,-0.018151927827288708,0.4270902378397184,False
box,0.25,2,6.123233995736766e-17,1.0,0.5,-0.005202752057850702,-0.011048465335895654,0.427662011498837,False
box,0.25,2,-0.3826834323650897,0.9238795325112867,0.5,-0.00039423164526195735,-0.01924267690610002,0.4319942831848353,False
box,0.25,2,-0.7071067811865475,0.7071067811865476,0.5,0.0011597927613258877,-0.01808207317331338,0.4391392574907773,False
box,0.25,2,-0.9238795325112867,0.3826834323650899,0.5,0.003338258536373742,-0.006287990041116928,0.44316953277015236,False
box,0.25,2,-1.0,1.2246467991473532e-16,0.5,0.005938529658000734,0.003910215548921456,0.4420406779157823,False
box,0.25,2,-0.9238795325112868,-0.38268343236508967,0.5,0.005819340069973676,0.012557764204238632,0.4394886226418714,False
box,0.25,2,-0.7071067811865477,-0.7071067811865475,0.5,0.003486326617191324,0.022618997300106622,0.4335751192406353,False
box,0.25,2,-0.38268343236509034,-0.9238795325112865,0.5,0.0038387893662686677,0.021200826125365682,0.429115011679121,False
box,0.25,2,-1.8369701987210297e-16,-1.0,0.5,0.00314120633877224,0.022362819896274477,0.42926892852368514,False
box,0.25,2,0.38268343236509,-0.9238795325112866,0.5,0.0021568819716670552,0.022904268845668173,0.4343226348867103,False
box,0.25,2,0.7071067811865474,-0.7071067811865477,0.5,0.0001436328343625435,0.020663477086007458,0.4412466225935596,False
box,0.25,2,0.9238795325112865,-0.3826834323650904,0.5,-0.0019457344467634545,0.00918045686523274,0.4480603680925871,False
box,0.25,2,1.5,0.0,0.5,-0.00731969691249712,-0.003940300210457881,0.44594896834346553,False
box,0.25,2,1.38581929876693,0.5740251485476346,0.5,-0.002716179125731987,-0.0184592452848101,0.4371422666759055,False
box,0.25,2,1.0606601717798214,1.0606601717798214,0.5,-0.0012034043706239468,-0.017738613116745038,0.42928101095036164,False
box,0.25,2,0.5740251485476348,1.38581929876693,0.5,-0.014020007540163307,0.004815401804899868,0.43228255352039935,False
box,0.25,2,9.184850993605148e-17,1.5,0.5,-0.00011488344367366904,0.013151762805473477,0.4425817227191955,False
box,0.25,2,-0.5740251485476346,1.38581929876693,0.5,0.01177531283035634,-0.0031920876869052334,0.43319478727583316,False
box,0.25,2,-1.0606601717798212,1.0606601717798214,0.5,-0.00011908482606192469,-0.020967381510585793,0.4337716058708222,False
box,0.25,2,-1.38581929876693,0.5740251485476349,0.5,0.005563157917384788,-0.011839147415115277,0.44080772651087397,False
box,0.25,2,-1.5,1.8369701987210297e-16,0.5,0.006630803949919383,0.006869607994297805,0.4393697270521528,False
box,0.25,2,-1.3858192987669302,-0.5740251485476345,0.5,0.005882755127325288,0.01458990127404153,0.43507054385215016,False
box,0.25,2,-1.0606601717798214,-1.0606601717798212,0.5,0.0016319848612520852,0.017524316028432768,0.42933206555563475,False
box,0.25,2,-0.5740251485476355,-1.3858192987669298,0.5,0.0021865079044963973,0.002135100806815158,0.4361446532495281,False
box,0.25,2,-2.755455298081545e-16,-1.5,0.5,0.0003151344700910152,-0.0009622663253001089,0.44340145304313605,False
box,0.25,2,0.574025148547635,-1.38581929876693,0.5,0.0035005358983230075,0.002930861072239442,0.44925129110490775,False
box,0.25,2,1.060660171779821,-1.0606601717798214,0.5,-0.0011740038941097078,0.017934836966997512,0.4413168513379538,False
box,0.25,2,1.3858192987669298,-0.5740251485476355,0.5,-0.007779424441461097,0.0157164056189782,0.4451898749836566,False
box,0.25,2,2.0,0.0,0.5,-0.006905861908508504,0.00042921795304351473,0.4461948902852705,False
box,0.25,2,1.8477590650225735,0.7653668647301796,0.5,0.0068180277312997455,-0.009521649494615222,0.4443521547608246,False
box,0.25,2,1.4142135623730951,1.4142135623730951,0.5,0.014676388906268583,0.01485487079040581,0.45735261169385166,False
box,0.25,2,0.7653668647301797,1.8477590650225735,0.5,-0.0015539257386608571,0.02058495260851657,0.4616936925694871,False
box,0.25,2,1.2246467991473532e-16,2.0,0.5,0.00042912258850085806,0.002253561283135365,0.46273344904312874,False
box,0.25,2,-0.7653668647301795,1.8477590650225735,0.5,-3.239512068586381e-05,0.022506081006770352,0.465707927041087,False
box,0.25,2,-1.414213562373095,1.4142135623730951,0.5,-0.01321589090747538,0.006972393194081049,0.4552824498257594,False
box,0.25,2,-1.8477590650225735,0.7653668647301798,0.5,0.0007745253909189024,-0.007761328705257713,0.4420541491386918,False
box,0.25,2,-2.0,2.4492935982947064e-16,0.5,0.00581205049686362,0.005594929910512242,0.44036266348806175,False
box,0.25,2,-1.8477590650225737,-0.7653668647301793,0.5,-0.0018812591861710928,0.009023228249940804,0.4390005124453783,False
box,0.25,2,-1.4142135623730954,-1.414213562373095,0.5,-0.011153514060606155,-0.013451002209346658,0.45436546850963333,False
box,0.25,2,-0.7653668647301807,-1.847759065022573,0.5,-0.006600349614458266,-0.02790956548178095,0.4798826760483274,False
box,0.25,2,-3.6739403974420594e-16,-2.0,0.5,0.0046781976293838665,-0.033220791371596115,0.5018542649826968,False
box,0.25,2,0.76536686473018,-1.8477590650225733,0.5,0.010201127656855876,-0.03029799544318636,0.5074716548951926,False
box,0.25,2,1.4142135623730947,-1.4142135623730954,0.5,0.01255601046323353,-0.015685435044301668,0.47387989743164205,False
box,0.25,2,1.847759065022573,-0.7653668647301808,0.5,-0.0004659206761484611,0.006341047703299613,0.447293522066706,False
box,0.25,2,2.5,0.0,0.5,0.01357807840982378,0.0015600883298035884,0.4664972423912219,False
box,0.25,2,2.309698831278217,0.9567085809127245,0.5,0.026305914794566034,0.01172905214780086,0.47892750280024265,False
box,0.25,2,1.7677669529663689,1.7677669529663689,0.5,0.025288374339697075,0.0312654715531175,0.5044947151231367,False
box,0.25,2,0.9567085809127246,2.309698831278217,0.5,0.014897522025420742,0.030563265110603206,0.5111097555341987,False
box,0.25,2,1.5308084989341916e-16,2.5,0.5,-0.004401649654264314,0.03166925688050065,0.5109398042868459,False
box,0.25,2,-0.9567085809127243,2.309698831278217,0.5,-0.014387950861284611,0.03890900989053797,0.5176935567124658,False
box,0.25,2,-1.7677669529663687,1.7677669529663689,0.5,-0.024677176846598863,0.03193256535084971,0.501171743470023,False
box,0.25,2,-2.309698831278217,0.9567085809127247,0.5,-0.0180271960144619,0.012967760139823828,0.46813333114703815,False
box,0.25,2,-2.5,3.061616997868383e-16,0.5,-0.00781992110998192,0.0025764973997142726,0.454254708758422,False
box,0.25,2,-2.309698831278217,-0.9567085809127241,0.5,-0.01648064754263233,-0.006790259668813625,0.4656002703142764,False
box,0.25,2,-1.7677669529663693,-1.7677669529663687,0.5,-0.01771932787653095,-0.03120282871843302,0.4991939814741042,False
box,0.25,2,-0.9567085809127258,-2.309698831278216,0.5,-0.009918002861923344,-0.03493766085600027,0.5255524927492238,False
box,0.25,2,-4.592425496802574e-16,-2.5,0.5,0.003498063827129911,-0.033563653772843594,0.5283685420824106,False
box,0.25,2,0.956708580912725,-2.3096988312782165,0.5,0.015597016053427197,-0.039495367966450576,0.5517449935182139,False
box,0.25,2,1.7677669529663684,-1.7677669529663693,0.5,0.01812093828598039,-0.03582618497572172,0.5174960328350723,False
box,0.25,2,2.309698831278216,-0.956708580912726,0.5,0.01869244920574392,-0.011404566991410944,0.47640002033233136,False
box,0.25,2,3.0,0.0,0.5,0.04391457363517559,0.0066273360003800685,0.5204614094717082,False
box,0.25,2,2.77163859753386,1.1480502970952693,0.5,0.04805906030469108,0.025216837574227567,0.5400614451346895,False
box,0.25,2,2.121320343559643,2.121320343559643,0.5,0.03309872862729159,0.03199599230578588,0.5587273248181197,False
box,0.25,2,1.1480502970952695,2.77163859753386,0.5,0.02092350165656589,0.03723684890273593,0.5644373520918313,False
box,0.25,2,1.8369701987210297e-16,3.0,0.5,-0.0035065838789578594,0.0475496846031635,0.5695935347460981,False
box,0.25,2,-1.1480502970952693,2.77163859753386,0.5,-0.02157885053357646,0.0422802739637525,0.5753314527206257,False
box,0.25,2,-2.1213203435596424,2.121320343559643,0.5,-0.03897748141522045,0.04793928876067849,0.565917323098527,False
box,0.25,2,-2.77163859753386,1.1480502970952697,0.5,-0.03821103030362309,0.029761289311625434,0.5214444741672744,False
box,0.25,2,-3.0,3.6739403974420594e-16,0.5,-0.032240156274872867,0.0007326378424945644,0.4945851968258024,False
box,0.25,2,-2.7716385975338604,-1.148050297095269,0.5,-0.03366145916296696,-0.021692266700623623,0.5164404185706091,False
box,0.25,2,-2.121320343559643,-2.1213203435596424,0.5,-0.02620444655308987,-0.04131177746611893,0.5568736656404192,False
box,0.25,2,-1.148050297095271,-2.7716385975338595,0.5,-0.01220493805711265,-0.03784253244904797,0.5766622734532256,False
box,0.25,2,-5.51091059616309e-16,-3.0,0.5,0.0057012590752404235,-0.03421809748300597,0.5559065943657863,False
box,0.25,2,1.14805029709527,-2.77163859753386,0.5,0.024201140590092096,-0.04846140820166296,0.6009733583206475,False
box,0.25,2,2.121320343559642,-2.121320343559643,0.5,0.021956805441076064,-0.04987681059182699,0.5765600991249704,False
box,0.25,2,2.7716385975338595,-1.148050297095271,0.5,0.035865087139816336,-0.02019991916987308,0.5178278379804555,False
box,0.25,2,0.5,0.0,1.0,0.0019714030795188187,-0.00836839426759417,0.5145053179856522,False
box,0.25,2,0.46193976625564337,0.1913417161825449,1.0,0.00014584345136320128,-0.013449770931823129,0.513568388972404,False
box,0.25,2,0.3535533905932738,0.3535533905932738,1.0,-0.0007342711178581734,-0.01601430607710875,0.5136816198303176,False
box,0.25,2,0.19134171618254492,0.46193976625564337,1.0,-0.0020540142808556107,-0.017155507792952322,0.5133043138444554,False
box,0.25,2,3.061616997868383e-17,0.5,1.0,-0.004418080982716565,-0.016551328059198234,0.5124696914073692,False
box,0.25,2,-0.19134171618254486,0.46193976625564337,1.0,-0.004809797610407879,-0.013095342098567223,0.512721535197559,False
box,0.25,2,-0.35355339059327373,0.3535533905932738,1.0,-0.0026225700123923756,-0.008807278945362238,0.5123125439156058,False
box,0.25,2,-0.46193976625564337,0.19134171618254495,1.0,0.000479872055364691,-0.00403714538607648,0.5114029392089499,False
box,0.25,2,-0.5,6.123233995736766e-17,1.0,0.0037406540920117406,-0.00026135648870728826,0.5116012794600837,False
box,0.25,2,-0.4619397662556434,-0.19134171618254484,1.0,0.004154282074147338,0.005546233319720253,0.5142326425968882,False
box,0.25,2,-0.35355339059327384,-0.35355339059327373,1.0,0.0034897041043748765,0.011019525117885228,0.517248254968372,False
box,0.25,2,-0.19134171618254517,-0.46193976625564326,1.0,0.003453843484352201,0.014838465620591584,0.5191840809012251,False
box,0.25,2,-9.184850993605148e-17,-0.5,1.0,0.00396841318810781,0.015278727798247904,0.5198452858654228,False
box,0.25,2,0.191341716182545,-0.4619397662556433,1.0,0.0045368479351707005,0.012264627817049779,0.5198911257046963,False
box,0.25,2,0.3535533905932737,-0.35355339059327384,1.0,0.00470860262782336,0.007208333554430245,0.5188317821490815,False
box,0.25,2,0.46193976625564326,-0.1913417161825452,1.0,0.0040078545857926496,0.00018296791419769587,0.5167220465668882,False
box,0.25,2,1.0,0.0,1.0,0.002613470415971375,-0.013652533861403193,0.5254428533782027,False
box,0.25,2,0.9238795325112867,0.3826834323650898,1.0,0.003524277241964721,-0.014962084341240746,0.5267553424293083,False
box,0.25,2,0.7071067811865476,0.7071067811865476,1.0,0.004071714625713599,-0.011264613962961682,0.5345483202872559,False
box,0.25,2,0.38268343236508984,0.9238795325112867,1.0,0.0013155089050887782,0.0004856458432561739,0.5436940329250917,False
box,0.25,2,6.123233995736766e-17,1.0,1.0,-0.0045613825623711515,0.006064921806774093,0.5397977550977369,False
box,0.25,2,-0.3826834323650897,0.9238795325112867,1.0,-0.00625570222836022,-0.005478209006368494,0.5360276690971895,False
box,0.25,2,-0.7071067811865475,0.7071067811865476,1.0,-0.004734359834671238,-0.011759899197018222,0.5279465719265908,False
box,0.25,2,-0.9238795325112867,0.3826834323650899,1.0,-0.0013168399326528796,-0.0018994071890315264,0.5216919452762335,False
box,0.25,2,-1.0,1.2246467991473532e-16,1.0,0.003412358296848715,0.004840616307685286,0.5181349373083679,False
box,0.25,2,-0.9238795325112868,-0.38268343236508967,1.0,0.0027378491335681887,0.006964966448991564,0.5258349877030153,False
box,0.25,2,-0.7071067811865477,-0.7071067811865475,1.0,-0.001837531562758215,0.009390780043117742,0.5389285631400472,False
box,0.25,2,-0.38268343236509034,-0.9238795325112865,1.0,0.000723826238671804,-0.004782127490245505,0.556991696043414,False
box,0.25,2,-1.8369701987210297e-16,-1.0,1.0,0.005799120911930353,-0.01028086468202527,0.5625840236637594,False
box,0.25,2,0.38268343236509,-0.9238795325112866,1.0,0.009654137303164452,-0.0071147776370358564,0.5578924138761614,False
box,0.25,2,0.7071067811865474,-0.7071067811865477,1.0,0.00885324207754185,0.006947128616732486,0.541582206597144,False
box,0.25,2,0.9238795325112865,-0.3826834323650904,1.0,0.005568488372450031,0.0032932326521171985,0.5321611638656022,False
box,0.25,2,1.5,0.0,1.0,0.004888069343027435,-0.00710083695608299,0.5462806225359687,False
box,0.25,2,1.38581929876693,0.5740251485476346,1.0,0.016016630393434875,-0.002471178111788775,0.560941953225576,False
box,0.25,2,1.0606601717798214,1.0606601717798214,1.0,0.02308999252660683,0.0331435909868868,0.6041344410474785,False
box,0.25,2,0.5740251485476348,1.38581929876693,1.0,0.01593734315147493,0.04606942003091694,0.6184850794968029,False
box,0.25,2,9.184850993605148e-17,1.5,1.0,0.0007791980530951196,0.047999022825280575,0.5854059550774764,False
box,0.25,2,-0.5740251485476346,1.38581929876693,1.0,-0.01637756356039833,0.04596461897436706,0.6116461141416436,False
box,0.25,2,-1.0606601717798212,1.0606601717798214,1.0,-0.016180777984364656,0.021875636669888756,0.5799550877126992,False
box,0.25,2,-1.38581929876693,0.5740251485476349,1.0,-0.006256746542792694,-0.0008406233405956153,0.5461607057301474,False
box,0.25,2,-1.5,1.8369701987210297e-16,1.0,-0.005141997861509151,0.009685846935183148,0.5376035564981481,False
box,0.25,2,-1.3858192987669302,-0.5740251485476345,1.0,-0.007096103988051444,-0.004048030640356716,0.5561953782528597,False
box,0.25,2,-1.0606601717798214,-1.0606601717798212,1.0,-0.016754294154897296,-0.03555030043593999,0.6092040303021751,False
box,0.25,2,-0.5740251485476355,-1.3858192987669298,1.0,-0.010379564248235253,-0.07250766918649217,0.6509827766054098,False
box,0.25,2,-2.755455298081545e-16,-1.5,1.0,0.015784554876804732,-0.09908226350549208,0.6791529719260705,False
box,0.25,2,0.574025148547635,-1.38581929876693,1.0,0.02792381587745057,-0.09341122414026927,0.6709856624504225,False
box,0.25,2,1.060660171779821,-1.0606601717798214,1.0,0.021259994714248432,-0.04999211561681176,0.6166815503795889,False
box,0.25,2,1.3858192987669298,-0.5740251485476355,1.0,0.005721486156294544,-0.002160820271797951,0.5624192641271741,False
box,0.25,2,2.0,0.0,1.0,0.02917284102868367,9.01509746340512e-05,0.594164410364751,False
box,0.25,2,1.8477590650225735,0.7653668647301796,1.0,0.04707747930231325,0.03213390751031148,0.6310313357384639,False
box,0.25,2,1.4142135623730951,1.4142135623730951,1.0,0.04507816149853438,0.07588263022059058,0.7056630116964533,False
box,0.25,2,0.7653668647301797,1.8477590650225735,1.0,0.042862578894271856,0.07694857273897777,0.7013946621517333,False
box,0.25,2,1.2246467991473532e-16,2.0,1.0,-0.0011913317933339657,0.06461381848829306,0.6446542472485994,False
box,0.25,2,-0.7653668647301795,1.8477590650225735,1.0,-0.04612155646175568,0.07996350398229793,0.7094618927608508,False
box,0.25,2,-1.414213562373095,1.4142135623730951,1.0,-0.035309514602289566,0.08153231960697108,0.6795668623789637,False
box,0.25,2,-1.8477590650225735,0.7653668647301798,1.0,-0.03231982997139736,0.024627408428988567,0.6029299823819565,False
box,0.25,2,-2.0,2.4492935982947064e-16,1.0,-0.023173784511151038,0.0048540193436441585,0.5791502009189997,False
box,0.25,2,-1.8477590650225737,-0.7653668647301793,1.0,-0.03451917495279071,-0.031024035596035268,0.6176244599607043,False
box,0.25,2,-1.4142135623730954,-1.414213562373095,1.0,-0.03170595585851226,-0.08236129422008691,0.7052570764147785,False
box,0.25,2,-0.7653668647301807,-1.847759065022573,1.0,-0.011158388744128403,-0.09773396319590733,0.7522413530498128,False
box,0.25,2,-3.6739403974420594e-16,-2.0,1.0,0.01495737468795299,-0.08923911954941267,0.7830107692038104,False
box,0.25,2,0.76536686473018,-1.8477590650225733,1.0,0.032066941813818264,-0.10081323829114065,0.7864760355618526,False
box,0.25,2,1.4142135623730947,-1.4142135623730954,1.0,0.021647555752078596,-0.10094996724145944,0.7258824217503539,False
box,0.25,2,1.847759065022573,-0.7653668647301808,1.0,0.03716835854974741,-0.03605016177819034,0.6323950586082505,False
box,0.25,2,2.5,0.0,1.0,0.08663702822970043,0.00432721608432618,0.6868742137709918,False
box,0.25,2,2.309698831278217,0.9567085809127245,1.0,0.08495518542038767,0.06177581230660542,0.7206321246704692,False
box,0.25,2,1.7677669529663689,1.7677669529663689,1.0,0.06494867822706446,0.08078546364994826,0.7751256551211065,False
box,0.25,2,0.9567085809127246,2.309698831278217,1.0,0.04138232529530813,0.09642166141116028,0.7873912630375621,False
box,0.25,2,1.5308084989341916e-16,2.5,1.0,-0.00040159476371769636,0.1276517046666379,0.7720354215524491,False
box,0.25,2,-0.9567085809127243,2.309698831278217,1.0,-0.04564396869031619,0.10005529260259009,0.7872352535550173,False
box,0.25,2,-1.7677669529663687,1.7677669529663689,1.0,-0.05016561586927484,0.10053279722693542,0.7615589660278033,False
box,0.25,2,-2.309698831278217,0.9567085809127247,1.0,-0.07153198712613958,0.05844398366456408,0.6901210987744328,False
box,0.25,2,-2.5,3.061616997868383e-16,1.0,-0.06712986623206363,0.0003740686740984121,0.657131940557037,False
box,0.25,2,-2.309698831278217,-0.9567085809127241,1.0,-0.06753279381530808,-0.06259437166943412,0.7059908133077238,False
box,0.25,2,-1.7677669529663693,-1.7677669529663687,1.0,-0.04538494202636269,-0.09772907111793987,0.7785189201449487,False
box,0.25,2,-0.9567085809127258,-2.309698831278216,1.0,-0.019857867732270537,-0.09053669200559614,0.8121424258976628,False
box,0.25,2,-4.592425496802574e-16,-2.5,1.0,0.010020214230213232,-0.048311888069732425,0.815357579363331,False
box,0.25,2,0.956708580912725,-2.3096988312782165,1.0,0.03665724907740999,-0.07638778647244868,0.8415778013559428,False
box,0.25,2,1.7677669529663684,-1.7677669529663693,1.0,0.027163674176370115,-0.10966165122082083,0.7956827942586135,False
box,0.25,2,2.309698831278216,-0.956708580912726,1.0,0.0661629953945946,-0.05769265152096376,0.7192498662407639,False
box,0.25,2,3.0,0.0,1.0,0.12308178185266505,0.01578817853337422,0.7835798227749486,False
box,0.25,2,2.77163859753386,1.1480502970952693,1.0,0.11851766030231702,0.06783186785042819,0.8053391497764087,False
box,0.25,2,2.121320343559643,2.121320343559643,1.0,0.07719870595777227,0.07210365488385571,0.8316240703352911,False
box,0.25,2,1.1480502970952695,2.77163859753386,1.0,0.04374941187563601,0.09239633808504785,0.850859456478234,False
box,0.25,2,1.8369701987210297e-16,3.0,1.0,0.018722375488706464,0.103387943668501,0.8400005247609135,False
box,0.25,2,-1.1480502970952693,2.77163859753386,1.0,-0.04891124845150067,0.0703297106451666,0.8354818339221439,False
box,0.25,2,-2.1213203435596424,2.121320343559643,1.0,-0.07702785565837966,0.10839545303312133,0.8245121058593666,False
box,0.25,2,-2.77163859753386,1.1480502970952697,1.0,-0.1071035468802218,0.08060147254307347,0.7772562482932281,False
box,0.25,2,-3.0,3.6739403974420594e-16,1.0,-0.1054443342363286,0.0029136955101239097,0.7477390043795404,False
box,0.25,2,-2.7716385975338604,-1.148050297095269,1.0,-0.0914208745788411,-0.0798239121019713,0.7925893934125303,False
box,0.25,2,-2.121320343559643,-2.1213203435596424,1.0,-0.05562167255273025,-0.0961619520735003,0.8379014405594775,False
box,0.25,2,-1.148050297095271,-2.7716385975338595,1.0,-0.025863816258862676,-0.09221004822670723,0.8624937146858646,False
box,0.25,2,-5.51091059616309e-16,-3.0,1.0,0.0017342043336269642,-0.06586880461202017,0.8372620130390886,False
box,0.25,2,1.14805029709527,-2.77163859753386,1.0,0.04890615721801242,-0.08543463603273224,0.874750558724426,False
box,0.25,2,2.121320343559642,-2.121320343559643,1.0,0.04446292972374019,-0.11840591677823323,0.851460183615793,False
box,0.25,2,2.7716385975338595,-1.148050297095271,1.0,0.06066472442758479,-0.05175657139647907,0.7769224654163446,False
box,0.25,2,0.0,0.0,0.0,2.923102579927081e-18,7.097339477956152e-18,0.4288184669789025,True
box,0.5,0,0.5,0.0,0.0,0.6503164740620617,-0.00979838701247615,0.0,False
box,0.5,0,0.46193976625564337,0.1913417161825449,0.0,0.6485423645982364,-0.00987631987430013,0.0,False
box,0.5,0,0.3535533905932738,0.3535533905932738,0.0,0.6459077079064632,-0.009224647908036857,0.0,False
box,0.5,0,0.19134171618254492,0.46193976625564337,0.0,0.6428328661754462,-0.007681076279465822,-2.7604636268449264e-18,False
box,0.5,0,3.061616997868383e-17,0.5,0.0,0.6406547171325159,-0.005190552982026302,-1.3877787807814455e-17,False
box,0.5,0,-0.19134171618254486,0.46193976625564337,0.0,0.6410144311353588,-0.002615277489442984,1.0175873606500162e-17,False
box,0.5,0,-0.35355339059327373,0.3535533905932738,0.0,0.6430725760155929,-0.0010200160170751908,3.80968313015839e-17,False
box,0.5,0,-0.46193976625564337,0.19134171618254495,0.0,0.6455751927006981,-0.00023871306111548598,1.2936337233345097e-17,False
box,0.5,0,-0.5,6.123233995736766e-17,0.0,0.647750418565644,0.00024231510212535665,0.0,False
box,0.5,0,-0.4619397662556434,-0.19134171618254484,0.0,0.6495090093152892,0.000730025688863722,0.0,False
box,0.5,0,-0.35355339059327384,-0.35355339059327373,0.0,0.6506240395486655,0.0006553102282388932,2.6938527755069878e-17,False
box,0.5,0,-0.19134171618254517,-0.46193976625564326,0.0,0.6511729381022389,-0.0003326080041965511,6.651552706382645e-17,False
box,0.5,0,-9.184850993605148e-17,-0.5,0.0,0.6515720384927474,-0.002198915708825375,-2.7755575615628867e-17,False
box,0.5,0,0.191341716182545,-0.4619397662556433,0.0,0.6521475829248917,-0.004599184609294547,-5.5209272536898435e-18,False
box,0.5,0,0.3535533905932737,-0.35355339059327384,0.0,0.6522502574415876,-0.007033029731653607,0.0,False
box,0.5,0,0.46193976625564326,-0.1913417161825452,0.0,0.6516113067902868,-0.008858994216372281,0.0,False
box,0.5,0,1.0,0.0,0.0,0.6581799002199397,-0.012740656417697505,-4.440892098500626e-16,False
box,0.5,0,0.9238795325112867,0.3826834323650898,0.0,0.6566734609283601,-0.010922918322079698,0.0,False
box,0.5,0,0.7071067811865476,0.7071067811865476,0.0,0.6520064188498795,-0.011238776723306561,0.0,False
box,0.5,0,0.38268343236508984,0.9238795325112867,0.0,0.6409977892332078,-0.009219548311124232,0.0,False
box,0.5,0,6.123233995736766e-17,1.0,0.0,0.631768723244552,-0.0009882630944314465,0.0,False
box,0.5,0,-0.3826834323650897,0.9238795325112867,0.0,0.6362045408925697,0.005640127810936242,-3.623581423572899e-17,False
box,0.5,0,-0.7071067811865475,0.7071067811865476,0.0,0.645066477245805,0.005226865802321355,0.0,False
box,0.5,0,-0.9238795325112867,0.3826834323650899,0.0,0.6519304316976069,0.003898250375087931,0.0,False
box,0.5,0,-1.0,1.2246467991473532e-16,0.0,0.6560725833429142,0.004973086995576636,0.0,False
box,0.5,0,-0.9238795325112868,-0.38268343236508967,0.0,0.6588052033162162,0.007761973708814868,0.0,False
box,0.5,0,-0.7071067811865477,-0.7071067811865475,0.0,0.6590241099716985,0.009150438486446177,0.0,False
box,0.5,0,-0.38268343236509034,-0.9238795325112865,0.0,0.6580816894240555,0.007839282496721535,3.623581423572876e-17,False
box,0.5,0,-1.8369701987210297e-16,-1.0,0.0,0.657787602822473,0.0035885329716887934,1.387778780781453e-17,False
box,0.5,0,0.38268343236509,-0.9238795325112866,0.0,0.660295811009086,-0.003226107617392753,0.0,False
box,0.5,0,0.7071067811865474,-0.7071067811865477,0.0,0.6614506733210042,-0.010264136407955616,0.0,False
box,0.5,0,0.9238795325112865,-0.3826834323650904,0.0,0.6604825410674036,-0.013596432649918394,0.0,False
box,0.5,0,1.5,0.0,0.0,0.6725838582812371,-0.01501231464249364,0.0,False
box,0.5,0,1.38581929876693,0.5740251485476346,0.0,0.6730062341066609,-0.0027540722357566488,0.0,False
box,0.5,0,1.0606601717798214,1.0606601717798214,0.0,0.6731867331254574,-0.002110567711569136,0.0,False
box,0.5,0,0.5740251485476348,1.38581929876693,0.0,0.6466302584890932,-0.005182772503967495,0.0,False
box,0.5,0,9.184850993605148e-17,1.5,0.0,0.6178756497134259,0.006468193929128034,-1.3877787807814412e-17,False
box,0.5,0,-0.5740251485476346,1.38581929876693,0.0,0.6389657778129586,0.014732662936838427,0.0,False
box,0.5,0,-1.0606601717798212,1.0606601717798214,0.0,0.6607505495183268,0.0054125691713812,0.0,False
box,0.5,0,-1.38581929876693,0.5740251485476349,0.0,0.6681456800470034,0.0026365097318293397,-1.6982526265163433e-16,False
box,0.5,0,-1.5,1.8369701987210297e-16,0.0,0.67321835925407,0.009222200957096801,0.0,False
box,0.5,0,-1.3858192987669302,-0.5740251485476345,0.0,0.6776509312178529,0.01952825750643709,0.0,False
box,0.5,0,-1.0606601717798214,-1.0606601717798212,0.0,0.6771635165680068,0.02647298217496993,2.5472651934739173e-16,False
box,0.5,0,-0.5740251485476355,-1.3858192987669298,0.0,0.6707913875919405,0.0227274084877762,0.0,False
box,0.5,0,-2.755455298081545e-16,-1.5,0.0,0.6665925161068436,0.011501817534243647,-1.3877787807814318e-17,False
box,0.5,0,0.574025148547635,-1.38581929876693,0.0,0.6774579277141429,-0.006634940316110408,0.0,False
box,0.5,0,1.060660171779821,-1.0606601717798214,0.0,0.6829697121367475,-0.023961873312987353,0.0,False
box,0.5,0,1.3858192987669298,-0.5740251485476355,0.0,0.6793219221149549,-0.025542314195087172,0.0,False
box,0.5,0,2.0,0.0,0.0,0.7068089629260088,-0.020781444985343178,0.0,False
box,0.5,0,1.8477590650225735,0.7653668647301796,0.0,0.7051099672256389,0.02132030783391736,0.0,False
box,0.5,0,1.4142135623730951,1.4142135623730951,0.0,0.7189271785133057,0.03807621990025014,0.0,False
box,0.5,0,0.7653668647301797,1.8477590650225735,0.0,0.6789631297092448,0.024966655585387028,0.0,False
box,0.5,0,1.2246467991473532e-16,2.0,0.0,0.6149527333447715,0.006583772512751937,1.3877787807814397e-17,False
box,0.5,0,-0.7653668647301795,1.8477590650225735,0.0,0.6659792919489875,-0.004955539950448611,0.0,False
box,0.5,0,-1.414213562373095,1.4142135623730951,0.0,0.7003898489087959,-0.02180407694560411,0.0,False
box,0.5,0,-1.8477590650225735,0.7653668647301798,0.0,0.7013418927841396,-0.010713484939758667,0.0,False
box,0.5,0,-2.0,2.4492935982947064e-16,0.0,0.7077353550005374,0.014054107690379505,0.0,False
box,0.5,0,-1.8477590650225737,-0.7653668647301793,0.0,0.7142950988361481,0.04146519510782176,0.0,False
box,0.5,0,-1.4142135623730954,-1.414213562373095,0.0,0.7125725856030303,0.061647945651267196,0.0,False
box,0.5,0,-0.7653668647301807,-1.847759065022573,0.0,0.6981695663623522,0.04170944192251527,0.0,False
box,0.5,0,-3.6739403974420594e-16,-2.0,0.0,0.6819886834786077,0.007223163553380511,1.6023737137301802e-31,False
box,0.5,0,0.76536686473018,-1.8477590650225733,0.0,0.7176666164971501,-0.025278709536681744,-1.43528565383203e-16,False
box,0.5,0,1.4142135623730947,-1.4142135623730954,0.0,0.7342294452301273,-0.06740011783563495,0.0,False
box,0.5,0,1.847759065022573,-0.7653668647301808,0.0,0.7273125832397409,-0.05702761966389065,0.0,False
box,0.5,0,2.5,0.0,0.0,0.7878063315499455,-0.036374317720458293,0.0,False
box,0.5,0,2.309698831278217,0.9567085809127245,0.0,0.7676472442865286,0.06503467928364622,-5.590107510402152e-16,False
box,0.5,0,1.7677669529663689,1.7677669529663689,0.0,0.7754105659289726,0.09911510808315935,0.0,False
box,0.5,0,0.9567085809127246,2.309698831278217,0.0,0.7408848338099596,0.07945058984485032,0.0,False
box,0.5,0,1.5308084989341916e-16,2.5,0.0,0.6503094727681414,-0.0022760702562505284,1.3877787807814448e-17,False
box,0.5,0,-0.9567085809127243,2.309698831278217,0.0,0.717026537255773,-0.06327827886673744,0.0,False
box,0.5,0,-1.7677669529663687,1.7677669529663689,0.0,0.7548336867495018,-0.07209375254417932,0.0,False
box,0.5,0,-2.309698831278217,0.9567085809127247,0.0,0.7662288243961014,-0.04187659807894701,1.1707481416938485e-16,False
box,0.5,0,-2.5,3.061616997868383e-16,0.0,0.7769446383392631,0.018538264503539882,0.0,False
box,0.5,0,-2.309698831278217,-0.9567085809127241,0.0,0.776077018509889,0.07529332678246192,0.0,False
box,0.5,0,-1.7677669529663693,-1.7677669529663687,0.0,0.7603004454995792,0.1019700787363361,0.0,False
box,0.5,0,-0.9567085809127258,-2.309698831278216,0.0,0.7417573290432297,0.04862567075257313,0.0,False
box,0.5,0,-4.592425496802574e-16,-2.5,0.0,0.6933411811322112,-0.006528025290987871,1.387778780781443e-17,False
box,0.5,0,0.956708580912725,-2.3096988312782165,0.0,0.7679503869640427,-0.03175597852592593,0.0,False
box,0.5,0,1.7677669529663684,-1.7677669529663693,0.0,0.797476086608921,-0.10921740957500937,0.0,False
box,0.5,0,2.309698831278216,-0.956708580912726,0.0,0.8199352593324979,-0.11219453541909787,0.0,False
box,0.5,0,3.0,0.0,0.0,0.9063237335362255,-0.0589282836058409,0.0,False
box,0.5,0,2.77163859753386,1.1480502970952693,0.0,0.8585985746876404,0.11305000373109667,0.0,False
box,0.5,0,2.121320343559643,2.121320343559643,0.0,0.8250525494710589,0.14115736143161892,0.0,False
box,0.5,0,1.1480502970952695,2.77163859753386,0.0,0.7894316626979881,0.10369207905465971,0.0,False
box,0.5,0,1.8369701987210297e-16,3.0,0.0,0.7255991904902735,-0.0027542586941433004,8.157786440681346e-32,False
box,0.5,0,-1.1480502970952693,2.77163859753386,0.0,0.739869012868936,-0.09053562883350957,2.2762952721769617e-17,False
box,0.5,0,-2.1213203435596424,2.121320343559643,0.0,0.8110507119634456,-0.10548247584544312,0.0,False
box,0.5,0,-2.77163859753386,1.1480502970952697,0.0,0.8578396383483853,-0.07641007073789524,0.0,False
box,0.5,0,-3.0,3.6739403974420594e-16,0.0,0.8746818829356854,0.012620534592400614,0.0,False
box,0.5,0,-2.7716385975338604,-1.148050297095269,0.0,0.8453095136070825,0.10989623303852576,0.0,False
box,0.5,0,-2.121320343559643,-2.1213203435596424,0.0,0.8132752894606409,0.1256875415351156,0.0,False
box,0.5,0,-1.148050297095271,-2.7716385975338595,0.0,0.7921336651132658,0.05585774092136084,0.0,False
box,0.5,0,-5.51091059616309e-16,-3.0,0.0,0.6999947591160698,-0.012604892779522172,0.0,False
box,0.5,0,1.14805029709527,-2.77163859753386,0.0,0.8118677728922754,-0.03315847473953849,0.0,False
box,0.5,0,2.121320343559642,-2.121320343559643,0.0,0.8342302039506754,-0.10695493738150369,0.0,False
box,0.5,0,2.7716385975338595,-1.148050297095271,0.0,0.8750671266067861,-0.12862635310180032,-3.308482680542149e-16,False
box,0.5,0,0.5,0.0,0.2,0.6501382517280239,-0.009900595298525517,-0.0006617513708430334,False
box,0.5,0,0.46193976625564337,0.1913417161825449,0.2,0.6483861941899614,-0.009995865445776738,-0.0008033086583996555,False
box,0.5,0,0.3535533905932738,0.3535533905932738,0.2,0.6457612011721134,-0.00936324843689254,-0.0008544365515173004,False
box,0.5,0,0.19134171618254492,0.46193976625564337,0.2,0.6426753693892424,-0.007829054228028001,-0.0007858158667219715,False
box,0.5,0,3.061616997868383e-17,0.5,0.2,0.6404723677847479,-0.005331135709957508,-0.0005579759995084143,False
box,0.5,0,-0.19134171618254486,0.46193976625564337,0.2,0.6408116134797341,-0.002743424733136724,-0.00017166523274303485,False
box,0.5,0,-0.35355339059327373,0.3535533905932738,0.2,0.6428601393260345,-0.0011475409067150796,0.00026837505092755645,False
box,0.5,0,-0.46193976625564337,0.19134171618254495,0.2,0.6453598836606357,-0.0003708518327804821,0.0006744696611460968,False
box,0.5,0,-0.5,6.123233995736766e-17,0.2,0.6475364965957237,0.00011381230993832145,0.0009847379901176013,False
box,0.5,0,-0.4619397662556434,-0.19134171618254484,0.2,0.6493007186880291,0.0006184046286807683,0.001125364054643819,False
box,0.5,0,-0.35355339059327384,-0.35355339059327373,0.2,0.6504242412222498,0.0005605165057845452,0.001080343282575825,False
box,0.5,0,-0.19134171618254517,-0.46193976625564326,0.2,0.6509798809885713,-0.0004186807964208615,0.0008909446644146401,False
box,0.5,0,-9.184850993605148e-17,-0.5,0.2,0.6513830140593416,-0.002284756226277592,0.0006023921808552575,False
box,0.5,0,0.191341716182545,-0.4619397662556433,0.2,0.6519537624851415,-0.004686394030221492,0.00025033652927416083,False
box,0.5,0,0.3535533905932737,-0.35355339059327384,0.2,0.652049692643619,-0.00712172378444156,-0.00012005223524791216,False
box,0.5,0,0.46193976625564326,-0.1913417161825452,0.2,0.6514146697820298,-0.008951126332552593,-0.000436448097584308,False
box,0.5,0,1.0,0.0,0.2,0.6579400980786219,-0.012752100400289379,-0.0015637740474343075,False
box,0.5,0,0.9238795325112867,0.3826834323650898,0.2,0.6565455726619623,-0.010965025335058474,-0.0015309812706661876,False
box,0.5,0,0.7071067811865476,0.7071067811865476,0.2,0.6519493919701893,-0.011366126838863927,-0.0016112419010068941,False
box,0.5,0,0.38268343236508984,0.9238795325112867,0.2,0.6408591854056183,-0.009378995036231567,-0.0016749224018049729,False
box,0.5,0,6.123233995736766e-17,1.0,0.2,0.6314967192776965,-0.0010277729521583306,-0.001054321467401209,False
box,0.5,0,-0.3826834323650897,0.9238795325112867,0.2,0.6359500017142958,0.005667985567992716,-8.670584959900052e-05,False
box,0.5,0,-0.7071067811865475,0.7071067811865476,0.2,0.64483901182913,0.005171820361337192,0.0006459065658267593,False
box,0.5,0,-0.9238795325112867,0.3826834323650899,0.2,0.6517069877285995,0.0037843798158343146,0.001381653402685507,False
box,0.5,0,-1.0,1.2246467991473532e-16,0.2,0.65586045077719,0.004861419479123041,0.0019613572939909396,False
box,0.5,0,-0.9238795325112868,-0.38268343236508967,0.2,0.658617904864602,0.007707842039512765,0.0021242694911011973,False
box,0.5,0,-0.7071067811865477,-0.7071067811865475,0.2,0.658855259140046,0.009153930974739434,0.001868788236586722,False
box,0.5,0,-0.38268343236509034,-0.9238795325112865,0.2,0.6579258891352939,0.007863299545308785,0.0013693511850329308,False
box,0.5,0,-1.8369701987210297e-16,-1.0,0.2,0.6576215524360256,0.0035778976425470343,0.0008508323505030867,False
box,0.5,0,0.38268343236509,-0.9238795325112866,0.2,0.6600835610134206,-0.0032833888230357376,0.0001972096703402594,False
box,0.5,0,0.7071067811865474,-0.7071067811865477,0.2,0.6611702040888437,-0.01032566204056149,-0.0006217499526405072,False
box,0.5,0,0.9238795325112865,-0.3826834323650904,0.2,0.6601840326844126,-0.013625611434771196,-0.0013269039316696533,False
box,0.5,0,1.5,0.0,0.2,0.6723642968673886,-0.014880460319485466,-0.0026977832081245268,False
box,0.5,0,1.38581929876693,0.5740251485476346,0.2,0.6730244901267028,-0.0025701151795570814,-0.0017199122696856758,False
box,0.5,0,1.0606601717798214,1.0606601717798214,0.2,0.6734333131397472,-0.0020386787395429524,-0.0015247898010996416,False
box,0.5,0,0.5740251485476348,1.38581929876693,0.2,0.6466065101696483,-0.005256234920895505,-0.0024548228141957583,False
box,0.5,0,9.184850993605148e-17,1.5,0.2,0.6173587806046428,0.006595326875534482,-0.0007904511364894761,False
box,0.5,0,-0.5740251485476346,1.38581929876693,0.2,0.6388199123911489,0.014924069382452648,0.0008949582178484674,False
box,0.5,0,-1.0606601717798212,1.0606601717798214,0.2,0.6607111576853717,0.005295912229816886,0.0009500174792615915,False
box,0.5,0,-1.38581929876693,0.5740251485476349,0.2,0.6680209653344354,0.002468004376708155,0.0019333901078328786,False
box,0.5,0,-1.5,1.8369701987210297e-16,0.2,0.6731037425360392,0.009150005862962902,0.0027496848427769113,False
box,0.5,0,-1.3858192987669302,-0.5740251485476345,0.2,0.677627552415289,0.019639395636447076,0.002612812554310961,False
box,0.5,0,-1.0606601717798214,-1.0606601717798212,0.2,0.6771909594495764,0.026777835464003197,0.0017296199169911286,False
box,0.5,0,-0.5740251485476355,-1.3858192987669298,0.2,0.6708054040730242,0.02304483558331483,0.0008735233302361126,False
box,0.5,0,-2.755455298081545e-16,-1.5,0.2,0.6665680771322798,0.011588106898127757,0.0006458456663759966,False
box,0.5,0,0.574025148547635,-1.38581929876693,0.2,0.6773805157614476,-0.006867004704471287,0.00036813619216910585,False
box,0.5,0,1.060660171779821,-1.0606601717798214,0.2,0.682741768300947,-0.024242990935503268,-0.0011187534590730974,False
box,0.5,0,1.3858192987669298,-0.5740251485476355,0.2,0.67902625159063,-0.025598431561299363,-0.0026567876326712312,False
box,0.5,0,2.0,0.0,0.2,0.7071123202571993,-0.020526773267161947,-0.002859530202552918,False
box,0.5,0,1.8477590650225735,0.7653668647301796,0.2,0.7056709070556578,0.02198876345073777,-2.48441317197621e-05,False
box,0.5,0,1.4142135623730951,1.4142135623730951,0.2,0.7198237067343489,0.03879417136292258,0.0015784133631269294,False
box,0.5,0,0.7653668647301797,1.8477590650225735,0.2,0.6795023327899542,0.025397090498486898,-0.0015087095979444529,False
box,0.5,0,1.2246467991473532e-16,2.0,0.2,0.6144332104398008,0.006662279825307567,-0.00019219225696531837,False
box,0.5,0,-0.7653668647301795,1.8477590650225735,0.2,0.666467405524567,-0.005240271810445735,0.0008619229723704102,False
box,0.5,0,-1.414213562373095,1.4142135623730951,0.2,0.7009739932951042,-0.02256558687501091,-0.0011261999895119828,False
box,0.5,0,-1.8477590650225735,0.7653668647301798,0.2,0.7016508595253224,-0.011201018595689853,0.0012423344108946452,False
box,0.5,0,-2.0,2.4492935982947064e-16,0.2,0.708032123313763,0.0140628564083788,0.0025361270308486895,False
box,0.5,0,-1.8477590650225737,-0.7653668647301793,0.2,0.7147642194756294,0.04195184146636105,0.001351715313411441,False
box,0.5,0,-1.4142135623730954,-1.414213562373095,0.2,0.7130546517879626,0.06250704664566373,-0.0010241542333264495,False
box,0.5,0,-0.7653668647301807,-1.847759065022573,0.2,0.6985443078409959,0.04230510347622478,-0.001613502252158422,False
box,0.5,0,-3.6739403974420594e-16,-2.0,0.2,0.6823731147495663,0.007187037901334917,0.0004226247964248629,False
box,0.5,0,0.76536686473018,-1.8477590650225733,0.2,0.7181047652401895,-0.025982235202264795,0.0027522996821039048,False
box,0.5,0,1.4142135623730947,-1.4142135623730954,0.2,0.734587283643713,-0.06849170465255851,0.0011247713793887772,False
box,0.5,0,1.847759065022573,-0.7653668647301808,0.2,0.7276438354965239,-0.05750505435279729,-0.0026445093499441975,False
box,0.5,0,2.5,0.0,0.2,0.7895402771166218,-0.03610952284914131,0.0015283397175021919,False
box,0.5,0,2.309698831278217,0.9567085809127245,0.2,0.7692540461815945,0.06628336851015453,0.0062558931317501796,False
box,0.5,0,1.7677669529663689,1.7677669529663689,0.2,0.7767019605577477,0.10010971761202087,0.008438782103352535,False
box,0.5,0,0.9567085809127246,2.309698831278217,0.2,0.7419951188180569,0.08024788757908163,0.0031834412459203253,False
box,0.5,0,1.5308084989341916e-16,2.5,0.2,0.6503470238059067,-0.002348695153908361,-0.00018901901086310337,False
box,0.5,0,-0.9567085809127243,2.309698831278217,0.2,0.7182095738319215,-0.06409833281956748,-0.003650405774809671,False
box,0.5,0,-1.7677669529663687,1.7677669529663689,0.2,0.756004182081882,-0.07345006757508207,-0.007852762248129199,False
box,0.5,0,-2.309698831278217,0.9567085809127247,0.2,0.7675054442936355,-0.04300164160894915,-0.003436606216200646,False
box,0.5,0,-2.5,3.061616997868383e-16,0.2,0.7782751119060654,0.01863354182249706,-0.0009839170719212476,False
box,0.5,0,-2.309698831278217,-0.9567085809127241,0.2,0.7773469973053988,0.0762158231938667,-0.00363112193979864,False
box,0.5,0,-1.7677669529663693,-1.7677669529663687,0.2,0.7611429823223771,0.10298350935090003,-0.00660042685726933,False
box,0.5,0,-0.9567085809127258,-2.309698831278216,0.2,0.7424043928640894,0.04901756307714712,-0.004821372710695274,False
box,0.5,0,-4.592425496802574e-16,-2.5,0.2,0.6940389938156678,-0.006650308930822975,0.0009019744931685056,False
box,0.5,0,0.956708580912725,-2.3096988312782165,0.2,0.768735921416619,-0.03241398897215543,0.007069518326541079,False
box,0.5,0,1.7677669529663684,-1.7677669529663693,0.2,0.798245584106439,-0.11051498569278587,0.007510711040884025,False
box,0.5,0,2.309698831278216,-0.956708580912726,0.2,0.8215302269896945,-0.11335306773629959,0.0030480804385626436,False
box,0.5,0,3.0,0.0,0.2,0.9092069373293715,-0.05859980043469318,0.01305117293933833,False
box,0.5,0,2.77163859753386,1.1480502970952693,0.2,0.8609855799955225,0.11423328314979636,0.0173583157158903,False
box,0.5,0,2.121320343559643,2.121320343559643,0.2,0.8263132659510681,0.14164115307313369,0.014958153859433467,False
box,0.5,0,1.1480502970952695,2.77163859753386,0.2,0.7904359404848181,0.1040698093706458,0.007810958277879842,False
box,0.5,0,1.8369701987210297e-16,3.0,0.2,0.726176988226958,-0.00284719677896022,-0.0006331240311944587,False
box,0.5,0,-1.1480502970952693,2.77163859753386,0.2,0.7410927928713882,-0.090911956369711,-0.008607632055386878,False
box,0.5,0,-2.1213203435596424,2.121320343559643,0.2,0.8123523548169584,-0.10657276350726336,-0.01600614341155025,False
box,0.5,0,-2.77163859753386,1.1480502970952697,0.2,0.8599189755834689,-0.07783042134080143,-0.013277935689757665,False
box,0.5,0,-3.0,3.6739403974420594e-16,0.2,0.8769934959156703,0.012680789012833284,-0.009897842046212803,False
box,0.5,0,-2.7716385975338604,-1.148050297095269,0.2,0.847124884922376,0.11082129842026113,-0.012161799022763617,False
box,0.5,0,-2.121320343559643,-2.1213203435596424,0.2,0.8142127835507698,0.1263197046854642,-0.012234845228906936,False
box,0.5,0,-1.148050297095271,-2.7716385975338595,0.2,0.7928726767553532,0.05602360813754814,-0.007132319467342545,False
box,0.5,0,-5.51091059616309e-16,-3.0,0.2,0.7008518940571719,-0.012655508026563726,0.0013263886264334014,False
box,0.5,0,1.14805029709527,-2.77163859753386,0.2,0.8127083230708668,-0.03368301551674277,0.010923983003635944,False
box,0.5,0,2.121320343559642,-2.121320343559643,0.2,0.8350001976081652,-0.10773464773492024,0.013170965138281053,False
box,0.5,0,2.7716385975338595,-1.148050297095271,0.2,0.8768309251098406,-0.12947281680247516,0.012800662995893873,False
box,0.5,0,0.5,0.0,0.5,0.6493867880201112,-0.010375110844066615,-0.0012945563752368994,False
box,0.5,0,0.46193976625564337,0.1913417161825449,0.5,0.6477398316078535,-0.010541851100157661,-0.0016532858079301065,False
box,0.5,0,0.3535533905932738,0.3535533905932738,0.5,0.6451624260399849,-0.00999295513047818,-0.0018320373463735018,False
box,0.5,0,0.19134171618254492,0.46193976625564337,0.5,0.6420256579215189,-0.008506663285488304,-0.0017666823535539135,False
box,0.5,0,3.061616997868383e-17,0.5,0.5,0.6397033742069033,-0.005985927226787563,-0.0013403454603946735,False
box,0.5,0,-0.19134171618254486,0.46193976625564337,0.5,0.6399419338899174,-0.0033516221258199624,-0.0005154844978196235,False
box,0.5,0,-0.35355339059327373,0.3535533905932738,0.5,0.6419408619469535,-0.0017578940370614608,0.00047610720179724225,False
box,0.5,0,-0.46193976625564337,0.19134171618254495,0.5,0.64442398438036,-0.000999526218292713,0.0014299701384043434,False
box,0.5,0,-0.5,6.123233995736766e-17,0.5,0.6466056073380133,-0.0004889916558109553,0.002185111917416105,False
box,0.5,0,-0.4619397662556434,-0.19134171618254484,0.5,0.6483973265699543,0.0001043622640352107,0.002544368731400404,False
box,0.5,0,-0.35355339059327384,-0.35355339059327373,0.5,0.6495622652960843,0.00013010820041722934,0.002479822126514431,False
box,0.5,0,-0.19134171618254517,-0.46193976625564326,0.5,0.6501508823121305,-0.0008110458298647602,0.0021009316657168847,False
box,0.5,0,-9.184850993605148e-17,-0.5,0.5,0.6505751623433922,-0.002683997869303011,0.0015058208649954279,False
box,0.5,0,0.191341716182545,-0.4619397662556433,0.5,0.6511270734286642,-0.005099625916238359,0.0007630387243044467,False
box,0.5,0,0.3535533905932737,-0.35355339059327384,0.5,0.6511933263862526,-0.007544622682326819,-4.515208359869602e-05,False
box,0.5,0,0.46193976625564326,-0.1913417161825452,0.5,0.6505770636495815,-0.009386403606107773,-0.0007610920631770663,False
box,0.5,0,1.0,0.0,0.5,0.6569337604553329,-0.012798874539176497,-0.0031203186992274645,False
box,0.5,0,0.9238795325112867,0.3826834323650898,0.5,0.6560682104610597,-0.01111283022199945,-0.00301736131093295,False
box,0.5,0,0.7071067811865476,0.7071067811865476,0.5,0.6518088886711524,-0.011878913178008765,-0.003262300773321336,False
box,0.5,0,0.38268343236508984,0.9238795325112867,0.5,0.6403517880471651,-0.010051161838139241,-0.0036271117477432485,False
box,0.5,0,6.123233995736766e-17,1.0,0.5,0.6303607692344884,-0.001193294997298493,-0.002519961351193423,False
box,0.5,0,-0.3826834323650897,0.9238795325112867,0.5,0.6348773547040935,0.005761185101800735,-0.0005327045334988479,False
box,0.5,0,-0.7071067811865475,0.7071067811865476,0.5,0.6438743638715758,0.004860828620620573,0.00107234187333017,False
box,0.5,0,-0.9238795325112867,0.3826834323650899,0.5,0.6507648296291758,0.0032199703880483313,0.002817135946945207,False
box,0.5,0,-1.0,1.2246467991473532e-16,0.5,0.6549769762157067,0.004340614832238909,0.004237504374380752,False
box,0.5,0,-0.9238795325112868,-0.38268343236508967,0.5,0.6578544755042803,0.007492846909685392,0.0046320426185128966,False
box,0.5,0,-0.7071067811865477,-0.7071067811865475,0.5,0.6581761642080931,0.009228192208444855,0.00407163217919461,False
box,0.5,0,-0.38268343236509034,-0.9238795325112865,0.5,0.6573108510121233,0.008016955115720642,0.0030411352001616606,False
box,0.5,0,-1.8369701987210297e-16,-1.0,0.5,0.6569592647364524,0.0035238068861021712,0.002111587398919965,False
box,0.5,0,0.38268343236509,-0.9238795325112866,0.5,0.6592072971840092,-0.0035940576162204045,0.0008576378571396739,False
box,0.5,0,0.7071067811865474,-0.7071067811865477,0.5,0.6599718443986891,-0.010660260215788697,-0.0009343341450210801,False
box,0.5,0,0.9238795325112865,-0.3826834323650904,0.5,0.6589023164919732,-0.013789052717033956,-0.0025638154347530006,False
box,0.5,0,1.5,0.0,0.5,0.6715596916393194,-0.014251390284177656,-0.005258422584109024,False
box,0.5,0,1.38581929876693,0.5740251485476346,0.5,0.6733334504730415,-0.0015907042217812536,-0.0027290144220452487,False
box,0.5,0,1.0606601717798214,1.0606601717798214,0.5,0.6747955248409738,-0.0014794406189660649,-0.0021299299104520996,False
box,0.5,0,0.5740251485476348,1.38581929876693,0.5,0.6467543294605604,-0.005402647911673152,-0.004713548226085559,False
box,0.5,0,9.184850993605148e-17,1.5,0.5,0.6151980391016277,0.007201996503185472,-0.0017766744236993879,False
box,0.5,0,-0.5740251485476346,1.38581929876693,0.5,0.6383551871647767,0.015658335630960765,0.0012958853431077287,False
box,0.5,0,-1.0606601717798212,1.0606601717798214,0.5,0.6606958790376618,0.004587459934724503,0.0011496605510999914,False
box,0.5,0,-1.38581929876693,0.5740251485476349,0.5,0.6676262296862852,0.0016054489659760858,0.003561988739214956,False
box,0.5,0,-1.5,1.8369701987210297e-16,0.5,0.6727705253895478,0.008824044280509643,0.005552891986096763,False
box,0.5,0,-1.3858192987669302,-0.5740251485476345,0.5,0.6777307813913648,0.02026076854303119,0.005121004486148347,False
box,0.5,0,-1.0606601717798214,-1.0606601717798212,0.5,0.6775219721039529,0.028353850986763976,0.002968564094555057,False
box,0.5,0,-0.5740251485476355,-1.3858192987669298,0.5,0.6710743646719652,0.024614919322928083,0.0013004615453037906,False
box,0.5,0,-2.755455298081545e-16,-1.5,0.5,0.6666635859450668,0.011935139420710776,0.0016929755741192233,False
box,0.5,0,0.574025148547635,-1.38581929876693,0.5,0.6772186130598592,-0.008110414474116812,0.0018901838145200867,False
box,0.5,0,1.060660171779821,-1.0606601717798214,0.5,0.6818781481698222,-0.025716333417976495,-0.0014247518601729426,False
box,0.5,0,1.3858192987669298,-0.5740251485476355,0.5,0.6778599549187239,-0.02594754234985225,-0.005156586676462542,False
box,0.5,0,2.0,0.0,0.5,0.7090086848221042,-0.0193185373137319,-0.004242828843281643,False
box,0.5,0,1.8477590650225735,0.7653668647301796,0.5,0.7087286382402715,0.025328655322016135,0.002946637500931567,False
box,0.5,0,1.4142135623730951,1.4142135623730951,0.5,0.724284579925474,0.04242898477572907,0.007086526374761402,False
box,0.5,0,0.7653668647301797,1.8477590650225735,0.5,0.6823847437849325,0.02764207635813886,-0.0008926835604974977,False
box,0.5,0,1.2246467991473532e-16,2.0,0.5,0.6124700210144074,0.0070211377843394755,-0.000329433641012942,False
box,0.5,0,-0.7653668647301795,1.8477590650225735,0.5,0.6690817387479182,-0.006859598392256442,-0.0002596588142404081,False
box,0.5,0,-1.414213562373095,1.4142135623730951,0.5,0.7039680594402717,-0.02640231411939776,-0.005326401898243032,False
box,0.5,0,-1.8477590650225735,0.7653668647301798,0.5,0.7034663252850217,-0.01364854623914311,0.0006300864238921474,False
box,0.5,0,-2.0,2.4492935982947064e-16,0.5,0.709799548293756,0.014123930588231462,0.0038317413142818775,False
box,0.5,0,-1.8477590650225737,-0.7653668647301793,0.5,0.7173184002966952,0.04441565326931543,0.000668861714077197,False
box,0.5,0,-1.4142135623730954,-1.414213562373095,0.5,0.7155974928388462,0.0666803681281916,-0.005106856589758681,False
box,0.5,0,-0.7653668647301807,-1.847759065022573,0.5,0.7005574562103997,0.04511670999287255,-0.005459139404453694,False
box,0.5,0,-3.6739403974420594e-16,-2.0,0.5,0.6845001689799531,0.006965993875937603,0.0014962021828529807,False
box,0.5,0,0.76536686473018,-1.8477590650225733,0.5,0.7203502203833065,-0.02940814708821458,0.008804064368240863,False
box,0.5,0,1.4142135623730947,-1.4142135623730954,0.5,0.7365252725414256,-0.07374533332178021,0.005474143170550424,False
box,0.5,0,1.847759065022573,-0.7653668647301808,0.5,0.7295921298329268,-0.05991259175090491,-0.0036922921937462437,False
box,0.5,0,2.5,0.0,0.5,0.7982799659848121,-0.03480368663608013,0.009130916974764425,False
box,0.5,0,2.309698831278217,0.9567085809127245,0.5,0.7773038939298114,0.07226919793766973,0.020733966618364505,False
box,0.5,0,1.7677669529663689,1.7677669529663689,0.5,0.7829115736655157,0.10473606455749805,0.025030897461054566,False
box,0.5,0,0.9567085809127246,2.309698831278217,0.5,0.7473377272705799,0.08389579361521356,0.01141351363665357,False
box,0.5,0,1.5308084989341916e-16,2.5,0.5,0.6510794911099129,-0.002629037045841999,-0.0002664656828961627,False
box,0.5,0,-0.9567085809127243,2.309698831278217,0.5,0.7238937333583552,-0.06784980400346861,-0.012313044283650971,False
box,0.5,0,-1.7677669529663687,1.7677669529663689,0.5,0.761686452369277,-0.07984199940696071,-0.02314345934698929,False
box,0.5,0,-2.309698831278217,0.9567085809127247,0.5,0.773972012182728,-0.04845881001176701,-0.013005865826139211,False
box,0.5,0,-2.5,3.061616997868383e-16,0.5,0.785025640209712,0.019070521337959147,-0.006854134822789959,False
box,0.5,0,-2.309698831278217,-0.9567085809127241,0.5,0.783664977911898,0.0806970678324807,-0.013453650701780595,False
box,0.5,0,-1.7677669529663693,-1.7677669529663687,0.5,0.765334837071809,0.10766262203177249,-0.01980529226806725,False
box,0.5,0,-0.9567085809127258,-2.309698831278216,0.5,0.7456048205392563,0.050839963639399466,-0.013609501989388581,False
box,0.5,0,-4.592425496802574e-16,-2.5,0.5,0.697726253350659,-0.007146411990169927,0.002569166591964369,False
box,0.5,0,0.956708580912725,-2.3096988312782165,0.5,0.7724440352238184,-0.03553287381591284,0.019747512149878202,False
box,0.5,0,1.7677669529663684,-1.7677669529663693,0.5,0.801936291928519,-0.11640494225598805,0.021647927947886423,False
box,0.5,0,2.309698831278216,-0.956708580912726,0.5,0.8291812075583822,-0.11872710590731948,0.01195427875033037,False
box,0.5,0,3.0,0.0,0.5,0.9227496221970406,-0.05677438317832362,0.03917281417111873,False
box,0.5,0,2.77163859753386,1.1480502970952693,0.5,0.8723595780149017,0.11958651367896093,0.04956009240022535,False
box,0.5,0,2.121320343559643,2.121320343559643,0.5,0.83229452106179,0.14366297721467372,0.04092727328784388,False
box,0.5,0,1.1480502970952695,2.77163859753386,0.5,0.7951667351455439,0.10563263033764544,0.022089280344712116,False
box,0.5,0,1.8369701987210297e-16,3.0,0.5,0.7291293996360335,-0.0031960596461601187,-0.0009490175902752665,False
box,0.5,0,-1.1480502970952693,2.77163859753386,0.5,0.7469702597279252,-0.09239642416055076,-0.023678845862184997,False
box,0.5,0,-2.1213203435596424,2.121320343559643,0.5,0.8185456013729671,-0.11148631948499393,-0.043351436155476666,False
box,0.5,0,-2.77163859753386,1.1480502970952697,0.5,0.8698830002695681,-0.08446827034392967,-0.03892893669986368,False
box,0.5,0,-3.0,3.6739403974420594e-16,0.5,0.8881301044345022,0.012924993884547896,-0.030713870852478564,False
box,0.5,0,-2.7716385975338604,-1.148050297095269,0.5,0.8557866220121226,0.1151182555966824,-0.03563369743312332,False
box,0.5,0,-2.121320343559643,-2.1213203435596424,0.5,0.8187202660310192,0.12905364686112214,-0.03369658084870742,False
box,0.5,0,-1.148050297095271,-2.7716385975338595,0.5,0.7963477690752656,0.056771274891648224,-0.01939035574612675,False
box,0.5,0,-5.51091059616309e-16,-3.0,0.5,0.7053862754244535,-0.012818352130544271,0.0032694855279604145,False
box,0.5,0,1.14805029709527,-2.77163859753386,0.5,0.8165717424921346,-0.036170834955779246,0.029340488588991617,False
box,0.5,0,2.121320343559642,-2.121320343559643,0.5,0.8386702132735613,-0.1112473368673533,0.035213138941889335,False
box,0.5,0,2.7716385975338595,-1.148050297095271,0.5,0.8849545070218409,-0.13316156232669069,0.03542701994378354,False
box,0.5,0,0.5,0.0,1.0,0.6480970853315352,-0.011946104116179468,0.0004770625128323047,False
box,0.5,0,0.46193976625564337,0.1913417161825449,1.0,0.6468453409116328,-0.012194890027281262,-0.0002337908344955453,False
box,0.5,0,0.3535533905932738,0.3535533905932738,1.0,0.6444666182898945,-0.011837030902837341,-0.0009727518432905035,False
box,0.5,0,0.19134171618254492,0.46193976625564337,1.0,0.641155357774773,-0.010574236032792225,-0.0017034301548818867,False
box,0.5,0,3.061616997868383e-17,0.5,1.0,0.63837330898068,-0.008163317875264586,-0.0020523189116024992,False
box,0.5,0,-0.19134171618254486,0.46193976625564337,1.0,0.6381976167261285,-0.00555823386603567,-0.0016387580610574758,False
box,0.5,0,-0.35355339059327373,0.3535533905932738,1.0,0.6399660922375467,-0.004058881606803554,-0.000662210750755953,False
box,0.5,0,-0.46193976625564337,0.19134171618254495,1.0,0.642351016401187,-0.0033142000959042297,0.0006262318539752854,False
box,0.5,0,-0.5,6.123233995736766e-17,1.0,0.6445326542215412,-0.002573136369791951,0.001878708190009792,False
box,0.5,0,-0.4619397662556434,-0.19134171618254484,1.0,0.6464426923348149,-0.001513383368377817,0.00261461201952368,False
box,0.5,0,-0.35355339059327384,-0.35355339059327373,1.0,0.6477747765146531,-0.0011182599652647645,0.002888186685238818,False
box,0.5,0,-0.19134171618254517,-0.46193976625564326,1.0,0.648488178655898,-0.001976347753782439,0.002963654427163339,False
box,0.5,0,-9.184850993605148e-17,-0.5,1.0,0.6490058390069384,-0.0040096643971508205,0.002884783090682977,False
box,0.5,0,0.191341716182545,-0.4619397662556433,1.0,0.6495423300663369,-0.00660481978000886,0.0025957572179214207,False
box,0.5,0,0.3535533905932737,-0.35355339059327384,1.0,0.6495352592613155,-0.009133154230153016,0.002014603550665615,False
box,0.5,0,0.46193976625564326,-0.1913417161825452,1.0,0.6489896563879464,-0.010955907035739187,0.0012538095966454959,False
box,0.5,0,1.0,0.0,1.0,0.6553912545334395,-0.012838163486122989,0.000630099554248087,False
box,0.5,0,0.9238795325112867,0.3826834323650898,1.0,0.6564422503433588,-0.010773261264358142,0.0010709604122391132,False
box,0.5,0,0.7071067811865476,0.7071067811865476,1.0,0.6534001829658305,-0.01222232096552464,0.00025857504762583756,False
box,0.5,0,0.38268343236508984,0.9238795325112867,1.0,0.6408801456701438,-0.011080396869335677,-0.0020966314442236096,False
box,0.5,0,6.123233995736766e-17,1.0,1.0,0.6286500566150435,-0.0014372219445290566,-0.0036835497540607526,False
box,0.5,0,-0.3826834323650897,0.9238795325112867,1.0,0.633108364710212,0.005453613425860471,-0.003538290448106536,False
box,0.5,0,-0.7071067811865475,0.7071067811865476,1.0,0.642220798384076,0.002922983913778606,-0.0024557657025177926,False
box,0.5,0,-0.9238795325112867,0.3826834323650899,1.0,0.6492633843209183,0.0007650786879011302,-2.3575484682667716e-05,False
box,0.5,0,-1.0,1.2246467991473532e-16,1.0,0.6537721900381486,0.002607648416863783,0.0023898352606663838,False
box,0.5,0,-0.9238795325112868,-0.38268343236508967,1.0,0.6571430726233818,0.007443602981663852,0.002954780052409586,False
box,0.5,0,-0.7071067811865477,-0.7071067811865475,1.0,0.6577193123327696,0.010510704625335581,0.0025382815286533254,False
box,0.5,0,-0.38268343236509034,-0.9238795325112865,1.0,0.6570922999419979,0.009286787469091572,0.0024609685957488344,False
box,0.5,0,-1.8369701987210297e-16,-1.0,1.0,0.6565532974400391,0.003299604880390179,0.0038540096504511836,False
box,0.5,0,0.38268343236509,-0.9238795325112866,1.0,0.6581058566186572,-0.005383017850060385,0.004707762261899188,False
box,0.5,0,0.7071067811865474,-0.7071067811865477,1.0,0.6577304232876944,-0.012635467586891758,0.00343010101891707,False
box,0.5,0,0.9238795325112865,-0.3826834323650904,1.0,0.6564030011907829,-0.01483219972292511,0.0014086522072463163,False
box,0.5,0,1.5,0.0,1.0,0.6726420126856334,-0.011883744500346793,0.0028544912828563085,False
box,0.5,0,1.38581929876693,0.5740251485476346,1.0,0.678231744051551,0.0038197822809937195,0.008529649019824274,False
box,0.5,0,1.0606601717798214,1.0606601717798214,1.0,0.6829651203881136,0.004086035581386754,0.01044521850095077,False
box,0.5,0,0.5740251485476348,1.38581929876693,1.0,0.6514768556240432,-0.002739803197063944,0.00321800652910854,False
box,0.5,0,9.184850993605148e-17,1.5,1.0,0.6120839881587888,0.009378293461398143,-0.0017478685672607098,False
box,0.5,0,-0.5740251485476346,1.38581929876693,1.0,0.6403145287670273,0.015452690312299833,-0.005585580363961027,False
box,0.5,0,-1.0606601717798212,1.0606601717798214,1.0,0.6635779122876411,-0.0005455609511402501,-0.008412582938991255,False
box,0.5,0,-1.38581929876693,0.5740251485476349,1.0,0.6695430200415466,-0.002657397899744441,-0.004397255532888183,False
box,0.5,0,-1.5,1.8369701987210297e-16,1.0,0.6751206504202588,0.007936104978456088,-0.0010326462690835043,False
box,0.5,0,-1.3858192987669302,-0.5740251485476345,1.0,0.6817198064926462,0.024165182865861074,-0.002790420160215295,False
box,0.5,0,-1.0606601717798214,-1.0606601717798212,1.0,0.6820676855947505,0.03622710946425172,-0.006331487548877267,False
box,0.5,0,-0.5740251485476355,-1.3858192987669298,1.0,0.6753496330809025,0.03126493254890124,-0.0051488746938866,False
box,0.5,0,-2.755455298081545e-16,-1.5,1.0,0.6704342918359003,0.012241192585949818,0.00379440672016434,False
box,0.5,0,0.574025148547635,-1.38581929876693,1.0,0.6800012204355375,-0.014777803637896832,0.011805185374899226,False
box,0.5,0,1.060660171779821,-1.0606601717798214,1.0,0.6824117224842222,-0.03345767127096509,0.009322462989036332,False
box,0.5,0,1.3858192987669298,-0.5740251485476355,1.0,0.6776402305477218,-0.028730091664034094,0.003162397057857801,False
box,0.5,0,2.0,0.0,1.0,0.7234627334678922,-0.014955971852326666,0.017512535631002635,False
box,0.5,0,1.8477590650225735,0.7653668647301796,1.0,0.7261773077292382,0.04009360606978845,0.031766740432896276,False
box,0.5,0,1.4142135623730951,1.4142135623730951,1.0,0.7435486711086756,0.058514285070663405,0.03894967633482399,False
box,0.5,0,0.7653668647301797,1.8477590650225735,1.0,0.6975682305702717,0.03829320483850564,0.02092313980065964,False
box,0.5,0,1.2246467991473532e-16,2.0,1.0,0.6132035352288808,0.008106013259524834,0.0004296537266304547,False
box,0.5,0,-0.7653668647301795,1.8477590650225735,1.0,0.6829378629038705,-0.016322682001716805,-0.019675732855510303,False
box,0.5,0,-1.414213562373095,1.4142135623730951,1.0,0.7183876610310689,-0.043399656515256665,-0.031221010385188902,False
box,0.5,0,-1.8477590650225735,0.7653668647301798,1.0,0.7158361089386618,-0.02478549208407001,-0.02077560042030761,False
box,0.5,0,-2.0,2.4492935982947064e-16,1.0,0.7222659050579984,0.014675631258912235,-0.01501465937496338,False
box,0.5,0,-1.8477590650225737,-0.7653668647301793,1.0,0.7319277330910519,0.05579888868772816,-0.022501010263080136,False
box,0.5,0,-1.4142135623730954,-1.414213562373095,1.0,0.7287150667573536,0.08284566055170528,-0.03068449736849197,False
box,0.5,0,-0.7653668647301807,-1.847759065022573,1.0,0.7114287049638162,0.05463250582630698,-0.02119580820824895,False
box,0.5,0,-3.6739403974420594e-16,-2.0,1.0,0.696602975640153,0.005573327779017671,0.005775374823413572,False
box,0.5,0,0.76536686473018,-1.8477590650225733,1.0,0.7310136047576551,-0.042350289151932494,0.03074488665557952,False
box,0.5,0,1.4142135623730947,-1.4142135623730954,1.0,0.7472697980821771,-0.0934260140519572,0.03247275612231783,False
box,0.5,0,1.847759065022573,-0.7653668647301808,1.0,0.7428931205030616,-0.0710259431330027,0.018782245309706395,False
box,0.5,0,2.5,0.0,1.0,0.8372679931217739,-0.02946675296246193,0.061425693783519364,False
box,0.5,0,2.309698831278217,0.9567085809127245,1.0,0.811950534091162,0.09400868910399057,0.07961796998191867,False
box,0.5,0,1.7677669529663689,1.7677669529663689,1.0,0.8061644425695689,0.11915057057181268,0.07559720723171606,False
box,0.5,0,0.9567085809127246,2.309698831278217,1.0,0.7673415206680723,0.09434238207346596,0.04527092340950774,False
box,0.5,0,1.5308084989341916e-16,2.5,1.0,0.6618121358181909,-0.0027071816984066675,0.0009960584314299898,False
box,0.5,0,-0.9567085809127243,2.309698831278217,1.0,0.7451145841318153,-0.07868459266715913,-0.04494905829266623,False
box,0.5,0,-1.7677669529663687,1.7677669529663689,1.0,0.783840784233823,-0.1012297266456982,-0.06992988885547866,False
box,0.5,0,-2.309698831278217,0.9567085809127247,1.0,0.8032008724849291,-0.06948435827638227,-0.06116822623272148,False
box,0.5,0,-2.5,3.061616997868383e-16,1.0,0.816147045772659,0.020400691625688222,-0.050620694619472495,False
box,0.5,0,-2.309698831278217,-0.9567085809127241,1.0,0.8107100354053103,0.09790240896891168,-0.06127802791072964,False
box,0.5,0,-1.7677669529663693,-1.7677669529663687,1.0,0.7830836072457761,0.12186291521478168,-0.06166196041104857,False
box,0.5,0,-0.9567085809127258,-2.309698831278216,1.0,0.7591628801648831,0.05647324765351367,-0.036153026149327507,False
box,0.5,0,-4.592425496802574e-16,-2.5,1.0,0.7160006730178677,-0.007807925887843534,0.006806060787600503,False
box,0.5,0,0.956708580912725,-2.3096988312782165,1.0,0.7856817730061008,-0.04594076535256922,0.05002597972926242,False
box,0.5,0,1.7677669529663684,-1.7677669529663693,1.0,0.8159557927880209,-0.13309006931998268,0.062378156667605454,False
box,0.5,0,2.309698831278216,-0.956708580912726,1.0,0.8579911847070011,-0.13589353142498037,0.058591700451448944,False
box,0.5,0,3.0,0.0,1.0,0.9683819348610387,-0.04701537515684606,0.1224848184809062,False
box,0.5,0,2.77163859753386,1.1480502970952693,1.0,0.912098343686983,0.1339658000582298,0.1352580289604951,False
box,0.5,0,2.121320343559643,2.121320343559643,1.0,0.8534033441325044,0.146665228704064,0.10005393492390656,False
box,0.5,0,1.1480502970952695,2.77163859753386,1.0,0.8116274975277281,0.10764641903201011,0.05725242141306545,False
box,0.5,0,1.8369701987210297e-16,3.0,1.0,0.7429852530593148,-0.0032402322803231904,0.002378989972740866,False
box,0.5,0,-1.1480502970952693,2.77163859753386,1.0,0.768920613209473,-0.09371140830122315,-0.05830894410055169,False
box,0.5,0,-2.1213203435596424,2.121320343559643,1.0,0.8405847163320576,-0.12454806029669686,-0.10313974046957192,False
box,0.5,0,-2.77163859753386,1.1480502970952697,1.0,0.9059426409819417,-0.10562973529096975,-0.11505092574789949,False
box,0.5,0,-3.0,3.6739403974420594e-16,1.0,0.9297598751382106,0.013222978649068252,-0.10459488879592271,False
box,0.5,0,-2.7716385975338604,-1.148050297095269,1.0,0.887064767333071,0.1283220726678604,-0.10600204070482636,False
box,0.5,0,-2.121320343559643,-2.1213203435596424,1.0,0.8356246795951381,0.13460539004959396,-0.08407484054680595,False
box,0.5,0,-1.148050297095271,-2.7716385975338595,1.0,0.8087786630826033,0.058651730271394656,-0.04624118528842256,False
box,0.5,0,-5.51091059616309e-16,-3.0,1.0,0.7276214947680969,-0.012405307808435918,0.0059564953625747315,False
box,0.5,0,1.14805029709527,-2.77163859753386,1.0,0.8289223738639848,-0.04432112292483227,0.06580772101057475,False
box,0.5,0,2.121320343559642,-2.121320343559643,1.0,0.852284615951739,-0.12049203922201349,0.08244468715444016,False
box,0.5,0,2.7716385975338595,-1.148050297095271,1.0,0.9110029890314569,-0.14159809959089395,0.09507534543663528,False
box,0.5,0,0.0,0.0,0.0,0.6463018018950843,-0.0050798953641201655,0.0,True
box,0.5,2,0.5,0.0,0.0,-4.329807799590043e-18,1.3467622272743406e-17,0.4381462951343271,False
box,0.5,2,0.46193976625564337,0.1913417161825449,0.0,-7.329157503591642e-18,3.001962937206594e-18,0.43700386508693084,False
box,0.5,2,0.3535533905932738,0.3535533905932738,0.0,-3.4661319654660833e-18,-5.500463386824712e-18,0.435639236472589,False
box,0.5,2,0.19134171618254492,0.46193976625564337,0.0,-9.411459876509484e-18,-1.4124046402068908e-17,0.4347811835424247,False
box,0.5,2,3.061616997868383e-17,0.5,0.0,7.154341563752332e-19,-9.053867733916772e-18,0.43479835716755294,False
box,0.5,2,-0.19134171618254486,0.46193976625564337,0.0,4.85457103414433e-18,-5.438700964849001e-18,0.4354202205809593,False
box,0.5,2,-0.35355339059327373,0.3535533905932738,0.0,2.7568597558482052e-18,-1.3842188859726886e-19,0.43641211233158594,False
box,0.5,2,-0.46193976625564337,0.19134171618254495,0.0,8.383327051293073e-18,7.132810599546422e-18,0.43730774713660564,False
box,0.5,2,-0.5,6.123233995736766e-17,0.0,6.0390823457670825e-18,5.979979289249543e-18,0.4376325944544761,False
box,0.5,2,-0.4619397662556434,-0.19134171618254484,0.0,7.331678656937335e-18,3.773930024406048e-18,0.43693202639166245,False
box,0.5,2,-0.35355339059327384,-0.35355339059327373,0.0,9.548596608169869e-18,5.65082430915526e-18,0.4359463096505064,False
box,0.5,2,-0.19134171618254517,-0.46193976625564326,0.0,1.4089304959368684e-17,9.1674534719755e-18,0.4353126782826305,False
box,0.5,2,-9.184850993605148e-17,-0.5,0.0,-2.0595949459681744e-18,2.0264382505125086e-17,0.43541070854152963,False
box,0.5,2,0.191341716182545,-0.4619397662556433,0.0,-1.6414149570125722e-17,1.2452294096806984e-17,0.43609619563604707,False
box,0.5,2,0.3535533905932737,-0.35355339059327384,0.0,-1.9239378974435562e-17,5.882872417480407e-18,0.43717663682634755,False
box,0.5,2,0.46193976625564326,-0.1913417161825452,0.0,-2.3733652028446158e-17,6.998413265580098e-18,0.43806792127082134,False
box,0.5,2,1.0,0.0,0.0,-1.5270261320241656e-18,1.925399052766296e-17,0.4377778751016619,False
box,0.5,2,0.9238795325112867,0.3826834323650898,0.0,-5.221333910833285e-18,7.32525182860078e-18,0.43433703193041046,False
box,0.5,2,0.7071067811865476,0.7071067811865476,0.0,1.0010357974791262e-17,-1.1812068563484604e-17,0.4298217660617914,False
box,0.5,2,0.38268343236508984,0.9238795325112867,0.0,-8.332809351397867e-19,-1.6324693412980896e-18,0.42738505923888803,False
box,0.5,2,6.123233995736766e-17,1.0,0.0,-2.8775708411191993e-18,1.8705304826137113e-18,0.4278096360753071,False
box,0.5,2,-0.3826834323650897,0.9238795325112867,0.0,1.1941444748165336e-18,1.5795364117220193e-18,0.42976441388378767,False
box,0.5,2,-0.7071067811865475,0.7071067811865476,0.0,-4.635467399639865e-18,-8.139615573718057e-18,0.43302532135705796,False
box,0.5,2,-0.9238795325112867,0.3826834323650899,0.0,2.9051225153905344e-18,1.061293568762335e-18,0.4358501811441609,False
box,0.5,2,-1.0,1.2246467991473532e-16,0.0,-3.757320555339365e-18,3.3905475962369245e-18,0.436426156500294,False
box,0.5,2,-0.9238795325112868,-0.38268343236508967,0.0,8.071095686504286e-18,8.780418537151886e-18,0.433950924497939,False
box,0.5,2,-0.7071067811865477,-0.7071067811865475,0.0,-4.8440231079563446e-18,1.4497901716908358e-17,0.4303433074678752,False
box,0.5,2,-0.38268343236509034,-0.9238795325112865,0.0,1.0098857147082807e-17,-4.339674607309982e-19,0.4273413368525961,False
box,0.5,2,-1.8369701987210297e-16,-1.0,0.0,1.4793775984335253e-18,-8.458135769818348e-18,0.4268951277729247,False
box,0.5,2,0.38268343236509,-0.9238795325112866,0.0,-6.170724309746383e-18,9.367624219653335e-18,0.4294151594738146,False
box,0.5,2,0.7071067811865474,-0.7071067811865477,0.0,1.943579090023831e-18,3.624568133129465e-18,0.43387394488270753,False
box,0.5,2,0.9238795325112865,-0.3826834323650904,0.0,-5.088321198665612e-18,-4.512315378491922e-21,0.43729438245732677,False
box,0.5,2,1.5,0.0,0.0,-6.467107863437451e-19,1.1778821157420696e-18,0.4369817981856726,False
box,0.5,2,1.38581929876693,0.5740251485476346,0.0,-1.957706966665969e-17,-1.336553204128542e-17,0.4315238928187938,False
box,0.5,2,1.0606601717798214,1.0606601717798214,0.0,-2.3885811378224333e-17,-1.9060797960105844e-17,0.42336402155169744,False
box,0.5,2,0.5740251485476348,1.38581929876693,0.0,-8.772535977799703e-18,-1.5878673139767307e-17,0.42138264327957686,False
box,0.5,2,9.184850993605148e-17,1.5,0.0,1.2762982490448023e-18,-3.188092937056516e-17,0.42376234248925015,False
box,0.5,2,-0.5740251485476346,1.38581929876693,0.0,8.920898610642479e-19,-2.5258100916699904e-17,0.42421728714872486,False
box,0.5,2,-1.0606601717798212,1.0606601717798214,0.0,1.3989632316431733e-17,-2.0072425837435986e-17,0.4284093943671875,False
box,0.5,2,-1.38581929876693,0.5740251485476349,0.0,1.3270243486272062e-17,-2.108240168203535e-18,0.43416640642625826,False
box,0.5,2,-1.5,1.8369701987210297e-16,0.0,1.4086892916929394e-17,-3.2874390404895068e-18,0.4349521087608369,False
box,0.5,2,-1.3858192987669302,-0.5740251485476345,0.0,1.1452913009656892e-17,1.5593455364793366e-17,0.4304420191930367,False
box,0.5,2,-1.0606601717798214,-1.0606601717798212,0.0,8.663004025868193e-18,1.3625376635673839e-17,0.4239549195196073,False
box,0.5,2,-0.5740251485476355,-1.3858192987669298,0.0,1.2786940009279848e-17,1.0919770237554059e-17,0.41940086260412357,False
box,0.5,2,-2.755455298081545e-16,-1.5,0.0,1.973086990723637e-17,2.7182927740726786e-17,0.4180882921645886,False
box,0.5,2,0.574025148547635,-1.38581929876693,0.0,-5.158916140305108e-18,1.2138555533725467e-17,0.42181267656597293,False
box,0.5,2,1.060660171779821,-1.0606601717798214,0.0,-1.677944940196448e-17,6.111493245204761e-18,0.42891531245258624,False
box,0.5,2,1.3858192987669298,-0.5740251485476355,0.0,3.3998238596065156e-18,1.1351988098345405e-17,0.4355219334908841,False
box,0.5,2,2.0,0.0,0.0,-6.598439011319921e-18,-4.0351738543642455e-18,0.43668590135399665,False
box,0.5,2,1.8477590650225735,0.7653668647301796,0.0,1.0880024967537265e-17,-3.650607601876336e-18,0.431922684960647,False
box,0.5,2,1.4142135623730951,1.4142135623730951,0.0,-5.3593736990165794e-18,-6.769765330103612e-18,0.4238786322678178,False
box,0.5,2,0.7653668647301797,1.8477590650225735,0.0,7.771971554855954e-18,-1.7656664118789903e-17,0.42453497805161516,False
box,0.5,2,1.2246467991473532e-16,2.0,0.0,4.547792994215827e-18,3.3740955057000894e-19,0.4289749765574274,False
box,0.5,2,-0.7653668647301795,1.8477590650225735,0.0,-1.3760851130148712e-17,-2.6484626794213488e-17,0.42530594110655057,False
box,0.5,2,-1.414213562373095,1.4142135623730951,0.0,-7.994634226143635e-18,-1.5003172635309388e-17,0.4274919198583106,False
box,0.5,2,-1.8477590650225735,0.7653668647301798,0.0,-2.772710223244422e-18,-7.431644629931652e-18,0.43419403125884354,False
box,0.5,2,-2.0,2.4492935982947064e-16,0.0,1.0163456363579276e-17,2.239176754521343e-18,0.43464790652153007,False
box,0.5,2,-1.8477590650225737,-0.7653668647301793,0.0,2.827742396039884e-18,-1.4031851441971078e-18,0.4294127603924027,False
box,0.5,2,-1.4142135623730954,-1.414213562373095,0.0,-1.0387329268868222e-17,7.823386816535892e-18,0.4242175928503778,False
box,0.5,2,-0.7653668647301807,-1.847759065022573,0.0,-1.7546757904154927e-17,1.3139404587553966e-17,0.4241294679871701,False
box,0.5,2,-3.6739403974420594e-16,-2.0,0.0,4.731331757989808e-18,-3.3380438175615043e-18,0.4252798534902417,False
box,0.5,2,0.76536686473018,-1.8477590650225733,0.0,5.7047911291767155e-18,1.5130428716157887e-17,0.4268033286016539,False
box,0.5,2,1.4142135623730947,-1.4142135623730954,0.0,-2.1073341519927614e-18,-1.629583266208715e-18,0.4290438864821476,False
box,0.5,2,1.847759065022573,-0.7653668647301808,0.0,-1.5966217190615274e-17,1.3118204918144967e-17,0.4342951830362953,False
box,0.5,2,2.5,0.0,0.0,-5.361372138637045e-18,1.8308343261062234e-17,0.4420230584525008,False
box,0.5,2,2.309698831278217,0.9567085809127245,0.0,-2.7128484394406364e-18,-5.469822529848413e-18,0.4431372145741429,False
box,0.5,2,1.7677669529663689,1.7677669529663689,0.0,-6.623972372029406e-18,-1.8873675450451024e-17,0.44268948659408514,False
box,0.5,2,0.9567085809127246,2.309698831278217,0.0,-3.783350676735549e-18,-1.2418132707295011e-17,0.4441932852620346,False
box,0.5,2,1.5308084989341916e-16,2.5,0.0,5.1332603672681464e-18,-2.3982770810110967e-17,0.4456329373342902,False
box,0.5,2,-0.9567085809127243,2.309698831278217,0.0,-1.433066759364654e-17,-1.3867577458730136e-17,0.4447996029234925,False
box,0.5,2,-1.7677669529663687,1.7677669529663689,0.0,8.662660947251361e-18,-2.3473024616576653e-17,0.4431129187187884,False
box,0.5,2,-2.309698831278217,0.9567085809127247,0.0,1.8917419208073048e-17,-1.6499889141924117e-17,0.4419750087676029,False
box,0.5,2,-2.5,3.061616997868383e-16,0.0,1.1117757678284866e-17,1.0803670106394656e-17,0.439535430617671,False
box,0.5,2,-2.309698831278217,-0.9567085809127241,0.0,2.5915925177379996e-18,2.394528777249582e-18,0.43718703155041233,False
box,0.5,2,-1.7677669529663693,-1.7677669529663687,0.0,9.301065879485723e-18,2.7181329710222503e-17,0.4411427011580668,False
box,0.5,2,-0.9567085809127258,-2.309698831278216,0.0,-1.8533696905574775e-18,2.8115891409967804e-17,0.45085373760767944,False
box,0.5,2,-4.592425496802574e-16,-2.5,0.0,-1.217577098173858e-17,3.042097383618756e-17,0.4567112404235307,False
box,0.5,2,0.956708580912725,-2.3096988312782165,0.0,-7.763041664269814e-18,1.493588394752972e-17,0.45825826865394625,False
box,0.5,2,1.7677669529663684,-1.7677669529663693,0.0,-2.205383687230241e-17,2.570998262117243e-17,0.44801697208486324,False
box,0.5,2,2.309698831278216,-0.956708580912726,0.0,-1.2213461212545847e-17,1.16368932933897e-17,0.4415444618092209,False
box,0.5,2,3.0,0.0,0.0,-2.621130904872079e-17,8.259249214725451e-19,0.4641573143113681,False
box,0.5,2,2.77163859753386,1.1480502970952693,0.0,-2.8396024894548807e-17,-8.590596099900749e-18,0.47492454271675516,False
box,0.5,2,2.121320343559643,2.121320343559643,0.0,-1.4560071034835127e-17,-9.17898323831374e-18,0.48263433648854287,False
box,0.5,2,1.1480502970952695,2.77163859753386,0.0,-4.89194270798234e-18,-3.106169629620373e-18,0.4816772581554648,False
box,0.5,2,1.8369701987210297e-16,3.0,0.0,-3.201191203089158e-18,-1.7476059834319985e-17,0.4810811060921249,False
box,0.5,2,-1.1480502970952693,2.77163859753386,0.0,1.3274232570222612e-17,-2.1903821460318814e-17,0.48543474116617447,False
box,0.5,2,-2.1213203435596424,2.121320343559643,0.0,1.7884699676289365e-18,-1.2210406010468027e-17,0.4848023633434743,False
box,0.5,2,-2.77163859753386,1.1480502970952697,0.0,3.738534012520354e-18,-1.0075283937766088e-17,0.4677789398033465,False
box,0.5,2,-3.0,3.6739403974420594e-16,0.0,-9.293041087378089e-19,3.1432237680564783e-18,0.45766803221695873,False
box,0.5,2,-2.7716385975338604,-1.148050297095269,0.0,1.2424947401214204e-17,1.3806510721905386e-17,0.4610178049191565,False
box,0.5,2,-2.121320343559643,-2.1213203435596424,0.0,2.1501910810929094e-17,9.852890522056714e-18,0.4779406303597641,False
box,0.5,2,-1.148050297095271,-2.7716385975338595,0.0,3.2216110705461262e-18,1.6959424646704796e-17,0.4909186667717364,False
box,0.5,2,-5.51091059616309e-16,-3.0,0.0,8.933305316016398e-19,2.2039539575189493e-17,0.4957305113426229,False
box,0.5,2,1.14805029709527,-2.77163859753386,0.0,6.112381059871104e-18,1.6837574664676308e-17,0.5053459934305775,False
box,0.5,2,2.121320343559642,-2.121320343559643,0.0,-1.9782334581395922e-17,7.80157105775521e-18,0.48917212992371983,False
box,0.5,2,2.7716385975338595,-1.148050297095271,0.0,-2.081866886457244e-17,7.516542024612736e-18,0.46700501859021293,False
box,0.5,2,0.5,0.0,0.2,-6.324910610194245e-05,-0.0005939522037187395,0.4397169509149883,False
box,0.5,2,0.46193976625564337,0.1913417161825449,0.2,-0.00019848035931284547,-0.0014757862254488208,0.43856134023611604,False
box,0.5,2,0.3535533905932738,0.3535533905932738,0.2,-0.0003175452795529143,-0.0020456157576095456,0.4371918199748968,False
box,0.5,2,0.19134171618254492,0.46193976625564337,0.2,-0.0003917535939570566,-0.002300208483603465,0.43632467332508507,False
box,0.5,2,3.061616997868383e-17,0.5,0.2,-0.0003683762587041395,-0.00226524406269672,0.4363314466256523,False
box,0.5,2,-0.19134171618254486,0.46193976625564337,0.2,-0.0002302499540461337,-0.0019661321508883784,0.436955821475392,False
box,0.5,2,-0.35355339059327373,0.3535533905932738,0.2,-4.0393771189815774e-05,-0.0014251973496386596,0.4379476162380595,False
box,0.5,2,-0.46193976625564337,0.19134171618254495,0.2,0.0001609796270492608,-0.0006713507657507482,0.4388409244818029,False
box,0.5,2,-0.5,6.123233995736766e-17,0.2,0.00034096747566368375,0.00021852363281905625,0.43917514735585333,False
box,0.5,2,-0.4619397662556434,-0.19134171618254484,0.2,0.0004460967761529862,0.001086702312797287,0.43851717645020455,False
box,0.5,2,-0.35355339059327384,-0.35355339059327373,0.2,0.0004791169546410406,0.0017768233400084522,0.43758390760966,False
box,0.5,2,-0.19134171618254517,-0.46193976625564326,0.2,0.0004720036950127765,0.0022167619364488493,0.4369870092618252,False
box,0.5,2,-9.184850993605148e-17,-0.5,0.2,0.0004332464995427333,0.0023176322888187164,0.4370959350791577,False
box,0.5,2,0.191341716182545,-0.4619397662556433,0.2,0.00035424864324148155,0.002018556522051503,0.43777732493073274,False
box,0.5,2,0.3535533905932737,-0.35355339059327384,0.2,0.00023048585987109696,0.001359143258726937,0.4388301872556677,False
box,0.5,2,0.46193976625564326,-0.1913417161825452,0.2,8.335521397563728e-05,0.0004398288657413744,0.4396777815567076,False
box,0.5,2,1.0,0.0,0.2,-0.0002055522127607068,-0.0008456797512570336,0.4395379515548318,False
box,0.5,2,0.9238795325112867,0.3826834323650898,0.2,-0.00023936925263517547,-0.002486418021177604,0.43610886991735925,False
box,0.5,2,0.7071067811865476,0.7071067811865476,0.2,-0.0004702342877370208,-0.0032554139473475593,0.43163611480687125,False
box,0.5,2,0.38268343236508984,0.9238795325112867,0.2,-0.00079720878971722,-0.0028822130078276953,0.42924092851382617,False
box,0.5,2,6.123233995736766e-17,1.0,0.2,-0.0006766616178077334,-0.0025826779079827886,0.42963734302146683,False
box,0.5,2,-0.3826834323650897,0.9238795325112867,0.2,-0.00030608612364297586,-0.0026681009065549766,0.4315752145205264,False
box,0.5,2,-0.7071067811865475,0.7071067811865476,0.2,-8.43109464380108e-05,-0.0023848492704299992,0.43477523591804035,False
box,0.5,2,-0.9238795325112867,0.3826834323650899,0.2,0.0002331204448790443,-0.0011029980188789468,0.43754788959944213,False
box,0.5,2,-1.0,1.2246467991473532e-16,0.2,0.0005535034075771272,0.0005456630790702405,0.4381097557717472,False
box,0.5,2,-0.9238795325112868,-0.38268343236508967,0.2,0.0006384292198795479,0.0020232764584516673,0.43575119072489416,False
box,0.5,2,-0.7071067811865477,-0.7071067811865475,0.2,0.0005698901514826821,0.0031239571413351256,0.4323216817509369,False
box,0.5,2,-0.38268343236509034,-0.9238795325112865,0.2,0.0004997624091726523,0.0036203308199498525,0.4295093880226799,False
box,0.5,2,-1.8369701987210297e-16,-1.0,0.2,0.0005544712206218439,0.0038723837738877725,0.4291142753215079,False
box,0.5,2,0.38268343236509,-0.9238795325112866,0.2,0.0005522071172773033,0.0036011060768477206,0.43158600570854666,False
box,0.5,2,0.7071067811865474,-0.7071067811865477,0.2,0.00032413423991573773,0.0027890200379579594,0.4358725182636126,False
box,0.5,2,0.9238795325112865,-0.3826834323650904,0.2,-2.466024763736429e-05,0.0011450910974087692,0.4391491295575802,False
box,0.5,2,1.5,0.0,0.2,-0.0002809838986785718,-0.0007226894241529115,0.4390948476593067,False
box,0.5,2,1.38581929876693,0.5740251485476346,0.2,0.00036292177794348273,-0.0026685562001626494,0.43377947584704524,False
box,0.5,2,1.0606601717798214,1.0606601717798214,0.2,0.000287344443908438,-0.0026289990047786973,0.425947774197913,False
box,0.5,2,0.5740251485476348,1.38581929876693,0.2,-0.000939578639500708,-0.00048058110470966444,0.4241502326784435,False
box,0.5,2,9.184850993605148e-17,1.5,0.2,-0.0004178894729611529,0.00022654060442995344,0.4264253948556724,False
box,0.5,2,-0.5740251485476346,1.38581929876693,0.2,0.0001332142238560924,-0.001245125920959441,0.4267934851934419,False
box,0.5,2,-1.0606601717798212,1.0606601717798214,0.2,-0.0004401825646641494,-0.002534281616016246,0.43073976129863956,False
box,0.5,2,-1.38581929876693,0.5740251485476349,0.2,-4.019895869223562e-05,-0.0013145995610269812,0.4362385361648204,False
box,0.5,2,-1.5,1.8369701987210297e-16,0.2,0.00042319328480338583,0.000763638952443451,0.4369424776461955,False
box,0.5,2,-1.3858192987669302,-0.5740251485476345,0.2,0.00024064904244518336,0.00222474729818754,0.4326996651489561,False
box,0.5,2,-1.0606601717798214,-1.0606601717798212,0.2,-0.00020495421637537048,0.002504015876170184,0.4267550317924361,False
box,0.5,2,-0.5740251485476355,-1.3858192987669298,0.2,-0.00023654448053707686,0.0014112664420271029,0.42283814585444635,False
box,0.5,2,-2.755455298081545e-16,-1.5,0.2,0.00036863311989062644,0.0011388748843180806,0.4217664878155494,False
box,0.5,2,0.574025148547635,-1.38581929876693,0.2,0.0010329047073616,0.0018244455678997368,0.4252808945586038,False
box,0.5,2,1.060660171779821,-1.0606601717798214,0.2,0.0007276876825487435,0.0027641110368596426,0.43170559648825607,False
box,0.5,2,1.3858192987669298,-0.5740251485476355,0.2,-0.00013258315407728885,0.0016216012728117414,0.4378234988896306,False
box,0.5,2,2.0,0.0,0.2,0.0006886721546156993,-0.00019847778301325668,0.4394881919813943,False
box,0.5,2,1.8477590650225735,0.7653668647301796,0.2,0.0025667082526326488,-0.0011119404513872818,0.43517721913110824,False
box,0.5,2,1.4142135623730951,1.4142135623730951,0.2,0.003400318004250408,0.0018221336284042979,0.42824790044946565,False
box,0.5,2,0.7653668647301797,1.8477590650225735,0.2,0.0004583261603386495,0.004639697716794276,0.42914815535355977,False
box,0.5,2,1.2246467991473532e-16,2.0,0.2,-9.662562834933553e-06,0.004338323356849446,0.4331404757542656,False
box,0.5,2,-0.7653668647301795,1.8477590650225735,0.2,-0.0005678984130150513,0.0037746837612944277,0.42964190112534495,False
box,0.5,2,-1.414213562373095,1.4142135623730951,0.2,-0.002832909880504098,0.0006723265067011782,0.4312533281359443,False
box,0.5,2,-1.8477590650225735,0.7653668647301798,0.2,-0.0014954673601351848,-0.0005018442860176011,0.4370352627710277,False
box,0.5,2,-2.0,2.4492935982947064e-16,0.2,-0.0007022314371086527,0.0007842740978866277,0.43726450729752886,False
box,0.5,2,-1.8477590650225737,-0.7653668647301793,0.2,-0.0015847470782870416,0.0009939681215643103,0.4325973279705788,False
box,0.5,2,-1.4142135623730954,-1.414213562373095,0.2,-0.00275117340451258,-0.0020740630503648942,0.42877006337933476,False
box,0.5,2,-0.7653668647301807,-1.847759065022573,0.2,-0.0020994102317422464,-0.006364609063625371,0.43012502938352193,False
box,0.5,2,-3.6739403974420594e-16,-2.0,0.2,0.0003953980668479505,-0.008555496341067021,0.43194812379443476,False
box,0.5,2,0.76536686473018,-1.8477590650225733,0.2,0.002994009873439303,-0.006984856528112795,0.43319633360758875,False
box,0.5,2,1.4142135623730947,-1.4142135623730954,0.2,0.0031144220182659763,-0.0020099845416490293,0.4336591135554866,False
box,0.5,2,1.847759065022573,-0.7653668647301808,0.2,0.0010881789085734263,0.0007781339850039554,0.43746930437792686,False
box,0.5,2,2.5,0.0,0.2,0.005097715633926365,0.0004600313974216175,0.44630495478048193,False
box,0.5,2,2.309698831278217,0.9567085809127245,0.2,0.007921623811306672,0.00317982386552582,0.4483563583535437,False
box,0.5,2,1.7677669529663689,1.7677669529663689,0.2,0.008590023769928243,0.00910984566761148,0.4498010031600486,False
box,0.5,2,0.9567085809127246,2.309698831278217,0.2,0.004465896927956507,0.01117320004360839,0.4515007106870307,False
box,0.5,2,1.5308084989341916e-16,2.5,0.2,-0.00019759633169060206,0.01041828606580687,0.4520741022899976,False
box,0.5,2,-0.9567085809127243,2.309698831278217,0.2,-0.004657196511292916,0.011925002312736292,0.4519315128151316,False
box,0.5,2,-1.7677669529663687,1.7677669529663689,0.2,-0.008120854848683703,0.008670909968929327,0.44952112125889654,False
box,0.5,2,-2.309698831278217,0.9567085809127247,0.2,-0.0058115291401800405,0.0029305867038684308,0.4464203007452552,False
box,0.5,2,-2.5,3.061616997868383e-16,0.2,-0.00432777716999116,0.000559158464522092,0.4433924361659551,False
box,0.5,2,-2.309698831278217,-0.9567085809127241,0.2,-0.0058574325263873244,-0.002386722459863557,0.44210084450183684,False
box,0.5,2,-1.7677669529663693,-1.7677669529663687,0.2,-0.00665825658197314,-0.009396896522049197,0.4483240662044944,False
box,0.5,2,-0.9567085809127258,-2.309698831278216,0.2,-0.004087329106763778,-0.0137016735549659,0.4596278221423572,False
box,0.5,2,-4.592425496802574e-16,-2.5,0.2,0.0009665088357326799,-0.014957620227187092,0.46561260549279637,False
box,0.5,2,0.956708580912725,-2.3096988312782165,0.2,0.005821561004061998,-0.015691819481780604,0.46778023959845594,False
box,0.5,2,1.7677669529663684,-1.7677669529663693,0.2,0.007315584805436218,-0.01093999102600305,0.45550298067271555,False
box,0.5,2,2.309698831278216,-0.956708580912726,0.2,0.005954963903801494,-0.00301408780139534,0.4464489551184586,False
box,0.5,2,3.0,0.0,0.2,0.013726600460715555,0.0012176180508306324,0.47090747789684384,False
box,0.5,2,2.77163859753386,1.1480502970952693,0.2,0.01594042727156525,0.008469679775207706,0.4829311148653288,False
box,0.5,2,2.121320343559643,2.121320343559643,0.2,0.01278518326727052,0.013596618046655462,0.49214681960360085,False
box,0.5,2,1.1480502970952695,2.77163859753386,0.2,0.007349990999434137,0.01616461243268638,0.49148361756692716,False
box,0.5,2,1.8369701987210297e-16,3.0,0.2,-0.0004912580209851013,0.01792399160307794,0.4901888210237177,False
box,0.5,2,-1.1480502970952693,2.77163859753386,0.2,-0.007983441183301934,0.0169549293038501,0.49464230573212875,False
box,0.5,2,-2.1213203435596424,2.121320343559643,0.2,-0.013458550918813067,0.01599331404835222,0.493955571142227,False
box,0.5,2,-2.77163859753386,1.1480502970952697,0.2,-0.012996151374093165,0.008591249421926978,0.4747601637296981,False
box,0.5,2,-3.0,3.6739403974420594e-16,0.2,-0.011188541488598524,0.0004130961128003175,0.4635737047537777,False
box,0.5,2,-2.7716385975338604,-1.148050297095269,0.2,-0.011858106991297414,-0.006754088826494183,0.4682979670228469,False
box,0.5,2,-2.121320343559643,-2.1213203435596424,0.2,-0.010083606448085512,-0.014599658776675833,0.48755876516882835,False
box,0.5,2,-1.148050297095271,-2.7716385975338595,0.2,-0.005652249328703988,-0.01659178573154858,0.5014549975379674,False
box,0.5,2,-5.51091059616309e-16,-3.0,0.2,0.0012338346858375778,-0.016053078549419487,0.5053674132943886,False
box,0.5,2,1.14805029709527,-2.77163859753386,0.2,0.0084874009361541,-0.01862793437481647,0.516474747831184,False
box,0.5,2,2.121320343559642,-2.121320343559643,0.2,0.009945494623111749,-0.017366111021073688,0.4990464866492489,False
box,0.5,2,2.7716385975338595,-1.148050297095271,0.2,0.011879698112618029,-0.007071976154123591,0.4738255411845613,False
box,0.5,2,0.5,0.0,0.5,3.7985518431316034e-05,-0.001583593820077056,0.44760569326882726,False
box,0.5,2,0.46193976625564337,0.1913417161825449,0.5,-0.00030337105077532766,-0.0036531421736047034,0.44641556236099356,False
box,0.5,2,0.3535533905932738,0.3535533905932738,0.5,-0.0006307346027284774,-0.004960946740938823,0.4450561771088727,False
box,0.5,2,0.19134171618254492,0.46193976625564337,0.5,-0.0008782531837870695,-0.005528777418814776,0.44416298529873477,False
box,0.5,2,3.061616997868383e-17,0.5,0.5,-0.0009016616024590807,-0.005424966887233262,0.4441150205111336,False
box,0.5,2,-0.19134171618254486,0.46193976625564337,0.5,-0.0006318756303304731,-0.004701149060366692,0.4447356894176692,False
box,0.5,2,-0.35355339059327373,0.3535533905932738,0.5,-0.00021064407596257,-0.0034189262669435854,0.4457028384139526,False
box,0.5,2,-0.46193976625564337,0.19134171618254495,0.5,0.0002676866603079695,-0.0016464135005804493,0.44656154377314883,False
box,0.5,2,-0.5,6.123233995736766e-17,0.5,0.0007148956575359077,0.000442588419412137,0.4469302730053165,False
box,0.5,2,-0.4619397662556434,-0.19134171618254484,0.5,0.0009859284112292016,0.0024635190634874687,0.44649013426877027,False
box,0.5,2,-0.35355339059327384,-0.35355339059327373,0.5,0.0010940789650781824,0.004048158067263817,0.44582921494695366,False
box,0.5,2,-0.19134171618254517,-0.46193976625564326,0.5,0.001124989866384273,0.005056445086016122,0.44541964641244913,False
box,0.5,2,-9.184850993605148e-17,-0.5,0.5,0.0010934661006470336,0.005283033539666859,0.4455769540250205,False
box,0.5,2,0.191341716182545,-0.4619397662556433,0.5,0.0009673590023008047,0.0045703966930453945,0.44622792725768806,False
box,0.5,2,0.3535533905932737,-0.35355339059327384,0.5,0.0007184441506119544,0.0030188643287959757,0.44713047995877186,False
box,0.5,2,0.46193976625564326,-0.1913417161825452,0.5,0.0003892290665015344,0.0008590342707776089,0.4477530403626466,False
box,0.5,2,1.0,0.0,0.5,-9.883216663142402e-05,-0.002186666414616123,0.4484101814684769,False
box,0.5,2,0.9238795325112867,0.3826834323650898,0.5,-0.00015171701601866068,-0.005924358501407892,0.44513385861964094,False
box,0.5,2,0.7071067811865476,0.7071067811865476,0.5,-0.0007431777182975849,-0.007514770696563469,0.44099814619517375,False
box,0.5,2,0.38268343236508984,0.9238795325112867,0.5,-0.0016839142805999846,-0.006364453871524329,0.438889711634176,False
box,0.5,2,6.123233995736766e-17,1.0,0.5,-0.001634704892110872,-0.005609584805066848,0.4391201799585732,False
box,0.5,2,-0.3826834323650897,0.9238795325112867,0.5,-0.0009463735679614852,-0.005927081270122847,0.4409097757115352,False
box,0.5,2,-0.7071067811865475,0.7071067811865476,0.5,-0.0005154536933443818,-0.00544657763383422,0.4437059929171315,False
box,0.5,2,-0.9238795325112867,0.3826834323650899,0.5,0.0002428827028698658,-0.002518725114252914,0.44615210848499826,False
box,0.5,2,-1.0,1.2246467991473532e-16,0.5,0.0010445814878808355,0.0012666754952934665,0.4466274366918378,False
box,0.5,2,-0.9238795325112868,-0.38268343236508967,0.5,0.0012539363066199668,0.004561692366610254,0.444893229920941,False
box,0.5,2,-0.7071067811865477,-0.7071067811865475,0.5,0.0011183361711574425,0.006900033774967666,0.44241662806012977,False
box,0.5,2,-0.38268343236509034,-0.9238795325112865,0.5,0.001051110709376473,0.007750939108567218,0.4406253012421801,False
box,0.5,2,-1.8369701987210297e-16,-1.0,0.5,0.0013815049716691117,0.008256841151734307,0.44048674529146736,False
box,0.5,2,0.38268343236509,-0.9238795325112866,0.5,0.0015756083945485332,0.007718351518028809,0.44265731011292325,False
box,0.5,2,0.7071067811865474,-0.7071067811865477,0.5,0.0011329931354370935,0.006118831096642244,0.4459779224061222,False
box,0.5,2,0.9238795325112865,-0.3826834323650904,0.5,0.00032489304744294533,0.0024240617851062772,0.4484842659262649,False
box,0.5,2,1.5,0.0,0.5,7.19797198678318e-05,-0.0018247561694275105,0.44984477116781285,False
box,0.5,2,1.38581929876693,0.5740251485476346,0.5,0.0018006244690272361,-0.005878010996184905,0.44541959763385824,False
box,0.5,2,1.0606601717798214,1.0606601717798214,0.5,0.0017227428297137463,-0.004879579983108801,0.43953965402649436,False
box,0.5,2,0.5740251485476348,1.38581929876693,0.5,-0.0015088703040625853,0.0007682695407071845,0.4387430117308174,False
box,0.5,2,9.184850993605148e-17,1.5,0.5,-0.0009006819340577903,0.0024222524729853867,0.44035383138917705,False
box,0.5,2,-0.5740251485476346,1.38581929876693,0.5,-0.0001868651164713942,-0.0012848586564261988,0.4402993771681675,False
box,0.5,2,-1.0606601717798212,1.0606601717798214,0.5,-0.001810136012899612,-0.004992690560585489,0.4428281421881657,False
box,0.5,2,-1.38581929876693,0.5740251485476349,0.5,-0.0007991508533979706,-0.002705594153878311,0.4468524800456312,False
box,0.5,2,-1.5,1.8369701987210297e-16,0.5,0.00035166845020911914,0.0017979555916872157,0.44712691395715587,False
box,0.5,2,-1.3858192987669302,-0.5740251485476345,0.5,-0.0001589467684466464,0.004613941378376391,0.4443371180379617,False
box,0.5,2,-1.0606601717798214,-1.0606601717798212,0.5,-0.0012568316698916727,0.004234085752949241,0.4413149221451114,False
box,0.5,2,-0.5740251485476355,-1.3858192987669298,0.5,-0.0010873543517893468,0.00043524060098167386,0.4408190171651346,False
box,0.5,2,-2.755455298081545e-16,-1.5,0.5,0.0009587661109977096,-0.000762322238905489,0.44103614008837233,False
box,0.5,2,0.574025148547635,-1.38581929876693,0.5,0.003103645486660255,0.0012305820679517493,0.443343331332461,False
box,0.5,2,1.060660171779821,-1.0606601717798214,0.5,0.0025250292262661623,0.004883996136063773,0.44605835358150603,False
box,0.5,2,1.3858192987669298,-0.5740251485476355,0.5,0.00041292118441223235,0.0032421106099303557,0.44953899189680097,False
box,0.5,2,2.0,0.0,0.5,0.0033449441371845023,-0.00043871539641304746,0.45397129371489475,False
box,0.5,2,1.8477590650225735,0.7653668647301796,0.5,0.008205291900596675,-0.0011049423262964513,0.4521458626514707,False
box,0.5,2,1.4142135623730951,1.4142135623730951,0.5,0.010417212607980134,0.00790120144419064,0.4512100148853168,False
box,0.5,2,0.7653668647301797,1.8477590650225735,0.5,0.003001357410051051,0.014780374390882301,0.4532216578424688,False
box,0.5,2,1.2246467991473532e-16,2.0,0.5,8.904171895146575e-05,0.013724838011412888,0.454680064940549,False
box,0.5,2,-0.7653668647301795,1.8477590650225735,0.5,-0.002966346608235546,0.012825570275476728,0.45234741643597876,False
box,0.5,2,-1.414213562373095,1.4142135623730951,0.5,-0.0086326225276495,0.004800527390996656,0.4509582823323416,False
box,0.5,2,-1.8477590650225735,0.7653668647301798,0.5,-0.005177314432057789,-1.5679037426655962e-05,0.4517794873938633,False
box,0.5,2,-2.0,2.4492935982947064e-16,0.5,-0.003177343390769583,0.0018009441547484066,0.45084100661206983,False
box,0.5,2,-1.8477590650225737,-0.7653668647301793,0.5,-0.0055055948397820225,0.0007665580149705943,0.4492180568068319,False
box,0.5,2,-1.4142135623730954,-1.414213562373095,0.5,-0.008302802874977212,-0.008851346572798596,0.452550328969584,False
box,0.5,2,-0.7653668647301807,-1.847759065022573,0.5,-0.0060400278928551075,-0.02045283606539389,0.46119105092457163,False
box,0.5,2,-3.6739403974420594e-16,-2.0,0.5,0.0012975291211404466,-0.026021048426890292,0.46640834222069405,False
box,0.5,2,0.76536686473018,-1.8477590650225733,0.5,0.008581120465214082,-0.022680019947656744,0.46620733250325563,False
box,0.5,2,1.4142135623730947,-1.4142135623730954,0.5,0.009218562286387386,-0.009188097733813629,0.4576563533388196,False
box,0.5,2,1.847759065022573,-0.7653668647301808,0.5,0.004299423756093843,0.0003660403673543622,0.4539331676901823,False
box,0.5,2,2.5,0.0,0.5,0.015941551909099183,0.001309528874474275,0.4686256637939896,False
box,0.5,2,2.309698831278217,0.9567085809127245,0.5,0.022867393844185985,0.010610710215660589,0.47537081057765324,False
box,0.5,2,1.7677669529663689,1.7677669529663689,0.5,0.023684478957867433,0.02651695466633528,0.4860984847525304,False
box,0.5,2,0.9567085809127246,2.309698831278217,0.5,0.013443193949919491,0.031557784537718916,0.48868289292845524,False
box,0.5,2,1.5308084989341916e-16,2.5,0.5,-0.00037883864066268013,0.030147493990081705,0.48498075312880856,False
box,0.5,2,-0.9567085809127243,2.309698831278217,0.5,-0.01382828093143898,0.03336366239446135,0.4882791469288198,False
box,0.5,2,-1.7677669529663687,1.7677669529663689,0.5,-0.022353772734679766,0.025973713974515606,0.4823583001772055,False
box,0.5,2,-2.309698831278217,0.9567085809127247,0.5,-0.017191348343650395,0.009607718723792414,0.4695215986517401,False
box,0.5,2,-2.5,3.061616997868383e-16,0.5,-0.013439233215242265,0.0012129511000220103,0.4635466685596693,False
box,0.5,2,-2.309698831278217,-0.9567085809127241,0.5,-0.017142094509361914,-0.008593156941940404,0.467664798997813,False
box,0.5,2,-1.7677669529663693,-1.7677669529663687,0.5,-0.018338139019519015,-0.02762059549135061,0.4850138885852531,False
box,0.5,2,-0.9567085809127258,-2.309698831278216,0.5,-0.010991240529831848,-0.03759880661011106,0.5036911447545933,False
box,0.5,2,-4.592425496802574e-16,-2.5,0.5,0.0026472140898011125,-0.03928019657498644,0.5102366438043626,False
box,0.5,2,0.956708580912725,-2.3096988312782165,0.5,0.015683657051271453,-0.042449172915523525,0.5151976699442523,False
box,0.5,2,1.7677669529663684,-1.7677669529663693,0.5,0.01959900771678301,-0.032050431105328785,0.4935539537673361,False
box,0.5,2,2.309698831278216,-0.956708580912726,0.5,0.01734699563504344,-0.009920824863452325,0.47199496335254326,False
box,0.5,2,3.0,0.0,0.5,0.038183191871830335,0.0036369017498196765,0.5054057642904917,False
box,0.5,2,2.77163859753386,1.1480502970952693,0.5,0.04333925467869858,0.023742415503185968,0.5231048242724445,False
box,0.5,2,2.121320343559643,2.121320343559643,0.5,0.03361325255267089,0.036406327505135345,0.5390466633283114,False
box,0.5,2,1.1480502970952695,2.77163859753386,0.5,0.01981758247344448,0.04301551378946959,0.539969978723152,False
box,0.5,2,1.8369701987210297e-16,3.0,0.5,-0.0007719941203557201,0.04811581183447389,0.535495310064417,False
box,0.5,2,-1.1480502970952693,2.77163859753386,0.5,-0.021300018111779357,0.0437573128721693,0.5401490309140717,False
box,0.5,2,-2.1213203435596424,2.121320343559643,0.5,-0.035277156806433764,0.0431108175779852,0.5390131369491304,False
box,0.5,2,-2.77163859753386,1.1480502970952697,0.5,-0.03578969306075208,0.024205655419495327,0.5101600706297919,False
box,0.5,2,-3.0,3.6739403974420594e-16,0.5,-0.03147050472949986,0.0009732939763205727,0.49400527380582393,False
box,0.5,2,-2.7716385975338604,-1.148050297095269,0.5,-0.03240242463127596,-0.01975579822285057,0.505357905412083,False
box,0.5,2,-2.121320343559643,-2.1213203435596424,0.5,-0.02654163750139222,-0.03933894669512075,0.535151705086169,False
box,0.5,2,-1.148050297095271,-2.7716385975338595,0.5,-0.014836164350437237,-0.04330726933804303,0.5530734668918049,False
box,0.5,2,-5.51091059616309e-16,-3.0,0.5,0.0030135790252065926,-0.04102085293544383,0.5529273900364999,False
box,0.5,2,1.14805029709527,-2.77163859753386,0.5,0.022338883226116095,-0.047820742869163255,0.5702772199020714,False
box,0.5,2,2.121320343559642,-2.121320343559643,0.5,0.0254942354105982,-0.04671769733387544,0.5475983864425743,False
box,0.5,2,2.7716385975338595,-1.148050297095271,0.5,0.03138207685219302,-0.0195810074539373,0.5086331648832183,False
box,0.5,2,0.5,0.0,1.0,0.0019136207728790433,-0.0036865463402796506,0.48528359644617347,False
box,0.5,2,0.46193976625564337,0.1913417161825449,1.0,0.0012469660303189487,-0.006341437274498612,0.48443322828035246,False
box,0.5,2,0.3535533905932738,0.3535533905932738,1.0,0.0003667028943584705,-0.007694429809909067,0.48367180952482264,False
box,0.5,2,0.19134171618254492,0.46193976625564337,1.0,-0.0006650255221100246,-0.008115709168682973,0.48297246163340934,False
box,0.5,2,3.061616997868383e-17,0.5,1.0,-0.001463509113656891,-0.007792733094441173,0.48262933565305244,False
box,0.5,2,-0.19134171618254486,0.46193976625564337,1.0,-0.0016703706039402672,-0.006691740256703823,0.4829686450227572,False
box,0.5,2,-0.35355339059327373,0.3535533905932738,1.0,-0.001407146128057351,-0.004968305237553939,0.48343420810818705,False
box,0.5,2,-0.46193976625564337,0.19134171618254495,1.0,-0.0007768809771545281,-0.002685190735434863,0.483769843234323,False
box,0.5,2,-0.5,6.123233995736766e-17,1.0,1.1318246584179639e-05,3.1395147188972036e-05,0.48410214729396595,False
box,0.5,2,-0.4619397662556434,-0.19134171618254484,1.0,0.0005825616153453183,0.002501550348250966,0.4847403417783472,False
box,0.5,2,-0.35355339059327384,-0.35355339059327373,1.0,0.0010293548929345784,0.0041930932002129,0.4854888193288058,False
box,0.5,2,-0.19134171618254517,-0.46193976625564326,1.0,0.0015665609752683633,0.005249024750325733,0.48600319042565726,False
box,0.5,2,-9.184850993605148e-17,-0.5,1.0,0.0021445531761419274,0.005452190755443342,0.4862980948395641,False
box,0.5,2,0.191341716182545,-0.4619397662556433,1.0,0.002588406575157987,0.004443800067493578,0.48666155148871193,False
box,0.5,2,0.3535533905932737,-0.35355339059327384,1.0,0.0026939616137342053,0.0024271083110274684,0.4866731146879962,False
box,0.5,2,0.46193976625564326,-0.1913417161825452,1.0,0.0024347490520508805,-0.0003634763093585757,0.48614725540956827,False
box,0.5,2,1.0,0.0,1.0,0.0038302746462738346,-0.004575141045127684,0.49124337266475715,False
box,0.5,2,0.9238795325112867,0.3826834323650898,1.0,0.004036748725624912,-0.008117908911755171,0.490137562089354,False
box,0.5,2,0.7071067811865476,0.7071067811865476,1.0,0.0027831041812172996,-0.007769351318228058,0.4894586053124461,False
box,0.5,2,0.38268343236508984,0.9238795325112867,1.0,-8.99460917095232e-05,-0.0035499730829102617,0.4898978349278976,False
box,0.5,2,6.123233995736766e-17,1.0,1.0,-0.0023803104670762076,-0.0021626738137735524,0.48905651758215085,False
box,0.5,2,-0.3826834323650897,0.9238795325112867,1.0,-0.0034029970155268503,-0.0037413963245039807,0.48913562711494096,False
box,0.5,2,-0.7071067811865475,0.7071067811865476,1.0,-0.0038552552265947236,-0.005184137144006311,0.48850556539549284,False
box,0.5,2,-0.9238795325112867,0.3826834323650899,1.0,-0.0028843638177226284,-0.0024492069892022143,0.48846222946411044,False
box,0.5,2,-1.0,1.2246467991473532e-16,1.0,-0.0014437311383239675,0.0015607754846038702,0.4883249139612167,False
box,0.5,2,-0.9238795325112868,-0.38268343236508967,1.0,-0.0011420587655147306,0.004072260987744066,0.4900596104381243,False
box,0.5,2,-0.7071067811865477,-0.7071067811865475,1.0,-0.0010387104883910966,0.0044502148988301285,0.49284098504274787,False
box,0.5,2,-0.38268343236509034,-0.9238795325112865,1.0,-5.950589474464793e-05,0.002140688189749817,0.49675989701193424,False
box,0.5,2,-1.8369701987210297e-16,-1.0,1.0,0.0024906219665951066,0.00185992357871767,0.4978631847149977,False
box,0.5,2,0.38268343236509,-0.9238795325112866,1.0,0.004832711573888821,0.0023014205093019337,0.49778256432448903,False
box,0.5,2,0.7071067811865474,-0.7071067811865477,1.0,0.005275044853286061,0.0036244262216768392,0.4951195972672338,False
box,0.5,2,0.9238795325112865,-0.3826834323650904,1.0,0.0043815213641564404,0.0006866496576500606,0.4932786646990872,False
box,0.5,2,1.5,0.0,1.0,0.008011474819596187,-0.003409372446476544,0.5031142452153317,False
box,0.5,2,1.38581929876693,0.5740251485476346,1.0,0.012308517560975944,-0.003082999202250033,0.5053254948714883,False
box,0.5,2,1.0606601717798214,1.0606601717798214,1.0,0.012980189007429721,0.00745934445536231,0.512301767486116,False
box,0.5,2,0.5740251485476348,1.38581929876693,1.0,0.00547284130920563,0.01986603460745921,0.5168850313470043,False
box,0.5,2,9.184850993605148e-17,1.5,1.0,-0.00035262539111868775,0.021699187961619404,0.5139016903652089,False
box,0.5,2,-0.5740251485476346,1.38581929876693,1.0,-0.005526255135435623,0.01522113589263311,0.5120934493889978,False
box,0.5,2,-1.0606601717798212,1.0606601717798214,1.0,-0.010384027332978323,0.003969046502985185,0.5057109667930374,False
box,0.5,2,-1.38581929876693,0.5740251485476349,1.0,-0.008619949554446036,0.0005516286422844352,0.5005256355659642,False
box,0.5,2,-1.5,1.8369701987210297e-16,1.0,-0.006588497210656574,0.002331123057110806,0.49862621629647363,False
box,0.5,2,-1.3858192987669302,-0.5740251485476345,1.0,-0.008155517188264414,-0.0003296709978170035,0.5040345444387992,False
box,0.5,2,-1.0606601717798214,-1.0606601717798212,1.0,-0.009903183636550093,-0.011439523481796597,0.5167127020185186,False
box,0.5,2,-0.5740251485476355,-1.3858192987669298,1.0,-0.0068811407847467546,-0.028065301201360235,0.5336546553662169,False
box,0.5,2,-2.755455298081545e-16,-1.5,1.0,0.0020998280781309117,-0.035014014580752484,0.5404482728636113,False
box,0.5,2,0.574025148547635,-1.38581929876693,1.0,0.010807383479742652,-0.02874859384922765,0.535572091332036,False
box,0.5,2,1.060660171779821,-1.0606601717798214,1.0,0.011933769382267439,-0.01026789805470525,0.518451674011565,False
box,0.5,2,1.3858192987669298,-0.5740251485476355,1.0,0.008484044434240778,-0.0016079464223534299,0.5074651695920569,False
box,0.5,2,2.0,0.0,1.0,0.02284182811034563,-0.00024171711000831042,0.5282019328535157,False
box,0.5,2,1.8477590650225735,0.7653668647301796,1.0,0.03286665970068748,0.013918567244530347,0.5399285047367383,False
box,0.5,2,1.4142135623730951,1.4142135623730951,1.0,0.036657251477026316,0.044109845431095945,0.5674899875518021,False
box,0.5,2,0.7653668647301797,1.8477590650225735,1.0,0.022271402981586454,0.05526760964500657,0.5727172028759605,False
box,0.5,2,1.2246467991473532e-16,2.0,1.0,0.000976761871899215,0.05174547618193282,0.561325929395569,False
box,0.5,2,-0.7653668647301795,1.8477590650225735,1.0,-0.01967645955000498,0.05394245496158516,0.5665523878011487,False
box,0.5,2,-1.414213562373095,1.4142135623730951,1.0,-0.03058083614959391,0.03746011187805341,0.5518738189142588,False
box,0.5,2,-1.8477590650225735,0.7653668647301798,1.0,-0.02426348987690625,0.011969551866952075,0.5278893768387164,False
box,0.5,2,-2.0,2.4492935982947064e-16,1.0,-0.020474377482863626,0.0018407051373754452,0.5213746564325037,False
box,0.5,2,-1.8477590650225737,-0.7653668647301793,1.0,-0.025671591137048293,-0.014687674910314663,0.5354918524790336,False
box,0.5,2,-1.4142135623730954,-1.414213562373095,1.0,-0.02862682403316336,-0.04880763480168977,0.5712091788232312,False
box,0.5,2,-0.7653668647301807,-1.847759065022573,1.0,-0.017877913030935246,-0.07559030262579597,0.6069243330786089,False
box,0.5,2,-3.6739403974420594e-16,-2.0,1.0,0.004829768766966158,-0.08581347537750073,0.6238752576621698,False
box,0.5,2,0.76536686473018,-1.8477590650225733,1.0,0.024867773652679642,-0.08441847079248767,0.6173505934014089,False
box,0.5,2,1.4142135623730947,-1.4142135623730954,1.0,0.03061069946515125,-0.053592776770072986,0.5757605162519789,False
box,0.5,2,1.847759065022573,-0.7653668647301808,1.0,0.024244476434544464,-0.014475140794738134,0.5381571245623512,False
box,0.5,2,2.5,0.0,1.0,0.05959142680316698,0.0036739559585746706,0.5808106057501721,False
box,0.5,2,2.309698831278217,0.9567085809127245,1.0,0.06956662323445424,0.04236272871722652,0.6052805954164353,False
box,0.5,2,1.7677669529663689,1.7677669529663689,1.0,0.06176008114580389,0.07809611743562393,0.6459107534336288,False
box,0.5,2,0.9567085809127246,2.309698831278217,1.0,0.04252617271127955,0.08782928623914706,0.6509800876336665,False
box,0.5,2,1.5308084989341916e-16,2.5,1.0,0.00022462565365023078,0.09084511890394309,0.6341320196988185,False
box,0.5,2,-0.9567085809127243,2.309698831278217,1.0,-0.04239675691399257,0.09042901103248355,0.6472175273659609,False
box,0.5,2,-1.7677669529663687,1.7677669529663689,1.0,-0.05844350893776887,0.08228124596203841,0.6304504099711715,False
box,0.5,2,-2.309698831278217,0.9567085809127247,1.0,-0.05665069026594612,0.038070612588321076,0.583923680143892,False
box,0.5,2,-2.5,3.061616997868383e-16,1.0,-0.05023653870885891,0.0006576048071974644,0.5666561498567537,False
box,0.5,2,-2.309698831278217,-0.9567085809127241,1.0,-0.05476330244134924,-0.03875261969570776,0.5932112404704247,False
box,0.5,2,-1.7677669529663693,-1.7677669529663687,1.0,-0.04801884396822869,-0.08354041640189619,0.6472712129761783,False
box,0.5,2,-0.9567085809127258,-2.309698831278216,1.0,-0.026224893584788897,-0.09534695356069169,0.683750592945739,False
box,0.5,2,-4.592425496802574e-16,-2.5,1.0,0.006521985611133798,-0.08885770196288223,0.691796550216335,False
box,0.5,2,0.956708580912725,-2.3096988312782165,1.0,0.03695902053473535,-0.10251867996046934,0.7005300149841363,False
box,0.5,2,1.7677669529663684,-1.7677669529663693,1.0,0.04753056390535328,-0.09532604488894714,0.6578205381073293,False
box,0.5,2,2.309698831278216,-0.956708580912726,1.0,0.055105187438092076,-0.039259627633501964,0.597423498790431,False
box,0.5,2,3.0,0.0,1.0,0.10274499961852479,0.011002398784570655,0.6593796855718226,False
box,0.5,2,2.77163859753386,1.1480502970952693,1.0,0.10720323895512268,0.06298757915757933,0.689675832438693,False
box,0.5,2,2.121320343559643,2.121320343559643,1.0,0.0751128576887155,0.08547542780630615,0.7192471843893988,False
box,0.5,2,1.1480502970952695,2.77163859753386,1.0,0.046722526542452666,0.10029607903006667,0.7264109903020993,False
box,0.5,2,1.8369701987210297e-16,3.0,1.0,0.002034377611250811,0.11479114139218538,0.7150641206703872,False
box,0.5,2,-1.1480502970952693,2.77163859753386,1.0,-0.04908084989642205,0.09387184860559614,0.7168575436560222,False
box,0.5,2,-2.1213203435596424,2.121320343559643,1.0,-0.07788837736367733,0.10237267794163157,0.7119008868202363,False
box,0.5,2,-2.77163859753386,1.1480502970952697,1.0,-0.09332127101537617,0.06590686255538297,0.6643095065434008,False
box,0.5,2,-3.0,3.6739403974420594e-16,1.0,-0.08877316061058106,0.0013887158162748856,0.6361385470742296,False
box,0.5,2,-2.7716385975338604,-1.148050297095269,1.0,-0.08317990357716909,-0.05900873534973633,0.6678108901218456,False
box,0.5,2,-2.121320343559643,-2.1213203435596424,1.0,-0.059732985885344814,-0.09368261440250786,0.7194799011505896,False
box,0.5,2,-1.148050297095271,-2.7716385975338595,1.0,-0.03267481069536451,-0.09504820136766451,0.7444541270247271,False
box,0.5,2,-5.51091059616309e-16,-3.0,1.0,0.005148096335053391,-0.08561496044927885,0.7374006768684294,False
box,0.5,2,1.14805029709527,-2.77163859753386,1.0,0.048262814495149645,-0.09869992304988068,0.759792457592521,False
box,0.5,2,2.121320343559642,-2.121320343559643,1.0,0.05358920164676813,-0.10968096751375353,0.7308720196906595,False
box,0.5,2,2.7716385975338595,-1.148050297095271,1.0,0.07378630558765062,-0.05187729609163665,0.6637855272937773,False
box,0.5,2,0.0,0.0,0.0,-4.553138052450802e-19,-2.6970354652169787e-18,0.4381581708676152,True
fine,0.25,0,0.5,0.0,0.0,0.6940325148211451,-0.007679697990502721,0.0,False
fine,0.25,0,0.46193976625564337,0.1913417161825449,0.0,0.6914509363920964,-0.007676002050494747,0.0,False
fine,0.25,0,0.3535533905932738,0.3535533905932738,0.0,0.6878717039410959,-0.0068298159844671575,0.0,False
fine,0.25,0,0.19134171618254492,0.46193976625564337,0.0,0.6840504667363629,-0.005535163105893773,-1.8117907117864478e-17,False
fine,0.25,0,3.061616997868383e-17,0.5,0.0,0.6807242110360392,-0.0026716709890248084,-2.775557561562892e-17,False
fine,0.25,0,-0.19134171618254486,0.46193976625564337,0.0,0.6800855735656257,0.001091367147072525,-6.159181328446397e-17,False
fine,0.25,0,-0.35355339059327373,0.3535533905932738,0.0,0.6830183401855296,0.0022762245217562197,0.0,False
fine,0.25,0,-0.46193976625564337,0.19134171618254495,0.0,0.6864272033721773,0.002310810550433938,0.0,False
fine,0.25,0,-0.5,6.123233995736766e-17,0.0,0.6884688383929054,0.003254383160331109,0.0,False
fine,0.25,0,-0.4619397662556434,-0.19134171618254484,0.0,0.6898636500262229,0.005139792306558766,-1.4494325694291614e-16,False
fine,0.25,0,-0.35355339059327384,-0.35355339059327373,0.0,0.6908482126163188,0.005818267154129512,0.0,False
fine,0.25,0,-0.19134171618254517,-0.46193976625564326,0.0,0.691530061827017,0.005205535404170237,0.0,False
fine,0.25,0,-9.184850993605148e-17,-0.5,0.0,0.6924568771719203,0.0036099164897055182,2.7755575615628892e-17,False
fine,0.25,0,0.191341716182545,-0.4619397662556433,0.0,0.6942636976116424,0.0010748323420686795,0.0,False
fine,0.25,0,0.3535533905932737,-0.35355339059327384,0.0,0.6956982867772745,-0.0023251990036765864,-3.156044841711166e-17,False
fine,0.25,0,0.46193976625564326,-0.1913417161825452,0.0,0.6955827169200464,-0.005640314580031154,-3.588214134580091e-17,False
fine,0.25,0,1.0,0.0,0.0,0.7022924500204168,-0.01003213349129961,0.0,False
fine,0.25,0,0.9238795325112867,0.3826834323650898,0.0,0.703760740077296,-0.006696238495840227,0.0,False
fine,0.25,0,0.7071067811865476,0.7071067811865476,0.0,0.6992655543308957,-0.007819364664458308,0.0,False
fine,0.25,0,0.38268343236508984,0.9238795325112867,0.0,0.6841154808929424,-0.0193058970025625,0.0,False
fine,0.25,0,6.123233995736766e-17,1.0,0.0,0.6528987285081023,0.011290834591226241,-2.77555756156289e-17,False
fine,0.25,0,-0.3826834323650897,0.9238795325112867,0.0,0.6728753552524138,0.033610234475267564,0.0,False
fine,0.25,0,-0.7071067811865475,0.7071067811865476,0.0,0.6923347348963643,0.013803063755245076,0.0,False
fine,0.25,0,-0.9238795325112867,0.3826834323650899,0.0,0.6960681626939209,0.005598913045789934,0.0,False
fine,0.25,0,-1.0,1.2246467991473532e-16,0.0,0.6985470517755243,0.006060984767564113,0.0,False
fine,0.25,0,-0.9238795325112868,-0.38268343236508967,0.0,0.7001463053053996,0.014805188216719643,0.0,False
fine,0.25,0,-0.7071067811865477,-0.7071067811865475,0.0,0.701381172222365,0.013577214758797652,0.0,False
fine,0.25,0,-0.38268343236509034,-0.9238795325112865,0.0,0.6937185888963822,0.017452220593688433,0.0,False
fine,0.25,0,-1.8369701987210297e-16,-1.0,0.0,0.697840749361634,0.02291292293312147,5.5511151231257747e-17,False
fine,0.25,0,0.38268343236509,-0.9238795325112866,0.0,0.703136625037858,0.011178352072032317,-8.149042659259662e-17,False
fine,0.25,0,0.7071067811865474,-0.7071067811865477,0.0,0.7084460630580558,-0.00015867125093541013,-1.9160562251316813e-16,False
fine,0.25,0,0.9238795325112865,-0.3826834323650904,0.0,0.7055032980614986,-0.010818589660671674,0.0,False
fine,0.25,0,1.5,0.0,0.0,0.7121545001895431,-0.010016375225442076,0.0,False
fine,0.25,0,1.38581929876693,0.5740251485476346,0.0,0.7200882255740775,0.00666271598203885,0.0,False
fine,0.25,0,1.0606601717798214,1.0606601717798214,0.0,0.732533288349351,0.01466955272528939,0.0,False
fine,0.25,0,0.5740251485476348,1.38581929876693,0.0,0.7105629329467955,-0.02296269846765457,0.0,False
fine,0.25,0,9.184850993605148e-17,1.5,0.0,0.5945736660810534,0.021756631743094505,0.0,False
fine,0.25,0,-0.5740251485476346,1.38581929876693,0.0,0.7245064276596055,0.0691534082502719,0.0,False
fine,0.25,0,-1.0606601717798212,1.0606601717798214,0.0,0.7308026439367943,-0.012645682722091049,0.0,False
fine,0.25,0,-1.38581929876693,0.5740251485476349,0.0,0.7136027939416685,-0.0025673363940191436,0.0,False
fine,0.25,0,-1.5,1.8369701987210297e-16,0.0,0.7156943745539497,0.009469198271610853,0.0,False
fine,0.25,0,-1.3858192987669302,-0.5740251485476345,0.0,0.7216988544507597,0.03229447381010212,0.0,False
fine,0.25,0,-1.0606601717798214,-1.0606601717798212,0.0,0.7380451167072319,0.03983617900460401,0.0,False
fine,0.25,0,-0.5740251485476355,-1.3858192987669298,0.0,0.7015688221483646,0.047749417219560324,0.0,False
fine,0.25,0,-2.755455298081545e-16,-1.5,0.0,0.7097566842666839,0.015915702844042718,0.0,False
fine,0.25,0,0.574025148547635,-1.38581929876693,0.0,0.7341669415636775,-0.014369825883712346,0.0,False
fine,0.25,0,1.060660171779821,-1.0606601717798214,0.0,0.7783802614713119,-0.04583336759831713,0.0,False
fine,0.25,0,1.3858192987669298,-0.5740251485476355,0.0,0.728133471278124,-0.04051851362158175,0.0,False
fine,0.25,0,2.0,0.0,0.0,0.7493358794066323,-0.020503971622569672,0.0,False
fine,0.25,0,1.8477590650225735,0.7653668647301796,0.0,0.7622243557727734,0.06083792508737774,0.0,False
fine,0.25,0,1.4142135623730951,1.4142135623730951,0.0,0.7890976908027529,0.07336216762495441,0.0,False
fine,0.25,0,0.7653668647301797,1.8477590650225735,0.0,0.78417181280794,0.07277032705964954,0.0,False
fine,0.25,0,1.2246467991473532e-16,2.0,0.0,0.6141841747947584,0.006785794224283778,2.7755575615628886e-17,False
fine,0.25,0,-0.7653668647301795,1.8477590650225735,0.0,0.8054901031417663,-0.05412170494833636,0.0,False
fine,0.25,0,-1.414213562373095,1.4142135623730951,0.0,0.7745467693955218,-0.07105993354203634,0.0,False
fine,0.25,0,-1.8477590650225735,0.7653668647301798,0.0,0.7529564016643291,-0.04248948375285492,3.3952677645818074e-16,False
fine,0.25,0,-2.0,2.4492935982947064e-16,0.0,0.7514944871782737,0.01936069408582862,0.0,False
fine,0.25,0,-1.8477590650225737,-0.7653668647301793,0.0,0.7600617235353625,0.06031964796891117,0.0,False
fine,0.25,0,-1.4142135623730954,-1.414213562373095,0.0,0.761135703525676,0.08395515104239229,0.0,False
fine,0.25,0,-0.7653668647301807,-1.847759065022573,0.0,0.7382273762860063,0.055915233661069236,0.0,False
fine,0.25,0,-3.6739403974420594e-16,-2.0,0.0,0.7599754714478983,-0.011834352535385713,0.0,False
fine,0.25,0,0.76536686473018,-1.8477590650225733,0.0,0.8178905844584727,-0.05366603194907924,0.0,False
fine,0.25,0,1.4142135623730947,-1.4142135623730954,0.0,0.8228294457676715,-0.13203823308787038,0.0,False
fine,0.25,0,1.847759065022573,-0.7653668647301808,0.0,0.782242707444208,-0.11167236217503268,0.0,False
fine,0.25,0,2.5,0.0,0.0,0.8449529382100192,-0.04000021493149841,0.0,False
fine,0.25,0,2.309698831278217,0.9567085809127245,0.0,0.7960869889346424,0.09494247135890019,0.0,False
fine,0.25,0,1.7677669529663689,1.7677669529663689,0.0,0.784186493070481,0.10535691380279606,0.0,False
fine,0.25,0,0.9567085809127246,2.309698831278217,0.0,0.8040578795459682,0.09382187886178697,0.0,False
fine,0.25,0,1.5308084989341916e-16,2.5,0.0,0.757932282595132,-0.03633227215104168,1.387778780781444e-17,False
fine,0.25,0,-0.9567085809127243,2.309698831278217,0.0,0.8124201092586023,-0.05674370769962928,0.0,False
fine,0.25,0,-1.7677669529663687,1.7677669529663689,0.0,0.7695819074289391,-0.05582617714817518,0.0,False
fine,0.25,0,-2.309698831278217,0.9567085809127247,0.0,0.803644085350764,-0.07017571649142922,0.0,False
fine,0.25,0,-2.5,3.061616997868383e-16,0.0,0.8370112038842148,0.019152932432699974,0.0,False
fine,0.25,0,-2.309698831278217,-0.9567085809127241,0.0,0.8189736326077095,0.07948287760591784,0.0,False
fine,0.25,0,-1.7677669529663693,-1.7677669529663687,0.0,0.7851607932641222,0.08955630156640544,0.0,False
fine,0.25,0,-0.9567085809127258,-2.309698831278216,0.0,0.7938210591556712,0.02519444415165025,0.0,False
fine,0.25,0,-4.592425496802574e-16,-2.5,0.0,0.7087817129964266,-0.014138525335809279,0.0,False
fine,0.25,0,0.956708580912725,-2.3096988312782165,0.0,0.8441806843179657,-0.0057615442722109295,0.0,False
fine,0.25,0,1.7677669529663684,-1.7677669529663693,0.0,0.8019792566334834,-0.08204426703874505,0.0,False
fine,0.25,0,2.309698831278216,-0.956708580912726,0.0,0.8796804726332855,-0.1522115359662142,0.0,False
fine,0.25,0,3.0,0.0,0.0,0.9875122071864446,-0.040316661013878985,0.0,False
fine,0.25,0,2.77163859753386,1.1480502970952693,0.0,0.8623958331549073,0.15244954289079984,0.0,False
fine,0.25,0,2.121320343559643,2.121320343559643,0.0,0.8389052472965624,0.12969470385863213,0.0,False
fine,0.25,0,1.1480502970952695,2.77163859753386,0.0,0.8168423952302564,0.038040745251909446,0.0,False
fine,0.25,0,1.8369701987210297e-16,3.0,0.0,0.9179456529228354,0.0004136474273984436,-1.6315572881362692e-31,False
fine,0.25,0,-1.1480502970952693,2.77163859753386,0.0,0.8436679267879122,-0.04815945283853308,0.0,False
fine,0.25,0,-2.1213203435596424,2.121320343559643,0.0,0.8247436967038816,-0.07034179717352855,0.0,False
fine,0.25,0,-2.77163859753386,1.1480502970952697,0.0,0.8656413209720549,-0.057397488250637736,0.0,False
fine,0.25,0,-3.0,3.6739403974420594e-16,0.0,0.9217223094259098,0.013450763448153243,0.0,False
fine,0.25,0,-2.7716385975338604,-1.148050297095269,0.0,0.881093560226066,0.08773548273434786,5.417202908184194e-16,False
fine,0.25,0,-2.121320343559643,-2.1213203435596424,0.0,0.8525711142723778,0.10144412645358188,0.0,False
fine,0.25,0,-1.148050297095271,-2.7716385975338595,0.0,0.8513790185334651,0.050655860398538866,0.0,False
fine,0.25,0,-5.51091059616309e-16,-3.0,0.0,0.6514087510945156,-0.033828927316121166,2.775557561562879e-17,False
fine,0.25,0,1.14805029709527,-2.77163859753386,0.0,0.8637473086426324,-0.02967840799798263,0.0,False
fine,0.25,0,2.121320343559642,-2.121320343559643,0.0,0.8644690200699234,-0.07977647632987095,0.0,False
fine,0.25,0,2.7716385975338595,-1.148050297095271,0.0,0.9295759983669938,-0.16105762037680366,0.0,False
fine,0.25,0,0.5,0.0,0.2,0.6937281078936489,-0.008033066065390181,-0.0013602756540079142,False
fine,0.25,0,0.46193976625564337,0.1913417161825449,0.2,0.6911241674410923,-0.007997881051694997,-0.0019096434684717249,False
fine,0.25,0,0.3535533905932738,0.3535533905932738,0.2,0.68757774752634,-0.0071078503116220075,-0.00204203431981668,False
fine,0.25,0,0.19134171618254492,0.46193976625564337,0.2,0.683889358263342,-0.005916722658629877,-0.002026590432316919,False
fine,0.25,0,3.061616997868383e-17,0.5,0.2,0.6805607526068067,-0.003202815451053854,-0.0019961784542237514,False
fine,0.25,0,-0.19134171618254486,0.46193976625564337,0.2,0.6796793654599819,0.0005650382151657245,-0.0012577149783182097,False
fine,0.25,0,-0.35355339059327373,0.3535533905932738,0.2,0.6825177368255618,0.0017634819870612952,5.090025569728168e-05,False
fine,0.25,0,-0.46193976625564337,0.19134171618254495,0.2,0.685936443283618,0.0018327164394954577,0.0014082019028080791,False
fine,0.25,0,-0.5,6.123233995736766e-17,0.2,0.6879636222162343,0.0028858502857350473,0.0024365566119151976,False
fine,0.25,0,-0.4619397662556434,-0.19134171618254484,0.2,0.6893669713463032,0.004921418539491275,0.002766289524532458,False
fine,0.25,0,-0.35355339059327384,-0.35355339059327373,0.2,0.6904195025055759,0.005615795201801826,0.002579624819493532,False
fine,0.25,0,-0.19134171618254517,-0.46193976625564326,0.2,0.6911494734878367,0.004925148926105209,0.0022018719519467764,False
fine,0.25,0,-9.184850993605148e-17,-0.5,0.2,0.6920804040921177,0.003290377832792402,0.0016144500416990673,False
fine,0.25,0,0.191341716182545,-0.4619397662556433,0.2,0.6939099290940887,0.0007991192948217067,0.0008322220517039027,False
fine,0.25,0,0.3535533905932737,-0.35355339059327384,0.2,0.695391360089822,-0.0025632043891409577,6.51789719996268e-05,False
fine,0.25,0,0.46193976625564326,-0.1913417161825452,0.2,0.6952820807158093,-0.005922118859755755,-0.0006474902780988622,False
fine,0.25,0,1.0,0.0,0.2,0.7015854902047017,-0.01007982275823487,-0.003673676613530397,False
fine,0.25,0,0.9238795325112867,0.3826834323650898,0.2,0.7035218732670244,-0.006892603848397197,-0.003858083292334661,False
fine,0.25,0,0.7071067811865476,0.7071067811865476,0.2,0.6989382999260746,-0.008004748321009959,-0.003839883294023348,False
fine,0.25,0,0.38268343236508984,0.9238795325112867,0.2,0.6841970219840999,-0.02066933605466575,-0.004698489186883862,False
fine,0.25,0,6.123233995736766e-17,1.0,0.2,0.6516034027912677,0.01160329991053008,-0.003584031767360153,False
fine,0.25,0,-0.3826834323650897,0.9238795325112867,0.2,0.6720352038115559,0.034920610703659594,0.00026061528473537575,False
fine,0.25,0,-0.7071067811865475,0.7071067811865476,0.2,0.6915825517660686,0.013853455756608344,0.001580965304698292,False
fine,0.25,0,-0.9238795325112867,0.3826834323650899,0.2,0.6953918539988375,0.005444853623684944,0.0033249260760037113,False
fine,0.25,0,-1.0,1.2246467991473532e-16,0.2,0.6980029005611076,0.005625230657023027,0.00511133810877773,False
fine,0.25,0,-0.9238795325112868,-0.38268343236508967,0.2,0.6995171936560733,0.014856436844830883,0.005336497805347924,False
fine,0.25,0,-0.7071067811865477,-0.7071067811865475,0.2,0.7010136507404526,0.013165740747090484,0.004394512557227282,False
fine,0.25,0,-0.38268343236509034,-0.9238795325112865,0.2,0.6930425456303366,0.01722042621634469,0.004014289133713876,False
fine,0.25,0,-1.8369701987210297e-16,-1.0,0.2,0.6974251049841397,0.023582746536167182,0.0016941333123655653,False
fine,0.25,0,0.38268343236509,-0.9238795325112866,0.2,0.7022818181187541,0.01150978854665681,0.00023807258318408816,False
fine,0.25,0,0.7071067811865474,-0.7071067811865477,0.2,0.7073339147285473,0.00043048139805307295,-0.0021896795006388957,False
fine,0.25,0,0.9238795325112865,-0.3826834323650904,0.2,0.7044547988611893,-0.010602607736231166,-0.003120342529919466,False
fine,0.25,0,1.5,0.0,0.2,0.7109744347101766,-0.009329917292794754,-0.00831061793900716,False
fine,0.25,0,1.38581929876693,0.5740251485476346,0.2,0.7195578257559098,0.006365958538540114,-0.006109550950624324,False
fine,0.25,0,1.0606601717798214,1.0606601717798214,0.2,0.7323211980071216,0.015214077596190442,-0.00563987761360114,False
fine,0.25,0,0.5740251485476348,1.38581929876693,0.2,0.7120325747877121,-0.02552646843165578,-0.01581894316776585,False
fine,0.25,0,9.184850993605148e-17,1.5,0.2,0.5893409479746918,0.02227762448269824,0.0004380110868488284,False
fine,0.25,0,-0.5740251485476346,1.38581929876693,0.2,0.7271636766035632,0.07327200532814633,0.01456033940239281,False
fine,0.25,0,-1.0606601717798212,1.0606601717798214,0.2,0.730463942344644,-0.013935017912799127,0.002340039042382298,False
fine,0.25,0,-1.38581929876693,0.5740251485476349,0.2,0.7127668817723112,-0.0023328571602194946,0.007004105650331846,False
fine,0.25,0,-1.5,1.8369701987210297e-16,0.2,0.7150883963157453,0.009151241676283737,0.007518927142987408,False
fine,0.25,0,-1.3858192987669302,-0.5740251485476345,0.2,0.7212595337657112,0.03256201890805056,0.008021343183716627,False
fine,0.25,0,-1.0606601717798214,-1.0606601717798212,0.2,0.7391581780378982,0.04008860150915554,0.006129946503632803,False
fine,0.25,0,-0.5740251485476355,-1.3858192987669298,0.2,0.7003322878819382,0.04913330339635286,0.0061420097877728785,False
fine,0.25,0,-2.755455298081545e-16,-1.5,0.2,0.7093497690329221,0.015900212145449386,-0.0017720375382663453,False
fine,0.25,0,0.574025148547635,-1.38581929876693,0.2,0.7329700684099527,-0.014620277874937599,-0.004204978848043383,False
fine,0.25,0,1.060660171779821,-1.0606601717798214,0.2,0.7789306988835201,-0.046321236212819146,-0.008679853723691212,False
fine,0.25,0,1.3858192987669298,-0.5740251485476355,0.2,0.7267597591286096,-0.04028279773046607,-0.010106881703370218,False
fine,0.25,0,2.0,0.0,0.2,0.7493370608833251,-0.020087012468211898,-0.012580932158010327,False
fine,0.25,0,1.8477590650225735,0.7653668647301796,0.2,0.7636176629874041,0.06351987965933491,-0.0023841338610341247,False
fine,0.25,0,1.4142135623730951,1.4142135623730951,0.2,0.7910418963441231,0.07517843227530896,0.006778126664634399,False
fine,0.25,0,0.7653668647301797,1.8477590650225735,0.2,0.7879694078734416,0.07466540123851537,-0.009982114286400908,False
fine,0.25,0,1.2246467991473532e-16,2.0,0.2,0.6093841711169544,0.006641383431181227,0.001186687761439856,False
fine,0.25,0,-0.7653668647301795,1.8477590650225735,0.2,0.8103739818844184,-0.05605651305245659,0.007342154948970162,False
fine,0.25,0,-1.414213562373095,1.4142135623730951,0.2,0.7752245156633912,-0.07361557563596627,-0.005758108312894962,False
fine,0.25,0,-1.8477590650225735,0.7653668647301798,0.2,0.7535108895507906,-0.04427316540709071,0.007502719797259347,False
fine,0.25,0,-2.0,2.4492935982947064e-16,0.2,0.7511818096621248,0.019882843164253736,0.010346472597547418,False
fine,0.25,0,-1.8477590650225737,-0.7653668647301793,0.2,0.7607467945695295,0.06171862179212918,0.005494644038341977,False
fine,0.25,0,-1.4142135623730954,-1.414213562373095,0.2,0.7618790547231457,0.08548822889959935,-0.005473465780150945,False
fine,0.25,0,-0.7653668647301807,-1.847759065022573,0.2,0.7379279707414995,0.05749834076503466,-0.005283052880805496,False
fine,0.25,0,-3.6739403974420594e-16,-2.0,0.2,0.7613645157523712,-0.012130922451557119,0.001675139091589977,False
fine,0.25,0,0.76536686473018,-1.8477590650225733,0.2,0.8198124006553211,-0.05483446879651669,0.0031865248034181805,False
fine,0.25,0,1.4142135623730947,-1.4142135623730954,0.2,0.8238498386197494,-0.13480343032567516,0.010004685862125278,False
fine,0.25,0,1.847759065022573,-0.7653668647301808,0.2,0.7833445445839232,-0.11424962687309273,-0.008735163170613328,False
fine,0.25,0,2.5,0.0,0.2,0.8478248149537615,-0.03984749551708208,-0.0040641891713956825,False
fine,0.25,0,2.309698831278217,0.9567085809127245,0.2,0.7970164391238757,0.09716488103805172,0.00801987094355631,False
fine,0.25,0,1.7677669529663689,1.7677669529663689,0.2,0.7849854112589854,0.10578564665472093,0.011823947887343018,False
fine,0.25,0,0.9567085809127246,2.309698831278217,0.2,0.8062516643305739,0.09529879761734056,0.005465551973387177,False
fine,0.25,0,1.5308084989341916e-16,2.5,0.2,0.758363409686627,-0.03764850465193725,-0.0026205959155747214,False
fine,0.25,0,-0.9567085809127243,2.309698831278217,0.2,0.8146670400701577,-0.057430755919886556,-0.004132037775776357,False
fine,0.25,0,-1.7677669529663687,1.7677669529663689,0.2,0.7701688944346885,-0.05683409855976667,-0.014597114452814091,False
fine,0.25,0,-2.309698831278217,0.9567085809127247,0.2,0.8052344460522866,-0.07272723624349364,-0.003457505499504157,False
fine,0.25,0,-2.5,3.061616997868383e-16,0.2,0.8392177696631422,0.019301960629356935,0.006537774509724059,False
fine,0.25,0,-2.309698831278217,-0.9567085809127241,0.2,0.820060540216319,0.08106055554686668,-0.0015740352679904754,False
fine,0.25,0,-1.7677669529663693,-1.7677669529663687,0.2,0.7854089622572038,0.0904408964377354,-0.008786398909830863,False
fine,0.25,0,-0.9567085809127258,-2.309698831278216,0.2,0.7942346106230165,0.025276851664155903,-0.006632006081641952,False
fine,0.25,0,-4.592425496802574e-16,-2.5,0.2,0.7083772542361381,-0.014197101417953046,0.0009381357414176134,False
fine,0.25,0,0.956708580912725,-2.3096988312782165,0.2,0.8459918761374565,-0.005668223803362348,0.008181100101093994,False
fine,0.25,0,1.7677669529663684,-1.7677669529663693,0.2,0.8010556938716945,-0.08308276756725579,0.014400098779885457,False
fine,0.25,0,2.309698831278216,-0.956708580912726,0.2,0.8818911433963377,-0.15391071215957666,0.0023367135200324613,False
fine,0.25,0,3.0,0.0,0.2,0.9928768981575565,-0.03899762512665887,0.015941941112101433,False
fine,0.25,0,2.77163859753386,1.1480502970952693,0.2,0.8654586775663625,0.15453771013945822,0.02213074280492805,False
fine,0.25,0,2.121320343559643,2.121320343559643,0.2,0.8398442057305072,0.129548846524876,0.01613498368188449,False
fine,0.25,0,1.1480502970952695,2.77163859753386,0.2,0.8184106750382703,0.03779636506231408,0.01115259334770101,False
fine,0.25,0,1.8369701987210297e-16,3.0,0.2,0.919902390385097,8.172140140340181e-05,-0.006894601840955203,False
fine,0.25,0,-1.1480502970952693,2.77163859753386,0.2,0.8463302535158045,-0.04815139507330503,-0.010527453585768272,False
fine,0.25,0,-2.1213203435596424,2.121320343559643,0.2,0.8262464351899774,-0.0718637993358718,-0.022782349163543953,False
fine,0.25,0,-2.77163859753386,1.1480502970952697,0.2,0.867863018060398,-0.05921562169375642,-0.014637316030295415,False
fine,0.25,0,-3.0,3.6739403974420594e-16,0.2,0.924992199256698,0.014332802755862687,-0.009150819686271917,False
fine,0.25,0,-2.7716385975338604,-1.148050297095269,0.2,0.8837468886159902,0.08838734116058378,-0.012879876424469932,False
fine,0.25,0,-2.121320343559643,-2.1213203435596424,0.2,0.85359741449287,0.1025541480218672,-0.016140549748522862,False
fine,0.25,0,-1.148050297095271,-2.7716385975338595,0.2,0.8523687440614054,0.05028827724706359,-0.007362889925863907,False
fine,0.25,0,-5.51091059616309e-16,-3.0,0.2,0.6501475671382979,-0.03491766818785619,0.0040947141949818685,False
fine,0.25,0,1.14805029709527,-2.77163859753386,0.2,0.8654913930317008,-0.030430793711238854,0.012918328722725546,False
fine,0.25,0,2.121320343559642,-2.121320343559643,0.2,0.8643270940332702,-0.08012096105016303,0.014465788256578153,False
fine,0.25,0,2.7716385975338595,-1.148050297095271,0.2,0.9334435621373117,-0.16362397642684995,0.02533374284186599,False
fine,0.25,0,0.5,0.0,0.5,0.692438262239433,-0.009882393669356393,-0.0024319287966569902,False
fine,0.25,0,0.46193976625564337,0.1913417161825449,0.5,0.6896527223900428,-0.009580058155253438,-0.0038343112981684088,False
fine,0.25,0,0.3535533905932738,0.3535533905932738,0.5,0.6862585671222592,-0.008356856396800838,-0.004173326719461247,False
fine,0.25,0,0.19134171618254492,0.46193976625564337,0.5,0.6833582985749937,-0.007712657321184835,-0.004284563931437546,False
fine,0.25,0,3.061616997868383e-17,0.5,0.5,0.6801123169244365,-0.005936180146245987,-0.004717492315784444,False
fine,0.25,0,-0.19134171618254486,0.46193976625564337,0.5,0.6778899839983696,-0.0022738367253937876,-0.0033921004132532887,False
fine,0.25,0,-0.35355339059327373,0.3535533905932738,0.5,0.6801747932646409,-0.001016720938286625,-0.0003602394277720621,False
fine,0.25,0,-0.46193976625564337,0.19134171618254495,0.5,0.6836338961678563,-0.0007104109345295252,0.0029573897727468356,False
fine,0.25,0,-0.5,6.123233995736766e-17,0.5,0.6855552980167336,0.0010109944634975048,0.005510631794189091,False
fine,0.25,0,-0.4619397662556434,-0.19134171618254484,0.5,0.6869912750174009,0.003925409778622176,0.006255936201678303,False
fine,0.25,0,-0.35355339059327384,-0.35355339059327373,0.5,0.6884185385756414,0.004722597816816713,0.005776485005762319,False
fine,0.25,0,-0.19134171618254517,-0.46193976625564326,0.5,0.6894313578823527,0.0035536394175596795,0.005018993593619812,False
fine,0.25,0,-9.184850993605148e-17,-0.5,0.5,0.6904029094427652,0.001617727556970498,0.00391463353908289,False
fine,0.25,0,0.191341716182545,-0.4619397662556433,0.5,0.6924077196328317,-0.0006896173763582267,0.0023926312512678894,False
fine,0.25,0,0.3535533905932737,-0.35355339059327384,0.5,0.6941771651572743,-0.003860669702724034,0.0008671952873874612,False
fine,0.25,0,0.46193976625564326,-0.1913417161825452,0.5,0.6940746801333867,-0.007440930604587531,-0.0006750357046202138,False
fine,0.25,0,1.0,0.0,0.5,0.6982954295721124,-0.010413115107096527,-0.006987703245652455,False
fine,0.25,0,0.9238795325112867,0.3826834323650898,0.5,0.702752215058843,-0.007682416786357645,-0.007462156978772038,False
fine,0.25,0,0.7071067811865476,0.7071067811865476,0.5,0.6975154327899106,-0.008422559789457865,-0.007129845014618781,False
fine,0.25,0,0.38268343236508984,0.9238795325112867,0.5,0.6850879384379966,-0.026765387123848048,-0.008690993735775141,False
fine,0.25,0,6.123233995736766e-17,1.0,0.5,0.6461243405177992,0.013415406097728516,-0.008202924974766825,False
fine,0.25,0,-0.3826834323650897,0.9238795325112867,0.5,0.6682025204069059,0.04088024940370076,-0.0013189076633995434,False
fine,0.25,0,-0.7071067811865475,0.7071067811865476,0.5,0.6878658869453609,0.01380360929859515,0.0023739286887692517,False
fine,0.25,0,-0.9238795325112867,0.3826834323650899,0.5,0.6922272897664463,0.004572383628111874,0.006633150083697213,False
fine,0.25,0,-1.0,1.2246467991473532e-16,0.5,0.6955834384340451,0.0033276293169888214,0.011163249432482479,False
fine,0.25,0,-0.9238795325112868,-0.38268343236508967,0.5,0.6965654352760617,0.015464665217169351,0.011424872375515024,False
fine,0.25,0,-0.7071067811865477,-0.7071067811865475,0.5,0.6995244449862392,0.011570466243089824,0.00849251381572693,False
fine,0.25,0,-0.38268343236509034,-0.9238795325112865,0.5,0.690283796780693,0.016163959421590386,0.008376549734972732,False
fine,0.25,0,-1.8369701987210297e-16,-1.0,0.5,0.695937662257852,0.0266464075645044,0.00473092961771382,False
fine,0.25,0,0.38268343236509,-0.9238795325112866,0.5,0.6986273939731276,0.012471047161133127,0.0027450352164456104,False
fine,0.25,0,0.7071067811865474,-0.7071067811865477,0.5,0.7022268184012717,0.0028382819286154426,-0.0025508281822590006,False
fine,0.25,0,0.9238795325112865,-0.3826834323650904,0.5,0.6994100767227487,-0.00982378645341091,-0.005181011268675144,False
fine,0.25,0,1.5,0.0,0.5,0.7057349590255568,-0.005690654568309306,-0.016276798766076794,False
fine,0.25,0,1.38581929876693,0.5740251485476346,0.5,0.717417842877906,0.005184464141932432,-0.010371968998410273,False
fine,0.25,0,1.0606601717798214,1.0606601717798214,0.5,0.7317106128059897,0.019000691609908207,-0.0082034127091056,False
fine,0.25,0,0.5740251485476348,1.38581929876693,0.5,0.7203535127182904,-0.03669622835306616,-0.0286427685276926,False
fine,0.25,0,9.184850993605148e-17,1.5,0.5,0.5652013917395243,0.024537101220621565,0.0008878265882371523,False
fine,0.25,0,-0.5740251485476346,1.38581929876693,0.5,0.7411745818627853,0.09061428186681023,0.024486051734189194,False
fine,0.25,0,-1.0606601717798212,1.0606601717798214,0.5,0.7289435675239426,-0.020975299345157097,0.002539062496126291,False
fine,0.25,0,-1.38581929876693,0.5740251485476349,0.5,0.709142298179008,-0.001251653509991106,0.013855805994050664,False
fine,0.25,0,-1.5,1.8369701987210297e-16,0.5,0.7126859581520031,0.0074741015348616085,0.014703822124959132,False
fine,0.25,0,-1.3858192987669302,-0.5740251485476345,0.5,0.7195217456419252,0.034203503564959985,0.016178197421766603,False
fine,0.25,0,-1.0606601717798214,-1.0606601717798212,0.5,0.7448365078675839,0.04223528877726714,0.009667277786209997,False
fine,0.25,0,-0.5740251485476355,-1.3858192987669298,0.5,0.6956307911156348,0.056156952879136954,0.010908800061333147,False
fine,0.25,0,-2.755455298081545e-16,-1.5,0.5,0.7088261878643097,0.014741990588468309,3.248495810104241e-05,False
fine,0.25,0,0.574025148547635,-1.38581929876693,0.5,0.7288777859568323,-0.017668792223980573,-0.0005621829990430765,False
fine,0.25,0,1.060660171779821,-1.0606601717798214,0.5,0.7814085068617365,-0.05039000203903946,-0.013172175943134233,False
fine,0.25,0,1.3858192987669298,-0.5740251485476355,0.5,0.7202385135819811,-0.039548753321089786,-0.020402209609399872,False
fine,0.25,0,2.0,0.0,0.5,0.7513644341542003,-0.018035606415303107,-0.021383764384685477,False
fine,0.25,0,1.8477590650225735,0.7653668647301796,0.5,0.7718661749782054,0.07748872392358576,0.00235757344369647,False
fine,0.25,0,1.4142135623730951,1.4142135623730951,0.5,0.8007348562673753,0.08398185478213024,0.021723594262308053,False
fine,0.25,0,0.7653668647301797,1.8477590650225735,0.5,0.8066953600274182,0.08364901980762732,-0.011685010542971606,False
fine,0.25,0,1.2246467991473532e-16,2.0,0.5,0.5882657098658859,0.005805271110230635,0.0019158269498665455,False
fine,0.25,0,-0.7653668647301795,1.8477590650225735,0.5,0.8333382934506703,-0.06456864723796976,0.005553351857283669,False
fine,0.25,0,-1.414213562373095,1.4142135623730951,0.5,0.7789542184046628,-0.08548774851900572,-0.016754800015410538,False
fine,0.25,0,-1.8477590650225735,0.7653668647301798,0.5,0.7575472656031472,-0.05376473376638294,0.01101363916333311,False
fine,0.25,0,-2.0,2.4492935982947064e-16,0.5,0.7508945059523428,0.022749055929909705,0.0179638350395841,False
fine,0.25,0,-1.8477590650225737,-0.7653668647301793,0.5,0.7655508876037266,0.0694050686092465,0.005898525988575823,False
fine,0.25,0,-1.4142135623730954,-1.414213562373095,0.5,0.76613141021925,0.0927248919774219,-0.01754652489912256,False
fine,0.25,0,-0.7653668647301807,-1.847759065022573,0.5,0.7382201665862518,0.06411411523801724,-0.0113832992707664,False
fine,0.25,0,-3.6739403974420594e-16,-2.0,0.5,0.7677285909569651,-0.013127296368085,0.00605677211004506,False
fine,0.25,0,0.76536686473018,-1.8477590650225733,0.5,0.8287264709279133,-0.059481810240602596,0.01509963727271063,False
fine,0.25,0,1.4142135623730947,-1.4142135623730954,0.5,0.8289712133265692,-0.14592445382278652,0.020978621621627953,False
fine,0.25,0,1.847759065022573,-0.7653668647301808,0.5,0.790656378423299,-0.12761795606344964,-0.011658675466290527,False
fine,0.25,0,2.5,0.0,0.5,0.8647057815214279,-0.03888672942939131,0.008568077423328546,False
fine,0.25,0,2.309698831278217,0.9567085809127245,0.5,0.8038996648810697,0.10835546553704027,0.033281314467313305,False
fine,0.25,0,1.7677669529663689,1.7677669529663689,0.5,0.7913964508713267,0.10767766840963786,0.039749548005713675,False
fine,0.25,0,0.9567085809127246,2.309698831278217,0.5,0.8170112314985335,0.10180123944377005,0.018728353333866705,False
fine,0.25,0,1.5308084989341916e-16,2.5,0.5,0.7597981191682806,-0.041923261144187596,-0.004463776991457363,False
fine,0.25,0,-0.9567085809127243,2.309698831278217,0.5,0.8247406165374005,-0.06127965367324341,-0.017956292303755575,False
fine,0.25,0,-1.7677669529663687,1.7677669529663689,0.5,0.7749392301938779,-0.06273624832545116,-0.039890630957010065,False
fine,0.25,0,-2.309698831278217,0.9567085809127247,0.5,0.8148292832728972,-0.08529524189940987,-0.020267262918521663,False
fine,0.25,0,-2.5,3.061616997868383e-16,0.5,0.8521293636258278,0.020122988436458628,0.0017188101009182335,False
fine,0.25,0,-2.309698831278217,-0.9567085809127241,0.5,0.826577769104705,0.08987332198813064,-0.016766931339878163,False
fine,0.25,0,-1.7677669529663693,-1.7677669529663687,0.5,0.788102694956464,0.09488904960020253,-0.02901193612561719,False
fine,0.25,0,-0.9567085809127258,-2.309698831278216,0.5,0.7967279974136916,0.026113820814350593,-0.01866125684888712,False
fine,0.25,0,-4.592425496802574e-16,-2.5,0.5,0.7094558659492366,-0.014212960756483269,0.003960533442492079,False
fine,0.25,0,0.956708580912725,-2.3096988312782165,0.5,0.8545832948200083,-0.006162435490907413,0.02661122479376387,False
fine,0.25,0,1.7677669529663684,-1.7677669529663693,0.5,0.7993682081043099,-0.0885014107705655,0.03550874395739137,False
fine,0.25,0,2.309698831278216,-0.956708580912726,0.5,0.8931246274335931,-0.16187074097251333,0.019636488869855716,False
fine,0.25,0,3.0,0.0,0.5,1.017971238250441,-0.033516936171102074,0.06002377426971606,False
fine,0.25,0,2.77163859753386,1.1480502970952693,0.5,0.882297095289227,0.16252743642802644,0.07102836941328385,False
fine,0.25,0,2.121320343559643,2.121320343559643,0.5,0.8464102034851951,0.1282803926455888,0.052217301050159086,False
fine,0.25,0,1.1480502970952695,2.77163859753386,0.5,0.8269799676431008,0.03861782711767781,0.03506929508116456,False
fine,0.25,0,1.8369701987210297e-16,3.0,0.5,0.9235638268252613,-0.0010015841941354155,-0.005586909472183047,False
fine,0.25,0,-1.1480502970952693,2.77163859753386,0.5,0.8558585823084411,-0.048480743300100784,-0.032265558507549696,False
fine,0.25,0,-2.1213203435596424,2.121320343559643,0.5,0.834583615021213,-0.07951055889989538,-0.06405232216053112,False
fine,0.25,0,-2.77163859753386,1.1480502970952697,0.5,0.8810625695026189,-0.0691935996410948,-0.054026546881289265,False
fine,0.25,0,-3.0,3.6739403974420594e-16,0.5,0.9423708697085704,0.0178753931042034,-0.040060758002116614,False
fine,0.25,0,-2.7716385975338604,-1.148050297095269,0.5,0.8979167009756782,0.09364414990822593,-0.049388419100994695,False
fine,0.25,0,-2.121320343559643,-2.1213203435596424,0.5,0.8587426095624261,0.10739091157266599,-0.046370128349358955,False
fine,0.25,0,-1.148050297095271,-2.7716385975338595,0.5,0.8566449334664085,0.04838837234811262,-0.020050039009537668,False
fine,0.25,0,-5.51091059616309e-16,-3.0,0.5,0.6494514637989588,-0.03904076316785141,0.008454937824681057,False
fine,0.25,0,1.14805029709527,-2.77163859753386,0.5,0.8741696927720082,-0.03329034673254914,0.03688495783661486,False
fine,0.25,0,2.121320343559642,-2.121320343559643,0.5,0.8643927121459875,-0.08234813389664314,0.042255416613951644,False
fine,0.25,0,2.7716385975338595,-1.148050297095271,0.5,0.9507174541871353,-0.1737956587427674,0.06019082950754835,False
fine,0.25,0,0.5,0.0,1.0,0.6916973207809872,-0.01630854084839717,0.0022455313108027397,False
fine,0.25,0,0.46193976625564337,0.1913417161825449,1.0,0.6877099198168766,-0.013951388726189643,-0.0003623805504106377,False
fine,0.25,0,0.3535533905932738,0.3535533905932738,1.0,0.6846226399344073,-0.010569656372715447,-0.0013630436237992945,False
fine,0.25,0,0.19134171618254492,0.46193976625564337,1.0,0.6851609475435585,-0.011852937243569055,-0.002807743349458025,False
fine,0.25,0,3.061616997868383e-17,0.5,1.0,0.6830497697093806,-0.014683182167912631,-0.006384697725761556,False
fine,0.25,0,-0.19134171618254486,0.46193976625564337,1.0,0.6756060400344402,-0.012807980423901823,-0.00714276181328882,False
fine,0.25,0,-0.35355339059327373,0.3535533905932738,1.0,0.6753890903011189,-0.011736953530158164,-0.003651310871081266,False
fine,0.25,0,-0.46193976625564337,0.19134171618254495,1.0,0.6789019500139002,-0.01017186599614212,0.0014299739688020052,False
fine,0.25,0,-0.5,6.123233995736766e-17,1.0,0.6801913594244644,-0.005154555271061902,0.0057932741969057835,False
fine,0.25,0,-0.4619397662556434,-0.19134171618254484,1.0,0.6815504251298807,0.0018764842477736524,0.006942731585098483,False
fine,0.25,0,-0.35355339059327384,-0.35355339059327373,1.0,0.6843331250287799,0.00337222052481002,0.006389081956141704,False
fine,0.25,0,-0.19134171618254517,-0.46193976625564326,1.0,0.6865946824161501,-1.9167570995381675e-05,0.006286259667310914,False
fine,0.25,0,-9.184850993605148e-17,-0.5,1.0,0.6879703926662768,-0.003991867885235809,0.00655991129085462,False
fine,0.25,0,0.191341716182545,-0.4619397662556433,1.0,0.6911908707732496,-0.006264331656360223,0.006538518846220657,False
fine,0.25,0,0.3535533905932737,-0.35355339059327384,1.0,0.6944345015553176,-0.008936695800754794,0.0062286056586299396,False
fine,0.25,0,0.46193976625564326,-0.1913417161825452,1.0,0.6941740640455547,-0.01321408076639368,0.00502529512963736,False
fine,0.25,0,1.0,0.0,1.0,0.6919573022005134,-0.01210535049187822,0.0025065416128002838,False
fine,0.25,0,0.9238795325112867,0.3826834323650898,1.0,0.7060179546236698,-0.007168004602311642,0.0023863294627461413,False
fine,0.25,0,0.7071067811865476,0.7071067811865476,1.0,0.6976385029776411,-0.003923187885222296,0.0036862599999556746,False
fine,0.25,0,0.38268343236508984,0.9238795325112867,1.0,0.6928735914153737,-0.0347535423915086,0.001436705240878068,False
fine,0.25,0,6.123233995736766e-17,1.0,1.0,0.6417715887253309,0.02106165788539131,-0.008544185399870785,False
fine,0.25,0,-0.3826834323650897,0.9238795325112867,1.0,0.6612806671781605,0.051222804792041554,-0.011529637772472276,False
fine,0.25,0,-0.7071067811865475,0.7071067811865476,1.0,0.6784045391671587,0.01049383630396791,-0.005736873738406622,False
fine,0.25,0,-0.9238795325112867,0.3826834323650899,1.0,0.6859696132506391,0.0005731628113324337,0.0002484157502705435,False
fine,0.25,0,-1.0,1.2246467991473532e-16,1.0,0.6927350141915669,-0.004597710785789301,0.007776250401843041,False
fine,0.25,0,-0.9238795325112868,-0.38268343236508967,1.0,0.6913400963883902,0.02105235671537225,0.007343151776119963,False
fine,0.25,0,-0.7071067811865477,-0.7071067811865475,1.0,0.699721057852172,0.013130786601759302,0.0008291732415533634,False
fine,0.25,0,-0.38268343236509034,-0.9238795325112865,1.0,0.6902430222470182,0.015849098187546533,0.004288079219690427,False
fine,0.25,0,-1.8369701987210297e-16,-1.0,1.0,0.698045632394587,0.03148346666228241,0.01033853633793996,False
fine,0.25,0,0.38268343236509,-0.9238795325112866,1.0,0.6950945845533937,0.008749470486781517,0.015360140977459727,False
fine,0.25,0,0.7071067811865474,-0.7071067811865477,1.0,0.69302573813633,0.003773999443430504,0.012048793062465726,False
fine,0.25,0,0.9238795325112865,-0.3826834323650904,1.0,0.6873282249056711,-0.010828155124457846,0.007000237321663664,False
fine,0.25,0,1.5,0.0,1.0,0.700011548873297,0.007281520379369688,0.0020934233331182384,False
fine,0.25,0,1.38581929876693,0.5740251485476346,1.0,0.7197928387303697,0.009144618718029452,0.016380356002141255,False
fine,0.25,0,1.0606601717798214,1.0606601717798214,1.0,0.7413034916964985,0.04180686046953791,0.02699879161823502,False
fine,0.25,0,0.5740251485476348,1.38581929876693,1.0,0.75430739817437,-0.048826738711837736,0.014951944997769383,False
fine,0.25,0,9.184850993605148e-17,1.5,1.0,0.5199205797307034,0.028276824602769896,0.0003926739327898234,False
fine,0.25,0,-0.5740251485476346,1.38581929876693,1.0,0.7809615209393789,0.10220416809798029,-0.02010455344637093,False
fine,0.25,0,-1.0606601717798212,1.0606601717798214,1.0,0.7299288448423236,-0.04599533721803059,-0.01738736124485342,False
fine,0.25,0,-1.38581929876693,0.5740251485476349,1.0,0.7067020535563189,-0.0014834457373267673,-0.001626279273777316,False
fine,0.25,0,-1.5,1.8369701987210297e-16,1.0,0.7142077655627896,0.0026162696593665675,-0.0016416014962281635,False
fine,0.25,0,-1.3858192987669302,-0.5740251485476345,1.0,0.7227206265062136,0.044324129524116636,-0.0007913524127903853,False
fine,0.25,0,-1.0606601717798214,-1.0606601717798212,1.0,0.7614214404834913,0.060340858234109375,-0.018499540526517345,False
fine,0.25,0,-0.5740251485476355,-1.3858192987669298,1.0,0.702010992772477,0.07446675811961942,-0.009805192487297595,False
fine,0.25,0,-2.755455298081545e-16,-1.5,1.0,0.7214481055607772,0.005553889116219493,0.017153334257799288,False
fine,0.25,0,0.574025148547635,-1.38581929876693,1.0,0.7364948520386968,-0.04019598838700159,0.038747583766586324,False
fine,0.25,0,1.060660171779821,-1.0606601717798214,1.0,0.7878163979162314,-0.07901843544068785,0.02624181257860205,False
fine,0.25,0,1.3858192987669298,-0.5740251485476355,1.0,0.7089244255325334,-0.04528282356155022,-0.001602161527182389,False
fine,0.25,0,2.0,0.0,1.0,0.783245560440819,-0.012060551435252975,0.02995132003748502,False
fine,0.25,0,1.8477590650225735,0.7653668647301796,1.0,0.8089385616090351,0.1211910730305044,0.05992007854112456,False
fine,0.25,0,1.4142135623730951,1.4142135623730951,1.0,0.829073117765733,0.10491597299245484,0.06723787502168974,False
fine,0.25,0,0.7653668647301797,1.8477590650225735,1.0,0.8541962874263785,0.10141362144781928,0.04287950320601602,False
fine,0.25,0,1.2246467991473532e-16,2.0,1.0,0.560629250982349,0.0027037961858734105,-0.0006857440915974671,False
fine,0.25,0,-0.7653668647301795,1.8477590650225735,1.0,0.8774714477291166,-0.07726225036728673,-0.04629346158992899,False
fine,0.25,0,-1.414213562373095,1.4142135623730951,1.0,0.796369616823251,-0.11166357856471137,-0.05097363732568706,False
fine,0.25,0,-1.8477590650225735,0.7653668647301798,1.0,0.7851165757462835,-0.08834064038149948,-0.0343102989271327,False
fine,0.25,0,-2.0,2.4492935982947064e-16,1.0,0.7682678221239732,0.03358867715830002,-0.022633594279241713,False
fine,0.25,0,-1.8477590650225737,-0.7653668647301793,1.0,0.794681069558757,0.09873730039961928,-0.04209534303315674,False
fine,0.25,0,-1.4142135623730954,-1.414213562373095,1.0,0.786158037918899,0.11003871821281516,-0.05103118935219028,False
fine,0.25,0,-0.7653668647301807,-1.847759065022573,1.0,0.757508710589362,0.07132320902144594,-0.019768147919273622,False
fine,0.25,0,-3.6739403974420594e-16,-2.0,1.0,0.7832686145922212,-0.011976936036961408,0.015264024105990858,False
fine,0.25,0,0.76536686473018,-1.8477590650225733,1.0,0.8420930094621484,-0.06464584886964565,0.05090577524701104,False
fine,0.25,0,1.4142135623730947,-1.4142135623730954,1.0,0.8445702764500678,-0.15788996900997823,0.03941726248095665,False
fine,0.25,0,1.847759065022573,-0.7653668647301808,1.0,0.8298089382063161,-0.16849822631663006,0.04329395518917439,False
fine,0.25,0,2.5,0.0,1.0,0.9364317264634279,-0.03322217391711213,0.11620882929552856,False
fine,0.25,0,2.309698831278217,0.9567085809127245,1.0,0.8459912556201099,0.1378046243032893,0.12681825553704446,False
fine,0.25,0,1.7677669529663689,1.7677669529663689,1.0,0.8263333953789777,0.11088373990519601,0.1075758906987561,False
fine,0.25,0,0.9567085809127246,2.309698831278217,1.0,0.8446878508267714,0.10967536667509395,0.05489288668064779,False
fine,0.25,0,1.5308084989341916e-16,2.5,1.0,0.764740277896657,-0.03598186404891302,0.002454757009960399,False
fine,0.25,0,-0.9567085809127243,2.309698831278217,1.0,0.8454115955124313,-0.07168205524891418,-0.05973019134629015,False
fine,0.25,0,-1.7677669529663687,1.7677669529663689,1.0,0.804660904066351,-0.08374976388060615,-0.08936605428910269,False
fine,0.25,0,-2.309698831278217,0.9567085809127247,1.0,0.8584100802064653,-0.11830771030773997,-0.10087468210891197,False
fine,0.25,0,-2.5,3.061616997868383e-16,1.0,0.9092423769650599,0.023534105295064785,-0.08536930737227877,False
fine,0.25,0,-2.309698831278217,-0.9567085809127241,1.0,0.859850554411617,0.12051716971979828,-0.0999020866320538,False
fine,0.25,0,-1.7677669529663693,-1.7677669529663687,1.0,0.8105245828823661,0.10554005256713954,-0.08336584741551578,False
fine,0.25,0,-0.9567085809127258,-2.309698831278216,1.0,0.8114643433934244,0.031185599347402414,-0.040342162379013335,False
fine,0.25,0,-4.592425496802574e-16,-2.5,1.0,0.7402533176948347,-0.01258305902289724,0.013425894598048391,False
fine,0.25,0,0.956708580912725,-2.3096988312782165,1.0,0.8709693743501917,-0.01628444883207519,0.06422356599786139,False
fine,0.25,0,1.7677669529663684,-1.7677669529663693,1.0,0.8201059177470706,-0.10240649554708997,0.06863315369027359,False
fine,0.25,0,2.309698831278216,-0.956708580912726,1.0,0.9287238208871693,-0.17822432054705042,0.10256955662159012,False
fine,0.25,0,3.0,0.0,1.0,1.0692086390483215,-0.024291226202661775,0.18566584544119635,False
fine,0.25,0,2.77163859753386,1.1480502970952693,1.0,0.9366954990147082,0.16449829777966055,0.18415743343807295,False
fine,0.25,0,2.121320343559643,2.121320343559643,1.0,0.8764074536345052,0.1212378053980834,0.12949335720952476,False
fine,0.25,0,1.1480502970952695,2.77163859753386,1.0,0.8534821065049065,0.05180050771744653,0.07350568388555878,False
fine,0.25,0,1.8369701987210297e-16,3.0,1.0,0.9033160194542436,-0.0019517651372769874,0.018063808530261277,False
fine,0.25,0,-1.1480502970952693,2.77163859753386,1.0,0.8642879092241538,-0.05129938009955455,-0.07020802951110607,False
fine,0.25,0,-2.1213203435596424,2.121320343559643,1.0,0.8642501277100062,-0.09620446452551089,-0.13073288764177618,False
fine,0.25,0,-2.77163859753386,1.1480502970952697,1.0,0.9318966451760236,-0.09842011640735424,-0.1664207825367904,False
fine,0.25,0,-3.0,3.6739403974420594e-16,1.0,0.9975962806918571,0.02050347221611826,-0.15407011069005705,False
fine,0.25,0,-2.7716385975338604,-1.148050297095269,1.0,0.9391643170034067,0.1146686101468638,-0.15292325260203277,False
fine,0.25,0,-2.121320343559643,-2.1213203435596424,1.0,0.8757056116662695,0.11211952857928627,-0.10322523464937398,False
fine,0.25,0,-1.148050297095271,-2.7716385975338595,1.0,0.8667502562160838,0.044390406915812364,-0.04642541742312623,False
fine,0.25,0,-5.51091059616309e-16,-3.0,1.0,0.6933032824199212,-0.038678552269886216,0.008015537711151597,False
fine,0.25,0,1.14805029709527,-2.77163859753386,1.0,0.8926728966885457,-0.03613885417741211,0.07623089488860971,False
fine,0.25,0,2.121320343559642,-2.121320343559643,1.0,0.8763472590745139,-0.08980219029068251,0.09678083667564873,False
fine,0.25,0,2.7716385975338595,-1.148050297095271,1.0,0.9811992639975788,-0.17744247522725531,0.11177733095094161,False
fine,0.25,0,0.0,0.0,0.0,0.6866481787883352,-0.0017552083588085327,2.7755575615628914e-17,True
fine,0.25,2,0.5,0.0,0.0,-3.4268630627947197e-17,-2.4038015151605118e-18,0.4546404629885435,False
fine,0.25,2,0.46193976625564337,0.1913417161825449,0.0,-2.1817646136311414e-17,-1.4389414437542404e-17,0.4518326486340668,False
fine,0.25,2,0.3535533905932738,0.3535533905932738,0.0,-1.962418132975477e-18,-1.837197699513131e-17,0.4483645274879873,False
fine,0.25,2,0.19134171618254492,0.46193976625564337,0.0,-1.4777634359598924e-18,-1.422677043136611e-17,0.4458791193210481,False
fine,0.25,2,3.061616997868383e-17,0.5,0.0,-1.2754176685045638e-17,-1.2113585125555213e-19,0.44602840066285626,False
fine,0.25,2,-0.19134171618254486,0.46193976625564337,0.0,-7.983560496498448e-18,-1.8882656378121162e-17,0.4482565928503581,False
fine,0.25,2,-0.35355339059327373,0.3535533905932738,0.0,1.656138647935104e-17,4.308107178757124e-18,0.45132843563354785,False
fine,0.25,2,-0.46193976625564337,0.19134171618254495,0.0,1.3788636329682509e-17,8.62509307135904e-20,0.45334606519934917,False
fine,0.25,2,-0.5,6.123233995736766e-17,0.0,3.091875776971918e-17,-5.363017047137629e-18,0.4537996516435556,False
fine,0.25,2,-0.4619397662556434,-0.19134171618254484,0.0,2.6311991023268984e-17,8.861357294005901e-18,0.4520157014239342,False
fine,0.25,2,-0.35355339059327384,-0.35355339059327373,0.0,1.6856099035233113e-17,1.6307547747401874e-17,0.4490744300171852,False
fine,0.25,2,-0.19134171618254517,-0.46193976625564326,0.0,-6.245896507826033e-18,2.2439626434461327e-17,0.44629352389440224,False
fine,0.25,2,-9.184850993605148e-17,-0.5,0.0,2.17201161238174e-17,4.325300016401848e-17,0.44600034863587235,False
fine,0.25,2,0.191341716182545,-0.4619397662556433,0.0,-1.1192777610586889e-17,1.8993603978423217e-17,0.44807823304636096,False
fine,0.25,2,0.3535533905932737,-0.35355339059327384,0.0,1.1087521268408286e-18,2.9067312827324484e-17,0.45179262281935095,False
fine,0.25,2,0.46193976625564326,-0.1913417161825452,0.0,-2.2604667765309463e-17,2.9860438056427696e-18,0.4544647942995528,False
fine,0.25,2,1.0,0.0,0.0,-4.8181237709929e-17,-2.9110522300871883e-18,0.45078024158456403,False
fine,0.25,2,0.9238795325112867,0.3826834323650898,0.0,-3.7522426610348067e-17,-1.7126753978922103e-17,0.44134441483137643,False
fine,0.25,2,0.7071067811865476,0.7071067811865476,0.0,-1.6280253866771487e-17,-2.1420993810285316e-17,0.4288024477509317,False
fine,0.25,2,0.38268343236508984,0.9238795325112867,0.0,-1.2813411061319965e-17,-2.908213997973932e-17,0.4207281994240538,False
fine,0.25,2,6.123233995736766e-17,1.0,0.0,-1.2243400237709986e-18,-4.1281111919511525e-17,0.42357496789897137,False
fine,0.25,2,-0.3826834323650897,0.9238795325112867,0.0,1.1433583874453823e-17,-1.8005813476745803e-17,0.4287350392663394,False
fine,0.25,2,-0.7071067811865475,0.7071067811865476,0.0,1.9692061283088146e-17,-7.955855869141205e-18,0.43908162971377485,False
fine,0.25,2,-0.9238795325112867,0.3826834323650899,0.0,1.8573634172145408e-17,-6.973908155009185e-18,0.44759800583705456,False
fine,0.25,2,-1.0,1.2246467991473532e-16,0.0,9.120495357952102e-18,-3.6891348036032305e-18,0.4475301355822058,False
fine,0.25,2,-0.9238795325112868,-0.38268343236508967,0.0,2.242197240766308e-17,3.849285072456787e-18,0.44125359480950155,False
fine,0.25,2,-0.7071067811865477,-0.7071067811865475,0.0,2.3337895826540144e-17,4.541186179336605e-17,0.42852112083015814,False
fine,0.25,2,-0.38268343236509034,-0.9238795325112865,0.0,1.0061369805135418e-17,5.256321944408699e-17,0.4184273919801566,False
fine,0.25,2,-1.8369701987210297e-16,-1.0,0.0,1.1735210680105414e-18,1.9972356970481464e-17,0.4166190278943662,False
fine,0.25,2,0.38268343236509,-0.9238795325112866,0.0,-2.057387390796971e-17,2.892813824369116e-17,0.4233922295519265,False
fine,0.25,2,0.7071067811865474,-0.7071067811865477,0.0,-1.2676732458940553e-17,2.2241060200950087e-17,0.43691352087443674,False
fine,0.25,2,0.9238795325112865,-0.3826834323650904,0.0,-2.972239343720078e-17,2.569098815233877e-18,0.44954095294199825,False
fine,0.25,2,1.5,0.0,0.0,-4.06003725592504e-17,-6.372595083355845e-19,0.44202077058194433,False
fine,0.25,2,1.38581929876693,0.5740251485476346,0.0,-5.0831917660993166e-17,-2.766748820229323e-17,0.4264312210877595,False
fine,0.25,2,1.0606601717798214,1.0606601717798214,0.0,-2.166204446810897e-17,-3.4376337148511404e-17,0.3999192739217436,False
fine,0.25,2,0.5740251485476348,1.38581929876693,0.0,-8.9458782730839e-18,-5.2032555896122526e-17,0.39797861798146406,False
fine,0.25,2,9.184850993605148e-17,1.5,0.0,-4.8387069035063176e-18,-3.3354130863196135e-17,0.42263187881205844,False
fine,0.25,2,-0.5740251485476346,1.38581929876693,0.0,3.716992055928419e-18,-4.3968883752612486e-17,0.39928968986754587,False
fine,0.25,2,-1.0606601717798212,1.0606601717798214,0.0,4.295992493734328e-17,-3.3309009247112124e-17,0.4136280527281292,False
fine,0.25,2,-1.38581929876693,0.5740251485476349,0.0,3.346709875282402e-17,-7.589091404597796e-18,0.4357320071884384,False
fine,0.25,2,-1.5,1.8369701987210297e-16,0.0,2.6925689623954965e-17,-5.68868888167244e-18,0.4377004501415998,False
fine,0.25,2,-1.3858192987669302,-0.5740251485476345,0.0,3.4254436928267455e-17,2.5748712904415598e-17,0.4249469744401506,False
fine,0.25,2,-1.0606601717798214,-1.0606601717798212,0.0,3.284309516747797e-17,4.771646757856035e-17,0.3988917120200413,False
fine,0.25,2,-0.5740251485476355,-1.3858192987669298,0.0,2.6238116487523352e-17,3.7812113720066556e-17,0.39006211229031995,False
fine,0.25,2,-2.755455298081545e-16,-1.5,0.0,-1.662675066645317e-17,5.417603147689535e-17,0.38503720671277447,False
fine,0.25,2,0.574025148547635,-1.38581929876693,0.0,-2.8774692564682647e-17,5.548632971639332e-17,0.3892685212994056,False
fine,0.25,2,1.060660171779821,-1.0606601717798214,0.0,-3.1854650294850676e-17,3.924413493391016e-17,0.40700575497468083,False
fine,0.25,2,1.3858192987669298,-0.5740251485476355,0.0,-3.6259420628546123e-17,7.089057272286683e-18,0.4347970262052475,False
fine,0.25,2,2.0,0.0,0.0,-6.078230419844923e-17,6.99794217787012e-18,0.42670425545379437,False
fine,0.25,2,1.8477590650225735,0.7653668647301796,0.0,-5.1897273610661243e-17,-1.9677182996117436e-17,0.4110798662069676,False
fine,0.25,2,1.4142135623730951,1.4142135623730951,0.0,-3.828172765087548e-17,-5.02560848070146e-17,0.3873782577751764,False
fine,0.25,2,0.7653668647301797,1.8477590650225735,0.0,-2.681061848103972e-17,-3.1867617729214054e-17,0.39746383428026677,False
fine,0.25,2,1.2246467991473532e-16,2.0,0.0,7.414510302227037e-18,-4.8534693411418104e-17,0.42044898694461025,False
fine,0.25,2,-0.7653668647301795,1.8477590650225735,0.0,2.4358568933398613e-17,-5.733429411435698e-17,0.39288705445856387,False
fine,0.25,2,-1.414213562373095,1.4142135623730951,0.0,5.745620014435058e-17,-5.17065247905307e-17,0.39616757264183544,False
fine,0.25,2,-1.8477590650225735,0.7653668647301798,0.0,4.389136217583185e-17,-3.542758081938932e-17,0.4186861836598771,False
fine,0.25,2,-2.0,2.4492935982947064e-16,0.0,4.4958218459883344e-17,1.1932252082135379e-17,0.42510377548765443,False
fine,0.25,2,-1.8477590650225737,-0.7653668647301793,0.0,4.5544368392020984e-17,2.758316885409925e-17,0.40875371228385377,False
fine,0.25,2,-1.4142135623730954,-1.414213562373095,0.0,4.060409913823306e-17,4.108747033114294e-17,0.38749352842070117,False
fine,0.25,2,-0.7653668647301807,-1.847759065022573,0.0,1.8394611318387908e-17,6.844122927005318e-17,0.3878873193337443,False
fine,0.25,2,-3.6739403974420594e-16,-2.0,0.0,-1.7314805335886643e-17,1.0498040220494951e-16,0.3854719261671139,False
fine,0.25,2,0.76536686473018,-1.8477590650225733,0.0,-2.395958305538091e-17,7.062544560131411e-17,0.3844627557195133,False
fine,0.25,2,1.4142135623730947,-1.4142135623730954,0.0,-4.035303351626332e-17,4.393087478755932e-17,0.39307068399158784,False
fine,0.25,2,1.847759065022573,-0.7653668647301808,0.0,-4.317851540977275e-17,2.0400813993709435e-17,0.41363472123472805,False
fine,0.25,2,2.5,0.0,0.0,-7.837076528866451e-17,5.652280995878307e-18,0.41620311412867883,False
fine,0.25,2,2.309698831278217,0.9567085809127245,0.0,-3.8012886884669695e-17,-3.2811023910471396e-17,0.41625333840970247,False
fine,0.25,2,1.7677669529663689,1.7677669529663689,0.0,-3.586745753653864e-17,-5.474370899042003e-17,0.4110662970197102,False
fine,0.25,2,0.9567085809127246,2.309698831278217,0.0,-2.844383489202121e-17,-6.903034085897963e-17,0.4093548858379327,False
fine,0.25,2,1.5308084989341916e-16,2.5,0.0,2.7568552136004774e-17,-8.432164225491124e-17,0.4125244516162554,False
fine,0.25,2,-0.9567085809127243,2.309698831278217,0.0,2.751371809699024e-17,-6.127680162170288e-17,0.4124650503086923,False
fine,0.25,2,-1.7677669529663687,1.7677669529663689,0.0,3.205803817310056e-17,-5.442439487787344e-17,0.41440830944932583,False
fine,0.25,2,-2.309698831278217,0.9567085809127247,0.0,3.749524330946171e-17,-2.630180621129015e-17,0.4164308002590697,False
fine,0.25,2,-2.5,3.061616997868383e-16,0.0,6.98625592164434e-17,-1.2776735423362499e-17,0.41461065745291464,False
fine,0.25,2,-2.309698831278217,-0.9567085809127241,0.0,4.931596462187991e-17,2.4170822373291362e-17,0.4049869520437442,False
fine,0.25,2,-1.7677669529663693,-1.7677669529663687,0.0,4.315248796059673e-17,6.303450459106007e-17,0.40473518249032203,False
fine,0.25,2,-0.9567085809127258,-2.309698831278216,0.0,2.6530245627750784e-17,6.384490458019083e-17,0.4141824323104113,False
fine,0.25,2,-4.592425496802574e-16,-2.5,0.0,-6.364662012448936e-18,4.165772167901007e-17,0.4237306767036015,False
fine,0.25,2,0.956708580912725,-2.3096988312782165,0.0,-1.754766386085968e-17,6.794417597231247e-17,0.419585417771999,False
fine,0.25,2,1.7677669529663684,-1.7677669529663693,0.0,-3.945316200041201e-17,5.3382754051248774e-17,0.41594448996635314,False
fine,0.25,2,2.309698831278216,-0.956708580912726,0.0,-5.116182318166252e-17,3.752479422704902e-17,0.41094497228914006,False
fine,0.25,2,3.0,0.0,0.0,-4.662910814644863e-17,1.0398978267914004e-17,0.43099740252601265,False
fine,0.25,2,2.77163859753386,1.1480502970952693,0.0,-4.6694893330500676e-17,-2.717056446442929e-17,0.44516860159159805,False
fine,0.25,2,2.121320343559643,2.121320343559643,0.0,-5.783916078044948e-17,-3.115401855983958e-17,0.44832877836510354,False
fine,0.25,2,1.1480502970952695,2.77163859753386,0.0,-2.5759186455062984e-17,-6.306421150905201e-17,0.43934901798493164,False
fine,0.25,2,1.8369701987210297e-16,3.0,0.0,1.9610588172299233e-17,-6.36160678677247e-17,0.44755178466686685,False
fine,0.25,2,-1.1480502970952693,2.77163859753386,0.0,1.8545638494940503e-17,-5.488651877065541e-17,0.45319324793819965,False
fine,0.25,2,-2.1213203435596424,2.121320343559643,0.0,4.185919287892895e-17,-5.29239035452553e-17,0.457108307448599,False
fine,0.25,2,-2.77163859753386,1.1480502970952697,0.0,4.072524422070516e-17,-1.6179722952509637e-17,0.438414771488892,False
fine,0.25,2,-3.0,3.6739403974420594e-16,0.0,4.29246909060295e-17,-2.0750985451173852e-17,0.4228135146176193,False
fine,0.25,2,-2.7716385975338604,-1.148050297095269,0.0,4.77941035246647e-17,3.077315634244342e-17,0.4190600595026153,False
fine,0.25,2,-2.121320343559643,-2.1213203435596424,0.0,5.080868647593402e-17,4.1245400568075385e-17,0.4374712359250508,False
fine,0.25,2,-1.148050297095271,-2.7716385975338595,0.0,2.0195561324012756e-17,5.436640839068048e-17,0.4435348970418098,False
fine,0.25,2,-5.51091059616309e-16,-3.0,0.0,-2.2335341566488268e-17,5.410569667516459e-17,0.4596433510086479,False
fine,0.25,2,1.14805029709527,-2.77163859753386,0.0,-1.0374607656358705e-17,5.346012665229456e-17,0.46505147415432735,False
fine,0.25,2,2.121320343559642,-2.121320343559643,0.0,-3.762969268722544e-17,3.9913304311177443e-17,0.4507242538628082,False
fine,0.25,2,2.7716385975338595,-1.148050297095271,0.0,-5.616939048549328e-17,2.0211493686657716e-17,0.43788051016871915,False
fine,0.25,2,0.5,0.0,0.2,-0.000935193543875934,-0.001564443995951792,0.4578544214675584,False
fine,0.25,2,0.46193976625564337,0.1913417161825449,0.2,-0.001367665744997166,-0.004305066128285835,0.4550289652184973,False
fine,0.25,2,0.3535533905932738,0.3535533905932738,0.2,-0.0015132098855416783,-0.0062112408937387625,0.45160971386443,False
fine,0.25,2,0.19134171618254492,0.46193976625564337,0.2,-0.0015048811466489085,-0.0071591652372735935,0.4491641957318056,False
fine,0.25,2,3.061616997868383e-17,0.5,0.2,-0.0014031761312331525,-0.007011274685805281,0.4492938088567827,False
fine,0.25,2,-0.19134171618254486,0.46193976625564337,0.2,-0.0008212426634127002,-0.0058931711083256835,0.45150763939471494,False
fine,0.25,2,-0.35355339059327373,0.3535533905932738,0.2,8.079053817871404e-05,-0.0040328628720450906,0.4544930642602036,False
fine,0.25,2,-0.46193976625564337,0.19134171618254495,0.2,0.0009817147705727814,-0.001766005572111926,0.45642638697125165,False
fine,0.25,2,-0.5,6.123233995736766e-17,0.2,0.0016466930182289618,0.0006626961661029933,0.4569042946346279,False
fine,0.25,2,-0.4619397662556434,-0.19134171618254484,0.2,0.0018077100414555698,0.003471034869678015,0.4553133798937168,False
fine,0.25,2,-0.35355339059327384,-0.35355339059327373,0.2,0.0016190134538101376,0.006217500334636493,0.45258738567953666,False
fine,0.25,2,-0.19134171618254517,-0.46193976625564326,0.2,0.0013422378841420344,0.008006806605302154,0.44995935941096205,False
fine,0.25,2,-9.184850993605148e-17,-0.5,0.2,0.0009936819484750226,0.008372376945701887,0.4497049553069695,False
fine,0.25,2,0.191341716182545,-0.4619397662556433,0.2,0.0005555893954105675,0.007314213068144265,0.45172600088905795,False
fine,0.25,2,0.3535533905932737,-0.35355339059327384,0.2,9.946049863776317e-05,0.005039587750973804,0.45529160130379326,False
fine,0.25,2,0.46193976625564326,-0.1913417161825452,0.2,-0.0003925816616967895,0.0018421428836080476,0.45780851237285974,False
fine,0.25,2,1.0,0.0,0.2,-0.0022510551011738268,-0.002734662728083903,0.45447742669152646,False
fine,0.25,2,0.9238795325112867,0.3826834323650898,0.2,-0.0024282677593412075,-0.007517652701363962,0.44512883678396303,False
fine,0.25,2,0.7071067811865476,0.7071067811865476,0.2,-0.0026341568527698746,-0.011116341197242818,0.4332623252051571,False
fine,0.25,2,0.38268343236508984,0.9238795325112867,0.2,-0.0035222474855522686,-0.011009698091643257,0.425400165517604,False
fine,0.25,2,6.123233995736766e-17,1.0,0.2,-0.0024276703813099995,-0.007590221480422777,0.4279711117632617,False
fine,0.25,2,-0.3826834323650897,0.9238795325112867,0.2,0.000556398452314835,-0.01103466064172255,0.43320963963748227,False
fine,0.25,2,-0.7071067811865475,0.7071067811865476,0.2,0.0011573421993893445,-0.009239955994270296,0.4433100459087839,False
fine,0.25,2,-0.9238795325112867,0.3826834323650899,0.2,0.0021246860092440484,-0.0032019269968027193,0.4512169853876907,False
fine,0.25,2,-1.0,1.2246467991473532e-16,0.2,0.0032846807183908202,0.0018387717324926825,0.45087373617896764,False
fine,0.25,2,-0.9238795325112868,-0.38268343236508967,0.2,0.0032170528732709367,0.00641564969971383,0.44519265246134726,False
fine,0.25,2,-0.7071067811865477,-0.7071067811865475,0.2,0.0022636620436978306,0.01203881991823255,0.4332442498206323,False
fine,0.25,2,-0.38268343236509034,-0.9238795325112865,0.2,0.0021252701046191717,0.012041686902146197,0.42368932828109795,False
fine,0.25,2,-1.8369701987210297e-16,-1.0,0.2,0.001073024563150105,0.012659800485534512,0.4222412245099087,False
fine,0.25,2,0.38268343236509,-0.9238795325112866,0.2,0.0005288038762376584,0.013215248008804,0.42889642585245763,False
fine,0.25,2,0.7071067811865474,-0.7071067811865477,0.2,-0.0007034627966062501,0.01113742324354895,0.4417423532344336,False
fine,0.25,2,0.9238795325112865,-0.3826834323650904,0.2,-0.0015544984149398638,0.004925622583087272,0.4537107424361712,False
fine,0.25,2,1.5,0.0,0.2,-0.00473485193665838,-0.0017459062239994496,0.4465758275795786,False
fine,0.25,2,1.38581929876693,0.5740251485476346,0.2,-0.002874632176916985,-0.010220652412728416,0.431767103329913,False
fine,0.25,2,1.0606601717798214,1.0606601717798214,0.2,-0.002705434097562502,-0.013022491883372967,0.4074756646408037,False
fine,0.25,2,0.5740251485476348,1.38581929876693,0.2,-0.010285692289019793,0.0010173466136187029,0.4062424663371966,False
fine,0.25,2,9.184850993605148e-17,1.5,0.2,0.0001833600585555565,0.003555376536965394,0.42976527087534067,False
fine,0.25,2,-0.5740251485476346,1.38581929876693,0.2,0.00937458005961518,-0.0050934254272486925,0.4074127282500398,False
fine,0.25,2,-1.0606601717798212,1.0606601717798214,0.2,0.0010828764275136913,-0.014065492409847051,0.4203197807698932,False
fine,0.25,2,-1.38581929876693,0.5740251485476349,0.2,0.003812043571470475,-0.006635119080492923,0.4404767687566774,False
fine,0.25,2,-1.5,1.8369701987210297e-16,0.2,0.004322307609318532,0.0032100826554875314,0.44179993574762993,False
fine,0.25,2,-1.3858192987669302,-0.5740251485476345,0.2,0.004135133825897016,0.008351818584679671,0.4302355283742693,False
fine,0.25,2,-1.0606601717798214,-1.0606601717798212,0.2,0.002303293847827744,0.01307346874448214,0.406418571811297,False
fine,0.25,2,-0.5740251485476355,-1.3858192987669298,0.2,0.002676895060441761,0.008094533491965901,0.3999145634658467,False
fine,0.25,2,-2.755455298081545e-16,-1.5,0.2,-0.0009082819178392819,0.0091369272324083,0.39709622858438043,False
fine,0.25,2,0.574025148547635,-1.38581929876693,0.2,-0.0011435512960037218,0.011372122088146495,0.40143967342682785,False
fine,0.25,2,1.060660171779821,-1.0606601717798214,0.2,-0.003034602493606446,0.01496695227214708,0.41566031467439185,False
fine,0.25,2,1.3858192987669298,-0.5740251485476355,0.2,-0.004915317093975363,0.009285292160369824,0.44041982873762553,False
fine,0.25,2,2.0,0.0,0.2,-0.006253836671245361,9.676847697777103e-05,0.43307572222830293,False
fine,0.25,2,1.8477590650225735,0.7653668647301796,0.2,0.00042535959762219906,-0.007902319675888446,0.4191539532623949,False
fine,0.25,2,1.4142135623730951,1.4142135623730951,0.2,0.004968293084370845,0.0023992980425494737,0.400827849082556,False
fine,0.25,2,0.7653668647301797,1.8477590650225735,0.2,-0.004952545498252358,0.004498171600241918,0.4105464480798481,False
fine,0.25,2,1.2246467991473532e-16,2.0,0.2,0.0006600971860000605,-0.005318951769431757,0.4309978220252714,False
fine,0.25,2,-0.7653668647301795,1.8477590650225735,0.2,0.0036668189055154834,0.00618410040308686,0.40735594091229094,False
fine,0.25,2,-1.414213562373095,1.4142135623730951,0.2,-0.004768147113437649,-0.003586406442496948,0.4083623067274009,False
fine,0.25,2,-1.8477590650225735,0.7653668647301798,0.2,0.003055899387973606,-0.0062993366559958896,0.42555236213295744,False
fine,0.25,2,-2.0,2.4492935982947064e-16,0.2,0.005054493018078244,0.002734449228170385,0.4308613045236773,False
fine,0.25,2,-1.8477590650225737,-0.7653668647301793,0.2,0.0015382915406280053,0.007301420092778283,0.4164219692846422,False
fine,0.25,2,-1.4142135623730954,-1.414213562373095,0.2,-0.0041179523595585975,-0.0013292256696604548,0.40022999760626377,False
fine,0.25,2,-0.7653668647301807,-1.847759065022573,0.2,-0.0032577611981296174,-0.008159406777707922,0.4055562817448313,False
fine,0.25,2,-3.6739403974420594e-16,-2.0,0.2,0.0015447915002179307,-0.01165491980513702,0.40710736210692794,False
fine,0.25,2,0.76536686473018,-1.8477590650225733,0.2,0.002724528648492965,-0.009498634734200317,0.4071432031690405,False
fine,0.25,2,1.4142135623730947,-1.4142135623730954,0.2,0.006655275935249706,-0.0002776151273214528,0.40879057931984913,False
fine,0.25,2,1.847759065022573,-0.7653668647301808,0.2,-0.003241435425352352,0.006347863990904402,0.42192354045071495,False
fine,0.25,2,2.5,0.0,0.2,0.0006598876290135337,0.00046293941301996935,0.4269050669190638,False
fine,0.25,2,2.309698831278217,0.9567085809127245,0.2,0.007397611169179541,0.0011889527894749679,0.42888993407006676,False
fine,0.25,2,1.7677669529663689,1.7677669529663689,0.2,0.007971171937520982,0.010808643816026486,0.4292142065770892,False
fine,0.25,2,0.9567085809127246,2.309698831278217,0.2,0.0047624780448559615,0.00841074667163903,0.4286646705790072,False
fine,0.25,2,1.5308084989341916e-16,2.5,0.2,-0.0025072635460185776,0.007782457792748165,0.43219427813878974,False
fine,0.25,2,-0.9567085809127243,2.309698831278217,0.2,-0.0038062462195693277,0.012013459900120814,0.43305739546934413,False
fine,0.25,2,-1.7677669529663687,1.7677669529663689,0.2,-0.009537283452480469,0.00928744873353532,0.43144522442977934,False
fine,0.25,2,-2.309698831278217,0.9567085809127247,0.2,-0.00429455240805593,0.0027683903985824686,0.42742380631908083,False
fine,0.25,2,-2.5,3.061616997868383e-16,0.2,0.0010481438916097874,0.0013927022724057418,0.4235691769164515,False
fine,0.25,2,-2.309698831278217,-0.9567085809127241,0.2,-0.0034460651798238614,0.00160741592120799,0.41706456306758855,False
fine,0.25,2,-1.7677669529663693,-1.7677669529663687,0.2,-0.005889778113452786,-0.008606973459710161,0.4225262026047287,False
fine,0.25,2,-0.9567085809127258,-2.309698831278216,0.2,-0.003870362728827197,-0.011134066090658087,0.4353360109914745,False
fine,0.25,2,-4.592425496802574e-16,-2.5,0.2,0.00090214273600109,-0.015372496540082338,0.44365874730685245,False
fine,0.25,2,0.956708580912725,-2.3096988312782165,0.2,0.0052033212783925515,-0.015691500970042117,0.4441814744661424,False
fine,0.25,2,1.7677669529663684,-1.7677669529663693,0.2,0.007849917659164478,-0.009997905458941792,0.43530976120257725,False
fine,0.25,2,2.309698831278216,-0.956708580912726,0.2,0.004166230908072433,-0.001579336616014728,0.4240440417206594,False
fine,0.25,2,3.0,0.0,0.2,0.013894078575581649,0.002623647492331982,0.4482943085600195,False
fine,0.25,2,2.77163859753386,1.1480502970952693,0.2,0.01603995455180615,0.008441070696039214,0.4636943369781541,False
fine,0.25,2,2.121320343559643,2.121320343559643,0.2,0.010730671822413062,0.011734187743061713,0.46974939428555007,False
fine,0.25,2,1.1480502970952695,2.77163859753386,0.2,0.007098042797439867,0.012527428770942366,0.4627973158933346,False
fine,0.25,2,1.8369701987210297e-16,3.0,0.2,-0.004581637720839447,0.0170515313338935,0.471424328158129,False
fine,0.25,2,-1.1480502970952693,2.77163859753386,0.2,-0.00742060838181989,0.018856406067824388,0.47761898743404274,False
fine,0.25,2,-2.1213203435596424,2.121320343559643,0.2,-0.014683699691456772,0.016918493488891514,0.4788229856569379,False
fine,0.25,2,-2.77163859753386,1.1480502970952697,0.2,-0.011336254677062696,0.008957596384175728,0.4548194274142173,False
fine,0.25,2,-3.0,3.6739403974420594e-16,0.2,-0.008909703711436423,0.0003235984518402156,0.4367011196766961,False
fine,0.25,2,-2.7716385975338604,-1.148050297095269,0.2,-0.010129799095683626,-0.003986281540276395,0.43710712993761053,False
fine,0.25,2,-2.121320343559643,-2.1213203435596424,0.2,-0.009924207132784166,-0.014103623417443936,0.4603092603843332,False
fine,0.25,2,-1.148050297095271,-2.7716385975338595,0.2,-0.004629967813663094,-0.012116180226140832,0.4687557484449945,False
fine,0.25,2,-5.51091059616309e-16,-3.0,0.2,0.003150680352438865,-0.014706730506714004,0.4781216434061434,False
fine,0.25,2,1.14805029709527,-2.77163859753386,0.2,0.008858612136455246,-0.01897070592076502,0.4914914551900967,False
fine,0.25,2,2.121320343559642,-2.121320343559643,0.2,0.007572947782421535,-0.01601843882860493,0.47488547058085717,False
fine,0.25,2,2.7716385975338595,-1.148050297095271,0.2,0.016063255777075396,-0.008065666457091556,0.4535066715941357,False
fine,0.25,2,0.5,0.0,0.5,-0.0017873540698691848,-0.004212172946104209,0.47535038556567444,False
fine,0.25,2,0.46193976625564337,0.1913417161825449,0.5,-0.0028901723832991093,-0.010338842250508035,0.47257617787463735,False
fine,0.25,2,0.3535533905932738,0.3535533905932738,0.5,-0.0032375162721425405,-0.01449593595000434,0.46956236287188663,False
fine,0.25,2,0.19134171618254492,0.46193976625564337,0.5,-0.0033026055137887955,-0.016568607113565968,0.4674615036928518,False
fine,0.25,2,3.061616997868383e-17,0.5,0.5,-0.003403008700585186,-0.016140877040796586,0.46748367412057235,False
fine,0.25,2,-0.19134171618254486,0.46193976625564337,0.5,-0.002283255253911422,-0.013385629905743697,0.46947138861778126,False
fine,0.25,2,-0.35355339059327373,0.3535533905932738,0.5,-0.00013160351643174022,-0.009034936367347512,0.47186312265832486,False
fine,0.25,2,-0.46193976625564337,0.19134171618254495,0.5,0.002144934508099333,-0.004049958423153783,0.4733050928713981,False
fine,0.25,2,-0.5,6.123233995736766e-17,0.5,0.003857443943403815,0.0011471541512209067,0.47387641915827405,False
fine,0.25,2,-0.4619397662556434,-0.19134171618254484,0.5,0.0042263697473217746,0.0074946857138336685,0.4732808141303993,False
fine,0.25,2,-0.35355339059327384,-0.35355339059327373,0.5,0.0037254321271786655,0.013926039560620634,0.47174817117349066,False
fine,0.25,2,-0.19134171618254517,-0.46193976625564326,0.5,0.003112749549119665,0.018113080262008904,0.4700646221959099,False
fine,0.25,2,-9.184850993605148e-17,-0.5,0.5,0.002421166026024158,0.01890487768453042,0.47003992429450014,False
fine,0.25,2,0.191341716182545,-0.4619397662556433,0.5,0.0015563971586176973,0.01637197186491109,0.47167199854237385,False
fine,0.25,2,0.3535533905932737,-0.35355339059327384,0.5,0.0006455221864416869,0.011104646040355355,0.47430108417669403,False
fine,0.25,2,0.46193976625564326,-0.1913417161825452,0.5,-0.0004381282045719392,0.0036650158780596027,0.4759331469595084,False
fine,0.25,2,1.0,0.0,0.5,-0.004473536118678512,-0.007349053921684279,0.47468465263113924,False
fine,0.25,2,0.9238795325112867,0.3826834323650898,0.5,-0.004868643290031614,-0.017013251568137648,0.46634445869781566,False
fine,0.25,2,0.7071067811865476,0.7071067811865476,0.5,-0.0050779259018624455,-0.024041674516692695,0.45858375364550696,False
fine,0.25,2,0.38268343236508984,0.9238795325112867,0.5,-0.006876062676882999,-0.023415275683749303,0.45305698401698774,False
fine,0.25,2,6.123233995736766e-17,1.0,0.5,-0.0056484875466662485,-0.015601034616175236,0.4541610286105735,False
fine,0.25,2,-0.3826834323650897,0.9238795325112867,0.5,0.0001603390536914532,-0.02427612030312474,0.4588824813086201,False
fine,0.25,2,-0.7071067811865475,0.7071067811865476,0.5,0.0018841129452316818,-0.020107767809737668,0.46656083727477504,False
fine,0.25,2,-0.9238795325112867,0.3826834323650899,0.5,0.004368190525224085,-0.006375584295048175,0.47106590232512974,False
fine,0.25,2,-1.0,1.2246467991473532e-16,0.5,0.007432173955272734,0.004246798200615573,0.46952222130819155,False
fine,0.25,2,-0.9238795325112868,-0.38268343236508967,0.5,0.0071300219948003275,0.01360423461978337,0.46693144407841924,False
fine,0.25,2,-0.7071067811865477,-0.7071067811865475,0.5,0.004353592781156578,0.026320913533822467,0.45995663232293305,False
fine,0.25,2,-0.38268343236509034,-0.9238795325112865,0.5,0.00450667661806642,0.024721074186050258,0.4545534119546851,False
fine,0.25,2,-1.8369701987210297e-16,-1.0,0.5,0.0029632646079076346,0.025051256647213416,0.4551193596987171,False
fine,0.25,2,0.38268343236509,-0.9238795325112866,0.5,0.002421767331309705,0.02671903649333744,0.4601990009124018,False
fine,0.25,2,0.7071067811865474,-0.7071067811865477,0.5,-0.0003263463064137643,0.023728180417423736,0.4682858915041249,False
fine,0.25,2,0.9238795325112865,-0.3826834323650904,0.5,-0.0025299948553948624,0.010315917911071252,0.4761626148699736,False
fine,0.25,2,1.5,0.0,0.5,-0.009614361915044944,-0.004558143130017456,0.4718665431168134,False
fine,0.25,2,1.38581929876693,0.5740251485476346,0.5,-0.004563970464762618,-0.021582610840568322,0.46219657442658496,False
fine,0.25,2,1.0606601717798214,1.0606601717798214,0.5,-0.0034496142930980334,-0.023162934209749443,0.45274014464355256,False
fine,0.25,2,0.5740251485476348,1.38581929876693,0.5,-0.01947425771961423,0.008445787292608293,0.4562733263308762,False
fine,0.25,2,9.184850993605148e-17,1.5,0.5,0.0005121085667886205,0.013493797813787123,0.46875209571145343,False
fine,0.25,2,-0.5740251485476346,1.38581929876693,0.5,0.016559249909062802,-0.0030834871577496833,0.45709992103535413,False
fine,0.25,2,-1.0606601717798212,1.0606601717798214,0.5,0.0006079982989634047,-0.026621978843464084,0.45869675484896466,False
fine,0.25,2,-1.38581929876693,0.5740251485476349,0.5,0.007649605576896753,-0.01389229542461249,0.4668810001785078,False
fine,0.25,2,-1.5,1.8369701987210297e-16,0.5,0.008577875844595795,0.008023885152112603,0.46515350953188817,False
fine,0.25,2,-1.3858192987669302,-0.5740251485476345,0.5,0.008486975929591646,0.016656368273732403,0.4601687914845866,False
fine,0.25,2,-1.0606601717798214,-1.0606601717798212,0.5,0.002908040404618736,0.023836281784082057,0.45253925592746325,False
fine,0.25,2,-0.5740251485476355,-1.3858192987669298,0.5,0.004736644160515304,0.0070358191004568325,0.45854666197222926,False
fine,0.25,2,-2.755455298081545e-16,-1.5,0.5,0.0005567040234021311,0.003862812270994944,0.4678885220134721,False
fine,0.25,2,0.574025148547635,-1.38581929876693,0.5,0.0021374637946159083,0.008387593969947,0.4713523570050491,False
fine,0.25,2,1.060660171779821,-1.0606601717798214,0.5,-0.00394580021024241,0.023907835412473953,0.46539744822430484,False
fine,0.25,2,1.3858192987669298,-0.5740251485476355,0.5,-0.010189344500521535,0.019198907207446547,0.4713363437941541,False
fine,0.25,2,2.0,0.0,0.5,-0.010348860804537674,0.0002633042599818891,0.469746348107108,False
fine,0.25,2,1.8477590650225735,0.7653668647301796,0.5,0.005647852227703556,-0.01274226773837587,0.4670528000684216,False
fine,0.25,2,1.4142135623730951,1.4142135623730951,0.5,0.014952572527963405,0.016251702453637763,0.4799596817987953,False
fine,0.25,2,0.7653668647301797,1.8477590650225735,0.5,-0.0038773463220712983,0.018279378507030392,0.48454790649256935,False
fine,0.25,2,1.2246467991473532e-16,2.0,0.5,0.001060734809074753,-0.0035851702178910645,0.4871431793445222,False
fine,0.25,2,-0.7653668647301795,1.8477590650225735,0.5,0.00021554562717274734,0.02186347628306515,0.4900072608338785,False
fine,0.25,2,-1.414213562373095,1.4142135623730951,0.5,-0.012903751591080186,0.0047029790623476925,0.4782019036342411,False
fine,0.25,2,-1.8477590650225735,0.7653668647301798,0.5,0.003424174907448809,-0.010359415252718357,0.46562100861950306,False
fine,0.25,2,-2.0,2.4492935982947064e-16,0.5,0.008452401440177561,0.00651438100830603,0.46418465767742106,False
fine,0.25,2,-1.8477590650225737,-0.7653668647301793,0.5,-0.00018691191989056655,0.011679860576840026,0.4614419395353718,False
fine,0.25,2,-1.4142135623730954,-1.414213562373095,0.5,-0.011897331649614132,-0.01407621100837599,0.4761787570149024,False
fine,0.25,2,-0.7653668647301807,-1.847759065022573,0.5,-0.006623360679724587,-0.029592189591881198,0.504230952145091,False
fine,0.25,2,-3.6739403974420594e-16,-2.0,0.5,0.005598047830453027,-0.03373745362229297,0.5272697245281388,False
fine,0.25,2,0.76536686473018,-1.8477590650225733,0.5,0.010430613039386142,-0.031565695267820534,0.5336562173019043,False
fine,0.25,2,1.4142135623730947,-1.4142135623730954,0.5,0.013141641107704737,-0.015896527824028873,0.4978067603939822,False
fine,0.25,2,1.847759065022573,-0.7653668647301808,0.5,-0.003018718215181036,0.00860727225381019,0.4703348169275909,False
fine,0.25,2,2.5,0.0,0.5,0.011865965436535841,0.0014237244619778044,0.4885675294504088,False
fine,0.25,2,2.309698831278217,0.9567085809127245,0.5,0.024971607982178293,0.010550016783021497,0.5007155803229102,False
fine,0.25,2,1.7677669529663689,1.7677669529663689,0.5,0.02471275368533733,0.03185883605719599,0.5277543829484228,False
fine,0.25,2,0.9567085809127246,2.309698831278217,0.5,0.01461391362559947,0.02981970591164055,0.5341450128787917,False
fine,0.25,2,1.5308084989341916e-16,2.5,0.5,-0.00506340745572331,0.03424962733203618,0.5382394294585169,False
fine,0.25,2,-0.9567085809127243,2.309698831278217,0.5,-0.013745562880358293,0.03915231205966335,0.5431511822596372,False
fine,0.25,2,-1.7677669529663687,1.7677669529663689,0.5,-0.0242559525198956,0.03206258920504892,0.5246538729826457,False
fine,0.25,2,-2.309698831278217,0.9567085809127247,0.5,-0.01708400733339292,0.012861697461855443,0.4903936916051814,False
fine,0.25,2,-2.5,3.061616997868383e-16,0.5,-0.005235424393181809,0.0029298805878319443,0.47604946162041983,False
fine,0.25,2,-2.309698831278217,-0.9567085809127241,0.5,-0.014764719382875519,-0.005018764783056727,0.4866409725823614,False
fine,0.25,2,-1.7677669529663693,-1.7677669529663687,0.5,-0.01711468004599646,-0.030996452902096086,0.521357117820287,False
fine,0.25,2,-0.9567085809127258,-2.309698831278216,0.5,-0.010177189405376917,-0.034118377996767216,0.549107772100258,False
fine,0.25,2,-4.592425496802574e-16,-2.5,0.5,0.003297778419557471,-0.03301819105923143,0.5524076756259964,False
fine,0.25,2,0.956708580912725,-2.3096988312782165,0.5,0.01561528436155338,-0.039274658611076096,0.5767959210860835,False
fine,0.25,2,1.7677669529663684,-1.7677669529663693,0.5,0.017023606001065415,-0.03569927459489519,0.5407861151189881,False
fine,0.25,2,2.309698831278216,-0.956708580912726,0.5,0.016663104833668254,-0.010652794452594016,0.49816005345709286,False
fine,0.25,2,3.0,0.0,0.5,0.04472031526090936,0.007177292706868954,0.5424582297166158,False
fine,0.25,2,2.77163859753386,1.1480502970952693,0.5,0.04780133339225879,0.025703241527504025,0.5623023764135465,False
fine,0.25,2,2.121320343559643,2.121320343559643,0.5,0.0326752612782405,0.02954703880826688,0.5812158646849299,False
fine,0.25,2,1.1480502970952695,2.77163859753386,0.5,0.02138785221904059,0.03660062041643171,0.5871438755321098,False
fine,0.25,2,1.8369701987210297e-16,3.0,0.5,-0.003186638786925047,0.045350234618259606,0.5934825536135828,False
fine,0.25,2,-1.1480502970952693,2.77163859753386,0.5,-0.02215729433601083,0.04195939596070839,0.6001076852094125,False
fine,0.25,2,-2.1213203435596424,2.121320343559643,0.5,-0.03931424767704471,0.049101388382167814,0.5892819714316753,False
fine,0.25,2,-2.77163859753386,1.1480502970952697,0.5,-0.03695715154017468,0.02893476922538579,0.5432768766868746,False
fine,0.25,2,-3.0,3.6739403974420594e-16,0.5,-0.03088918229002402,0.0010811015836118642,0.5151816697281116,False
fine,0.25,2,-2.7716385975338604,-1.148050297095269,0.5,-0.03266208721129539,-0.021372158320780578,0.5370075282945226,False
fine,0.25,2,-2.121320343559643,-2.1213203435596424,0.5,-0.026345135982069254,-0.04245525408174725,0.5795870946225465,False
fine,0.25,2,-1.148050297095271,-2.7716385975338595,0.5,-0.011096814807025089,-0.036779522150761565,0.5999889478024439,False
fine,0.25,2,-5.51091059616309e-16,-3.0,0.5,0.006540373807427547,-0.03569481769884552,0.5787011586640651,False
fine,0.25,2,1.14805029709527,-2.77163859753386,0.5,0.02366616487709467,-0.048849175969496006,0.626363184235386,False
fine,0.25,2,2.121320343559642,-2.121320343559643,0.5,0.019347528760258845,-0.05110241001700638,0.5992921185090154,False
fine,0.25,2,2.7716385975338595,-1.148050297095271,0.5,0.03747113669492162,-0.021200396286082154,0.5393983850937245,False
fine,0.25,2,0.5,0.0,1.0,0.0008713086746827692,-0.009367504070754817,0.5485622661991223,False
fine,0.25,2,0.46193976625564337,0.1913417161825449,1.0,-0.0011957572057949056,-0.0155714029426283,0.5473146024761824,False
fine,0.25,2,0.3535533905932738,0.3535533905932738,1.0,-0.0018886851056982145,-0.01876501266847929,0.5470071287241738,False
fine,0.25,2,0.19134171618254492,0.46193976625564337,1.0,-0.0027325038114176,-0.019959752639416115,0.5471442954692456,False
fine,0.25,2,3.061616997868383e-17,0.5,1.0,-0.005076354598693156,-0.01878414162474784,0.5467210352868874,False
fine,0.25,2,-0.19134171618254486,0.46193976625564337,1.0,-0.0052845609414203,-0.014732285231109128,0.5466681600649994,False
fine,0.25,2,-0.35355339059327373,0.3535533905932738,1.0,-0.0024381984711282457,-0.00944949592212014,0.5458498334807246,False
fine,0.25,2,-0.46193976625564337,0.19134171618254495,1.0,0.0014991746059348358,-0.004923751228811066,0.5451581118335705,False
fine,0.25,2,-0.5,6.123233995736766e-17,1.0,0.004786067855760523,-0.0009860156268548539,0.5457303891459535,False
fine,0.25,2,-0.4619397662556434,-0.19134171618254484,1.0,0.005365023279585785,0.006004680465455386,0.5483369535358091,False
fine,0.25,2,-0.35355339059327384,-0.35355339059327373,1.0,0.004500254379233812,0.014062432661085944,0.5511784775903867,False
fine,0.25,2,-0.19134171618254517,-0.46193976625564326,1.0,0.00403625155787121,0.018631141504809785,0.5536152394840643,False
fine,0.25,2,-9.184850993605148e-17,-0.5,1.0,0.004066067209387292,0.019045146872020302,0.5545588953245861,False
fine,0.25,2,0.191341716182545,-0.4619397662556433,1.0,0.004112387991938187,0.01573173635733818,0.5542641176709714,False
fine,0.25,2,0.3535533905932737,-0.35355339059327384,1.0,0.0040306741280021815,0.009826501301453383,0.5525837970499079,False
fine,0.25,2,0.46193976625564326,-0.1913417161825452,1.0,0.003122699999593007,0.0005202060178584355,0.5507380784326769,False
fine,0.25,2,1.0,0.0,1.0,0.0008438081011372667,-0.015562028367337888,0.5592330037988811,False
fine,0.25,2,0.9238795325112867,0.3826834323650898,1.0,0.001117702268503353,-0.017832633301504162,0.5592465668583056,False
fine,0.25,2,0.7071067811865476,0.7071067811865476,1.0,0.0022232922133361473,-0.015119137844707052,0.5684709602474075,False
fine,0.25,2,0.38268343236508984,0.9238795325112867,1.0,0.00024224619255674794,-0.005716558046308054,0.5769898765444333,False
fine,0.25,2,6.123233995736766e-17,1.0,1.0,-0.005405245784596113,0.00212900074195388,0.574842122175952,False
fine,0.25,2,-0.3826834323650897,0.9238795325112867,1.0,-0.006289236111204988,-0.013703602599035572,0.5699693947573351,False
fine,0.25,2,-0.7071067811865475,0.7071067811865476,1.0,-0.003508808713558711,-0.015091156383558358,0.5623647222036237,False
fine,0.25,2,-0.9238795325112867,0.3826834323650899,1.0,0.0006047153940056416,-0.0015351830977259583,0.5549322043742908,False
fine,0.25,2,-1.0,1.2246467991473532e-16,1.0,0.0062531170156037135,0.005279482221128173,0.5516383394387567,False
fine,0.25,2,-0.9238795325112868,-0.38268343236508967,1.0,0.0052665127516651564,0.008672519712327133,0.5589929169384522,False
fine,0.25,2,-0.7071067811865477,-0.7071067811865475,1.0,-0.0006253885648874952,0.015580743035255258,0.5733235222459907,False
fine,0.25,2,-0.38268343236509034,-0.9238795325112865,1.0,0.0017621550801660121,-9.914156755814769e-05,0.5912748659805953,False
fine,0.25,2,-1.8369701987210297e-16,-1.0,1.0,0.005863084245089742,-0.007050149470632539,0.5990121492450169,False
fine,0.25,2,0.38268343236509,-0.9238795325112866,1.0,0.010082645297620532,-0.0003950407684258587,0.5921803508738064,False
fine,0.25,2,0.7071067811865474,-0.7071067811865477,1.0,0.0084943987585117,0.012496766105637783,0.5762002792435463,False
fine,0.25,2,0.9238795325112865,-0.3826834323650904,1.0,0.004853230034699965,0.005725329255131828,0.5658884541666812,False
fine,0.25,2,1.5,0.0,1.0,0.0009376508565177577,-0.008449328994592387,0.5796499380295863,False
fine,0.25,2,1.38581929876693,0.5740251485476346,1.0,0.012933169479799304,-0.007822687937118239,0.5933798887169792,False
fine,0.25,2,1.0606601717798214,1.0606601717798214,1.0,0.02142037623761363,0.03142313066522709,0.6398830153626174,False
fine,0.25,2,0.5740251485476348,1.38581929876693,1.0,0.014152589131305312,0.04915128412698021,0.6562568175552619,False
fine,0.25,2,9.184850993605148e-17,1.5,1.0,0.0010405595908247153,0.048409276756101294,0.6224856357154955,False
fine,0.25,2,-0.5740251485476346,1.38581929876693,1.0,-0.01801421180455959,0.053015519904598594,0.6529202137154185,False
fine,0.25,2,-1.0606601717798212,1.0606601717798214,1.0,-0.01467947628908075,0.01667501114659465,0.614823530059136,False
fine,0.25,2,-1.38581929876693,0.5740251485476349,1.0,-0.002147005437274514,-0.005078568920416711,0.5783969915775168,False
fine,0.25,2,-1.5,1.8369701987210297e-16,1.0,-0.002131588652523276,0.011973544724473538,0.5705857146208914,False
fine,0.25,2,-1.3858192987669302,-0.5740251485476345,1.0,-0.0023371751619281683,-2.307663462197099e-05,0.5885328368344309,False
fine,0.25,2,-1.0606601717798214,-1.0606601717798212,1.0,-0.01565999342998747,-0.0344444054316512,0.6464004121035801,False
fine,0.25,2,-0.5740251485476355,-1.3858192987669298,1.0,-0.010447260114669484,-0.07435916052417377,0.6901479415917595,False
fine,0.25,2,-2.755455298081545e-16,-1.5,1.0,0.016182162760491437,-0.10505068482004785,0.7198412987213092,False
fine,0.25,2,0.574025148547635,-1.38581929876693,1.0,0.02912910519857566,-0.10254731999521047,0.7111830152506906,False
fine,0.25,2,1.060660171779821,-1.0606601717798214,1.0,0.021380153579580948,-0.04942989309878079,0.6542839618961878,False
fine,0.25,2,1.3858192987669298,-0.5740251485476355,1.0,0.0005118542507371249,0.004896905913811744,0.5950086119489083,False
fine,0.25,2,2.0,0.0,1.0,0.025007331267910438,3.8446783926726624e-05,0.6283112548713992,False
fine,0.25,2,1.8477590650225735,0.7653668647301796,1.0,0.04542269918277114,0.032119836627685486,0.667144661024914,False
fine,0.25,2,1.4142135623730951,1.4142135623730951,1.0,0.04346368865732769,0.08044738355926784,0.7483411805800675,False
fine,0.25,2,0.7653668647301797,1.8477590650225735,1.0,0.04549018224235946,0.07403610037412531,0.7391642762348275,False
fine,0.25,2,1.2246467991473532e-16,2.0,1.0,-0.0017532981281020946,0.06152793523245448,0.6862823840990102,False
fine,0.25,2,-0.7653668647301795,1.8477590650225735,1.0,-0.049583018494916066,0.07797405768537805,0.7531744974267404,False
fine,0.25,2,-1.414213562373095,1.4142135623730951,1.0,-0.03337135805054149,0.08850668088245883,0.7201017640731044,False
fine,0.25,2,-1.8477590650225735,0.7653668647301798,1.0,-0.029125130024550486,0.02371573417259713,0.636760722124096,False
fine,0.25,2,-2.0,2.4492935982947064e-16,1.0,-0.019242079442259193,0.006332855247885407,0.6122602117828433,False
fine,0.25,2,-1.8477590650225737,-0.7653668647301793,1.0,-0.032357050902798445,-0.028986717252622415,0.6525056031176626,False
fine,0.25,2,-1.4142135623730954,-1.414213562373095,1.0,-0.028829424847145922,-0.08468756734180022,0.7475661119080659,False
fine,0.25,2,-0.7653668647301807,-1.847759065022573,1.0,-0.007706449970208962,-0.09848920137316922,0.7978801911178214,False
fine,0.25,2,-3.6739403974420594e-16,-2.0,1.0,0.014641454318346177,-0.08774881287458271,0.8295228618204051,False
fine,0.25,2,0.76536686473018,-1.8477590650225733,1.0,0.03418628391003824,-0.1003686241148408,0.8345735727995944,False
fine,0.25,2,1.4142135623730947,-1.4142135623730954,1.0,0.014856332203829717,-0.1072948541201636,0.7705743597292924,False
fine,0.25,2,1.847759065022573,-0.7653668647301808,1.0,0.034474855505623334,-0.036232689352642865,0.6680103049345312,False
fine,0.25,2,2.5,0.0,1.0,0.08673054045408746,0.004581050537453724,0.7240627134966648,False
fine,0.25,2,2.309698831278217,0.9567085809127245,1.0,0.0829047473488561,0.06266895741923081,0.7578740987912536,False
fine,0.25,2,1.7677669529663689,1.7677669529663689,1.0,0.06498551686245693,0.08038604880100764,0.8164294264884324,False
fine,0.25,2,0.9567085809127246,2.309698831278217,1.0,0.03954261123998045,0.09932570131045772,0.8297534154120694,False
fine,0.25,2,1.5308084989341916e-16,2.5,1.0,-0.0012295568148421527,0.12983614384217113,0.819601878432012,False
fine,0.25,2,-0.9567085809127243,2.309698831278217,1.0,-0.045202278358918546,0.10298188839661318,0.8319966607637055,False
fine,0.25,2,-1.7677669529663687,1.7677669529663689,1.0,-0.04799852076419583,0.10159155782107195,0.803354819882255,False
fine,0.25,2,-2.309698831278217,0.9567085809127247,1.0,-0.07093027739632984,0.05927480147077213,0.7274769940711002,False
fine,0.25,2,-2.5,3.061616997868383e-16,1.0,-0.06579977897056843,0.0011800412521934152,0.6918060548967482,False
fine,0.25,2,-2.309698831278217,-0.9567085809127241,1.0,-0.06594108756860062,-0.06381562899812734,0.7423267852883311,False
fine,0.25,2,-1.7677669529663693,-1.7677669529663687,1.0,-0.04422358431475128,-0.09958146435433642,0.8196770259212967,False
fine,0.25,2,-0.9567085809127258,-2.309698831278216,1.0,-0.01943755735119288,-0.08938234427241656,0.8557001153520402,False
fine,0.25,2,-4.592425496802574e-16,-2.5,1.0,0.011483721130244949,-0.043156888214223706,0.8599145941212383,False
fine,0.25,2,0.956708580912725,-2.3096988312782165,1.0,0.03755436428963982,-0.07226852416155238,0.8868988022271939,False
fine,0.25,2,1.7677669529663684,-1.7677669529663693,1.0,0.02243944503358285,-0.11103611680995133,0.8378917022701948,False
fine,0.25,2,2.309698831278216,-0.956708580912726,1.0,0.06649794111579517,-0.057789553347882515,0.7572561587921047,False
fine,0.25,2,3.0,0.0,1.0,0.12593123937401218,0.01575935884792612,0.8219559662826255,False
fine,0.25,2,2.77163859753386,1.1480502970952693,1.0,0.11821553968972028,0.06791533362727813,0.8436073186784784,False
fine,0.25,2,2.121320343559643,2.121320343559643,1.0,0.07919751283702987,0.06263425751930322,0.871450589513801,False
fine,0.25,2,1.1480502970952695,2.77163859753386,1.0,0.04399775344478308,0.0908766921236565,0.8922182228536708,False
fine,0.25,2,1.8369701987210297e-16,3.0,1.0,0.020776497730061273,0.09407423789788094,0.8815319933121578,False
fine,0.25,2,-1.1480502970952693,2.77163859753386,1.0,-0.04928504545969096,0.06320831286045477,0.8760997282227417,False
fine,0.25,2,-2.1213203435596424,2.121320343559643,1.0,-0.07688471935935891,0.11011036905080211,0.8652947254508678,False
fine,0.25,2,-2.77163859753386,1.1480502970952697,1.0,-0.107967774685956,0.08200883174995888,0.8153117044254381,False
fine,0.25,2,-3.0,3.6739403974420594e-16,1.0,-0.10391296426932062,0.0029011191061747723,0.784128514100166,False
fine,0.25,2,-2.7716385975338604,-1.148050297095269,1.0,-0.09241171157276272,-0.08637471249609836,0.8313457377753326,False
fine,0.25,2,-2.121320343559643,-2.1213203435596424,1.0,-0.05369726257133762,-0.09837317809617824,0.8785706723594715,False
fine,0.25,2,-1.148050297095271,-2.7716385975338595,1.0,-0.022347002680091134,-0.09063150306835145,0.9037216461461133,False
fine,0.25,2,-5.51091059616309e-16,-3.0,1.0,0.0042856258172054035,-0.06160723862395525,0.8771359182944627,False
fine,0.25,2,1.14805029709527,-2.77163859753386,1.0,0.0467738419765515,-0.08459324133514208,0.9170122156694538,False
fine,0.25,2,2.121320343559642,-2.121320343559643,1.0,0.03978082711550675,-0.1247935350490575,0.8923705136903554,False
fine,0.25,2,2.7716385975338595,-1.148050297095271,1.0,0.05777422447076297,-0.047353516810992285,0.8136519155338476,False
fine,0.25,2,0.0,0.0,0.0,-7.417539474769782e-18,9.631744281994583e-18,0.455921190437644,True
fine,0.5,0,0.5,0.0,0.0,0.6723366347229713,-0.010126407945091787,0.0,False
fine,0.5,0,0.46193976625564337,0.1913417161825449,0.0,0.6703721238773753,-0.010291809525049093,0.0,False
fine,0.5,0,0.3535533905932738,0.3535533905932738,0.0,0.6675490963802504,-0.009680534646649305,0.0,False
fine,0.5,0,0.19134171618254492,0.46193976625564337,0.0,0.6643807006103093,-0.007883569360005244,0.0,False
fine,0.5,0,3.061616997868383e-17,0.5,0.0,0.6622953448094284,-0.0051223547197511024,5.5511151231257815e-17,False
fine,0.5,0,-0.19134171618254486,0.46193976625564337,0.0,0.662643114717193,-0.0024400916173437617,2.0372606648149252e-17,False
fine,0.5,0,-0.35355339059327373,0.3535533905932738,0.0,0.6647659561956354,-0.0008620246911382958,-6.312089683422352e-17,False
fine,0.5,0,-0.46193976625564337,0.19134171618254495,0.0,0.6674753318551585,-8.641353048242746e-05,-7.176428269160133e-17,False
fine,0.5,0,-0.5,6.123233995736766e-17,0.0,0.6698074423761284,0.0003814301506384065,0.0,False
fine,0.5,0,-0.4619397662556434,-0.19134171618254484,0.0,0.6715845647971356,0.0007482386783018892,0.0,False
fine,0.5,0,-0.35355339059327384,-0.35355339059327373,0.0,0.6726707737017608,0.0005925092157638677,3.0477465041267135e-16,False
fine,0.5,0,-0.19134171618254517,-0.46193976625564326,0.0,0.673401690987016,-0.0003441555983084609,1.1820023416834224e-16,False
fine,0.5,0,-9.184850993605148e-17,-0.5,0.0,0.6739507271139351,-0.002179100497826546,-2.7755575615628806e-17,False
fine,0.5,0,0.191341716182545,-0.4619397662556433,0.0,0.6744424100789285,-0.004626323580746436,-7.176428269160151e-17,False
fine,0.5,0,0.3535533905932737,-0.35355339059327384,0.0,0.6744005828132075,-0.007174304113749811,-6.312089683422392e-17,False
fine,0.5,0,0.46193976625564326,-0.1913417161825452,0.0,0.6737028681188513,-0.009100620675777521,0.0,False
fine,0.5,0,1.0,0.0,0.0,0.6793690148267157,-0.013301421148441683,0.0,False
fine,0.5,0,0.9238795325112867,0.3826834323650898,0.0,0.6776746852880916,-0.011880286235062291,0.0,False
fine,0.5,0,0.7071067811865476,0.7071067811865476,0.0,0.6730178390852662,-0.012243343820520378,0.0,False
fine,0.5,0,0.38268343236508984,0.9238795325112867,0.0,0.661161660513152,-0.009939609785292573,0.0,False
fine,0.5,0,6.123233995736766e-17,1.0,0.0,0.652233982499625,-0.00030939844858529793,-5.551115123125783e-17,False
fine,0.5,0,-0.3826834323650897,0.9238795325112867,0.0,0.6570704950698343,0.006847307608156703,0.0,False
fine,0.5,0,-0.7071067811865475,0.7071067811865476,0.0,0.6665774948455911,0.006067340412263873,-5.2291063075776775e-17,False
fine,0.5,0,-0.9238795325112867,0.3826834323650899,0.0,0.673273277555388,0.0043997605441530255,0.0,False
fine,0.5,0,-1.0,1.2246467991473532e-16,0.0,0.6776965735092499,0.0052704430401071525,0.0,False
fine,0.5,0,-0.9238795325112868,-0.38268343236508967,0.0,0.6803378569674643,0.007653652056198436,0.0,False
fine,0.5,0,-0.7071067811865477,-0.7071067811865475,0.0,0.6809038599882613,0.009010738144537329,0.0,False
fine,0.5,0,-0.38268343236509034,-0.9238795325112865,0.0,0.6798829112074248,0.007659335695797555,0.0,False
fine,0.5,0,-1.8369701987210297e-16,-1.0,0.0,0.6799701954116164,0.003844471473151217,2.7755575615628873e-17,False
fine,0.5,0,0.38268343236509,-0.9238795325112866,0.0,0.6822581293707021,-0.0027158980653891615,0.0,False
fine,0.5,0,0.7071067811865474,-0.7071067811865477,0.0,0.6832791203907332,-0.01004080410510807,0.0,False
fine,0.5,0,0.9238795325112865,-0.3826834323650904,0.0,0.6816222207627275,-0.013778036904288377,0.0,False
fine,0.5,0,1.5,0.0,0.0,0.6922521702184339,-0.015604134339729292,0.0,False
fine,0.5,0,1.38581929876693,0.5740251485476346,0.0,0.6928722229123093,-0.0042730097210835795,0.0,False
fine,0.5,0,1.0606601717798214,1.0606601717798214,0.0,0.6938788099454232,-0.004550795560343689,0.0,False
fine,0.5,0,0.5740251485476348,1.38581929876693,0.0,0.6648371280579994,-0.007132123316990002,0.0,False
fine,0.5,0,9.184850993605148e-17,1.5,0.0,0.6369535251962852,0.007931600286551276,0.0,False
fine,0.5,0,-0.5740251485476346,1.38581929876693,0.0,0.6597660441503513,0.01841898249771774,0.0,False
fine,0.5,0,-1.0606601717798212,1.0606601717798214,0.0,0.6821268132633233,0.007102394660581981,2.0916425230310715e-16,False
fine,0.5,0,-1.38581929876693,0.5740251485476349,0.0,0.6884062753049804,0.003843027002876283,0.0,False
fine,0.5,0,-1.5,1.8369701987210297e-16,0.0,0.6941220158307133,0.009775521556986353,0.0,False
fine,0.5,0,-1.3858192987669302,-0.5740251485476345,0.0,0.6983333574585434,0.019176006399650614,0.0,False
fine,0.5,0,-1.0606601717798214,-1.0606601717798212,0.0,0.6985507622759309,0.025898882497114195,0.0,False
fine,0.5,0,-0.5740251485476355,-1.3858192987669298,0.0,0.6920043768694184,0.02243293887829887,0.0,False
fine,0.5,0,-2.755455298081545e-16,-1.5,0.0,0.6880375064663672,0.01241793750421479,-2.7755575615628852e-17,False
fine,0.5,0,0.574025148547635,-1.38581929876693,0.0,0.6985181563305252,-0.004424634652627381,-2.402272050986521e-16,False
fine,0.5,0,1.060660171779821,-1.0606601717798214,0.0,0.7038517085272123,-0.022677188407090536,-2.2185219177801295e-16,False
fine,0.5,0,1.3858192987669298,-0.5740251485476355,0.0,0.698416138394699,-0.025270535025083474,0.0,False
fine,0.5,0,2.0,0.0,0.0,0.7247814896969427,-0.02102045958548704,0.0,False
fine,0.5,0,1.8477590650225735,0.7653668647301796,0.0,0.7241939074369037,0.020261685395175123,0.0,False
fine,0.5,0,1.4142135623730951,1.4142135623730951,0.0,0.7408110719580822,0.03634403417437242,0.0,False
fine,0.5,0,0.7653668647301797,1.8477590650225735,0.0,0.696892154424382,0.025260178481646026,0.0,False
fine,0.5,0,1.2246467991473532e-16,2.0,0.0,0.6338003844140169,0.007355363914490088,0.0,False
fine,0.5,0,-0.7653668647301795,1.8477590650225735,0.0,0.6881740636446527,-0.0022773637200420574,0.0,False
fine,0.5,0,-1.414213562373095,1.4142135623730951,0.0,0.7217942668007724,-0.0208518720795562,0.0,False
fine,0.5,0,-1.8477590650225735,0.7653668647301798,0.0,0.7200149869082696,-0.009105290433590853,0.0,False
fine,0.5,0,-2.0,2.4492935982947064e-16,0.0,0.7278986832812651,0.015245170181295,0.0,False
fine,0.5,0,-1.8477590650225737,-0.7653668647301793,0.0,0.734732963645028,0.041220541756696906,0.0,False
fine,0.5,0,-1.4142135623730954,-1.414213562373095,0.0,0.7338297005816121,0.06200852934123638,0.0,False
fine,0.5,0,-0.7653668647301807,-1.847759065022573,0.0,0.7198496363808196,0.04387182917681156,0.0,False
fine,0.5,0,-3.6739403974420594e-16,-2.0,0.0,0.7019938108267201,0.008901026804547279,-5.551115123125799e-17,False
fine,0.5,0,0.76536686473018,-1.8477590650225733,0.0,0.7402374767375521,-0.02557597732710122,0.0,False
fine,0.5,0,1.4142135623730947,-1.4142135623730954,0.0,0.756056157656239,-0.06870306448213062,0.0,False
fine,0.5,0,1.847759065022573,-0.7653668647301808,0.0,0.744213514949007,-0.05712119000568336,0.0,False
fine,0.5,0,2.5,0.0,0.0,0.8073004139872646,-0.036103732907569075,0.0,False
fine,0.5,0,2.309698831278217,0.9567085809127245,0.0,0.7875407049854439,0.06608156768450386,0.0,False
fine,0.5,0,1.7677669529663689,1.7677669529663689,0.0,0.7971482914689957,0.10112056204835002,0.0,False
fine,0.5,0,0.9567085809127246,2.309698831278217,0.0,0.7633298970543639,0.08431403843316787,0.0,False
fine,0.5,0,1.5308084989341916e-16,2.5,0.0,0.6711234901410233,-0.003631736452560716,0.0,False
fine,0.5,0,-0.9567085809127243,2.309698831278217,0.0,0.7428047860478854,-0.06778000954658794,0.0,False
fine,0.5,0,-1.7677669529663687,1.7677669529663689,0.0,0.7752562073496998,-0.07447401663411797,0.0,False
fine,0.5,0,-2.309698831278217,0.9567085809127247,0.0,0.7849155440272012,-0.04128273024774268,0.0,False
fine,0.5,0,-2.5,3.061616997868383e-16,0.0,0.7986072107570497,0.02093627368194626,0.0,False
fine,0.5,0,-2.309698831278217,-0.9567085809127241,0.0,0.7982785325613875,0.07504167231582366,0.0,False
fine,0.5,0,-1.7677669529663693,-1.7677669529663687,0.0,0.7811044007271117,0.10275724075905807,0.0,False
fine,0.5,0,-0.9567085809127258,-2.309698831278216,0.0,0.7643006101221113,0.04802132620285282,0.0,False
fine,0.5,0,-4.592425496802574e-16,-2.5,0.0,0.7111019961672324,-0.005498487949650906,-2.7755575615628812e-17,False
fine,0.5,0,0.956708580912725,-2.3096988312782165,0.0,0.7941966518705783,-0.030286361026482224,0.0,False
fine,0.5,0,1.7677669529663684,-1.7677669529663693,0.0,0.8216761117764408,-0.11403246273525654,0.0,False
fine,0.5,0,2.309698831278216,-0.956708580912726,0.0,0.8427437643046048,-0.11790771897660451,0.0,False
fine,0.5,0,3.0,0.0,0.0,0.9361259148188665,-0.0608123017503992,0.0,False
fine,0.5,0,2.77163859753386,1.1480502970952693,0.0,0.8788378697504217,0.11634300242481604,0.0,False
fine,0.5,0,2.121320343559643,2.121320343559643,0.0,0.8451743275219203,0.14240082133913864,0.0,False
fine,0.5,0,1.1480502970952695,2.77163859753386,0.0,0.8118586370450683,0.10369240884334917,0.0,False
fine,0.5,0,1.8369701987210297e-16,3.0,0.0,0.7507626565277765,-0.004931119669790067,-2.7755575615628873e-17,False
fine,0.5,0,-1.1480502970952693,2.77163859753386,0.0,0.7595496612667647,-0.09096294480314444,0.0,False
fine,0.5,0,-2.1213203435596424,2.121320343559643,0.0,0.8294691477777271,-0.10603038410339628,0.0,False
fine,0.5,0,-2.77163859753386,1.1480502970952697,0.0,0.879797531035446,-0.07660224378793609,0.0,False
fine,0.5,0,-3.0,3.6739403974420594e-16,0.0,0.9017799582690263,0.015518758454898997,0.0,False
fine,0.5,0,-2.7716385975338604,-1.148050297095269,0.0,0.8695180669202882,0.10861663166643487,-5.417202908184194e-16,False
fine,0.5,0,-2.121320343559643,-2.1213203435596424,0.0,0.8342984952345736,0.12614439666788554,0.0,False
fine,0.5,0,-1.148050297095271,-2.7716385975338595,0.0,0.8164422512923383,0.05497485219759886,0.0,False
fine,0.5,0,-5.51091059616309e-16,-3.0,0.0,0.7147020219638173,-0.012463953085011139,-2.775557561562879e-17,False
fine,0.5,0,1.14805029709527,-2.77163859753386,0.0,0.8409515154932153,-0.02967803319852331,0.0,False
fine,0.5,0,2.121320343559642,-2.121320343559643,0.0,0.8580860814930089,-0.10696766531171187,0.0,False
fine,0.5,0,2.7716385975338595,-1.148050297095271,0.0,0.9014242791884088,-0.13523295358323886,0.0,False
fine,0.5,0,0.5,0.0,0.2,0.6722247397584041,-0.010230152383894619,-0.0003802726871945161,False
fine,0.5,0,0.46193976625564337,0.1913417161825449,0.2,0.6702803743182201,-0.010414023177814265,-0.0005579536151594781,False
fine,0.5,0,0.3535533905932738,0.3535533905932738,0.2,0.6674659567507377,-0.009822994498432644,-0.0006815716740369783,False
fine,0.5,0,0.19134171618254492,0.46193976625564337,0.2,0.664282443448757,-0.008032459577007024,-0.0007016875091575437,False
fine,0.5,0,3.061616997868383e-17,0.5,0.2,0.6621707676670436,-0.005261134128486505,-0.0005567474263695582,False
fine,0.5,0,-0.19134171618254486,0.46193976625564337,0.2,0.6624983776931201,-0.0025669944547086834,-0.00025499991246774026,False
fine,0.5,0,-0.35355339059327373,0.3535533905932738,0.2,0.6646116876812044,-0.0009902205574964516,0.00011557682387199681,False
fine,0.5,0,-0.46193976625564337,0.19134171618254495,0.2,0.6673178397020864,-0.00021770696707174383,0.0004904335697811798,False
fine,0.5,0,-0.5,6.123233995736766e-17,0.2,0.6696512877461825,0.00025455126248195007,0.0007945972539214807,False
fine,0.5,0,-0.4619397662556434,-0.19134171618254484,0.2,0.67143432952008,0.0006362985277605384,0.0009646318819248046,False
fine,0.5,0,-0.35355339059327384,-0.35355339059327373,0.2,0.6725298784495076,0.0004959871780423434,0.0009797041066822837,False
fine,0.5,0,-0.19134171618254517,-0.46193976625564326,0.2,0.6732715346652063,-0.0004313396725071948,0.0008662294250253492,False
fine,0.5,0,-9.184850993605148e-17,-0.5,0.2,0.6738276672667115,-0.0022647831858902223,0.0006691354479083035,False
fine,0.5,0,0.191341716182545,-0.4619397662556433,0.2,0.6743180001703976,-0.00471323611743009,0.00041171714958334514,False
fine,0.5,0,0.3535533905932737,-0.35355339059327384,0.2,0.6742712638846063,-0.007263244043570207,0.00012383076600852786,False
fine,0.5,0,0.46193976625564326,-0.1913417161825452,0.2,0.6735750983376165,-0.009193375833915555,-0.00015508852006456577,False
fine,0.5,0,1.0,0.0,0.2,0.6791796775733957,-0.013318675676640801,-0.001072051294740284,False
fine,0.5,0,0.9238795325112867,0.3826834323650898,0.2,0.6775955833515707,-0.011935751069323543,-0.0011058955447297322,False
fine,0.5,0,0.7071067811865476,0.7071067811865476,0.2,0.6730103045993698,-0.012384794169271239,-0.001343547272569604,False
fine,0.5,0,0.38268343236508984,0.9238795325112867,0.2,0.6610629295643393,-0.010112403123438553,-0.0015941673023542773,False
fine,0.5,0,6.123233995736766e-17,1.0,0.2,0.6520035593565342,-0.0003412859713048239,-0.0010505262698141894,False
fine,0.5,0,-0.3826834323650897,0.9238795325112867,0.2,0.6568666872423907,0.006886946956650713,-0.00022494536588154638,False
fine,0.5,0,-0.7071067811865475,0.7071067811865476,0.2,0.6664034422665104,0.0060185356356234395,0.00036663313551207866,False
fine,0.5,0,-0.9238795325112867,0.3826834323650899,0.2,0.6730964478736698,0.004288182630827374,0.0010192554322771947,False
fine,0.5,0,-1.0,1.2246467991473532e-16,0.2,0.6775302062023203,0.005158605042009778,0.001591131178395244,False
fine,0.5,0,-0.9238795325112868,-0.38268343236508967,0.2,0.6801926327927748,0.007591353609940847,0.0018194470273866995,False
fine,0.5,0,-0.7071067811865477,-0.7071067811865475,0.2,0.6807835038395476,0.009003440577657932,0.0016486894907426712,False
fine,0.5,0,-0.38268343236509034,-0.9238795325112865,0.2,0.6797796810586701,0.007668118427652721,0.0013006849401331732,False
fine,0.5,0,-1.8369701987210297e-16,-1.0,0.2,0.6798655804413059,0.0038295463754810127,0.0009381636132864304,False
fine,0.5,0,0.38268343236509,-0.9238795325112866,0.2,0.6821110517536001,-0.002766001445455052,0.0004708768737064992,False
fine,0.5,0,0.7071067811865474,-0.7071067811865477,0.2,0.6830600807972139,-0.01009284481806818,-0.00021335016566796107,False
fine,0.5,0,0.9238795325112865,-0.3826834323650904,0.2,0.6813758078620572,-0.013803506335849586,-0.0008363710273456752,False
fine,0.5,0,1.5,0.0,0.2,0.69204107837089,-0.015480196576432625,-0.0021219386064297296,False
fine,0.5,0,1.38581929876693,0.5740251485476346,0.2,0.6928954128916859,-0.004122971580845873,-0.0012188540279483044,False
fine,0.5,0,1.0606601717798214,1.0606601717798214,0.2,0.6941540019801422,-0.004531426868483732,-0.0012481145989364003,False
fine,0.5,0,0.5740251485476348,1.38581929876693,0.2,0.6648109351512124,-0.0072548390624792075,-0.002497830284419421,False
fine,0.5,0,9.184850993605148e-17,1.5,0.2,0.6364607216520363,0.00807282861658027,-0.0007204135279276718,False
fine,0.5,0,-0.5740251485476346,1.38581929876693,0.2,0.6596662916281317,0.01867729135991391,0.0008560741340609007,False
fine,0.5,0,-1.0606601717798212,1.0606601717798214,0.2,0.682122975003297,0.0070150216496067805,0.0006006137341736017,False
fine,0.5,0,-1.38581929876693,0.5740251485476349,0.2,0.6882978985204661,0.0036943249790907535,0.0014789900246290424,False
fine,0.5,0,-1.5,1.8369701987210297e-16,0.2,0.6940293529632059,0.009700661614556868,0.0022625891986312045,False
fine,0.5,0,-1.3858192987669302,-0.5740251485476345,0.2,0.6983205016884532,0.019263060915037097,0.0022360923129992934,False
fine,0.5,0,-1.0606601717798214,-1.0606601717798212,0.2,0.6986041385758732,0.026170751510576608,0.001443868814025707,False
fine,0.5,0,-0.5740251485476355,-1.3858192987669298,0.2,0.6920505948528259,0.0227235720849161,0.0008042336373546225,False
fine,0.5,0,-2.755455298081545e-16,-1.5,0.2,0.6880572134282916,0.01250358947703569,0.0007475794385888524,False
fine,0.5,0,0.574025148547635,-1.38581929876693,0.2,0.6984626477213355,-0.004608909755915944,0.0006322662717370508,False
fine,0.5,0,1.060660171779821,-1.0606601717798214,0.2,0.703639517414633,-0.022900915420913322,-0.0006890176991573682,False
fine,0.5,0,1.3858192987669298,-0.5740251485476355,0.2,0.6981122581545101,-0.025296245905875474,-0.002144067407425302,False
fine,0.5,0,2.0,0.0,0.2,0.7250300952951491,-0.020767352280866725,-0.0023288139580341038,False
fine,0.5,0,1.8477590650225735,0.7653668647301796,0.2,0.724710238964598,0.02088919168762916,0.0004999082407312586,False
fine,0.5,0,1.4142135623730951,1.4142135623730951,0.2,0.7417304139440032,0.03703283874356529,0.0019357989633813969,False
fine,0.5,0,0.7653668647301797,1.8477590650225735,0.2,0.697425765318837,0.025686796587702804,-0.0015862232081524676,False
fine,0.5,0,1.2246467991473532e-16,2.0,0.2,0.6332926323903757,0.007432052247549548,-8.218821934378233e-05,False
fine,0.5,0,-0.7653668647301795,1.8477590650225735,0.2,0.6887203150653869,-0.0025430340186559496,0.000901655580499643,False
fine,0.5,0,-1.414213562373095,1.4142135623730951,0.2,0.7223783039334478,-0.0215867817181754,-0.0015472504550447528,False
fine,0.5,0,-1.8477590650225735,0.7653668647301798,0.2,0.7202915631707976,-0.00955214864305688,0.0007641470738361859,False
fine,0.5,0,-2.0,2.4492935982947064e-16,0.2,0.7281700971173407,0.015252534513158793,0.001988544598784614,False
fine,0.5,0,-1.8477590650225737,-0.7653668647301793,0.2,0.7351812648433103,0.041676834756736045,0.0008964475648045678,False
fine,0.5,0,-1.4142135623730954,-1.414213562373095,0.2,0.73432340487108,0.06286398385941117,-0.0014394886783483819,False
fine,0.5,0,-0.7653668647301807,-1.847759065022573,0.2,0.7202587985422915,0.04449386832487433,-0.0019012771399526567,False
fine,0.5,0,-3.6739403974420594e-16,-2.0,0.2,0.7023968245853224,0.008868835584976227,0.0005057234935932284,False
fine,0.5,0,0.76536686473018,-1.8477590650225733,0.2,0.7406970992584745,-0.026307039837287334,0.003106827493939224,False
fine,0.5,0,1.4142135623730947,-1.4142135623730954,0.2,0.7564085899931653,-0.06978468001728225,0.0015085163661797433,False
fine,0.5,0,1.847759065022573,-0.7653668647301808,0.2,0.7444646255563226,-0.05754326234290956,-0.00229990601046094,False
fine,0.5,0,2.5,0.0,0.2,0.8089864792428202,-0.03582858495507857,0.0021281140163058156,False
fine,0.5,0,2.309698831278217,0.9567085809127245,0.2,0.7890977920068242,0.06731311201067627,0.0070031841530884716,False
fine,0.5,0,1.7677669529663689,1.7677669529663689,0.2,0.7984158285849252,0.10209281473757849,0.009239621054654775,False
fine,0.5,0,0.9567085809127246,2.309698831278217,0.2,0.7644864782115319,0.08514482881629246,0.003444022854314838,False
fine,0.5,0,1.5308084989341916e-16,2.5,0.2,0.6711649877347526,-0.0037239352963796555,-0.0001249625668808151,False
fine,0.5,0,-0.9567085809127243,2.309698831278217,0.2,0.7440533587809856,-0.06863280755758792,-0.0040441414278048924,False
fine,0.5,0,-1.7677669529663687,1.7677669529663689,0.2,0.7763901664504641,-0.07581715051653169,-0.008670958696847685,False
fine,0.5,0,-2.309698831278217,0.9567085809127247,0.2,0.7861601794288487,-0.0423841271918444,-0.0040587118487077755,False
fine,0.5,0,-2.5,3.061616997868383e-16,0.2,0.7998929363136855,0.02103764177016563,-0.0016215869201904097,False
fine,0.5,0,-2.309698831278217,-0.9567085809127241,0.2,0.7995177674517746,0.07593582898227624,-0.004291425073539008,False
fine,0.5,0,-1.7677669529663693,-1.7677669529663687,0.2,0.78193335491032,0.10375118784443067,-0.007362324024557969,False
fine,0.5,0,-0.9567085809127258,-2.309698831278216,0.2,0.7649608544247952,0.04837838220461543,-0.005315807914047411,False
fine,0.5,0,-4.592425496802574e-16,-2.5,0.2,0.7118038857986247,-0.005620026242588773,0.0009886969909370848,False
fine,0.5,0,0.956708580912725,-2.3096988312782165,0.2,0.7949988667214334,-0.0309117084424252,0.007722001858453864,False
fine,0.5,0,1.7677669529663684,-1.7677669529663693,0.2,0.8224202974490941,-0.1152978399108123,0.008309011449136967,False
fine,0.5,0,2.309698831278216,-0.956708580912726,0.2,0.844349950363614,-0.11908291782363548,0.0035550340739172476,False
fine,0.5,0,3.0,0.0,0.2,0.939021057059708,-0.06049745453304105,0.014253125475308083,False
fine,0.5,0,2.77163859753386,1.1480502970952693,0.2,0.8811669961354122,0.11750924189858981,0.01861345053200157,False
fine,0.5,0,2.121320343559643,2.121320343559643,0.2,0.8463955837601856,0.14283194241569236,0.01608972149373462,False
fine,0.5,0,1.1480502970952695,2.77163859753386,0.2,0.8128717196878923,0.10404688682561247,0.008388837081588947,False
fine,0.5,0,1.8369701987210297e-16,3.0,0.2,0.7513465299901106,-0.005030700913557216,-0.0006765790792185967,False
fine,0.5,0,-1.1480502970952693,2.77163859753386,0.2,0.7607608423061837,-0.09128208030149948,-0.009204677291829609,False
fine,0.5,0,-2.1213203435596424,2.121320343559643,0.2,0.8307388737384652,-0.10708872258166541,-0.017245272075020614,False
fine,0.5,0,-2.77163859753386,1.1480502970952697,0.2,0.8818705020395644,-0.07801302404869943,-0.014433788655340639,False
fine,0.5,0,-3.0,3.6739403974420594e-16,0.2,0.9040646465135699,0.015577609142409767,-0.010919755452925986,False
fine,0.5,0,-2.7716385975338604,-1.148050297095269,0.2,0.87127870432856,0.10951576801829983,-0.013172032270276711,False
fine,0.5,0,-2.121320343559643,-2.1213203435596424,0.2,0.8352237755066976,0.12674802095811855,-0.013321297347118434,False
fine,0.5,0,-1.148050297095271,-2.7716385975338595,0.2,0.8171725292368612,0.05510978895544686,-0.007685324989690185,False
fine,0.5,0,-5.51091059616309e-16,-3.0,0.2,0.7155362520246871,-0.012518462818416821,0.001448082771332466,False
fine,0.5,0,1.14805029709527,-2.77163859753386,0.2,0.8417774033750661,-0.030178726266098316,0.011763087180512423,False
fine,0.5,0,2.121320343559642,-2.121320343559643,0.2,0.8587955755646512,-0.10766721136403183,0.014119038316349,False
fine,0.5,0,2.7716385975338595,-1.148050297095271,0.2,0.9031653274406053,-0.13606800007759945,0.014009495267258733,False
fine,0.5,0,0.5,0.0,0.5,0.6717501589575348,-0.010756995354499255,-0.0005478748900409336,False
fine,0.5,0,0.46193976625564337,0.1913417161825449,0.5,0.6699102964214211,-0.01102511139854347,-0.0010009978537974533,False
fine,0.5,0,0.3535533905932738,0.3535533905932738,0.5,0.66714177827386,-0.010532143586516,-0.0013717623780130019,False
fine,0.5,0,0.19134171618254492,0.46193976625564337,0.5,0.6638820999251156,-0.008778827758886002,-0.001538998708393741,False
fine,0.5,0,3.061616997868383e-17,0.5,0.5,0.6616323573643103,-0.005968719213983051,-0.0013363404110392776,False
fine,0.5,0,-0.19134171618254486,0.46193976625564337,0.5,0.6618501297825027,-0.0032267112564246074,-0.0007392720833519374,False
fine,0.5,0,-0.35355339059327373,0.3535533905932738,0.5,0.6639079102205068,-0.0016620374135950585,6.968968964789022e-05,False
fine,0.5,0,-0.46193976625564337,0.19134171618254495,0.5,0.6665945287178491,-0.0009011492725745428,0.0009383887426764858,False
fine,0.5,0,-0.5,6.123233995736766e-17,0.5,0.6689336019965633,-0.00039610554568891853,0.0016746403884755345,False
fine,0.5,0,-0.4619397662556434,-0.19134171618254484,0.5,0.6707474327197419,7.298868467825337e-05,0.002111007090180116,False
fine,0.5,0,-0.35355339059327384,-0.35355339059327373,0.5,0.6718917437105676,1.7047150885622513e-05,0.0022040998413349667,False
fine,0.5,0,-0.19134171618254517,-0.46193976625564326,0.5,0.6726915736874822,-0.0008654403118097631,0.0020225450661820635,False
fine,0.5,0,-9.184850993605148e-17,-0.5,0.5,0.6732881251248903,-0.0026999527427620643,0.0016706003445411957,False
fine,0.5,0,0.191341716182545,-0.4619397662556433,0.5,0.673776073269993,-0.005163092599800801,0.0011797987929141245,False
fine,0.5,0,0.3535533905932737,-0.35355339059327384,0.5,0.6737064423018593,-0.007726456747083498,0.0005897657193101547,False
fine,0.5,0,0.46193976625564326,-0.1913417161825452,0.5,0.6730190208764442,-0.009672545397267966,-2.0651724778360764e-05,False
fine,0.5,0,1.0,0.0,0.5,0.678341790328481,-0.013399760058026011,-0.001797693365576336,False
fine,0.5,0,0.9238795325112867,0.3826834323650898,0.5,0.6773264770033147,-0.012167429252072521,-0.0018721743767434048,False
fine,0.5,0,0.7071067811865476,0.7071067811865476,0.5,0.6731171535162366,-0.013018419968383453,-0.002511535994887441,False
fine,0.5,0,0.38268343236508984,0.9238795325112867,0.5,0.6607206735636199,-0.010918885163428866,-0.0033807170055755275,False
fine,0.5,0,6.123233995736766e-17,1.0,0.5,0.6509817086861549,-0.0004845880619214639,-0.002511871696204232,False
fine,0.5,0,-0.3826834323650897,0.9238795325112867,0.5,0.6559577858450645,0.007049110382374464,-0.0009217872123447482,False
fine,0.5,0,-0.7071067811865475,0.7071067811865476,0.5,0.6656254284807157,0.0057101906147380655,0.00031067869711945087,False
fine,0.5,0,-0.9238795325112867,0.3826834323650899,0.5,0.6723067859736209,0.003683060275869032,0.0018471709258692144,False
fine,0.5,0,-1.0,1.2246467991473532e-16,0.5,0.6768020900012455,0.0045878551679985335,0.003237294495279208,False
fine,0.5,0,-0.9238795325112868,-0.38268343236508967,0.5,0.679574524491626,0.0073136835440996365,0.0038077311790941696,False
fine,0.5,0,-0.7071067811865477,-0.7071067811865475,0.5,0.6802920345754644,0.009029033518471225,0.0034609874516722348,False
fine,0.5,0,-0.38268343236509034,-0.9238795325112865,0.5,0.6793790020767649,0.007757729350742395,0.0028330706553815147,False
fine,0.5,0,-1.8369701987210297e-16,-1.0,0.5,0.6794626787575375,0.003748813020610256,0.0023282255813006913,False
fine,0.5,0,0.38268343236509,-0.9238795325112866,0.5,0.6814929169918283,-0.0030667222189017748,0.0015765683105081496,False
fine,0.5,0,0.7071067811865474,-0.7071067811865477,0.5,0.6820699787348485,-0.010408369349655723,0.00015449633611854723,False
fine,0.5,0,0.9238795325112865,-0.3826834323650904,0.5,0.6802435667221827,-0.013961930756863855,-0.0012594207719769323,False
fine,0.5,0,1.5,0.0,0.5,0.691203036563679,-0.014832558006518504,-0.0036672448061860763,False
fine,0.5,0,1.38581929876693,0.5740251485476346,0.5,0.6932538655949421,-0.003226053714250288,-0.0013368882418945676,False
fine,0.5,0,1.0606601717798214,1.0606601717798214,0.5,0.6957954501335462,-0.004181222343137216,-0.001268032088432904,False
fine,0.5,0,0.5740251485476348,1.38581929876693,0.5,0.6649778187720076,-0.007663483521693447,-0.004716191610912631,False
fine,0.5,0,9.184850993605148e-17,1.5,0.5,0.6342250946694001,0.008804621723090971,-0.0016128585964983184,False
fine,0.5,0,-0.5740251485476346,1.38581929876693,0.5,0.6594008739687962,0.019822305795979583,0.0011096714366042486,False
fine,0.5,0,-1.0606601717798212,1.0606601717798214,0.5,0.6822870599198967,0.006391374312406438,0.00016047523247583303,False
fine,0.5,0,-1.38581929876693,0.5740251485476349,0.5,0.6879485899587614,0.002855965769083444,0.002316690212679348,False
fine,0.5,0,-1.5,1.8369701987210297e-16,0.5,0.6937809315140488,0.009329724814615577,0.004200787261583017,False
fine,0.5,0,-1.3858192987669302,-0.5740251485476345,0.5,0.6984881982777484,0.01981800776815657,0.004065048195040859,False
fine,0.5,0,-1.0606601717798214,-1.0606601717798212,0.5,0.6991015141792092,0.02773030882846046,0.002137135941565815,False
fine,0.5,0,-0.5740251485476355,-1.3858192987669298,0.5,0.6925142830759584,0.024318283563520324,0.0010430013220872948,False
fine,0.5,0,-2.755455298081545e-16,-1.5,0.5,0.6883957098896732,0.012882282693055226,0.0019556632343724614,False
fine,0.5,0,0.574025148547635,-1.38581929876693,0.5,0.698404909531338,-0.005734407972797338,0.0026334161188112082,False
fine,0.5,0,1.060660171779821,-1.0606601717798214,0.5,0.7027767150993454,-0.02422017905044198,-0.0002303023340658428,False
fine,0.5,0,1.3858192987669298,-0.5740251485476355,0.5,0.6967893105880667,-0.025518159546162454,-0.0037552691920195746,False
fine,0.5,0,2.0,0.0,0.5,0.7268385064229381,-0.01945529832237458,-0.0026410624341739464,False
fine,0.5,0,1.8477590650225735,0.7653668647301796,0.5,0.7278348329945666,0.024345830190097943,0.004532940397751111,False
fine,0.5,0,1.4142135623730951,1.4142135623730951,0.5,0.7467347245326676,0.040903493720511955,0.008348225978369189,False
fine,0.5,0,0.7653668647301797,1.8477590650225735,0.5,0.7006052758638416,0.028141676812694524,-0.0008034572732091601,False
fine,0.5,0,1.2246467991473532e-16,2.0,0.5,0.6312070195724232,0.0078063476765386115,-8.686924047846085e-05,False
fine,0.5,0,-0.7653668647301795,1.8477590650225735,0.5,0.6919071539900067,-0.00426971602045178,-0.00044806367369554787,False
fine,0.5,0,-1.414213562373095,1.4142135623730951,0.5,0.7256562142469235,-0.025674014518974317,-0.006612720654152131,False
fine,0.5,0,-1.8477590650225735,0.7653668647301798,0.5,0.722122538526831,-0.012024074891774504,-0.0007860787610316143,False
fine,0.5,0,-2.0,2.4492935982947064e-16,0.5,0.7299824319222141,0.0153114499336242,0.0022194376861364162,False
fine,0.5,0,-1.8477590650225737,-0.7653668647301793,0.5,0.7378834615084032,0.04422413786131514,-0.0007147836024384328,False
fine,0.5,0,-1.4142135623730954,-1.414213562373095,0.5,0.7371758752828972,0.0674368954127691,-0.006398526143048969,False
fine,0.5,0,-0.7653668647301807,-1.847759065022573,0.5,0.7226458505107193,0.04769348161682446,-0.006364678645889393,False
fine,0.5,0,-3.6739403974420594e-16,-2.0,0.5,0.7048388588550495,0.008632515507875457,0.0017308621933665677,False
fine,0.5,0,0.76536686473018,-1.8477590650225733,0.5,0.7432854430883481,-0.030208207200184075,0.009973968322986583,False
fine,0.5,0,1.4142135623730947,-1.4142135623730954,0.5,0.7585234384349216,-0.07552883496102511,0.006723416354550582,False
fine,0.5,0,1.847759065022573,-0.7653668647301808,0.5,0.7462219536843536,-0.05991190959596131,-0.0025653301462931137,False
fine,0.5,0,2.5,0.0,0.5,0.8183775347301534,-0.03436177186801803,0.011221116056386649,False
fine,0.5,0,2.309698831278217,0.9567085809127245,0.5,0.7976811184743494,0.07378956213066697,0.02314791899788804,False
fine,0.5,0,1.7677669529663689,1.7677669529663689,0.5,0.80509166769512,0.10702084636933146,0.02753145764770172,False
fine,0.5,0,0.9567085809127246,2.309698831278217,0.5,0.7705694425956732,0.08927024598161956,0.012444887409303305,False
fine,0.5,0,1.5308084989341916e-16,2.5,0.5,0.6719908394013838,-0.004127849238948496,-0.00014377017732053368,False
fine,0.5,0,-0.9567085809127243,2.309698831278217,0.5,0.7505711489418962,-0.0728583128419221,-0.013667627985224785,False
fine,0.5,0,-1.7677669529663687,1.7677669529663689,0.5,0.7824345010788554,-0.08272698178287197,-0.025569139043266843,False
fine,0.5,0,-2.309698831278217,0.9567085809127247,0.5,0.7931207133550672,-0.048250528279298675,-0.015052574736071203,False
fine,0.5,0,-2.5,3.061616997868383e-16,0.5,0.8070817886716277,0.021539105021923334,-0.008898241897416169,False
fine,0.5,0,-2.309698831278217,-0.9567085809127241,0.5,0.806289585390999,0.08071010189254796,-0.015555697684948473,False
fine,0.5,0,-1.7677669529663693,-1.7677669529663687,0.5,0.7864652291366752,0.10876467349072408,-0.02209340965382626,False
fine,0.5,0,-0.9567085809127258,-2.309698831278216,0.5,0.7685269140728893,0.05019042702472828,-0.015048939280244748,False
fine,0.5,0,-4.592425496802574e-16,-2.5,0.5,0.7158920984560931,-0.006161430148644962,0.002853200960436027,False
fine,0.5,0,0.956708580912725,-2.3096988312782165,0.5,0.7991203595338328,-0.03414518435149076,0.02168500133042602,False
fine,0.5,0,1.7677669529663684,-1.7677669529663693,0.5,0.826328543746851,-0.12153324375976578,0.02397669190374664,False
fine,0.5,0,2.309698831278216,-0.956708580912726,0.5,0.8528180363571967,-0.12504488810074132,0.01380746829250563,False
fine,0.5,0,3.0,0.0,0.5,0.9538324874280129,-0.05857476318673527,0.04297109897748541,False
fine,0.5,0,2.77163859753386,1.1480502970952693,0.5,0.8933302618759072,0.12325906789003105,0.05344051320808098,False
fine,0.5,0,2.121320343559643,2.121320343559643,0.5,0.8527545795053789,0.14475984873394204,0.044262401677966086,False
fine,0.5,0,1.1480502970952695,2.77163859753386,0.5,0.8180865313064061,0.10563886368877642,0.023823293236891908,False
fine,0.5,0,1.8369701987210297e-16,3.0,0.5,0.754575454525917,-0.005428902488594079,-0.0010237274577289926,False
fine,0.5,0,-1.1480502970952693,2.77163859753386,0.5,0.7671337872250199,-0.09260134759456569,-0.025375002599565696,False
fine,0.5,0,-2.1213203435596424,2.121320343559643,0.5,0.8373873981259029,-0.11228503146772431,-0.046927380730433156,False
fine,0.5,0,-2.77163859753386,1.1480502970952697,0.5,0.8927621528784992,-0.08522301603631001,-0.04258570762206653,False
fine,0.5,0,-3.0,3.6739403974420594e-16,0.5,0.9160851816397724,0.015810557342843944,-0.03389549097475353,False
fine,0.5,0,-2.7716385975338604,-1.148050297095269,0.5,0.8804559821695814,0.11411271133385151,-0.03874793179339485,False
fine,0.5,0,-2.121320343559643,-2.1213203435596424,0.5,0.8401048465340152,0.1295844214650573,-0.036885718349499254,False
fine,0.5,0,-1.148050297095271,-2.7716385975338595,0.5,0.8209120315157474,0.05576672754020903,-0.020988160297147024,False
fine,0.5,0,-5.51091059616309e-16,-3.0,0.5,0.7204267629243482,-0.012715778340325584,0.003629389253395107,False
fine,0.5,0,1.14805029709527,-2.77163859753386,0.5,0.8458842969358396,-0.03278002872720956,0.031726703368354287,False
fine,0.5,0,2.121320343559642,-2.121320343559643,0.5,0.8624942633113898,-0.11110567103342751,0.0378562547882179,False
fine,0.5,0,2.7716385975338595,-1.148050297095271,0.5,0.911869986517554,-0.1399780047644259,0.038859898294398856,False
fine,0.5,0,0.5,0.0,1.0,0.671607573725016,-0.012484301152617228,0.002200072798699715,False
fine,0.5,0,0.46193976625564337,0.1913417161825449,1.0,0.6701470765441084,-0.012874949014227251,0.001274091598488767,False
fine,0.5,0,0.3535533905932738,0.3535533905932738,1.0,0.667558983309394,-0.012622681934187079,8.638291995931744e-05,False
fine,0.5,0,0.19134171618254492,0.46193976625564337,1.0,0.6640542316300022,-0.011052663491136351,-0.0011504666245386159,False
fine,0.5,0,3.061616997868383e-17,0.5,1.0,0.6612856591092527,-0.008304308900719107,-0.002031618680294306,False
fine,0.5,0,-0.19134171618254486,0.46193976625564337,1.0,0.6610405113278124,-0.005598036705267757,-0.002162418931586306,False
fine,0.5,0,-0.35355339059327373,0.3535533905932738,1.0,0.6628212554884482,-0.004163522573019679,-0.0015923532405122088,False
fine,0.5,0,-0.46193976625564337,0.19134171618254495,1.0,0.6654073600805024,-0.003384158832461346,-0.0005210652625210921,False
fine,0.5,0,-0.5,6.123233995736766e-17,1.0,0.6677550311329747,-0.0026151433414820513,0.0006653841550829928,False
fine,0.5,0,-0.4619397662556434,-0.19134171618254484,1.0,0.6696861564578169,-0.0016817470848612872,0.0015814594589672554,False
fine,0.5,0,-0.35355339059327384,-0.35355339059327373,1.0,0.6710075920378363,-0.0013669200094670623,0.0022197726299730226,False
fine,0.5,0,-0.19134171618254517,-0.46193976625564326,1.0,0.6720414334823767,-0.0021438030806975083,0.0027196698930386965,False
fine,0.5,0,-9.184850993605148e-17,-0.5,1.0,0.6728195539346611,-0.0041222669756413016,0.0032017064653642037,False
fine,0.5,0,0.191341716182545,-0.4619397662556433,1.0,0.6733550271491554,-0.006771194019940386,0.003494236302310604,False
fine,0.5,0,0.3535533905932737,-0.35355339059327384,1.0,0.6732357843368336,-0.009430022926353077,0.003399430088928933,False
fine,0.5,0,0.46193976625564326,-0.1913417161825452,1.0,0.6725922143948224,-0.011374196025559401,0.0029213804465138857,False
fine,0.5,0,1.0,0.0,1.0,0.6775535582218581,-0.013549518733441346,0.0037611992916133374,False
fine,0.5,0,0.9238795325112867,0.3826834323650898,1.0,0.6785529921986586,-0.012105962505483433,0.0037571984085105056,False
fine,0.5,0,0.7071067811865476,0.7071067811865476,1.0,0.6757416419113366,-0.013715893316736257,0.0021953001484168633,False
fine,0.5,0,0.38268343236508984,0.9238795325112867,1.0,0.6620486679682245,-0.012372555075672543,-0.00137494216107355,False
fine,0.5,0,6.123233995736766e-17,1.0,1.0,0.6499166848964248,-0.0006526402665439378,-0.003689401726941155,False
fine,0.5,0,-0.3826834323650897,0.9238795325112867,1.0,0.6549348188240757,0.006961433153647313,-0.004539296717257824,False
fine,0.5,0,-0.7071067811865475,0.7071067811865476,1.0,0.6647741541482718,0.0037719588104407308,-0.004305431407323541,False
fine,0.5,0,-0.9238795325112867,0.3826834323650899,1.0,0.6714689205479016,0.0011065496458730552,-0.002275585803667325,False
fine,0.5,0,-1.0,1.2246467991473532e-16,1.0,0.6763017429809488,0.002705076906545311,-2.2501691280930136e-05,False
fine,0.5,0,-0.9238795325112868,-0.38268343236508967,1.0,0.6794960071055264,0.007069666752783033,0.0009963509782457938,False
fine,0.5,0,-0.7071067811865477,-0.7071067811865475,1.0,0.6806337255723962,0.010170861365746417,0.001000410343900857,False
fine,0.5,0,-0.38268343236509034,-0.9238795325112865,1.0,0.6800434887538057,0.008829210739390223,0.001866779578153629,False
fine,0.5,0,-1.8369701987210297e-16,-1.0,1.0,0.6801492713515118,0.0034449807070048334,0.00427768668059919,False
fine,0.5,0,0.38268343236509,-0.9238795325112866,1.0,0.6814701863774619,-0.004792714407136566,0.006292087441551274,False
fine,0.5,0,0.7071067811865474,-0.7071067811865477,1.0,0.6807443776373557,-0.012297196685248094,0.00593037861213384,False
fine,0.5,0,0.9238795325112865,-0.3826834323650904,1.0,0.6784128606191678,-0.01496794959639635,0.004367529584586159,False
fine,0.5,0,1.5,0.0,1.0,0.6923394041232647,-0.012408878258991507,0.006825691009155754,False
fine,0.5,0,1.38581929876693,0.5740251485476346,1.0,0.6984083562902078,0.001944014934391631,0.011997925312810544,False
fine,0.5,0,1.0606601717798214,1.0606601717798214,1.0,0.70508653332904,0.00094190238751394,0.013122214733393617,False
fine,0.5,0,0.5740251485476348,1.38581929876693,1.0,0.6702251678938709,-0.005643392893990754,0.003854455716615534,False
fine,0.5,0,9.184850993605148e-17,1.5,1.0,0.6311805687943802,0.011314301327420253,-0.0015754692934240584,False
fine,0.5,0,-0.5740251485476346,1.38581929876693,1.0,0.6622923317656727,0.02078527202362942,-0.006466203615921693,False
fine,0.5,0,-1.0606601717798212,1.0606601717798214,1.0,0.6859003494163494,0.0014839317680138415,-0.01097300830226063,False
fine,0.5,0,-1.38581929876693,0.5740251485476349,1.0,0.6901548311150598,-0.0012843941458342448,-0.0074169130359761385,False
fine,0.5,0,-1.5,1.8369701987210297e-16,1.0,0.6966297316533487,0.008304162522143162,-0.004482895483333139,False
fine,0.5,0,-1.3858192987669302,-0.5740251485476345,1.0,0.702869470080828,0.023533025984621144,-0.005501193145707025,False
fine,0.5,0,-1.0606601717798214,-1.0606601717798212,1.0,0.7044023276853799,0.0356998457422125,-0.008658844661538118,False
fine,0.5,0,-0.5740251485476355,-1.3858192987669298,1.0,0.6976777428183646,0.031313669115720644,-0.006230358736313904,False
fine,0.5,0,-2.755455298081545e-16,-1.5,1.0,0.6932454341532214,0.013278639205858558,0.004328500788338429,False
fine,0.5,0,0.574025148547635,-1.38581929876693,1.0,0.7018188175826112,-0.01229575990500735,0.013751776334662492,False
fine,0.5,0,1.060660171779821,-1.0606601717798214,1.0,0.703525746471058,-0.031578374381661785,0.012314028939926305,False
fine,0.5,0,1.3858192987669298,-0.5740251485476355,1.0,0.6961566943886656,-0.02785318419352728,0.00646928831964164,False
fine,0.5,0,2.0,0.0,1.0,0.741524169453915,-0.014790097282548764,0.022286521648505087,False
fine,0.5,0,1.8477590650225735,0.7653668647301796,1.0,0.7458748888351869,0.03974031198800303,0.0365401247257065,False
fine,0.5,0,1.4142135623730951,1.4142135623730951,1.0,0.7679577628407943,0.058349862911697165,0.04369530818504419,False
fine,0.5,0,0.7653668647301797,1.8477590650225735,1.0,0.7176655938049055,0.0397291919482101,0.022828590038366396,False
fine,0.5,0,1.2246467991473532e-16,2.0,1.0,0.6319191505881624,0.00880984548634022,0.0006167041406190978,False
fine,0.5,0,-0.7653668647301795,1.8477590650225735,1.0,0.7081726485016769,-0.014857406423077693,-0.021861487266876554,False
fine,0.5,0,-1.414213562373095,1.4142135623730951,1.0,0.7412200214089014,-0.043940931159061156,-0.035174177211205984,False
fine,0.5,0,-1.8477590650225735,0.7653668647301798,1.0,0.7349407610293609,-0.023345334071350185,-0.024877091920632116,False
fine,0.5,0,-2.0,2.4492935982947064e-16,1.0,0.7429561255494006,0.0158622177232388,-0.019634242736541907,False
fine,0.5,0,-1.8477590650225737,-0.7653668647301793,1.0,0.753376672113724,0.05605034563197153,-0.02670716926382788,False
fine,0.5,0,-1.4142135623730954,-1.414213562373095,1.0,0.7515950479859475,0.08520950539646208,-0.034834724732538576,False
fine,0.5,0,-0.7653668647301807,-1.847759065022573,1.0,0.7349885181461573,0.05813367891544338,-0.02405367047481045,False
fine,0.5,0,-3.6739403974420594e-16,-2.0,1.0,0.718395919522635,0.007007904642057477,0.006342007003169348,False
fine,0.5,0,0.76536686473018,-1.8477590650225733,1.0,0.7554262359959978,-0.044629887477452085,0.03469406507709335,False
fine,0.5,0,1.4142135623730947,-1.4142135623730954,1.0,0.7702957593399117,-0.09738167635316945,0.03687978355963778,False
fine,0.5,0,1.847759065022573,-0.7653668647301808,1.0,0.7597023641007614,-0.07126034303428423,0.022640229301897807,False
fine,0.5,0,2.5,0.0,1.0,0.8605911425981807,-0.028697081428171067,0.06907220656231061,False
fine,0.5,0,2.309698831278217,0.9567085809127245,1.0,0.8345286136832396,0.09717154421222915,0.08756274151028459,False
fine,0.5,0,1.7677669529663689,1.7677669529663689,1.0,0.8298547688204104,0.12190398468778649,0.08313149277899079,False
fine,0.5,0,0.9567085809127246,2.309698831278217,1.0,0.7928657279976046,0.10054261347283976,0.049191213560743643,False
fine,0.5,0,1.5308084989341916e-16,2.5,1.0,0.6834163036294145,-0.004509426697253423,0.0009591135973954573,False
fine,0.5,0,-0.9567085809127243,2.309698831278217,1.0,0.7739334109523086,-0.08434743983797607,-0.04925551599753109,False
fine,0.5,0,-1.7677669529663687,1.7677669529663689,1.0,0.8059419498428589,-0.10529851563715806,-0.07676225636784303,False
fine,0.5,0,-2.309698831278217,0.9567085809127247,1.0,0.8247278063604748,-0.07077255125397201,-0.06816900018770647,False
fine,0.5,0,-2.5,3.061616997868383e-16,1.0,0.8402336133284526,0.022951519104340762,-0.0573464475188743,False
fine,0.5,0,-2.309698831278217,-0.9567085809127241,1.0,0.8350732979175267,0.09903064507586698,-0.06806731718624434,False
fine,0.5,0,-1.7677669529663693,-1.7677669529663687,1.0,0.8055429017687952,0.12369908918081668,-0.06826274690769094,False
fine,0.5,0,-0.9567085809127258,-2.309698831278216,1.0,0.7833267405901239,0.05566270688998734,-0.040010132801322755,False
fine,0.5,0,-4.592425496802574e-16,-2.5,1.0,0.7360131401483341,-0.006957666845410442,0.007688439799415719,False
fine,0.5,0,0.956708580912725,-2.3096988312782165,1.0,0.813423558716236,-0.04465527150030292,0.05524018750335112,False
fine,0.5,0,1.7677669529663684,-1.7677669529663693,1.0,0.8410424958406013,-0.13846960454640542,0.06888464803111022,False
fine,0.5,0,2.309698831278216,-0.956708580912726,1.0,0.8846208325288627,-0.14382212699359423,0.06586298835716253,False
fine,0.5,0,3.0,0.0,1.0,1.0021142985625549,-0.048495231597440736,0.1339472635638579,False
fine,0.5,0,2.77163859753386,1.1480502970952693,1.0,0.9354123214131222,0.13831647824767684,0.1465948054414018,False
fine,0.5,0,2.121320343559643,2.121320343559643,1.0,0.8751460370160883,0.14709799573359955,0.10917284369620903,False
fine,0.5,0,1.1480502970952695,2.77163859753386,1.0,0.8359575165246621,0.10757910481745683,0.06196749453622483,False
fine,0.5,0,1.8369701987210297e-16,3.0,1.0,0.7690963730356581,-0.0053910654457283,0.002366384755204906,False
fine,0.5,0,-1.1480502970952693,2.77163859753386,1.0,0.7907487304067337,-0.09314056117664005,-0.0626288855019244,False
fine,0.5,0,-2.1213203435596424,2.121320343559643,1.0,0.8611445578535857,-0.1256814433015699,-0.11246213398943276,False
fine,0.5,0,-2.77163859753386,1.1480502970952697,1.0,0.9317582858438522,-0.10787518450909989,-0.12620415472573387,False
fine,0.5,0,-3.0,3.6739403974420594e-16,1.0,0.9599652449818611,0.015706514962401344,-0.11420272956876332,False
fine,0.5,0,-2.7716385975338604,-1.148050297095269,1.0,0.9129679974929167,0.12841934047112594,-0.11536696489971264,False
fine,0.5,0,-2.121320343559643,-2.1213203435596424,1.0,0.8582579517307066,0.13507202902535426,-0.09269038181288537,False
fine,0.5,0,-1.148050297095271,-2.7716385975338595,1.0,0.8340328449555554,0.057258294952157035,-0.05051334977092331,False
fine,0.5,0,-5.51091059616309e-16,-3.0,1.0,0.7445379643458883,-0.012373404003997831,0.006979579085129765,False
fine,0.5,0,1.14805029709527,-2.77163859753386,1.0,0.858449059271186,-0.041158006703440234,0.07162222133519114,False
fine,0.5,0,2.121320343559642,-2.121320343559643,1.0,0.8761281227899148,-0.11994367402512586,0.08940406161026125,False
fine,0.5,0,2.7716385975338595,-1.148050297095271,1.0,0.9387307699402653,-0.1480962236406211,0.10426899560376227,False
fine,0.5,0,0.0,0.0,0.0,0.6684975489526545,-0.005137429223758996,-2.7755575615628914e-17,True
fine,0.5,2,0.5,0.0,0.0,-4.271025815826223e-17,7.948998792693984e-18,0.4727646789631572,False
fine,0.5,2,0.46193976625564337,0.1913417161825449,0.0,-1.6560666165652732e-17,-9.513968399844164e-18,0.47165042424452774,False
fine,0.5,2,0.3535533905932738,0.3535533905932738,0.0,-1.2226352974284945e-17,-7.150336355982668e-18,0.47025814803344823,False
fine,0.5,2,0.19134171618254492,0.46193976625564337,0.0,5.620444153887841e-18,-1.3933659851211206e-17,0.469286522848712,False
fine,0.5,2,3.061616997868383e-17,0.5,0.0,1.7467130487104244e-17,3.0185781750931573e-17,0.46929106027482936,False
fine,0.5,2,-0.19134171618254486,0.46193976625564337,0.0,-1.4613564361412913e-17,-6.610147237510104e-18,0.4700370399166775,False
fine,0.5,2,-0.35355339059327373,0.3535533905932738,0.0,2.5371430511360334e-18,-2.447769847605e-17,0.47122166355243367,False
fine,0.5,2,-0.46193976625564337,0.19134171618254495,0.0,1.4460459401610567e-17,1.5648898437686637e-17,0.47211624915405354,False
fine,0.5,2,-0.5,6.123233995736766e-17,0.0,8.340632019975913e-18,-1.3882788452383103e-17,0.47235383154221583,False
fine,0.5,2,-0.4619397662556434,-0.19134171618254484,0.0,1.741506763105051e-17,8.236121384385603e-18,0.47164727052712174,False
fine,0.5,2,-0.35355339059327384,-0.35355339059327373,0.0,1.416718944748617e-17,1.9535416723718543e-17,0.47061334485995127,False
fine,0.5,2,-0.19134171618254517,-0.46193976625564326,0.0,1.854154845547466e-17,3.135168793628021e-17,0.46976334994122176,False
fine,0.5,2,-9.184850993605148e-17,-0.5,0.0,1.0227155175624601e-18,2.7298880362280703e-17,0.4697746017383666,False
fine,0.5,2,0.191341716182545,-0.4619397662556433,0.0,-6.593657226426037e-18,4.5229765859585656e-18,0.47056725506029484,False
fine,0.5,2,0.3535533905932737,-0.35355339059327384,0.0,-3.2870519844194143e-18,7.25801314294376e-18,0.4718694435077591,False
fine,0.5,2,0.46193976625564326,-0.1913417161825452,0.0,-2.2117352771349417e-17,8.9933877325892e-18,0.4727582096614742,False
fine,0.5,2,1.0,0.0,0.0,-2.1389392594846176e-17,1.0542076401903835e-17,0.47134223064803304,False
fine,0.5,2,0.9238795325112867,0.3826834323650898,0.0,-3.156455597732106e-17,-2.3942466560647462e-17,0.46780468476866577,False
fine,0.5,2,0.7071067811865476,0.7071067811865476,0.0,-3.3121937367002235e-17,-2.3209883338611375e-17,0.46289557623438904,False
fine,0.5,2,0.38268343236508984,0.9238795325112867,0.0,-3.732090316305023e-17,-2.673554229828966e-17,0.4603458800216126,False
fine,0.5,2,6.123233995736766e-17,1.0,0.0,-3.893899084945051e-18,-4.2421272137967245e-17,0.46087705326232353,False
fine,0.5,2,-0.3826834323650897,0.9238795325112867,0.0,9.411166696125002e-18,-3.144087012399391e-17,0.46304910054103976,False
fine,0.5,2,-0.7071067811865475,0.7071067811865476,0.0,3.1663156577121005e-17,-7.814464394276418e-19,0.4665869881559806,False
fine,0.5,2,-0.9238795325112867,0.3826834323650899,0.0,1.0049588758390631e-17,-4.22643378173052e-18,0.4697494811202133,False
fine,0.5,2,-1.0,1.2246467991473532e-16,0.0,3.15181696309613e-17,1.0449536138451001e-17,0.4701526549169598,False
fine,0.5,2,-0.9238795325112868,-0.38268343236508967,0.0,2.494676856288758e-17,1.1271041513384534e-17,0.46753914944530034,False
fine,0.5,2,-0.7071067811865477,-0.7071067811865475,0.0,2.94281024212882e-18,2.928204908795516e-17,0.4634004611098369,False
fine,0.5,2,-0.38268343236509034,-0.9238795325112865,0.0,1.7154634004776588e-17,1.290950777168152e-17,0.4600394118850101,False
fine,0.5,2,-1.8369701987210297e-16,-1.0,0.0,9.588881577499187e-18,2.793398598345232e-17,0.4594580565679736,False
fine,0.5,2,0.38268343236509,-0.9238795325112866,0.0,-1.2876964933360499e-17,3.670325262534085e-17,0.4622525306271084,False
fine,0.5,2,0.7071067811865474,-0.7071067811865477,0.0,-2.0048578894981582e-17,2.6740923921389598e-17,0.46710393963546637,False
fine,0.5,2,0.9238795325112865,-0.3826834323650904,0.0,-3.2663371945729454e-17,7.378027948860866e-18,0.47100667345030583,False
fine,0.5,2,1.5,0.0,0.0,-5.756325337439542e-17,2.1945340268814158e-19,0.4688427333247557,False
fine,0.5,2,1.38581929876693,0.5740251485476346,0.0,-3.918843056925187e-17,-8.222341790908135e-18,0.4629301130499873,False
fine,0.5,2,1.0606601717798214,1.0606601717798214,0.0,-2.156620897104813e-17,-2.0291803043708218e-17,0.4541106294741549,False
fine,0.5,2,0.5740251485476348,1.38581929876693,0.0,-1.7091062082356897e-17,-2.7914201239142564e-17,0.451987939313486,False
fine,0.5,2,9.184850993605148e-17,1.5,0.0,-7.43501364449861e-18,-4.729304600520155e-17,0.45485429457701276,False
fine,0.5,2,-0.5740251485476346,1.38581929876693,0.0,1.1277656871726784e-18,-4.507644893106181e-17,0.4551702741195101,False
fine,0.5,2,-1.0606601717798212,1.0606601717798214,0.0,3.3711626313076455e-17,-2.5911826074390687e-17,0.460010095489939,False
fine,0.5,2,-1.38581929876693,0.5740251485476349,0.0,3.72713607764901e-17,-7.065200568584158e-18,0.46630861886443387,False
fine,0.5,2,-1.5,1.8369701987210297e-16,0.0,2.836234282836286e-17,-1.7529410866679084e-17,0.46702066841308093,False
fine,0.5,2,-1.3858192987669302,-0.5740251485476345,0.0,3.0560738801641695e-17,2.540071369406209e-17,0.4619889970087175,False
fine,0.5,2,-1.0606601717798214,-1.0606601717798212,0.0,2.021698143094199e-17,3.749683758636523e-17,0.45464366024867187,False
fine,0.5,2,-0.5740251485476355,-1.3858192987669298,0.0,5.943457375714007e-18,3.5505473573304264e-17,0.44920982260526326,False
fine,0.5,2,-2.755455298081545e-16,-1.5,0.0,1.2476080979939968e-18,3.093155614885659e-17,0.44811473003495106,False
fine,0.5,2,0.574025148547635,-1.38581929876693,0.0,-2.8539428692778984e-17,4.056031413667667e-17,0.45185651109931946,False
fine,0.5,2,1.060660171779821,-1.0606601717798214,0.0,-1.6798652041990984e-17,3.448222310692962e-17,0.4599302991974342,False
fine,0.5,2,1.3858192987669298,-0.5740251485476355,0.0,-2.107098616804837e-17,1.9827275978089242e-17,0.46733648678068185,False
fine,0.5,2,2.0,0.0,0.0,-4.8870285231673155e-17,-9.025233791836588e-18,0.4662640964329142,False
fine,0.5,2,1.8477590650225735,0.7653668647301796,0.0,-6.787066558182701e-17,-1.3710631613079498e-17,0.4608641820671307,False
fine,0.5,2,1.4142135623730951,1.4142135623730951,0.0,-4.081630258279911e-17,-3.9217994787645624e-17,0.45176485540363,False
fine,0.5,2,0.7653668647301797,1.8477590650225735,0.0,-3.732919417334113e-17,-5.002460789497577e-17,0.45276291984250194,False
fine,0.5,2,1.2246467991473532e-16,2.0,0.0,-9.037803981965573e-18,-5.022045501164315e-17,0.4576586942297838,False
fine,0.5,2,-0.7653668647301795,1.8477590650225735,0.0,3.1119214134746366e-17,-2.7375204708515206e-17,0.4535681335209746,False
fine,0.5,2,-1.414213562373095,1.4142135623730951,0.0,3.3601704309740626e-17,-4.639444945557254e-17,0.4564937053122434,False
fine,0.5,2,-1.8477590650225735,0.7653668647301798,0.0,3.0605563220899543e-17,-2.518629543555203e-17,0.4640469489105686,False
fine,0.5,2,-2.0,2.4492935982947064e-16,0.0,4.109608102222916e-17,1.4075378309290072e-17,0.46455525629826844,False
fine,0.5,2,-1.8477590650225737,-0.7653668647301793,0.0,4.0480409834012825e-17,2.5518196524120007e-17,0.45850307360154374,False
fine,0.5,2,-1.4142135623730954,-1.414213562373095,0.0,2.3080473706296238e-17,3.150059769659844e-17,0.45212809246212027,False
fine,0.5,2,-0.7653668647301807,-1.847759065022573,0.0,9.233511470672123e-18,6.133938651211105e-17,0.45107808811913797,False
fine,0.5,2,-3.6739403974420594e-16,-2.0,0.0,-1.536497732221297e-17,7.671357280896656e-17,0.4526497139344401,False
fine,0.5,2,0.76536686473018,-1.8477590650225733,0.0,-1.819265242652703e-17,5.555369426182044e-17,0.45379061051093533,False
fine,0.5,2,1.4142135623730947,-1.4142135623730954,0.0,-3.31309472209079e-17,5.366003085378729e-17,0.4571316871029166,False
fine,0.5,2,1.847759065022573,-0.7653668647301808,0.0,-6.932030176785206e-17,2.1273789217927366e-17,0.4634940093662739,False
fine,0.5,2,2.5,0.0,0.0,-4.252398685140371e-17,-8.099341258121909e-18,0.469093162998584,False
fine,0.5,2,2.309698831278217,0.9567085809127245,0.0,-4.235659848796751e-17,-2.7442639651662426e-17,0.46976089030861845,False
fine,0.5,2,1.7677669529663689,1.7677669529663689,0.0,-3.844190436910544e-17,-3.483394932836702e-17,0.46885813099198026,False
fine,0.5,2,0.9567085809127246,2.309698831278217,0.0,-3.700023137676603e-17,-6.851680107553079e-17,0.4701898132726738,False
fine,0.5,2,1.5308084989341916e-16,2.5,0.0,-5.495089700976058e-18,-5.324745626559034e-17,0.4722017985929331,False
fine,0.5,2,-0.9567085809127243,2.309698831278217,0.0,2.6048658489420656e-17,-5.3829079960163557e-17,0.471229519209171,False
fine,0.5,2,-1.7677669529663687,1.7677669529663689,0.0,3.409074264880925e-17,-5.931526518468518e-17,0.4703475058117724,False
fine,0.5,2,-2.309698831278217,0.9567085809127247,0.0,3.677741130907434e-17,-2.901986080620506e-17,0.4694899561892425,False
fine,0.5,2,-2.5,3.061616997868383e-16,0.0,7.605205168335496e-17,5.983880716987267e-19,0.4670967051340971,False
fine,0.5,2,-2.309698831278217,-0.9567085809127241,0.0,6.026650885237355e-17,3.009810455236836e-17,0.46385735917401677,False
fine,0.5,2,-1.7677669529663693,-1.7677669529663687,0.0,4.2467034425155333e-17,2.9333881191740556e-17,0.46725812117765303,False
fine,0.5,2,-0.9567085809127258,-2.309698831278216,0.0,1.478519725718935e-17,5.867393367061845e-17,0.4763854651062777,False
fine,0.5,2,-4.592425496802574e-16,-2.5,0.0,2.4530321980929035e-18,6.472931588527766e-17,0.48253351598291633,False
fine,0.5,2,0.956708580912725,-2.3096988312782165,0.0,-1.5942427854809483e-17,7.679200355726556e-17,0.48419323743981835,False
fine,0.5,2,1.7677669529663684,-1.7677669529663693,0.0,-4.612861260138403e-17,3.607691083964676e-17,0.4742066746448602,False
fine,0.5,2,2.309698831278216,-0.956708580912726,0.0,-5.43013085025667e-17,3.2251811029568006e-17,0.46793303311414214,False
fine,0.5,2,3.0,0.0,0.0,-5.551932252973353e-17,-1.4335198563584505e-18,0.48909617231963937,False
fine,0.5,2,2.77163859753386,1.1480502970952693,0.0,-4.858785884965409e-17,-3.0224866141892116e-17,0.49983609847662563,False
fine,0.5,2,2.121320343559643,2.121320343559643,0.0,-3.053942185926992e-17,-3.588311813720567e-17,0.5069905912004788,False
fine,0.5,2,1.1480502970952695,2.77163859753386,0.0,-3.3546490012906715e-17,-5.739810998468731e-17,0.5061332051906934,False
fine,0.5,2,1.8369701987210297e-16,3.0,0.0,1.6136854213984788e-17,-5.796573432127907e-17,0.5066286060157409,False
fine,0.5,2,-1.1480502970952693,2.77163859753386,0.0,1.9947541212629608e-17,-6.001244436079601e-17,0.5110212816207589,False
fine,0.5,2,-2.1213203435596424,2.121320343559643,0.0,3.870027099005159e-17,-4.0303611153764633e-17,0.5102501269850243,False
fine,0.5,2,-2.77163859753386,1.1480502970952697,0.0,5.056945057972899e-17,-1.9305258947406023e-17,0.49342948500772754,False
fine,0.5,2,-3.0,3.6739403974420594e-16,0.0,4.429497316046748e-17,1.618394983553627e-17,0.48309386242101154,False
fine,0.5,2,-2.7716385975338604,-1.148050297095269,0.0,6.109106121911437e-17,3.061319264491242e-17,0.4855519931584553,False
fine,0.5,2,-2.121320343559643,-2.1213203435596424,0.0,3.279755191795221e-17,5.382284048841406e-17,0.5020697154598744,False
fine,0.5,2,-1.148050297095271,-2.7716385975338595,0.0,1.1200505848179167e-17,4.8932779378747656e-17,0.5152205589849268,False
fine,0.5,2,-5.51091059616309e-16,-3.0,0.0,-2.9282514983951455e-18,5.647203953050323e-17,0.5206325424254225,False
fine,0.5,2,1.14805029709527,-2.77163859753386,0.0,-2.3846713912587837e-17,5.718453162284832e-17,0.5306265901831201,False
fine,0.5,2,2.121320343559642,-2.121320343559643,0.0,-3.8668167574560814e-17,4.336813372955383e-17,0.5132734109614421,False
fine,0.5,2,2.7716385975338595,-1.148050297095271,0.0,-4.888664268684263e-17,2.7902817773191227e-17,0.49130107550366886,False
fine,0.5,2,0.5,0.0,0.2,-0.0003536360131227934,-0.0006320552287471636,0.4744243300173634,False
fine,0.5,2,0.46193976625564337,0.1913417161825449,0.2,-0.00048776203467352066,-0.0017104118696556069,0.4732908365674676,False
fine,0.5,2,0.3535533905932738,0.3535533905932738,0.2,-0.0005709460551469497,-0.002449305380667632,0.4718866160135169,False
fine,0.5,2,0.19134171618254492,0.46193976625564337,0.2,-0.0005665758547859042,-0.0027584797372007903,0.47091071496211045,False
fine,0.5,2,3.061616997868383e-17,0.5,0.2,-0.0004347777350454552,-0.0027292353656942266,0.4709098580059231,False
fine,0.5,2,-0.19134171618254486,0.46193976625564337,0.2,-0.00018658482874450496,-0.0023891739633257534,0.47165603867297545,False
fine,0.5,2,-0.35355339059327373,0.3535533905932738,0.2,0.00010415678839641784,-0.0017504176522705063,0.472837935513148,False
fine,0.5,2,-0.46193976625564337,0.19134171618254495,0.2,0.00038468304755098846,-0.0008176813353429068,0.4737361533439554,False
fine,0.5,2,-0.5,6.123233995736766e-17,0.2,0.0005988343199433422,0.0002633169180617286,0.4739881781717658,False
fine,0.5,2,-0.4619397662556434,-0.19134171618254484,0.2,0.0006967786541579201,0.0013184933004281787,0.4733196394687015,False
fine,0.5,2,-0.35355339059327384,-0.35355339059327373,0.2,0.0006814735102370949,0.0021818226561528776,0.47233180081220866,False
fine,0.5,2,-0.19134171618254517,-0.46193976625564326,0.2,0.0005841916990540104,0.002715017529706959,0.4715233356602492,False
fine,0.5,2,-9.184850993605148e-17,-0.5,0.2,0.0004433864316181869,0.0028386198631403345,0.47154926549550263,False
fine,0.5,2,0.191341716182545,-0.4619397662556433,0.2,0.00026346560689737746,0.002491656633318717,0.4723334592440015,False
fine,0.5,2,0.3535533905932737,-0.35355339059327384,0.2,5.056352447456006e-05,0.001709952305604253,0.4736025105135866,False
fine,0.5,2,0.46193976625564326,-0.1913417161825452,0.2,-0.000169390968079563,0.0005982588191259359,0.4744534370834391,False
fine,0.5,2,1.0,0.0,0.2,-0.0007528883074332305,-0.0009148672685023396,0.4731801887796231,False
fine,0.5,2,0.9238795325112867,0.3826834323650898,0.2,-0.000776895548312095,-0.0029618774952306017,0.4696359124795184,False
fine,0.5,2,0.7071067811865476,0.7071067811865476,0.2,-0.0009352242730196131,-0.003952118633645189,0.46476747896551646,False
fine,0.5,2,0.38268343236508984,0.9238795325112867,0.2,-0.0011397726475787635,-0.0037182230370210673,0.462245869272606,False
fine,0.5,2,6.123233995736766e-17,1.0,0.2,-0.0007496682235470732,-0.003388358935980929,0.4627691061722202,False
fine,0.5,2,-0.3826834323650897,0.9238795325112867,0.2,-0.00015077379953611384,-0.00348440341961824,0.4649166729945026,False
fine,0.5,2,-0.7071067811865475,0.7071067811865476,0.2,0.0002504555747864219,-0.002978596081351622,0.46840782436778367,False
fine,0.5,2,-0.9238795325112867,0.3826834323650899,0.2,0.0007136613169845901,-0.0013874340203832026,0.47151624948039006,False
fine,0.5,2,-1.0,1.2246467991473532e-16,0.2,0.0010970960869421285,0.0006285303965288141,0.47191700756209953,False
fine,0.5,2,-0.9238795325112868,-0.38268343236508967,0.2,0.0011705504869405784,0.0024837549813259826,0.4694047481700372,False
fine,0.5,2,-0.7071067811865477,-0.7071067811865475,0.2,0.0009672641410427324,0.0038899339589686635,0.4654464416028468,False
fine,0.5,2,-0.38268343236509034,-0.9238795325112865,0.2,0.000733279018606162,0.004641936571603918,0.46225931918616886,False
fine,0.5,2,-1.8369701987210297e-16,-1.0,0.2,0.0005871963991749275,0.004887970787077179,0.461745583766303,False
fine,0.5,2,0.38268343236509,-0.9238795325112866,0.2,0.0004010673612744847,0.004591177862642625,0.46447620806110057,False
fine,0.5,2,0.7071067811865474,-0.7071067811865477,0.2,-1.0871587933685484e-05,0.003491745202927107,0.4691716043265444,False
fine,0.5,2,0.9238795325112865,-0.3826834323650904,0.2,-0.0005082882832953707,0.0014854374006901877,0.47292816277489214,False
fine,0.5,2,1.5,0.0,0.2,-0.0011103063673027049,-0.000795880470135979,0.47101322611287855,False
fine,0.5,2,1.38581929876693,0.5740251485476346,0.2,-0.0004096680272040051,-0.0033303607499834925,0.4652111822677997,False
fine,0.5,2,1.0606601717798214,1.0606601717798214,0.2,-0.00037142656408377937,-0.0036197505583715683,0.4566932878608484,False
fine,0.5,2,0.5740251485476348,1.38581929876693,0.2,-0.0014918842642967017,-0.0014178607720260186,0.4547321054950969,False
fine,0.5,2,9.184850993605148e-17,1.5,0.2,-0.00043578601103856385,-0.0006694330102203105,0.4575451752606857,False
fine,0.5,2,-0.5740251485476346,1.38581929876693,0.2,0.0004937542799550901,-0.002404599968480549,0.4577485332931092,False
fine,0.5,2,-1.0606601717798212,1.0606601717798214,0.2,7.085569284351365e-05,-0.003478619857849347,0.4623709947369244,False
fine,0.5,2,-1.38581929876693,0.5740251485476349,0.2,0.0006934475352660273,-0.0017439514855656273,0.4684224523502505,False
fine,0.5,2,-1.5,1.8369701987210297e-16,0.2,0.0012254364517501615,0.0008743408035595805,0.46906908002361236,False
fine,0.5,2,-1.3858192987669302,-0.5740251485476345,0.2,0.0010208550616519704,0.0028666419384216074,0.46427638119226966,False
fine,0.5,2,-1.0606601717798214,-1.0606601717798212,0.2,0.00034691741836862173,0.0036203385038212532,0.45745367121574365,False
fine,0.5,2,-0.5740251485476355,-1.3858192987669298,0.2,8.298253321644954e-05,0.0029019953741662974,0.4526075655416249,False
fine,0.5,2,-2.755455298081545e-16,-1.5,0.2,0.00041074073941086396,0.0024924822819753943,0.45179582509713967,False
fine,0.5,2,0.574025148547635,-1.38581929876693,0.2,0.0007795622164453108,0.003428233280725103,0.455281505728229,False
fine,0.5,2,1.060660171779821,-1.0606601717798214,0.2,0.00019835294406425513,0.0039050804573489283,0.4627363904118889,False
fine,0.5,2,1.3858192987669298,-0.5740251485476355,0.2,-0.0009199025508728975,0.002170679200615465,0.46967505520155184,False
fine,0.5,2,2.0,0.0,0.2,-0.00039864690735713637,-0.00023121473073558498,0.4690832144737962,False
fine,0.5,2,1.8477590650225735,0.7653668647301796,0.2,0.0016512816826963544,-0.0018088756971436242,0.4640959549750945,False
fine,0.5,2,1.4142135623730951,1.4142135623730951,0.2,0.0027273601588677456,0.0008228664243533507,0.4560350538744781,False
fine,0.5,2,0.7653668647301797,1.8477590650225735,0.2,-0.00017523458877841922,0.0038113474240854964,0.4572818118677801,False
fine,0.5,2,1.2246467991473532e-16,2.0,0.2,1.0049123731880868e-05,0.003331496730157358,0.46181703911843663,False
fine,0.5,2,-0.7653668647301795,1.8477590650225735,0.2,-7.863189822763601e-05,0.002778824243778494,0.4578586801380046,False
fine,0.5,2,-1.414213562373095,1.4142135623730951,0.2,-0.0022617259139845578,-0.0005239036356104288,0.4601954059053382,False
fine,0.5,2,-1.8477590650225735,0.7653668647301798,0.2,-0.0005727460475060892,-0.0010295822835806156,0.46688739287301073,False
fine,0.5,2,-2.0,2.4492935982947064e-16,0.2,0.00028986222894841204,0.000898995851028161,0.46719046243511675,False
fine,0.5,2,-1.8477590650225737,-0.7653668647301793,0.2,-0.000675906710454501,0.0016798587802936606,0.46166590758380605,False
fine,0.5,2,-1.4142135623730954,-1.414213562373095,0.2,-0.002184930100891121,-0.0009550676393703018,0.45658639785870214,False
fine,0.5,2,-0.7653668647301807,-1.847759065022573,0.2,-0.001882240079076945,-0.005558728032405293,0.45696836324471196,False
fine,0.5,2,-3.6739403974420594e-16,-2.0,0.2,0.000422460003551005,-0.007874177368719738,0.4591903111463169,False
fine,0.5,2,0.76536686473018,-1.8477590650225733,0.2,0.002773981715909441,-0.0061942700885492105,0.4600677955348762,False
fine,0.5,2,1.4142135623730947,-1.4142135623730954,0.2,0.0024666860205771,-0.0006847738045627087,0.46164651390707845,False
fine,0.5,2,1.847759065022573,-0.7653668647301808,0.2,-7.405898165296622e-06,0.0014727147214152517,0.46665044385220095,False
fine,0.5,2,2.5,0.0,0.2,0.003985057493408928,0.0005213045722267884,0.4733132268604002,False
fine,0.5,2,2.309698831278217,0.9567085809127245,0.2,0.007117420968967294,0.0026487523032242936,0.47486955952748117,False
fine,0.5,2,1.7677669529663689,1.7677669529663689,0.2,0.008175311708854676,0.008742691739873007,0.47581745631756606,False
fine,0.5,2,0.9567085809127246,2.309698831278217,0.2,0.004118320524985808,0.010552791736726333,0.47732184905219777,False
fine,0.5,2,1.5308084989341916e-16,2.5,0.2,-0.0002379290706892463,0.009753529258276484,0.47860190356159144,False
fine,0.5,2,-0.9567085809127243,2.309698831278217,0.2,-0.004512290146289173,0.011627461697743901,0.4782826228499616,False
fine,0.5,2,-1.7677669529663687,1.7677669529663689,0.2,-0.007784034677332239,0.008174826547621212,0.47663113797437784,False
fine,0.5,2,-2.309698831278217,0.9567085809127247,0.2,-0.00491836602861394,0.0024652408105465197,0.47385616851959056,False
fine,0.5,2,-2.5,3.061616997868383e-16,0.2,-0.0033012644387233835,0.0006405575803074662,0.4709011359603224,False
fine,0.5,2,-2.309698831278217,-0.9567085809127241,0.2,-0.005018317302706596,-0.0017786063562851328,0.46865633715701394,False
fine,0.5,2,-1.7677669529663693,-1.7677669529663687,0.2,-0.006228592987139882,-0.008906642844907438,0.47427720003079815,False
fine,0.5,2,-0.9567085809127258,-2.309698831278216,0.2,-0.003930480524563558,-0.013442925229619922,0.48500078870167707,False
fine,0.5,2,-4.592425496802574e-16,-2.5,0.2,0.0010146324419541197,-0.014740536197408062,0.49127127891527833,False
fine,0.5,2,0.956708580912725,-2.3096988312782165,0.2,0.005772143915756317,-0.015692045761916268,0.493577209749955,False
fine,0.5,2,1.7677669529663684,-1.7677669529663693,0.2,0.006847934685950112,-0.010510784470873896,0.48152638563343564,False
fine,0.5,2,2.309698831278216,-0.956708580912726,0.2,0.004961479574362291,-0.002457495021995777,0.47272595911383974,False
fine,0.5,2,3.0,0.0,0.2,0.013131992119911362,0.001352012740508579,0.49567095515942355,False
fine,0.5,2,2.77163859753386,1.1480502970952693,0.2,0.015458606249702463,0.008250255253581232,0.5076338471506475,False
fine,0.5,2,2.121320343559643,2.121320343559643,0.2,0.012495352005856823,0.013404131411729886,0.5163022211039974,False
fine,0.5,2,1.1480502970952695,2.77163859753386,0.2,0.007114764792853922,0.015790885670617046,0.5156923976697737,False
fine,0.5,2,1.8369701987210297e-16,3.0,0.2,-0.0006244822624419821,0.017716991038863976,0.515580153090788,False
fine,0.5,2,-1.1480502970952693,2.77163859753386,0.2,-0.007847628827267557,0.016774665586345085,0.5200393774668449,False
fine,0.5,2,-2.1213203435596424,2.121320343559643,0.2,-0.013299542334957462,0.016044451376534086,0.5192386385070284,False
fine,0.5,2,-2.77163859753386,1.1480502970952697,0.2,-0.012491550932102585,0.008452810600528174,0.5002522099382704,False
fine,0.5,2,-3.0,3.6739403974420594e-16,0.2,-0.010455555506730897,0.00045536541975663917,0.4888372792960124,False
fine,0.5,2,-2.7716385975338604,-1.148050297095269,0.2,-0.01125414028968398,-0.006316254401570727,0.4926042210213724,False
fine,0.5,2,-2.121320343559643,-2.1213203435596424,0.2,-0.009786772552190137,-0.01449866819768778,0.511490623794838,False
fine,0.5,2,-1.148050297095271,-2.7716385975338595,0.2,-0.005520193755007005,-0.016169324704998805,0.5255110197890871,False
fine,0.5,2,-5.51091059616309e-16,-3.0,0.2,0.001328764909377452,-0.015600204122980424,0.5300269612418413,False
fine,0.5,2,1.14805029709527,-2.77163859753386,0.2,0.008558617369945664,-0.018435335418205953,0.5415724753270879,False
fine,0.5,2,2.121320343559642,-2.121320343559643,0.2,0.009411883323022329,-0.017314476304585366,0.5229142869287667,False
fine,0.5,2,2.7716385975338595,-1.148050297095271,0.2,0.011387824840127642,-0.006852253729009949,0.4979255073723054,False
fine,0.5,2,0.5,0.0,0.5,-0.0006765270466415618,-0.001694311131487769,0.48353020887741094,False
fine,0.5,2,0.46193976625564337,0.1913417161825449,0.5,-0.0010169180830793933,-0.004249249435459363,0.48232565147880113,False
fine,0.5,2,0.3535533905932738,0.3535533905932738,0.5,-0.001259030868235339,-0.0059793770044324545,0.4808936439211167,False
fine,0.5,2,0.19134171618254492,0.46193976625564337,0.5,-0.001313377581672173,-0.0066750410746258745,0.47991952234070107,False
fine,0.5,2,3.061616997868383e-17,0.5,0.5,-0.0010709906657387913,-0.006580207676691208,0.47988751428555587,False
fine,0.5,2,-0.19134171618254486,0.46193976625564337,0.5,-0.0005308918206721777,-0.005755977409619523,0.4806139378201274,False
fine,0.5,2,-0.35355339059327373,0.3535533905932738,0.5,0.00014231443142318653,-0.00423388523022008,0.4817498054943431,False
fine,0.5,2,-0.46193976625564337,0.19134171618254495,0.5,0.0008194874251618078,-0.0020160167288104727,0.4826436621896052,False
fine,0.5,2,-0.5,6.123233995736766e-17,0.5,0.0013524755759199978,0.0005418251243830544,0.48296238867282937,False
fine,0.5,2,-0.4619397662556434,-0.19134171618254484,0.5,0.001607310394819076,0.003022609285789158,0.4825054114283584,False
fine,0.5,2,-0.35355339059327384,-0.35355339059327373,0.5,0.0015959595370986534,0.005039442694209566,0.48177866537360065,False
fine,0.5,2,-0.19134171618254517,-0.46193976625564326,0.5,0.0014007245546811852,0.006270245732904106,0.48120574726469156,False
fine,0.5,2,-9.184850993605148e-17,-0.5,0.5,0.0011170849307396982,0.006548680225511028,0.4813073375570651,False
fine,0.5,2,0.191341716182545,-0.4619397662556433,0.5,0.0007428965896674134,0.005722231291669472,0.48203159700669174,False
fine,0.5,2,0.3535533905932737,-0.35355339059327384,0.5,0.00027462920472629454,0.00387581714248505,0.4831014290252061,False
fine,0.5,2,0.46193976625564326,-0.1913417161825452,0.5,-0.00023313379756613624,0.0012342306111599866,0.4837405171859571,False
fine,0.5,2,1.0,0.0,0.5,-0.001438654131819872,-0.0023741874035481114,0.4833043286885934,False
fine,0.5,2,0.9238795325112867,0.3826834323650898,0.5,-0.0014695188992340054,-0.007116946270436158,0.47982598396628795,False
fine,0.5,2,0.7071067811865476,0.7071067811865476,0.5,-0.0018745207213828191,-0.009236417531053868,0.4753283370808976,False
fine,0.5,2,0.38268343236508984,0.9238795325112867,0.5,-0.0025267927176924484,-0.008425762668973106,0.47304525946177156,False
fine,0.5,2,6.123233995736766e-17,1.0,0.5,-0.001821048200591924,-0.00757098373645293,0.4734990532429757,False
fine,0.5,2,-0.3826834323650897,0.9238795325112867,0.5,-0.000579079698016751,-0.00794113790158907,0.4754355025119291,False
fine,0.5,2,-0.7071067811865475,0.7071067811865476,0.5,0.0002979667636595586,-0.006904551821496174,0.4785614415972089,False
fine,0.5,2,-0.9238795325112867,0.3826834323650899,0.5,0.0014301277591811997,-0.0032184135698029707,0.4812944384398248,False
fine,0.5,2,-1.0,1.2246467991473532e-16,0.5,0.002388547356426129,0.0014642437311799246,0.4816688328801748,False
fine,0.5,2,-0.9238795325112868,-0.38268343236508967,0.5,0.0025759802552480955,0.005685414446476012,0.47975181316416626,False
fine,0.5,2,-0.7071067811865477,-0.7071067811865475,0.5,0.002096747457941852,0.008759282407849069,0.4768584082522063,False
fine,0.5,2,-0.38268343236509034,-0.9238795325112865,0.5,0.0016241236552292607,0.010243255836954231,0.4747031030230519,False
fine,0.5,2,-1.8369701987210297e-16,-1.0,0.5,0.001462134903754908,0.0106987426677696,0.4745703290841843,False
fine,0.5,2,0.38268343236509,-0.9238795325112866,0.5,0.0012094300659239335,0.01013590328179299,0.47687235352329904,False
fine,0.5,2,0.7071067811865474,-0.7071067811865477,0.5,0.0003176248897380656,0.00782661847196616,0.4805973882756611,False
fine,0.5,2,0.9238795325112865,-0.3826834323650904,0.5,-0.000862099387388876,0.00325179553195169,0.4834897615577288,False
fine,0.5,2,1.5,0.0,0.5,-0.0019562395341351513,-0.002016178302884364,0.48308730874754424,False
fine,0.5,2,1.38581929876693,0.5740251485476346,0.5,-8.171172010262615e-05,-0.007504068701678886,0.4780901032593377,False
fine,0.5,2,1.0606601717798214,1.0606601717798214,0.5,0.00015821427418779763,-0.007256014993014214,0.47159020040231153,False
fine,0.5,2,0.5740251485476348,1.38581929876693,0.5,-0.0028476306115509543,-0.0013959556660088615,0.47060337471354735,False
fine,0.5,2,9.184850993605148e-17,1.5,0.5,-0.0009488376662302184,0.0003794995101373824,0.4729555835580918,False
fine,0.5,2,-0.5740251485476346,1.38581929876693,0.5,0.0006809582807171144,-0.004036742094436684,0.4725569809901873,False
fine,0.5,2,-1.0606601717798212,1.0606601717798214,0.5,-0.0005800838564967453,-0.007289650312219034,0.47577128812339675,False
fine,0.5,2,-1.38581929876693,0.5740251485476349,0.5,0.0010066546116524412,-0.0037508600365143163,0.48025774489868733,False
fine,0.5,2,-1.5,1.8369701987210297e-16,0.5,0.0023185173995279302,0.0020677783164346746,0.4805306894266628,False
fine,0.5,2,-1.3858192987669302,-0.5740251485476345,0.5,0.001763948638031563,0.006164497933927352,0.4771734505719501,False
fine,0.5,2,-1.0606601717798214,-1.0606601717798212,0.5,8.138977958994063e-05,0.0068992137911621995,0.4734620197824856,False
fine,0.5,2,-0.5740251485476355,-1.3858192987669298,0.5,-0.0003219956258279804,0.003917437363813562,0.47211404762699105,False
fine,0.5,2,-2.755455298081545e-16,-1.5,0.5,0.0010700449669346348,0.0023013596955335776,0.4729540589334449,False
fine,0.5,2,0.574025148547635,-1.38581929876693,0.5,0.002497225801929675,0.005020224517619875,0.4748374344418439,False
fine,0.5,2,1.060660171779821,-1.0606601717798214,0.5,0.0012366969284174933,0.00764444481078671,0.47853086066660766,False
fine,0.5,2,1.3858192987669298,-0.5740251485476355,0.5,-0.001531668713323292,0.0045839128315727255,0.4826818616424628,False
fine,0.5,2,2.0,0.0,0.5,0.0007296558995517621,-0.0005167856756198574,0.4850413951467851,False
fine,0.5,2,1.8477590650225735,0.7653668647301796,0.5,0.0060378126948563236,-0.0027158727633899925,0.4825808449850075,False
fine,0.5,2,1.4142135623730951,1.4142135623730951,0.5,0.008945185748701439,0.005796747028629661,0.48074887768537145,False
fine,0.5,2,0.7653668647301797,1.8477590650225735,0.5,0.001587099503795607,0.0130311464682715,0.48320852023191324,False
fine,0.5,2,1.2246467991473532e-16,2.0,0.5,0.00011721047808221878,0.011525153911974284,0.48541518821857754,False
fine,0.5,2,-0.7653668647301795,1.8477590650225735,0.5,-0.001916056988033119,0.01081039941349747,0.4825747569964293,False
fine,0.5,2,-1.414213562373095,1.4142135623730951,0.5,-0.007328181813835917,0.0021081036055705686,0.4814967128230812,False
fine,0.5,2,-1.8477590650225735,0.7653668647301798,0.5,-0.002956587402230584,-0.001253403016447036,0.4830380117889898,False
fine,0.5,2,-2.0,2.4492935982947064e-16,0.5,-0.0007913891477019375,0.0020810237942416863,0.48217062755507345,False
fine,0.5,2,-1.8477590650225737,-0.7653668647301793,0.5,-0.0033335777909995795,0.0023475681054548336,0.47977560970912486,False
fine,0.5,2,-1.4142135623730954,-1.414213562373095,0.5,-0.007003581251566401,-0.006457173161389652,0.4822053575867268,False
fine,0.5,2,-0.7653668647301807,-1.847759065022573,0.5,-0.005583672232627968,-0.019156429381652608,0.4906226984402608,False
fine,0.5,2,-3.6739403974420594e-16,-2.0,0.5,0.0013917066716109224,-0.025016414530028896,0.49644194669622776,False
fine,0.5,2,0.76536686473018,-1.8477590650225733,0.5,0.00817761562028696,-0.0216706932612577,0.49582888640163114,False
fine,0.5,2,1.4142135623730947,-1.4142135623730954,0.5,0.00772041212360005,-0.006335035750304611,0.4874521194120812,False
fine,0.5,2,1.847759065022573,-0.7653668647301808,0.5,0.0016477778818106482,0.0020049627815036243,0.4845868445547323,False
fine,0.5,2,2.5,0.0,0.5,0.013454745344118058,0.0014793960420947938,0.49747574101670855,False
fine,0.5,2,2.309698831278217,0.9567085809127245,0.5,0.02113668828871354,0.009569547100745958,0.5039509606623581,False
fine,0.5,2,1.7677669529663689,1.7677669529663689,0.5,0.022877997580033622,0.02600365801249377,0.5149262498424944,False
fine,0.5,2,0.9567085809127246,2.309698831278217,0.5,0.012825984285899556,0.03044086539320042,0.5172794486104842,False
fine,0.5,2,1.5308084989341916e-16,2.5,0.5,-0.0005180507728314004,0.02903429804660307,0.5145461902788522,False
fine,0.5,2,-0.9567085809127243,2.309698831278217,0.5,-0.013723919881649544,0.03309153097080945,0.5178514396609116,False
fine,0.5,2,-1.7677669529663687,1.7677669529663689,0.5,-0.02167819668416371,0.025287571097577285,0.5120666114763989,False
fine,0.5,2,-2.309698831278217,0.9567085809127247,0.5,-0.01521622142011806,0.008661849196552862,0.49879255315101245,False
fine,0.5,2,-2.5,3.061616997868383e-16,0.5,-0.011084994298906414,0.0014173400276494845,0.4927348054104259,False
fine,0.5,2,-2.309698831278217,-0.9567085809127241,0.5,-0.015254675252737803,-0.00732370853874043,0.4961179290115101,False
fine,0.5,2,-1.7677669529663693,-1.7677669529663687,0.5,-0.017397465091791558,-0.026896054400407376,0.5137547243830327,False
fine,0.5,2,-0.9567085809127258,-2.309698831278216,0.5,-0.010656574473377735,-0.0372275632707152,0.5326327171128526,False
fine,0.5,2,-4.592425496802574e-16,-2.5,0.5,0.0028176232991643443,-0.038753961985184104,0.539478794505668,False
fine,0.5,2,0.956708580912725,-2.3096988312782165,0.5,0.015681054180780942,-0.042696633072923956,0.5450080368668564,False
fine,0.5,2,1.7677669529663684,-1.7677669529663693,0.5,0.018487620813570613,-0.0315707139547124,0.52248662026036,False
fine,0.5,2,2.309698831278216,-0.956708580912726,0.5,0.015153304904239153,-0.008756171820928978,0.5001904729580766,False
fine,0.5,2,3.0,0.0,0.5,0.03710023286459341,0.004004620855874386,0.5326506034569438,False
fine,0.5,2,2.77163859753386,1.1480502970952693,0.5,0.042463603599551036,0.02349950851312383,0.5506803564514344,False
fine,0.5,2,2.121320343559643,2.121320343559643,0.5,0.033030045569511404,0.03600482237133367,0.566789016969824,False
fine,0.5,2,1.1480502970952695,2.77163859753386,0.5,0.019330766545610605,0.04228222023318344,0.5677053392452892,False
fine,0.5,2,1.8369701987210297e-16,3.0,0.5,-0.0010802189620735506,0.04769113831584981,0.5645243636404245,False
fine,0.5,2,-1.1480502970952693,2.77163859753386,0.5,-0.021024215144982497,0.043174595495704085,0.5690362209852049,False
fine,0.5,2,-2.1213203435596424,2.121320343559643,0.5,-0.035002799836065954,0.04360270480504754,0.5679016616982319,False
fine,0.5,2,-2.77163859753386,1.1480502970952697,0.5,-0.034918233175252195,0.024177777942555434,0.5383132602777189,False
fine,0.5,2,-3.0,3.6739403974420594e-16,0.5,-0.02994353367093539,0.0011230449899221127,0.5214019809869512,False
fine,0.5,2,-2.7716385975338604,-1.148050297095269,0.5,-0.03111685945438025,-0.01902326389720263,0.5321345856332036,False
fine,0.5,2,-2.121320343559643,-2.1213203435596424,0.5,-0.02590880650420907,-0.0394055469113921,0.562773419530142,False
fine,0.5,2,-1.148050297095271,-2.7716385975338595,0.5,-0.01454200393504981,-0.042261970234794444,0.5809557758176084,False
fine,0.5,2,-5.51091059616309e-16,-3.0,0.5,0.003287566752629079,-0.03972429412571343,0.5809805355124755,False
fine,0.5,2,1.14805029709527,-2.77163859753386,0.5,0.02259836206521553,-0.04733373183821431,0.5996961057312129,False
fine,0.5,2,2.121320343559642,-2.121320343559643,0.5,0.024050689059620017,-0.04698812273303532,0.5750869078881475,False
fine,0.5,2,2.7716385975338595,-1.148050297095271,0.5,0.030270917872490692,-0.019100645775507512,0.5351366465209121,False
fine,0.5,2,0.5,0.0,1.0,0.0005195113798370787,-0.0039610056824808115,0.5258978762499038,False
fine,0.5,2,0.46193976625564337,0.1913417161825449,1.0,-0.0001537050036144635,-0.007561979977217925,0.5248889917294925,False
fine,0.5,2,0.3535533905932738,0.3535533905932738,1.0,-0.000884955031274027,-0.009783222240366972,0.5239028850602799,False
fine,0.5,2,0.19134171618254492,0.46193976625564337,1.0,-0.0015264984350921798,-0.01040052157203171,0.5233244050570193,False
fine,0.5,2,3.061616997868383e-17,0.5,1.0,-0.0018109372603378748,-0.010057928156929963,0.523127195649518,False
fine,0.5,2,-0.19134171618254486,0.46193976625564337,1.0,-0.001498465386342282,-0.008781741995862269,0.5234399530792543,False
fine,0.5,2,-0.35355339059327373,0.3535533905932738,1.0,-0.0007229123318979602,-0.006619041920879271,0.5238891231635195,False
fine,0.5,2,-0.46193976625564337,0.19134171618254495,1.0,0.0003083082995839027,-0.003435892570018012,0.5243986817914804,False
fine,0.5,2,-0.5,6.123233995736766e-17,1.0,0.0012628942291392773,0.0001719008858551685,0.5248340319246019,False
fine,0.5,2,-0.4619397662556434,-0.19134171618254484,1.0,0.0018109999546990765,0.0035348919858502114,0.5253821030464026,False
fine,0.5,2,-0.35355339059327384,-0.35355339059327373,1.0,0.002024248004264183,0.006129222905865997,0.5259640096873403,False
fine,0.5,2,-0.19134171618254517,-0.46193976625564326,1.0,0.002087211790355115,0.007549755729643771,0.5265858832049469,False
fine,0.5,2,-9.184850993605148e-17,-0.5,1.0,0.0021654608585268686,0.007815805345126936,0.5269741188546515,False
fine,0.5,2,0.191341716182545,-0.4619397662556433,1.0,0.002126315032186763,0.006633110588783916,0.5272334640859752,False
fine,0.5,2,0.3535533905932737,-0.35355339059327384,1.0,0.0018003293541497725,0.004113407155945253,0.5271313538305696,False
fine,0.5,2,0.46193976625564326,-0.1913417161825452,1.0,0.001206199244192743,0.0003149765288204787,0.5267312140296287,False
fine,0.5,2,1.0,0.0,1.0,0.001256970774621946,-0.004993403434476296,0.530968390613014,False
fine,0.5,2,0.9238795325112867,0.3826834323650898,1.0,0.0014750857203653937,-0.010535340371068982,0.5293281422144802,False
fine,0.5,2,0.7071067811865476,0.7071067811865476,1.0,0.0006751931726483038,-0.011094983166386685,0.5286827871184658,False
fine,0.5,2,0.38268343236508984,0.9238795325112867,1.0,-0.0016980345868027142,-0.007520170560353297,0.5287684821599141,False
fine,0.5,2,6.123233995736766e-17,1.0,1.0,-0.002769227203666791,-0.0057677814465970645,0.52858335524768,False
fine,0.5,2,-0.3826834323650897,0.9238795325112867,1.0,-0.002764121827771902,-0.007657095365214925,0.5283777208338861,False
fine,0.5,2,-0.7071067811865475,0.7071067811865476,1.0,-0.00232044678724902,-0.007980086878429426,0.5281844838086799,False
fine,0.5,2,-0.9238795325112867,0.3826834323650899,1.0,-0.0005293197489261663,-0.00381812210824012,0.5280742018853883,False
fine,0.5,2,-1.0,1.2246467991473532e-16,1.0,0.001189713081200416,0.0019048420097806922,0.528170325553869,False
fine,0.5,2,-0.9238795325112868,-0.38268343236508967,1.0,0.001501774395680628,0.006236754164204274,0.5295107915535329,False
fine,0.5,2,-0.7071067811865477,-0.7071067811865475,1.0,0.0008538246320424219,0.007924046979998049,0.5324743956109661,False
fine,0.5,2,-0.38268343236509034,-0.9238795325112865,1.0,0.0010347713797677753,0.006897539230180709,0.5360688392133486,False
fine,0.5,2,-1.8369701987210297e-16,-1.0,1.0,0.0026225344620312,0.006245247703089429,0.537838623027207,False
fine,0.5,2,0.38268343236509,-0.9238795325112866,1.0,0.00410476635286683,0.006985000565481939,0.537130025969919,False
fine,0.5,2,0.7071067811865474,-0.7071067811865477,1.0,0.0037027823266001557,0.006875854835837923,0.5348108638962863,False
fine,0.5,2,0.9238795325112865,-0.3826834323650904,1.0,0.002046913831430932,0.0023192667624103254,0.5328319418003554,False
fine,0.5,2,1.5,0.0,1.0,0.004134764221592979,-0.0037978561075093786,0.5415357422316815,False
fine,0.5,2,1.38581929876693,0.5740251485476346,1.0,0.008707064430420757,-0.006174832988147386,0.5429652418878377,False
fine,0.5,2,1.0606601717798214,1.0606601717798214,1.0,0.01031008500643878,0.0034325928550297414,0.5501320670450693,False
fine,0.5,2,0.5740251485476348,1.38581929876693,1.0,0.003118096845636308,0.016592283323982,0.5544958778783227,False
fine,0.5,2,9.184850993605148e-17,1.5,1.0,-0.0005364779159291454,0.018689601512832832,0.5527548557394084,False
fine,0.5,2,-0.5740251485476346,1.38581929876693,1.0,-0.0039911536081867075,0.010764465355478934,0.5499845500787652,False
fine,0.5,2,-1.0606601717798212,1.0606601717798214,1.0,-0.008119511921715842,-0.0002822378684337844,0.5440125124562654,False
fine,0.5,2,-1.38581929876693,0.5740251485476349,1.0,-0.005073052036105561,-0.0014651404438106156,0.5386765026944857,False
fine,0.5,2,-1.5,1.8369701987210297e-16,1.0,-0.0028396212056662766,0.0028254904501543434,0.5371396672371711,False
fine,0.5,2,-1.3858192987669302,-0.5740251485476345,1.0,-0.004408969111729319,0.002534347101998442,0.5418913217559115,False
fine,0.5,2,-1.0606601717798214,-1.0606601717798212,1.0,-0.007440451621582515,-0.0069039158716606,0.5549733580930725,False
fine,0.5,2,-0.5740251485476355,-1.3858192987669298,1.0,-0.005588929246550273,-0.023062451310853924,0.5718548917731283,False
fine,0.5,2,-2.755455298081545e-16,-1.5,1.0,0.002314199824321457,-0.031164931285164066,0.5806180619218257,False
fine,0.5,2,0.574025148547635,-1.38581929876693,1.0,0.009676301378040604,-0.023003353051809144,0.5735719167015472,False
fine,0.5,2,1.060660171779821,-1.0606601717798214,1.0,0.009457523684424594,-0.00520325386021807,0.5566438334492152,False
fine,0.5,2,1.3858192987669298,-0.5740251485476355,1.0,0.0045826236570740845,0.0010629039084568662,0.5454171294679682,False
fine,0.5,2,2.0,0.0,1.0,0.018172698844181046,-0.00033515237069159376,0.5653143639334832,False
fine,0.5,2,1.8477590650225735,0.7653668647301796,1.0,0.02916537143240026,0.011568024078764007,0.5769497531654547,False
fine,0.5,2,1.4142135623730951,1.4142135623730951,1.0,0.03491398049247087,0.042575604567152536,0.6056475356895977,False
fine,0.5,2,0.7653668647301797,1.8477590650225735,1.0,0.020676892474994966,0.05332596498718856,0.6111590130447712,False
fine,0.5,2,1.2246467991473532e-16,2.0,1.0,0.000764274408245671,0.04910795955193015,0.6007547471466697,False
fine,0.5,2,-0.7653668647301795,1.8477590650225735,1.0,-0.018879329755600582,0.052835973419906125,0.606155260908499,False
fine,0.5,2,-1.414213562373095,1.4142135623730951,1.0,-0.02863049636870145,0.03435466948293728,0.5897058941834613,False
fine,0.5,2,-1.8477590650225735,0.7653668647301798,1.0,-0.02028032368711725,0.009934380303796687,0.5650224231899019,False
fine,0.5,2,-2.0,2.4492935982947064e-16,1.0,-0.016206179637523688,0.002355037843146503,0.5585898905182631,False
fine,0.5,2,-1.8477590650225737,-0.7653668647301793,1.0,-0.021879836166904493,-0.012306689431117731,0.5725299933607996,False
fine,0.5,2,-1.4142135623730954,-1.414213562373095,1.0,-0.026638421829082153,-0.04681247975945672,0.6095606396324151,False
fine,0.5,2,-0.7653668647301807,-1.847759065022573,1.0,-0.01730255450570351,-0.07696650585374154,0.648635452640146,False
fine,0.5,2,-3.6739403974420594e-16,-2.0,1.0,0.005126327506759665,-0.08714621761536812,0.6665131767134485,False
fine,0.5,2,0.76536686473018,-1.8477590650225733,1.0,0.024761965772009776,-0.08785503245203441,0.6599750752186437,False
fine,0.5,2,1.4142135623730947,-1.4142135623730954,1.0,0.02836185723375638,-0.051363389444857924,0.613919632427064,False
fine,0.5,2,1.847759065022573,-0.7653668647301808,1.0,0.019503698875500342,-0.011770949107080611,0.5748542135893933,False
fine,0.5,2,2.5,0.0,1.0,0.056375421000625536,0.004082907628332855,0.6176425291112366,False
fine,0.5,2,2.309698831278217,0.9567085809127245,1.0,0.06747893603995099,0.04190234358070133,0.6430390171570567,False
fine,0.5,2,1.7677669529663689,1.7677669529663689,1.0,0.060882176542139926,0.07836604244674232,0.6865521563123621,False
fine,0.5,2,0.9567085809127246,2.309698831278217,1.0,0.04237997553563502,0.08747868618005675,0.6914169641291243,False
fine,0.5,2,1.5308084989341916e-16,2.5,1.0,-0.0003769409316469668,0.09142152942277182,0.6759607442729827,False
fine,0.5,2,-0.9567085809127243,2.309698831278217,1.0,-0.04314499775576043,0.09148428374683698,0.6898615423466642,False
fine,0.5,2,-1.7677669529663687,1.7677669529663689,1.0,-0.05750623823547214,0.08345432633553984,0.6711947561313744,False
fine,0.5,2,-2.309698831278217,0.9567085809127247,1.0,-0.05416386727702145,0.037430633078847905,0.6213176693367837,False
fine,0.5,2,-2.5,3.061616997868383e-16,1.0,-0.046710086732206786,0.0011008826017766637,0.6032044227327438,False
fine,0.5,2,-2.309698831278217,-0.9567085809127241,1.0,-0.05201247893858488,-0.037611340926189084,0.6302486854477535,False
fine,0.5,2,-1.7677669529663693,-1.7677669529663687,1.0,-0.046445738219036616,-0.08414995229154107,0.6878617887359069,False
fine,0.5,2,-0.9567085809127258,-2.309698831278216,1.0,-0.025536179475585702,-0.09480248331189761,0.7267048129702165,False
fine,0.5,2,-4.592425496802574e-16,-2.5,1.0,0.007095552053657952,-0.08677681134192561,0.7349657034659733,False
fine,0.5,2,0.956708580912725,-2.3096988312782165,1.0,0.037095593108768914,-0.10272490219635008,0.7451243405539154,False
fine,0.5,2,1.7677669529663684,-1.7677669529663693,1.0,0.04515717100588805,-0.09680021684067883,0.6988007491019339,False
fine,0.5,2,2.309698831278216,-0.956708580912726,1.0,0.05244978568727163,-0.03820016920260529,0.6342839003775416,False
fine,0.5,2,3.0,0.0,1.0,0.10199567559505773,0.011720422514368334,0.696944957765167,False
fine,0.5,2,2.77163859753386,1.1480502970952693,1.0,0.10637046193362369,0.06367672007160852,0.7285901450074092,False
fine,0.5,2,2.121320343559643,2.121320343559643,1.0,0.07406982211631415,0.0840970538063164,0.7599778269647305,False
fine,0.5,2,1.1480502970952695,2.77163859753386,1.0,0.04575116760297259,0.09901613015612323,0.767265084370475,False
fine,0.5,2,1.8369701987210297e-16,3.0,1.0,0.001566168959061372,0.11293337137349946,0.7570167009763287,False
fine,0.5,2,-1.1480502970952693,2.77163859753386,1.0,-0.04842429634622755,0.0910641160083215,0.7582890868481775,False
fine,0.5,2,-2.1213203435596424,2.121320343559643,1.0,-0.07727413758748186,0.10396007754096107,0.7537845852838527,False
fine,0.5,2,-2.77163859753386,1.1480502970952697,1.0,-0.09308226184791472,0.06716989974700473,0.7032823560576755,False
fine,0.5,2,-3.0,3.6739403974420594e-16,1.0,-0.0868825321513005,0.002048798758936174,0.6727708338701818,False
fine,0.5,2,-2.7716385975338604,-1.148050297095269,1.0,-0.08124705274006992,-0.059349535912221335,0.7052295758105643,False
fine,0.5,2,-2.121320343559643,-2.1213203435596424,1.0,-0.05844964442102323,-0.09435208620236071,0.7606211047480292,False
fine,0.5,2,-1.148050297095271,-2.7716385975338595,1.0,-0.031951589658438584,-0.09220367352822377,0.7858450857561599,False
fine,0.5,2,-5.51091059616309e-16,-3.0,1.0,0.005885768211969702,-0.0814708532197086,0.7778236073657139,False
fine,0.5,2,1.14805029709527,-2.77163859753386,1.0,0.048510062648816986,-0.09674199312449426,0.8028989797571209,False
fine,0.5,2,2.121320343559642,-2.121320343559643,1.0,0.04979434942945679,-0.11118096971266274,0.7716847486165211,False
fine,0.5,2,2.7716385975338595,-1.148050297095271,1.0,0.07157450864657497,-0.05073791773666709,0.7004050147723531,False
fine,0.5,2,0.0,0.0,0.0,1.6187747151477686e-17,-4.4392247331019986e-18,0.47317247521206374,True
finer,0.25,0,0.5,0.0,0.0,0.6941983062588739,-0.007695830301225559,0.0,False
finer,0.25,0,0.46193976625564337,0.1913417161825449,0.0,0.6914924020285149,-0.007705306955043267,0.0,False
finer,0.25,0,0.3535533905932738,0.3535533905932738,0.0,0.6878755459136422,-0.006735115894054167,0.0,False
finer,0.25,0,0.19134171618254492,0.46193976625564337,0.0,0.6841818831104376,-0.005501922051028568,1.8704782613117807e-16,False
finer,0.25,0,3.061616997868383e-17,0.5,0.0,0.6809067079077391,-0.002832587982315005,1.1102230246251558e-16,False
finer,0.25,0,-0.19134171618254486,0.46193976625564337,0.0,0.6798742756304579,0.0007349749578560178,1.6298085318519401e-16,False
finer,0.25,0,-0.35355339059327373,0.3535533905932738,0.0,0.6828815930298227,0.002035019299402043,0.0,False
finer,0.25,0,-0.46193976625564337,0.19134171618254495,0.0,0.6863876117962698,0.0020468804541962653,0.0,False
finer,0.25,0,-0.5,6.123233995736766e-17,0.0,0.6884713620765335,0.0032022402511668875,0.0,False
finer,0.25,0,-0.4619397662556434,-0.19134171618254484,0.0,0.6898000615377999,0.005126059910592744,0.0,False
finer,0.25,0,-0.35355339059327384,-0.35355339059327373,0.0,0.6908032720697143,0.005792581948610176,0.0,False
finer,0.25,0,-0.19134171618254517,-0.46193976625564326,0.0,0.6913789876068822,0.005103958767699426,0.0,False
finer,0.25,0,-9.184850993605148e-17,-0.5,0.0,0.6923770677049434,0.003579939094489144,-5.5511151231257747e-17,False
finer,0.25,0,0.191341716182545,-0.4619397662556433,0.0,0.6942170409800119,0.0010678648768169565,-7.081629601156808e-17,False
finer,0.25,0,0.3535533905932737,-0.35355339059327384,0.0,0.6958175455280292,-0.0022705536066225398,-1.9160562251316813e-16,False
finer,0.25,0,0.46193976625564326,-0.1913417161825452,0.0,0.6957854296754358,-0.005663700753408875,0.0,False
finer,0.25,0,1.0,0.0,0.0,0.70248891514668,-0.010061438826596714,0.0,False
finer,0.25,0,0.9238795325112867,0.3826834323650898,0.0,0.7042122667388433,-0.006701438167614355,0.0,False
finer,0.25,0,0.7071067811865476,0.7071067811865476,0.0,0.6993840966360664,-0.007672946315233729,-4.183285046062131e-16,False
finer,0.25,0,0.38268343236508984,0.9238795325112867,0.0,0.6844246366907575,-0.019219274785980803,0.0,False
finer,0.25,0,6.123233995736766e-17,1.0,0.0,0.6515897425249451,0.01113087276161489,1.6653345369377326e-16,False
finer,0.25,0,-0.3826834323650897,0.9238795325112867,0.0,0.6723032616970828,0.033268125066198466,0.0,False
finer,0.25,0,-0.7071067811865475,0.7071067811865476,0.0,0.6924130824762847,0.013951713827994481,0.0,False
finer,0.25,0,-0.9238795325112867,0.3826834323650899,0.0,0.6960696181840887,0.005657058003663397,0.0,False
finer,0.25,0,-1.0,1.2246467991473532e-16,0.0,0.698501029950492,0.005940673056279875,0.0,False
finer,0.25,0,-0.9238795325112868,-0.38268343236508967,0.0,0.7000668103468324,0.014925468643544137,0.0,False
finer,0.25,0,-0.7071067811865477,-0.7071067811865475,0.0,0.701275248605788,0.013484838027132462,0.0,False
finer,0.25,0,-0.38268343236509034,-0.9238795325112865,0.0,0.6933125285525188,0.0174348603432397,0.0,False
finer,0.25,0,-1.8369701987210297e-16,-1.0,0.0,0.6978832641876318,0.02361173528159416,1.1102230246251533e-16,False
finer,0.25,0,0.38268343236509,-0.9238795325112866,0.0,0.7030013336138593,0.011418230223595406,0.0,False
finer,0.25,0,0.7071067811865474,-0.7071067811865477,0.0,0.7082666554365572,0.0002768573577271794,0.0,False
finer,0.25,0,0.9238795325112865,-0.3826834323650904,0.0,0.7056277457188127,-0.010687108167631094,0.0,False
finer,0.25,0,1.5,0.0,0.0,0.7119521933472841,-0.009792393298887703,0.0,False
finer,0.25,0,1.38581929876693,0.5740251485476346,0.0,0.7197524466600068,0.006037243549488547,0.0,False
finer,0.25,0,1.0606601717798214,1.0606601717798214,0.0,0.7311318668370457,0.014202249517228325,0.0,False
finer,0.25,0,0.5740251485476348,1.38581929876693,0.0,0.7144516929373876,-0.02658407385062775,0.0,False
finer,0.25,0,9.184850993605148e-17,1.5,0.0,0.5930974532591589,0.021698324147761457,-5.551115123125783e-17,False
finer,0.25,0,-0.5740251485476346,1.38581929876693,0.0,0.7265634836851032,0.07757347755817003,0.0,False
finer,0.25,0,-1.0606601717798212,1.0606601717798214,0.0,0.7310027991665599,-0.013062947162338197,0.0,False
finer,0.25,0,-1.38581929876693,0.5740251485476349,0.0,0.7134269217541871,-0.0020241542577562758,0.0,False
finer,0.25,0,-1.5,1.8369701987210297e-16,0.0,0.7155324819982329,0.009300750471059159,0.0,False
finer,0.25,0,-1.3858192987669302,-0.5740251485476345,0.0,0.7213576185835768,0.032194236326777335,0.0,False
finer,0.25,0,-1.0606601717798214,-1.0606601717798212,0.0,0.7400422514463415,0.03821604572512092,0.0,False
finer,0.25,0,-0.5740251485476355,-1.3858192987669298,0.0,0.6995479301707089,0.047242530309868844,-1.3543007270461777e-16,False
finer,0.25,0,-2.755455298081545e-16,-1.5,0.0,0.7095733679178526,0.016219715494621163,0.0,False
finer,0.25,0,0.574025148547635,-1.38581929876693,0.0,0.7310645653010386,-0.01311452044139237,0.0,False
finer,0.25,0,1.060660171779821,-1.0606601717798214,0.0,0.7795209637546134,-0.04228425995947598,0.0,False
finer,0.25,0,1.3858192987669298,-0.5740251485476355,0.0,0.7277114745332147,-0.03989904742043028,0.0,False
finer,0.25,0,2.0,0.0,0.0,0.7483093672481953,-0.020538027059382458,0.0,False
finer,0.25,0,1.8477590650225735,0.7653668647301796,0.0,0.7629252922855961,0.06203889970250521,0.0,False
finer,0.25,0,1.4142135623730951,1.4142135623730951,0.0,0.7903592637592414,0.07476528756503173,0.0,False
finer,0.25,0,0.7653668647301797,1.8477590650225735,0.0,0.7880199660093212,0.07312259496073475,0.0,False
finer,0.25,0,1.2246467991473532e-16,2.0,0.0,0.6115828746868668,0.006967163162551319,-2.7755575615628858e-17,False
finer,0.25,0,-0.7653668647301795,1.8477590650225735,0.0,0.8099109166046888,-0.056396038958033926,0.0,False
finer,0.25,0,-1.414213562373095,1.4142135623730951,0.0,0.7751497855406435,-0.07406957362534591,0.0,False
finer,0.25,0,-1.8477590650225735,0.7653668647301798,0.0,0.7529187413223348,-0.04318371679666623,0.0,False
finer,0.25,0,-2.0,2.4492935982947064e-16,0.0,0.7509954338442295,0.019587646449815907,0.0,False
finer,0.25,0,-1.8477590650225737,-0.7653668647301793,0.0,0.7595950796384482,0.0603235370389332,0.0,False
finer,0.25,0,-1.4142135623730954,-1.414213562373095,0.0,0.7600795930977648,0.0846973713117956,0.0,False
finer,0.25,0,-0.7653668647301807,-1.847759065022573,0.0,0.7366103848043227,0.05710652342702199,0.0,False
finer,0.25,0,-3.6739403974420594e-16,-2.0,0.0,0.7607984245661122,-0.011808751658306898,0.0,False
finer,0.25,0,0.76536686473018,-1.8477590650225733,0.0,0.8178171443573363,-0.05423351157327267,0.0,False
finer,0.25,0,1.4142135623730947,-1.4142135623730954,0.0,0.8196307947825839,-0.13450536631031473,0.0,False
finer,0.25,0,1.847759065022573,-0.7653668647301808,0.0,0.781475745653448,-0.11341214055981871,0.0,False
finer,0.25,0,2.5,0.0,0.0,0.844304584291411,-0.03999026577206166,0.0,False
finer,0.25,0,2.309698831278217,0.9567085809127245,0.0,0.7942301803666566,0.0950107208353492,0.0,False
finer,0.25,0,1.7677669529663689,1.7677669529663689,0.0,0.7808542772655723,0.10632009428138317,0.0,False
finer,0.25,0,0.9567085809127246,2.309698831278217,0.0,0.804414935245632,0.09488106933171365,0.0,False
finer,0.25,0,1.5308084989341916e-16,2.5,0.0,0.7601881531829472,-0.03760499080903556,0.0,False
finer,0.25,0,-0.9567085809127243,2.309698831278217,0.0,0.8149915515810826,-0.057540484515715654,0.0,False
finer,0.25,0,-1.7677669529663687,1.7677669529663689,0.0,0.7676041640579017,-0.05414408302582731,0.0,False
finer,0.25,0,-2.309698831278217,0.9567085809127247,0.0,0.8028675733796918,-0.07168222659053208,0.0,False
finer,0.25,0,-2.5,3.061616997868383e-16,0.0,0.8371624151591455,0.018709648278639055,0.0,False
finer,0.25,0,-2.309698831278217,-0.9567085809127241,0.0,0.8184977429458424,0.0794043285334932,0.0,False
finer,0.25,0,-1.7677669529663693,-1.7677669529663687,0.0,0.7842312902677283,0.08969681926294498,0.0,False
finer,0.25,0,-0.9567085809127258,-2.309698831278216,0.0,0.7956680606142673,0.025413226435502572,0.0,False
finer,0.25,0,-4.592425496802574e-16,-2.5,0.0,0.7062050594331255,-0.01415460007345579,0.0,False
finer,0.25,0,0.956708580912725,-2.3096988312782165,0.0,0.8453895214587217,-0.004317164095041202,0.0,False
finer,0.25,0,1.7677669529663684,-1.7677669529663693,0.0,0.7987073235366449,-0.08157216675278366,0.0,False
finer,0.25,0,2.309698831278216,-0.956708580912726,0.0,0.8781567200130496,-0.151354301074474,0.0,False
finer,0.25,0,3.0,0.0,0.0,0.9920945306265629,-0.03812080545058194,0.0,False
finer,0.25,0,2.77163859753386,1.1480502970952693,0.0,0.8613246578227133,0.15691820733362932,0.0,False
finer,0.25,0,2.121320343559643,2.121320343559643,0.0,0.8368489188159937,0.1285512561740328,0.0,False
finer,0.25,0,1.1480502970952695,2.77163859753386,0.0,0.8163528583539374,0.036641639395947535,0.0,False
finer,0.25,0,1.8369701987210297e-16,3.0,0.0,0.9328242351603583,-0.001377916263329234,0.0,False
finer,0.25,0,-1.1480502970952693,2.77163859753386,0.0,0.8494266765969772,-0.04783953427395815,0.0,False
finer,0.25,0,-2.1213203435596424,2.121320343559643,0.0,0.8231443371329811,-0.06973859071349688,0.0,False
finer,0.25,0,-2.77163859753386,1.1480502970952697,0.0,0.8631166584483019,-0.05552055481337631,0.0,False
finer,0.25,0,-3.0,3.6739403974420594e-16,0.0,0.921408995251479,0.014560667779786395,0.0,False
finer,0.25,0,-2.7716385975338604,-1.148050297095269,0.0,0.8802831142290217,0.08593522372430376,0.0,False
finer,0.25,0,-2.121320343559643,-2.1213203435596424,0.0,0.8532293843167076,0.10222966087114475,0.0,False
finer,0.25,0,-1.148050297095271,-2.7716385975338595,0.0,0.8523317661012908,0.05018925864666123,-7.330391725007753e-16,False
finer,0.25,0,-5.51091059616309e-16,-3.0,0.0,0.6469452675901713,-0.03496501861860186,0.0,False
finer,0.25,0,1.14805029709527,-2.77163859753386,0.0,0.8628028557685001,-0.03077180157170852,0.0,False
finer,0.25,0,2.121320343559642,-2.121320343559643,0.0,0.8660250623931738,-0.07997364202806506,0.0,False
finer,0.25,0,2.7716385975338595,-1.148050297095271,0.0,0.9338376356401629,-0.1645150504879845,0.0,False
finer,0.25,0,0.5,0.0,0.2,0.6939065488035654,-0.008053506650494934,-0.0013619572232498101,False
finer,0.25,0,0.46193976625564337,0.1913417161825449,0.2,0.6911692449411218,-0.00802691983256812,-0.0019161246169753182,False
finer,0.25,0,0.3535533905932738,0.3535533905932738,0.2,0.6875813610749465,-0.006996148458308642,-0.002031816137380309,False
finer,0.25,0,0.19134171618254492,0.46193976625564337,0.2,0.684051703842386,-0.00586494259359397,-0.00200019323625278,False
finer,0.25,0,3.061616997868383e-17,0.5,0.2,0.6807819192042358,-0.00337630022925925,-0.00201844941138708,False
finer,0.25,0,-0.19134171618254486,0.46193976625564337,0.2,0.6794710686655001,0.00017016848085389885,-0.0013248053102869876,False
finer,0.25,0,-0.35355339059327373,0.3535533905932738,0.2,0.6823777561876787,0.001500180326433405,2.838849073093421e-05,False
finer,0.25,0,-0.46193976625564337,0.19134171618254495,0.2,0.6859052868083333,0.0015485929507845974,0.0014069979696690097,False
finer,0.25,0,-0.5,6.123233995736766e-17,0.2,0.6879721696739027,0.002834139982716976,0.002435723259693745,False
finer,0.25,0,-0.4619397662556434,-0.19134171618254484,0.2,0.6893076320669043,0.004916287638887344,0.0027793381303209217,False
finer,0.25,0,-0.35355339059327384,-0.35355339059327373,0.2,0.6903808538604098,0.0055915496371180115,0.0025915832509881653,False
finer,0.25,0,-0.19134171618254517,-0.46193976625564326,0.2,0.6909996285032918,0.004812782711576484,0.00222089388278832,False
finer,0.25,0,-9.184850993605148e-17,-0.5,0.2,0.6919992303345426,0.00325030095329037,0.0016330396595368728,False
finer,0.25,0,0.191341716182545,-0.4619397662556433,0.2,0.6938700652733495,0.000783033580807995,0.0008363525860127176,False
finer,0.25,0,0.3535533905932737,-0.35355339059327384,0.2,0.6955274686330897,-0.0025098095939195732,6.723899187565959e-05,False
finer,0.25,0,0.46193976625564326,-0.1913417161825452,0.2,0.6955113876684151,-0.005951367357527699,-0.0006337045359689815,False
finer,0.25,0,1.0,0.0,0.2,0.7017940856098448,-0.010118165783289612,-0.003674808699270926,False
finer,0.25,0,0.9238795325112867,0.3826834323650898,0.2,0.704013862498446,-0.006891386935737631,-0.0038906569083882623,False
finer,0.25,0,0.7071067811865476,0.7071067811865476,0.2,0.699051215010154,-0.0078186080900414,-0.0038376673813691527,False
finer,0.25,0,0.38268343236508984,0.9238795325112867,0.2,0.6845430037293025,-0.020498636478359634,-0.0045985624682129975,False
finer,0.25,0,6.123233995736766e-17,1.0,0.2,0.6502535886151195,0.011432790488952526,-0.0036360121966656847,False
finer,0.25,0,-0.3826834323650897,0.9238795325112867,0.2,0.6714373329890213,0.03447475212345715,0.00015751778881851835,False
finer,0.25,0,-0.7071067811865475,0.7071067811865476,0.2,0.691668406808024,0.014001728761606866,0.0015798535253052379,False
finer,0.25,0,-0.9238795325112867,0.3826834323650899,0.2,0.6953944464168604,0.005505518604433191,0.003342252727064057,False
finer,0.25,0,-1.0,1.2246467991473532e-16,0.2,0.6979561531356868,0.005492615805426301,0.00513377410496254,False
finer,0.25,0,-0.9238795325112868,-0.38268343236508967,0.2,0.6994389836635359,0.01499947713685002,0.005326614568565328,False
finer,0.25,0,-0.7071067811865477,-0.7071067811865475,0.2,0.700918852335686,0.0130857825797477,0.00438431864437087,False
finer,0.25,0,-0.38268343236509034,-0.9238795325112865,0.2,0.6926277168524708,0.017187864655896,0.004065245297833587,False
finer,0.25,0,-1.8369701987210297e-16,-1.0,0.2,0.6974958222695229,0.024336024720672367,0.0016400068046870339,False
finer,0.25,0,0.38268343236509,-0.9238795325112866,0.2,0.7021569294558753,0.011724941327553183,0.0002931021967210918,False
finer,0.25,0,0.7071067811865474,-0.7071067811865477,0.2,0.707142203461764,0.0008775486452681498,-0.0021759373890230227,False
finer,0.25,0,0.9238795325112865,-0.3826834323650904,0.2,0.7045803631086143,-0.01047392569392222,-0.0030880059064928647,False
finer,0.25,0,1.5,0.0,0.2,0.7107587552752683,-0.009086227428210946,-0.00832960932452309,False
finer,0.25,0,1.38581929876693,0.5740251485476346,0.2,0.7191748733464186,0.005665532694737877,-0.00613837530497808,False
finer,0.25,0,1.0606601717798214,1.0606601717798214,0.2,0.7306826638689286,0.01472766412979338,-0.005855723566206502,False
finer,0.25,0,0.5740251485476348,1.38581929876693,0.2,0.7162883250381846,-0.029404821309790892,-0.01658787053922068,False
finer,0.25,0,9.184850993605148e-17,1.5,0.2,0.5878610396190604,0.022201261211539428,0.00039677514589546247,False
finer,0.25,0,-0.5740251485476346,1.38581929876693,0.2,0.7296373684824828,0.08237008538294716,0.015640011660929654,False
finer,0.25,0,-1.0606601717798212,1.0606601717798214,0.2,0.7306067992100209,-0.014432377106355705,0.002308875095705547,False
finer,0.25,0,-1.38581929876693,0.5740251485476349,0.2,0.7125851754235539,-0.00172440903325045,0.007055675206105913,False
finer,0.25,0,-1.5,1.8369701987210297e-16,0.2,0.7149250102561286,0.008965773922960803,0.007542319941764219,False
finer,0.25,0,-1.3858192987669302,-0.5740251485476345,0.2,0.7208846076309878,0.032442944011213906,0.008115534494212644,False
finer,0.25,0,-1.0606601717798214,-1.0606601717798212,0.2,0.7413419407991447,0.03829365229453173,0.006369851631496351,False
finer,0.25,0,-0.5740251485476355,-1.3858192987669298,0.2,0.698144991197577,0.04856853650141983,0.006395095490385789,False
finer,0.25,0,-2.755455298081545e-16,-1.5,0.2,0.7091988391218553,0.016196044030529672,-0.0018809134113072935,False
finer,0.25,0,0.574025148547635,-1.38581929876693,0.2,0.7296317542501167,-0.013264804948802736,-0.00427535501219464,False
finer,0.25,0,1.060660171779821,-1.0606601717798214,0.2,0.7800373756250273,-0.04248253935274749,-0.00947559905974919,False
finer,0.25,0,1.3858192987669298,-0.5740251485476355,0.2,0.7262779298931406,-0.03959173412642994,-0.010218152465880507,False
finer,0.25,0,2.0,0.0,0.2,0.748253348215296,-0.02013049728496128,-0.012769684990377074,False
finer,0.25,0,1.8477590650225735,0.7653668647301796,0.2,0.7643933597848223,0.06481713650813178,-0.002397696145464536,False
finer,0.25,0,1.4142135623730951,1.4142135623730951,0.2,0.7923278501736493,0.07658800504265463,0.0071526977480753035,False
finer,0.25,0,0.7653668647301797,1.8477590650225735,0.2,0.7920833764717112,0.07504537041400534,-0.010284441356256462,False
finer,0.25,0,1.2246467991473532e-16,2.0,0.2,0.6066955174617599,0.006841596946083402,0.001145435886955809,False
finer,0.25,0,-0.7653668647301795,1.8477590650225735,0.2,0.8151262018496434,-0.05843951407421261,0.007463743779888462,False
finer,0.25,0,-1.414213562373095,1.4142135623730951,0.2,0.7758274857960274,-0.07675790390259093,-0.005770294014303594,False
finer,0.25,0,-1.8477590650225735,0.7653668647301798,0.2,0.7534821996194876,-0.045010288264038655,0.007594748800925846,False
finer,0.25,0,-2.0,2.4492935982947064e-16,0.2,0.7506539805011653,0.020135018552949885,0.01044918589379478,False
finer,0.25,0,-1.8477590650225737,-0.7653668647301793,0.2,0.7603006034890859,0.06171203886151546,0.005553448018336001,False
finer,0.25,0,-1.4142135623730954,-1.414213562373095,0.2,0.7606967875152488,0.08618984966807611,-0.00580896681083124,False
finer,0.25,0,-0.7653668647301807,-1.847759065022573,0.2,0.7361925989028462,0.05867942777088723,-0.005400439718508938,False
finer,0.25,0,-3.6739403974420594e-16,-2.0,0.2,0.7622815905277085,-0.012085086880742429,0.0017870940832115539,False
finer,0.25,0,0.76536686473018,-1.8477590650225733,0.2,0.8198371534538098,-0.055351792671378026,0.0030695496625666287,False
finer,0.25,0,1.4142135623730947,-1.4142135623730954,0.2,0.8204256692448928,-0.13720473308966033,0.01055356830295553,False
finer,0.25,0,1.847759065022573,-0.7653668647301808,0.2,0.7826092643939037,-0.11611350259098696,-0.008861897324814424,False
finer,0.25,0,2.5,0.0,0.2,0.8471552512200443,-0.03985393968091913,-0.004206988206896512,False
finer,0.25,0,2.309698831278217,0.9567085809127245,0.2,0.7949835675142821,0.09718419432554519,0.007926661890400064,False
finer,0.25,0,1.7677669529663689,1.7677669529663689,0.2,0.781574773800736,0.10674887854119863,0.011745343585527927,False
finer,0.25,0,0.9567085809127246,2.309698831278217,0.2,0.8065928940140217,0.09637230710730697,0.005529703348565722,False
finer,0.25,0,1.5308084989341916e-16,2.5,0.2,0.7607032715294225,-0.038966215857845383,-0.0026606402433357987,False
finer,0.25,0,-0.9567085809127243,2.309698831278217,0.2,0.8172554906379781,-0.05819901019785313,-0.003847600332112333,False
finer,0.25,0,-1.7677669529663687,1.7677669529663689,0.2,0.7681402409919649,-0.05506917410859909,-0.014659855510050479,False
finer,0.25,0,-2.309698831278217,0.9567085809127247,0.2,0.8044791901592404,-0.07426560548261646,-0.003485261756774817,False
finer,0.25,0,-2.5,3.061616997868383e-16,0.2,0.8393939795811028,0.018820619754892194,0.00673639422977459,False
finer,0.25,0,-2.309698831278217,-0.9567085809127241,0.2,0.8194756026321988,0.08097404907323345,-0.0013871112850471431,False
finer,0.25,0,-1.7677669529663693,-1.7677669529663687,0.2,0.7844276251868777,0.09058057834940976,-0.008724594221502744,False
finer,0.25,0,-0.9567085809127258,-2.309698831278216,0.2,0.7960872424601774,0.025560608396330273,-0.006668958193904315,False
finer,0.25,0,-4.592425496802574e-16,-2.5,0.2,0.7056870156024275,-0.01419281733138428,0.0008963001864511064,False
finer,0.25,0,0.956708580912725,-2.3096988312782165,0.2,0.8472814425766954,-0.004150156753305311,0.00800174308168104,False
finer,0.25,0,1.7677669529663684,-1.7677669529663693,0.2,0.7976455506761928,-0.0825889008464792,0.014447954322246994,False
finer,0.25,0,2.309698831278216,-0.956708580912726,0.2,0.8802383121897513,-0.1528948643179659,0.0020248680405866954,False
finer,0.25,0,3.0,0.0,0.2,0.9976131440113576,-0.03674373098836057,0.01572059938113455,False
finer,0.25,0,2.77163859753386,1.1480502970952693,0.2,0.8643755451741112,0.15912121177819355,0.021997736086190624,False
finer,0.25,0,2.121320343559643,2.121320343559643,0.2,0.8377334417262485,0.12836429121191129,0.015956233771608142,False
finer,0.25,0,1.1480502970952695,2.77163859753386,0.2,0.8179965846948453,0.03635335616240792,0.011099816413232887,False
finer,0.25,0,1.8369701987210297e-16,3.0,0.2,0.9349713271687679,-0.0016709690173705351,-0.007066676738536046,False
finer,0.25,0,-1.1480502970952693,2.77163859753386,0.2,0.8521761217693105,-0.047788013046373985,-0.010498196476603841,False
finer,0.25,0,-2.1213203435596424,2.121320343559643,0.2,0.824632211915219,-0.07125512923789426,-0.02277661626254869,False
finer,0.25,0,-2.77163859753386,1.1480502970952697,0.2,0.8652256470023836,-0.05726269904803428,-0.014328071988930246,False
finer,0.25,0,-3.0,3.6739403974420594e-16,0.2,0.9246211092503644,0.01550932523932635,-0.009076977775556825,False
finer,0.25,0,-2.7716385975338604,-1.148050297095269,0.2,0.8829651884212684,0.08659660074495718,-0.012636657967263617,False
finer,0.25,0,-2.121320343559643,-2.1213203435596424,0.2,0.8542309590374262,0.10334104794658394,-0.01616520683305324,False
finer,0.25,0,-1.148050297095271,-2.7716385975338595,0.2,0.853304772730459,0.04975395556405883,-0.007388655711806015,False
finer,0.25,0,-5.51091059616309e-16,-3.0,0.2,0.6455149990738617,-0.036130529204225464,0.004159214210206692,False
finer,0.25,0,1.14805029709527,-2.77163859753386,0.2,0.8646073189640427,-0.031559967741986814,0.01283589564502336,False
finer,0.25,0,2.121320343559642,-2.121320343559643,0.2,0.8658184123218358,-0.08028771167705476,0.014297215238320695,False
finer,0.25,0,2.7716385975338595,-1.148050297095271,0.2,0.9379645438000254,-0.1672541363208022,0.026006491283733047,False
finer,0.25,0,0.5,0.0,0.5,0.6926725584961604,-0.009949954074445877,-0.0024304882117816007,False
finer,0.25,0,0.46193976625564337,0.1913417161825449,0.5,0.6896973971516586,-0.009628573011553955,-0.00385563531345434,False
finer,0.25,0,0.3535533905932738,0.3535533905932738,0.5,0.6862387037726331,-0.00816698822996531,-0.00414165322850657,False
finer,0.25,0,0.19134171618254492,0.46193976625564337,0.5,0.6836789770556698,-0.0075780174834004475,-0.004199716356100836,False
finer,0.25,0,3.061616997868383e-17,0.5,0.5,0.6805489338981956,-0.0062135780023346585,-0.004772146989257487,False
finer,0.25,0,-0.19134171618254486,0.46193976625564337,0.5,0.677675995133961,-0.0029166390240377097,-0.0035722334750334646,False
finer,0.25,0,-0.35355339059327373,0.3535533905932738,0.5,0.6799876023006595,-0.00143474995108715,-0.0004169437336401442,False
finer,0.25,0,-0.46193976625564337,0.19134171618254495,0.5,0.6836243513049666,-0.0011380511444097372,0.002962898269979983,False
finer,0.25,0,-0.5,6.123233995736766e-17,0.5,0.6855685251804697,0.0009414148697426396,0.005509134447128083,False
finer,0.25,0,-0.4619397662556434,-0.19134171618254484,0.5,0.686922616436421,0.003957858398923807,0.006294412400531281,False
finer,0.25,0,-0.35355339059327384,-0.35355339059327373,0.5,0.6883863345161353,0.004697777889605691,0.005802778859824929,False
finer,0.25,0,-0.19134171618254517,-0.46193976625564326,0.5,0.6892614426988604,0.0033688832851917405,0.0050598503598907356,False
finer,0.25,0,-9.184850993605148e-17,-0.5,0.5,0.6902902219585719,0.0015056574406923384,0.0039558097984817575,False
finer,0.25,0,0.191341716182545,-0.4619397662556433,0.5,0.6923812001254511,-0.0007653632850820986,0.00238775482905796,False
finer,0.25,0,0.3535533905932737,-0.35355339059327384,0.5,0.6943936120591133,-0.0038245690576486427,0.0008693686960056663,False
finer,0.25,0,0.46193976625564326,-0.1913417161825452,0.5,0.694438843363065,-0.0075179716132973105,-0.0006400862517336271,False
finer,0.25,0,1.0,0.0,0.5,0.6985232857556509,-0.01051073566321925,-0.006982551668775372,False
finer,0.25,0,0.9238795325112867,0.3826834323650898,0.5,0.7034602806059715,-0.007651787662520193,-0.0075595502391914374,False
finer,0.25,0,0.7071067811865476,0.7071067811865476,0.5,0.6975722719138048,-0.008037606099430692,-0.007138581254881756,False
finer,0.25,0,0.38268343236508984,0.9238795325112867,0.5,0.6856045163273389,-0.026197156431359215,-0.008411534400131673,False
finer,0.25,0,6.123233995736766e-17,1.0,0.5,0.644561216419386,0.013232896856559222,-0.008327162716751324,False
finer,0.25,0,-0.3826834323650897,0.9238795325112867,0.5,0.6674049388432443,0.03993241582579202,-0.0015871344444653517,False
finer,0.25,0,-0.7071067811865475,0.7071067811865476,0.5,0.6879413977376025,0.013969530265874582,0.002382696966272522,False
finer,0.25,0,-0.9238795325112867,0.3826834323650899,0.5,0.6921903975959268,0.004638506659893235,0.006680890736502956,False
finer,0.25,0,-1.0,1.2246467991473532e-16,0.5,0.69549631525485,0.0030929083565096587,0.011226805913119973,False
finer,0.25,0,-0.9238795325112868,-0.38268343236508967,0.5,0.6964555692539464,0.01574645873941718,0.011394746821580728,False
finer,0.25,0,-0.7071067811865477,-0.7071067811865475,0.5,0.6994790031822815,0.011563571261342654,0.008425150014004998,False
finer,0.25,0,-0.38268343236509034,-0.9238795325112865,0.5,0.6898090998663401,0.016038570867568224,0.008482135727274803,False
finer,0.25,0,-1.8369701987210297e-16,-1.0,0.5,0.6961348985629158,0.027728684624994587,0.0046268938601851115,False
finer,0.25,0,0.38268343236509,-0.9238795325112866,0.5,0.6985215753206045,0.012563926987881138,0.002900383911430986,False
finer,0.25,0,0.7071067811865474,-0.7071067811865477,0.5,0.701935043537655,0.0033800285544344525,-0.0024749686202856936,False
finer,0.25,0,0.9238795325112865,-0.3826834323650904,0.5,0.6994774214123181,-0.00970705424666258,-0.005065961468045303,False
finer,0.25,0,1.5,0.0,0.5,0.705383734431952,-0.005287700590292488,-0.016306070566251663,False
finer,0.25,0,1.38581929876693,0.5740251485476346,0.5,0.7167378683511302,0.004071087851678415,-0.010416280064547388,False
finer,0.25,0,1.0606601717798214,1.0606601717798214,0.5,0.728881277435505,0.018478147975553014,-0.008762400859627225,False
finer,0.25,0,0.5740251485476348,1.38581929876693,0.5,0.7265407127054267,-0.04186809408763815,-0.03014734456204775,False
finer,0.25,0,9.184850993605148e-17,1.5,0.5,0.5633972267921418,0.024386132963707643,0.0008260466358261847,False
finer,0.25,0,-0.5740251485476346,1.38581929876693,0.5,0.7463377731731733,0.10280325795844036,0.026357731221107444,False
finer,0.25,0,-1.0606601717798212,1.0606601717798214,0.5,0.7287920902185921,-0.021995921739544778,0.0025112279758446403,False
finer,0.25,0,-1.38581929876693,0.5740251485476349,0.5,0.7088927768070905,-0.0002671453621406717,0.01398409588435558,False
finer,0.25,0,-1.5,1.8369701987210297e-16,0.5,0.7124797760530317,0.007175932808337391,0.014729506980049932,False
finer,0.25,0,-1.3858192987669302,-0.5740251485476345,0.5,0.7189283649389384,0.034000861390051096,0.01642503728516774,False
finer,0.25,0,-1.0606601717798214,-1.0606601717798212,0.5,0.7479479467366427,0.03968452769783302,0.010101716794786131,False
finer,0.25,0,-0.5740251485476355,-1.3858192987669298,0.5,0.6926284903651615,0.055498192609072225,0.011485673895935225,False
finer,0.25,0,-2.755455298081545e-16,-1.5,0.5,0.7088663862241662,0.014873135041723851,-0.00013267560536345312,False
finer,0.25,0,0.574025148547635,-1.38581929876693,0.5,0.7244757659391038,-0.01604557581422705,-0.0006150664792129702,False
finer,0.25,0,1.060660171779821,-1.0606601717798214,0.5,0.7824697235409139,-0.045552532399249245,-0.014739267046973575,False
finer,0.25,0,1.3858192987669298,-0.5740251485476355,0.5,0.7193239380595514,-0.038473428596005596,-0.020682817942411138,False
finer,0.25,0,2.0,0.0,0.5,0.7500342882167832,-0.018104743880121177,-0.021821275220592184,False
finer,0.25,0,1.8477590650225735,0.7653668647301796,0.5,0.7731041887969509,0.07945324597137876,0.002309533620424157,False
finer,0.25,0,1.4142135623730951,1.4142135623730951,0.5,0.8021769344207592,0.0853199845166481,0.022283351679611776,False
finer,0.25,0,0.7653668647301797,1.8477590650225735,0.5,0.8122611523722829,0.08423218423066171,-0.012048914752944445,False
finer,0.25,0,1.2246467991473532e-16,2.0,0.5,0.5848725521928483,0.006100136125263268,0.0018456796474223438,False
finer,0.25,0,-0.7653668647301795,1.8477590650225735,0.5,0.8397497482295102,-0.06737562143508374,0.005656975638399718,False
finer,0.25,0,-1.414213562373095,1.4142135623730951,0.5,0.7795958514909173,-0.08922796028725902,-0.016690640147029562,False
finer,0.25,0,-1.8477590650225735,0.7653668647301798,0.5,0.7575915391862096,-0.0548699517733554,0.01123155925812334,False
finer,0.25,0,-2.0,2.4492935982947064e-16,0.5,0.7502133258153183,0.023180528062667332,0.018195700748037787,False
finer,0.25,0,-1.8477590650225737,-0.7653668647301793,0.5,0.7653005956875547,0.06944158775358963,0.006025818977365304,False
finer,0.25,0,-1.4142135623730954,-1.414213562373095,0.5,0.7644055676543456,0.09318173396555574,-0.01816048151838839,False
finer,0.25,0,-0.7653668647301807,-1.847759065022573,0.5,0.7360629917342084,0.06520350585505956,-0.011475760198893927,False
finer,0.25,0,-3.6739403974420594e-16,-2.0,0.5,0.7690250253238111,-0.013033449792445122,0.006290009242563498,False
finer,0.25,0,0.76536686473018,-1.8477590650225733,0.5,0.8294402627014917,-0.059798545034864384,0.014945414259622262,False
finer,0.25,0,1.4142135623730947,-1.4142135623730954,0.5,0.8249917387475139,-0.14790392453733003,0.02154233222487359,False
finer,0.25,0,1.847759065022573,-0.7653668647301808,0.5,0.7902332597161563,-0.13027923106854405,-0.011919141956980702,False
finer,0.25,0,2.5,0.0,0.5,0.8641390857531839,-0.03895307896688216,0.008405010801133983,False
finer,0.25,0,2.309698831278217,0.9567085809127245,0.5,0.8011009558435083,0.10827325024523246,0.033024885621674445,False
finer,0.25,0,1.7677669529663689,1.7677669529663689,0.5,0.7878492780076138,0.10859111518006874,0.039684982888717475,False
finer,0.25,0,0.9567085809127246,2.309698831278217,0.5,0.8174307499399335,0.10297299247695851,0.01884502187334785,False
finer,0.25,0,1.5308084989341916e-16,2.5,0.5,0.7622888494077457,-0.0433970745687748,-0.004505033446780881,False
finer,0.25,0,-0.9567085809127243,2.309698831278217,0.5,0.8274287510854779,-0.061956652140596216,-0.017567665844028836,False
finer,0.25,0,-1.7677669529663687,1.7677669529663689,0.5,0.772778969479212,-0.06071597377617484,-0.039984461296146974,False
finer,0.25,0,-2.309698831278217,0.9567085809127247,0.5,0.8142647507163566,-0.08703562746103245,-0.020337006208566002,False
finer,0.25,0,-2.5,3.061616997868383e-16,0.5,0.8526334624017107,0.01949042769392048,0.002062570566906175,False
finer,0.25,0,-2.309698831278217,-0.9567085809127241,0.5,0.8255060997082,0.089858917052562,-0.0164249253047935,False
finer,0.25,0,-1.7677669529663693,-1.7677669529663687,0.5,0.7869344397309437,0.09506414279771865,-0.02891783745312226,False
finer,0.25,0,-0.9567085809127258,-2.309698831278216,0.5,0.7985247214273777,0.02665297182943105,-0.018739801777053488,False
finer,0.25,0,-4.592425496802574e-16,-2.5,0.5,0.7063088714426781,-0.014112203097653972,0.003905767023483324,False
finer,0.25,0,0.956708580912725,-2.3096988312782165,0.5,0.856338710612746,-0.004373390684810013,0.02635984978239495,False
finer,0.25,0,1.7677669529663684,-1.7677669529663693,0.5,0.7954401158394573,-0.08795500248664362,0.03561088001700788,False
finer,0.25,0,2.309698831278216,-0.956708580912726,0.5,0.8911529620549233,-0.16030262571485177,0.01931795606843598,False
finer,0.25,0,3.0,0.0,0.5,1.0235468237635423,-0.031057588763040656,0.06001568774453858,False
finer,0.25,0,2.77163859753386,1.1480502970952693,0.5,0.8813255049749962,0.1674575738564545,0.07082600415959413,False
finer,0.25,0,2.121320343559643,2.121320343559643,0.5,0.8442946288006632,0.126925321755848,0.05209781428958741,False
finer,0.25,0,1.1480502970952695,2.77163859753386,0.5,0.8270591047706068,0.03703682568493989,0.035305087857641096,False
finer,0.25,0,1.8369701987210297e-16,3.0,0.5,0.9385817872611237,-0.00243777733484586,-0.005264901115851098,False
finer,0.25,0,-1.1480502970952693,2.77163859753386,0.5,0.8616518673984687,-0.04794054632859374,-0.032273819719871984,False
finer,0.25,0,-2.1213203435596424,2.121320343559643,0.5,0.8330235331807625,-0.07895186087286996,-0.06413466924143446,False
finer,0.25,0,-2.77163859753386,1.1480502970952697,0.5,0.8782039544284999,-0.06711568888982393,-0.053624466574689104,False
finer,0.25,0,-3.0,3.6739403974420594e-16,0.5,0.9419162301081627,0.019341386792532837,-0.03998789391678769,False
finer,0.25,0,-2.7716385975338604,-1.148050297095269,0.5,0.8976087811384921,0.09218347676264337,-0.04922113857505954,False
finer,0.25,0,-2.121320343559643,-2.1213203435596424,0.5,0.8592795705932907,0.10814372181561803,-0.04640467341098621,False
finer,0.25,0,-1.148050297095271,-2.7716385975338595,0.5,0.8575125576218111,0.04756893152155427,-0.01987956892046011,False
finer,0.25,0,-5.51091059616309e-16,-3.0,0.5,0.6440630709299852,-0.040614714741867265,0.008551113954482872,False
finer,0.25,0,1.14805029709527,-2.77163859753386,0.5,0.8737466392686146,-0.03452287936837861,0.03667890183200359,False
finer,0.25,0,2.121320343559642,-2.121320343559643,0.5,0.8655209456174373,-0.08241258291333288,0.04201315279441805,False
finer,0.25,0,2.7716385975338595,-1.148050297095271,0.5,0.9567482599561258,-0.1782787601933116,0.06104710664888647,False
finer,0.25,0,0.5,0.0,1.0,0.6921820202540538,-0.016557649876558944,0.0022460809420783434,False
finer,0.25,0,0.46193976625564337,0.1913417161825449,1.0,0.687743646830379,-0.014080588062103307,-0.0004653513359316705,False
finer,0.25,0,0.3535533905932738,0.3535533905932738,1.0,0.6844600386690354,-0.01008061455014804,-0.0013233963257718796,False
finer,0.25,0,0.19134171618254492,0.46193976625564337,1.0,0.6860019272017646,-0.011398288772806232,-0.0026266059001347135,False
finer,0.25,0,3.061616997868383e-17,0.5,1.0,0.6843571601758307,-0.015350639312297576,-0.006468940331065154,False
finer,0.25,0,-0.19134171618254486,0.46193976625564337,1.0,0.6753984814747978,-0.014398708068611427,-0.007494179253659563,False
finer,0.25,0,-0.35355339059327373,0.3535533905932738,1.0,0.6750325204780853,-0.012742630752639851,-0.0037356445804012017,False
finer,0.25,0,-0.46193976625564337,0.19134171618254495,1.0,0.6790190600143727,-0.011176647271509488,0.0015046182432615046,False
finer,0.25,0,-0.5,6.123233995736766e-17,1.0,0.6802405625434136,-0.005267049361476153,0.005825140761842816,False
finer,0.25,0,-0.4619397662556434,-0.19134171618254484,1.0,0.6814088395385753,0.0020756050908731765,0.0070883798640443765,False
finer,0.25,0,-0.35355339059327384,-0.35355339059327373,1.0,0.6842794501388623,0.0033627089608391117,0.006459001947656853,False
finer,0.25,0,-0.19134171618254517,-0.46193976625564326,1.0,0.6862794596273372,-0.00044682191150720345,0.00634882095122795,False
finer,0.25,0,-9.184850993605148e-17,-0.5,1.0,0.6877153245787095,-0.0043347935010546994,0.006601103249007201,False
finer,0.25,0,0.191341716182545,-0.4619397662556433,1.0,0.6911753664711431,-0.006502912193789289,0.006449289652647457,False
finer,0.25,0,0.3535533905932737,-0.35355339059327384,1.0,0.694990926591183,-0.008918573726242296,0.006192511689533395,False
finer,0.25,0,0.46193976625564326,-0.1913417161825452,1.0,0.6951031921584281,-0.013445890172300438,0.005053209679738458,False
finer,0.25,0,1.0,0.0,1.0,0.6921742313692869,-0.012468684985925016,0.0024789184430975553,False
finer,0.25,0,0.9238795325112867,0.3826834323650898,1.0,0.7075288290543712,-0.00700250615345117,0.002116940998645853,False
finer,0.25,0,0.7071067811865476,0.7071067811865476,1.0,0.697426367132236,-0.002989152617238709,0.003512080531815267,False
finer,0.25,0,0.38268343236508984,0.9238795325112867,1.0,0.6935816378972247,-0.033450673652473735,0.0016542825273951785,False
finer,0.25,0,6.123233995736766e-17,1.0,1.0,0.6401855371330463,0.021147208317726023,-0.008720652227037771,False
finer,0.25,0,-0.3826834323650897,0.9238795325112867,1.0,0.6597204875246179,0.04913337465223781,-0.011854868658313672,False
finer,0.25,0,-0.7071067811865475,0.7071067811865476,1.0,0.6783611166121016,0.010878727311518729,-0.005622598296009046,False
finer,0.25,0,-0.9238795325112867,0.3826834323650899,1.0,0.6857206440406504,0.0007030441893079057,0.00041522141549974644,False
finer,0.25,0,-1.0,1.2246467991473532e-16,1.0,0.6924688313756784,-0.0052577736484149575,0.007957629824224096,False
finer,0.25,0,-0.9238795325112868,-0.38268343236508967,1.0,0.6910808364351319,0.021858099299489155,0.0073912613187904165,False
finer,0.25,0,-0.7071067811865477,-0.7071067811865475,1.0,0.6998675584196457,0.013348236200104825,0.0007488028359454884,False
finer,0.25,0,-0.38268343236509034,-0.9238795325112865,1.0,0.6897098328306316,0.01546974205202631,0.004424189559752197,False
finer,0.25,0,-1.8369701987210297e-16,-1.0,1.0,0.6985380657845567,0.03343577634494424,0.010392281383510667,False
finer,0.25,0,0.38268343236509,-0.9238795325112866,1.0,0.6950593329727326,0.008626841004973327,0.015518592502501866,False
finer,0.25,0,0.7071067811865474,-0.7071067811865477,1.0,0.6926145618011307,0.0047920026150672,0.012201444045729844,False
finer,0.25,0,0.9238795325112865,-0.3826834323650904,1.0,0.6871155624604184,-0.010765266217785898,0.007228669311633814,False
finer,0.25,0,1.5,0.0,1.0,0.6991529902962332,0.00831175069051504,0.0019423116719359257,False
finer,0.25,0,1.38581929876693,0.5740251485476346,1.0,0.717971559697602,0.0066200941630286895,0.016192794957615095,False
finer,0.25,0,1.0606601717798214,1.0606601717798214,1.0,0.7364719810362783,0.04227497597597766,0.026462246644219065,False
finer,0.25,0,0.5740251485476348,1.38581929876693,1.0,0.7656253586154963,-0.056142988886382895,0.01539583975226832,False
finer,0.25,0,9.184850993605148e-17,1.5,1.0,0.5164986981321558,0.027888954383152566,0.0004406449937364119,False
finer,0.25,0,-0.5740251485476346,1.38581929876693,1.0,0.7943995373873332,0.11556711479616952,-0.021418868832067187,False
finer,0.25,0,-1.0606601717798212,1.0606601717798214,1.0,0.729120667741434,-0.04874209843001766,-0.017067060806717552,False
finer,0.25,0,-1.38581929876693,0.5740251485476349,1.0,0.706248670357456,0.0008781871875316719,-0.0012474491328694848,False
finer,0.25,0,-1.5,1.8369701987210297e-16,1.0,0.7137324189068703,0.00195852851827816,-0.0015836017266863693,False
finer,0.25,0,-1.3858192987669302,-0.5740251485476345,1.0,0.7213776051711747,0.043783372486540496,-0.00020767512712780968,False
finer,0.25,0,-1.0606601717798214,-1.0606601717798212,1.0,0.7656589808228895,0.05794065836175936,-0.018477885194540467,False
finer,0.25,0,-0.5740251485476355,-1.3858192987669298,1.0,0.6980894686994235,0.07495821064223683,-0.0094874457801502,False
finer,0.25,0,-2.755455298081545e-16,-1.5,1.0,0.7219844047848636,0.004579666296337971,0.017304502838053612,False
finer,0.25,0,0.574025148547635,-1.38581929876693,1.0,0.731292593937171,-0.039689959018723645,0.038907061711487716,False
finer,0.25,0,1.060660171779821,-1.0606601717798214,1.0,0.7902655096908859,-0.0766037542080296,0.026235358045710526,False
finer,0.25,0,1.3858192987669298,-0.5740251485476355,1.0,0.7063026531243545,-0.04302149628876626,-0.002331119197080059,False
finer,0.25,0,2.0,0.0,1.0,0.7817378464493991,-0.012243988264433625,0.029348014280699886,False
finer,0.25,0,1.8477590650225735,0.7653668647301796,1.0,0.8109912330165457,0.12488795132427181,0.059654513975222714,False
finer,0.25,0,1.4142135623730951,1.4142135623730951,1.0,0.8304129031519574,0.10528889023364563,0.06678661148330281,False
finer,0.25,0,0.7653668647301797,1.8477590650225735,1.0,0.8618022303473101,0.10214053131037593,0.043390758046018184,False
finer,0.25,0,1.2246467991473532e-16,2.0,1.0,0.5547145726079152,0.003228573985115322,-0.0006090735060427788,False
finer,0.25,0,-0.7653668647301795,1.8477590650225735,1.0,0.8845973429234797,-0.07943752077399349,-0.046560432530213525,False
finer,0.25,0,-1.414213562373095,1.4142135623730951,1.0,0.7968809813414761,-0.11529978332923531,-0.05078960379229082,False
finer,0.25,0,-1.8477590650225735,0.7653668647301798,1.0,0.7852696501909202,-0.09083921172184414,-0.03394155197930257,False
finer,0.25,0,-2.0,2.4492935982947064e-16,1.0,0.7672158036908243,0.03469362935909002,-0.022189147168553795,False
finer,0.25,0,-1.8477590650225737,-0.7653668647301793,1.0,0.7950643102936883,0.09909203739305024,-0.041844821168601894,False
finer,0.25,0,-1.4142135623730954,-1.414213562373095,1.0,0.7840633874859589,0.10951622285423376,-0.050740481116963665,False
finer,0.25,0,-0.7653668647301807,-1.847759065022573,1.0,0.7555536279006676,0.07184706245971008,-0.01947001437217191,False
finer,0.25,0,-3.6739403974420594e-16,-2.0,1.0,0.7842937451697178,-0.011982106795372241,0.015229448376131036,False
finer,0.25,0,0.76536686473018,-1.8477590650225733,1.0,0.843689919566583,-0.06452623420180975,0.05108057673894253,False
finer,0.25,0,1.4142135623730947,-1.4142135623730954,1.0,0.8425988976558318,-0.1580739570704338,0.038179480142939856,False
finer,0.25,0,1.847759065022573,-0.7653668647301808,1.0,0.8306169468346827,-0.17303967797388423,0.04302412002708113,False
finer,0.25,0,2.5,0.0,1.0,0.9363666888302422,-0.03336204783815688,0.11645796077828052,False
finer,0.25,0,2.309698831278217,0.9567085809127245,1.0,0.8420412883055605,0.13778154029593953,0.12651754016904046,False
finer,0.25,0,1.7677669529663689,1.7677669529663689,1.0,0.8235445504787735,0.11125953928057435,0.10768971890380097,False
finer,0.25,0,0.9567085809127246,2.309698831278217,1.0,0.8454570775146065,0.11068963115421157,0.054906476147882584,False
finer,0.25,0,1.5308084989341916e-16,2.5,1.0,0.7658729904662785,-0.03694957349216262,0.0026315572724869315,False
finer,0.25,0,-0.9567085809127243,2.309698831278217,1.0,0.847745577683132,-0.0723435267596947,-0.06011854203667248,False
finer,0.25,0,-1.7677669529663687,1.7677669529663689,1.0,0.8026969794558372,-0.08179265917881028,-0.08923821145904101,False
finer,0.25,0,-2.309698831278217,0.9567085809127247,1.0,0.8580516192232089,-0.11986327346479606,-0.10077464968250653,False
finer,0.25,0,-2.5,3.061616997868383e-16,1.0,0.9109566305756758,0.022829604824051896,-0.08530623436069007,False
finer,0.25,0,-2.309698831278217,-0.9567085809127241,1.0,0.8580051677343057,0.12094997571937968,-0.09985117421883967,False
finer,0.25,0,-1.7677669529663693,-1.7677669529663687,1.0,0.809291461425029,0.10571769096088728,-0.08342160699059434,False
finer,0.25,0,-0.9567085809127258,-2.309698831278216,1.0,0.812553391869521,0.031658979746121224,-0.04027671551245855,False
finer,0.25,0,-4.592425496802574e-16,-2.5,1.0,0.7370531379404824,-0.012300244830579316,0.013510991900661691,False
finer,0.25,0,0.956708580912725,-2.3096988312782165,1.0,0.8729886043954473,-0.014540867074860634,0.06443976379033689,False
finer,0.25,0,1.7677669529663684,-1.7677669529663693,1.0,0.816399158351182,-0.10172289647414723,0.06855888507876852,False
finer,0.25,0,2.309698831278216,-0.956708580912726,1.0,0.9274015920533816,-0.17649346492019954,0.10323746262987721,False
finer,0.25,0,3.0,0.0,1.0,1.074549861902419,-0.022344626264871437,0.18649675727608894,False
finer,0.25,0,2.77163859753386,1.1480502970952693,1.0,0.9360595615861224,0.16840394561335315,0.18418358954790176,False
finer,0.25,0,2.121320343559643,2.121320343559643,1.0,0.8751705446349136,0.1198731851370247,0.12988962160118864,False
finer,0.25,0,1.1480502970952695,2.77163859753386,1.0,0.8542153204123676,0.05050295355673511,0.07410965206667385,False
finer,0.25,0,1.8369701987210297e-16,3.0,1.0,0.9129728272002201,-0.0025087849115331936,0.018962679173057034,False
finer,0.25,0,-1.1480502970952693,2.77163859753386,1.0,0.8674581167964271,-0.05075161526833506,-0.07009619978256224,False
finer,0.25,0,-2.1213203435596424,2.121320343559643,1.0,0.8630871902989868,-0.09574173596232394,-0.13092625859869983,False
finer,0.25,0,-2.77163859753386,1.1480502970952697,1.0,0.9299442804769495,-0.09702111010493988,-0.16689785992247178,False
finer,0.25,0,-3.0,3.6739403974420594e-16,1.0,0.9970745724321866,0.022089556012442443,-0.15416870499209523,False
finer,0.25,0,-2.7716385975338604,-1.148050297095269,1.0,0.9401698443469804,0.11460929177705736,-0.1534804014470455,False
finer,0.25,0,-2.121320343559643,-2.1213203435596424,1.0,0.875953660869405,0.11245460466886648,-0.1031752672471127,False
finer,0.25,0,-1.148050297095271,-2.7716385975338595,1.0,0.8672909772081641,0.043535118537051054,-0.045956854523770824,False
finer,0.25,0,-5.51091059616309e-16,-3.0,1.0,0.687321038527029,-0.040459297446524656,0.00794021094081118,False
finer,0.25,0,1.14805029709527,-2.77163859753386,1.0,0.8931376371828154,-0.03694229631562471,0.0761106861688095,False
finer,0.25,0,2.121320343559642,-2.121320343559643,1.0,0.876661325548078,-0.08975923199325635,0.09679329060090995,False
finer,0.25,0,2.7716385975338595,-1.148050297095271,1.0,0.9897558190948799,-0.18253330266420628,0.11065053738254683,False
finer,0.25,0,0.0,0.0,0.0,0.6866403535386085,-0.0017257102457036155,0.0,True
finer,0.25,2,0.5,0.0,0.0,8.352887372222973e-18,1.468826430151984e-18,0.45459166651721256,False
finer,0.25,2,0.46193976625564337,0.1913417161825449,0.0,1.007855135390279e-17,-1.411951625826357e-17,0.4519198761437591,False
finer,0.25,2,0.3535533905932738,0.3535533905932738,0.0,1.054303646107737e-17,1.5716033595196215e-17,0.4483402459260132,False
finer,0.25,2,0.19134171618254492,0.46193976625564337,0.0,2.818070277144504e-18,9.512717109712479e-18,0.44586194215851527,False
finer,0.25,2,3.061616997868383e-17,0.5,0.0,1.2480344542572783e-17,1.7541789640559405e-18,0.4459155670825101,False
finer,0.25,2,-0.19134171618254486,0.46193976625564337,0.0,2.860692924701477e-18,8.902795047876362e-18,0.44825493130057026,False
finer,0.25,2,-0.35355339059327373,0.3535533905932738,0.0,-5.455229323850254e-18,8.587084444049022e-18,0.4513063678063552,False
finer,0.25,2,-0.46193976625564337,0.19134171618254495,0.0,-4.025944868044193e-18,-6.887013131260349e-19,0.45342172542171716,False
finer,0.25,2,-0.5,6.123233995736766e-17,0.0,-1.6777310999536008e-17,-2.0930779939979468e-18,0.45374762607951996,False
finer,0.25,2,-0.4619397662556434,-0.19134171618254484,0.0,-9.052133428346536e-18,1.3596767290957938e-21,0.4521121934594947,False
finer,0.25,2,-0.35355339059327384,-0.35355339059327373,0.0,-6.915505955132669e-18,-8.228927889084344e-18,0.4490413632569287,False
finer,0.25,2,-0.19134171618254517,-0.46193976625564326,0.0,-7.937836493365351e-18,-8.575875221094378e-18,0.44630788065019517,False
finer,0.25,2,-9.184850993605148e-17,-0.5,0.0,-1.2180287356727345e-17,-1.9180928303191624e-17,0.4458874409529797,False
finer,0.25,2,0.191341716182545,-0.4619397662556433,0.0,-1.7097098533522526e-18,-3.996707488169802e-18,0.4481068144728273,False
finer,0.25,2,0.3535533905932737,-0.35355339059327384,0.0,-5.886461281683498e-18,-5.9619594703996185e-18,0.4517813920316157,False
finer,0.25,2,0.46193976625564326,-0.1913417161825452,0.0,1.305389704772631e-17,-2.4148998893900883e-18,0.45458155753877116,False
finer,0.25,2,1.0,0.0,0.0,9.461550739606873e-18,-7.890938400635834e-19,0.4506955019039583,False
finer,0.25,2,0.9238795325112867,0.3826834323650898,0.0,1.0698960085783022e-17,2.7225260084210343e-18,0.44125280783249926,False
finer,0.25,2,0.7071067811865476,0.7071067811865476,0.0,8.658136495417658e-18,-3.7680244069790272e-19,0.428699801307829,False
finer,0.25,2,0.38268343236508984,0.9238795325112867,0.0,1.2891757748299296e-17,1.6564213598865776e-17,0.42046911513092977,False
finer,0.25,2,6.123233995736766e-17,1.0,0.0,1.5492047919216846e-17,3.1657055325322225e-17,0.4233724548979619,False
finer,0.25,2,-0.3826834323650897,0.9238795325112867,0.0,5.582642913787008e-18,1.7827791775175392e-17,0.42855130146161213,False
finer,0.25,2,-0.7071067811865475,0.7071067811865476,0.0,-1.1506643907558546e-17,-7.36769205543715e-18,0.4390582626839858,False
finer,0.25,2,-0.9238795325112867,0.3826834323650899,0.0,-2.0408941771221787e-17,8.324860294683349e-18,0.447543565445057,False
finer,0.25,2,-1.0,1.2246467991473532e-16,0.0,-1.91511983318636e-17,-2.498572733020558e-19,0.44745803875421186,False
finer,0.25,2,-0.9238795325112868,-0.38268343236508967,0.0,-1.444766553933683e-17,-1.1920889372722142e-17,0.44115927636403074,False
finer,0.25,2,-0.7071067811865477,-0.7071067811865475,0.0,-1.7207100799612349e-18,-9.196693244143287e-18,0.4284137398221052,False
finer,0.25,2,-0.38268343236509034,-0.9238795325112865,0.0,-1.424869783929093e-17,-2.6646637335888382e-17,0.4182062083392439,False
finer,0.25,2,-1.8369701987210297e-16,-1.0,0.0,-8.324359825482537e-18,1.6540016250891268e-17,0.416439494459382,False
finer,0.25,2,0.38268343236509,-0.9238795325112866,0.0,1.9278196957889797e-17,-1.2267822557775141e-17,0.4232616028369455,False
finer,0.25,2,0.7071067811865474,-0.7071067811865477,0.0,1.5370753603641392e-17,-1.1534434696983009e-17,0.4368777699724892,False
finer,0.25,2,0.9238795325112865,-0.3826834323650904,0.0,1.0028079751318274e-17,-1.228557595904065e-18,0.4494819397122368,False
finer,0.25,2,1.5,0.0,0.0,1.6162968608771917e-17,1.9670834713327582e-17,0.4418955160126664,False
finer,0.25,2,1.38581929876693,0.5740251485476346,0.0,8.848164549407811e-18,-2.7744478772050356e-19,0.42634036843224865,False
finer,0.25,2,1.0606601717798214,1.0606601717798214,0.0,2.91912181037814e-17,1.5697070466217216e-17,0.39946540413992926,False
finer,0.25,2,0.5740251485476348,1.38581929876693,0.0,1.1257763005728544e-17,1.230447735310929e-17,0.39750331578873643,False
finer,0.25,2,9.184850993605148e-17,1.5,0.0,-2.815112120226203e-18,3.3723820461574316e-17,0.42221420176144514,False
finer,0.25,2,-0.5740251485476346,1.38581929876693,0.0,-2.9088970337966897e-18,1.1407135768754796e-17,0.3988887424796791,False
finer,0.25,2,-1.0606601717798212,1.0606601717798214,0.0,-2.6933424087522e-17,1.4818666047474876e-17,0.4133390930507423,False
finer,0.25,2,-1.38581929876693,0.5740251485476349,0.0,-1.8375962459666826e-17,2.7265208390633095e-18,0.4356868346662307,False
finer,0.25,2,-1.5,1.8369701987210297e-16,0.0,-2.9238074478900583e-17,5.9641690436314174e-18,0.4375821460309733,False
finer,0.25,2,-1.3858192987669302,-0.5740251485476345,0.0,-2.3333328653161728e-17,-1.046747946480602e-18,0.42483992338198073,False
finer,0.25,2,-1.0606601717798214,-1.0606601717798212,0.0,-3.3822330890718553e-18,2.123610249984787e-18,0.3983282970887882,False
finer,0.25,2,-0.5740251485476355,-1.3858192987669298,0.0,-1.3996396042132946e-17,-2.666154199354777e-17,0.3896938661019458,False
finer,0.25,2,-2.755455298081545e-16,-1.5,0.0,6.245409233134537e-19,-1.999026634844795e-17,0.3846017081979083,False
finer,0.25,2,0.574025148547635,-1.38581929876693,0.0,2.1026296841528947e-17,-2.845328715607369e-17,0.3888004348242706,False
finer,0.25,2,1.060660171779821,-1.0606601717798214,0.0,3.029048254764691e-17,-1.854029678181209e-17,0.40654916623314213,False
finer,0.25,2,1.3858192987669298,-0.5740251485476355,0.0,2.807957485780509e-17,-1.0974164590916793e-17,0.4347300082714295,False
finer,0.25,2,2.0,0.0,0.0,5.3271854970086037e-17,-2.0224187346166006e-17,0.42650175981158844,False
finer,0.25,2,1.8477590650225735,0.7653668647301796,0.0,1.6641576680169464e-17,7.262540672476435e-18,0.41073248216333064,False
finer,0.25,2,1.4142135623730951,1.4142135623730951,0.0,7.606578488161016e-18,3.3247893832652687e-17,0.3865732280497698,False
finer,0.25,2,0.7653668647301797,1.8477590650225735,0.0,1.5372584662973575e-17,1.9597680734383172e-17,0.39693165707414463,False
finer,0.25,2,1.2246467991473532e-16,2.0,0.0,-6.8287713249666035e-18,2.835978972950846e-17,0.42009670892893275,False
finer,0.25,2,-0.7653668647301795,1.8477590650225735,0.0,-7.930933743977255e-18,2.7706393735564397e-17,0.3922992568968129,False
finer,0.25,2,-1.414213562373095,1.4142135623730951,0.0,-1.2077994409326331e-17,1.4439197264700523e-17,0.39542028890928416,False
finer,0.25,2,-1.8477590650225735,0.7653668647301798,0.0,-2.1786391812706947e-17,2.7291035601624652e-18,0.41838797307948555,False
finer,0.25,2,-2.0,2.4492935982947064e-16,0.0,-6.283544843007553e-18,1.076444403939185e-17,0.42489597652661615,False
finer,0.25,2,-1.8477590650225737,-0.7653668647301793,0.0,-2.091433052782636e-17,-8.52449181829414e-18,0.4084089818749491,False
finer,0.25,2,-1.4142135623730954,-1.414213562373095,0.0,-1.840727775383441e-17,-3.452981436673005e-17,0.38681171542733933,False
finer,0.25,2,-0.7653668647301807,-1.847759065022573,0.0,-1.6488873373177974e-18,-2.6535174810248984e-17,0.38711434800864386,False
finer,0.25,2,-3.6739403974420594e-16,-2.0,0.0,-2.9438972972481483e-18,-3.193899277842775e-17,0.3846644953585624,False
finer,0.25,2,0.76536686473018,-1.8477590650225733,0.0,4.220631729601387e-18,-3.443947379746664e-17,0.383405436880709,False
finer,0.25,2,1.4142135623730947,-1.4142135623730954,0.0,1.9299792772770605e-17,-3.154291240903921e-17,0.3922901937811871,False
finer,0.25,2,1.847759065022573,-0.7653668647301808,0.0,1.191707510756996e-17,-2.3364035047476148e-17,0.41328850899799313,False
finer,0.25,2,2.5,0.0,0.0,2.905367588183869e-17,1.1920399519589163e-17,0.4158380783935841,False
finer,0.25,2,2.309698831278217,0.9567085809127245,0.0,2.796240503551038e-17,1.6271715058600353e-17,0.41575501310819557,False
finer,0.25,2,1.7677669529663689,1.7677669529663689,0.0,9.84001456172633e-18,2.770499620108412e-17,0.4103529759257529,False
finer,0.25,2,0.9567085809127246,2.309698831278217,0.0,2.7317875957574485e-17,1.8294992036194807e-17,0.40838850032070173,False
finer,0.25,2,1.5308084989341916e-16,2.5,0.0,-3.4409225831297143e-18,2.7761189997044886e-17,0.4118181371683416,False
finer,0.25,2,-0.9567085809127243,2.309698831278217,0.0,3.3364326498139933e-18,2.7598617346805897e-17,0.4113307752732709,False
finer,0.25,2,-1.7677669529663687,1.7677669529663689,0.0,-2.4687382926900307e-18,2.4557753399140704e-17,0.4136935700736508,False
finer,0.25,2,-2.309698831278217,0.9567085809127247,0.0,-7.963620131419393e-18,1.4611152027603134e-17,0.41590457635659295,False
finer,0.25,2,-2.5,3.061616997868383e-16,0.0,-4.608187940091121e-17,1.2480847743340606e-17,0.4142927168186571,False
finer,0.25,2,-2.309698831278217,-0.9567085809127241,0.0,-3.01846464962589e-17,3.757159821206072e-18,0.4043991633673554,False
finer,0.25,2,-1.7677669529663693,-1.7677669529663687,0.0,-1.8662972106546002e-17,-2.2970265589951935e-17,0.40398207805523983,False
finer,0.25,2,-0.9567085809127258,-2.309698831278216,0.0,-9.586451814110044e-18,-1.4292399239553987e-17,0.4133256917898742,False
finer,0.25,2,-4.592425496802574e-16,-2.5,0.0,4.566856675455806e-18,-2.9522156759418e-17,0.4230126063828097,False
finer,0.25,2,0.956708580912725,-2.3096988312782165,0.0,1.738328968257478e-17,-1.9205072492639137e-17,0.41856879323506807,False
finer,0.25,2,1.7677669529663684,-1.7677669529663693,0.0,1.0507198711177523e-18,-3.6951233676479434e-17,0.4152106881059663,False
finer,0.25,2,2.309698831278216,-0.956708580912726,0.0,3.007247637585314e-17,-2.625641926613572e-17,0.410273569730535,False
finer,0.25,2,3.0,0.0,0.0,2.515048023678413e-17,-2.7691315778869018e-17,0.4303693252603097,False
finer,0.25,2,2.77163859753386,1.1480502970952693,0.0,1.4671788365023532e-17,1.6624601866879684e-17,0.44449495882469214,False
finer,0.25,2,2.121320343559643,2.121320343559643,0.0,4.424721484949574e-17,2.803385719151535e-17,0.44757522109290476,False
finer,0.25,2,1.1480502970952695,2.77163859753386,0.0,2.214185615578628e-17,2.201579607759374e-17,0.4383670571330041,False
finer,0.25,2,1.8369701987210297e-16,3.0,0.0,-1.8378475363344485e-17,2.591703975352877e-17,0.44659972509183615,False
finer,0.25,2,-1.1480502970952693,2.77163859753386,0.0,-1.050020741693892e-17,3.266839113109449e-17,0.4521605932473356,False
finer,0.25,2,-2.1213203435596424,2.121320343559643,0.0,-1.3678184661179349e-17,3.376810634095748e-17,0.45622172244201653,False
finer,0.25,2,-2.77163859753386,1.1480502970952697,0.0,-4.770592812015491e-18,-3.620674315906027e-19,0.4377082031269329,False
finer,0.25,2,-3.0,3.6739403974420594e-16,0.0,-1.5473955957916393e-17,1.2353209763415815e-17,0.4223661048351922,False
finer,0.25,2,-2.7716385975338604,-1.148050297095269,0.0,-3.187638461767441e-17,-2.2370521140407615e-17,0.41822533083836505,False
finer,0.25,2,-2.121320343559643,-2.1213203435596424,0.0,-2.0603605049503915e-17,-1.2056202950242624e-17,0.4365859726766148,False
finer,0.25,2,-1.148050297095271,-2.7716385975338595,0.0,-1.1721337147182725e-17,-2.4669232608441952e-17,0.4424683925341192,False
finer,0.25,2,-5.51091059616309e-16,-3.0,0.0,-1.2547750504564752e-17,-2.564405773724914e-17,0.4590846181296106,False
finer,0.25,2,1.14805029709527,-2.77163859753386,0.0,9.203539005132293e-18,-3.216279548879092e-17,0.4640155964070437,False
finer,0.25,2,2.121320343559642,-2.121320343559643,0.0,1.4681508772703554e-17,-4.025102532850687e-17,0.44977514722225037,False
finer,0.25,2,2.7716385975338595,-1.148050297095271,0.0,2.7232704357928176e-17,-1.4538258833712342e-17,0.4374964039769514,False
finer,0.25,2,0.5,0.0,0.2,-0.0009374782605803046,-0.0015867719290716398,0.4577740672787169,False
finer,0.25,2,0.46193976625564337,0.1913417161825449,0.2,-0.0013751367707415677,-0.004363099189348889,0.4550749923063791,False
finer,0.25,2,0.3535533905932738,0.3535533905932738,0.2,-0.0015100370159246404,-0.006267717484783652,0.4515496046312569,False
finer,0.25,2,0.19134171618254492,0.46193976625564337,0.2,-0.0014928108991817744,-0.0072429385849369365,0.4491058103210473,False
finer,0.25,2,3.061616997868383e-17,0.5,0.2,-0.001415584935178549,-0.0070813297859053225,0.4491492823060427,False
finer,0.25,2,-0.19134171618254486,0.46193976625564337,0.2,-0.0008598113019785026,-0.0059337555357601894,0.45146657531271683,False
finer,0.25,2,-0.35355339059327373,0.3535533905932738,0.2,7.029822069524815e-05,-0.004049255852916987,0.4544363084397923,False
finer,0.25,2,-0.46193976625564337,0.19134171618254495,0.2,0.000985141965412559,-0.0017853929070459928,0.4564594983666152,False
finer,0.25,2,-0.5,6.123233995736766e-17,0.2,0.0016483195664516394,0.0006442924814211485,0.4568208199480913,False
finer,0.25,2,-0.4619397662556434,-0.19134171618254484,0.2,0.0018215638809176086,0.0034494690220925376,0.4553702943937567,False
finer,0.25,2,-0.35355339059327384,-0.35355339059327373,0.2,0.0016289491279879854,0.006247141331407855,0.4525170298257381,False
finer,0.25,2,-0.19134171618254517,-0.46193976625564326,0.2,0.0013542021411671835,0.008072958960974331,0.44993089831156596,False
finer,0.25,2,-9.184850993605148e-17,-0.5,0.2,0.001003070211573465,0.008424649122234352,0.4495539000217907,False
finer,0.25,2,0.191341716182545,-0.4619397662556433,0.2,0.0005543202492039092,0.007360572305682954,0.45171018810127067,False
finer,0.25,2,0.3535533905932737,-0.35355339059327384,0.2,9.846252298936382e-05,0.005063087210833936,0.4552424739034671,False
finer,0.25,2,0.46193976625564326,-0.1913417161825452,0.2,-0.0003864912697648937,0.0018309244813270362,0.45788437032859103,False
finer,0.25,2,1.0,0.0,0.2,-0.002254747548209113,-0.002773862785062531,0.45435461630256657,False
finer,0.25,2,0.9238795325112867,0.3826834323650898,0.2,-0.002456499147477885,-0.0075587648729434475,0.4449894799498862,False
finer,0.25,2,0.7071067811865476,0.7071067811865476,0.2,-0.00264991442898285,-0.011200520620855506,0.43310429020164976,False
finer,0.25,2,0.38268343236508984,0.9238795325112867,0.2,-0.003494876404134621,-0.011491076936619713,0.4250813911234516,False
finer,0.25,2,6.123233995736766e-17,1.0,0.2,-0.0024478411944871335,-0.007915499070532019,0.42771794414072306,False
finer,0.25,2,-0.3826834323650897,0.9238795325112867,0.2,0.0005260010898880924,-0.011356131885735404,0.4329759525435678,False
finer,0.25,2,-0.7071067811865475,0.7071067811865476,0.2,0.0011683596876582041,-0.009294729285729353,0.4432417092001553,False
finer,0.25,2,-0.9238795325112867,0.3826834323650899,0.2,0.0021433632696516245,-0.0031893314447401164,0.45112339724562334,False
finer,0.25,2,-1.0,1.2246467991473532e-16,0.2,0.00330294622032341,0.0018572192700006195,0.450763353281914,False
finer,0.25,2,-0.9238795325112868,-0.38268343236508967,0.2,0.0032190888933832265,0.006426938450521576,0.44505455077079126,False
finer,0.25,2,-0.7071067811865477,-0.7071067811865475,0.2,0.0022628808187244985,0.012235858655284215,0.43307600719980827,False
finer,0.25,2,-0.38268343236509034,-0.9238795325112865,0.2,0.002160728574094824,0.012176057371338806,0.4233753306483876,False
finer,0.25,2,-1.8369701987210297e-16,-1.0,0.2,0.0010494526047172496,0.012739612274875679,0.4219918469930748,False
finer,0.25,2,0.38268343236509,-0.9238795325112866,0.2,0.0005547606924070443,0.013375552736347968,0.4286820885231102,False
finer,0.25,2,0.7071067811865474,-0.7071067811865477,0.2,-0.0006972801252729712,0.011254100475441812,0.44164625995187623,False
finer,0.25,2,0.9238795325112865,-0.3826834323650904,0.2,-0.001535859454646297,0.004954076873658959,0.4536119860569017,False
finer,0.25,2,1.5,0.0,0.2,-0.0047495496596278615,-0.0017597974272715255,0.4464018998338912,False
finer,0.25,2,1.38581929876693,0.5740251485476346,0.2,-0.00288332093278946,-0.010325405987156035,0.431603175386357,False
finer,0.25,2,1.0606601717798214,1.0606601717798214,0.2,-0.0028192676832930925,-0.013613960469493374,0.4068985833156111,False
finer,0.25,2,0.5740251485476348,1.38581929876693,0.2,-0.01079032332174754,0.0014354086962733213,0.4056400867249159,False
finer,0.25,2,9.184850993605148e-17,1.5,0.2,0.0001611721108594391,0.003720195795732062,0.42928161201650233,False
finer,0.25,2,-0.5740251485476346,1.38581929876693,0.2,0.009981192757272711,-0.005006933249748023,0.40685905493161445,False
finer,0.25,2,-1.0606601717798212,1.0606601717798214,0.2,0.001078077022576782,-0.01447282459572004,0.41992753367044267,False
finer,0.25,2,-1.38581929876693,0.5740251485476349,0.2,0.0038477851728158916,-0.006752729724379885,0.4403732871291152,False
finer,0.25,2,-1.5,1.8369701987210297e-16,0.2,0.004340700786913887,0.0032863568334996467,0.44163190302478755,False
finer,0.25,2,-1.3858192987669302,-0.5740251485476345,0.2,0.0041967040486372495,0.00836945657240298,0.43005988539098783,False
finer,0.25,2,-1.0606601717798214,-1.0606601717798212,0.2,0.0023802957102398675,0.013747059381056857,0.40570018936228747,False
finer,0.25,2,-0.5740251485476355,-1.3858192987669298,0.2,0.002800906819506052,0.008351800356534137,0.39939601761947574,False
finer,0.25,2,-2.755455298081545e-16,-1.5,0.2,-0.0009659918712855653,0.009520863628818876,0.3965151755516605,False
finer,0.25,2,0.574025148547635,-1.38581929876693,0.2,-0.0011622780215398334,0.011855134037258285,0.4008334479007942,False
finer,0.25,2,1.060660171779821,-1.0606601717798214,0.2,-0.003381038062018268,0.015551028195175983,0.41505303321778775,False
finer,0.25,2,1.3858192987669298,-0.5740251485476355,0.2,-0.00497322060714016,0.00940956504960961,0.4402877533517552,False
finer,0.25,2,2.0,0.0,0.2,-0.006365304892730195,9.529835239816543e-05,0.4327939563304545,False
finer,0.25,2,1.8477590650225735,0.7653668647301796,0.2,0.0004255513749922308,-0.008162360073996433,0.4186818440095129,False
finer,0.25,2,1.4142135623730951,1.4142135623730951,0.2,0.0051694550277005475,0.0025368731657236772,0.39984816330871875,False
finer,0.25,2,0.7653668647301797,1.8477590650225735,0.2,-0.005113972066625199,0.004488451231533916,0.40984785764690207,False
finer,0.25,2,1.2246467991473532e-16,2.0,0.2,0.0006409599468634586,-0.00541707290977702,0.430551495450248,False
finer,0.25,2,-0.7653668647301795,1.8477590650225735,0.2,0.0037087350812914045,0.006295726684855411,0.4065572522153937,False
finer,0.25,2,-1.414213562373095,1.4142135623730951,0.2,-0.004804739700964974,-0.003903387911906719,0.4074608780802249,False
finer,0.25,2,-1.8477590650225735,0.7653668647301798,0.2,0.0031149975116454036,-0.0065060976417839495,0.42515293578849234,False
finer,0.25,2,-2.0,2.4492935982947064e-16,0.2,0.005120202101208028,0.002802451144906113,0.43057828078566907,False
finer,0.25,2,-1.8477590650225737,-0.7653668647301793,0.2,0.0015632616066531808,0.007500596911732219,0.41596348325611227,False
finer,0.25,2,-1.4142135623730954,-1.414213562373095,0.2,-0.004285905517660402,-0.001486579289161037,0.3993467539498361,False
finer,0.25,2,-0.7653668647301807,-1.847759065022573,0.2,-0.003311430977031479,-0.00839745427151821,0.4045957200465383,False
finer,0.25,2,-3.6739403974420594e-16,-2.0,0.2,0.0016100232374417008,-0.011855362413212967,0.40602145153115743,False
finer,0.25,2,0.76536686473018,-1.8477590650225733,0.2,0.002642887330245894,-0.009756879334116265,0.40583984325674205,False
finer,0.25,2,1.4142135623730947,-1.4142135623730954,0.2,0.0069429637068989,-0.00022005105855971952,0.40782352804960514,False
finer,0.25,2,1.847759065022573,-0.7653668647301808,0.2,-0.00331828466395386,0.006510098373613196,0.4214597981796785,False
finer,0.25,2,2.5,0.0,0.2,0.0005740083285523669,0.0004446691815622517,0.426396359700813,False
finer,0.25,2,2.309698831278217,0.9567085809127245,0.2,0.0073438631182995975,0.001076194290701091,0.42819507951292485,False
finer,0.25,2,1.7677669529663689,1.7677669529663689,0.2,0.007892645347342625,0.010983544433042591,0.42830439973369294,False
finer,0.25,2,0.9567085809127246,2.309698831278217,0.2,0.0048406064744473615,0.008317642588659926,0.4274929295932989,False
finer,0.25,2,1.5308084989341916e-16,2.5,0.2,-0.002551272569001782,0.007763272394853903,0.43119218815243526,False
finer,0.25,2,-0.9567085809127243,2.309698831278217,0.2,-0.0037035089649714156,0.011740102619796713,0.4316886865082877,False
finer,0.25,2,-1.7677669529663687,1.7677669529663689,0.2,-0.009545687482211157,0.009290128189778908,0.4305306945933225,False
finer,0.25,2,-2.309698831278217,0.9567085809127247,0.2,-0.0043047682530269575,0.0028267480657049406,0.4267300065244108,False
finer,0.25,2,-2.5,3.061616997868383e-16,0.2,0.0011453688973497302,0.0014460453780646297,0.42311805971626076,False
finer,0.25,2,-2.309698831278217,-0.9567085809127241,0.2,-0.003359018741546954,0.0018147931561331766,0.4162902182543623,False
finer,0.25,2,-1.7677669529663693,-1.7677669529663687,0.2,-0.005869589042744802,-0.008522647765064898,0.4215367611596592,False
finer,0.25,2,-0.9567085809127258,-2.309698831278216,0.2,-0.003914913352909067,-0.011047694696567993,0.43423116954333885,False
finer,0.25,2,-4.592425496802574e-16,-2.5,0.2,0.0008699855176134164,-0.015416251084625274,0.44271264291339185,False
finer,0.25,2,0.956708580912725,-2.3096988312782165,0.2,0.005101718733208091,-0.015746690009258008,0.44285783318548966,False
finer,0.25,2,1.7677669529663684,-1.7677669529663693,0.2,0.007861741594906956,-0.009927568627837119,0.43434407277415754,False
finer,0.25,2,2.309698831278216,-0.956708580912726,0.2,0.0039982735386215945,-0.0015313544517099671,0.42320679850933546,False
finer,0.25,2,3.0,0.0,0.2,0.013897701354899584,0.0026540260924760696,0.44747254365467865,False
finer,0.25,2,2.77163859753386,1.1480502970952693,0.2,0.015997443871580353,0.008553035955153198,0.46281629914657035,False
finer,0.25,2,2.121320343559643,2.121320343559643,0.2,0.010600490915358553,0.01173872719527157,0.4687866055827183,False
finer,0.25,2,1.1480502970952695,2.77163859753386,0.2,0.007066590822425286,0.012476478150878979,0.46154429605387803,False
finer,0.25,2,1.8369701987210297e-16,3.0,0.2,-0.00477775452202198,0.01703326991357823,0.47025147489307856,False
finer,0.25,2,-1.1480502970952693,2.77163859753386,0.2,-0.007430233182758486,0.019253672526134278,0.4763936682409913,False
finer,0.25,2,-2.1213203435596424,2.121320343559643,0.2,-0.014690189832162597,0.01685311135838256,0.47775491789554525,False
finer,0.25,2,-2.77163859753386,1.1480502970952697,0.2,-0.011148606897203794,0.00871901994560695,0.45391218956823476,False
finer,0.25,2,-3.0,3.6739403974420594e-16,0.2,-0.008887301270042225,0.00036203549253253453,0.43605274745896644,False
finer,0.25,2,-2.7716385975338604,-1.148050297095269,0.2,-0.01001763686269005,-0.0038161018263078326,0.4360400899092206,False
finer,0.25,2,-2.121320343559643,-2.1213203435596424,0.2,-0.009985778008634733,-0.014097741055321557,0.45920206954730874,False
finer,0.25,2,-1.148050297095271,-2.7716385975338595,0.2,-0.004654723818220534,-0.011999877739165537,0.46744257884709944,False
finer,0.25,2,-5.51091059616309e-16,-3.0,0.2,0.003215823761640961,-0.014810433175092695,0.4773285877767206,False
finer,0.25,2,1.14805029709527,-2.77163859753386,0.2,0.008854742768819094,-0.018958039814355315,0.49019564711336633,False
finer,0.25,2,2.121320343559642,-2.121320343559643,0.2,0.007521155597445023,-0.015922615493141647,0.47370865224683345,False
finer,0.25,2,2.7716385975338595,-1.148050297095271,0.2,0.01651410288645003,-0.0082464960513968,0.4529444902258661,False
finer,0.25,2,0.5,0.0,0.5,-0.0017889434286373351,-0.004274469489504051,0.47531391439981885,False
finer,0.25,2,0.46193976625564337,0.1913417161825449,0.5,-0.00291214472442385,-0.010491933621376385,0.4726120682633636,False
finer,0.25,2,0.3535533905932738,0.3535533905932738,0.5,-0.0032241240616193156,-0.014632069002408654,0.46952988380218746,False
finer,0.25,2,0.19134171618254492,0.46193976625564337,0.5,-0.003257487862794124,-0.016771348266111735,0.46740728651609376,False
finer,0.25,2,3.061616997868383e-17,0.5,0.5,-0.003435162513398815,-0.016290923229629772,0.46739737009014215,False
finer,0.25,2,-0.19134171618254486,0.46193976625564337,0.5,-0.0023935006803350077,-0.01345872966788128,0.4694374557154499,False
finer,0.25,2,-0.35355339059327373,0.3535533905932738,0.5,-0.0001607897178632336,-0.009051522180795269,0.4718318474129439,False
finer,0.25,2,-0.46193976625564337,0.19134171618254495,0.5,0.002158822798701388,-0.004099567759666418,0.4733164051507343,False
finer,0.25,2,-0.5,6.123233995736766e-17,0.5,0.0038618615963763587,0.001086045119521815,0.47383164037316167,False
finer,0.25,2,-0.4619397662556434,-0.19134171618254484,0.5,0.004265853109958086,0.007422264172461111,0.47333735403989996,False
finer,0.25,2,-0.35355339059327384,-0.35355339059327373,0.5,0.003748894183113913,0.013991249218436596,0.47171120458151794,False
finer,0.25,2,-0.19134171618254517,-0.46193976625564326,0.5,0.003138882274872699,0.018281999780837895,0.4700506913372497,False
finer,0.25,2,-9.184850993605148e-17,-0.5,0.5,0.0024417208918665616,0.019030791687888238,0.46994441450485347,False
finer,0.25,2,0.191341716182545,-0.4619397662556433,0.5,0.0015436531448408488,0.01649411875659336,0.4716612548341674,False
finer,0.25,2,0.3535533905932737,-0.35355339059327384,0.5,0.0006417268946353229,0.0111629158525807,0.4742805083039087,False
finer,0.25,2,0.46193976625564326,-0.1913417161825452,0.5,-0.0004203819250825042,0.003636040261944914,0.4760044527766725,False
finer,0.25,2,1.0,0.0,0.5,-0.0044780357058702425,-0.007470107690302763,0.4746091667597119,False
finer,0.25,2,0.9238795325112867,0.3826834323650898,0.5,-0.004953930737151624,-0.017103525689576904,0.4662208515937712,False
finer,0.25,2,0.7071067811865476,0.7071067811865476,0.5,-0.005121235017613061,-0.0242204833631322,0.4584444748981468,False
finer,0.25,2,0.38268343236508984,0.9238795325112867,0.5,-0.00677598633914722,-0.024599311969159,0.45278963356146,False
finer,0.25,2,6.123233995736766e-17,1.0,0.5,-0.005695868170410235,-0.016442368623361014,0.4540134946522696,False
finer,0.25,2,-0.3826834323650897,0.9238795325112867,0.5,7.031669594612313e-05,-0.025105058690072117,0.45870775326073476,False
finer,0.25,2,-0.7071067811865475,0.7071067811865476,0.5,0.0019127462114944941,-0.020241028128808902,0.4665295810322615,False
finer,0.25,2,-0.9238795325112867,0.3826834323650899,0.5,0.004417737998169965,-0.006315628187156939,0.47100411916164264,False
finer,0.25,2,-1.0,1.2246467991473532e-16,0.5,0.007485135718021451,0.0042955285124888195,0.4694410428458067,False
finer,0.25,2,-0.9238795325112868,-0.38268343236508967,0.5,0.007133230015675682,0.013603234089834236,0.4668266522524664,False
finer,0.25,2,-0.7071067811865477,-0.7071067811865475,0.5,0.0043289232950775225,0.026829572369108153,0.45980296423481404,False
finer,0.25,2,-0.38268343236509034,-0.9238795325112865,0.5,0.004584263417243519,0.02508857017310345,0.45419486144552745,False
finer,0.25,2,-1.8369701987210297e-16,-1.0,0.5,0.0029178000204381775,0.025237697293638783,0.4549595900077761,False
finer,0.25,2,0.38268343236509,-0.9238795325112866,0.5,0.002500480284636918,0.02717337394401361,0.4599497260149784,False
finer,0.25,2,0.7071067811865474,-0.7071067811865477,0.5,-0.0002867679705504977,0.024066143818480427,0.4681973046663639,False
finer,0.25,2,0.9238795325112865,-0.3826834323650904,0.5,-0.0024603990008997246,0.010384111585481387,0.4761216023482433,False
finer,0.25,2,1.5,0.0,0.5,-0.009645391255697966,-0.004606185303246413,0.47175027362090294,False
finer,0.25,2,1.38581929876693,0.5740251485476346,0.5,-0.004570825030268515,-0.021840558112729034,0.46202293661322585,False
finer,0.25,2,1.0606601717798214,1.0606601717798214,0.5,-0.0037708970231320384,-0.0245908578273214,0.4521317285755963,False
finer,0.25,2,0.5740251485476348,1.38581929876693,0.5,-0.02055940067741524,0.009511480173455364,0.4558839887369405,False
finer,0.25,2,9.184850993605148e-17,1.5,0.5,0.0004772298791368912,0.013901595853508253,0.4684503143324248,False
finer,0.25,2,-0.5740251485476346,1.38581929876693,0.5,0.01770746562030197,-0.002514425166551841,0.4566359359930782,False
finer,0.25,2,-1.0606601717798212,1.0606601717798214,0.5,0.0006086473939041512,-0.02771664013801872,0.4582543706303307,False
finer,0.25,2,-1.38581929876693,0.5740251485476349,0.5,0.0077416199750551615,-0.014222384593697074,0.46678672260778087,False
finer,0.25,2,-1.5,1.8369701987210297e-16,0.5,0.008602814806794257,0.008258165147228876,0.46502151550358445,False
finer,0.25,2,-1.3858192987669302,-0.5740251485476345,0.5,0.008656766144065705,0.01668060709108105,0.45999735755584936,False
finer,0.25,2,-1.0606601717798214,-1.0606601717798212,0.5,0.0030124429185374177,0.025565669818337702,0.4517751816547852,False
finer,0.25,2,-0.5740251485476355,-1.3858192987669298,0.5,0.005054892637753593,0.007636993894105666,0.4580844581275463,False
finer,0.25,2,-2.755455298081545e-16,-1.5,0.5,0.0004666801341326446,0.004582441948651986,0.4676279937717198,False
finer,0.25,2,0.574025148547635,-1.38581929876693,0.5,0.0021182302566644185,0.009188079489904341,0.4710530286755955,False
finer,0.25,2,1.060660171779821,-1.0606601717798214,0.5,-0.004691239670635121,0.025347549286320964,0.4647024816553721,False
finer,0.25,2,1.3858192987669298,-0.5740251485476355,0.5,-0.010345357467438412,0.019551099272052536,0.47123472637653674,False
finer,0.25,2,2.0,0.0,0.5,-0.010624942156173711,0.0002670462793006312,0.46953705539877744,False
finer,0.25,2,1.8477590650225735,0.7653668647301796,0.5,0.005664810468651268,-0.013323905084245595,0.4666491663850056,False
finer,0.25,2,1.4142135623730951,1.4142135623730951,0.5,0.015265766181248475,0.016926400637216343,0.47950626127691487,False
finer,0.25,2,0.7653668647301797,1.8477590650225735,0.5,-0.00400142808844534,0.018126002192430296,0.484095160015867,False
finer,0.25,2,1.2246467991473532e-16,2.0,0.5,0.0010370960859051803,-0.004053104481357206,0.4869116139263418,False
finer,0.25,2,-0.7653668647301795,1.8477590650225735,0.5,8.175403310785507e-05,0.021855434839832683,0.48951946183053185,False
finer,0.25,2,-1.414213562373095,1.4142135623730951,0.5,-0.01293603593843577,0.004461530505335078,0.4776472309049918,False
finer,0.25,2,-1.8477590650225735,0.7653668647301798,0.5,0.00356609260930769,-0.010821226566796965,0.46526164135213666,False
finer,0.25,2,-2.0,2.4492935982947064e-16,0.5,0.00861081226569627,0.00670579967785145,0.46395156788126674,False
finer,0.25,2,-1.8477590650225737,-0.7653668647301793,0.5,-0.000142339201469988,0.012148473124263807,0.46102463377217934,False
finer,0.25,2,-1.4142135623730954,-1.414213562373095,0.5,-0.01220720204119043,-0.014598991570768913,0.4755700023717488,False
finer,0.25,2,-0.7653668647301807,-1.847759065022573,0.5,-0.006655946316637889,-0.030132263250206546,0.5039058624557963,False
finer,0.25,2,-3.6739403974420594e-16,-2.0,0.5,0.005785442861273131,-0.03396557454455218,0.5270240496631917,False
finer,0.25,2,0.76536686473018,-1.8477590650225733,0.5,0.010328262682671717,-0.03187567005838176,0.5336416463250957,False
finer,0.25,2,1.4142135623730947,-1.4142135623730954,0.5,0.013386134705202613,-0.016067899535284993,0.49739543904723,False
finer,0.25,2,1.847759065022573,-0.7653668647301808,0.5,-0.0031805686230336467,0.008888145266733274,0.4699710826318745,False
finer,0.25,2,2.5,0.0,0.5,0.011766713907739534,0.0013945277605287298,0.48821965029465897,False
finer,0.25,2,2.309698831278217,0.9567085809127245,0.5,0.024794991802078753,0.010300176181024063,0.5000580602674559,False
finer,0.25,2,1.7677669529663689,1.7677669529663689,0.5,0.024563018015996946,0.032238434174815846,0.5273611580758532,False
finer,0.25,2,0.9567085809127246,2.309698831278217,0.5,0.014765233834807712,0.02988719989128894,0.5336666234680373,False
finer,0.25,2,1.5308084989341916e-16,2.5,0.5,-0.005144510538233281,0.03472137987672852,0.5376181658823209,False
finer,0.25,2,-0.9567085809127243,2.309698831278217,0.5,-0.013610629846513378,0.039172122841717484,0.5424868102530165,False
finer,0.25,2,-1.7677669529663687,1.7677669529663689,0.5,-0.02419054304042312,0.03214405946349197,0.5241933779336709,False
finer,0.25,2,-2.309698831278217,0.9567085809127247,0.5,-0.017158197569139277,0.012992311143201166,0.48978003686189614,False
finer,0.25,2,-2.5,3.061616997868383e-16,0.5,-0.005068432380938458,0.003042446245546725,0.47566040836559464,False
finer,0.25,2,-2.309698831278217,-0.9567085809127241,0.5,-0.014603258542987467,-0.0046663254494337435,0.485932609935264,False
finer,0.25,2,-1.7677669529663693,-1.7677669529663687,0.5,-0.017065924067720603,-0.030958317991623404,0.5207557114387138,False
finer,0.25,2,-0.9567085809127258,-2.309698831278216,0.5,-0.010283951629185927,-0.03398719253989112,0.5485664961619884,False
finer,0.25,2,-4.592425496802574e-16,-2.5,0.5,0.0032357381111940402,-0.03296315860054322,0.552011585158747,False
finer,0.25,2,0.956708580912725,-2.3096988312782165,0.5,0.015438094311790131,-0.039208928794333416,0.5763714938557772,False
finer,0.25,2,1.7677669529663684,-1.7677669529663693,0.5,0.01699610747975183,-0.035651500393927005,0.5403242540662313,False
finer,0.25,2,2.309698831278216,-0.956708580912726,0.5,0.016451480393286862,-0.010622611767570005,0.4975949229266534,False
finer,0.25,2,3.0,0.0,0.5,0.04505015115066069,0.0072496453106822845,0.542129615969873,False
finer,0.25,2,2.77163859753386,1.1480502970952693,0.5,0.047778642020870475,0.02595463348448034,0.5618653704885428,False
finer,0.25,2,2.121320343559643,2.121320343559643,0.5,0.03252483547473114,0.029354307384289537,0.5808601817584715,False
finer,0.25,2,1.1480502970952695,2.77163859753386,0.5,0.021542373152013485,0.03647899275413025,0.5866209220500731,False
finer,0.25,2,1.8369701987210297e-16,3.0,0.5,-0.003077866686716172,0.045182561257295584,0.5931417204065711,False
finer,0.25,2,-1.1480502970952693,2.77163859753386,0.5,-0.02224700435272825,0.042342891029761645,0.5998628953500734,False
finer,0.25,2,-2.1213203435596424,2.121320343559643,0.5,-0.039340099352258844,0.04909006016782025,0.5889214543404938,False
finer,0.25,2,-2.77163859753386,1.1480502970952697,0.5,-0.036635215337602826,0.028444793812529037,0.5426550993370958,False
finer,0.25,2,-3.0,3.6739403974420594e-16,0.5,-0.030876208180417697,0.001092665808289272,0.5146962367089762,False
finer,0.25,2,-2.7716385975338604,-1.148050297095269,0.5,-0.0325692554035468,-0.021435311461595975,0.5364294666678323,False
finer,0.25,2,-2.121320343559643,-2.1213203435596424,0.5,-0.026452179979673265,-0.04250351862381588,0.5792161141112264,False
finer,0.25,2,-1.148050297095271,-2.7716385975338595,0.5,-0.010935397366058315,-0.03675070550340889,0.5996406227278052,False
finer,0.25,2,-5.51091059616309e-16,-3.0,0.5,0.006673505925158355,-0.03595463420366429,0.578218893810714,False
finer,0.25,2,1.14805029709527,-2.77163859753386,0.5,0.02359672267128153,-0.048848656621756206,0.626067718640845,False
finer,0.25,2,2.121320343559642,-2.121320343559643,0.5,0.019218895142615888,-0.05125113804105579,0.5989511794686104,False
finer,0.25,2,2.7716385975338595,-1.148050297095271,0.5,0.038282118025441,-0.02146410100926173,0.5391654332346472,False
finer,0.25,2,0.5,0.0,1.0,0.0008757904364515845,-0.009509266443894493,0.5485149449637214,False
finer,0.25,2,0.46193976625564337,0.1913417161825449,1.0,-0.0012830292464142547,-0.01594964564126849,0.547110622024687,False
finer,0.25,2,0.3535533905932738,0.3535533905932738,1.0,-0.001865759798516158,-0.0190627912881203,0.5468920084883179,False
finer,0.25,2,0.19134171618254492,0.46193976625564337,1.0,-0.002602168910951378,-0.020408433517677273,0.5469240261808638,False
finer,0.25,2,3.061616997868383e-17,0.5,1.0,-0.005133899302977251,-0.01900837402322653,0.5466808183263359,False
finer,0.25,2,-0.19134171618254486,0.46193976625564337,1.0,-0.00554609179849239,-0.014821281156322369,0.5464742534785383,False
finer,0.25,2,-0.35355339059327373,0.3535533905932738,1.0,-0.0024942348973349036,-0.009407382198347136,0.5457369423176387,False
finer,0.25,2,-0.46193976625564337,0.19134171618254495,1.0,0.0015673006805835131,-0.005044403730899285,0.5449253012723616,False
finer,0.25,2,-0.5,6.123233995736766e-17,1.0,0.004812622709046809,-0.0011579639349403885,0.5456660681090284,False
finer,0.25,2,-0.4619397662556434,-0.19134171618254484,1.0,0.005491752045568584,0.005880866973988119,0.5481803837783688,False
finer,0.25,2,-0.35355339059327384,-0.35355339059327373,1.0,0.004557632027802916,0.014286035209235663,0.5510817166717532,False
finer,0.25,2,-0.19134171618254517,-0.46193976625564326,1.0,0.004079543601913104,0.01919218674104286,0.5534391091619675,False
finer,0.25,2,-9.184850993605148e-17,-0.5,1.0,0.004086442223098619,0.01939325856388585,0.554533560746723,False
finer,0.25,2,0.191341716182545,-0.4619397662556433,1.0,0.004034908848459758,0.016172483776282966,0.55407405229092,False
finer,0.25,2,0.3535533905932737,-0.35355339059327384,1.0,0.004002876397934224,0.010038600454398909,0.5524849767292107,False
finer,0.25,2,0.46193976625564326,-0.1913417161825452,1.0,0.003150867744448003,0.0005357602324979186,0.5505776529871462,False
finer,0.25,2,1.0,0.0,1.0,0.0008245667250426081,-0.015896273596957666,0.5591810342523429,False
finer,0.25,2,0.9238795325112867,0.3826834323650898,1.0,0.0008996646805713872,-0.018011532060273214,0.5590507633411238,False
finer,0.25,2,0.7071067811865476,0.7071067811865476,1.0,0.002074578360351635,-0.01566819681935394,0.5681673928383913,False
finer,0.25,2,0.38268343236508984,0.9238795325112867,1.0,0.0003900684140849382,-0.007401907862441643,0.5765661967719041,False
finer,0.25,2,6.123233995736766e-17,1.0,1.0,-0.005492733771820024,0.0012537837094019908,0.574820473204154,False
finer,0.25,2,-0.3826834323650897,0.9238795325112867,1.0,-0.006444597080810176,-0.015586832727192943,0.5696098993838696,False
finer,0.25,2,-0.7071067811865475,0.7071067811865476,1.0,-0.0034024911462614683,-0.015660404086639067,0.5621932749693412,False
finer,0.25,2,-0.9238795325112867,0.3826834323650899,1.0,0.0007511360647040877,-0.0013759984399247633,0.554799104026944,False
finer,0.25,2,-1.0,1.2246467991473532e-16,1.0,0.006400440305390551,0.005390406844692387,0.551529341189954,False
finer,0.25,2,-0.9238795325112868,-0.38268343236508967,1.0,0.005319577403784977,0.00869195116896109,0.5588251753033908,False
finer,0.25,2,-0.7071067811865477,-0.7071067811865475,1.0,-0.0006907521806143937,0.016890877157849215,0.5729376120466729,False
finer,0.25,2,-0.38268343236509034,-0.9238795325112865,1.0,0.0018655379119777793,0.000304481987266639,0.590974770576124,False
finer,0.25,2,-1.8369701987210297e-16,-1.0,1.0,0.005866610722754737,-0.006802435845106648,0.5991398792929719,False
finer,0.25,2,0.38268343236509,-0.9238795325112866,1.0,0.010198108458051271,0.0008016761755840478,0.5917441313264817,False
finer,0.25,2,0.7071067811865474,-0.7071067811865477,1.0,0.008597924194883136,0.013613504880625352,0.5759069524852213,False
finer,0.25,2,0.9238795325112865,-0.3826834323650904,1.0,0.005027392090729778,0.005968790080394854,0.5658378750918714,False
finer,0.25,2,1.5,0.0,1.0,0.0007930000188416386,-0.008599492957800603,0.5795962035634981,False
finer,0.25,2,1.38581929876693,0.5740251485476346,1.0,0.012779263365155396,-0.008726111738893483,0.5929632768597134,False
finer,0.25,2,1.0606601717798214,1.0606601717798214,1.0,0.020985345576046786,0.03040841388572089,0.6392936655707753,False
finer,0.25,2,0.5740251485476348,1.38581929876693,1.0,0.014496640176275222,0.04955537308587587,0.6567172785215971,False
finer,0.25,2,9.184850993605148e-17,1.5,1.0,0.0010549794140981522,0.04863172550900563,0.6228190990792974,False
finer,0.25,2,-0.5740251485476346,1.38581929876693,1.0,-0.019105584547448408,0.05442334686809709,0.6533243779772144,False
finer,0.25,2,-1.0606601717798212,1.0606601717798214,1.0,-0.01459949126825559,0.014540342165056874,0.6140270523357054,False
finer,0.25,2,-1.38581929876693,0.5740251485476349,1.0,-0.0018399861360643291,-0.006101506577906143,0.5780561909590216,False
finer,0.25,2,-1.5,1.8369701987210297e-16,1.0,-0.0020985938059050477,0.01253333445843996,0.570472881575153,False
finer,0.25,2,-1.3858192987669302,-0.5740251485476345,1.0,-0.0018983112690120877,0.00047756745388445555,0.5881418287210505,False
finer,0.25,2,-1.0606601717798214,-1.0606601717798212,1.0,-0.015730627584258392,-0.034226281675029925,0.6461138661920607,False
finer,0.25,2,-0.5740251485476355,-1.3858192987669298,1.0,-0.010304636682324095,-0.07403237896549145,0.6901727251891575,False
finer,0.25,2,-2.755455298081545e-16,-1.5,1.0,0.016539119013534876,-0.1061680201564945,0.720241646158942,False
finer,0.25,2,0.574025148547635,-1.38581929876693,1.0,0.029057359535612916,-0.10421658777886629,0.711575541185292,False
finer,0.25,2,1.060660171779821,-1.0606601717798214,1.0,0.02155449910794804,-0.048814057628440974,0.6537893529376021,False
finer,0.25,2,1.3858192987669298,-0.5740251485476355,1.0,-2.4774666653879578e-05,0.006299255219216103,0.5946854028839904,False
finer,0.25,2,2.0,0.0,1.0,0.024506189759133434,5.3649950545686664e-05,0.6282427259967047,False
finer,0.25,2,1.8477590650225735,0.7653668647301796,1.0,0.04549160070463483,0.03206860627626673,0.6671591326925481,False
finer,0.25,2,1.4142135623730951,1.4142135623730951,1.0,0.042881621401504866,0.08149221144509541,0.7493768225116251,False
finer,0.25,2,0.7653668647301797,1.8477590650225735,1.0,0.04647547399825764,0.07302804128923475,0.7395348989783308,False
finer,0.25,2,1.2246467991473532e-16,2.0,1.0,-0.001587523252177366,0.05888439885164232,0.6861063056451213,False
finer,0.25,2,-0.7653668647301795,1.8477590650225735,1.0,-0.050409592179528985,0.07667044344841704,0.7537375218869284,False
finer,0.25,2,-1.414213562373095,1.4142135623730951,1.0,-0.033216807940357446,0.09072537459956476,0.7207352167785208,False
finer,0.25,2,-1.8477590650225735,0.7653668647301798,1.0,-0.028935199886147386,0.02360286331778775,0.63658927987413,False
finer,0.25,2,-2.0,2.4492935982947064e-16,1.0,-0.018884779226055134,0.0066429665545428875,0.6121246051718484,False
finer,0.25,2,-1.8477590650225737,-0.7653668647301793,1.0,-0.03231220955162467,-0.028421861160219525,0.6523291681153608,False
finer,0.25,2,-1.4142135623730954,-1.414213562373095,1.0,-0.028282387560465794,-0.08490873398093293,0.7483990168514167,False
finer,0.25,2,-0.7653668647301807,-1.847759065022573,1.0,-0.007392394759995742,-0.09861111310067824,0.7987487793252657,False
finer,0.25,2,-3.6739403974420594e-16,-2.0,1.0,0.014657506146099836,-0.08715396426008848,0.8303568950232858,False
finer,0.25,2,0.76536686473018,-1.8477590650225733,1.0,0.03443042781599658,-0.09967328638101808,0.835840976292392,False
finer,0.25,2,1.4142135623730947,-1.4142135623730954,1.0,0.013288429028642837,-0.10833979168637578,0.7716429483326389,False
finer,0.25,2,1.847759065022573,-0.7653668647301808,1.0,0.034461406925936286,-0.0365418282270183,0.668125868777006,False
finer,0.25,2,2.5,0.0,1.0,0.08694317139661312,0.004574489463506914,0.724320370495108,False
finer,0.25,2,2.309698831278217,0.9567085809127245,1.0,0.08235872114707499,0.06244456332034644,0.7578657483928009,False
finer,0.25,2,1.7677669529663689,1.7677669529663689,1.0,0.06484493207305425,0.08045706403309845,0.8170874576717863,False
finer,0.25,2,0.9567085809127246,2.309698831278217,1.0,0.03945913636410122,0.10040257765223488,0.8305213137560579,False
finer,0.25,2,1.5308084989341916e-16,2.5,1.0,-0.0011868632811173837,0.1314910256898294,0.8198238002152287,False
finer,0.25,2,-0.9567085809127243,2.309698831278217,1.0,-0.04557320828265349,0.10469063311586968,0.8327750366668994,False
finer,0.25,2,-1.7677669529663687,1.7677669529663689,1.0,-0.04746754688687599,0.10171330988217375,0.8039643058435417,False
finer,0.25,2,-2.309698831278217,0.9567085809127247,1.0,-0.07099119311655178,0.05915221345104294,0.7275226628553746,False
finer,0.25,2,-2.5,3.061616997868383e-16,1.0,-0.065924253941688,0.0012212713100696773,0.6917770121416124,False
finer,0.25,2,-2.309698831278217,-0.9567085809127241,1.0,-0.06585202427707315,-0.06409481702821335,0.742325211317865,False
finer,0.25,2,-1.7677669529663693,-1.7677669529663687,1.0,-0.0441534648887776,-0.10002689860277138,0.8203213109474516,False
finer,0.25,2,-0.9567085809127258,-2.309698831278216,1.0,-0.019417522650197975,-0.08927980851026004,0.8564825698476716,False
finer,0.25,2,-4.592425496802574e-16,-2.5,1.0,0.011527125440157847,-0.04238763550321246,0.8607524019708119,False
finer,0.25,2,0.956708580912725,-2.3096988312782165,1.0,0.03769942886004946,-0.07112959225482161,0.8880920843838137,False
finer,0.25,2,1.7677669529663684,-1.7677669529663693,1.0,0.022085987225699294,-0.11107456494291179,0.838678139507848,False
finer,0.25,2,2.309698831278216,-0.956708580912726,1.0,0.06688343535980981,-0.05783282293755146,0.7576770584981649,False
finer,0.25,2,3.0,0.0,1.0,0.12710965777679206,0.015829002237953915,0.8226120210167558,False
finer,0.25,2,2.77163859753386,1.1480502970952693,1.0,0.11832463517856602,0.06813645891987528,0.8441218377899895,False
finer,0.25,2,2.121320343559643,2.121320343559643,1.0,0.079425022313587,0.061760989218646416,0.8720859497866373,False
finer,0.25,2,1.1480502970952695,2.77163859753386,1.0,0.04448620988179454,0.09054477383106255,0.8929637359797673,False
finer,0.25,2,1.8369701987210297e-16,3.0,1.0,0.02166630295437331,0.0933198283851411,0.8821341550102826,False
finer,0.25,2,-1.1480502970952693,2.77163859753386,1.0,-0.049266160414879606,0.06268713882296886,0.876471012578477,False
finer,0.25,2,-2.1213203435596424,2.121320343559643,1.0,-0.07685825867528985,0.11021533343196568,0.8658667514515683,False
finer,0.25,2,-2.77163859753386,1.1480502970952697,1.0,-0.10809485317381355,0.0817829013542995,0.8156446464490577,False
finer,0.25,2,-3.0,3.6739403974420594e-16,1.0,-0.10391282839605509,0.0025164260875083777,0.7843443640597751,False
finer,0.25,2,-2.7716385975338604,-1.148050297095269,1.0,-0.09281154458910851,-0.08764498456053657,0.8319897491218019,False
finer,0.25,2,-2.121320343559643,-2.1213203435596424,1.0,-0.05365797885056456,-0.09833336732616554,0.8792481209819443,False
finer,0.25,2,-1.148050297095271,-2.7716385975338595,1.0,-0.021708855390703823,-0.09120280216262679,0.90453802448271,False
finer,0.25,2,-5.51091059616309e-16,-3.0,1.0,0.004310448344770374,-0.061897450629414784,0.87769579949574,False
finer,0.25,2,1.14805029709527,-2.77163859753386,1.0,0.046681050681800486,-0.08457877269434792,0.9178656556121908,False
finer,0.25,2,2.121320343559642,-2.121320343559643,1.0,0.03969220809724234,-0.1257290548120149,0.8930830918379226,False
finer,0.25,2,2.7716385975338595,-1.148050297095271,1.0,0.05755619963462844,-0.04684173322763763,0.8140327159563086,False
finer,0.25,2,0.0,0.0,0.0,1.5808745653367126e-17,-1.1919504163649367e-17,0.455873115189649,True
finer,0.5,0,0.5,0.0,0.0,0.6723444362628603,-0.010159759981788419,0.0,False
finer,0.5,0,0.46193976625564337,0.1913417161825449,0.0,0.6703456904935708,-0.01035756627892528,0.0,False
finer,0.5,0,0.3535533905932738,0.3535533905932738,0.0,0.6675061401485951,-0.009748670770491333,0.0,False
finer,0.5,0,0.19134171618254492,0.46193976625564337,0.0,0.6642714805661376,-0.007980709093339138,8.149042659259693e-17,False
finer,0.5,0,3.061616997868383e-17,0.5,0.0,0.6621974910461527,-0.005180758222682602,-5.551115123125778e-17,False
finer,0.5,0,-0.19134171618254486,0.46193976625564337,0.0,0.6624858622337694,-0.0025048281404161194,-1.6622904682564575e-17,False
finer,0.5,0,-0.35355339059327373,0.3535533905932738,0.0,0.6646532038949993,-0.0009082251833289388,0.0,False
finer,0.5,0,-0.46193976625564337,0.19134171618254495,0.0,0.6673635632977867,-0.0001461165030706607,0.0,False
finer,0.5,0,-0.5,6.123233995736766e-17,0.0,0.6697364943210271,0.00035870697971507315,0.0,False
finer,0.5,0,-0.4619397662556434,-0.19134171618254484,0.0,0.6714885414595382,0.0007041966566507013,0.0,False
finer,0.5,0,-0.35355339059327384,-0.35355339059327373,0.0,0.6726000384273196,0.0005729862155354598,0.0,False
finer,0.5,0,-0.19134171618254517,-0.46193976625564326,0.0,0.6733164880271072,-0.00036507008916009614,0.0,False
finer,0.5,0,-9.184850993605148e-17,-0.5,0.0,0.6739298814505845,-0.002180470284032925,5.551115123125807e-17,False
finer,0.5,0,0.191341716182545,-0.4619397662556433,0.0,0.6744097313303795,-0.004639480466681689,0.0,False
finer,0.5,0,0.3535533905932737,-0.35355339059327384,0.0,0.6744002341665319,-0.007191031193634997,0.0,False
finer,0.5,0,0.46193976625564326,-0.1913417161825452,0.0,0.673690071208522,-0.009137488843848757,0.0,False
finer,0.5,0,1.0,0.0,0.0,0.6793435021306768,-0.013333622910351117,0.0,False
finer,0.5,0,0.9238795325112867,0.3826834323650898,0.0,0.6776551777788333,-0.01197804534316647,1.2184537808333255e-15,False
finer,0.5,0,0.7071067811865476,0.7071067811865476,0.0,0.6729693919220614,-0.012415410376883398,0.0,False
finer,0.5,0,0.38268343236508984,0.9238795325112867,0.0,0.6610186895570886,-0.010136731139312164,0.0,False
finer,0.5,0,6.123233995736766e-17,1.0,0.0,0.6519470496229482,-0.0003624286415912242,5.438524293787564e-32,False
finer,0.5,0,-0.3826834323650897,0.9238795325112867,0.0,0.656850757673992,0.006847903977446827,0.0,False
finer,0.5,0,-0.7071067811865475,0.7071067811865476,0.0,0.6663917144405099,0.0061050155285249895,3.8244159243825504e-16,False
finer,0.5,0,-0.9238795325112867,0.3826834323650899,0.0,0.6731265852683274,0.004429181151501468,0.0,False
finer,0.5,0,-1.0,1.2246467991473532e-16,0.0,0.6775985999706959,0.005259928984030714,0.0,False
finer,0.5,0,-0.9238795325112868,-0.38268343236508967,0.0,0.6801896128331775,0.007623177285459659,0.0,False
finer,0.5,0,-0.7071067811865477,-0.7071067811865475,0.0,0.6807611177777774,0.008950928494176887,0.0,False
finer,0.5,0,-0.38268343236509034,-0.9238795325112865,0.0,0.6797773118862325,0.007617955943911847,0.0,False
finer,0.5,0,-1.8369701987210297e-16,-1.0,0.0,0.6799181204388394,0.0038771357017758656,0.0,False
finer,0.5,0,0.38268343236509,-0.9238795325112866,0.0,0.68223038361723,-0.0026754611366936634,1.0918814105437496e-16,False
finer,0.5,0,0.7071067811865474,-0.7071067811865477,0.0,0.6832237645714715,-0.009998391423355724,0.0,False
finer,0.5,0,0.9238795325112865,-0.3826834323650904,0.0,0.6815512821451234,-0.013773790696130552,0.0,False
finer,0.5,0,1.5,0.0,0.0,0.6920389442289734,-0.015619865460560156,0.0,False
finer,0.5,0,1.38581929876693,0.5740251485476346,0.0,0.6926947148009618,-0.00440808137594758,0.0,False
finer,0.5,0,1.0606601717798214,1.0606601717798214,0.0,0.6938787492811759,-0.005082350717569587,0.0,False
finer,0.5,0,0.5740251485476348,1.38581929876693,0.0,0.6643206833568087,-0.007759977640360934,0.0,False
finer,0.5,0,9.184850993605148e-17,1.5,0.0,0.6363725351175806,0.00795699377721978,8.157786440681346e-32,False
finer,0.5,0,-0.5740251485476346,1.38581929876693,0.0,0.6592943866686212,0.019021744293445383,0.0,False
finer,0.5,0,-1.0606601717798212,1.0606601717798214,0.0,0.681908580086363,0.007452661345863261,1.5393051761593187e-18,False
finer,0.5,0,-1.38581929876693,0.5740251485476349,0.0,0.6881761447011261,0.003953078416284318,0.0,False
finer,0.5,0,-1.5,1.8369701987210297e-16,0.0,0.6939205704488112,0.009773073405646924,0.0,False
finer,0.5,0,-1.3858192987669302,-0.5740251485476345,0.0,0.6980741634685511,0.01905960538899423,0.0,False
finer,0.5,0,-1.0606601717798214,-1.0606601717798212,0.0,0.6982739750545904,0.025648357917722447,0.0,False
finer,0.5,0,-0.5740251485476355,-1.3858192987669298,0.0,0.6917255405485422,0.022316704461311163,-2.835213887695218e-17,False
finer,0.5,0,-2.755455298081545e-16,-1.5,0.0,0.6878726506667562,0.012539939956423113,0.0,False
finer,0.5,0,0.574025148547635,-1.38581929876693,0.0,0.6983562149173067,-0.00409663737300472,0.0,False
finer,0.5,0,1.060660171779821,-1.0606601717798214,0.0,0.7035315680648768,-0.022311314410094894,0.0,False
finer,0.5,0,1.3858192987669298,-0.5740251485476355,0.0,0.6980870240485972,-0.025184607373131794,0.0,False
finer,0.5,0,2.0,0.0,0.0,0.7241108828620231,-0.021008563957078508,0.0,False
finer,0.5,0,1.8477590650225735,0.7653668647301796,0.0,0.7237324643358034,0.020115766775407006,0.0,False
finer,0.5,0,1.4142135623730951,1.4142135623730951,0.0,0.7410712589159508,0.036025729421380756,-4.152498942538947e-16,False
finer,0.5,0,0.7653668647301797,1.8477590650225735,0.0,0.6965320410866573,0.02476192217717603,0.0,False
finer,0.5,0,1.2246467991473532e-16,2.0,0.0,0.6330074614940092,0.007339962273125586,-5.5511151231257716e-17,False
finer,0.5,0,-0.7653668647301795,1.8477590650225735,0.0,0.6877578677285668,-0.001442448567225988,0.0,False
finer,0.5,0,-1.414213562373095,1.4142135623730951,0.0,0.7217900598095432,-0.020532325848656854,0.0,False
finer,0.5,0,-1.8477590650225735,0.7653668647301798,0.0,0.7195197853702467,-0.008900574650272029,0.0,False
finer,0.5,0,-2.0,2.4492935982947064e-16,0.0,0.7274348550641375,0.015260059450762135,0.0,False
finer,0.5,0,-1.8477590650225737,-0.7653668647301793,0.0,0.7342683560506257,0.041097585538304365,0.0,False
finer,0.5,0,-1.4142135623730954,-1.414213562373095,0.0,0.7336536820766536,0.062100903143307386,0.0,False
finer,0.5,0,-0.7653668647301807,-1.847759065022573,0.0,0.7197406783120397,0.044250825335647025,0.0,False
finer,0.5,0,-3.6739403974420594e-16,-2.0,0.0,0.701530901615144,0.008951024602665987,0.0,False
finer,0.5,0,0.76536686473018,-1.8477590650225733,0.0,0.7402444182523765,-0.025805861035961584,0.0,False
finer,0.5,0,1.4142135623730947,-1.4142135623730954,0.0,0.7559440369381593,-0.06893970710799967,0.0,False
finer,0.5,0,1.847759065022573,-0.7653668647301808,0.0,0.7434371761523635,-0.0569591823180635,0.0,False
finer,0.5,0,2.5,0.0,0.0,0.8064144193118761,-0.036079346199420215,0.0,False
finer,0.5,0,2.309698831278217,0.9567085809127245,0.0,0.7867190041439432,0.06629934434429113,0.0,False
finer,0.5,0,1.7677669529663689,1.7677669529663689,0.0,0.7970041203329279,0.10144694157385224,0.0,False
finer,0.5,0,0.9567085809127246,2.309698831278217,0.0,0.7643163273681708,0.0851148174700971,0.0,False
finer,0.5,0,1.5308084989341916e-16,2.5,0.0,0.6702052206135087,-0.0036693906771134094,0.0,False
finer,0.5,0,-0.9567085809127243,2.309698831278217,0.0,0.7437677902043486,-0.06872564365983083,0.0,False
finer,0.5,0,-1.7677669529663687,1.7677669529663689,0.0,0.7750134571593189,-0.07476693695806308,0.0,False
finer,0.5,0,-2.309698831278217,0.9567085809127247,0.0,0.7839724102589142,-0.04124115609047818,0.0,False
finer,0.5,0,-2.5,3.061616997868383e-16,0.0,0.798137596203695,0.021018918923287423,0.0,False
finer,0.5,0,-2.309698831278217,-0.9567085809127241,0.0,0.7978547903955683,0.07500412684751138,0.0,False
finer,0.5,0,-1.7677669529663693,-1.7677669529663687,0.0,0.7808184823567285,0.10309290103291965,0.0,False
finer,0.5,0,-0.9567085809127258,-2.309698831278216,0.0,0.7646012892903163,0.047952294609297924,0.0,False
finer,0.5,0,-4.592425496802574e-16,-2.5,0.0,0.7102181131354678,-0.005684291609126227,-1.627025617018337e-30,False
finer,0.5,0,0.956708580912725,-2.3096988312782165,0.0,0.7950154429509149,-0.029994169198170845,0.0,False
finer,0.5,0,1.7677669529663684,-1.7677669529663693,0.0,0.8216919255928758,-0.11489255477499627,0.0,False
finer,0.5,0,2.309698831278216,-0.956708580912726,0.0,0.8432794312700713,-0.11902650219292532,0.0,False
finer,0.5,0,3.0,0.0,0.0,0.9373736309682279,-0.061128932519196155,0.0,False
finer,0.5,0,2.77163859753386,1.1480502970952693,0.0,0.8783211229141955,0.11686299784464312,0.0,False
finer,0.5,0,2.121320343559643,2.121320343559643,0.0,0.8448708546517071,0.14243442988671465,0.0,False
finer,0.5,0,1.1480502970952695,2.77163859753386,0.0,0.8122930799627747,0.10390707641454129,0.0,False
finer,0.5,0,1.8369701987210297e-16,3.0,0.0,0.7508423701110335,-0.0049094279427420425,-1.6315572881362692e-31,False
finer,0.5,0,-1.1480502970952693,2.77163859753386,0.0,0.7592972757536159,-0.09144514854994829,0.0,False
finer,0.5,0,-2.1213203435596424,2.121320343559643,0.0,0.828867806138573,-0.10582256242015388,0.0,False
finer,0.5,0,-2.77163859753386,1.1480502970952697,0.0,0.8794101044794173,-0.07659147042907853,0.0,False
finer,0.5,0,-3.0,3.6739403974420594e-16,0.0,0.9021690171981973,0.015601146424092572,0.0,False
finer,0.5,0,-2.7716385975338604,-1.148050297095269,0.0,0.8698819619339753,0.10868541076454546,0.0,False
finer,0.5,0,-2.121320343559643,-2.1213203435596424,0.0,0.8341390053546026,0.12629775845492316,0.0,False
finer,0.5,0,-1.148050297095271,-2.7716385975338595,0.0,0.8171124181435108,0.054952284255639916,0.0,False
finer,0.5,0,-5.51091059616309e-16,-3.0,0.0,0.7135534758388576,-0.012518241454150748,1.947500359764373e-30,False
finer,0.5,0,1.14805029709527,-2.77163859753386,0.0,0.8419455634674335,-0.029184913324392124,0.0,False
finer,0.5,0,2.121320343559642,-2.121320343559643,0.0,0.8583199667261102,-0.10684944975383871,0.0,False
finer,0.5,0,2.7716385975338595,-1.148050297095271,0.0,0.9028810673079506,-0.13629289482555956,0.0,False
finer,0.5,0,0.5,0.0,0.2,0.6722350470163176,-0.010262965250339384,-0.00038104028560255194,False
finer,0.5,0,0.46193976625564337,0.1913417161825449,0.2,0.670256594719801,-0.010479468262419344,-0.0005585482650142356,False
finer,0.5,0,0.3535533905932738,0.3535533905932738,0.2,0.6674250867579508,-0.009890707907942083,-0.0006849615778448503,False
finer,0.5,0,0.19134171618254492,0.46193976625564337,0.2,0.6641752111851259,-0.008129961730002815,-0.000707991481024039,False
finer,0.5,0,3.061616997868383e-17,0.5,0.2,0.6620741655537125,-0.0053196672316663035,-0.0005610365297176957,False
finer,0.5,0,-0.19134171618254486,0.46193976625564337,0.2,0.6623422077948329,-0.002632751198871918,-0.00026130118457038927,False
finer,0.5,0,-0.35355339059327373,0.3535533905932738,0.2,0.6644998987347379,-0.001037049803607241,0.00011277596290032251,False
finer,0.5,0,-0.46193976625564337,0.19134171618254495,0.2,0.6672070222055301,-0.00027827568147651663,0.0004891767403326146,False
finer,0.5,0,-0.5,6.123233995736766e-17,0.2,0.66958133285375,0.00023190097629326433,0.0007956680839390273,False
finer,0.5,0,-0.4619397662556434,-0.19134171618254484,0.2,0.6713391036821709,0.0005919997311674081,0.0009677468888982684,False
finer,0.5,0,-0.35355339059327384,-0.35355339059327373,0.2,0.6724601170310663,0.00047654478390511646,0.000982257339579782,False
finer,0.5,0,-0.19134171618254517,-0.46193976625564326,0.2,0.6731875766383613,-0.0004522851358674488,0.000868495217613167,False
finer,0.5,0,-9.184850993605148e-17,-0.5,0.2,0.6738085761624977,-0.0022657567038807326,0.0006702969832395047,False
finer,0.5,0,0.191341716182545,-0.4619397662556433,0.2,0.6742882849735488,-0.00472616685336403,0.0004139966818431027,False
finer,0.5,0,0.3535533905932737,-0.35355339059327384,0.2,0.6742738709676246,-0.007279505262102785,0.00012526465227302765,False
finer,0.5,0,0.46193976625564326,-0.1913417161825452,0.2,0.6735654551532261,-0.00922990743886762,-0.00015264965953496297,False
finer,0.5,0,1.0,0.0,0.2,0.6791554422794304,-0.01335070272473704,-0.0010739898341004307,False
finer,0.5,0,0.9238795325112867,0.3826834323650898,0.2,0.6775773932103412,-0.012034161023200754,-0.0011082203277593598,False
finer,0.5,0,0.7071067811865476,0.7071067811865476,0.2,0.6729632320706942,-0.012557550108529129,-0.0013515580486236048,False
finer,0.5,0,0.38268343236508984,0.9238795325112867,0.2,0.6609210463224467,-0.010311318175487739,-0.0016054557052197808,False
finer,0.5,0,6.123233995736766e-17,1.0,0.2,0.6517157443137976,-0.0003948566904363865,-0.00105612747667998,False
finer,0.5,0,-0.3826834323650897,0.9238795325112867,0.2,0.6566470871682584,0.006886221438009965,-0.0002323055465566689,False
finer,0.5,0,-0.7071067811865475,0.7071067811865476,0.2,0.666217477314748,0.006055944357146403,0.0003660978711253355,False
finer,0.5,0,-0.9238795325112867,0.3826834323650899,0.2,0.6729499838459554,0.004318058147177983,0.0010229991972904207,False
finer,0.5,0,-1.0,1.2246467991473532e-16,0.2,0.6774328166705051,0.005147972054741422,0.0015964490902518947,False
finer,0.5,0,-0.9238795325112868,-0.38268343236508967,0.2,0.6800440877522076,0.007559913661035334,0.0018277435632747085,False
finer,0.5,0,-0.7071067811865477,-0.7071067811865475,0.2,0.6806401852633486,0.008941474651421972,0.001659820750468203,False
finer,0.5,0,-0.38268343236509034,-0.9238795325112865,0.2,0.6796737177893908,0.00762432956518891,0.0013103530456541061,False
finer,0.5,0,-1.8369701987210297e-16,-1.0,0.2,0.6798147102777019,0.0038620523350581435,0.0009395814615097977,False
finer,0.5,0,0.38268343236509,-0.9238795325112866,0.2,0.6820850216200429,-0.0027239138448416477,0.00047154544398725324,False
finer,0.5,0,0.7071067811865474,-0.7071067811865477,0.2,0.6830065734304871,-0.010048305528943303,-0.00021088782403634915,False
finer,0.5,0,0.9238795325112865,-0.3826834323650904,0.2,0.6813060698694694,-0.013798406200761504,-0.0008338288155326139,False
finer,0.5,0,1.5,0.0,0.2,0.691823053974479,-0.015495868384004297,-0.0021361541917855223,False
finer,0.5,0,1.38581929876693,0.5740251485476346,0.2,0.6927125150384355,-0.00426183822195568,-0.0012326642176463864,False
finer,0.5,0,1.0606601717798214,1.0606601717798214,0.2,0.6941518669787217,-0.005072018922991115,-0.0012768641030664022,False
finer,0.5,0,0.5740251485476348,1.38581929876693,0.2,0.6642879216814326,-0.007894476623920475,-0.0025512377986310728,False
finer,0.5,0,9.184850993605148e-17,1.5,0.2,0.6358746939865572,0.008099430893787831,-0.0007254885403967797,False
finer,0.5,0,-0.5740251485476346,1.38581929876693,0.2,0.6591917335207697,0.019293369076824912,0.0008919140847159009,False
finer,0.5,0,-1.0606601717798212,1.0606601717798214,0.2,0.6819004032527937,0.00737227765643415,0.000621570426891494,False
finer,0.5,0,-1.38581929876693,0.5740251485476349,0.2,0.6880641180644068,0.003808245903329749,0.0014943783597213228,False
finer,0.5,0,-1.5,1.8369701987210297e-16,0.2,0.6938249968208635,0.009697834562221173,0.0022766153577315155,False
finer,0.5,0,-1.3858192987669302,-0.5740251485476345,0.2,0.6980566533904414,0.019141876104151,0.0022615637623547933,False
finer,0.5,0,-1.0606601717798214,-1.0606601717798212,0.2,0.6983219993564652,0.025910808281333717,0.0014818318331711218,False
finer,0.5,0,-0.5740251485476355,-1.3858192987669298,0.2,0.6917672540489515,0.022601908132152734,0.0008242820807238989,False
finer,0.5,0,-2.755455298081545e-16,-1.5,0.2,0.6878910170356988,0.012626801075095262,0.0007479546774871615,False
finer,0.5,0,0.574025148547635,-1.38581929876693,0.2,0.6982976864451055,-0.0042724489651680495,0.0006211950024800314,False
finer,0.5,0,1.060660171779821,-1.0606601717798214,0.2,0.7033106502527539,-0.022520593920708303,-0.0007190161384497485,False
finer,0.5,0,1.3858192987669298,-0.5740251485476355,0.2,0.6977758772001996,-0.025204148334987322,-0.002168048514828329,False
finer,0.5,0,2.0,0.0,0.2,0.7243405029790426,-0.020755007265159976,-0.0023800636371497323,False
finer,0.5,0,1.8477590650225735,0.7653668647301796,0.2,0.7242311429257615,0.02073562961177187,0.0004538841239179164,False
finer,0.5,0,1.4142135623730951,1.4142135623730951,0.2,0.741986310558534,0.03671473997051902,0.0019016933772691446,False
finer,0.5,0,0.7653668647301797,1.8477590650225735,0.2,0.6970638568623633,0.025182862414470552,-0.0016696455858286614,False
finer,0.5,0,1.2246467991473532e-16,2.0,0.2,0.6324882161717122,0.007417119231638988,-8.626770459490069e-05,False
finer,0.5,0,-0.7653668647301795,1.8477590650225735,0.2,0.6883036659449785,-0.0016955150962058873,0.0009835260782369358,False
finer,0.5,0,-1.414213562373095,1.4142135623730951,0.2,0.722367211212549,-0.021263085588849394,-0.0015052112104876547,False
finer,0.5,0,-1.8477590650225735,0.7653668647301798,0.2,0.7197828979359423,-0.009338826528999082,0.0008084747356667208,False
finer,0.5,0,-2.0,2.4492935982947064e-16,0.2,0.7276932147721034,0.015267111051548092,0.002026270350413739,False
finer,0.5,0,-1.8477590650225737,-0.7653668647301793,0.2,0.7347049599550999,0.041546930977058506,0.0009452772790293659,False
finer,0.5,0,-1.4142135623730954,-1.414213562373095,0.2,0.734142609075909,0.06295777704857565,-0.0013947420715200878,False
finer,0.5,0,-0.7653668647301807,-1.847759065022573,0.2,0.720145558504691,0.044880871897964095,-0.0018803425935226457,False
finer,0.5,0,-3.6739403974420594e-16,-2.0,0.2,0.7019273189866804,0.008918757645612863,0.0005020203200814962,False
finer,0.5,0,0.76536686473018,-1.8477590650225733,0.2,0.7406999957726049,-0.0265450771759223,0.0030777199539293305,False
finer,0.5,0,1.4142135623730947,-1.4142135623730954,0.2,0.7562893757448539,-0.07002554207433262,0.0014438004602917798,False
finer,0.5,0,1.847759065022573,-0.7653668647301808,0.2,0.7436665344340287,-0.057369255802204755,-0.0023787679759344213,False
finer,0.5,0,2.5,0.0,0.2,0.8080834466373847,-0.03580338085545627,0.002030347968010915,False
finer,0.5,0,2.309698831278217,0.9567085809127245,0.2,0.7882584153897444,0.06753395402837191,0.006896076771745813,False
finer,0.5,0,1.7677669529663689,1.7677669529663689,0.2,0.7982539584542943,0.1024180633661185,0.00923242417496086,False
finer,0.5,0,0.9567085809127246,2.309698831278217,0.2,0.7654943353797031,0.0859584453090345,0.003383246397433634,False
finer,0.5,0,1.5308084989341916e-16,2.5,0.2,0.6702260120143152,-0.003761958574106333,-0.0001252456881017882,False
finer,0.5,0,-0.9567085809127243,2.309698831278217,0.2,0.7450371779290527,-0.06959380665168736,-0.0039758473627095475,False
finer,0.5,0,-1.7677669529663687,1.7677669529663689,0.2,0.7761325195951837,-0.07611042861957878,-0.008654974904789402,False
finer,0.5,0,-2.309698831278217,0.9567085809127247,0.2,0.7852020637492052,-0.042340814585548774,-0.0039474967020266425,False
finer,0.5,0,-2.5,3.061616997868383e-16,0.2,0.799409290663235,0.021121513625029193,-0.0015522927812391177,False
finer,0.5,0,-2.309698831278217,-0.9567085809127241,0.2,0.7990830476197072,0.07589574040518225,-0.0041975884100866135,False
finer,0.5,0,-1.7677669529663693,-1.7677669529663687,0.2,0.7816384194511522,0.10408573787784561,-0.007336146343509053,False
finer,0.5,0,-0.9567085809127258,-2.309698831278216,0.2,0.7652550956176354,0.048302569297938816,-0.005321911306940879,False
finer,0.5,0,-4.592425496802574e-16,-2.5,0.2,0.7109093816400092,-0.005806400607566661,0.0009874350971490887,False
finer,0.5,0,0.956708580912725,-2.3096988312782165,0.2,0.7958175410661023,-0.030609247167141,0.007728031759741207,False
finer,0.5,0,1.7677669529663684,-1.7677669529663693,0.2,0.8224243138748284,-0.11615650203710912,0.00828677472607776,False
finer,0.5,0,2.309698831278216,-0.956708580912726,0.2,0.8448961606272638,-0.12021690615510369,0.0034240162602154137,False
finer,0.5,0,3.0,0.0,0.2,0.9402795476838031,-0.06081680675534642,0.014201753450392119,False
finer,0.5,0,2.77163859753386,1.1480502970952693,0.2,0.8806381051997914,0.11802889916678717,0.018554076430060462,False
finer,0.5,0,2.121320343559643,2.121320343559643,0.2,0.8460775106042351,0.14285736911709912,0.01606930386768409,False
finer,0.5,0,1.1480502970952695,2.77163859753386,0.2,0.8133049182711953,0.10425722657817924,0.008377985425799699,False
finer,0.5,0,1.8369701987210297e-16,3.0,0.2,0.7514139066269823,-0.005010058030610745,-0.0006859492437594528,False
finer,0.5,0,-1.1480502970952693,2.77163859753386,0.2,0.7605011632215636,-0.09175706628811613,-0.00917712872343828,False
finer,0.5,0,-2.1213203435596424,2.121320343559643,0.2,0.8301254285101468,-0.10687393865336242,-0.01723157527773414,False
finer,0.5,0,-2.77163859753386,1.1480502970952697,0.2,0.8814763171894346,-0.07799809443077525,-0.014373723380006212,False
finer,0.5,0,-3.0,3.6739403974420594e-16,0.2,0.9044518585515455,0.015661123751593176,-0.010869119155130136,False
finer,0.5,0,-2.7716385975338604,-1.148050297095269,0.2,0.8716326112504101,0.10958079416459394,-0.013115497570000358,False
finer,0.5,0,-2.121320343559643,-2.1213203435596424,0.2,0.8350565528870951,0.12689556647808978,-0.013297644929771455,False
finer,0.5,0,-1.148050297095271,-2.7716385975338595,0.2,0.8178322680693767,0.055083235427024466,-0.0076768537582760175,False
finer,0.5,0,-5.51091059616309e-16,-3.0,0.2,0.7143728023401398,-0.012572679149163048,0.0014498313798801798,False
finer,0.5,0,1.14805029709527,-2.77163859753386,0.2,0.8427654012190444,-0.029681782197016816,0.01176588345837124,False
finer,0.5,0,2.121320343559642,-2.121320343559643,0.2,0.859016890663946,-0.10753950331751663,0.014090697983785374,False
finer,0.5,0,2.7716385975338595,-1.148050297095271,0.2,0.9046155101159267,-0.13712408748074448,0.014003285117487427,False
finer,0.5,0,0.5,0.0,0.5,0.6717679548341566,-0.010793210266922593,-0.0005481629005439359,False
finer,0.5,0,0.46193976625564337,0.1913417161825449,0.5,0.669895627557324,-0.011096210192227163,-0.0010022383483232545,False
finer,0.5,0,0.3535533905932738,0.3535533905932738,0.5,0.6671077962230392,-0.010605887892932975,-0.0013792574930970372,False
finer,0.5,0,0.19134171618254492,0.46193976625564337,0.5,0.6637803512469092,-0.00888691452765178,-0.0015545669316471523,False
finer,0.5,0,3.061616997868383e-17,0.5,0.5,0.6615360393810705,-0.006036181574890388,-0.0013469076738693575,False
finer,0.5,0,-0.19134171618254486,0.46193976625564337,0.5,0.6616916084137702,-0.0033056692346663742,-0.0007556433907105189,False
finer,0.5,0,-0.35355339059327373,0.3535533905932738,0.5,0.6637924524375992,-0.0017200742372115584,6.203741748389612e-05,False
finer,0.5,0,-0.46193976625564337,0.19134171618254495,0.5,0.6664794441183114,-0.000974256334082573,0.0009354421787209406,False
finer,0.5,0,-0.5,6.123233995736766e-17,0.5,0.6688599609309662,-0.0004259043833569899,0.0016765487815755262,False
finer,0.5,0,-0.4619397662556434,-0.19134171618254484,0.5,0.6706474582013427,2.090201404622116e-05,0.0021191321482255778,False
finer,0.5,0,-0.35355339059327384,-0.35355339059327373,0.5,0.6718189489877704,-7.394260304953527e-06,0.002209945638837356,False
finer,0.5,0,-0.19134171618254517,-0.46193976625564326,0.5,0.6726065440478446,-0.000891455691537082,0.0020276786616219137,False
finer,0.5,0,-9.184850993605148e-17,-0.5,0.5,0.6732716718090318,-0.0027038283968021373,0.0016732644716837,False
finer,0.5,0,0.191341716182545,-0.4619397662556433,0.5,0.6737552673455227,-0.00517997810678713,0.0011851731976190221,False
finer,0.5,0,0.3535533905932737,-0.35355339059327384,0.5,0.6737178794288494,-0.007745658349931596,0.0005940654406604384,False
finer,0.5,0,0.46193976625564326,-0.1913417161825452,0.5,0.673019177007655,-0.009712967391747838,-1.4145562937062363e-05,False
finer,0.5,0,1.0,0.0,0.5,0.6783137624999149,-0.013432063309604558,-0.0017989297110823088,False
finer,0.5,0,0.9238795325112867,0.3826834323650898,0.5,0.6773109154092,-0.012272241086457249,-0.0018759103351092923,False
finer,0.5,0,0.7071067811865476,0.7071067811865476,0.5,0.6730775524729892,-0.01320222970813972,-0.0025294470503455643,False
finer,0.5,0,0.38268343236508984,0.9238795325112867,0.5,0.6605804691023858,-0.011136446214975981,-0.003406655448771332,False
finer,0.5,0,6.123233995736766e-17,1.0,0.5,0.6506779939763745,-0.0005425217627302044,-0.002525647526905761,False
finer,0.5,0,-0.3826834323650897,0.9238795325112867,0.5,0.6557279012928783,0.0070435610431788444,-0.0009421832291262058,False
finer,0.5,0,-0.7071067811865475,0.7071067811865476,0.5,0.665428314400462,0.005742761353116119,0.000308055791045101,False
finer,0.5,0,-0.9238795325112867,0.3826834323650899,0.5,0.67215131111035,0.0037083383023090227,0.0018560487250994322,False
finer,0.5,0,-1.0,1.2246467991473532e-16,0.5,0.6766987554598423,0.004569923278808118,0.003248802272768358,False
finer,0.5,0,-0.9238795325112868,-0.38268343236508967,0.5,0.6794162457164397,0.00727394849726385,0.003828421584598752,False
finer,0.5,0,-0.7071067811865477,-0.7071067811865475,0.5,0.6801389438333858,0.00895599629632925,0.00348860582353603,False
finer,0.5,0,-0.38268343236509034,-0.9238795325112865,0.5,0.6792657526405794,0.007702303115366313,0.002856354040391075,False
finer,0.5,0,-1.8369701987210297e-16,-1.0,0.5,0.6794133465570211,0.0037794650216393137,0.002332279065464793,False
finer,0.5,0,0.38268343236509,-0.9238795325112866,0.5,0.6814684225983165,-0.0030189344083137414,0.0015794422495729375,False
finer,0.5,0,0.7071067811865474,-0.7071067811865477,0.5,0.6820139988076287,-0.010355834051695675,0.00016254625569257878,False
finer,0.5,0,0.9238795325112865,-0.3826834323650904,0.5,0.6801658897430176,-0.013954164328375367,-0.0012506722826437682,False
finer,0.5,0,1.5,0.0,0.5,0.6909482404932961,-0.014840547040856578,-0.0036979659644309493,False
finer,0.5,0,1.38581929876693,0.5740251485476346,0.5,0.693044810663288,-0.0033752807485563745,-0.0013697540830972937,False
finer,0.5,0,1.0606601717798214,1.0606601717798214,0.5,0.6957988398639724,-0.0047636825051125785,-0.0013368084907682634,False
finer,0.5,0,0.5740251485476348,1.38581929876693,0.5,0.6644254044654165,-0.008367168037143052,-0.004839325554607398,False
finer,0.5,0,9.184850993605148e-17,1.5,0.5,0.6335872048206789,0.008846481645517405,-0.0016247704204983568,False
finer,0.5,0,-0.5740251485476346,1.38581929876693,0.5,0.658909698720836,0.020520910189720853,0.00119045936060072,False
finer,0.5,0,-1.0606601717798212,1.0606601717798214,0.5,0.6820408886137352,0.006778505927048108,0.00021305913813985064,False
finer,0.5,0,-1.38581929876693,0.5740251485476349,0.5,0.6876901012270779,0.0029814224479797176,0.002354451757113827,False
finer,0.5,0,-1.5,1.8369701987210297e-16,0.5,0.693557648421911,0.009320585770421271,0.00423174737421661,False
finer,0.5,0,-1.3858192987669302,-0.5740251485476345,0.5,0.6982010531711571,0.019677947926822988,0.004127518290316901,False
finer,0.5,0,-1.0606601717798214,-1.0606601717798212,0.5,0.698795846767539,0.02744029824094393,0.0022324591792257952,False
finer,0.5,0,-0.5740251485476355,-1.3858192987669298,0.5,0.6922127714876154,0.02418884791920553,0.001090690989665037,False
finer,0.5,0,-2.755455298081545e-16,-1.5,0.5,0.6882265818378417,0.01301606908873091,0.001960424758337519,False
finer,0.5,0,0.574025148547635,-1.38581929876693,0.5,0.6982229732549207,-0.005368261776026529,0.002611983074876084,False
finer,0.5,0,1.060660171779821,-1.0606601717798214,0.5,0.7023900261638318,-0.0237789946417371,-0.00030674800454435054,False
finer,0.5,0,1.3858192987669298,-0.5740251485476355,0.5,0.6963973299769717,-0.02539560161608264,-0.003813575054247638,False
finer,0.5,0,2.0,0.0,0.5,0.72607183625734,-0.019425810374324115,-0.002758944024126464,False
finer,0.5,0,1.8477590650225735,0.7653668647301796,0.5,0.7272999710928034,0.02419412743774107,0.00442507758907015,False
finer,0.5,0,1.4142135623730951,1.4142135623730951,0.5,0.747023942149575,0.04064145252103246,0.008285827619832629,False
finer,0.5,0,0.7653668647301797,1.8477590650225735,0.5,0.7002817261115628,0.027644239003635013,-0.0009750034950455019,False
finer,0.5,0,1.2246467991473532e-16,2.0,0.5,0.6303180844933522,0.007798032997709901,-9.360726602991686e-05,False
finer,0.5,0,-0.7653668647301795,1.8477590650225735,0.5,0.6915345796928022,-0.0033899449420006565,-0.0002748244267793504,False
finer,0.5,0,-1.414213562373095,1.4142135623730951,0.5,0.7256452602305538,-0.02538391845558134,-0.006519067611938818,False
finer,0.5,0,-1.8477590650225735,0.7653668647301798,0.5,0.721564407389239,-0.011794652362039828,-0.0006788532871510187,False
finer,0.5,0,-2.0,2.4492935982947064e-16,0.5,0.7294584991310735,0.015325542509298622,0.002304891371114337,False
finer,0.5,0,-1.8477590650225737,-0.7653668647301793,0.5,0.7373796874752554,0.04408913730926203,-0.0006025901441822324,False
finer,0.5,0,-1.4142135623730954,-1.414213562373095,0.5,0.7370039304626917,0.06759769903752229,-0.0063017569264235095,False
finer,0.5,0,-0.7653668647301807,-1.847759065022573,0.5,0.7225383930646084,0.04815721262997723,-0.006328630882625412,False
finer,0.5,0,-3.6739403974420594e-16,-2.0,0.5,0.7043662375332025,0.008676914337476568,0.0017267408362376343,False
finer,0.5,0,0.76536686473018,-1.8477590650225733,0.5,0.7432993954797882,-0.030537359684035356,0.009928980344068363,False
finer,0.5,0,1.4142135623730947,-1.4142135623730954,0.5,0.7583959025241014,-0.07587068015080682,0.006581988487090292,False
finer,0.5,0,1.847759065022573,-0.7653668647301808,0.5,0.7453358809777353,-0.059706673117124645,-0.002752947687559284,False
finer,0.5,0,2.5,0.0,0.5,0.8175152882846533,-0.0343179359131458,0.011025043753399189,False
finer,0.5,0,2.309698831278217,0.9567085809127245,0.5,0.7968605131159937,0.07410733335760628,0.022920397138041053,False
finer,0.5,0,1.7677669529663689,1.7677669529663689,0.5,0.8049160421790087,0.10739096871221732,0.027540678076217698,False
finer,0.5,0,0.9567085809127246,2.309698831278217,0.5,0.7717506169048416,0.09019130619798588,0.012366968911436316,False
finer,0.5,0,1.5308084989341916e-16,2.5,0.5,0.6709578284782851,-0.0041729080723416,-0.00013886798444215273,False
finer,0.5,0,-0.9567085809127243,2.309698831278217,0.5,0.7517261329516554,-0.07393738006573762,-0.0135747624343104,False
finer,0.5,0,-1.7677669529663687,1.7677669529663689,0.5,0.7821697607765635,-0.08309878245329325,-0.02555048222609363,False
finer,0.5,0,-2.309698831278217,0.9567085809127247,0.5,0.7921772883279471,-0.04827234829235378,-0.014803891153184416,False
finer,0.5,0,-2.5,3.061616997868383e-16,0.5,0.8066168362501359,0.021635644398568115,-0.008752530000087686,False
finer,0.5,0,-2.309698831278217,-0.9567085809127241,0.5,0.8058834937509584,0.08071760729645878,-0.015358874228963445,False
finer,0.5,0,-1.7677669529663693,-1.7677669529663687,0.5,0.7861777342118859,0.10914786430187214,-0.022053530697908434,False
finer,0.5,0,-0.9567085809127258,-2.309698831278216,0.5,0.7688246971564313,0.050098989402559725,-0.015073700306382774,False
finer,0.5,0,-4.592425496802574e-16,-2.5,0.5,0.7149964795461206,-0.006354178137558865,0.002852325101392374,False
finer,0.5,0,0.956708580912725,-2.3096988312782165,0.5,0.7999755723434736,-0.033826747883586715,0.02172490886781356,False
finer,0.5,0,1.7677669529663684,-1.7677669529663693,0.5,0.8263189423006061,-0.12244366203051844,0.023940041147543133,False
finer,0.5,0,2.309698831278216,-0.956708580912726,0.5,0.8535274111415843,-0.1263293170882383,0.013546695340410822,False
finer,0.5,0,3.0,0.0,0.5,0.9553075705324794,-0.058886098989408,0.0429326066475042,False
finer,0.5,0,2.77163859753386,1.1480502970952693,0.5,0.8928862294745893,0.12383963396905578,0.05336320567402239,False
finer,0.5,0,2.121320343559643,2.121320343559643,0.5,0.8524386891427617,0.14476489371593254,0.04424210845166303,False
finer,0.5,0,1.1480502970952695,2.77163859753386,0.5,0.8185682943572403,0.10584451404420994,0.023835106781969324,False
finer,0.5,0,1.8369701987210297e-16,3.0,0.5,0.7546135157758929,-0.005416095969843074,-0.0010386420730994464,False
finer,0.5,0,-1.1480502970952693,2.77163859753386,0.5,0.7669075450505949,-0.09304777024429065,-0.02532408558272972,False
finer,0.5,0,-2.1213203435596424,2.121320343559643,0.5,0.8367935427500562,-0.11209402278898206,-0.046927761153068674,False
finer,0.5,0,-2.77163859753386,1.1480502970952697,0.5,0.8924647178226547,-0.08527079368920294,-0.04250054465749475,False
finer,0.5,0,-3.0,3.6739403974420594e-16,0.5,0.9165992057754622,0.015901298886653557,-0.03381950091446129,False
finer,0.5,0,-2.7716385975338604,-1.148050297095269,0.5,0.8808604592365279,0.11421502093659869,-0.03865831256299711,False
finer,0.5,0,-2.121320343559643,-2.1213203435596424,0.5,0.8399552957404988,0.12973318458179356,-0.03685789474389677,False
finer,0.5,0,-1.148050297095271,-2.7716385975338595,0.5,0.8215542576448938,0.05572770402765193,-0.020976326748116766,False
finer,0.5,0,-5.51091059616309e-16,-3.0,0.5,0.719250912529201,-0.012771545489737067,0.003630774501780107,False
finer,0.5,0,1.14805029709527,-2.77163859753386,0.5,0.8468774125339996,-0.03229671942884564,0.03175996697685167,False
finer,0.5,0,2.121320343559642,-2.121320343559643,0.5,0.8626935087622347,-0.11096974969354448,0.03780098084552411,False
finer,0.5,0,2.7716385975338595,-1.148050297095271,0.5,0.9133672644449845,-0.14104637204864695,0.03884074437826151,False
finer,0.5,0,0.5,0.0,1.0,0.671652537669654,-0.012530297082275155,0.0021907970230943263,False
finer,0.5,0,0.46193976625564337,0.1913417161825449,1.0,0.670158885737133,-0.012965287109432835,0.001251793880383733,False
finer,0.5,0,0.3535533905932738,0.3535533905932738,1.0,0.6675467189437378,-0.012713795056844678,6.219970631461192e-05,False
finer,0.5,0,0.19134171618254492,0.46193976625564337,1.0,0.6639692814980198,-0.011194077091757257,-0.0011899676436528258,False
finer,0.5,0,3.061616997868383e-17,0.5,1.0,0.6611931804309498,-0.008398664246918932,-0.00205206626177179,False
finer,0.5,0,-0.19134171618254486,0.46193976625564337,1.0,0.6608700560736492,-0.005721234792297492,-0.0021911432685476993,False
finer,0.5,0,-0.35355339059327373,0.3535533905932738,1.0,0.6626894433480991,-0.004257680838078039,-0.0015990868755448534,False
finer,0.5,0,-0.46193976625564337,0.19134171618254495,1.0,0.6652692447126994,-0.0034980274623737694,-0.0005088076450198275,False
finer,0.5,0,-0.5,6.123233995736766e-17,1.0,0.6676651885243681,-0.0026656553573265467,0.0006797145007304547,False
finer,0.5,0,-0.4619397662556434,-0.19134171618254484,1.0,0.6695597953940556,-0.0017572519642148868,0.0016169005220042197,False
finer,0.5,0,-0.35355339059327384,-0.35355339059327373,1.0,0.6709177048066306,-0.0014047357945027037,0.0022405536589738275,False
finer,0.5,0,-0.19134171618254517,-0.46193976625564326,1.0,0.6719434787519394,-0.0021839536732178484,0.0027347546532163923,False
finer,0.5,0,-9.184850993605148e-17,-0.5,1.0,0.6728115061064028,-0.004132551285925558,0.0032049347872621366,False
finer,0.5,0,0.191341716182545,-0.4619397662556433,1.0,0.6733633784137362,-0.006797623530387542,0.0034939691157760307,False
finer,0.5,0,0.3535533905932737,-0.35355339059327384,1.0,0.6732798413461816,-0.009455957539639646,0.0033975820532618503,False
finer,0.5,0,0.46193976625564326,-0.1913417161825452,1.0,0.6726255598979567,-0.011425943771210915,0.0029162207515159794,False
finer,0.5,0,1.0,0.0,1.0,0.6775043924650177,-0.013585094602642123,0.0037380060555154415,False
finer,0.5,0,0.9238795325112867,0.3826834323650898,1.0,0.6785292123852418,-0.012237195221199794,0.0037148138299022706,False
finer,0.5,0,0.7071067811865476,0.7071067811865476,1.0,0.6757111828704654,-0.01393893951541489,0.002128870275201438,False
finer,0.5,0,0.38268343236508984,0.9238795325112867,1.0,0.6619130884350783,-0.012648518752582235,-0.001439124937824293,False
finer,0.5,0,6.123233995736766e-17,1.0,1.0,0.6495707785092095,-0.000721405229619778,-0.00371767469043599,False
finer,0.5,0,-0.3826834323650897,0.9238795325112867,1.0,0.6546660686435941,0.006946625162728886,-0.004567955784313956,False
finer,0.5,0,-0.7071067811865475,0.7071067811865476,1.0,0.6645247299212245,0.0037952542007288564,-0.004283044999074385,False
finer,0.5,0,-0.9238795325112867,0.3826834323650899,1.0,0.671270273699697,0.0011214863054329848,-0.002221798876933476,False
finer,0.5,0,-1.0,1.2246467991473532e-16,1.0,0.6761731868021288,0.002664426121104845,2.503755728433471e-05,False
finer,0.5,0,-0.9238795325112868,-0.38268343236508967,1.0,0.6792919246042755,0.00700119698385405,0.0010769093944748955,False
finer,0.5,0,-0.7071067811865477,-0.7071067811865475,1.0,0.6804332672676445,0.010056029602294084,0.0010892211647888974,False
finer,0.5,0,-0.38268343236509034,-0.9238795325112865,1.0,0.6798956678153526,0.00873227021016311,0.001927123692127913,False
finer,0.5,0,-1.8369701987210297e-16,-1.0,1.0,0.6801049333164411,0.003469663263516696,0.004289156015057582,False
finer,0.5,0,0.38268343236509,-0.9238795325112866,1.0,0.6814477519825357,-0.004712391610257303,0.006281616152189049,False
finer,0.5,0,0.7071067811865474,-0.7071067811865477,1.0,0.6806726166253263,-0.012203274281928564,0.00591646971752176,False
finer,0.5,0,0.9238795325112865,-0.3826834323650904,1.0,0.6782950495129763,-0.0149467527356482,0.0043518673062758525,False
finer,0.5,0,1.5,0.0,1.0,0.6919316149846635,-0.012394679075333315,0.00671680121094731,False
finer,0.5,0,1.38581929876693,0.5740251485476346,1.0,0.6980752764514337,0.0017416691263496685,0.011858220488541382,False
finer,0.5,0,1.0606601717798214,1.0606601717798214,1.0,0.705064922393626,0.00024208519652184422,0.012925556733341665,False
finer,0.5,0,0.5740251485476348,1.38581929876693,1.0,0.6696182507524905,-0.00651838565204236,0.003645820012754157,False
finer,0.5,0,9.184850993605148e-17,1.5,1.0,0.6303798979276519,0.011407945490036207,-0.001598876340998034,False
finer,0.5,0,-0.5740251485476346,1.38581929876693,1.0,0.6617645115540391,0.02174336016132266,-0.006332101650066249,False
finer,0.5,0,-1.0606601717798212,1.0606601717798214,1.0,0.6855336944884197,0.0019870909933711726,-0.010795856522156798,False
finer,0.5,0,-1.38581929876693,0.5740251485476349,1.0,0.6897885926956797,-0.0010983739232839108,-0.007275761426463838,False
finer,0.5,0,-1.5,1.8369701987210297e-16,1.0,0.6963290665232966,0.008275569475086893,-0.004380975725180036,False
finer,0.5,0,-1.3858192987669302,-0.5740251485476345,1.0,0.7024879854610426,0.02332103317483527,-0.005315731020376465,False
finer,0.5,0,-1.0606601717798214,-1.0606601717798212,1.0,0.7039979549223777,0.03532822865279631,-0.008413891162108337,False
finer,0.5,0,-0.5740251485476355,-1.3858192987669298,1.0,0.6973128454704471,0.03119265336157597,-0.006125350533046844,False
finer,0.5,0,-2.755455298081545e-16,-1.5,1.0,0.6930630233975186,0.01344409514741322,0.004355273201636917,False
finer,0.5,0,0.574025148547635,-1.38581929876693,1.0,0.7015717219553815,-0.011858534079114825,0.013705912756986266,False
finer,0.5,0,1.060660171779821,-1.0606601717798214,1.0,0.7029150597788004,-0.030926232401817,0.012079951789023317,False
finer,0.5,0,1.3858192987669298,-0.5740251485476355,1.0,0.6955441675979718,-0.02761040719327573,0.006278944316351256,False
finer,0.5,0,2.0,0.0,1.0,0.74051811141854,-0.014713981695173572,0.022010693056255803,False
finer,0.5,0,1.8477590650225735,0.7653668647301796,1.0,0.7451515086812652,0.03961385159933704,0.03627044497250253,False
finer,0.5,0,1.4142135623730951,1.4142135623730951,1.0,0.7683074009969453,0.05838588461224796,0.043637570249945745,False
finer,0.5,0,0.7653668647301797,1.8477590650225735,1.0,0.7175999442193478,0.03933252827649048,0.02269740806432742,False
finer,0.5,0,1.2246467991473532e-16,2.0,1.0,0.6307479289162415,0.008819086029056044,0.0006222832795669843,False
finer,0.5,0,-0.7653668647301795,1.8477590650225735,1.0,0.7080535633276509,-0.014046162994860958,-0.021708029082560483,False
finer,0.5,0,-1.414213562373095,1.4142135623730951,1.0,0.7411831169250347,-0.0438689433863238,-0.035002566117882446,False
finer,0.5,0,-1.8477590650225735,0.7653668647301798,1.0,0.7342101023252134,-0.023060391628681263,-0.02459480983875946,False
finer,0.5,0,-2.0,2.4492935982947064e-16,1.0,0.7422716539439378,0.015881915580775882,-0.019422602897005703,False
finer,0.5,0,-1.8477590650225737,-0.7653668647301793,1.0,0.7528013835600104,0.05591485434988276,-0.026455834324569036,False
finer,0.5,0,-1.4142135623730954,-1.414213562373095,1.0,0.7514475725416658,0.08566007309318502,-0.03469540307219483,False
finer,0.5,0,-0.7653668647301807,-1.847759065022573,1.0,0.7348909801481684,0.05877786739503497,-0.02405348266388712,False
finer,0.5,0,-3.6739403974420594e-16,-2.0,1.0,0.7179347416284025,0.007011134042017799,0.006359376016966495,False
finer,0.5,0,0.76536686473018,-1.8477590650225733,1.0,0.7554856350324697,-0.04523823089755917,0.03474550181119309,False
finer,0.5,0,1.4142135623730947,-1.4142135623730954,1.0,0.7701852616888162,-0.09820243267439091,0.03670961060852122,False
finer,0.5,0,1.847759065022573,-0.7653668647301808,1.0,0.758604368749588,-0.07101064544314403,0.02224493462973772,False
finer,0.5,0,2.5,0.0,1.0,0.8600983290508051,-0.028632156614149196,0.06887960358662326,False
finer,0.5,0,2.309698831278217,0.9567085809127245,1.0,0.8338837099442902,0.0978505187897028,0.08731391847338077,False
finer,0.5,0,1.7677669529663689,1.7677669529663689,1.0,0.8296155082965473,0.12229987927684771,0.08318431937867242,False
finer,0.5,0,0.9567085809127246,2.309698831278217,1.0,0.7944308816921529,0.10167583784753556,0.04938670380251705,False
finer,0.5,0,1.5308084989341916e-16,2.5,1.0,0.6821317932951312,-0.004577980178112399,0.0009927975035533625,False
finer,0.5,0,-0.9567085809127243,2.309698831278217,1.0,0.7754193931280218,-0.085611830250092,-0.049439790675709416,False
finer,0.5,0,-1.7677669529663687,1.7677669529663689,1.0,0.8056325766781118,-0.10582646023973732,-0.07676358119492913,False
finer,0.5,0,-2.309698831278217,0.9567085809127247,1.0,0.8239717474717361,-0.0710713479619578,-0.06781629366912315,False
finer,0.5,0,-2.5,3.061616997868383e-16,1.0,0.8399216533992977,0.023091545090366563,-0.0571226716658515,False
finer,0.5,0,-2.309698831278217,-0.9567085809127241,1.0,0.8348231490289583,0.09924738397603118,-0.06784029645305746,False
finer,0.5,0,-1.7677669529663693,-1.7677669529663687,1.0,0.8052758748385341,0.12415254627710544,-0.06825194160883048,False
finer,0.5,0,-0.9567085809127258,-2.309698831278216,1.0,0.7835724998988193,0.05550152938166959,-0.04006241031123471,False
finer,0.5,0,-4.592425496802574e-16,-2.5,1.0,0.7351718290429808,-0.007136944719309111,0.0076949257894979575,False
finer,0.5,0,0.956708580912725,-2.3096988312782165,1.0,0.8142520899609482,-0.04427559182380702,0.055381344857228926,False
finer,0.5,0,1.7677669529663684,-1.7677669529663693,1.0,0.8409927139390093,-0.13935083416292082,0.06884592532325738,False
finer,0.5,0,2.309698831278216,-0.956708580912726,1.0,0.8859116853780795,-0.14556682122235315,0.06570660482978374,False
finer,0.5,0,3.0,0.0,1.0,1.004005138582155,-0.048787741257399375,0.13417982135653972,False
finer,0.5,0,2.77163859753386,1.1480502970952693,1.0,0.935243762845879,0.13900258619108377,0.14671208373134675,False
finer,0.5,0,2.121320343559643,2.121320343559643,1.0,0.8748494104968301,0.14702983695101896,0.10921957574306866,False
finer,0.5,0,1.1480502970952695,2.77163859753386,1.0,0.8364973741574657,0.10775401289714738,0.062119688346839425,False
finer,0.5,0,1.8369701987210297e-16,3.0,1.0,0.7690015578903796,-0.005380212426019574,0.0023763523985160322,False
finer,0.5,0,-1.1480502970952693,2.77163859753386,1.0,0.7905786015037461,-0.09343561990640714,-0.06260811528736138,False
finer,0.5,0,-2.1213203435596424,2.121320343559643,1.0,0.8606347959664833,-0.1255284138192469,-0.11256881175926438,False
finer,0.5,0,-2.77163859753386,1.1480502970952697,1.0,0.9317674031706552,-0.1080902159357307,-0.1262870271478774,False
finer,0.5,0,-3.0,3.6739403974420594e-16,1.0,0.9607678398413739,0.01580190832144619,-0.1141945438146692,False
finer,0.5,0,-2.7716385975338604,-1.148050297095269,1.0,0.9134364872980234,0.12865278955476822,-0.11537838407366563,False
finer,0.5,0,-2.121320343559643,-2.1213203435596424,1.0,0.8581477762469919,0.1351895044474545,-0.09273113180342239,False
finer,0.5,0,-1.148050297095271,-2.7716385975338595,1.0,0.8345348059038697,0.057182938759874846,-0.05051624236255067,False
finer,0.5,0,-5.51091059616309e-16,-3.0,1.0,0.7434017004310054,-0.012429659589640747,0.006970895061487974,False
finer,0.5,0,1.14805029709527,-2.77163859753386,1.0,0.8593184592555518,-0.04073640998404555,0.07175637817334034,False
finer,0.5,0,2.121320343559642,-2.121320343559643,1.0,0.8762426641966007,-0.11977889677288742,0.0893476494501582,False
finer,0.5,0,2.7716385975338595,-1.148050297095271,1.0,0.9401113767406111,-0.14904289585893518,0.10410280022077686,False
finer,0.5,0,0.0,0.0,0.0,0.6684624571230654,-0.005166569098877638,0.0,True
finer,0.5,2,0.5,0.0,0.0,2.3638764442784896e-18,-2.810784213556418e-17,0.47269124857283734,False
finer,0.5,2,0.46193976625564337,0.1913417161825449,0.0,1.3434773265892051e-17,2.869752118405888e-18,0.471628264541068,False
finer,0.5,2,0.3535533905932738,0.3535533905932738,0.0,1.0428402123363959e-17,2.1316565854217566e-17,0.4701938298763332,False
finer,0.5,2,0.19134171618254492,0.46193976625564337,0.0,1.06560790756159e-19,3.4759342683929006e-18,0.46923142281956987,False
finer,0.5,2,3.061616997868383e-17,0.5,0.0,2.352975336610602e-17,2.2700713646810114e-17,0.46920162706551793,False
finer,0.5,2,-0.19134171618254486,0.46193976625564337,0.0,-1.1405319844108143e-18,1.2441860460925901e-17,0.4699875734133536,False
finer,0.5,2,-0.35355339059327373,0.3535533905932738,0.0,4.1022202677469585e-18,1.0613401707693577e-17,0.4711606674600725,False
finer,0.5,2,-0.46193976625564337,0.19134171618254495,0.0,3.3813275873455806e-18,8.153762204978934e-18,0.47209547547068975,False
finer,0.5,2,-0.5,6.123233995736766e-17,0.0,1.90046016910223e-17,-3.764201132417636e-18,0.4722783304504095,False
finer,0.5,2,-0.4619397662556434,-0.19134171618254484,0.0,7.324733942782914e-18,-3.3336942791492197e-18,0.4716300297930587,False
finer,0.5,2,-0.35355339059327384,-0.35355339059327373,0.0,-1.4731086512169595e-17,-3.888543301680518e-18,0.47055696183744156,False
finer,0.5,2,-0.19134171618254517,-0.46193976625564326,0.0,-7.674756330948982e-18,-1.0298777274958223e-17,0.46972496538866393,False
finer,0.5,2,-9.184850993605148e-17,-0.5,0.0,7.343995289247398e-18,-9.572288605572106e-19,0.46969354265902985,False
finer,0.5,2,0.191341716182545,-0.4619397662556433,0.0,8.201414648154937e-18,-7.039462023790441e-18,0.47053270892729254,False
finer,0.5,2,0.3535533905932737,-0.35355339059327384,0.0,5.286643644522956e-18,-7.74667208608121e-18,0.47181847531090865,False
finer,0.5,2,0.46193976625564326,-0.1913417161825452,0.0,9.189428037312745e-18,7.601040881670765e-19,0.4727494396404781,False
finer,0.5,2,1.0,0.0,0.0,2.5725127476104235e-17,2.0510985809536192e-18,0.47126237377805946,False
finer,0.5,2,0.9238795325112867,0.3826834323650898,0.0,-2.417426953435576e-17,-5.149478822514942e-18,0.467720395827924,False
finer,0.5,2,0.7071067811865476,0.7071067811865476,0.0,3.21393754201833e-18,-2.39300201852736e-18,0.4628016870886257,False
finer,0.5,2,0.38268343236508984,0.9238795325112867,0.0,4.037019019165942e-18,1.0882770672903225e-17,0.46021748337753127,False
finer,0.5,2,6.123233995736766e-17,1.0,0.0,-2.829918691397309e-17,2.733516717355914e-18,0.460757127211905,False
finer,0.5,2,-0.3826834323650897,0.9238795325112867,0.0,-1.161872795991827e-17,2.364909548366195e-17,0.46294181511746635,False
finer,0.5,2,-0.7071067811865475,0.7071067811865476,0.0,-5.7643352260167576e-18,1.3839655337928425e-17,0.4665194271449494,False
finer,0.5,2,-0.9238795325112867,0.3826834323650899,0.0,1.250389102237422e-17,3.3672295979673558e-18,0.469676210447708,False
finer,0.5,2,-1.0,1.2246467991473532e-16,0.0,-2.3475568451762326e-17,1.2379983734923622e-17,0.47007121482324893,False
finer,0.5,2,-0.9238795325112868,-0.38268343236508967,0.0,-1.429193086614362e-17,3.895655004701387e-18,0.4674605083132488,False
finer,0.5,2,-0.7071067811865477,-0.7071067811865475,0.0,-1.8734972992466588e-17,-1.4027339812865605e-18,0.46332812571970455,False
finer,0.5,2,-0.38268343236509034,-0.9238795325112865,0.0,-1.8854660758049314e-17,-1.1371151930595975e-17,0.45994542436499086,False
finer,0.5,2,-1.8369701987210297e-16,-1.0,0.0,1.0138204074432498e-17,-1.0873934773190802e-17,0.4593474428178693,False
finer,0.5,2,0.38268343236509,-0.9238795325112866,0.0,-5.429032455856478e-19,-1.770161354819122e-17,0.4621690914668462,False
finer,0.5,2,0.7071067811865474,-0.7071067811865477,0.0,9.617499456085244e-18,-5.9348059897166345e-18,0.4670511367132659,False
finer,0.5,2,0.9238795325112865,-0.3826834323650904,0.0,1.3592502805024705e-17,6.871738672595981e-20,0.4709413243799434,False
finer,0.5,2,1.5,0.0,0.0,-1.2265491966287894e-17,-1.51833891847914e-17,0.4687504876895876,False
finer,0.5,2,1.38581929876693,0.5740251485476346,0.0,-3.3488596653094743e-19,1.2367720075866515e-17,0.462840898421065,False
finer,0.5,2,1.0606601717798214,1.0606601717798214,0.0,1.4240106652650475e-18,2.7556615945684232e-17,0.4539059874784813,False
finer,0.5,2,0.5740251485476348,1.38581929876693,0.0,1.2536429582088685e-17,2.214981719884805e-17,0.4518110273744384,False
finer,0.5,2,9.184850993605148e-17,1.5,0.0,1.3166661620942874e-17,9.320242998789214e-18,0.4546956051518093,False
finer,0.5,2,-0.5740251485476346,1.38581929876693,0.0,-1.296140809885526e-18,-8.243847166261222e-18,0.4550161634314114,False
finer,0.5,2,-1.0606601717798212,1.0606601717798214,0.0,-1.5119884716447974e-17,2.790648194899433e-17,0.4598741422676171,False
finer,0.5,2,-1.38581929876693,0.5740251485476349,0.0,-2.1001849330261287e-17,-8.084708680202978e-18,0.46623820431973895,False
finer,0.5,2,-1.5,1.8369701987210297e-16,0.0,1.4948979925344034e-17,8.110845460225444e-18,0.46692854124755206,False
finer,0.5,2,-1.3858192987669302,-0.5740251485476345,0.0,-1.8354272201962732e-17,-5.560271626299387e-18,0.46189857866512907,False
finer,0.5,2,-1.0606601717798214,-1.0606601717798212,0.0,-1.865734374581113e-17,-2.7692764410366787e-17,0.4544761038290559,False
finer,0.5,2,-0.5740251485476355,-1.3858192987669298,0.0,-9.383182687985139e-18,-1.462859248719849e-17,0.4490373343076961,False
finer,0.5,2,-2.755455298081545e-16,-1.5,0.0,8.877311157367319e-18,-2.3574939855842743e-17,0.44796368427211847,False
finer,0.5,2,0.574025148547635,-1.38581929876693,0.0,1.034418989281068e-17,-1.8503103734220964e-17,0.45168618193749266,False
finer,0.5,2,1.060660171779821,-1.0606601717798214,0.0,2.2261179513860816e-17,-2.041891553167149e-17,0.45979865187743024,False
finer,0.5,2,1.3858192987669298,-0.5740251485476355,0.0,1.5067883748966952e-17,-6.926601006003204e-18,0.4672709392780996,False
finer,0.5,2,2.0,0.0,0.0,1.766812928333613e-17,2.5641892849960207e-18,0.4661515316170016,False
finer,0.5,2,1.8477590650225735,0.7653668647301796,0.0,9.079496464512341e-18,-4.3204666502655005e-18,0.4607055645077603,False
finer,0.5,2,1.4142135623730951,1.4142135623730951,0.0,1.6581798735556428e-17,1.4490153583247774e-17,0.45143841830755504,False
finer,0.5,2,0.7653668647301797,1.8477590650225735,0.0,2.1817085024781093e-18,2.732187682672395e-17,0.45247921535938407,False
finer,0.5,2,1.2246467991473532e-16,2.0,0.0,-8.952369623754781e-18,7.177358062191204e-18,0.4574565548534959,False
finer,0.5,2,-0.7653668647301795,1.8477590650225735,0.0,4.897273547641284e-20,4.417922170736604e-18,0.4532895788490542,False
finer,0.5,2,-1.414213562373095,1.4142135623730951,0.0,-2.1012781921736942e-17,6.267220444031653e-18,0.45621299863820186,False
finer,0.5,2,-1.8477590650225735,0.7653668647301798,0.0,-1.671848258312858e-17,2.2394030716996427e-18,0.46390461928160776,False
finer,0.5,2,-2.0,2.4492935982947064e-16,0.0,-8.54833613843443e-18,2.059645264163824e-18,0.4644443203248584,False
finer,0.5,2,-1.8477590650225737,-0.7653668647301793,0.0,-2.813395591400953e-17,-1.1270164531700163e-17,0.4583425618892243,False
finer,0.5,2,-1.4142135623730954,-1.414213562373095,0.0,-4.3687840109408424e-18,-8.08819338915519e-18,0.4518330141481069,False
finer,0.5,2,-0.7653668647301807,-1.847759065022573,0.0,6.889179469544223e-18,-2.3128200739654446e-17,0.4507447968943915,False
finer,0.5,2,-3.6739403974420594e-16,-2.0,0.0,1.0472143285227962e-17,-2.1938533076330288e-18,0.452395744433033,False
finer,0.5,2,0.76536686473018,-1.8477590650225733,0.0,-1.2619522830853427e-17,-9.4430217773708e-18,0.4534278346550625,False
finer,0.5,2,1.4142135623730947,-1.4142135623730954,0.0,5.173601022119979e-18,-2.1803606589341808e-17,0.45683177757543425,False
finer,0.5,2,1.847759065022573,-0.7653668647301808,0.0,1.9201995618720458e-17,-1.0171637610376025e-17,0.4633429863472182,False
finer,0.5,2,2.5,0.0,0.0,-2.6797707009968066e-18,-9.255182500692971e-18,0.46893638418205774,False
finer,0.5,2,2.309698831278217,0.9567085809127245,0.0,1.1246366738510749e-17,9.416737322826561e-18,0.46942110922761365,False
finer,0.5,2,1.7677669529663689,1.7677669529663689,0.0,1.3788337005463703e-17,3.6357322671244584e-17,0.46851778054219273,False
finer,0.5,2,0.9567085809127246,2.309698831278217,0.0,7.05956840673517e-19,8.56066812602404e-18,0.4696895824166022,False
finer,0.5,2,1.5308084989341916e-16,2.5,0.0,-5.4683876272777074e-18,3.7843299179137735e-18,0.4719062000904126,False
finer,0.5,2,-0.9567085809127243,2.309698831278217,0.0,-4.677495153791884e-19,1.1619762297054132e-17,0.4706813854701745,False
finer,0.5,2,-1.7677669529663687,1.7677669529663689,0.0,-1.5171534737293e-17,1.3143454194021777e-17,0.470005473642175,False
finer,0.5,2,-2.309698831278217,0.9567085809127247,0.0,-2.0079524909026817e-17,1.6882662420273505e-17,0.4691827774841939,False
finer,0.5,2,-2.5,3.061616997868383e-16,0.0,-1.905075528069395e-17,9.197309654473606e-18,0.46695193600301155,False
finer,0.5,2,-2.309698831278217,-0.9567085809127241,0.0,-1.5312492718664472e-17,-4.49335973704783e-18,0.46353175541650193,False
finer,0.5,2,-1.7677669529663693,-1.7677669529663687,0.0,-1.5957162855775893e-17,-1.2945918418248179e-17,0.4669235525024513,False
finer,0.5,2,-0.9567085809127258,-2.309698831278216,0.0,1.5461200306465164e-17,3.070341363874648e-18,0.4759160180091086,False
finer,0.5,2,-4.592425496802574e-16,-2.5,0.0,-1.605653520567086e-17,-6.605922183495861e-18,0.4822214791059849,False
finer,0.5,2,0.956708580912725,-2.3096988312782165,0.0,4.3509769772333355e-18,-1.8628880779247475e-17,0.4837238207085011,False
finer,0.5,2,1.7677669529663684,-1.7677669529663693,0.0,4.960471895340616e-18,-3.7929245801521125e-18,0.4738685245785496,False
finer,0.5,2,2.309698831278216,-0.956708580912726,0.0,1.629562232365966e-17,-6.317348964269486e-18,0.4675828898524199,False
finer,0.5,2,3.0,0.0,0.0,1.9317215845027008e-17,-1.3529132992488627e-17,0.4888548890726794,False
finer,0.5,2,2.77163859753386,1.1480502970952693,0.0,2.1551580181551982e-17,7.423021537484716e-18,0.4994859890255786,False
finer,0.5,2,2.121320343559643,2.121320343559643,0.0,6.297427975094829e-18,4.133566678164136e-18,0.5066207574624328,False
finer,0.5,2,1.1480502970952695,2.77163859753386,0.0,1.9242804294841017e-17,1.645081992190033e-17,0.5056495960219108,False
finer,0.5,2,1.8369701987210297e-16,3.0,0.0,-8.99558304156211e-18,3.177785292213955e-17,0.5062036535287847,False
finer,0.5,2,-1.1480502970952693,2.77163859753386,0.0,-4.868930441290237e-18,2.6367886212229595e-17,0.5105730496656035,False
finer,0.5,2,-2.1213203435596424,2.121320343559643,0.0,-3.223270056105e-17,2.3832895207616678e-17,0.5098516748272129,False
finer,0.5,2,-2.77163859753386,1.1480502970952697,0.0,-7.383306679509803e-18,9.231490479030886e-18,0.4930869700655568,False
finer,0.5,2,-3.0,3.6739403974420594e-16,0.0,-6.4375739830052605e-18,-4.836207649402331e-19,0.48288690749478524,False
finer,0.5,2,-2.7716385975338604,-1.148050297095269,0.0,-2.2822419444956748e-17,-1.1723129110725098e-17,0.4852074585055726,False
finer,0.5,2,-2.121320343559643,-2.1213203435596424,0.0,-2.0480503697791807e-18,-3.0678241518961162e-18,0.5016814785059452,False
finer,0.5,2,-1.148050297095271,-2.7716385975338595,0.0,-2.2897987286000502e-17,-2.340209933664271e-17,0.5147891703109454,False
finer,0.5,2,-5.51091059616309e-16,-3.0,0.0,1.0364896688427436e-17,-1.8100501687495975e-17,0.5203098820116405,False
finer,0.5,2,1.14805029709527,-2.77163859753386,0.0,1.0476649560459723e-18,-2.324242437292568e-17,0.5302013279733797,False
finer,0.5,2,2.121320343559642,-2.121320343559643,0.0,8.008988425779373e-18,-7.767851000685593e-18,0.5128877910314339,False
finer,0.5,2,2.7716385975338595,-1.148050297095271,0.0,1.3750713531135854e-17,-9.382134871354283e-18,0.49101118195368715,False
finer,0.5,2,0.5,0.0,0.2,-0.0003544314228972389,-0.0006392559890432638,0.4743319595178554,False
finer,0.5,2,0.46193976625564337,0.1913417161825449,0.2,-0.0004898282109425401,-0.001732375067821701,0.47324762991922786,False
finer,0.5,2,0.3535533905932738,0.3535533905932738,0.2,-0.0005741622105536688,-0.0024730976272114014,0.47180220903287406,False
finer,0.5,2,0.19134171618254492,0.46193976625564337,0.2,-0.0005722329376648131,-0.0027901364650779496,0.47083424314879885,False
finer,0.5,2,3.061616997868383e-17,0.5,0.2,-0.0004376467745455638,-0.00275310603949257,0.4708011089100459,False
finer,0.5,2,-0.19134171618254486,0.46193976625564337,0.2,-0.0001903497967239175,-0.002415258096687202,0.4715855966124253,False
finer,0.5,2,-0.35355339059327373,0.3535533905932738,0.2,0.0001031330153070068,-0.0017671264532423674,0.47275723389281704,False
finer,0.5,2,-0.46193976625564337,0.19134171618254495,0.2,0.0003855724045828172,-0.0008295713969749664,0.47369468755197813,False
finer,0.5,2,-0.5,6.123233995736766e-17,0.2,0.000600316612564944,0.000260893152332908,0.473893782213635,False
finer,0.5,2,-0.4619397662556434,-0.19134171618254484,0.2,0.0007009907104567491,0.0013226181905113114,0.4732810271753233,False
finer,0.5,2,-0.35355339059327384,-0.35355339059327373,0.2,0.0006842435298742372,0.002191069882866195,0.47225475570597375,False
finer,0.5,2,-0.19134171618254517,-0.46193976625564326,0.2,0.0005868199609595404,0.002730890332024072,0.47146277894704947,False
finer,0.5,2,-9.184850993605148e-17,-0.5,0.2,0.00044440015835314214,0.0028515052856802336,0.4714480287121625,False
finer,0.5,2,0.191341716182545,-0.4619397662556433,0.2,0.00026480698193167944,0.0025059947720966072,0.4722768477221857,False
finer,0.5,2,0.3535533905932737,-0.35355339059327384,0.2,5.1218869014131105e-05,0.0017168405241531164,0.4735311052780634,False
finer,0.5,2,0.46193976625564326,-0.1913417161825452,0.2,-0.0001689250559144626,0.0005968455542386822,0.4744234525776925,False
finer,0.5,2,1.0,0.0,0.2,-0.0007550731968827497,-0.0009213504203639645,0.47307902248628236,False
finer,0.5,2,0.9238795325112867,0.3826834323650898,0.2,-0.0007810724586554607,-0.0029879623535559304,0.4695282163104241,False
finer,0.5,2,0.7071067811865476,0.7071067811865476,0.2,-0.0009440660173824298,-0.004004759287470839,0.46464678292791545,False
finer,0.5,2,0.38268343236508984,0.9238795325112867,0.2,-0.001149615339493883,-0.00378692459835528,0.46208930351450844,False
finer,0.5,2,6.123233995736766e-17,1.0,0.2,-0.0007534585501070002,-0.0034303198910845766,0.46262458664680883,False
finer,0.5,2,-0.3826834323650897,0.9238795325112867,0.2,-0.00015442100198755063,-0.0035406662266713536,0.4647829429025412,False
finer,0.5,2,-0.7071067811865475,0.7071067811865476,0.2,0.0002531741477799807,-0.003011394678264415,0.4683158178073802,False
finer,0.5,2,-0.9238795325112867,0.3826834323650899,0.2,0.0007194637518429169,-0.001398058024082825,0.4714208555857092,False
finer,0.5,2,-1.0,1.2246467991473532e-16,0.2,0.0011020837281649374,0.0006302774513434299,0.4718144898553917,False
finer,0.5,2,-0.9238795325112868,-0.38268343236508967,0.2,0.001178972217168605,0.0024983743158864744,0.46930246840142753,False
finer,0.5,2,-0.7071067811865477,-0.7071067811865475,0.2,0.0009770488997011804,0.0039272385962578395,0.4653462787236081,False
finer,0.5,2,-0.38268343236509034,-0.9238795325112865,0.2,0.0007402483918115557,0.004701720248389307,0.46213433095462264,False
finer,0.5,2,-1.8369701987210297e-16,-1.0,0.2,0.0005880536610650911,0.004929858244330676,0.4616082053106012,False
finer,0.5,2,0.38268343236509,-0.9238795325112866,0.2,0.00040157073311149617,0.004650490057781658,0.46436261554915315,False
finer,0.5,2,0.7071067811865474,-0.7071067811865477,0.2,-1.0707439546424866e-05,0.0035260705924658477,0.46909220190057355,False
finer,0.5,2,0.9238795325112865,-0.3826834323650904,0.2,-0.0005089409317149939,0.001493837711362806,0.47283992672154185,False
finer,0.5,2,1.5,0.0,0.2,-0.0011212862609565777,-0.0008000333042508245,0.4708949678000692,False
finer,0.5,2,1.38581929876693,0.5740251485476346,0.2,-0.00042208778087970007,-0.0033755257394335694,0.4650893916368338,False
finer,0.5,2,1.0606601717798214,1.0606601717798214,0.2,-0.00039466024050665964,-0.0037288379750021737,0.4564444630927209,False
finer,0.5,2,0.5740251485476348,1.38581929876693,0.2,-0.001534135120652537,-0.0014561892642463053,0.4545131676087847,False
finer,0.5,2,9.184850993605148e-17,1.5,0.2,-0.0004393575961058497,-0.0006870393276061648,0.457349654398014,False
finer,0.5,2,-0.5740251485476346,1.38581929876693,0.2,0.0005244108445882574,-0.002463222709116057,0.4575557647954721,False
finer,0.5,2,-1.0606601717798212,1.0606601717798214,0.2,9.043364239959028e-05,-0.003566678365761113,0.46219738922360737,False
finer,0.5,2,-1.38581929876693,0.5740251485476349,0.2,0.0007078986587334915,-0.0017682928344948565,0.4683230360097471,False
finer,0.5,2,-1.5,1.8369701987210297e-16,0.2,0.0012366395562585894,0.0008790515444645477,0.4689513033894149,False
finer,0.5,2,-1.3858192987669302,-0.5740251485476345,0.2,0.0010406920246353972,0.0029014890043947577,0.4641531291254343,False
finer,0.5,2,-1.0606601717798214,-1.0606601717798212,0.2,0.00037237115870996436,0.003721756416594378,0.4572402050626767,False
finer,0.5,2,-0.5740251485476355,-1.3858192987669298,0.2,9.543449151756637e-05,0.002995662202661253,0.452387011448064,False
finer,0.5,2,-2.755455298081545e-16,-1.5,0.2,0.0004105898113977433,0.0025839731306371407,0.4515972907468277,False
finer,0.5,2,0.574025148547635,-1.38581929876693,0.2,0.0007723630311815222,0.0035410601795688858,0.45506526961257027,False
finer,0.5,2,1.060660171779821,-1.0606601717798214,0.2,0.0001786391896261984,0.004017088422025167,0.4625612380058125,False
finer,0.5,2,1.3858192987669298,-0.5740251485476355,0.2,-0.0009389565473573562,0.002203067814317059,0.46957870014437153,False
finer,0.5,2,2.0,0.0,0.2,-0.00043370036052357006,-0.0002314165437943272,0.46893478808151556,False
finer,0.5,2,1.8477590650225735,0.7653668647301796,0.2,0.001619574640447708,-0.0018654419002283678,0.46389103465722736,False
finer,0.5,2,1.4142135623730951,1.4142135623730951,0.2,0.0027103792888316003,0.0007318206895036264,0.45564216624865345,False
finer,0.5,2,0.7653668647301797,1.8477590650225735,0.2,-0.00023559884916734457,0.0037956026033187126,0.45693282721146766,False
finer,0.5,2,1.2246467991473532e-16,2.0,0.2,7.515520524758701e-06,0.00330394599164936,0.4615584740016055,False
finer,0.5,2,-0.7653668647301795,1.8477590650225735,0.2,-1.5740110008015747e-05,0.002725014419850062,0.45751328808694797,False
finer,0.5,2,-1.414213562373095,1.4142135623730951,0.2,-0.002236197267374106,-0.0006580922063845736,0.4598552212708686,False
finer,0.5,2,-1.8477590650225735,0.7653668647301798,0.2,-0.0005401752609503436,-0.00107470209394629,0.46670475282939106,False
finer,0.5,2,-2.0,2.4492935982947064e-16,0.2,0.0003162175345327923,0.0009046098295932609,0.46704445582570725,False
finer,0.5,2,-1.8477590650225737,-0.7653668647301793,0.2,-0.0006429846083651362,0.0017269563163518774,0.461459540243479,False
finer,0.5,2,-1.4142135623730954,-1.414213562373095,0.2,-0.002162373260047736,-0.0008533982157693515,0.456222157813541,False
finer,0.5,2,-0.7653668647301807,-1.847759065022573,0.2,-0.0018723755147924763,-0.005523690160365737,0.4565516764050853,False
finer,0.5,2,-3.6739403974420594e-16,-2.0,0.2,0.0004215801068436097,-0.007889385694717622,0.45884705896735534,False
finer,0.5,2,0.76536686473018,-1.8477590650225733,0.2,0.0027597049689885187,-0.006154006257330063,0.45961852892194105,False
finer,0.5,2,1.4142135623730947,-1.4142135623730954,0.2,0.0024374009611063947,-0.0005358779879398231,0.4612775677904396,False
finer,0.5,2,1.847759065022573,-0.7653668647301808,0.2,-5.797633077249912e-05,0.0015288891833796846,0.46645556435094937,False
finer,0.5,2,2.5,0.0,0.2,0.003922000665826042,0.0005265946650952814,0.4730991992944047,False
finer,0.5,2,2.309698831278217,0.9567085809127245,0.2,0.0070522048662035345,0.002581520032881698,0.4744506873168847,False
finer,0.5,2,1.7677669529663689,1.7677669529663689,0.2,0.008174757697604248,0.008763575658152582,0.4753901402004884,False
finer,0.5,2,0.9567085809127246,2.309698831278217,0.2,0.004107051881889495,0.010528479162532915,0.47672664838534606,False
finer,0.5,2,1.5308084989341916e-16,2.5,0.2,-0.00023794691825302874,0.00967820254565095,0.4782133688700518,False
finer,0.5,2,-0.9567085809127243,2.309698831278217,0.2,-0.0044935270345860135,0.011654199734661436,0.4776404797648627,False
finer,0.5,2,-1.7677669529663687,1.7677669529663689,0.2,-0.007781157191245974,0.00814626193238409,0.4762062246264773,False
finer,0.5,2,-2.309698831278217,0.9567085809127247,0.2,-0.004845701501272985,0.002389816740746777,0.47347809457271733,False
finer,0.5,2,-2.5,3.061616997868383e-16,0.2,-0.0032575105853367868,0.0006434118154592387,0.47070262787585704,False
finer,0.5,2,-2.309698831278217,-0.9567085809127241,0.2,-0.004965118020903897,-0.0017118615722576708,0.4682560802918531,False
finer,0.5,2,-1.7677669529663693,-1.7677669529663687,0.2,-0.0062152685885235774,-0.008902390257245598,0.4738513446759791,False
finer,0.5,2,-0.9567085809127258,-2.309698831278216,0.2,-0.0039320217409213945,-0.01351843220657695,0.4844369936373321,False
finer,0.5,2,-4.592425496802574e-16,-2.5,0.2,0.0010177754332286936,-0.014787738060000086,0.4908542143702249,False
finer,0.5,2,0.956708580912725,-2.3096988312782165,0.2,0.005777303203275396,-0.01581177283031088,0.4930169250290419,False
finer,0.5,2,1.7677669529663684,-1.7677669529663693,0.2,0.00684309615935487,-0.010508154608244474,0.481096946350898,False
finer,0.5,2,2.309698831278216,-0.956708580912726,0.2,0.004901958157712415,-0.0024005221026726148,0.4723021078283438,False
finer,0.5,2,3.0,0.0,0.2,0.01313251332098151,0.001359683567491632,0.495345874368674,False
finer,0.5,2,2.77163859753386,1.1480502970952693,0.2,0.015429639253205868,0.008234435342695424,0.5071879912430203,False
finer,0.5,2,2.121320343559643,2.121320343559643,0.2,0.012484436199078304,0.013409809515811355,0.5158292210311016,False
finer,0.5,2,1.1480502970952695,2.77163859753386,0.2,0.007121825761003301,0.015789902507238215,0.515097364036116,False
finer,0.5,2,1.8369701987210297e-16,3.0,0.2,-0.0006326527418673,0.01774696075392883,0.5150406214793913,False
finer,0.5,2,-1.1480502970952693,2.77163859753386,0.2,-0.007838056580273117,0.01682056574255728,0.5194783884487777,False
finer,0.5,2,-2.1213203435596424,2.121320343559643,0.2,-0.013290097806828811,0.016050655179744328,0.5187380743946859,False
finer,0.5,2,-2.77163859753386,1.1480502970952697,0.2,-0.0124623362726576,0.008419963639533781,0.4998202805728811,False
finer,0.5,2,-3.0,3.6739403974420594e-16,0.2,-0.010437480607505491,0.00045207084829071084,0.48855056741750813,False
finer,0.5,2,-2.7716385975338604,-1.148050297095269,0.2,-0.01123876196785073,-0.006277764017954154,0.4921677509599837,False
finer,0.5,2,-2.121320343559643,-2.1213203435596424,0.2,-0.009776671840746667,-0.014508113549479179,0.5109940130875607,False
finer,0.5,2,-1.148050297095271,-2.7716385975338595,0.2,-0.005521726787352687,-0.016170499175125645,0.5249683010278028,False
finer,0.5,2,-5.51091059616309e-16,-3.0,0.2,0.0013318470551386208,-0.015589666708969064,0.5295969413065826,False
finer,0.5,2,1.14805029709527,-2.77163859753386,0.2,0.008569526149070642,-0.0184367311498226,0.5410366342431061,False
finer,0.5,2,2.121320343559642,-2.121320343559643,0.2,0.009397889668292457,-0.017314377869489667,0.5224193538040969,False
finer,0.5,2,2.7716385975338595,-1.148050297095271,0.2,0.011416120514269447,-0.0068482644455779345,0.49754696568005113,False
finer,0.5,2,0.5,0.0,0.5,-0.0006776104729913079,-0.0017133379778278002,0.4834410151684838,False
finer,0.5,2,0.46193976625564337,0.1913417161825449,0.5,-0.0010220561834592505,-0.004306153208599045,0.482271952913806,False
finer,0.5,2,0.3535533905932738,0.3535533905932738,0.5,-0.001266776096911538,-0.006040662047030642,0.4808045980475855,False
finer,0.5,2,0.19134171618254492,0.46193976625564337,0.5,-0.001327917386744254,-0.006757320390838699,0.4798309551227447,False
finer,0.5,2,3.061616997868383e-17,0.5,0.5,-0.0010784698266343986,-0.006641055843551681,0.47977866232430255,False
finer,0.5,2,-0.19134171618254486,0.46193976625564337,0.5,-0.0005411795843695793,-0.005823403812350796,0.48053292371323725,False
finer,0.5,2,-0.35355339059327373,0.3535533905932738,0.5,0.000139220201109249,-0.004276261996066523,0.4816654412830284,False
finer,0.5,2,-0.46193976625564337,0.19134171618254495,0.5,0.0008219527425293759,-0.0020460726293261965,0.4825922591815921,False
finer,0.5,2,-0.5,6.123233995736766e-17,0.5,0.0013560809473809332,0.0005354752607213955,0.4828699419068929,False
finer,0.5,2,-0.4619397662556434,-0.19134171618254484,0.5,0.0016186037776039321,0.003033678652569113,0.4824563349407097,False
finer,0.5,2,-0.35355339059327384,-0.35355339059327373,0.5,0.0016030440786467578,0.005062793817569915,0.4816989515134399,False
finer,0.5,2,-0.19134171618254517,-0.46193976625564326,0.5,0.0014073574647768725,0.006311821262228243,0.48113631209763075,False
finer,0.5,2,-9.184850993605148e-17,-0.5,0.5,0.001119730936085528,0.006580556794251846,0.48121030249235286,False
finer,0.5,2,0.191341716182545,-0.4619397662556433,0.5,0.000746325965413852,0.005759982526077693,0.48196679061233355,False
finer,0.5,2,0.3535533905932737,-0.35355339059327384,0.5,0.0002768563511515213,0.003893232642648754,0.4830290278694032,False
finer,0.5,2,0.46193976625564326,-0.1913417161825452,0.5,-0.0002315485884385695,0.0012310424459995072,0.4837019670052937,False
finer,0.5,2,1.0,0.0,0.5,-0.001442455376898799,-0.002391910171769096,0.48320534379338964,False
finer,0.5,2,0.9238795325112867,0.3826834323650898,0.5,-0.001478946008011102,-0.007184406840440723,0.47970932465287197,False
finer,0.5,2,0.7071067811865476,0.7071067811865476,0.5,-0.001895841359131698,-0.009373636180851542,0.4751838522617864,False
finer,0.5,2,0.38268343236508984,0.9238795325112867,0.5,-0.0025510640556509917,-0.00860374735051534,0.4728610088704086,False
finer,0.5,2,6.123233995736766e-17,1.0,0.5,-0.0018309230718607241,-0.007677521647827756,0.47334659096495896,False
finer,0.5,2,-0.3826834323650897,0.9238795325112867,0.5,-0.000589883226566963,-0.008088513435853022,0.47527962474616203,False
finer,0.5,2,-0.7071067811865475,0.7071067811865476,0.5,0.00030397898236850186,-0.006989863631905295,0.47845342156451276,False
finer,0.5,2,-0.9238795325112867,0.3826834323650899,0.5,0.001444948686446429,-0.0032444430709497513,0.4811919593944807,False
finer,0.5,2,-1.0,1.2246467991473532e-16,0.5,0.002400885910586181,0.001468850872267334,0.4815652959863961,False
finer,0.5,2,-0.9238795325112868,-0.38268343236508967,0.5,0.0025982004782763167,0.005721855656404982,0.47964097556597407,False
finer,0.5,2,-0.7071067811865477,-0.7071067811865475,0.5,0.002122189971259185,0.008857131908558285,0.4767383434719603,False
finer,0.5,2,-0.38268343236509034,-0.9238795325112865,0.5,0.0016418308619782205,0.01040169947382972,0.4745524189430602,False
finer,0.5,2,-1.8369701987210297e-16,-1.0,0.5,0.0014649315923878081,0.01080412708318712,0.4744378487700702,False
finer,0.5,2,0.38268343236509,-0.9238795325112866,0.5,0.00121164291765347,0.010294137565398796,0.47673663855909604,False
finer,0.5,2,0.7071067811865474,-0.7071067811865477,0.5,0.0003193404471466976,0.007917755946438794,0.48050447438710886,False
finer,0.5,2,0.9238795325112865,-0.3826834323650904,0.5,-0.0008624917052770591,0.0032723983572806622,0.48339938904293545,False
finer,0.5,2,1.5,0.0,0.5,-0.001982954222996325,-0.0020279801434266442,0.4829684827181451,False
finer,0.5,2,1.38581929876693,0.5740251485476346,0.5,-0.00011287073772378787,-0.0076225361711224505,0.4779395922458173,False
finer,0.5,2,1.0606601717798214,1.0606601717798214,0.5,0.00010145549706274315,-0.007535780427792889,0.4712745385596298,False
finer,0.5,2,0.5740251485476348,1.38581929876693,0.5,-0.002951208458683918,-0.001480088817973319,0.47034378591475606,False
finer,0.5,2,9.184850993605148e-17,1.5,0.5,-0.0009570160083047792,0.0003495004576046237,0.4727427255853556,False
finer,0.5,2,-0.5740251485476346,1.38581929876693,0.5,0.0007559456049278553,-0.004183066342553321,0.4723273344348281,False
finer,0.5,2,-1.0606601717798212,1.0606601717798214,0.5,-0.0005299183702165941,-0.007525253885599383,0.47554577265737785,False
finer,0.5,2,-1.38581929876693,0.5740251485476349,0.5,0.0010439117594807476,-0.0038145194684502236,0.48013673861846456,False
finer,0.5,2,-1.5,1.8369701987210297e-16,0.5,0.0023457380152529512,0.0020802388554941303,0.4804069394959751,False
finer,0.5,2,-1.3858192987669302,-0.5740251485476345,0.5,0.001814758659902576,0.006254361178815769,0.4770205454464458,False
finer,0.5,2,-1.0606601717798214,-1.0606601717798212,0.5,0.0001466417140316689,0.007164652670451696,0.4731831096488939,False
finer,0.5,2,-0.5740251485476355,-1.3858192987669298,0.5,-0.0002911364035565657,0.004144976712283235,0.4718625991407534,False
finer,0.5,2,-2.755455298081545e-16,-1.5,0.5,0.0010720079010166908,0.0025154857477187593,0.4727487516635809,False
finer,0.5,2,0.574025148547635,-1.38581929876693,0.5,0.002481953040904999,0.005300863739456308,0.474601505295166,False
finer,0.5,2,1.060660171779821,-1.0606601717798214,0.5,0.0011845618748871827,0.007946103085924316,0.47829808060201706,False
finer,0.5,2,1.3858192987669298,-0.5740251485476355,0.5,-0.0015811012692833852,0.004670153989736346,0.48256750063431614,False
finer,0.5,2,2.0,0.0,0.5,0.0006427046729957642,-0.0005177320749378822,0.4848848804077601,False
finer,0.5,2,1.8477590650225735,0.7653668647301796,0.5,0.005960378524931908,-0.002855895265784963,0.4823415230529498,False
finer,0.5,2,1.4142135623730951,1.4142135623730951,0.5,0.008919789548888665,0.005619797444067431,0.4803015434301803,False
finer,0.5,2,0.7653668647301797,1.8477590650225735,0.5,0.0014563037589728314,0.013014063137163988,0.4828235981952429,False
finer,0.5,2,1.2246467991473532e-16,2.0,0.5,0.00011401154287904401,0.011460729476510556,0.4851335786977411,False
finer,0.5,2,-0.7653668647301795,1.8477590650225735,0.5,-0.001773282684187668,0.010709071919767135,0.4821692904049285,False
finer,0.5,2,-1.414213562373095,1.4142135623730951,0.5,-0.00727360804990103,0.0017897926731607948,0.4810894267055922,False
finer,0.5,2,-1.8477590650225735,0.7653668647301798,0.5,-0.0028742981230629096,-0.0013686146024853604,0.4828246738499529,False
finer,0.5,2,-2.0,2.4492935982947064e-16,0.5,-0.0007274042176477202,0.0020955085863210146,0.482009397661912,False
finer,0.5,2,-1.8477590650225737,-0.7653668647301793,0.5,-0.0032550183612103396,0.0024621006838748682,0.47953335481601356,False
finer,0.5,2,-1.4142135623730954,-1.414213562373095,0.5,-0.0069577516928271636,-0.006243188698535806,0.48177876127771535,False
finer,0.5,2,-0.7653668647301807,-1.847759065022573,0.5,-0.0055705734072194575,-0.019165546774846384,0.4901801745530074,False
finer,0.5,2,-3.6739403974420594e-16,-2.0,0.5,0.0013938725286339845,-0.02515583246693631,0.49608739167497884,False
finer,0.5,2,0.76536686473018,-1.8477590650225733,0.5,0.008160719627455853,-0.021718150086818037,0.49537121865583,False
finer,0.5,2,1.4142135623730947,-1.4142135623730954,0.5,0.007660082011236272,-0.0060067975964867544,0.4870222343276384,False
finer,0.5,2,1.847759065022573,-0.7653668647301808,0.5,0.0015205154784128645,0.0021477445469617,0.4843634191175465,False
finer,0.5,2,2.5,0.0,0.5,0.013321301460897939,0.0014935059638172543,0.4972403255655897,False
finer,0.5,2,2.309698831278217,0.9567085809127245,0.5,0.021001626790154597,0.009432705693308847,0.5034622857322544,False
finer,0.5,2,1.7677669529663689,1.7677669529663689,0.5,0.022893366901397164,0.026112308866363537,0.5145244550066328,False
finer,0.5,2,0.9567085809127246,2.309698831278217,0.5,0.012860945960090301,0.03042787360530136,0.5166820729885904,False
finer,0.5,2,1.5308084989341916e-16,2.5,0.5,-0.0005143537203473586,0.02889013182799327,0.5140986016716602,False
finer,0.5,2,-0.9567085809127243,2.309698831278217,0.5,-0.01374375430500032,0.03322560499296731,0.5172170128750306,False
finer,0.5,2,-1.7677669529663687,1.7677669529663689,0.5,-0.021686313606839244,0.025291100945289052,0.5116409495369554,False
finer,0.5,2,-2.309698831278217,0.9567085809127247,0.5,-0.01505420501953769,0.008490275247061198,0.4983327601291848,False
finer,0.5,2,-2.5,3.061616997868383e-16,0.5,-0.01098941914439977,0.0014234231565417603,0.49250481095030985,False
finer,0.5,2,-2.309698831278217,-0.9567085809127241,0.5,-0.015146574834617083,-0.0071801721549043076,0.4956494604599776,False
finer,0.5,2,-1.7677669529663693,-1.7677669529663687,0.5,-0.01737864201136054,-0.026950318003775724,0.5133345782267582,False
finer,0.5,2,-0.9567085809127258,-2.309698831278216,0.5,-0.01066548390483526,-0.037442035228540275,0.5321709686728374,False
finer,0.5,2,-4.592425496802574e-16,-2.5,0.5,0.0028274646505272935,-0.03885404408604343,0.5391065210354378,False
finer,0.5,2,0.956708580912725,-2.3096988312782165,0.5,0.015710459602916275,-0.04298893534672408,0.5446228182526351,False
finer,0.5,2,1.7677669529663684,-1.7677669529663693,0.5,0.018483922700866275,-0.031642329436488564,0.5220851774525709,False
finer,0.5,2,2.309698831278216,-0.956708580912726,0.5,0.015050224956761154,-0.00864507389058124,0.49970825903502525,False
finer,0.5,2,3.0,0.0,0.5,0.03716872977826302,0.004025782055966154,0.5323357918694787,False
finer,0.5,2,2.77163859753386,1.1480502970952693,0.5,0.042438166703775565,0.023498114887089985,0.5502632341318833,False
finer,0.5,2,2.121320343559643,2.121320343559643,0.5,0.0330179638713335,0.03603112566140702,0.5663998617728124,False
finer,0.5,2,1.1480502970952695,2.77163859753386,0.5,0.019376544526368743,0.042302042339950684,0.567178767914353,False
finer,0.5,2,1.8369701987210297e-16,3.0,0.5,-0.0010954467513122313,0.047803195745754756,0.5639963186514829,False
finer,0.5,2,-1.1480502970952693,2.77163859753386,0.5,-0.021014729993034914,0.04326497593981603,0.568495976242436,False
finer,0.5,2,-2.1213203435596424,2.121320343559643,0.5,-0.03499775527992201,0.04365714180497041,0.5674709435771796,False
finer,0.5,2,-2.77163859753386,1.1480502970952697,0.5,-0.03489042730722719,0.024134210563210697,0.5378782113958301,False
finer,0.5,2,-3.0,3.6739403974420594e-16,0.5,-0.02993622980018884,0.0011121326209235845,0.5210848747256609,False
finer,0.5,2,-2.7716385975338604,-1.148050297095269,0.5,-0.031111255001469565,-0.018969157813748715,0.5316994425697364,False
finer,0.5,2,-2.121320343559643,-2.1213203435596424,0.5,-0.025899389663256393,-0.03946270560309368,0.562347290971707,False
finer,0.5,2,-1.148050297095271,-2.7716385975338595,0.5,-0.014549250993877078,-0.04226739321441644,0.5805229963986225,False
finer,0.5,2,-5.51091059616309e-16,-3.0,0.5,0.00329274775750531,-0.03968931288424837,0.5806123274037267,False
finer,0.5,2,1.14805029709527,-2.77163859753386,0.5,0.02264326862883078,-0.0473314421573356,0.5993102776709011,False
finer,0.5,2,2.121320343559642,-2.121320343559643,0.5,0.024014886046754443,-0.047033755483935104,0.5746709441044112,False
finer,0.5,2,2.7716385975338595,-1.148050297095271,0.5,0.030344552893186476,-0.019094155450567155,0.5347438021241906,False
finer,0.5,2,0.5,0.0,1.0,0.0005133177092231378,-0.003999878752385833,0.5257128245784228,False
finer,0.5,2,0.46193976625564337,0.1913417161825449,1.0,-0.00017581705276771827,-0.007693405949261885,0.5246615593294767,False
finer,0.5,2,0.3535533905932738,0.3535533905932738,1.0,-0.0009065495794496232,-0.009926019531831908,0.5236814169948956,False
finer,0.5,2,0.19134171618254492,0.46193976625564337,1.0,-0.0015630460289566333,-0.010599640646592686,0.5230647725140039,False
finer,0.5,2,3.061616997868383e-17,0.5,1.0,-0.0018274323293314687,-0.010197669180484592,0.5229164923337359,False
finer,0.5,2,-0.19134171618254486,0.46193976625564337,1.0,-0.0015201592623411597,-0.008945493853558204,0.5231929504313794,False
finer,0.5,2,-0.35355339059327373,0.3535533905932738,1.0,-0.0007254744968029298,-0.006716273947048925,0.523676090908715,False
finer,0.5,2,-0.46193976625564337,0.19134171618254495,1.0,0.00032439592802803474,-0.0035014452870939187,0.5241781406767886,False
finer,0.5,2,-0.5,6.123233995736766e-17,1.0,0.0012773978600537637,0.00016333011828839503,0.5246430809531315,False
finer,0.5,2,-0.4619397662556434,-0.19134171618254484,1.0,0.0018477672453070355,0.003581957302401808,0.5251578777638957,False
finer,0.5,2,-0.35355339059327384,-0.35355339059327373,1.0,0.002045588376860273,0.006203696327229148,0.525753646218124,False
finer,0.5,2,-0.19134171618254517,-0.46193976625564326,1.0,0.0021047970322806402,0.007682922445820936,0.5263459417956937,False
finer,0.5,2,-9.184850993605148e-17,-0.5,1.0,0.0021706491362958324,0.007908998428185932,0.5267821309779288,False
finer,0.5,2,0.191341716182545,-0.4619397662556433,1.0,0.0021285103647792326,0.006758362339874632,0.5269997175426664,False
finer,0.5,2,0.3535533905932737,-0.35355339059327384,1.0,0.0018006153932801612,0.00417524257183925,0.5269318751750892,False
finer,0.5,2,0.46193976625564326,-0.1913417161825452,1.0,0.0012008000532856584,0.0003295951828730768,0.5265215921554253,False
finer,0.5,2,1.0,0.0,1.0,0.0012375933697912345,-0.005034957783756511,0.5307608654653366,False
finer,0.5,2,0.9238795325112867,0.3826834323650898,1.0,0.0014362888799839943,-0.010700700131471837,0.5290516680414128,False
finer,0.5,2,0.7071067811865476,0.7071067811865476,1.0,0.0006139113236716269,-0.011437064654865346,0.528310114075151,False
finer,0.5,2,0.38268343236508984,0.9238795325112867,1.0,-0.0017579477120174501,-0.007933145999784705,0.5283565688155027,False
finer,0.5,2,6.123233995736766e-17,1.0,1.0,-0.0027920545984660983,-0.006014058122280286,0.5282970237174291,False
finer,0.5,2,-0.3826834323650897,0.9238795325112867,1.0,-0.0027826559329694215,-0.008029543410945207,0.5280026901849639,False
finer,0.5,2,-0.7071067811865475,0.7071067811865476,1.0,-0.002293468094506006,-0.008209696450064103,0.5278713643739672,False
finer,0.5,2,-0.9238795325112867,0.3826834323650899,1.0,-0.0004759116247818967,-0.0038817131698360716,0.5278165423706074,False
finer,0.5,2,-1.0,1.2246467991473532e-16,1.0,0.0012319165725256371,0.0019206592465317288,0.527948755057479,False
finer,0.5,2,-0.9238795325112868,-0.38268343236508967,1.0,0.0015744956977159512,0.0063381311823455765,0.5292373037046957,False
finer,0.5,2,-0.7071067811865477,-0.7071067811865475,1.0,0.0009286338373995537,0.008214803710084949,0.5321224218227764,False
finer,0.5,2,-0.38268343236509034,-0.9238795325112865,1.0,0.0010810095173089667,0.007358911094035546,0.5356528314041779,False
finer,0.5,2,-1.8369701987210297e-16,-1.0,1.0,0.0026325860045481866,0.006536941955542108,0.5376011008525827,False
finer,0.5,2,0.38268343236509,-0.9238795325112866,1.0,0.0041033858217918145,0.007460820201250937,0.5367343062854611,False
finer,0.5,2,0.7071067811865474,-0.7071067811865477,1.0,0.0036932730584345085,0.007161427666874624,0.5345016950539127,False
finer,0.5,2,0.9238795325112865,-0.3826834323650904,1.0,0.0020287667164142443,0.0023865631502935063,0.5325966556226915,False
finer,0.5,2,1.5,0.0,1.0,0.0040436754046551115,-0.003829495604037003,0.5412838575677315,False
finer,0.5,2,1.38581929876693,0.5740251485476346,1.0,0.008595796385094837,-0.00649115854511692,0.5425457355218196,False
finer,0.5,2,1.0606601717798214,1.0606601717798214,1.0,0.010163209481028513,0.0028247074474321942,0.5494437512076439,False
finer,0.5,2,0.5740251485476348,1.38581929876693,1.0,0.0029188460380282686,0.016461570126827228,0.554000760958811,False
finer,0.5,2,9.184850993605148e-17,1.5,1.0,-0.0005495318599937349,0.01865736994569156,0.5523883274981793,False
finer,0.5,2,-0.5740251485476346,1.38581929876693,1.0,-0.00384166724839711,0.010438890441321277,0.5494964076878318,False
finer,0.5,2,-1.0606601717798212,1.0606601717798214,1.0,-0.007970778990030961,-0.000923435371449648,0.5434037410683302,False
finer,0.5,2,-1.38581929876693,0.5740251485476349,1.0,-0.0049516996272117985,-0.0016527555272548926,0.5383118894001827,False
finer,0.5,2,-1.5,1.8369701987210297e-16,1.0,-0.0027554929256785603,0.0028594052078130252,0.5368666057997498,False
finer,0.5,2,-1.3858192987669302,-0.5740251485476345,1.0,-0.004264188553194661,0.0027869163153676486,0.5414686624729749,False
finer,0.5,2,-1.0606601717798214,-1.0606601717798212,1.0,-0.007276544679737165,-0.006234335585616347,0.5542786264740456,False
finer,0.5,2,-0.5740251485476355,-1.3858192987669298,1.0,-0.005517696867705176,-0.02263546788499493,0.5713871340819089,False
finer,0.5,2,-2.755455298081545e-16,-1.5,1.0,0.002331231043766642,-0.030830624882509206,0.5802944146546132,False
finer,0.5,2,0.574025148547635,-1.38581929876693,1.0,0.009641389423540479,-0.022431291038606683,0.5731367667330407,False
finer,0.5,2,1.060660171779821,-1.0606601717798214,1.0,0.00929645232580156,-0.004355482609385245,0.5559727588247857,False
finer,0.5,2,1.3858192987669298,-0.5740251485476355,1.0,0.0044270600331443935,0.0013296176771236613,0.5450566801193806,False
finer,0.5,2,2.0,0.0,1.0,0.01794437842212071,-0.0003415119570457925,0.5649875252478793,False
finer,0.5,2,1.8477590650225735,0.7653668647301796,1.0,0.02896863550483834,0.011265739652255509,0.576463741115029,False
finer,0.5,2,1.4142135623730951,1.4142135623730951,1.0,0.034930558031312196,0.0426200740302186,0.6051325159387168,False
finer,0.5,2,0.7653668647301797,1.8477590650225735,1.0,0.020578513931419025,0.053302106544088526,0.6106901192699801,False
finer,0.5,2,1.2246467991473532e-16,2.0,1.0,0.0007775078446612427,0.04887660744434141,0.6003076438942365,False
finer,0.5,2,-0.7653668647301795,1.8477590650225735,1.0,-0.01873132224924815,0.052792927868296584,0.6055909745262258,False
finer,0.5,2,-1.414213562373095,1.4142135623730951,1.0,-0.028558390700416485,0.03391807560149451,0.5890465616016095,False
finer,0.5,2,-1.8477590650225735,0.7653668647301798,1.0,-0.02006065215072035,0.00964489958387331,0.5645500582554627,False
finer,0.5,2,-2.0,2.4492935982947064e-16,1.0,-0.016037773933461175,0.0023905233199270647,0.5582395979267973,False
finer,0.5,2,-1.8477590650225737,-0.7653668647301793,1.0,-0.021706917772184413,-0.012052272818850934,0.5720410256436995,False
finer,0.5,2,-1.4142135623730954,-1.414213562373095,1.0,-0.026597337043761594,-0.04671749688835704,0.6089890868031954,False
finer,0.5,2,-0.7653668647301807,-1.847759065022573,1.0,-0.017331496163754914,-0.07753187470349379,0.6483493098285635,False
finer,0.5,2,-3.6739403974420594e-16,-2.0,1.0,0.005155792586518425,-0.08785888586376167,0.666340650741013,False
finer,0.5,2,0.76536686473018,-1.8477590650225733,1.0,0.024833065437516833,-0.08883496046887401,0.659825739591297,False
finer,0.5,2,1.4142135623730947,-1.4142135623730954,1.0,0.028333142030900545,-0.05115673337799745,0.6133494334539624,False
finer,0.5,2,1.847759065022573,-0.7653668647301808,1.0,0.019211788213319682,-0.011429248370548642,0.5743829857123082,False
finer,0.5,2,2.5,0.0,1.0,0.05625064656443346,0.00410650336024343,0.6172682354466268,False
finer,0.5,2,2.309698831278217,0.9567085809127245,1.0,0.06738246353414869,0.0418448719928597,0.6424281178543497,False
finer,0.5,2,1.7677669529663689,1.7677669529663689,1.0,0.06091169437677736,0.07871197419978047,0.6864077645363478,False
finer,0.5,2,0.9567085809127246,2.309698831278217,1.0,0.042784583677215285,0.08764405645286828,0.6910934967440984,False
finer,0.5,2,1.5308084989341916e-16,2.5,1.0,-0.00035207196439478834,0.09141628329589757,0.6754020251234873,False
finer,0.5,2,-0.9567085809127243,2.309698831278217,1.0,-0.04353539201901922,0.09195998589479634,0.6895843683404642,False
finer,0.5,2,-1.7677669529663687,1.7677669529663689,1.0,-0.05752940653900469,0.08379759891271613,0.6709307139254652,False
finer,0.5,2,-2.309698831278217,0.9567085809127247,1.0,-0.0539761317796114,0.03721652892702158,0.6206011994115178,False
finer,0.5,2,-2.5,3.061616997868383e-16,1.0,-0.046569443657653586,0.001107412993793143,0.6027788724163052,False
finer,0.5,2,-2.309698831278217,-0.9567085809127241,1.0,-0.05193970438407895,-0.03747199712604971,0.6296157221655239,False
finer,0.5,2,-1.7677669529663693,-1.7677669529663687,1.0,-0.046434529526264964,-0.0844932041979126,0.6876590660353702,False
finer,0.5,2,-0.9567085809127258,-2.309698831278216,1.0,-0.025538241766970688,-0.09512089706948895,0.7267935947560986,False
finer,0.5,2,-4.592425496802574e-16,-2.5,1.0,0.0071169604815865895,-0.0867262704491667,0.7349291091452982,False
finer,0.5,2,0.956708580912725,-2.3096988312782165,1.0,0.037184512206487615,-0.10294524682657333,0.7454734841740607,False
finer,0.5,2,1.7677669529663684,-1.7677669529663693,1.0,0.04512975209150087,-0.09722694540194826,0.6986987382023019,False
finer,0.5,2,2.309698831278216,-0.956708580912726,1.0,0.052557464994662156,-0.03818963042340756,0.6337235371885651,False
finer,0.5,2,3.0,0.0,1.0,0.10240149445323077,0.011744276750910387,0.6967813466696136,False
finer,0.5,2,2.77163859753386,1.1480502970952693,1.0,0.10649918057474625,0.06381784389507891,0.728441817905415,False
finer,0.5,2,2.121320343559643,2.121320343559643,1.0,0.07407406138425571,0.08410194644978776,0.7599709519944311,False
finer,0.5,2,1.1480502970952695,2.77163859753386,1.0,0.04592717346560037,0.0990817945947627,0.7671895241710871,False
finer,0.5,2,1.8369701987210297e-16,3.0,1.0,0.0015686763735951528,0.11319698873636241,0.7567727267417297,False
finer,0.5,2,-1.1480502970952693,2.77163859753386,1.0,-0.04845158493591101,0.09101600865209701,0.7580378934630496,False
finer,0.5,2,-2.1213203435596424,2.121320343559643,1.0,-0.07730687484841363,0.10412286886871859,0.753705229698205,False
finer,0.5,2,-2.77163859753386,1.1480502970952697,1.0,-0.0932157712823962,0.06725548129244249,0.7029967835659396,False
finer,0.5,2,-3.0,3.6739403974420594e-16,1.0,-0.087010092523089,0.002014355122829789,0.6724102457845369,False
finer,0.5,2,-2.7716385975338604,-1.148050297095269,1.0,-0.08134973994710504,-0.05945117514378657,0.7049800165026381,False
finer,0.5,2,-2.121320343559643,-2.1213203435596424,1.0,-0.058468122069471884,-0.09450858328033038,0.7605969727400735,False
finer,0.5,2,-1.148050297095271,-2.7716385975338595,1.0,-0.031954226354237544,-0.09216334174012389,0.7859284386749618,False
finer,0.5,2,-5.51091059616309e-16,-3.0,1.0,0.005879606426080177,-0.08133489172061915,0.7777998119927823,False
finer,0.5,2,1.14805029709527,-2.77163859753386,1.0,0.048625046783769776,-0.09664490135139286,0.8030862936459904,False
finer,0.5,2,2.121320343559642,-2.121320343559643,1.0,0.0497018912788092,-0.11138549350209662,0.7716899783812957,False
finer,0.5,2,2.7716385975338595,-1.148050297095271,1.0,0.07161890204857102,-0.05066173451974887,0.7000800878573556,False
finer,0.5,2,0.0,0.0,0.0,1.5654142882279048e-17,-5.115160823692029e-18,0.4730996750517609,True
