galaxy,radial_index,radius_kpc,observed_speed_km_s,published_error_km_s,newton_speed_km_s,algebraic_mond_speed_km_s,gbar_m_s2,sensitivity_min_km_s,sensitivity_max_km_s,disk_luminosity_surface_density,bulge_luminosity_surface_density,row_valid,selected,status,depth_information,full_field_prediction,independent_cube_prediction
CamB,0,0.16,1.99,1.5,3.2389581658304882,9.179157936455105,2.1249080880417134e-12,8.108521190373834,10.216235364086705,30.32,0.0,True,True,scored_descriptively,published_mass_template_assumptions,False,False
CamB,1,0.41,4.84,1.5,7.925783872904939,18.488330630808516,4.965352083982454e-12,16.26708283871656,20.644151817582383,23.77,0.0,True,True,scored_descriptively,published_mass_template_assumptions,False,False
CamB,2,0.57,6.79,1.5,10.03099695942532,22.669045971181585,5.720879452723729e-12,19.974049226933793,25.285834935703328,15.87,0.0,True,True,scored_descriptively,published_mass_template_assumptions,False,False
CamB,3,0.73,8.87,1.5,11.830135248592892,26.248871336032035,6.2130666738937905e-12,23.146330535739857,29.262050521388062,12.4,0.0,True,True,scored_descriptively,published_mass_template_assumptions,False,False
CamB,4,0.9,10.9,1.5,13.034297065818317,29.020186842053644,6.1176154638182506e-12,25.63625832936011,32.306036312712145,9.63,0.0,True,True,scored_descriptively,published_mass_template_assumptions,False,False
CamB,5,1.06,12.9,1.5,13.68803857387902,30.924653543958478,5.728303637175385e-12,27.364735042158788,34.37999971635769,5.86,0.0,True,True,scored_descriptively,published_mass_template_assumptions,False,False
CamB,6,1.22,14.7,1.5,13.740656825639741,31.98046360455441,5.0153888545088644e-12,28.33210900012932,35.51977383787069,5.19,0.0,True,True,scored_descriptively,published_mass_template_assumptions,False,False
CamB,7,1.47,16.8,1.5,13.84526633907777,33.493329395915204,4.226051150235344e-12,29.579002550759757,37.29060712994889,3.02,0.0,True,True,scored_descriptively,published_mass_template_assumptions,False,False
CamB,8,1.79,20.1,1.5,12.60563961090432,33.298373981865645,2.8769094791518544e-12,29.350074842569153,37.125178975039454,0.88,0.0,True,True,scored_descriptively,published_mass_template_assumptions,False,False
D512-2,0,0.96,22.9,2.71,11.265329555765334,27.167963452343624,4.284163372833897e-12,18.723278890695603,35.66834047325584,16.45,0.0,True,False,insufficient_valid_radii,published_mass_template_assumptions,False,False
D512-2,1,1.92,33.5,2.71,16.237536759003813,38.823519046824195,4.45029213325316e-12,26.782753586345127,50.93489951264566,7.4,0.0,True,False,insufficient_valid_radii,published_mass_template_assumptions,False,False
D512-2,2,2.88,37.2,4.19,16.33582872094342,42.727655041188136,3.002889210540349e-12,29.61277606420146,55.86085081788178,2.72,0.0,True,False,insufficient_valid_radii,published_mass_template_assumptions,False,False
D512-2,3,3.83,35.9,5.98,16.3417043174817,45.65292677493941,2.259671859684579e-12,31.72767076188366,59.558826217736296,1.79,0.0,True,False,insufficient_valid_radii,published_mass_template_assumptions,False,False
D564-8,0,0.51,8.54,1.53,5.680290485529768,16.232772036800338,2.05031396704755e-12,14.3415357339632,17.94698354543141,6.37,0.0,True,True,scored_descriptively,published_mass_template_assumptions,False,False
D564-8,1,1.02,15.1,1.41,8.11829415579406,23.085932276178138,2.094010474466891e-12,20.46709719121137,25.453918677220724,2.82,0.0,True,True,scored_descriptively,published_mass_template_assumptions,False,False
D564-8,2,1.53,19.8,1.8,9.028269490882513,26.861078958179796,1.7265018667311036e-12,23.90592300279849,29.523243345283255,1.19,0.0,True,True,scored_descriptively,published_mass_template_assumptions,False,False
D564-8,3,2.04,21.9,1.82,9.238011149592753,29.098106599102593,1.355739505997932e-12,25.98925186154395,31.886935566414035,0.52,0.0,True,True,scored_descriptively,published_mass_template_assumptions,False,False
D564-8,4,2.56,24.0,1.89,9.114655780664457,30.494653012679834,1.0516955429304883e-12,27.31348124621261,33.33715436753564,0.22,0.0,True,True,scored_descriptively,published_mass_template_assumptions,False,False
D564-8,5,3.07,25.0,2.05,8.878223358307675,31.41368906743097,8.32076416335439e-13,28.188031301965346,34.28769552431702,0.0,0.0,True,True,scored_descriptively,published_mass_template_assumptions,False,False
D631-7,0,0.45,8.41,1.58,10.975429376566549,22.63352878521422,8.675209672120726e-12,21.11170132934285,24.12363347524718,26.06,0.0,True,True,scored_descriptively,published_mass_template_assumptions,False,False
D631-7,1,0.9,17.8,2.22,17.405611164219426,34.17051534284539,1.0909014020748936e-11,31.895413663381888,36.399362784621445,19.64,0.0,True,True,scored_descriptively,published_mass_template_assumptions,False,False
D631-7,2,1.35,26.0,2.35,22.234630646808597,42.8782196186935,1.1867945008743391e-11,39.92221776439233,45.77460942887154,12.17,0.0,True,True,scored_descriptively,published_mass_template_assumptions,False,False
D631-7,3,1.8,30.9,2.22,24.057781485415482,47.69346688851917,1.042048904827693e-11,44.52929503853331,50.79294010632256,4.5,0.0,True,True,scored_descriptively,published_mass_template_assumptions,False,False
D631-7,4,2.25,34.7,1.82,24.38059064091762,50.42153398656915,8.561608835254894e-12,47.26331377262745,53.51188533249238,2.1,0.0,True,True,scored_descriptively,published_mass_template_assumptions,False,False
D631-7,5,2.69,38.8,1.81,24.510016319864008,52.582387080886434,7.237429989004343e-12,49.41789595578913,55.67495438254978,1.13,0.0,True,True,scored_descriptively,published_mass_template_assumptions,False,False
D631-7,6,3.14,42.5,1.57,24.091859621042126,53.8900819254746,5.9904638897673006e-12,50.75409222514336,56.95041853130631,0.54,0.0,True,True,scored_descriptively,published_mass_template_assumptions,False,False
D631-7,7,3.59,45.6,1.59,23.62082344034602,54.92360278661708,5.0366882766692035e-12,51.796363463722116,57.971987670078846,0.37,0.0,True,True,scored_descriptively,published_mass_template_assumptions,False,False
D631-7,8,4.04,48.8,1.83,23.09681471545373,55.715637649772326,4.279295435564271e-12,52.60025745185924,58.74933843625462,0.18,0.0,True,True,scored_descriptively,published_mass_template_assumptions,False,False
D631-7,9,4.49,51.8,1.91,22.382807017887636,56.101639437888174,3.616031577411351e-12,53.004797550711245,59.11485379955851,0.1,0.0,True,True,scored_descriptively,published_mass_template_assumptions,False,False
D631-7,10,4.94,54.8,2.19,21.717368625135045,56.413600082213904,3.094118281920297e-12,53.33311753582801,59.408758380249225,0.05,0.0,True,True,scored_descriptively,published_mass_template_assumptions,False,False
D631-7,11,5.39,56.6,2.73,20.97537603953741,56.492471056774576,2.6453320912270783e-12,53.42973205410327,59.468868580403004,0.03,0.0,True,True,scored_descriptively,published_mass_template_assumptions,False,False
D631-7,12,5.84,58.4,3.27,20.26237276332661,56.4975830285918,2.27833304451475e-12,53.45060525993837,59.457517086713054,0.01,0.0,True,True,scored_descriptively,published_mass_template_assumptions,False,False
D631-7,13,6.29,58.5,3.95,19.56233498332957,56.41748292752466,1.9716970752655836e-12,53.38554001498815,59.3620014443586,0.01,0.0,True,True,scored_descriptively,published_mass_template_assumptions,False,False
D631-7,14,6.74,57.7,4.07,18.892824034537558,56.2889490449959,1.7162609356663562e-12,53.269983247996166,59.22035927433349,0.0,0.0,True,True,scored_descriptively,published_mass_template_assumptions,False,False
D631-7,15,7.19,57.3,3.94,18.238533384019668,56.097053424160485,1.4993409040832544e-12,53.0905376407076,59.01612880717347,0.0,0.0,True,True,scored_descriptively,published_mass_template_assumptions,False,False
DDO064,0,0.1,6.29,4.62,0.802433797892387,3.9706793912499756,2.0867377844732268e-13,2.494744514566464,5.340410007422133,28.5,0.0,True,True,scored_descriptively,published_mass_template_assumptions,False,False
DDO064,1,0.3,13.9,4.62,3.7290146151496906,11.464407545399775,1.5021606149444357e-12,8.302819011708706,14.62290226334472,27.26,0.0,True,True,scored_descriptively,published_mass_template_assumptions,False,False
DDO064,2,0.49,15.6,4.62,6.807705193381981,17.722149084460774,3.0651720418858303e-12,13.200421508842616,22.225556142257066,24.99,0.0,True,True,scored_descriptively,published_mass_template_assumptions,False,False
DDO064,3,0.69,18.4,4.62,10.152994632127017,23.818500342267416,4.841597445327252e-12,17.805071623856083,29.804604536829984,20.86,0.0,True,True,scored_descriptively,published_mass_template_assumptions,False,False
DDO064,4,0.89,22.5,4.62,10.881622121724316,26.204575947893684,4.3116820610036e-12,19.55396124608294,32.82864207682002,13.91,0.0,True,True,scored_descriptively,published_mass_template_assumptions,False,False
DDO064,5,1.09,26.5,4.62,12.6231909594999,29.758566358189395,4.73763131961053e-12,22.38705200661024,37.07017117383168,11.73,0.0,True,True,scored_descriptively,published_mass_template_assumptions,False,False
DDO064,6,1.29,35.3,4.62,15.383169374351956,34.46830558108982,5.944993554533057e-12,26.270644893484093,42.52095946990335,10.3,0.0,True,True,scored_descriptively,published_mass_template_assumptions,False,False
DDO064,7,1.48,40.5,4.62,18.806440386208124,39.75214545634157,7.744634789223781e-12,30.588584544954028,48.66446681579475,7.96,0.0,True,True,scored_descriptively,published_mass_template_assumptions,False,False
DDO064,8,1.68,44.2,4.89,21.14650798595362,43.66194941102866,8.626159705960872e-12,33.730369182567514,53.27305188599982,6.72,0.0,True,True,scored_descriptively,published_mass_template_assumptions,False,False
DDO064,9,1.88,46.3,4.62,22.818663413968835,46.71106890581348,8.975776092083997e-12,36.17717721156886,56.86943114883106,3.97,0.0,True,True,scored_descriptively,published_mass_template_assumptions,False,False
DDO064,10,2.08,46.4,4.62,23.835574253623513,48.93957339747447,8.851917525465186e-12,38.008740585483935,59.437049876727855,2.84,0.0,True,True,scored_descriptively,published_mass_template_assumptions,False,False
DDO064,11,2.27,46.3,4.62,24.145089562890423,50.2418689747955,8.323025763565968e-12,39.06703967083217,60.95328719419345,2.16,0.0,True,True,scored_descriptively,published_mass_template_assumptions,False,False
DDO064,12,2.37,46.4,6.73,24.435919258337716,51.059431365995124,8.165042914574582e-12,39.73239035943182,61.90375717511793,1.86,0.0,True,True,scored_descriptively,published_mass_template_assumptions,False,False
DDO064,13,2.98,46.9,8.65,25.290333133432625,54.73202538379679,6.9557231955333596e-12,42.743332428944996,66.14044741569315,0.0,0.0,True,True,scored_descriptively,published_mass_template_assumptions,False,False
DDO154,0,0.49,13.8,1.6,9.473945851650198,21.234717079508485,5.936290849604431e-12,19.141764320683762,23.26958794652133,15.93,0.0,True,True,scored_descriptively,published_mass_template_assumptions,False,False
DDO154,1,0.99,21.6,0.8,12.70837715839438,29.230380078803456,5.2868191057195954e-12,26.679326381803122,31.7325850496775,5.52,0.0,True,True,scored_descriptively,published_mass_template_assumptions,False,False
DDO154,2,1.48,28.9,0.7,14.212957116659432,34.029392831939795,4.4234042487768284e-12,31.528136466102872,36.49347438116554,1.26,0.0,True,True,scored_descriptively,published_mass_template_assumptions,False,False
DDO154,3,1.97,34.3,0.5,15.620761825211982,38.23232162563925,4.0140950305309565e-12,35.721031016880275,40.699657665434906,0.29,0.0,True,True,scored_descriptively,published_mass_template_assumptions,False,False
DDO154,4,2.47,38.2,0.4,16.430736441194593,41.377726016273314,3.5421468342912327e-12,38.84100849558063,43.85992437739283,0.08,0.0,True,True,scored_descriptively,published_mass_template_assumptions,False,False
DDO154,5,2.96,42.0,0.2,17.446856450375236,44.55407131839079,3.3326685205945295e-12,41.95041759723422,47.091732470857025,0.02,0.0,True,True,scored_descriptively,published_mass_template_assumptions,False,False
DDO154,6,3.46,44.6,0.2,18.56848001318363,47.761898699429224,3.2294314104035377e-12,45.06148488080959,50.38521680076334,0.01,0.0,True,True,scored_descriptively,published_mass_template_assumptions,False,False
DDO154,7,3.95,46.3,0.2,18.733780985161538,49.476229572057626,2.879408195382954e-12,46.71988371973586,52.149506050273224,0.0,0.0,True,True,scored_descriptively,published_mass_template_assumptions,False,False
DDO154,8,4.44,47.4,0.3,18.224227006926796,50.08665974864992,2.4241791836025263e-12,47.31306061047326,52.77478178464428,0.0,0.0,True,True,scored_descriptively,published_mass_template_assumptions,False,False
DDO154,9,4.94,48.2,0.6,17.617064170854345,50.42710646210607,2.036055342130117e-12,47.644870538227714,53.122420516279625,0.0,0.0,True,True,scored_descriptively,published_mass_template_assumptions,False,False
DDO154,10,5.43,47.4,0.7,16.92600514002049,50.4734156352563,1.7098521627259024e-12,47.693725564594196,53.16565955712997,0.0,0.0,True,True,scored_descriptively,published_mass_template_assumptions,False,False
DDO154,11,5.92,45.5,1.3,16.25433480644471,50.42103274243373,1.4463258562851107e-12,47.64690286180166,53.107565731296056,0.0,0.0,True,True,scored_descriptively,published_mass_template_assumptions,False,False
DDO161,0,0.6,16.0,3.53,11.214564191264857,24.3968548034809,6.793021774449004e-12,18.118811472537264,30.13886190550529,30.32,0.0,True,True,scored_descriptively,published_mass_template_assumptions,False,False
DDO161,1,0.73,16.6,4.83,12.924341375869023,27.579666720145877,7.415551170106595e-12,20.511577351354457,34.03354629039763,27.69,0.0,True,True,scored_descriptively,published_mass_template_assumptions,False,False
DDO161,2,0.85,18.6,2.5,14.250489465278028,30.12367639089721,7.742658274516285e-12,22.446072169122733,37.117083371096456,27.15,0.0,True,True,scored_descriptively,published_mass_template_assumptions,False,False
DDO161,3,0.98,20.0,7.58,15.923218895688144,33.08046625488332,8.384653305932656e-12,24.647947398133372,40.76289741079637,25.71,0.0,True,True,scored_descriptively,published_mass_template_assumptions,False,False
DDO161,4,1.07,21.4,4.03,17.01626721698975,35.008534028462975,8.769892522142388e-12,26.100916798432763,43.1173795495691,24.23,0.0,True,True,scored_descriptively,published_mass_template_assumptions,False,False
DDO161,5,1.54,28.9,2.74,21.9869324827271,43.81245755913022,1.0173210234775974e-11,32.73961961899694,53.861863411805814,17.21,0.0,True,True,scored_descriptively,published_mass_template_assumptions,False,False
DDO161,6,2.02,32.9,2.65,25.72335125911863,50.79369893734993,1.0615811092355807e-11,38.07736806500027,62.2803857630379,11.77,0.0,True,True,scored_descriptively,published_mass_template_assumptions,False,False
DDO161,7,2.49,35.2,2.88,28.235113776997604,56.0260385046085,1.0375981575970538e-11,42.133324534453884,68.51142354513495,7.54,0.0,True,True,scored_descriptively,published_mass_template_assumptions,False,False
DDO161,8,2.96,37.6,3.05,29.668475693907837,59.80948427534026,9.63714095590142e-12,45.080261068478876,72.9954215832218,5.12,0.0,True,True,scored_descriptively,published_mass_template_assumptions,False,False
DDO161,9,3.43,40.6,3.68,30.43407465325667,62.6424395918152,8.751359765370244e-12,47.32841182754075,76.29325121667185,3.64,0.0,True,True,scored_descriptively,published_mass_template_assumptions,False,False
DDO161,10,3.9,42.7,3.25,31.130924335779046,65.24446953532974,8.053207318582193e-12,49.37171135308858,79.35194688146721,2.55,0.0,True,True,scored_descriptively,published_mass_template_assumptions,False,False
DDO161,11,4.37,45.5,2.99,31.52709469646704,67.36528257884089,7.371161393006305e-12,51.04586141614124,81.83193791477977,1.74,0.0,True,True,scored_descriptively,published_mass_template_assumptions,False,False
DDO161,12,4.86,48.9,1.96,31.84605784080661,69.34809746278908,6.7627688663925856e-12,52.628764932521776,84.12471526237387,1.09,0.0,True,True,scored_descriptively,published_mass_template_assumptions,False,False
DDO161,13,5.34,51.5,1.53,32.106294554183606,71.12952406837617,6.255882300723215e-12,54.07019315141429,86.15615280359754,0.64,0.0,True,True,scored_descriptively,published_mass_template_assumptions,False,False
DDO161,14,5.81,53.0,1.86,32.2432016090214,72.64669293503799,5.798953683387732e-12,55.30840206520172,87.87011269766268,0.46,0.0,True,True,scored_descriptively,published_mass_template_assumptions,False,False
DDO161,15,6.28,55.0,1.48,32.51784433199716,74.26645930488034,5.456740567845898e-12,56.60376636089391,89.7382058239555,0.36,0.0,True,True,scored_descriptively,published_mass_template_assumptions,False,False
DDO161,16,6.75,57.6,0.99,32.81144541162428,75.85164313245936,5.1688794873529385e-12,57.873098824985085,91.56364983344669,0.24,0.0,True,True,scored_descriptively,published_mass_template_assumptions,False,False
DDO161,17,7.22,59.7,1.19,33.2548071712948,77.57805330549567,4.963878296849268e-12,59.25225759425313,93.55614071551265,0.16,0.0,True,True,scored_descriptively,published_mass_template_assumptions,False,False
DDO161,18,7.69,60.5,1.26,33.86794059283794,79.48109869591623,4.8339337453031355e-12,60.766340750310086,95.76123670710302,0.11,0.0,True,True,scored_descriptively,published_mass_template_assumptions,False,False
DDO161,19,8.16,61.8,1.33,34.509787017598356,81.38544824852124,4.729811729893684e-12,62.277300436413704,97.97366715037275,0.07,0.0,True,True,scored_descriptively,published_mass_template_assumptions,False,False
DDO161,20,8.64,62.9,1.35,34.89942764573654,82.95100538185766,4.568486242133701e-12,63.517632989955054,99.79496241527163,0.05,0.0,True,True,scored_descriptively,published_mass_template_assumptions,False,False
DDO161,21,9.11,63.0,2.09,35.323005251535434,84.50659147623898,4.438603687042029e-12,64.74671385908597,101.60951354387406,0.03,0.0,True,True,scored_descriptively,published_mass_template_assumptions,False,False
DDO161,22,9.58,64.5,2.38,35.34630390861257,85.50521032258406,4.226413258867808e-12,65.53770467002738,102.77130444380141,0.02,0.0,True,True,scored_descriptively,published_mass_template_assumptions,False,False
DDO161,23,10.05,65.6,1.08,35.240666849536204,86.2985433459732,4.0047151314882475e-12,66.16638419884269,103.69376953914467,0.02,0.0,True,True,scored_descriptively,published_mass_template_assumptions,False,False
DDO161,24,10.52,67.5,3.22,34.58896572608091,86.31955337639201,3.68560566654248e-12,66.1892366221752,103.70879833422622,0.01,0.0,True,True,scored_descriptively,published_mass_template_assumptions,False,False
DDO161,25,10.99,66.8,2.37,33.80916739584103,86.11427271143363,3.3707047556291346e-12,66.03499259095376,103.45734007942691,0.01,0.0,True,True,scored_descriptively,published_mass_template_assumptions,False,False
DDO161,26,11.46,66.8,0.95,32.89164711594724,85.66228667267234,3.059398726377802e-12,65.68762784811966,102.91542645656736,0.0,0.0,True,True,scored_descriptively,published_mass_template_assumptions,False,False
DDO161,27,11.94,66.6,0.96,31.9809388542613,85.17802669584113,2.776051675049069e-12,65.31399218259236,102.33703405681881,0.0,0.0,True,True,scored_descriptively,published_mass_template_assumptions,False,False
DDO161,28,12.41,66.8,0.99,31.077149161401532,84.62974903877308,2.522086734350557e-12,64.88962479457699,101.68420318925368,0.0,0.0,True,True,scored_descriptively,published_mass_template_assumptions,False,False
DDO161,29,12.9,66.3,0.74,30.317748926989946,84.27097804121138,2.3091579940182094e-12,64.61314266212388,101.25518596404625,0.0,0.0,True,True,scored_descriptively,published_mass_template_assumptions,False,False
DDO161,30,13.37,66.1,1.31,29.423462576658103,83.62959662363173,2.098483730860477e-12,64.11489510491081,100.4942381128151,0.0,0.0,True,True,scored_descriptively,published_mass_template_assumptions,False,False
DDO168,0,0.41,15.0,4.1,11.943504510820935,23.283432652353124,1.1275327208174565e-11,21.06713481214941,25.331946595187542,20.43,0.0,True,True,scored_descriptively,published_mass_template_assumptions,False,False
DDO168,1,0.82,23.4,1.3,20.174840767649194,36.51951118884974,1.6086287776373914e-11,33.120130013780084,39.64827462469345,14.59,0.0,True,True,scored_descriptively,published_mass_template_assumptions,False,False
DDO168,2,1.24,29.2,1.5,22.754431436535608,42.68860192983807,1.3531930114006173e-11,38.66520515617014,46.40072959200031,8.79,0.0,True,True,scored_descriptively,published_mass_template_assumptions,False,False
DDO168,3,1.64,36.2,1.1,23.149083135191336,45.73475865913498,1.0589444924795188e-11,41.388015363813764,49.7511048113223,5.9,0.0,True,True,scored_descriptively,published_mass_template_assumptions,False,False
DDO168,4,2.06,44.0,1.1,25.032699614703965,50.21893983674556,9.858199674073901e-12,45.47848334780691,54.59314576708173,4.09,0.0,True,True,scored_descriptively,published_mass_template_assumptions,False,False
DDO168,5,2.47,52.1,1.2,25.634495313931968,52.93414951136492,8.621881402459344e-12,47.962080782385655,57.51729066397651,2.87,0.0,True,True,scored_descriptively,published_mass_template_assumptions,False,False
DDO168,6,2.89,52.9,1.7,25.904295975764327,55.101194981878415,7.524804119664498e-12,49.9467284285929,59.84829209429616,2.09,0.0,True,True,scored_descriptively,published_mass_template_assumptions,False,False
DDO168,7,3.3,54.8,2.2,25.78479493810257,56.58640720724813,6.529243699969914e-12,51.276373877095516,61.47948298548077,1.56,0.0,True,True,scored_descriptively,published_mass_template_assumptions,False,False
DDO168,8,3.71,55.0,2.5,25.774801648121368,58.06340868283867,5.8031822357444335e-12,52.620486842823254,63.0776382642766,0.82,0.0,True,True,scored_descriptively,published_mass_template_assumptions,False,False
DDO168,9,4.12,52.0,2.7,25.51658382307475,59.10973039195168,5.121501442424837e-12,53.62144060929282,64.1558707129289,0.0,0.0,True,True,scored_descriptively,published_mass_template_assumptions,False,False
DDO170,0,1.87,27.7,3.0,15.517101855694575,37.6457413204055,4.172814415310666e-12,28.38661978881035,46.54508903478214,9.38,0.0,True,True,scored_descriptively,published_mass_template_assumptions,False,False
DDO170,1,3.36,42.4,1.5,20.545952156081743,50.12473031637788,4.0715776554933934e-12,38.32368839418129,61.2893620991311,3.58,0.0,True,True,scored_descriptively,published_mass_template_assumptions,False,False
DDO170,2,4.86,52.5,1.0,24.95495742332573,60.60924845911192,4.152664564657509e-12,46.73125562903341,73.57469022073309,2.02,0.0,True,True,scored_descriptively,published_mass_template_assumptions,False,False
DDO170,3,6.35,55.6,1.0,28.096201700585794,68.70942688709572,4.028755890391864e-12,53.24247442823604,83.03292122109086,0.91,0.0,True,True,scored_descriptively,published_mass_template_assumptions,False,False
DDO170,4,7.85,58.6,1.1,30.013257903799783,74.74732998901439,3.718827880944682e-12,58.05009850338265,90.14452338711227,0.47,0.0,True,True,scored_descriptively,published_mass_template_assumptions,False,False
DDO170,5,9.34,59.0,1.2,30.221086181671236,78.07271162273452,3.1690034882211516e-12,60.733031357093424,94.00940913336201,0.18,0.0,True,True,scored_descriptively,published_mass_template_assumptions,False,False
DDO170,6,10.83,60.0,1.3,29.07635035557248,79.12447370207363,2.5298850266934445e-12,61.60191477746093,95.20181353709637,0.09,0.0,True,True,scored_descriptively,published_mass_template_assumptions,False,False
DDO170,7,12.33,62.2,1.0,27.067693843399365,78.49538736453464,1.925701148615793e-12,61.11175098596585,94.4451914565475,0.0,0.0,True,True,scored_descriptively,published_mass_template_assumptions,False,False
ESO079-G014,0,0.41,33.2,11.6,20.589690381353478,32.27606321574792,3.350929030105727e-11,25.56451371985095,38.70608145556027,455.28,0.0,True,True,scored_descriptively,published_mass_template_assumptions,False,False
ESO079-G014,1,0.98,50.4,11.8,33.945958522333704,51.967875690432486,3.8106541235967104e-11,41.144507201475136,62.34870061465852,284.5,0.0,True,True,scored_descriptively,published_mass_template_assumptions,False,False
ESO079-G014,2,1.78,53.9,9.75,44.42011425019076,68.74108278291308,3.5924339743138204e-11,54.47130380128264,82.41681998742904,213.32,0.0,True,True,scored_descriptively,published_mass_template_assumptions,False,False
ESO079-G014,3,2.69,67.6,5.1,54.05291574004126,83.96298643175092,3.519941342662834e-11,66.5518198781692,100.64503361440453,152.2,0.0,True,True,scored_descriptively,published_mass_template_assumptions,False,False
ESO079-G014,4,3.36,81.7,5.06,58.85163081852532,92.30779256416639,3.340620803050979e-11,73.18626641248981,110.61972564069757,142.61,0.0,True,True,scored_descriptively,published_mass_template_assumptions,False,False
ESO079-G014,5,4.39,102.0,5.35,62.124894768522545,100.40987867395029,2.8491562486555162e-11,79.67412038774512,120.23943375322148,105.73,0.0,True,True,scored_descriptively,published_mass_template_assumptions,False,False
ESO079-G014,6,5.65,116.0,6.44,65.9047528635075,109.30907091555838,2.4913484764916378e-11,86.79099188480079,130.8184260261511,92.69,0.0,True,True,scored_descriptively,published_mass_template_assumptions,False,False
ESO079-G014,7,6.34,132.0,9.1,68.78013121534445,114.74283029805471,2.418166480694144e-11,91.12901802916372,137.29222201299163,89.82,0.0,True,True,scored_descriptively,published_mass_template_assumptions,False,False
ESO079-G014,8,6.89,137.0,5.25,72.06967011163573,119.99053855441815,2.4430665707518858e-11,95.32727764929655,143.54076610509296,87.61,0.0,True,True,scored_descriptively,published_mass_template_assumptions,False,False
ESO079-G014,9,8.34,154.0,4.2,82.29964125073693,135.05721424999587,2.631960022228247e-11,107.3871090630902,161.48249174029846,78.45,0.0,True,True,scored_descriptively,published_mass_template_assumptions,False,False
ESO079-G014,10,10.04,163.0,3.28,94.18870473682075,152.08644039234386,2.8636068406110648e-11,121.07298327442224,181.70540272740925,58.05,0.0,True,True,scored_descriptively,published_mass_template_assumptions,False,False
ESO079-G014,11,11.65,170.0,2.41,99.22034342814986,161.5851473189274,2.7385771566110388e-11,128.95166064569736,192.70706198000826,39.79,0.0,True,True,scored_descriptively,published_mass_template_assumptions,False,False
ESO079-G014,12,13.36,175.0,2.18,100.76512318257741,167.5009036469354,2.462994697839384e-11,134.06832520107824,199.3178590231902,23.18,0.0,True,True,scored_descriptively,published_mass_template_assumptions,False,False
ESO079-G014,13,15.06,177.0,2.23,99.05224101452727,169.72105571620784,2.1113152972591958e-11,136.2289307269916,201.52001710426106,15.89,0.0,True,True,scored_descriptively,published_mass_template_assumptions,False,False
ESO079-G014,14,16.67,178.0,2.03,96.72634878873492,170.76428560763293,1.8188774711193784e-11,137.3153368368772,202.4666193694454,10.92,0.0,True,True,scored_descriptively,published_mass_template_assumptions,False,False
ESO116-G012,0,0.25,20.9,3.4,12.252185519326744,21.33815023858066,1.9459719434127788e-11,16.434720979225816,26.055312868674182,276.94,0.0,True,True,scored_descriptively,published_mass_template_assumptions,False,False
ESO116-G012,1,0.83,40.0,3.29,24.654833197570007,41.28099945669513,2.373424929524197e-11,31.749653788973145,50.46695626717702,168.99,0.0,True,True,scored_descriptively,published_mass_template_assumptions,False,False
ESO116-G012,2,1.38,51.5,2.96,36.26975737442974,57.72838871277569,3.089297046087973e-11,44.34289645917241,70.65811320559145,141.01,0.0,True,True,scored_descriptively,published_mass_template_assumptions,False,False
ESO116-G012,3,1.85,67.9,3.45,43.93627829026942,68.75711168886868,3.381615761975596e-11,52.84456854699989,84.1328322957222,81.24,0.0,True,True,scored_descriptively,published_mass_template_assumptions,False,False
ESO116-G012,4,2.68,80.2,2.93,44.57321673381898,74.45400716181094,2.4024956776773166e-11,57.61924006204345,90.62913416588704,46.01,0.0,True,True,scored_descriptively,published_mass_template_assumptions,False,False
ESO116-G012,5,3.19,83.3,3.08,47.68067585510927,80.26211489093536,2.30963619659327e-11,62.3223176288607,97.46147506824443,41.4,0.0,True,True,scored_descriptively,published_mass_template_assumptions,False,False
ESO116-G012,6,3.68,91.4,2.83,50.29160864398752,85.26386197910455,2.227371665932629e-11,66.40249721384944,103.30904372736155,30.23,0.0,True,True,scored_descriptively,published_mass_template_assumptions,False,False
ESO116-G012,7,4.13,102.0,5.4,51.93175618058761,88.94126938068646,2.116242451184339e-11,69.39744909863313,107.61079287711536,24.2,0.0,True,True,scored_descriptively,published_mass_template_assumptions,False,False
ESO116-G012,8,5.23,105.0,4.21,52.3288839934505,93.6956574807685,1.6968002183011294e-11,73.45364814150365,112.94756027274754,9.48,0.0,True,True,scored_descriptively,published_mass_template_assumptions,False,False
ESO116-G012,9,6.05,109.0,2.1,50.493588206820874,94.5467743312434,1.3657353415333245e-11,74.43650268862592,113.59306717843417,3.57,0.0,True,True,scored_descriptively,published_mass_template_assumptions,False,False
ESO116-G012,10,6.81,108.0,2.1,48.685626215547444,94.90277923984567,1.127986400900579e-11,75.01836377388946,113.65659827161103,2.78,0.0,True,True,scored_descriptively,published_mass_template_assumptions,False,False
ESO116-G012,11,7.56,109.0,2.1,48.78018091397366,97.14689920607879,1.0200335880883027e-11,77.06845639168878,116.01119650070547,2.04,0.0,True,True,scored_descriptively,published_mass_template_assumptions,False,False
ESO116-G012,12,8.32,110.0,2.1,49.539530680053886,100.042177163295,9.559383929035048e-12,79.73336315876524,119.02145004285309,1.21,0.0,True,True,scored_descriptively,published_mass_template_assumptions,False,False
ESO116-G012,13,9.09,111.0,2.33,49.638324911302156,102.08681823959394,8.784555811431236e-12,81.60505139216633,121.15462540731556,0.72,0.0,True,True,scored_descriptively,published_mass_template_assumptions,False,False
ESO116-G012,14,9.86,112.0,4.74,47.032811950807286,100.80006976069755,7.270669929819732e-12,80.61768341307067,119.57245534019906,0.0,0.0,True,True,scored_descriptively,published_mass_template_assumptions,False,False
ESO444-G084,0,0.26,18.3,1.8,7.45628258584665,16.149768149826212,6.929801980493937e-12,12.218184633443432,20.330366388884716,31.29,0.0,True,True,scored_descriptively,published_mass_template_assumptions,False,False
ESO444-G084,1,0.77,35.3,3.0,15.581224277957107,31.018959582438125,1.0217905631742538e-11,23.704586231349403,38.733006283465016,10.44,0.0,True,True,scored_descriptively,published_mass_template_assumptions,False,False
ESO444-G084,2,1.29,47.8,4.63,19.39866748001006,39.26825374502286,9.45373755880633e-12,30.325427894933185,48.58676679260443,3.29,0.0,True,True,scored_descriptively,published_mass_template_assumptions,False,False
ESO444-G084,3,1.81,52.8,1.26,21.341009816782336,44.60501075576413,8.154565229676605e-12,34.6069964909597,54.95640143625171,1.03,0.0,True,True,scored_descriptively,published_mass_template_assumptions,False,False
ESO444-G084,4,2.32,58.0,3.11,21.886235400360658,47.771553210961834,6.691193695399413e-12,37.170263402164686,58.70002850429112,0.34,0.0,True,True,scored_descriptively,published_mass_template_assumptions,False,False
ESO444-G084,5,3.39,63.1,1.35,18.76466226714459,47.80975037154647,3.3661329191547e-12,37.24372057242788,58.68119910216337,0.03,0.0,True,True,scored_descriptively,published_mass_template_assumptions,False,False
ESO444-G084,6,4.44,62.7,7.36,15.658318875281598,46.19575521035977,1.7896032128037682e-12,35.977974162008785,56.7124141071721,0.0,0.0,True,True,scored_descriptively,published_mass_template_assumptions,False,False
ESO563-G021,0,0.45,18.9,9.78,46.096291065551036,56.77415346810083,1.5302729709426741e-10,47.85239605835094,65.53820624641318,2096.34,0.0,True,False,inclination,published_mass_template_assumptions,False,False
ESO563-G021,1,1.34,58.3,10.5,84.97302189518741,102.95714408225643,1.7462514634899125e-10,86.65977462453,118.98607584578109,997.68,0.0,True,False,inclination,published_mass_template_assumptions,False,False
ESO563-G021,2,2.23,74.1,5.69,97.21304027752655,121.4218170826748,1.3733892477864862e-10,102.45313075457061,140.0360080193085,691.26,0.0,True,False,inclination,published_mass_template_assumptions,False,False
ESO563-G021,3,3.12,119.0,4.27,103.36486927384952,132.92792732687596,1.1097899310015747e-10,112.39622514110559,153.0341134505553,574.33,0.0,True,False,inclination,published_mass_template_assumptions,False,False
ESO563-G021,4,4.01,141.0,3.76,111.6238764781084,145.56979410834884,1.0069763793665612e-10,123.19859289323297,167.45635622319767,548.02,0.0,True,False,inclination,published_mass_template_assumptions,False,False
ESO563-G021,5,4.9,195.0,4.54,124.30230106478318,161.7568732203123,1.0219077937053017e-10,136.87919708222648,186.0991504293272,524.14,0.0,True,False,inclination,published_mass_template_assumptions,False,False
ESO563-G021,6,5.79,227.0,4.2,140.8485997445484,181.11836695306823,1.1103910653133542e-10,153.14250144693855,208.51458338448563,483.52,0.0,True,False,inclination,published_mass_template_assumptions,False,False
ESO563-G021,7,6.69,246.0,4.24,154.05735441711312,197.134891529018,1.1497097335620199e-10,166.62937731653295,227.01856455842105,426.75,0.0,True,False,inclination,published_mass_template_assumptions,False,False
ESO563-G021,8,7.58,268.0,5.56,161.6799655183041,207.71488154073933,1.1176161397962862e-10,175.61996620090798,239.1468086338125,376.92,0.0,True,False,inclination,published_mass_template_assumptions,False,False
ESO563-G021,9,8.47,283.0,2.96,170.95013541965972,219.60936160721758,1.118162550493772e-10,185.6757096522888,252.84220213540394,345.98,0.0,True,False,inclination,published_mass_template_assumptions,False,False
ESO563-G021,10,10.23,291.0,9.81,184.51244348281773,238.25145927737952,1.0785123970464303e-10,201.50665836228717,274.2245988871092,282.74,0.0,True,False,inclination,published_mass_template_assumptions,False,False
ESO563-G021,11,12.06,310.0,4.74,194.4826532110255,253.28283817790143,1.0163982025884682e-10,214.33961779451857,291.3859166889413,199.54,0.0,True,False,inclination,published_mass_template_assumptions,False,False
ESO563-G021,12,13.44,310.0,20.4,196.56195003102712,259.29648736888674,9.316420665379617e-11,219.60548377212308,298.0978136118502,164.72,0.0,True,False,inclination,published_mass_template_assumptions,False,False
ESO563-G021,13,15.18,310.0,16.1,199.6051185465944,266.9574775652142,8.505914852602827e-11,226.28408840941896,306.68358469756504,131.46,0.0,True,False,inclination,published_mass_template_assumptions,False,False
ESO563-G021,14,16.83,314.0,13.5,200.91883149670164,272.4881906786068,7.773321428637275e-11,231.2605749288573,312.7230756405983,96.52,0.0,True,False,inclination,published_mass_template_assumptions,False,False
ESO563-G021,15,18.56,317.0,12.7,196.83165027505106,272.9243227161222,6.764899519290209e-11,232.05153964913674,312.76361610138014,70.44,0.0,True,False,inclination,published_mass_template_assumptions,False,False
ESO563-G021,16,20.3,319.0,10.4,195.28610204005815,275.5056950524038,6.08830065240725e-11,234.7319123034829,315.2169603121355,62.6,0.0,True,False,inclination,published_mass_template_assumptions,False,False
ESO563-G021,17,21.94,318.0,10.8,195.94592213159223,279.73979437973213,5.671334864256489e-11,238.48378766849405,319.8946227147455,50.58,0.0,True,False,inclination,published_mass_template_assumptions,False,False
ESO563-G021,18,23.68,317.0,9.3,195.9244923433515,283.3748410519703,5.2534574252343074e-11,241.94301894811304,323.67872077388523,32.65,0.0,True,False,inclination,published_mass_template_assumptions,False,False
ESO563-G021,19,25.41,317.0,7.23,190.38306804965615,281.5459273783056,4.622760910083931e-11,240.87902128987363,321.06814709002106,19.67,0.0,True,False,inclination,published_mass_template_assumptions,False,False
ESO563-G021,20,27.06,312.0,8.39,184.7692467647146,279.2793047399186,4.088660392831148e-11,239.26310322037307,318.1315416339841,13.79,0.0,True,False,inclination,published_mass_template_assumptions,False,False
ESO563-G021,21,28.8,312.0,8.37,177.7528534229479,275.6016958171847,3.555413598792067e-11,236.25294425225465,313.75993244902645,7.98,0.0,True,False,inclination,published_mass_template_assumptions,False,False
ESO563-G021,22,30.53,311.0,11.5,171.39170823000742,272.31590650420753,3.1181877794009694e-11,233.79611861337423,309.63632704140235,4.31,0.0,True,False,inclination,published_mass_template_assumptions,False,False
ESO563-G021,23,32.18,310.0,14.5,167.3475011764442,271.00231363072163,2.8203426747033616e-11,233.30117345041035,307.51453270936406,2.73,0.0,True,False,inclination,published_mass_template_assumptions,False,False
ESO563-G021,24,33.91,313.0,15.9,164.12639047392713,270.49178724535454,2.5744146720621185e-11,233.55575220992836,306.250949927911,1.63,0.0,True,False,inclination,published_mass_template_assumptions,False,False
ESO563-G021,25,35.65,320.0,8.83,159.98318052220367,268.91511682605494,2.3266902692196055e-11,232.57157036740577,304.0803890546894,1.34,0.0,True,False,inclination,published_mass_template_assumptions,False,False
ESO563-G021,26,37.3,321.0,7.88,156.66588700160608,267.9074654279917,2.1325022928176216e-11,232.04569786934152,302.59005118461425,0.94,0.0,True,False,inclination,published_mass_template_assumptions,False,False
ESO563-G021,27,39.03,320.0,8.0,152.71927858001425,266.2307083133816,1.9365942195353168e-11,230.79493079593607,300.4818842175119,0.72,0.0,True,False,inclination,published_mass_template_assumptions,False,False
ESO563-G021,28,40.76,315.0,9.82,149.02625959877003,264.6796960519259,1.765797436352122e-11,229.6225716510067,298.54704594121455,0.59,0.0,True,False,inclination,published_mass_template_assumptions,False,False
ESO563-G021,29,42.41,312.0,9.07,146.0616998052535,263.6717134351486,1.6302487777106522e-11,228.91574291677287,297.23362902382075,0.59,0.0,True,False,inclination,published_mass_template_assumptions,False,False
F561-1,0,1.61,23.4,10.0,20.890432020425045,42.96356117171835,8.784527800144773e-12,22.21218719410107,66.54045713804847,43.88,0.0,True,False,quality;inclination,published_mass_template_assumptions,False,False
F561-1,1,3.23,40.6,5.0,28.59813105781565,59.691713851933144,8.205824731541397e-12,31.02432812142707,92.0983852533688,19.59,0.0,True,False,quality;inclination,published_mass_template_assumptions,False,False
F561-1,2,4.84,45.5,5.0,31.799514147231875,69.22844384314425,6.7708791499538764e-12,36.256737421333256,106.20594959294081,14.19,0.0,True,False,quality;inclination,published_mass_template_assumptions,False,False
F561-1,3,6.45,49.2,5.0,37.50898092457325,80.88691416248892,7.0690372507743755e-12,42.54475445799879,123.69009303195119,11.07,0.0,True,False,quality;inclination,published_mass_template_assumptions,False,False
F561-1,4,8.06,50.4,5.0,43.029479429804866,91.7431113793743,7.444689635903959e-12,48.41290078570309,139.937438167114,7.95,0.0,True,False,quality;inclination,published_mass_template_assumptions,False,False
F561-1,5,9.66,50.4,5.0,45.588423969249035,98.60815157504322,6.972387015197823e-12,52.199798726341356,150.03111740220186,3.35,0.0,True,False,quality;inclination,published_mass_template_assumptions,False,False
F563-1,0,1.07,22.1,7.17,13.09066079309979,30.234263723986757,5.1902564415640136e-12,20.611686549316307,41.177681324999696,33.42,0.0,True,False,inclination,published_mass_template_assumptions,False,False
F563-1,1,1.78,42.7,10.66,17.79356484800053,40.1437985315313,5.764416907703964e-12,27.41248493666307,54.6151910622736,20.43,0.0,True,False,inclination,published_mass_template_assumptions,False,False
F563-1,2,2.49,60.6,7.69,20.391511714436476,46.65752229666813,5.411889916731713e-12,31.957269117826932,63.34027836562132,14.31,0.0,True,False,inclination,published_mass_template_assumptions,False,False
F563-1,3,2.97,76.8,11.1,21.45711070950607,49.92112600637329,5.0238364134100514e-12,34.284155536209354,67.63981976387763,9.63,0.0,True,False,inclination,published_mass_template_assumptions,False,False
F563-1,4,3.04,81.6,17.5,21.48906931442123,50.224247688224565,4.922787448544565e-12,34.51094879732539,68.02360622566329,9.31,0.0,True,False,inclination,published_mass_template_assumptions,False,False
F563-1,5,3.19,87.0,8.93,21.64654475892169,50.97580633071303,4.76031771133193e-12,35.064299652342946,68.98820030308784,9.15,0.0,True,False,inclination,published_mass_template_assumptions,False,False
F563-1,6,6.95,90.0,24.8,27.479107518258303,69.2956384663987,3.5210313906640006e-12,48.50373234661222,92.54050007567967,3.35,0.0,True,False,inclination,published_mass_template_assumptions,False,False
F563-1,7,8.58,97.8,9.4,30.729838105658807,77.26458443650986,3.5668324695885855e-12,54.50911083396913,102.51853111917458,1.88,0.0,True,False,inclination,published_mass_template_assumptions,False,False
F563-1,8,9.26,93.7,25.3,32.14365489486222,80.56696380540409,3.6160046600351833e-12,57.001833459054986,106.64083148336503,1.68,0.0,True,False,inclination,published_mass_template_assumptions,False,False
F563-1,9,9.89,103.0,23.8,33.52910824940025,83.68390094229613,3.683809547068325e-12,59.321233809431526,110.58272787888575,1.49,0.0,True,False,inclination,published_mass_template_assumptions,False,False
F563-1,10,10.08,97.4,11.0,34.03736990426845,84.73836243865857,3.724782442440538e-12,60.1037007524918,111.91949358613547,1.43,0.0,True,False,inclination,published_mass_template_assumptions,False,False
F563-1,11,11.84,106.5,9.48,36.57767146771374,91.4159264296473,3.662097156797387e-12,65.09697742617695,120.3176946738727,0.72,0.0,True,False,inclination,published_mass_template_assumptions,False,False
F563-1,12,14.56,112.0,11.0,35.462798112952115,94.27059411859543,2.799200964448552e-12,67.23586765555147,123.89745547033512,0.36,0.0,True,False,inclination,published_mass_template_assumptions,False,False
F563-1,13,15.43,111.5,9.4,35.464715563500576,95.54699988201116,2.641657388347671e-12,68.1965742989971,125.49081520994497,0.28,0.0,True,False,inclination,published_mass_template_assumptions,False,False
F563-1,14,17.93,111.0,24.3,37.26318290216229,101.59120214133004,2.50974190201097e-12,72.72448705103241,133.06926937635083,0.14,0.0,True,False,inclination,published_mass_template_assumptions,False,False
F563-1,15,19.02,112.5,7.75,37.99044287712371,104.06441592403793,2.4591649200834406e-12,74.56203505259403,136.19482518357535,0.1,0.0,True,False,inclination,published_mass_template_assumptions,False,False
F563-1,16,20.1,106.0,10.7,38.63234460914843,106.35784971555607,2.4063319098529964e-12,76.28725807575148,139.05641176841922,0.0,0.0,True,False,inclination,published_mass_template_assumptions,False,False
F563-V1,0,1.31,12.0,5.0,9.10370254347098,26.016066074574887,2.050285202160278e-12,19.72805934772913,32.08068762190478,12.6,0.0,True,False,quality,published_mass_template_assumptions,False,False
F563-V1,1,2.63,21.7,5.0,15.338736910189184,40.446017592610914,2.899164801390527e-12,30.91244189355222,49.57670998085026,9.31,0.0,True,False,quality,published_mass_template_assumptions,False,False
F563-V1,2,3.93,28.6,5.0,21.54479403475466,53.30497818843129,3.827732659370482e-12,40.758585321389035,65.31882561371648,7.16,0.0,True,False,quality,published_mass_template_assumptions,False,False
F563-V1,3,5.24,29.5,5.0,23.733263576676514,59.99585984678538,3.4836385890284176e-12,46.07950542812435,73.25251588425027,3.64,0.0,True,False,quality,published_mass_template_assumptions,False,False
F563-V1,4,6.55,28.6,5.0,24.924575222057445,64.84332747851259,3.0737156327471154e-12,50.02075235994332,78.88323586789573,2.39,0.0,True,False,quality,published_mass_template_assumptions,False,False
F563-V1,5,7.87,27.3,5.0,26.057117070006036,69.28618106077082,2.7959374469690725e-12,53.60019311582188,84.08418307702334,2.56,0.0,True,False,quality,published_mass_template_assumptions,False,False
F563-V2,0,0.28,11.9,7.89,4.499633318393844,12.464394260808632,2.3433959299854716e-12,7.078175587767019,18.5698921332121,68.0,0.0,True,False,inclination,published_mass_template_assumptions,False,False
F563-V2,1,0.87,34.8,7.89,12.812872433611442,28.52951415422516,6.115376594417179e-12,16.17497934827603,42.57120897368517,60.24,0.0,True,False,inclination,published_mass_template_assumptions,False,False
F563-V2,2,1.46,58.5,8.68,19.95657410479063,40.98676257571759,8.840332038312784e-12,23.227793653609098,61.19200018489547,50.99,0.0,True,False,inclination,published_mass_template_assumptions,False,False
F563-V2,3,2.05,81.5,14.2,25.8834464474884,51.13526320476065,1.0591069069001281e-11,28.99171716208811,76.3295603815952,39.39,0.0,True,False,inclination,published_mass_template_assumptions,False,False
F563-V2,4,2.35,91.8,17.5,27.909132018033095,54.97145386650494,1.0741730510047886e-11,31.18634077880192,82.02013815067097,33.19,0.0,True,False,inclination,published_mass_template_assumptions,False,False
F563-V2,5,4.76,114.0,8.68,35.93641885330256,73.89285142464337,8.7924942916089e-12,42.30962857889009,109.50422297194358,10.8,0.0,True,False,inclination,published_mass_template_assumptions,False,False
F563-V2,6,7.86,116.0,8.68,45.00690724766588,93.58134089476938,8.351899304846164e-12,54.864303583250326,136.09535194879714,3.01,0.0,True,False,inclination,published_mass_template_assumptions,False,False
F563-V2,7,8.7,117.0,16.6,48.67636952361998,100.00638258116274,8.82605360666475e-12,58.91032449876047,144.84265343277892,2.22,0.0,True,False,inclination,published_mass_template_assumptions,False,False
F563-V2,8,10.18,118.0,51.9,47.87453341809192,102.52441776171355,7.296436136314466e-12,60.48688042573271,148.28487923983235,1.34,0.0,True,False,inclination,published_mass_template_assumptions,False,False
F563-V2,9,10.47,118.0,40.3,47.743576531298956,103.00064338916937,7.055579211673923e-12,60.78339640745234,148.9394466884487,1.24,0.0,True,False,inclination,published_mass_template_assumptions,False,False
F565-V2,0,1.26,21.7,10.0,9.8726896031426,26.922959212539613,2.506974264620177e-12,20.49101412497517,33.106127022244934,12.58,0.0,True,True,scored_descriptively,published_mass_template_assumptions,False,False
F565-V2,1,2.51,40.3,10.0,16.215006938018867,41.23348904813733,3.3947673060044994e-12,31.567645662040594,50.471982840996596,5.69,0.0,True,True,scored_descriptively,published_mass_template_assumptions,False,False
F565-V2,2,3.78,57.7,7.0,20.02308043234107,50.77210416440825,3.4373158350433073e-12,39.121099021342424,61.82049949334452,4.01,0.0,True,True,scored_descriptively,published_mass_template_assumptions,False,False
F565-V2,3,5.03,68.5,7.0,22.401393929842847,57.605537466115564,3.2331924511694436e-12,44.691778261162966,69.72953774664064,1.6,0.0,True,True,scored_descriptively,published_mass_template_assumptions,False,False
F565-V2,4,6.29,73.5,7.0,25.894672231947638,65.58447956618603,3.454774025607714e-12,50.970226482684936,79.26692357123534,1.58,0.0,True,True,scored_descriptively,published_mass_template_assumptions,False,False
F565-V2,5,7.54,78.5,5.0,28.66380295773748,72.23461579613436,3.531390369769001e-12,56.31320026338537,87.06163572326025,0.6,0.0,True,True,scored_descriptively,published_mass_template_assumptions,False,False
F565-V2,6,8.8,83.1,6.0,30.156646033668927,76.92412342698252,3.3491365863388057e-12,60.18981845598193,92.4016095797893,0.21,0.0,True,True,scored_descriptively,published_mass_template_assumptions,False,False
F567-2,0,1.92,26.9,8.0,15.249678685139566,37.51445450421414,3.925270697210253e-12,16.199166987342462,62.61730118297703,22.17,0.0,True,False,quality;inclination,published_mass_template_assumptions,False,False
F567-2,1,3.83,46.8,5.0,19.579477776488318,50.31112741866378,3.243791183408013e-12,21.61493899270425,84.21575727397568,10.5,0.0,True,False,quality;inclination,published_mass_template_assumptions,False,False
F567-2,2,5.75,47.6,5.0,23.14755710652854,60.46559196426305,3.0198956636688894e-12,26.652358727775045,99.59539091254214,5.0,0.0,True,False,quality;inclination,published_mass_template_assumptions,False,False
F567-2,3,7.67,48.1,8.0,29.120661908686074,73.14260197281978,3.5830805808873793e-12,33.00098012766898,118.46082069973478,3.29,0.0,True,False,quality;inclination,published_mass_template_assumptions,False,False
F567-2,4,9.59,52.2,10.0,33.65649491554342,83.26992133125326,3.827970817141029e-12,37.93266784271474,133.82602537985701,1.99,0.0,True,False,quality;inclination,published_mass_template_assumptions,False,False
F568-1,0,0.44,15.7,9.1,8.415901615394514,19.415266610574786,5.21672661466345e-12,14.048767723409194,25.314653494159266,98.11,0.0,True,False,inclination,published_mass_template_assumptions,False,False
F568-1,1,1.32,44.5,9.1,19.411026505571517,39.47753331797464,9.250655946001505e-12,28.47873895147855,51.59986964965427,57.84,0.0,True,False,inclination,published_mass_template_assumptions,False,False
F568-1,2,2.2,69.4,9.1,24.55738585436162,50.38260127751699,8.883641865202836e-12,36.382604118055575,65.80671524891363,38.81,0.0,True,False,inclination,published_mass_template_assumptions,False,False
F568-1,3,3.08,90.0,11.4,28.17002573658746,58.576265604940474,8.349745257828982e-12,42.45637926362886,76.31497168444565,24.49,0.0,True,False,inclination,published_mass_template_assumptions,False,False
F568-1,4,3.96,105.0,9.88,29.211390757716412,63.162807855911105,6.983268449121401e-12,45.870201919556166,82.17072308094569,19.47,0.0,True,False,inclination,published_mass_template_assumptions,False,False
F568-1,5,4.84,113.0,16.2,31.163067884917876,68.45131347201212,6.502562042680319e-12,49.95579976213322,88.744740218874,16.02,0.0,True,False,inclination,published_mass_template_assumptions,False,False
F568-1,6,5.53,117.0,24.8,33.44753578367171,73.33596744371444,6.556205798267013e-12,53.85671036961856,94.65432095882011,13.79,0.0,True,False,inclination,published_mass_template_assumptions,False,False
F568-1,7,7.48,124.0,9.1,43.099569603419475,90.34093394135223,8.048106661702017e-12,67.33070818697766,115.31005679787341,10.81,0.0,True,False,inclination,published_mass_template_assumptions,False,False
F568-1,8,8.37,127.0,9.1,47.04590205320757,97.27566831076895,8.569739032852099e-12,72.7945967078666,123.75671804279897,8.48,0.0,True,False,inclination,published_mass_template_assumptions,False,False
F568-1,9,9.24,130.0,9.1,50.13310682572944,103.02698453921933,8.81508942239431e-12,77.36921312110212,130.6954918152024,6.88,0.0,True,False,inclination,published_mass_template_assumptions,False,False
F568-1,10,10.13,133.0,9.1,52.70897551650952,108.12742229051688,8.888104653570269e-12,81.43140352215201,136.83663262023526,5.7,0.0,True,False,inclination,published_mass_template_assumptions,False,False
F568-1,11,13.23,142.0,23.8,59.124520294037055,122.27126047084397,8.562978839793152e-12,92.50426231609644,154.1279481882739,3.23,0.0,True,False,inclination,published_mass_template_assumptions,False,False
F568-3,0,0.64,12.4,8.6,9.660703908101107,22.78734091378711,4.725927163443922e-12,15.83671656055153,29.930760554329407,67.54,0.0,True,True,scored_descriptively,published_mass_template_assumptions,False,False
F568-3,1,1.18,21.9,6.2,15.04948337983733,33.383404648383824,6.220289973639166e-12,23.176557638703745,43.88697037227278,56.11,0.0,True,True,scored_descriptively,published_mass_template_assumptions,False,False
F568-3,2,1.8,32.3,1.88,19.66619434461075,42.550304655434275,6.963340029789283e-12,29.52258079251806,55.96569803352334,46.3,0.0,True,True,scored_descriptively,published_mass_template_assumptions,False,False
F568-3,3,2.03,37.9,6.2,21.099772510622007,45.44691773790081,7.107370620553435e-12,31.52750526036183,59.78264120094043,44.1,0.0,True,True,scored_descriptively,published_mass_template_assumptions,False,False
F568-3,4,2.78,53.1,9.5,25.7800620635405,54.48794499043756,7.747696074836268e-12,37.78347340217707,71.70056858884953,37.67,0.0,True,True,scored_descriptively,published_mass_template_assumptions,False,False
F568-3,5,3.0,62.4,11.0,26.97531464135312,56.8341904210211,7.860700292265622e-12,39.409647682467316,74.78976879807804,35.56,0.0,True,True,scored_descriptively,published_mass_template_assumptions,False,False
F568-3,6,3.64,68.0,6.2,30.12709079881428,63.093336451482216,8.080950822852051e-12,43.764236691060944,83.00931951226833,30.26,0.0,True,True,scored_descriptively,published_mass_template_assumptions,False,False
F568-3,7,4.19,78.0,7.98,32.554889801687246,67.96596540048144,8.197244537473324e-12,47.196417464243616,89.3528558879079,25.29,0.0,True,True,scored_descriptively,published_mass_template_assumptions,False,False
F568-3,8,4.6,82.3,6.2,33.540006708407205,70.53915127972198,7.92534019493955e-12,49.04121896164959,92.65787352059488,21.07,0.0,True,True,scored_descriptively,published_mass_template_assumptions,False,False
F568-3,9,5.14,85.7,6.3,34.540041256489545,73.47638797088658,7.521977668419961e-12,51.178811530195965,96.38741356835635,19.58,0.0,True,True,scored_descriptively,published_mass_template_assumptions,False,False
F568-3,10,5.39,85.5,6.51,35.308448705656836,75.16836879714326,7.495799539274298e-12,52.403357792964414,98.54602838815147,19.11,0.0,True,True,scored_descriptively,published_mass_template_assumptions,False,False
F568-3,11,6.31,89.5,15.6,38.519937694653656,81.70940031371414,7.620636517362567e-12,57.1998970496136,106.80700477215194,14.95,0.0,True,True,scored_descriptively,published_mass_template_assumptions,False,False
F568-3,12,9.1,95.2,15.5,45.04124942760802,96.66582950332405,7.2248514302447575e-12,68.61652182172628,125.04496473280722,7.98,0.0,True,True,scored_descriptively,published_mass_template_assumptions,False,False
F568-3,13,10.17,97.5,6.2,47.39757430502114,101.92825209593933,7.158808317752619e-12,72.56916297175137,131.5408621168546,6.77,0.0,True,True,scored_descriptively,published_mass_template_assumptions,False,False
F568-3,14,11.99,101.0,10.2,49.68217386548218,108.51247259660617,6.671622310654255e-12,77.5710418796451,139.57906181268766,4.47,0.0,True,True,scored_descriptively,published_mass_template_assumptions,False,False
F568-3,15,14.02,107.0,10.7,50.815318064536406,113.75803121834814,5.968850998940578e-12,81.59955794892237,145.91226823178215,3.11,0.0,True,True,scored_descriptively,published_mass_template_assumptions,False,False
F568-3,16,15.94,117.0,11.7,52.06421563799843,118.64463466858622,5.51111911436527e-12,85.31489891698044,151.86461822552835,2.41,0.0,True,True,scored_descriptively,published_mass_template_assumptions,False,False
F568-3,17,17.98,120.0,12.0,52.15391116685306,122.00633319817686,4.9026798381635355e-12,87.78099788622151,156.09199833357783,1.66,0.0,True,True,scored_descriptively,published_mass_template_assumptions,False,False
F568-V1,0,0.39,17.4,30.4,8.59064316567741,19.116322101367192,6.1324809461179e-12,13.247208577319787,25.16214298817274,99.83,0.0,True,True,scored_descriptively,published_mass_template_assumptions,False,False
F568-V1,1,1.18,46.3,37.1,20.312371845749574,39.55650086322,1.1331534465602625e-11,27.35003834924118,52.170969867617686,60.79,0.0,True,True,scored_descriptively,published_mass_template_assumptions,False,False
F568-V1,2,1.95,69.1,13.1,24.45214305536429,48.97073702452028,9.93684920434666e-12,33.89300816372814,64.53646440769228,34.2,0.0,True,True,scored_descriptively,published_mass_template_assumptions,False,False
F568-V1,3,2.74,85.2,6.2,26.219502283605614,54.836019882331925,8.131071474867841e-12,38.01026124642559,72.17999098377645,27.14,0.0,True,True,scored_descriptively,published_mass_template_assumptions,False,False
F568-V1,4,3.53,93.2,6.2,29.384785178728126,61.79699853750866,7.927199528690234e-12,42.88985557273855,81.27043137144987,22.68,0.0,True,True,scored_descriptively,published_mass_template_assumptions,False,False
F568-V1,5,4.3,100.0,12.4,32.22148429231651,67.95523794979127,7.824779067541977e-12,47.27942187884051,89.21757782235862,16.78,0.0,True,True,scored_descriptively,published_mass_template_assumptions,False,False
F568-V1,6,5.09,108.0,6.2,33.56661511085084,72.15176721678397,7.173758792085314e-12,50.33391488539088,94.54436592695257,11.52,0.0,True,True,scored_descriptively,published_mass_template_assumptions,False,False
F568-V1,7,5.87,112.0,6.2,34.020939140476415,75.01789238440705,6.390045486438912e-12,52.49189039962144,98.08286846986955,9.36,0.0,True,True,scored_descriptively,published_mass_template_assumptions,False,False
F568-V1,8,6.4,113.0,24.9,34.702012909916334,77.31767218442279,6.097879174209063e-12,54.20551689485929,100.94733983095416,8.08,0.0,True,True,scored_descriptively,published_mass_template_assumptions,False,False
F568-V1,9,7.44,113.0,15.5,36.57912519456965,82.32327062600439,5.828316788340776e-12,57.95980908289421,107.14801874000187,6.21,0.0,True,True,scored_descriptively,published_mass_template_assumptions,False,False
F568-V1,10,8.21,112.0,13.1,38.12186970755763,86.0989242833638,5.736601512042476e-12,60.833300795374264,111.76468336335518,4.32,0.0,True,True,scored_descriptively,published_mass_template_assumptions,False,False
F568-V1,11,9.0,111.0,26.4,38.981473804873,88.9740287082972,5.471714828228243e-12,63.17655972893273,115.05734279504314,3.01,0.0,True,True,scored_descriptively,published_mass_template_assumptions,False,False
F568-V1,12,9.72,111.0,19.4,40.442775003701215,92.37870419885584,5.453371503993186e-12,65.87751911665677,119.05416593775807,2.45,0.0,True,True,scored_descriptively,published_mass_template_assumptions,False,False
F568-V1,13,11.79,113.0,12.5,44.75253456509475,102.00727436410446,5.5051723889734876e-12,73.49662871872059,130.3498831089198,1.17,0.0,True,True,scored_descriptively,published_mass_template_assumptions,False,False
F568-V1,14,17.63,118.0,14.6,42.9724109167731,109.27739232083829,3.394506013491774e-12,79.31517834426928,138.74295572655532,0.0,0.0,True,True,scored_descriptively,published_mass_template_assumptions,False,False
F571-8,0,0.22,12.4,7.0,27.090744729519713,34.968883864095794,1.0811069568673706e-10,28.57086670696687,41.08051438082367,1846.57,0.0,True,False,inclination,published_mass_template_assumptions,False,False
F571-8,1,0.78,37.5,4.0,60.65077864298199,74.71191524282754,1.528366865055135e-10,60.83855737784554,88.01989905187128,705.48,0.0,True,False,inclination,published_mass_template_assumptions,False,False
F571-8,2,1.33,56.5,4.0,73.64244699899645,92.454098297651,1.3214606503990658e-10,75.40226963053526,108.78197497323674,403.21,0.0,True,False,inclination,published_mass_template_assumptions,False,False
F571-8,3,2.33,69.1,4.0,81.10435777441307,107.2798657834966,9.149174547282023e-11,87.81140372731292,125.83796087935748,121.25,0.0,True,False,inclination,published_mass_template_assumptions,False,False
F571-8,4,3.44,85.5,7.5,76.21718507003523,109.46980541945143,5.47263926470761e-11,90.02127782111043,127.896335826339,35.98,0.0,True,False,inclination,published_mass_template_assumptions,False,False
F571-8,5,3.78,87.1,8.4,73.6884597477787,108.83870280014246,4.6553958246530817e-11,89.61760907540096,127.01715575759488,25.02,0.0,True,False,inclination,published_mass_template_assumptions,False,False
F571-8,6,4.77,105.0,4.0,65.61750414333054,105.52345294500643,2.925300533948482e-11,87.19700681255028,122.77322117489942,8.51,0.0,True,False,inclination,published_mass_template_assumptions,False,False
F571-8,7,5.44,112.0,6.7,61.76565429103783,104.30172972985895,2.2727132698808935e-11,86.33810498915267,121.17085543311558,6.64,0.0,True,False,inclination,published_mass_template_assumptions,False,False
F571-8,8,6.11,116.0,4.0,58.343043287096364,103.15545287674433,1.8054538952009932e-11,85.52076060410045,119.68346000168088,6.17,0.0,True,False,inclination,published_mass_template_assumptions,False,False
F571-8,9,7.22,124.0,4.0,54.91017528655322,103.01172003673389,1.3533742757503147e-11,85.57257538937928,119.31978613864395,5.4,0.0,True,False,inclination,published_mass_template_assumptions,False,False
F571-8,10,9.33,135.0,4.0,49.69848740152964,102.73538894277029,8.579345406106607e-12,85.57664725233262,118.73260504773295,2.8,0.0,True,False,inclination,published_mass_template_assumptions,False,False
F571-8,11,11.1,140.0,4.0,46.93217233412491,103.34217065008407,6.430841258895219e-12,86.22620702170407,119.27303497383024,1.77,0.0,True,False,inclination,published_mass_template_assumptions,False,False
F571-8,12,15.55,144.0,5.0,40.78579225661799,103.2172651902487,3.466864493290873e-12,86.32656511076878,118.89470824255292,0.0,0.0,True,False,inclination,published_mass_template_assumptions,False,False
F571-V1,0,1.95,32.0,10.0,18.582752756252233,41.96559787638308,5.73898303188642e-12,25.918551484405167,59.026121771940495,23.44,0.0,True,True,scored_descriptively,published_mass_template_assumptions,False,False
F571-V1,1,3.88,57.6,10.0,29.336367362030355,63.030633474737854,7.188369618533166e-12,39.129415199692566,88.32513739757215,10.77,0.0,True,True,scored_descriptively,published_mass_template_assumptions,False,False
F571-V1,2,5.83,70.9,7.0,31.396777700904277,71.63905392256923,5.479627747052053e-12,44.99570553917817,99.46948260000985,4.16,0.0,True,True,scored_descriptively,published_mass_template_assumptions,False,False
F571-V1,3,7.78,77.0,6.0,34.499139119693986,80.50314888761508,4.957769983253679e-12,50.92153486765979,111.12589248233434,2.09,0.0,True,True,scored_descriptively,published_mass_template_assumptions,False,False
F571-V1,4,9.72,82.5,6.0,37.165716056602484,88.17732394796839,4.605408933196797e-12,56.033140940006355,121.23993842249087,1.23,0.0,True,True,scored_descriptively,published_mass_template_assumptions,False,False
F571-V1,5,11.66,84.3,6.0,37.04158878881952,91.72381275741928,3.813555899584323e-12,58.506588414428506,125.69846775639792,0.46,0.0,True,True,scored_descriptively,published_mass_template_assumptions,False,False
F571-V1,6,13.59,83.9,6.0,34.39023407887768,91.26076854470858,2.820332173973683e-12,58.25405917588869,124.98021087722067,0.0,0.0,True,True,scored_descriptively,published_mass_template_assumptions,False,False
F574-1,0,0.47,15.3,4.4,9.188718626663894,20.684807370143588,5.821856582871827e-12,16.678039613225703,24.32560694793043,104.59,0.0,True,True,scored_descriptively,published_mass_template_assumptions,False,False
F574-1,1,1.41,41.0,4.36,23.266319004088295,44.42349057447821,1.2441871136233242e-11,35.726539490638366,52.363938445173055,69.17,0.0,True,True,scored_descriptively,published_mass_template_assumptions,False,False
F574-1,2,2.35,60.7,4.4,29.144001955805592,56.358500695132186,1.1713318899133341e-11,45.344846677119506,66.4088892446654,36.87,0.0,True,True,scored_descriptively,published_mass_template_assumptions,False,False
F574-1,3,3.29,74.9,4.4,30.195704164665543,61.80391797162937,8.981396726316694e-12,49.80538931709229,72.73054412826252,24.85,0.0,True,True,scored_descriptively,published_mass_template_assumptions,False,False
F574-1,4,4.22,83.0,6.28,31.8407498341355,67.22552964131522,7.785805980161137e-12,54.261757963114846,79.01508280881258,21.2,0.0,True,True,scored_descriptively,published_mass_template_assumptions,False,False
F574-1,5,5.17,86.8,4.4,33.92370926063363,72.83020538402936,7.213824569359283e-12,58.89574771584031,85.48754137527678,16.81,0.0,True,True,scored_descriptively,published_mass_template_assumptions,False,False
F574-1,6,6.11,89.4,4.4,36.0853827747469,78.21580660463677,6.9067045327815605e-12,63.39198983386499,91.66374717545659,13.72,0.0,True,True,scored_descriptively,published_mass_template_assumptions,False,False
F574-1,7,7.05,92.5,4.4,37.28458528668383,82.21376784912697,6.390266515832591e-12,66.82924927622143,96.14350970116386,10.54,0.0,True,True,scored_descriptively,published_mass_template_assumptions,False,False
F574-1,8,7.99,94.7,4.4,38.93271310864426,86.58649617047162,6.147973890823437e-12,70.6061627251425,101.02513404857483,8.66,0.0,True,True,scored_descriptively,published_mass_template_assumptions,False,False
F574-1,9,8.92,96.3,4.4,39.61167567775946,89.58881195791007,5.700737315314931e-12,73.35111964760011,104.213542868303,6.85,0.0,True,True,scored_descriptively,published_mass_template_assumptions,False,False
F574-1,10,9.87,97.8,4.4,41.49203417524863,94.01852528225952,5.652775736633542e-12,77.23487528858237,109.09255126622357,6.33,0.0,True,True,scored_descriptively,published_mass_template_assumptions,False,False
F574-1,11,10.79,98.8,4.62,43.492004437597494,98.43983234537836,5.6812886806453445e-12,81.12246316087689,113.94706610627415,5.29,0.0,True,True,scored_descriptively,published_mass_template_assumptions,False,False
F574-1,12,11.8,99.5,4.4,45.36720842194282,102.79998194245402,5.652643037927156e-12,84.96104155113197,118.72545856701257,4.09,0.0,True,True,scored_descriptively,published_mass_template_assumptions,False,False
F574-1,13,12.6,99.7,5.14,46.48352880322233,105.7293646079497,5.557469526254229e-12,87.60935441591973,121.85665127513359,3.23,0.0,True,True,scored_descriptively,published_mass_template_assumptions,False,False
F574-2,0,2.17,12.6,10.0,12.603430088670306,34.81331932953622,2.372287029316866e-12,20.592897116997207,50.30552141793698,19.17,0.0,True,False,quality,published_mass_template_assumptions,False,False
F574-2,1,4.32,23.0,10.0,17.6380611179347,48.90559087453636,2.3338201987992803e-12,29.515666941085172,69.83644617186775,9.84,0.0,True,False,quality,published_mass_template_assumptions,False,False
F574-2,2,6.49,30.0,8.0,28.65937891860185,69.80259958549749,4.101458362369836e-12,43.465544019928835,97.5713136952833,6.78,0.0,True,False,quality,published_mass_template_assumptions,False,False
F574-2,3,8.65,36.0,8.0,33.94671265380493,81.72396666580666,4.317464704074444e-12,51.48435234579061,113.19025960660893,4.16,0.0,True,False,quality,published_mass_template_assumptions,False,False
F574-2,4,10.83,40.0,8.0,38.11981243395618,91.62251194429628,4.34833012479716e-12,57.93167302510281,126.51550238787459,2.72,0.0,True,False,quality,published_mass_template_assumptions,False,False
F579-V1,0,0.42,35.7,9.1,10.74876969703975,22.035709749137457,8.914924714862112e-12,12.321257245859487,32.68210610439527,166.94,0.0,True,False,inclination,published_mass_template_assumptions,False,False
F579-V1,1,1.47,83.3,9.3,28.456194404733747,50.42808315067554,1.785195396955117e-11,28.118114584408758,74.98187825755228,105.56,0.0,True,False,inclination,published_mass_template_assumptions,False,False
F579-V1,2,2.11,94.2,10.4,34.22579436623787,60.55678437779997,1.799177755237714e-11,33.79052365953682,89.99797280383432,77.92,0.0,True,False,inclination,published_mass_template_assumptions,False,False
F579-V1,3,2.84,97.6,9.1,37.89247946492813,68.33346445336149,1.6384649770971116e-11,38.18011217480736,101.45438849275129,57.77,0.0,True,False,inclination,published_mass_template_assumptions,False,False
F579-V1,4,3.9,101.0,9.1,41.16146316641331,76.58686085769169,1.4078826476022334e-11,42.885379872462075,113.52076282739714,47.14,0.0,True,False,inclination,published_mass_template_assumptions,False,False
F579-V1,5,4.74,105.0,16.7,45.830403663943436,84.92378367825505,1.4360794843317598e-11,47.6573012686678,125.68989604854936,41.35,0.0,True,False,inclination,published_mass_template_assumptions,False,False
F579-V1,6,5.69,106.0,9.1,49.84554543788241,92.64626309241804,1.415109002059897e-11,52.061949286642516,136.98646060513215,32.17,0.0,True,False,inclination,published_mass_template_assumptions,False,False
F579-V1,7,6.32,108.0,11.5,51.58416084419712,96.60742838990471,1.3644735343783677e-11,54.34430886113012,142.73459404545474,27.41,0.0,True,False,inclination,published_mass_template_assumptions,False,False
F579-V1,8,7.37,110.0,23.0,54.226805179726384,102.7043426142718,1.2930341754097946e-11,57.89320776929843,151.5141996885508,20.81,0.0,True,False,inclination,published_mass_template_assumptions,False,False
F579-V1,9,8.21,112.0,19.7,55.36822328736944,106.3369513512782,1.2101173090145084e-11,60.08765559196719,156.59047992596288,16.56,0.0,True,False,inclination,published_mass_template_assumptions,False,False
F579-V1,10,9.16,113.0,9.1,57.05990317201739,110.7332672928332,1.1519033513033664e-11,62.683976870888515,162.84753618056084,13.22,0.0,True,False,inclination,published_mass_template_assumptions,False,False
F579-V1,11,10.85,114.0,9.1,58.19755450188608,116.10677401864962,1.0116474426315937e-11,65.93155778804524,170.3458610145418,7.53,0.0,True,False,inclination,published_mass_template_assumptions,False,False
F579-V1,12,12.21,114.0,9.1,57.001957861112096,117.70009518717305,8.624091116578331e-12,67.05097572061406,172.25795737119824,4.36,0.0,True,False,inclination,published_mass_template_assumptions,False,False
F579-V1,13,15.16,114.0,11.2,55.7872212070112,121.92177850936338,6.653033534009083e-12,69.96663716183537,177.42170331696346,1.75,0.0,True,False,inclination,published_mass_template_assumptions,False,False
F583-1,0,0.26,14.6,13.0,3.542851958521552,10.788058565359853,1.5645235955864528e-12,8.373548511501303,13.183843293843443,34.28,0.0,True,True,scored_descriptively,published_mass_template_assumptions,False,False
F583-1,1,0.44,10.0,7.0,5.712692009902161,15.731500662665871,2.403689681684623e-12,12.199398827269722,19.2401773936086,31.74,0.0,True,True,scored_descriptively,published_mass_template_assumptions,False,False
F583-1,2,0.77,10.7,7.13,9.161184421241611,23.08535747728664,3.5323357877790138e-12,17.880507645680762,28.26232457419292,26.03,0.0,True,True,scored_descriptively,published_mass_template_assumptions,False,False
F583-1,3,0.89,17.4,9.6,10.133254659782315,25.205498445812967,3.739016333271037e-12,19.517083074813883,30.86474001573315,23.16,0.0,True,True,scored_descriptively,published_mass_template_assumptions,False,False
F583-1,4,1.22,23.5,11.2,11.981951009747954,29.669942838715887,3.813683986594693e-12,22.956841072331958,36.35007613199475,17.48,0.0,True,True,scored_descriptively,published_mass_template_assumptions,False,False
F583-1,5,1.55,31.0,5.2,12.643102862826039,32.265711634995746,3.3421435477294665e-12,24.948580828653277,39.54498028579854,11.3,0.0,True,True,scored_descriptively,published_mass_template_assumptions,False,False
F583-1,6,1.8,32.3,2.41,12.506752176324595,33.20014468008411,2.8162164975483593e-12,25.665029037451095,40.69292161598365,10.51,0.0,True,True,scored_descriptively,published_mass_template_assumptions,False,False
F583-1,7,2.21,40.9,5.9,13.006955831400365,35.556310668984864,2.4808957325319375e-12,27.47693930223352,43.58798751993841,10.14,0.0,True,True,scored_descriptively,published_mass_template_assumptions,False,False
F583-1,8,2.31,43.8,4.26,13.213267953084127,36.22761291086065,2.4493901060379738e-12,27.990605176816384,44.41595200548426,9.91,0.0,True,True,scored_descriptively,published_mass_template_assumptions,False,False
F583-1,9,2.54,44.8,4.5,13.658931144126909,37.698920317242084,2.3803957686070597e-12,29.1043850994196,46.243020258883725,9.2,0.0,True,True,scored_descriptively,published_mass_template_assumptions,False,False
F583-1,10,3.1,51.7,12.7,14.795512833288342,41.21166416815626,2.2884836131298565e-12,31.748672870243716,50.620554846378994,8.56,0.0,True,True,scored_descriptively,published_mass_template_assumptions,False,False
F583-1,11,3.43,55.7,4.5,16.02118753401258,44.0276841015454,2.425184270573414e-12,33.9755269355131,54.021946847124646,7.6,0.0,True,True,scored_descriptively,published_mass_template_assumptions,False,False
F583-1,12,3.86,59.4,9.85,17.36596959573522,47.24834771966866,2.5319797194166695e-12,36.6152126446229,57.813825770222074,6.05,0.0,True,True,scored_descriptively,published_mass_template_assumptions,False,False
F583-1,13,4.09,62.0,4.5,17.96590938416422,48.766877023574324,2.5575524946043675e-12,37.88365613852281,59.57509892534295,5.43,0.0,True,True,scored_descriptively,published_mass_template_assumptions,False,False
F583-1,14,4.37,63.0,3.2,18.729927922979307,50.639973476688645,2.601598239555687e-12,39.46868878710768,61.72433790739178,4.75,0.0,True,True,scored_descriptively,published_mass_template_assumptions,False,False
F583-1,15,4.76,66.6,6.9,19.778294921453668,53.18500093364521,2.663300674758764e-12,41.651678996584174,64.60911538370708,3.9,0.0,True,True,scored_descriptively,published_mass_template_assumptions,False,False
F583-1,16,5.4,71.3,2.95,21.65633740963601,57.495775280870305,2.8146585229121747e-12,45.426412816271906,69.39750227567879,2.77,0.0,True,True,scored_descriptively,published_mass_template_assumptions,False,False
F583-1,17,5.86,72.3,15.5,22.990815557522097,60.508064633572225,2.9232138889832898e-12,48.08544833549045,72.70858265148283,2.15,0.0,True,True,scored_descriptively,published_mass_template_assumptions,False,False
F583-1,18,6.08,73.4,6.0,23.541878642113506,61.80835649279953,2.954119835254639e-12,49.23328035349865,74.13515588290488,1.92,0.0,True,True,scored_descriptively,published_mass_template_assumptions,False,False
F583-1,19,6.43,72.4,5.81,24.53333344655797,64.01895357818243,3.0335531262808903e-12,51.183621316930655,76.5585663183912,1.61,0.0,True,True,scored_descriptively,published_mass_template_assumptions,False,False
F583-1,20,6.97,77.1,12.1,26.323804816173517,67.74640197203486,3.221914420274979e-12,54.464650878359556,80.6459662071023,1.25,0.0,True,True,scored_descriptively,published_mass_template_assumptions,False,False
F583-1,21,7.96,80.3,13.5,29.37,74.107920976352,3.5119172973101907e-12,59.974967226930225,87.71693006657479,0.92,0.0,True,True,scored_descriptively,published_mass_template_assumptions,False,False
F583-1,22,10.29,84.7,6.0,35.30353594188548,86.84722545843141,3.925278644638813e-12,70.8113934764923,102.10449279577259,0.37,0.0,True,True,scored_descriptively,published_mass_template_assumptions,False,False
F583-1,23,15.49,86.9,5.6,41.300118643897385,103.82972379850723,3.5686227152029675e-12,85.15048078099014,121.40248938686723,0.0,0.0,True,True,scored_descriptively,published_mass_template_assumptions,False,False
F583-1,24,16.26,85.8,8.6,41.35500634747866,105.06413592060396,3.408671089354724e-12,86.19819122115327,122.79707973697762,0.0,0.0,True,True,scored_descriptively,published_mass_template_assumptions,False,False
F583-4,0,0.22,10.7,4.9,3.98057156699889,11.036755319286156,2.3340902637400677e-12,8.033073571705332,14.042483419639849,69.18,0.0,True,True,scored_descriptively,published_mass_template_assumptions,False,False
F583-4,1,0.76,24.7,4.9,12.605766537581124,27.43852277827899,6.776015358709317e-12,19.931819208819018,34.9773448675191,60.07,0.0,True,True,scored_descriptively,published_mass_template_assumptions,False,False
F583-4,2,1.31,38.9,4.9,19.119040247878555,39.074731004792675,9.042954257031507e-12,28.372497021486588,49.835084246384994,42.04,0.0,True,True,scored_descriptively,published_mass_template_assumptions,False,False
F583-4,3,1.94,42.7,7.89,23.33223842669194,47.62743313616324,9.094116979336278e-12,34.6164557103868,60.70222711155168,31.07,0.0,True,True,scored_descriptively,published_mass_template_assumptions,False,False
F583-4,4,3.92,55.0,4.9,28.357782000713666,61.98515021187616,6.648258643777755e-12,45.23827593948944,78.75798486707464,9.64,0.0,True,True,scored_descriptively,published_mass_template_assumptions,False,False
F583-4,5,4.35,57.2,4.9,28.67963301717789,63.83005601569081,6.1278394395536095e-12,46.63384322552154,81.0381414661296,8.68,0.0,True,True,scored_descriptively,published_mass_template_assumptions,False,False
F583-4,6,5.0,59.8,4.9,29.497526167460215,66.87438883232309,5.63963036980333e-12,48.932695626404296,84.8075060531806,6.38,0.0,True,True,scored_descriptively,published_mass_template_assumptions,False,False
F583-4,7,5.05,62.5,3.43,29.5127396220683,67.04216178585905,5.5895536524926e-12,49.06387746151815,85.00948800194159,6.2,0.0,True,True,scored_descriptively,published_mass_template_assumptions,False,False
F583-4,8,5.83,61.8,3.98,29.714006798141515,69.49460208469426,4.907986243483115e-12,51.01398072104752,87.9209535708517,3.7,0.0,True,True,scored_descriptively,published_mass_template_assumptions,False,False
F583-4,9,6.09,64.4,4.9,29.811857540247306,70.30740880649704,4.729445624037632e-12,51.66948883703964,88.87425229734856,3.52,0.0,True,True,scored_descriptively,published_mass_template_assumptions,False,False
F583-4,10,6.74,67.2,4.9,31.153954002662324,73.69384165510144,4.666764730059101e-12,54.24815485461938,93.04125971874642,2.89,0.0,True,True,scored_descriptively,published_mass_template_assumptions,False,False
F583-4,11,7.29,69.9,4.9,30.299004934155843,73.8794179677288,4.081113359197289e-12,54.5694079695022,93.03659963742334,0.0,0.0,True,True,scored_descriptively,published_mass_template_assumptions,False,False
IC2574,0,0.85,10.3,0.2,6.781154031578991,20.102732579481,1.75322537511499e-12,17.72005328948289,22.179002685760093,16.75,0.0,True,True,scored_descriptively,published_mass_template_assumptions,False,False
IC2574,1,1.14,12.9,2.7,8.478210306426705,24.247628717102174,2.043398047054609e-12,21.368277683340892,26.758097707581612,14.92,0.0,True,True,scored_descriptively,published_mass_template_assumptions,False,False
IC2574,2,1.42,16.4,1.8,9.824360030047758,27.60934723910683,2.2027725175884203e-12,24.34236193542965,30.458984436138902,13.07,0.0,True,True,scored_descriptively,published_mass_template_assumptions,False,False
IC2574,3,1.71,18.6,2.1,11.332257056738522,31.116414121811182,2.433807242043332e-12,27.579404689604083,34.20483650016349,11.58,0.0,True,True,scored_descriptively,published_mass_template_assumptions,False,False
IC2574,4,1.99,19.8,2.0,12.917755222947989,34.575074034903494,2.717505802928232e-12,30.770609719401428,37.897815144033416,10.8,0.0,True,True,scored_descriptively,published_mass_template_assumptions,False,False
IC2574,5,2.28,26.1,0.6,13.84770197541816,37.038491000768516,2.7256496037178444e-12,33.00152607354857,40.56371401833877,9.24,0.0,True,True,scored_descriptively,published_mass_template_assumptions,False,False
IC2574,6,2.55,27.7,2.7,14.901070431348213,39.53758443112101,2.8219168270936345e-12,35.30703604381432,43.23047229443239,8.42,0.0,True,True,scored_descriptively,published_mass_template_assumptions,False,False
IC2574,7,2.84,29.7,2.6,15.64804141098815,41.61444248331713,2.7941588230580792e-12,37.21426815981842,45.4536340332203,7.37,0.0,True,True,scored_descriptively,published_mass_template_assumptions,False,False
IC2574,8,3.13,33.0,3.4,16.285274022871093,43.48355456893798,2.7459666500652826e-12,38.93457269357826,47.45056388978663,6.93,0.0,True,True,scored_descriptively,published_mass_template_assumptions,False,False
IC2574,9,3.41,34.8,1.2,16.76026401940017,45.04445045961567,2.6696651185669767e-12,40.38508680684897,49.10513513204792,5.88,0.0,True,True,scored_descriptively,published_mass_template_assumptions,False,False
IC2574,10,3.7,35.0,0.9,16.663158464108776,45.762068955125464,2.4319933301878873e-12,41.01942523977389,49.89461809555192,5.69,0.0,True,True,scored_descriptively,published_mass_template_assumptions,False,False
IC2574,11,3.98,39.0,10.2,16.478969931400446,46.2695993732564,2.211192258982498e-12,41.39061718908328,50.523025334611184,5.87,0.0,True,True,scored_descriptively,published_mass_template_assumptions,False,False
IC2574,12,4.26,35.9,5.4,17.02762755054268,47.83779648259443,2.2057086179798784e-12,42.75216192297143,52.27264464595954,6.08,0.0,True,True,scored_descriptively,published_mass_template_assumptions,False,False
IC2574,13,4.55,40.0,4.1,18.928795524279934,51.40634724996463,2.5520196722250846e-12,46.10681311008111,56.02352121438682,6.5,0.0,True,True,scored_descriptively,published_mass_template_assumptions,False,False
IC2574,14,4.84,38.7,1.4,20.808565544025374,54.868708973016346,2.8992681105867116e-12,49.269699602668446,59.745723094951686,5.76,0.0,True,True,scored_descriptively,published_mass_template_assumptions,False,False
IC2574,15,5.12,41.8,0.5,21.945083731897675,57.201229094439704,3.0482738348278444e-12,51.46330498548346,62.194229730736225,4.6,0.0,True,True,scored_descriptively,published_mass_template_assumptions,False,False
IC2574,16,5.41,42.9,0.4,22.44260902836388,58.63635773202299,3.017163721367737e-12,52.78442650124953,63.72649921203782,4.3,0.0,True,True,scored_descriptively,published_mass_template_assumptions,False,False
IC2574,17,5.68,44.4,1.7,23.337525575776024,60.56203987041729,3.1074971061283596e-12,54.56293143679107,65.77756445047586,4.03,0.0,True,True,scored_descriptively,published_mass_template_assumptions,False,False
IC2574,18,5.97,46.1,1.3,24.058496420183868,62.274516609689975,3.1420427328264733e-12,56.129045374151495,67.61578885332786,3.42,0.0,True,True,scored_descriptively,published_mass_template_assumptions,False,False
IC2574,19,6.26,49.0,0.9,25.10909098314792,64.42848901677557,3.263901939056728e-12,58.21673314768602,69.81649577579157,2.76,0.0,True,True,scored_descriptively,published_mass_template_assumptions,False,False
IC2574,20,6.54,51.9,0.6,26.114640529787117,66.47652639649766,3.379401641422342e-12,60.24100966950268,71.86960870662499,2.14,0.0,True,True,scored_descriptively,published_mass_template_assumptions,False,False
IC2574,21,6.83,53.1,2.1,26.374336958490538,67.50172006129083,3.300592070483873e-12,61.291643522359585,72.85973587663896,1.67,0.0,True,True,scored_descriptively,published_mass_template_assumptions,False,False
IC2574,22,7.1,54.0,0.5,26.770045760140196,68.65585603660587,3.2710661976953718e-12,62.4656567545087,73.9819705468308,1.55,0.0,True,True,scored_descriptively,published_mass_template_assumptions,False,False
IC2574,23,7.39,55.9,1.1,27.08247403765025,69.72588631542254,3.2164861623106624e-12,63.510197266986836,75.0648539155445,1.54,0.0,True,True,scored_descriptively,published_mass_template_assumptions,False,False
IC2574,24,7.68,58.8,3.6,27.853005223853312,71.42032703595231,3.2736508344793165e-12,65.17295023968305,76.7706451361777,1.4,0.0,True,True,scored_descriptively,published_mass_template_assumptions,False,False
IC2574,25,7.96,57.3,4.6,28.420460059611983,72.79973874495954,3.288505667911043e-12,66.50941338084536,78.17569379718255,1.25,0.0,True,True,scored_descriptively,published_mass_template_assumptions,False,False
IC2574,26,8.25,54.0,9.0,28.85675917354546,74.00749996140178,3.271075861939885e-12,67.68654970508933,79.39845958142814,1.12,0.0,True,True,scored_descriptively,published_mass_template_assumptions,False,False
IC2574,27,8.52,63.8,12.0,28.72672710212564,74.3749777568928,3.138933806355437e-12,68.0230470621724,79.79202639175212,1.02,0.0,True,True,scored_descriptively,published_mass_template_assumptions,False,False
IC2574,28,8.81,60.5,6.2,28.87202885146799,75.1541687290122,3.0663953837049383e-12,68.76016389460172,80.60313480810811,0.92,0.0,True,True,scored_descriptively,published_mass_template_assumptions,False,False
IC2574,29,9.1,61.0,5.7,29.133738174151286,76.08609552685733,3.0227378782025865e-12,69.64532680820798,81.5696760200836,0.83,0.0,True,True,scored_descriptively,published_mass_template_assumptions,False,False
IC2574,30,9.38,66.0,1.3,29.728049885587854,77.45823258992232,3.0533701710687834e-12,70.94729501632754,82.9941748877046,0.75,0.0,True,True,scored_descriptively,published_mass_template_assumptions,False,False
IC2574,31,9.67,65.2,3.4,30.834816360730933,79.55786589264528,3.186439765683269e-12,72.95176636354977,85.16135037179583,0.67,0.0,True,True,scored_descriptively,published_mass_template_assumptions,False,False
IC2574,32,9.96,67.1,4.7,31.211420986555545,80.6270979412161,3.1696929909580707e-12,74.06807166511581,86.16660134620064,0.0,0.0,True,True,scored_descriptively,published_mass_template_assumptions,False,False
IC2574,33,10.23,67.5,9.3,32.023262638275945,82.25813568559204,3.248665344111206e-12,75.72395689607056,87.74677625717821,0.0,0.0,True,True,scored_descriptively,published_mass_template_assumptions,False,False
IC4202,0,0.77,35.1,3.96,112.9124657422731,123.08033989017751,5.365899230805712e-10,106.16990075091202,139.725250154792,335.17,2678.7,True,False,inclination,published_mass_template_assumptions,False,False
IC4202,1,1.59,77.9,3.95,150.63276529361067,165.95416717043906,4.6247815969756996e-10,143.37071939085772,188.17586774271135,322.39,948.63,True,False,inclination,published_mass_template_assumptions,False,False
IC4202,2,2.36,115.0,6.7,153.6964205178507,174.38649255141755,3.243881330423143e-10,151.21544288505723,197.15842809863426,310.83,463.05,True,False,inclination,published_mass_template_assumptions,False,False
IC4202,3,3.13,156.0,3.16,153.7074553494397,179.2886683258207,2.4462170162125524e-10,155.92688606752205,202.21488825998637,299.69,349.2,True,False,inclination,published_mass_template_assumptions,False,False
IC4202,4,3.95,192.0,3.14,158.90467998142788,188.73059648195687,2.0716946055363123e-10,164.4292956641763,212.55491568718628,288.26,188.22,True,False,inclination,published_mass_template_assumptions,False,False
IC4202,5,4.73,204.0,2.9,164.23977511553042,197.65539288016197,1.8481831117776249e-10,172.41260622281126,222.3841183757066,276.77,83.53,True,False,inclination,published_mass_template_assumptions,False,False
IC4202,6,5.5,209.0,3.36,164.18961757675177,201.27256569638845,1.5884668208960544e-10,175.84435832518943,226.1563527300706,257.54,24.93,True,False,inclination,published_mass_template_assumptions,False,False
IC4202,7,6.27,220.0,3.25,162.92780017541511,203.52748102324338,1.3720574665049868e-10,178.0790225903699,228.40377825643253,255.77,7.38,True,False,inclination,published_mass_template_assumptions,False,False
IC4202,8,7.08,231.0,3.49,164.99062191530766,208.78865158958837,1.246047838704398e-10,182.85705829054746,234.11822252121732,254.06,2.06,True,False,inclination,published_mass_template_assumptions,False,False
IC4202,9,7.86,235.0,4.65,169.90780888470076,216.36913569302658,1.1902921991037412e-10,189.58087880893865,242.52599378157163,239.48,0.6,True,False,inclination,published_mass_template_assumptions,False,False
IC4202,10,8.66,245.0,6.0,174.94316871487152,223.9809781511736,1.1453165592164367e-10,196.32346850466269,250.97827976047824,211.03,0.17,True,False,inclination,published_mass_template_assumptions,False,False
IC4202,11,9.45,246.0,5.57,178.6200235975799,230.16982579648933,1.0941526866333302e-10,201.84445006407066,257.80950736126607,180.74,0.05,True,False,inclination,published_mass_template_assumptions,False,False
IC4202,12,10.24,239.0,6.95,180.73830493285035,234.80275876635733,1.0338318506713893e-10,206.00966985521873,262.88522278530723,151.13,0.01,True,False,inclination,published_mass_template_assumptions,False,False
IC4202,13,11.02,240.0,7.16,181.4475949137932,237.99459076626889,9.682116238963667e-11,208.94382179409465,266.3136447307412,124.69,0.0,True,False,inclination,published_mass_template_assumptions,False,False
IC4202,14,11.79,240.0,4.85,181.39598225980643,240.3540223984166,9.044633574433998e-11,211.2739861343017,268.6961860340409,101.97,0.0,True,False,inclination,published_mass_template_assumptions,False,False
IC4202,15,12.47,246.0,7.68,180.59453142329642,241.6623759087617,8.47602427690405e-11,212.69228130006667,269.89423846263827,85.47,0.0,True,False,inclination,published_mass_template_assumptions,False,False
IC4202,16,13.34,241.0,6.21,179.16039146530127,242.85907607157196,7.79789944519093e-11,214.14835100182302,270.839333368052,69.15,0.0,True,False,inclination,published_mass_template_assumptions,False,False
IC4202,17,14.11,250.0,5.62,177.66157660000655,243.61796235372555,7.249523543600618e-11,215.20003673767027,271.31678404383416,58.36,0.0,True,False,inclination,published_mass_template_assumptions,False,False
IC4202,18,14.59,242.0,5.1,176.6381113463343,243.96860684293867,6.930474786743942e-11,215.70729639316653,271.51437723681323,53.0,0.0,True,False,inclination,published_mass_template_assumptions,False,False
IC4202,19,14.98,244.0,7.41,175.8401485725032,244.26365922539466,6.689192982304061e-11,216.13698335604138,271.67908029584294,48.81,0.0,True,False,inclination,published_mass_template_assumptions,False,False
IC4202,20,15.75,248.0,5.08,174.02663008861603,244.5686480862473,6.23161074570518e-11,216.68734896255538,271.74255883319137,41.91,0.0,True,False,inclination,published_mass_template_assumptions,False,False
IC4202,21,16.52,249.0,5.22,172.0130698522644,244.61517630101264,5.8044664461721114e-11,216.95302814723374,271.56930660851407,35.71,0.0,True,False,inclination,published_mass_template_assumptions,False,False
IC4202,22,17.1,246.0,6.35,170.28304795251935,244.40329764111524,5.495360334743367e-11,216.9028390675804,271.1927502052703,31.62,0.0,True,False,inclination,published_mass_template_assumptions,False,False
IC4202,23,17.88,241.0,16.2,167.7932138973445,243.90265434453894,5.10306059701724e-11,216.62049276224192,270.4684572921058,26.82,0.0,True,False,inclination,published_mass_template_assumptions,False,False
IC4202,24,18.65,247.0,14.6,165.31732930942235,243.32433954340934,4.749056975793643e-11,216.2633067089366,269.66469805334435,22.81,0.0,True,False,inclination,published_mass_template_assumptions,False,False
IC4202,25,19.62,234.0,20.9,162.35600949764685,242.65620549761763,4.353987606345919e-11,215.87792759402436,268.7115148461811,18.65,0.0,True,False,inclination,published_mass_template_assumptions,False,False
IC4202,26,20.78,249.0,10.0,159.79038237641214,242.67763294074115,3.982036014587147e-11,216.30521466015793,268.34419032319306,14.6,0.0,True,False,inclination,published_mass_template_assumptions,False,False
IC4202,27,22.13,236.0,16.1,157.58511281209275,243.3188463250799,3.6366241190597445e-11,217.45850748199484,268.50649732847495,10.95,0.0,True,False,inclination,published_mass_template_assumptions,False,False
IC4202,28,23.0,245.0,22.1,155.90983089593806,243.41000256668127,3.425063437803947e-11,217.85992826508556,268.30369309537946,9.17,0.0,True,False,inclination,published_mass_template_assumptions,False,False
IC4202,29,23.58,243.0,4.2,154.77970845689043,243.42617384490813,3.292560036248834e-11,218.06759549412735,268.13756062812786,8.14,0.0,True,False,inclination,published_mass_template_assumptions,False,False
IC4202,30,25.03,238.0,7.76,150.64421273318135,242.05626508841434,2.9382822354600884e-11,217.0899457258539,266.3768265359264,6.11,0.0,True,False,inclination,published_mass_template_assumptions,False,False
IC4202,31,25.9,247.0,6.14,148.0362105364765,241.0244423336641,2.7421146529298792e-11,216.25229990253203,265.14677952192136,5.18,0.0,True,False,inclination,published_mass_template_assumptions,False,False
KK98-251,0,0.25,4.25,2.0,2.764796556710819,9.382366350896433,9.909136386576669e-13,7.190064821638633,11.52349495628881,8.69,0.0,True,True,scored_descriptively,published_mass_template_assumptions,False,False
KK98-251,1,0.41,6.84,2.0,4.329532307305259,13.353885708566466,1.4816566259449075e-12,10.308741626293447,16.302598032186445,6.61,0.0,True,True,scored_descriptively,published_mass_template_assumptions,False,False
KK98-251,2,0.57,9.56,2.0,5.878775382679628,16.96793578590994,1.9649356533894257e-12,13.155552891463467,20.637502619673672,6.95,0.0,True,True,scored_descriptively,published_mass_template_assumptions,False,False
KK98-251,3,0.74,12.3,2.0,7.854832907197963,21.051657622236284,2.7020391474574895e-12,16.32388619925317,25.601836865446657,6.78,0.0,True,True,scored_descriptively,published_mass_template_assumptions,False,False
KK98-251,4,0.9,15.1,2.0,9.596006982073325,24.533871248446555,3.315797928696186e-12,19.052292779977897,29.797857171801052,5.71,0.0,True,True,scored_descriptively,published_mass_template_assumptions,False,False
KK98-251,5,1.07,17.5,2.0,11.510034752336763,28.173670463924314,4.012536046420093e-12,21.905459246893344,34.181721613344806,5.63,0.0,True,True,scored_descriptively,published_mass_template_assumptions,False,False
KK98-251,6,1.24,19.7,2.0,13.38581712111741,31.63911810463136,4.682928686778792e-12,24.631058993589473,38.342556562016675,4.46,0.0,True,True,scored_descriptively,published_mass_template_assumptions,False,False
KK98-251,7,1.4,21.8,2.0,14.92230880259486,34.5179797296141,5.154582146505791e-12,26.909087325518964,41.77928766673411,3.87,0.0,True,True,scored_descriptively,published_mass_template_assumptions,False,False
KK98-251,8,1.57,24.4,2.0,16.25314892566976,37.12593757791765,5.452866082032976e-12,28.97040790557486,44.89565751447893,3.42,0.0,True,True,scored_descriptively,published_mass_template_assumptions,False,False
KK98-251,9,1.72,27.3,2.0,17.362109606842136,39.29984912955572,5.679707821110954e-12,30.686916777331597,47.49572609429952,3.02,0.0,True,True,scored_descriptively,published_mass_template_assumptions,False,False
KK98-251,10,1.89,30.3,2.0,18.378403086231405,41.419719424993325,5.791661826691422e-12,32.35647769216383,50.03720432842752,2.62,0.0,True,True,scored_descriptively,published_mass_template_assumptions,False,False
KK98-251,11,2.06,32.6,2.0,19.136939410470003,43.17961976061697,5.761388986842595e-12,33.74741933676176,52.14002517737679,2.28,0.0,True,True,scored_descriptively,published_mass_template_assumptions,False,False
KK98-251,12,2.46,33.3,2.0,20.032756924597273,46.07706296473164,5.2868354134104014e-12,36.00604682986198,55.64710615960358,1.69,0.0,True,True,scored_descriptively,published_mass_template_assumptions,False,False
KK98-251,13,2.79,34.6,2.0,20.254547637506,47.686530598992384,4.765301107250522e-12,37.22788497485827,57.642173123188606,1.34,0.0,True,True,scored_descriptively,published_mass_template_assumptions,False,False
KK98-251,14,3.13,34.2,2.0,19.5092119266771,47.94988622379371,3.940801593766394e-12,37.437881428459995,57.95392036044283,0.0,0.0,True,True,scored_descriptively,published_mass_template_assumptions,False,False
NGC0024,0,0.21,17.4,6.51,13.203459773862305,21.57604433139109,2.6903306122898903e-11,19.144934723796084,23.936018816197414,410.75,0.0,True,True,scored_descriptively,published_mass_template_assumptions,False,False
NGC0024,1,0.32,31.0,8.86,18.278789620759902,28.601683457881297,3.383719430094712e-11,25.34855210532254,31.765063584517367,307.43,0.0,True,True,scored_descriptively,published_mass_template_assumptions,False,False
NGC0024,2,0.43,36.1,8.16,21.13454754661192,33.10177232624443,3.366409229104079e-11,29.3492825720751,36.751740141471544,268.58,0.0,True,True,scored_descriptively,published_mass_template_assumptions,False,False
NGC0024,3,0.54,46.0,8.52,24.31843744980339,37.71739305357009,3.54917184662789e-11,33.44177713663177,41.87884543058026,241.26,0.0,True,True,scored_descriptively,published_mass_template_assumptions,False,False
NGC0024,4,0.64,58.0,6.9,26.433791820319687,41.02157894398559,3.5382491544930524e-11,36.384498288194905,45.53594254405889,222.69,0.0,True,True,scored_descriptively,published_mass_template_assumptions,False,False
NGC0024,5,0.74,63.4,9.55,28.508781103372343,44.193110577424584,3.559385556707407e-11,39.210886292358026,49.04510926371801,212.03,0.0,True,True,scored_descriptively,published_mass_template_assumptions,False,False
NGC0024,6,0.85,71.9,8.52,31.075997972711992,47.87383236625492,3.6819738347892726e-11,42.47890109223012,53.13008188267215,206.1,0.0,True,True,scored_descriptively,published_mass_template_assumptions,False,False
NGC0024,7,0.96,76.4,6.82,33.7493888833561,51.5823185531444,3.845121330455242e-11,45.766724805450195,57.251093592170456,191.46,0.0,True,True,scored_descriptively,published_mass_template_assumptions,False,False
NGC0024,8,1.07,78.1,6.65,36.194822834212076,55.00539551332934,3.9678805308241023e-11,48.80799112073395,61.049000523431914,179.91,0.0,True,True,scored_descriptively,published_mass_template_assumptions,False,False
NGC0024,9,1.17,80.5,6.14,38.221262407199475,57.87966226449503,4.046445053501037e-11,51.36357698427857,64.23600825851454,167.35,0.0,True,True,scored_descriptively,published_mass_template_assumptions,False,False
NGC0024,10,1.28,82.8,5.8,40.430484785616905,60.97748824968388,4.138637444770808e-11,54.117482852697066,67.67157152889128,159.14,0.0,True,True,scored_descriptively,published_mass_template_assumptions,False,False
NGC0024,11,1.38,85.6,6.48,42.38467234744183,63.70538099724978,4.218791174395583e-11,56.54605847661722,70.69383243608056,150.35,0.0,True,True,scored_descriptively,published_mass_template_assumptions,False,False
NGC0024,12,1.48,88.0,7.5,44.46468373889552,66.52390354373082,4.3293047185626336e-11,59.050722469408285,73.82124100527804,139.46,0.0,True,True,scored_descriptively,published_mass_template_assumptions,False,False
NGC0024,13,1.59,92.0,8.52,46.254043607018836,69.11216997786524,4.3606551335347814e-11,61.354918518432626,76.68814405356349,125.67,0.0,True,True,scored_descriptively,published_mass_template_assumptions,False,False
NGC0024,14,1.7,92.4,8.52,47.88643283853998,71.51981476761283,4.3714499145696765e-11,63.50823751379928,79.34581158776126,111.41,0.0,True,True,scored_descriptively,published_mass_template_assumptions,False,False
NGC0024,15,1.8,95.1,9.2,48.89147216028579,73.2241714785857,4.3037117760132374e-11,65.04764933460956,81.21210112756435,99.69,0.0,True,True,scored_descriptively,published_mass_template_assumptions,False,False
NGC0024,16,1.91,96.5,8.52,49.898577635038855,74.98032472130917,4.224666392612161e-11,66.64065158109861,83.12875420507149,87.79,0.0,True,True,scored_descriptively,published_mass_template_assumptions,False,False
NGC0024,17,2.02,101.0,8.86,50.44748209772219,76.27061755845563,4.0829783314175934e-11,67.82881838588968,84.51917315090851,77.06,0.0,True,True,scored_descriptively,published_mass_template_assumptions,False,False
NGC0024,18,2.13,99.9,9.55,50.930856069773654,77.47489090048423,3.946678987554328e-11,68.94933721745662,85.80634296830179,68.97,0.0,True,True,scored_descriptively,published_mass_template_assumptions,False,False
NGC0024,19,2.23,103.0,8.18,51.226920168989274,78.4120679820195,3.8136522077555096e-11,69.8306372854,86.79896047633036,63.99,0.0,True,True,scored_descriptively,published_mass_template_assumptions,False,False
NGC0024,20,2.34,104.0,8.52,51.71091180785734,79.57821334655323,3.7033775428688706e-11,70.9187268970335,88.04288070260857,57.94,0.0,True,True,scored_descriptively,published_mass_template_assumptions,False,False
NGC0024,21,2.44,107.0,9.2,52.032947735064944,80.50751564968961,3.5959735474545194e-11,71.79350334196691,89.02670529760276,52.31,0.0,True,True,scored_descriptively,published_mass_template_assumptions,False,False
NGC0024,22,2.54,107.0,9.55,52.22679436840825,81.29687670142728,3.480186181708824e-11,72.55595637601824,89.84429647020677,47.47,0.0,True,True,scored_descriptively,published_mass_template_assumptions,False,False
NGC0024,23,2.65,106.0,11.2,52.40885087463758,82.1183878209052,3.3590220568651375e-11,73.34338303837696,90.70046169991952,43.16,0.0,True,True,scored_descriptively,published_mass_template_assumptions,False,False
NGC0024,24,2.76,107.0,11.2,52.54158067664124,82.87524447161434,3.241504589939687e-11,74.07669157021549,91.4819217402115,39.28,0.0,True,True,scored_descriptively,published_mass_template_assumptions,False,False
NGC0024,25,7.07,104.0,3.11,45.33965648303922,91.84446369987529,9.4229414302586e-12,83.69796418549886,99.84480740116646,1.7,0.0,True,True,scored_descriptively,published_mass_template_assumptions,False,False
NGC0024,26,8.49,106.0,2.55,41.55124125703106,90.99932917403434,6.590369556688671e-12,83.08745846922265,98.76624917974492,0.49,0.0,True,True,scored_descriptively,published_mass_template_assumptions,False,False
NGC0024,27,9.91,109.0,4.95,37.94132509546813,89.57304669735085,4.7076133880532715e-12,81.8308490540361,97.16693184617846,0.19,0.0,True,True,scored_descriptively,published_mass_template_assumptions,False,False
NGC0024,28,11.27,110.0,2.83,34.97244129310963,88.21487815973211,3.5170410584086483e-12,80.57468701772036,95.70111928684216,0.0,0.0,True,True,scored_descriptively,published_mass_template_assumptions,False,False
NGC0055,0,1.23,28.7,3.4,23.75810388057094,43.70617635991432,1.4871949333159742e-11,40.25326590576731,47.021566481492385,58.0,0.0,True,True,scored_descriptively,published_mass_template_assumptions,False,False
NGC0055,1,1.84,37.6,2.6,29.667843703242067,54.11250790880032,1.5502566270236225e-11,50.048418264561725,58.024739867826874,38.02,0.0,True,True,scored_descriptively,published_mass_template_assumptions,False,False
NGC0055,2,2.46,43.1,1.2,33.75166218129117,61.974495239425266,1.5007373068369913e-11,57.41549652323382,66.36568986658428,29.5,0.0,True,True,scored_descriptively,published_mass_template_assumptions,False,False
NGC0055,3,3.07,50.1,2.8,37.09240623092549,68.57163080350325,1.4523827904665948e-11,63.68504420461725,73.28205284826454,21.65,0.0,True,True,scored_descriptively,published_mass_template_assumptions,False,False
NGC0055,4,3.68,58.1,4.5,40.157989242490714,74.58482403236084,1.4201870695952272e-11,69.52535847259165,79.46603196923705,16.32,0.0,True,True,scored_descriptively,published_mass_template_assumptions,False,False
NGC0055,5,4.3,64.6,4.1,42.909190157820504,80.07937796824038,1.3876554164265023e-11,74.90922292589168,85.06840972872187,13.06,0.0,True,True,scored_descriptively,published_mass_template_assumptions,False,False
NGC0055,6,4.91,68.5,2.7,44.67737850411549,84.28687797216433,1.3174778657514318e-11,79.01914385889033,89.36842901124751,10.93,0.0,True,True,scored_descriptively,published_mass_template_assumptions,False,False
NGC0055,7,5.52,72.3,0.8,46.01722883877298,87.87711233090087,1.2432294829548545e-11,82.52278068596779,93.03973919901823,9.36,0.0,True,True,scored_descriptively,published_mass_template_assumptions,False,False
NGC0055,8,6.14,74.2,2.4,47.03185037822773,91.01258545389517,1.167522381484613e-11,85.57520187952912,96.2525993868539,8.35,0.0,True,True,scored_descriptively,published_mass_template_assumptions,False,False
NGC0055,9,6.75,78.9,2.6,47.81394827871883,93.74522189660365,1.097627291406434e-11,88.21089819580777,99.07651727997522,7.82,0.0,True,True,scored_descriptively,published_mass_template_assumptions,False,False
NGC0055,10,7.37,82.4,2.3,48.564917893475325,96.3753941741843,1.0371158811523906e-11,90.69463923651897,101.84691750364021,7.39,0.0,True,True,scored_descriptively,published_mass_template_assumptions,False,False
NGC0055,11,7.98,84.3,4.8,49.19165782935151,98.7517634690315,9.827192916741643e-12,92.92086476993761,104.3675285065919,6.69,0.0,True,True,scored_descriptively,published_mass_template_assumptions,False,False
NGC0055,12,8.59,85.4,7.3,49.95382417793457,101.21107970299664,9.41442441075605e-12,95.2501937823247,106.9512143860746,5.95,0.0,True,True,scored_descriptively,published_mass_template_assumptions,False,False
NGC0055,13,9.21,85.3,4.6,50.18619381861908,103.01633732352362,8.862542760602793e-12,96.92994553566233,108.87706760814156,5.36,0.0,True,True,scored_descriptively,published_mass_template_assumptions,False,False
NGC0055,14,9.82,86.8,4.0,49.95778617993395,104.19015382848777,8.23653098912543e-12,97.9824757359034,110.1678450470316,4.85,0.0,True,True,scored_descriptively,published_mass_template_assumptions,False,False
NGC0055,15,10.43,85.4,5.7,49.514048006601115,105.0393197424012,7.617667512860698e-12,98.70648221180667,111.1377856584984,4.39,0.0,True,True,scored_descriptively,published_mass_template_assumptions,False,False
NGC0055,16,11.05,85.4,7.0,48.58348793571742,105.25266137423395,6.9225254044979555e-12,98.78225442491431,111.48371331751669,3.97,0.0,True,True,scored_descriptively,published_mass_template_assumptions,False,False
NGC0055,17,11.66,86.2,4.1,47.73273666992078,105.46367500442302,6.3326221184365235e-12,98.83301292654619,111.84836633477609,3.59,0.0,True,True,scored_descriptively,published_mass_template_assumptions,False,False
NGC0055,18,12.28,86.1,6.2,47.469570779605746,106.35562002291181,5.946777610569419e-12,99.55782277434378,112.90001001859157,3.25,0.0,True,True,scored_descriptively,published_mass_template_assumptions,False,False
NGC0055,19,12.89,87.4,2.5,47.48153430545395,107.52497441674006,5.6682112249907625e-12,100.51625734274081,114.2705023410926,2.94,0.0,True,True,scored_descriptively,published_mass_template_assumptions,False,False
NGC0055,20,13.5,86.5,5.5,47.766432774491335,109.00087181262374,5.477234115415892e-12,101.66415759096374,116.05767704196668,0.0,0.0,True,True,scored_descriptively,published_mass_template_assumptions,False,False
NGC0100,0,0.23,6.81,8.19,6.783424651309986,14.909746935378656,6.483650995082131e-12,11.707458459217193,17.906952776952156,142.64,0.0,True,False,inclination,published_mass_template_assumptions,False,False
NGC0100,1,0.69,20.0,4.09,16.69675267829047,31.540221051008004,1.3093760485785489e-11,24.70760507864408,37.96254726545605,114.33,0.0,True,False,inclination,published_mass_template_assumptions,False,False
NGC0100,2,1.15,33.0,4.0,24.268098400987252,43.6489882798727,1.6596752166895113e-11,34.13455044960781,52.61047582653876,92.98,0.0,True,False,inclination,published_mass_template_assumptions,False,False
NGC0100,3,1.59,42.7,4.0,29.191100527386766,52.01972693317651,1.7368138254050836e-11,40.67305308468007,62.71070967352931,70.0,0.0,True,False,inclination,published_mass_template_assumptions,False,False
NGC0100,4,2.05,49.9,4.0,32.78839123836362,58.6886890431691,1.6995572982462653e-11,45.91743021988627,70.71707532238005,54.62,0.0,True,False,inclination,published_mass_template_assumptions,False,False
NGC0100,5,2.51,55.5,4.0,35.73315757108515,64.35813349099436,1.648612248760941e-11,50.44249329281683,77.45187618099388,43.18,0.0,True,False,inclination,published_mass_template_assumptions,False,False
NGC0100,6,2.97,61.9,4.0,38.28932096551204,69.38828333293321,1.5997360601051202e-11,54.50883589413529,83.37160285149079,33.14,0.0,True,False,inclination,published_mass_template_assumptions,False,False
NGC0100,7,3.42,67.9,4.0,40.236892275621884,73.547698074615,1.5341654898991516e-11,57.889236924549834,88.24534015902985,25.5,0.0,True,False,inclination,published_mass_template_assumptions,False,False
NGC0100,8,3.88,73.1,4.0,40.745356790682294,76.05232961794295,1.3866727443156784e-11,59.986909372535585,91.10742050566321,16.1,0.0,True,False,inclination,published_mass_template_assumptions,False,False
NGC0100,9,4.34,76.1,3.0,40.64338691595473,77.74328501914712,1.2335010074806165e-11,61.45870045071745,92.97614877472367,13.06,0.0,True,False,inclination,published_mass_template_assumptions,False,False
NGC0100,10,4.79,77.8,5.34,40.51103059661652,79.23262714244835,1.1103516054037925e-11,62.75303120536407,94.62386684019246,9.76,0.0,True,False,inclination,published_mass_template_assumptions,False,False
NGC0100,11,5.24,79.0,4.0,40.29348830766579,80.51592844909344,1.00412528153103e-11,63.86870961260944,96.04248033544036,7.4,0.0,True,False,inclination,published_mass_template_assumptions,False,False
NGC0100,12,5.7,78.5,5.6,39.54836026942205,81.12069325208962,8.892657434075893e-12,64.4560387840108,96.63976923500854,5.05,0.0,True,False,inclination,published_mass_template_assumptions,False,False
NGC0100,13,6.16,79.8,7.15,38.64066769609449,81.42428850665176,7.855213386370988e-12,64.77584102700997,96.90922635807846,4.2,0.0,True,False,inclination,published_mass_template_assumptions,False,False
NGC0100,14,7.16,83.4,5.12,36.98671653445328,82.12861037916821,6.1919578343068e-12,65.49418347716703,97.5633361802756,2.37,0.0,True,False,inclination,published_mass_template_assumptions,False,False
NGC0100,15,7.52,84.6,4.0,36.56840712965223,82.50616893035262,5.762934733460923e-12,65.87551361240821,97.92049065952286,2.01,0.0,True,False,inclination,published_mass_template_assumptions,False,False
NGC0100,16,7.98,86.1,5.53,36.096383475356646,83.00860006012577,5.291440865068066e-12,66.37864102803765,98.40068063812227,1.61,0.0,True,False,inclination,published_mass_template_assumptions,False,False
NGC0100,17,8.44,87.5,10.2,35.79872832936947,83.6760939550856,4.9208735729492555e-12,67.03357888159152,99.05448332578774,1.27,0.0,True,False,inclination,published_mass_template_assumptions,False,False
NGC0100,18,8.9,89.0,7.77,35.618557663105896,84.44764448053493,4.6196822654136e-12,67.80095786018565,99.79829899259717,0.96,0.0,True,False,inclination,published_mass_template_assumptions,False,False
NGC0100,19,9.35,90.4,5.16,35.5555734027733,85.3110909370188,4.381806725968362e-12,68.65759447897197,100.63212059348291,0.84,0.0,True,False,inclination,published_mass_template_assumptions,False,False
NGC0100,20,9.62,91.2,13.7,35.674418005063515,86.01954050289906,4.2873424716209474e-12,69.33145022297369,101.3488117229176,0.83,0.0,True,False,inclination,published_mass_template_assumptions,False,False
NGC0247,0,1.08,34.6,0.9,15.944061590448024,33.813554961149,7.628227310976383e-12,30.503463091280242,36.94574194325624,66.02,0.0,True,True,scored_descriptively,published_mass_template_assumptions,False,False
NGC0247,1,1.61,47.0,0.8,21.37233843078478,43.52351675618029,9.194490406072267e-12,39.256764402135836,47.56643092991137,54.33,0.0,True,True,scored_descriptively,published_mass_template_assumptions,False,False
NGC0247,2,2.15,59.1,3.1,25.0416992234952,50.6929385952297,9.452323674632612e-12,45.75011232713372,55.38039502856211,44.47,0.0,True,True,scored_descriptively,published_mass_template_assumptions,False,False
NGC0247,3,2.7,64.4,1.4,27.88825648906722,56.60700678212279,9.335303000536698e-12,51.14141489365353,61.795294649461766,37.92,0.0,True,True,scored_descriptively,published_mass_template_assumptions,False,False
NGC0247,4,3.22,67.4,2.3,30.612050731697153,61.99873031002707,9.431449243189392e-12,56.08091877599628,67.6236885409146,33.35,0.0,True,True,scored_descriptively,published_mass_template_assumptions,False,False
NGC0247,5,3.77,69.8,0.7,33.13490682045145,67.09826396699206,9.437992151364192e-12,60.7919038813627,73.10216666511855,29.03,0.0,True,True,scored_descriptively,published_mass_template_assumptions,False,False
NGC0247,6,4.31,71.3,1.1,35.408306228906234,71.71957543864534,9.427194985380944e-12,65.09939194894875,78.0334412965592,25.59,0.0,True,True,scored_descriptively,published_mass_template_assumptions,False,False
NGC0247,7,4.85,73.2,1.7,37.187261932011076,75.64817198897634,9.240513838121604e-12,68.71641241404538,82.26286432545405,22.37,0.0,True,True,scored_descriptively,published_mass_template_assumptions,False,False
NGC0247,8,5.38,75.1,3.0,38.355277342238054,78.73282291440053,8.861707966498525e-12,71.50750487658719,85.62458286195923,19.55,0.0,True,True,scored_descriptively,published_mass_template_assumptions,False,False
NGC0247,9,5.92,78.5,3.8,39.64914185704402,81.90678144753716,8.605880917971035e-12,74.46122403153262,89.01353661647993,17.02,0.0,True,True,scored_descriptively,published_mass_template_assumptions,False,False
NGC0247,10,6.46,81.4,5.0,41.09234600263168,85.1793899421348,8.471080509707936e-12,77.59563640200443,92.43095887718962,14.83,0.0,True,True,scored_descriptively,published_mass_template_assumptions,False,False
NGC0247,11,6.99,83.5,7.0,42.679396082887585,88.52798935990901,8.445178045442045e-12,80.87025041704992,95.86792340046902,13.01,0.0,True,True,scored_descriptively,published_mass_template_assumptions,False,False
NGC0247,12,7.53,87.1,7.2,44.55322715584136,92.18398189383903,8.543047335714654e-12,84.49818063122868,99.57157587085058,11.5,0.0,True,True,scored_descriptively,published_mass_template_assumptions,False,False
NGC0247,13,8.07,90.7,4.8,46.04086174258688,95.3358063448183,8.512611382073001e-12,87.59078510491493,102.7928781140806,10.34,0.0,True,True,scored_descriptively,published_mass_template_assumptions,False,False
NGC0247,14,8.62,93.1,1.4,47.406232185230664,98.32261608354423,8.449150917395812e-12,90.47269258844995,105.88824616596537,9.41,0.0,True,True,scored_descriptively,published_mass_template_assumptions,False,False
NGC0247,15,9.14,95.9,2.1,48.86274808072096,101.30064520700329,8.465625177961702e-12,93.37356895846521,108.94902665141858,8.09,0.0,True,True,scored_descriptively,published_mass_template_assumptions,False,False
NGC0247,16,9.69,98.4,5.2,50.30065407129414,104.29136573452165,8.461998468222434e-12,96.3301621166664,111.98177511852222,6.86,0.0,True,True,scored_descriptively,published_mass_template_assumptions,False,False
NGC0247,17,10.23,101.0,8.2,51.48508279103764,106.92533927985316,8.397241664951521e-12,98.95322442896219,114.63347160702898,5.8,0.0,True,True,scored_descriptively,published_mass_template_assumptions,False,False
NGC0247,18,10.76,103.0,9.4,52.43121780008547,109.22426941433518,8.279747133910216e-12,101.263320680365,116.92718260827732,4.92,0.0,True,True,scored_descriptively,published_mass_template_assumptions,False,False
NGC0247,19,11.3,104.0,9.4,53.01202552251706,111.08351834961219,8.059717284536609e-12,103.13649352040787,118.77631656054187,4.17,0.0,True,True,scored_descriptively,published_mass_template_assumptions,False,False
NGC0247,20,11.84,105.0,8.9,53.08517966438467,112.30811348244747,7.713373038802725e-12,104.36958506936075,119.99383643990083,3.57,0.0,True,True,scored_descriptively,published_mass_template_assumptions,False,False
NGC0247,21,12.38,105.0,8.4,52.771773705267854,113.03358906280982,7.290078300549241e-12,105.09116109983079,120.72275316643588,3.12,0.0,True,True,scored_descriptively,published_mass_template_assumptions,False,False
NGC0247,22,12.91,105.0,9.0,51.962435470251,113.09744107983627,6.778010056776526e-12,105.14265000332988,120.79670764846809,2.63,0.0,True,True,scored_descriptively,published_mass_template_assumptions,False,False
NGC0247,23,13.48,106.0,8.4,50.81170239226393,112.76584352314374,6.207075872525803e-12,104.80641248200398,120.46694332618364,2.23,0.0,True,True,scored_descriptively,published_mass_template_assumptions,False,False
NGC0247,24,14.01,108.0,7.7,49.532271298619044,112.13780184709948,5.675286695569015e-12,104.16981847969697,119.84380168102159,1.96,0.0,True,True,scored_descriptively,published_mass_template_assumptions,False,False
NGC0247,25,14.54,107.0,9.2,48.218655103600724,111.40480064215062,5.182212700217779e-12,103.4163545634437,119.12645068257717,1.79,0.0,True,True,scored_descriptively,published_mass_template_assumptions,False,False
NGC0289,0,1.5,164.0,28.2,126.6662972143735,142.86511799768087,3.4664133298172734e-10,103.06284723123211,186.15373552172295,1392.39,0.0,True,True,scored_descriptively,published_mass_template_assumptions,False,False
NGC0289,1,2.52,194.0,32.0,160.25189437257833,181.52848291782408,3.3025945373326384e-10,131.02597340151976,236.430068777989,684.62,0.0,True,True,scored_descriptively,published_mass_template_assumptions,False,False
NGC0289,2,3.46,175.0,25.2,152.7826356298385,180.37337640342088,2.1863583797732977e-10,130.7770320885644,234.07454743259763,390.61,0.0,True,True,scored_descriptively,published_mass_template_assumptions,False,False
NGC0289,3,4.32,185.0,31.5,156.2196888999591,188.21424882943037,1.8307845770443563e-10,136.72077675532225,243.8676681942444,299.95,0.0,True,True,scored_descriptively,published_mass_template_assumptions,False,False
NGC0289,4,5.43,175.0,27.9,156.85208892456612,194.21014661348846,1.4683522026000682e-10,141.38721826716144,251.17042238930858,148.1,0.0,True,True,scored_descriptively,published_mass_template_assumptions,False,False
NGC0289,5,6.38,167.0,27.2,149.67765380977883,191.8058570249761,1.1380011739055933e-10,139.98325252253534,247.53871920893405,68.44,0.0,True,True,scored_descriptively,published_mass_template_assumptions,False,False
NGC0289,6,7.57,176.0,7.18,140.2433552793144,187.85695786701976,8.420117702461901e-11,137.5041796188362,241.8376608821185,40.47,0.0,True,True,scored_descriptively,published_mass_template_assumptions,False,False
NGC0289,7,10.6,185.0,4.29,122.79422360192682,181.68135115932353,4.6099844932637496e-11,133.93826054542632,232.52483946592545,14.69,0.0,True,True,scored_descriptively,published_mass_template_assumptions,False,False
NGC0289,8,13.57,183.0,4.22,112.14726835728099,179.44890242648597,3.003633963373531e-11,133.1722257286313,228.4800449400342,5.42,0.0,True,True,scored_descriptively,published_mass_template_assumptions,False,False
NGC0289,9,16.64,172.0,4.33,103.8140190436725,178.08742281621952,2.0989792342260712e-11,132.9421528756288,225.71400760142265,3.34,0.0,True,True,scored_descriptively,published_mass_template_assumptions,False,False
NGC0289,10,19.71,161.0,4.24,99.35803968476834,179.52136448064334,1.6231881340953588e-11,134.5636806787126,226.80669704997825,3.06,0.0,True,True,scored_descriptively,published_mass_template_assumptions,False,False
NGC0289,11,22.68,156.0,5.08,97.9547020310919,183.26668378303745,1.371061640413484e-11,138.14233945987246,230.54982861744733,1.47,0.0,True,True,scored_descriptively,published_mass_template_assumptions,False,False
NGC0289,12,25.75,159.0,6.49,96.09645466925406,186.13806332633283,1.1622162731907443e-11,141.04082986992051,233.20982686911793,0.76,0.0,True,True,scored_descriptively,published_mass_template_assumptions,False,False
NGC0289,13,28.72,173.0,6.97,93.10054833350875,187.08879384944328,9.78069006286432e-12,142.0902210341475,233.96240225107562,0.64,0.0,True,True,scored_descriptively,published_mass_template_assumptions,False,False
NGC0289,14,31.79,177.0,6.57,93.51405322196231,191.71065274513973,8.914822270284541e-12,146.24648692712728,238.8945725889041,0.4,0.0,True,True,scored_descriptively,published_mass_template_assumptions,False,False
NGC0289,15,34.77,179.0,4.47,94.5708858476011,196.719297460475,8.336037857908642e-12,150.6782697277948,244.32377192085676,0.25,0.0,True,True,scored_descriptively,published_mass_template_assumptions,False,False
NGC0289,16,37.84,181.0,4.26,93.74108277590994,199.3909228410184,7.525896793006896e-12,153.07708316339586,247.16495761025655,0.16,0.0,True,True,scored_descriptively,published_mass_template_assumptions,False,False
NGC0289,17,40.81,182.0,4.26,92.90214717647811,201.70837705216698,6.8538463357782545e-12,155.14579829062487,249.6430647024582,0.1,0.0,True,True,scored_descriptively,published_mass_template_assumptions,False,False
NGC0289,18,43.88,182.0,4.83,91.02776581900712,202.65322948193833,6.119706627286812e-12,156.04872513475357,250.5693510294095,0.06,0.0,True,True,scored_descriptively,published_mass_template_assumptions,False,False
NGC0289,19,46.85,180.0,5.5,88.87617481642648,202.9211504944316,5.463998464335154e-12,156.360040097485,250.75409738473112,0.04,0.0,True,True,scored_descriptively,published_mass_template_assumptions,False,False
NGC0289,20,49.92,177.0,8.5,86.74459752630132,203.09154702881335,4.884945815102397e-12,156.57837076797006,250.84274912892812,0.03,0.0,True,True,scored_descriptively,published_mass_template_assumptions,False,False
NGC0289,21,52.99,175.0,11.0,84.95528323771278,203.50179784586553,4.4140405604364315e-12,156.99037846853122,251.21607068751356,0.02,0.0,True,True,scored_descriptively,published_mass_template_assumptions,False,False
NGC0289,22,55.96,172.0,11.6,83.36789489965547,203.91950898826295,4.02503276234704e-12,157.39830477031526,251.61226115353065,0.01,0.0,True,True,scored_descriptively,published_mass_template_assumptions,False,False
NGC0289,23,59.03,168.0,12.6,81.12379706350042,203.37204885071878,3.613043675543674e-12,156.9983323724949,250.90330146984448,0.01,0.0,True,True,scored_descriptively,published_mass_template_assumptions,False,False
NGC0289,24,62.0,158.0,5.38,78.15623679528078,201.55957159047932,3.192898003802717e-12,155.52588461920806,248.7644321771971,0.0,0.0,True,True,scored_descriptively,published_mass_template_assumptions,False,False
NGC0289,25,65.07,158.0,6.5,75.3220093996436,199.79442599308376,2.825611456694028e-12,154.08616504179756,246.6889100336197,0.0,0.0,True,True,scored_descriptively,published_mass_template_assumptions,False,False
NGC0289,26,68.05,166.0,15.5,73.09056608071934,198.63956588362032,2.5441573986937203e-12,153.15328792063005,245.31798573101398,0.0,0.0,True,True,scored_descriptively,published_mass_template_assumptions,False,False
NGC0289,27,71.12,165.0,8.75,70.9577014847578,197.52930405857188,2.2943347602316707e-12,152.25464349224626,244.00232856241058,0.0,0.0,True,True,scored_descriptively,published_mass_template_assumptions,False,False
NGC0300,0,0.91,33.1,3.9,22.288005742999978,39.569884180648316,1.7690922682239487e-11,28.629053762183794,50.38237583193327,90.5,0.0,True,True,scored_descriptively,published_mass_template_assumptions,False,False
NGC0300,1,1.36,46.7,2.7,26.516504294495533,47.60071102004585,1.675494807272477e-11,34.448330577412676,60.59358202269969,67.25,0.0,True,True,scored_descriptively,published_mass_template_assumptions,False,False
NGC0300,2,1.82,53.9,4.7,29.72676908108246,54.05415096388305,1.5735244149008945e-11,39.13004594588219,68.79057370984258,53.8,0.0,True,True,scored_descriptively,published_mass_template_assumptions,False,False
NGC0300,3,2.27,58.8,2.5,32.76510949165285,59.902356662527694,1.5326636053098204e-11,43.3926745797575,76.19610894024031,41.88,0.0,True,True,scored_descriptively,published_mass_template_assumptions,False,False
NGC0300,4,2.72,65.6,2.6,34.99412022040274,64.6312393109223,1.45905179663705e-11,46.9531600075677,82.04382866614405,31.96,0.0,True,True,scored_descriptively,published_mass_template_assumptions,False,False
NGC0300,5,3.17,70.8,2.7,36.18354045695363,68.03742306768221,1.3384813083955932e-11,49.47656305307621,86.30184896532494,24.71,0.0,True,True,scored_descriptively,published_mass_template_assumptions,False,False
NGC0300,6,3.63,82.1,4.9,36.67439979058962,70.54965004118102,1.2007949689648561e-11,51.32185719047063,89.4583158343352,18.99,0.0,True,True,scored_descriptively,published_mass_template_assumptions,False,False
NGC0300,7,4.08,84.1,6.6,36.975226165636904,72.6596361189452,1.0859528512462094e-11,52.910080359160915,92.06188713527436,14.68,0.0,True,True,scored_descriptively,published_mass_template_assumptions,False,False
NGC0300,8,4.54,83.4,6.2,37.597553776808404,75.05012859002768,1.0090502173776591e-11,54.816909762875,94.88243721328651,11.28,0.0,True,True,scored_descriptively,published_mass_template_assumptions,False,False
NGC0300,9,4.99,81.5,2.7,37.556533386349706,76.542795741171,9.160515331587393e-12,55.99197009769296,96.65909368545451,8.72,0.0,True,True,scored_descriptively,published_mass_template_assumptions,False,False
NGC0300,10,5.45,80.8,4.0,37.243739742405026,77.65026900268506,8.24820637685874e-12,56.87141889729537,97.96591505300549,6.7,0.0,True,True,scored_descriptively,published_mass_template_assumptions,False,False
NGC0300,11,5.9,82.8,12.4,37.36523517924114,79.15066652945427,7.668896619278093e-12,58.130407591255704,99.65594448618793,5.18,0.0,True,True,scored_descriptively,published_mass_template_assumptions,False,False
NGC0300,12,6.36,88.2,11.7,38.91295478372209,82.3194071085981,7.715796377583068e-12,60.8481727596211,103.15143735836259,3.98,0.0,True,True,scored_descriptively,published_mass_template_assumptions,False,False
NGC0300,13,6.81,88.5,8.5,40.53048482315502,85.4964088538656,7.817464908240682e-12,63.556349329823284,106.66568212103199,3.08,0.0,True,True,scored_descriptively,published_mass_template_assumptions,False,False
NGC0300,14,7.26,88.4,8.9,41.6882753301213,88.08587570491734,7.757837725496724e-12,65.75202605369932,109.53720835302181,2.38,0.0,True,True,scored_descriptively,published_mass_template_assumptions,False,False
NGC0300,15,7.71,88.2,10.8,41.86990983988382,89.47139381848461,7.368840023379356e-12,66.93362711522782,111.06085746131265,1.84,0.0,True,True,scored_descriptively,published_mass_template_assumptions,False,False
NGC0300,16,8.17,89.5,3.1,41.012432871020955,89.57537596710999,6.6720372657998286e-12,67.04839195012028,111.13764639192947,1.41,0.0,True,True,scored_descriptively,published_mass_template_assumptions,False,False
NGC0300,17,8.62,89.7,9.5,39.84253380496778,89.19623374440987,5.9680999599703544e-12,66.76273466742745,110.66721043495689,1.09,0.0,True,True,scored_descriptively,published_mass_template_assumptions,False,False
NGC0300,18,9.07,93.7,7.3,38.96450756778533,89.10678799299082,5.424760283168791e-12,66.72016633949512,110.52129981170778,0.84,0.0,True,True,scored_descriptively,published_mass_template_assumptions,False,False
NGC0300,19,9.53,97.0,5.7,38.29049033376303,89.23692500080433,4.985840829273429e-12,66.86328805046325,110.61935768883959,0.65,0.0,True,True,scored_descriptively,published_mass_template_assumptions,False,False
NGC0300,20,9.96,96.2,1.5,37.08311475591014,88.55619243218804,4.474479539805382e-12,66.32522033875385,109.81117259147452,0.51,0.0,True,True,scored_descriptively,published_mass_template_assumptions,False,False
NGC0300,21,10.45,94.8,2.1,35.832038736304135,87.86138729494313,3.981770293772967e-12,65.77985260180826,108.98097139391807,0.38,0.0,True,True,scored_descriptively,published_mass_template_assumptions,False,False
NGC0300,22,10.93,92.5,13.9,34.64725963189585,87.15621295301099,3.5593203188049875e-12,65.21761966941652,108.15013730095302,0.29,0.0,True,True,scored_descriptively,published_mass_template_assumptions,False,False
NGC0300,23,11.32,92.8,10.6,33.64879418344735,86.47763374821442,3.2414702453467565e-12,64.6668047577085,107.36382069080516,0.23,0.0,True,True,scored_descriptively,published_mass_template_assumptions,False,False
NGC0300,24,11.8,93.5,12.1,33.04233118289325,86.45373664551035,2.9985328227334304e-12,64.67152261997423,107.30269174049377,0.0,0.0,True,True,scored_descriptively,published_mass_template_assumptions,False,False
NGC0801,0,1.17,123.0,6.2,129.89285661652067,142.99303814586776,4.673412640997587e-10,123.1101567949293,162.66059010031586,2905.87,0.0,True,True,scored_descriptively,published_mass_template_assumptions,False,False
NGC0801,1,1.56,142.0,6.2,148.99859965784913,164.18783377481697,4.611999271010055e-10,141.37887076964347,186.74914282364804,2304.03,0.0,True,True,scored_descriptively,published_mass_template_assumptions,False,False
NGC0801,2,1.96,205.0,6.2,164.36613656711654,181.56049074943434,4.4670218599189174e-10,156.3915330249441,206.45419113761085,1870.29,0.0,True,True,scored_descriptively,published_mass_template_assumptions,False,False
NGC0801,3,2.73,228.0,6.2,187.22362671415164,207.9571161593686,4.161099638260372e-10,179.26609977871794,236.32886423697454,1313.72,0.0,True,True,scored_descriptively,published_mass_template_assumptions,False,False
NGC0801,4,3.52,238.0,6.2,199.22424024199466,223.67476437642617,3.654190210971511e-10,193.08604947830875,253.91025093336467,825.59,0.0,True,True,scored_descriptively,published_mass_template_assumptions,False,False
NGC0801,5,10.59,229.0,4.2,191.74066978604202,246.1034217825507,1.1250762964368218e-10,215.31424716065902,276.33554839879656,159.49,0.0,True,True,scored_descriptively,published_mass_template_assumptions,False,False
NGC0801,6,17.65,225.0,6.9,176.2774279367611,251.40512964177898,5.7055584031180125e-11,221.78337088764107,280.37870711424256,48.01,0.0,True,True,scored_descriptively,published_mass_template_assumptions,False,False
NGC0801,7,24.61,220.0,4.0,167.10165214623103,257.49002809776533,3.677048250128358e-11,228.44147105383414,285.8611574181524,36.25,0.0,True,True,scored_descriptively,published_mass_template_assumptions,False,False
NGC0801,8,31.67,222.0,2.4,166.10508375724086,268.93527157820506,2.823366389966351e-11,239.79787728201748,297.410846609917,15.29,0.0,True,True,scored_descriptively,published_mass_template_assumptions,False,False
NGC0801,9,38.74,219.0,4.1,155.87948197245206,269.1184067208203,2.0326740653765565e-11,240.84993499025043,296.7318138622555,5.94,0.0,True,True,scored_descriptively,published_mass_template_assumptions,False,False
NGC0801,10,45.8,214.0,4.7,142.22112114591138,263.72050563298984,1.4312390353841414e-11,236.5423980919942,290.23723296788665,2.13,0.0,True,True,scored_descriptively,published_mass_template_assumptions,False,False
NGC0801,11,52.86,216.0,2.6,133.69864098037795,262.22000644371263,1.0959135118678388e-11,235.81884702008009,287.9798611176789,1.2,0.0,True,True,scored_descriptively,published_mass_template_assumptions,False,False
NGC0801,12,59.82,216.0,8.8,130.34367706183528,265.37724754114925,9.204135065842596e-12,239.87906635269064,290.3138681908616,0.0,0.0,True,True,scored_descriptively,published_mass_template_assumptions,False,False
NGC0891,0,0.92,234.0,12.0,229.90707031320284,236.78836272441563,1.8619425726167362e-09,207.70946439612774,264.6490684162316,2850.07,1353.62,True,False,inclination,published_mass_template_assumptions,False,False
NGC0891,1,2.32,192.0,12.0,252.09722713667438,266.86863991736135,8.877641588127354e-10,235.26443820980091,297.1896161607331,1970.54,19.18,True,False,inclination,published_mass_template_assumptions,False,False
NGC0891,2,3.24,212.0,6.3,265.080403425074,284.09899737389657,7.028452114875457e-10,250.96052348589964,315.89925664025895,904.93,1.73,True,False,inclination,published_mass_template_assumptions,False,False
NGC0891,3,4.17,223.0,4.41,249.02889013124562,273.5224721300562,4.819620754104319e-10,242.4907591020642,303.2988875518054,398.34,0.15,True,False,inclination,published_mass_template_assumptions,False,False
NGC0891,4,5.1,222.0,4.01,232.90589387132306,262.82152249072703,3.4469916896668855e-10,233.81251482211442,290.6389141616737,271.63,0.01,True,False,inclination,published_mass_template_assumptions,False,False
NGC0891,5,6.03,224.0,3.85,220.66096313122537,255.60134459218474,2.6168761043359433e-10,228.0569287583235,281.9878298626147,183.28,0.0,True,False,inclination,published_mass_template_assumptions,False,False
NGC0891,6,6.96,224.0,3.23,212.13900895403467,251.63373806935172,2.0954692224110258e-10,225.0710840851627,277.05365792153185,131.67,0.0,True,False,inclination,published_mass_template_assumptions,False,False
NGC0891,7,7.89,226.0,3.4,202.86231796467277,246.77200393285005,1.6903444759703125e-10,221.27975945035584,271.1416877110152,102.27,0.0,True,False,inclination,published_mass_template_assumptions,False,False
NGC0891,8,8.8,226.0,3.21,197.73084187854963,245.44731793936674,1.4398445721273696e-10,220.56737545107433,269.21697665013056,60.87,0.0,True,False,inclination,published_mass_template_assumptions,False,False
NGC0891,9,9.73,227.0,2.75,188.7221648879643,240.4411709654724,1.1862669588994516e-10,216.70356679342615,263.10925517003557,35.23,0.0,True,False,inclination,published_mass_template_assumptions,False,False
NGC0891,10,10.64,227.0,2.65,182.18023786898513,237.4481857965029,1.0109050274641873e-10,214.56364623846798,259.2983554286062,35.29,0.0,True,False,inclination,published_mass_template_assumptions,False,False
NGC0891,11,11.58,224.0,2.35,177.04547528813043,235.6758723425671,8.772241100398268e-11,213.38582134499399,256.9503625427462,17.47,0.0,True,False,inclination,published_mass_template_assumptions,False,False
NGC0891,12,12.52,220.0,2.43,170.6490997046278,232.55802494988873,7.537947853267322e-11,211.197216520644,252.95752716876493,15.2,0.0,True,False,inclination,published_mass_template_assumptions,False,False
NGC0891,13,13.46,218.0,2.3,167.37625046582923,232.19186953951808,6.745157022133063e-11,211.31759409065654,252.13601067784145,12.53,0.0,True,False,inclination,published_mass_template_assumptions,False,False
NGC0891,14,14.4,217.0,2.77,162.96694259879823,230.61745540670725,5.977037745494472e-11,210.32328503685932,250.01401687251143,6.77,0.0,True,False,inclination,published_mass_template_assumptions,False,False
NGC0891,15,15.33,216.0,4.43,157.91272089353663,228.2617703664507,5.271588880330631e-11,208.45586891607084,247.18355784581433,4.92,0.0,True,False,inclination,published_mass_template_assumptions,False,False
NGC0891,16,16.27,210.0,4.47,153.04711555596205,225.96501254271212,4.6656504648327984e-11,206.4923002718845,244.5483571819884,3.39,0.0,True,False,inclination,published_mass_template_assumptions,False,False
NGC0891,17,17.11,208.0,4.35,148.3997339283329,223.50236666438315,4.1712449108243946e-11,204.33520192152866,241.77380908959884,0.0,0.0,True,False,inclination,published_mass_template_assumptions,False,False
NGC1003,0,1.25,47.0,7.6,40.343062600650434,60.63455583908067,4.2196571923457216e-11,45.341391550987005,75.76603422071055,175.71,0.0,True,True,scored_descriptively,published_mass_template_assumptions,False,False
NGC1003,1,2.08,59.5,4.5,46.1016632021015,72.4279329550922,3.311458426550045e-11,54.30882191463519,90.30272961858184,107.61,0.0,True,True,scored_descriptively,published_mass_template_assumptions,False,False
NGC1003,2,2.9,71.6,3.7,54.06117044607895,85.1519390792162,3.2660463604275473e-11,63.965459831318725,106.03069506368615,67.61,0.0,True,True,scored_descriptively,published_mass_template_assumptions,False,False
NGC1003,3,3.73,77.6,3.1,56.89191199107304,92.18179869939831,2.8121707195922066e-11,69.44769989587044,114.5305093625879,47.27,0.0,True,True,scored_descriptively,published_mass_template_assumptions,False,False
NGC1003,4,4.56,83.4,3.6,58.77663183613024,97.76387273073136,2.45524029459645e-11,73.7962192431635,121.2821439082703,29.91,0.0,True,True,scored_descriptively,published_mass_template_assumptions,False,False
NGC1003,5,5.39,89.7,3.8,59.349251469584686,101.62975023501264,2.117830416221332e-11,76.8907908087832,125.85422040940921,14.66,0.0,True,True,scored_descriptively,published_mass_template_assumptions,False,False
NGC1003,6,6.22,93.8,2.4,56.21153440353679,101.2702575084941,1.646303687038481e-11,76.9349249524223,125.01180063423669,7.84,0.0,True,True,scored_descriptively,published_mass_template_assumptions,False,False
NGC1003,7,7.04,99.0,3.0,54.5252537820779,102.05151263797251,1.3685862957513851e-11,77.79339601626067,125.64654493705382,5.24,0.0,True,True,scored_descriptively,published_mass_template_assumptions,False,False
NGC1003,8,7.87,103.0,2.5,53.90104034246463,103.7687366848586,1.1963796509382433e-11,79.48350187488995,127.29436085575144,3.23,0.0,True,True,scored_descriptively,published_mass_template_assumptions,False,False
NGC1003,9,8.7,100.0,2.3,52.76523476684246,104.71084589944617,1.0371126981945193e-11,80.4528741671742,128.14098310103256,2.03,0.0,True,True,scored_descriptively,published_mass_template_assumptions,False,False
NGC1003,10,9.54,98.3,2.0,51.38749020919391,105.20644978401388,8.970484376825056e-12,81.0269942340448,128.5036945587225,1.06,0.0,True,True,scored_descriptively,published_mass_template_assumptions,False,False
NGC1003,11,10.34,98.4,1.7,49.749397483788684,105.12065668834947,7.757192461665368e-12,81.11267415872732,128.20583767162256,0.59,0.0,True,True,scored_descriptively,published_mass_template_assumptions,False,False
NGC1003,12,11.21,94.5,1.8,48.82631565047684,105.88138052045656,6.892102869872347e-12,81.91576940459576,128.86142744942956,0.37,0.0,True,True,scored_descriptively,published_mass_template_assumptions,False,False
NGC1003,13,11.98,94.9,2.4,48.36844580922567,106.88278472760855,6.3287348704168925e-12,82.88955197999155,129.82860370865242,0.22,0.0,True,True,scored_descriptively,published_mass_template_assumptions,False,False
NGC1003,14,12.85,95.3,1.6,47.83218633932595,107.88961189613924,5.7701458617789405e-12,83.86115492771596,130.80839591920258,0.13,0.0,True,True,scored_descriptively,published_mass_template_assumptions,False,False
NGC1003,15,13.72,96.9,1.8,47.25644241793917,108.74872523898775,5.274938382551394e-12,84.68749690789744,131.64629756545705,0.08,0.0,True,True,scored_descriptively,published_mass_template_assumptions,False,False
NGC1003,16,14.49,97.2,1.3,46.64079062365903,109.29700041194589,4.865336433192763e-12,85.22171582111238,132.17115169598412,0.05,0.0,True,True,scored_descriptively,published_mass_template_assumptions,False,False
NGC1003,17,15.36,100.0,1.8,45.94327861613709,109.83122590973313,4.453507699448523e-12,85.74180890630757,132.6824835057371,0.03,0.0,True,True,scored_descriptively,published_mass_template_assumptions,False,False
NGC1003,18,16.13,104.0,2.7,45.138309117644184,109.98643344267431,4.093602414437308e-12,85.91934525052478,132.79584887836975,0.02,0.0,True,True,scored_descriptively,published_mass_template_assumptions,False,False
NGC1003,19,17.0,104.0,3.2,45.033219405234625,111.1664139232855,3.866041615213338e-12,86.97655856630855,134.04436829718966,0.01,0.0,True,True,scored_descriptively,published_mass_template_assumptions,False,False
NGC1003,20,17.78,105.0,3.4,43.66446667486047,110.44200620194404,3.475153705327235e-12,86.39074509483397,133.1939624161854,0.01,0.0,True,True,scored_descriptively,published_mass_template_assumptions,False,False
NGC1003,21,18.65,109.0,3.9,42.64517205968338,110.23959911970006,3.1601693791538445e-12,86.25173227108189,132.9234618163083,0.0,0.0,True,True,scored_descriptively,published_mass_template_assumptions,False,False
NGC1003,22,19.52,110.0,3.8,40.86297346008976,108.86906481236697,2.7722320020259036e-12,85.10836809374763,131.36091660468108,0.0,0.0,True,True,scored_descriptively,published_mass_template_assumptions,False,False
NGC1003,23,20.29,107.0,3.8,40.11406424185911,108.76202540941989,2.5701634255174075e-12,85.04090466992949,131.20982537143553,0.0,0.0,True,True,scored_descriptively,published_mass_template_assumptions,False,False
NGC1003,24,21.16,106.0,3.8,39.41486077610829,108.79717248442006,2.3793250947564348e-12,85.09671114435979,131.21468527735738,0.0,0.0,True,True,scored_descriptively,published_mass_template_assumptions,False,False
NGC1003,25,21.93,106.0,4.0,38.27465088018439,107.99916591963215,2.1648773621588252e-12,84.43136101846503,130.30413046035255,0.0,0.0,True,True,scored_descriptively,published_mass_template_assumptions,False,False
NGC1003,26,22.8,108.0,3.4,37.270671445521344,107.45280527974211,1.9744631891517854e-12,83.98188906591358,129.67250633204105,0.0,0.0,True,True,scored_descriptively,published_mass_template_assumptions,False,False
NGC1003,27,23.67,109.0,3.2,35.92896742184501,106.30983096862913,1.7674236778607258e-12,83.01627985331187,128.38441852421295,0.0,0.0,True,True,scored_descriptively,published_mass_template_assumptions,False,False
NGC1003,28,24.44,110.0,3.3,36.065047483678704,107.32730469819406,1.7247306048101718e-12,83.90893923134477,129.48718675306714,0.0,0.0,True,True,scored_descriptively,published_mass_template_assumptions,False,False
NGC1003,29,25.31,110.0,2.7,35.47088594890182,107.26674052864294,1.6110216670547007e-12,83.87411390450548,129.39727579325947,0.0,0.0,True,True,scored_descriptively,published_mass_template_assumptions,False,False
NGC1003,30,26.08,110.0,2.4,34.78453391954534,106.91774930305675,1.5035374325220107e-12,83.5869048696353,128.9939365623207,0.0,0.0,True,True,scored_descriptively,published_mass_template_assumptions,False,False
NGC1003,31,26.95,113.0,2.5,35.67394217072175,109.19501348982905,1.5303574891437756e-12,85.5558499499083,131.49824950292444,0.0,0.0,True,True,scored_descriptively,published_mass_template_assumptions,False,False
NGC1003,32,27.73,114.0,2.2,38.50696560364111,114.46681265386842,1.7329186641867175e-12,90.05336717598534,137.36673880333512,0.0,0.0,True,True,scored_descriptively,published_mass_template_assumptions,False,False
NGC1003,33,28.6,112.0,1.7,39.086715134428985,116.21763332975104,1.7311781776389839e-12,91.54384717008492,139.31754457914968,0.0,0.0,True,True,scored_descriptively,published_mass_template_assumptions,False,False
NGC1003,34,29.47,113.0,1.8,41.245499754518676,120.42423428874875,1.8707788837407436e-12,95.08950245150965,144.0493002681388,0.0,0.0,True,True,scored_descriptively,published_mass_template_assumptions,False,False
NGC1003,35,30.24,115.0,1.6,43.51191733307095,124.64953450334744,2.029009635097649e-12,98.6275650582334,148.83019616212212,0.0,0.0,True,True,scored_descriptively,published_mass_template_assumptions,False,False
NGC1090,0,0.35,20.9,9.81,34.4687742746968,44.38224416501865,1.1001023448524022e-10,34.5664830297351,54.28867058807714,1540.43,0.0,True,True,scored_descriptively,published_mass_template_assumptions,False,False
NGC1090,1,1.07,61.7,8.19,69.43532098291186,86.03446104131227,1.4602478385035364e-10,66.81549894284385,105.49251874648859,772.11,0.0,True,True,scored_descriptively,published_mass_template_assumptions,False,False
NGC1090,2,1.6,81.3,4.32,80.67955936914876,101.31997331584677,1.318428272254465e-10,78.76139810765208,124.13383231577498,533.24,0.0,True,True,scored_descriptively,published_mass_template_assumptions,False,False
NGC1090,3,3.7,124.0,3.41,101.58248274185858,134.61347543524624,9.038271373081035e-11,104.99144664724739,164.4480881031009,300.12,0.0,True,True,scored_descriptively,published_mass_template_assumptions,False,False
NGC1090,4,5.09,156.0,7.02,108.65917678686877,148.14311990848208,7.51734519363966e-11,115.71199384046851,180.7435537145773,183.64,0.0,True,True,scored_descriptively,published_mass_template_assumptions,False,False
NGC1090,5,6.61,166.0,6.34,117.00840119410229,162.44739564906638,6.71246579474251e-11,126.99433855896915,198.0437539753703,152.68,0.0,True,True,scored_descriptively,published_mass_template_assumptions,False,False
NGC1090,6,8.17,165.0,12.1,121.39243942684405,172.42578045013852,5.845352093042448e-11,135.01707398662919,209.92631166906028,89.5,0.0,True,True,scored_descriptively,published_mass_template_assumptions,False,False
NGC1090,7,9.11,174.0,4.84,119.92447977790023,174.24387054237087,5.116191174746052e-11,136.67654556675885,211.8456020261431,67.81,0.0,True,True,scored_descriptively,published_mass_template_assumptions,False,False
NGC1090,8,10.37,164.0,5.86,118.87600493791841,177.22324185238156,4.416305426646945e-11,139.33815623091593,215.0752987800742,59.0,0.0,True,True,scored_descriptively,published_mass_template_assumptions,False,False
NGC1090,9,11.28,176.0,7.35,120.77289099793877,181.74294497620585,4.19062963430024e-11,143.08494896278214,220.33665955056526,48.87,0.0,True,True,scored_descriptively,published_mass_template_assumptions,False,False
NGC1090,10,13.62,174.0,3.28,120.8625947098605,188.18000706368264,3.4758111681698225e-11,148.71928079828123,227.47626948128456,24.37,0.0,True,True,scored_descriptively,published_mass_template_assumptions,False,False
NGC1090,11,15.04,168.0,2.23,118.13757298167252,188.9903729283463,3.0073066002883725e-11,149.72335799949394,228.0252466663801,14.96,0.0,True,True,scored_descriptively,published_mass_template_assumptions,False,False
NGC1090,12,16.37,166.0,2.23,114.7034092780158,188.61242705072797,2.6046743198258026e-11,149.75466337816104,227.17693495812537,8.69,0.0,True,True,scored_descriptively,published_mass_template_assumptions,False,False
NGC1090,13,17.59,167.0,4.59,110.84197805885638,187.32415902571177,2.263560727149016e-11,149.0573597827767,225.2413756476395,5.36,0.0,True,True,scored_descriptively,published_mass_template_assumptions,False,False
NGC1090,14,18.8,167.0,5.3,107.565085413437,186.41083024121468,1.9945009997778385e-11,148.62208697068053,223.8007595078638,3.94,0.0,True,True,scored_descriptively,published_mass_template_assumptions,False,False
NGC1090,15,20.13,165.0,3.48,104.26809171553874,185.51851122400953,1.7502840310093102e-11,148.18198713276996,222.40975771050248,2.74,0.0,True,True,scored_descriptively,published_mass_template_assumptions,False,False
NGC1090,16,21.35,165.0,3.12,101.52658518831409,184.8277533978359,1.5646281283790618e-11,147.8494227889914,221.32330135240304,2.05,0.0,True,True,scored_descriptively,published_mass_template_assumptions,False,False
NGC1090,17,22.57,165.0,2.39,99.24259997601835,184.48325678681437,1.4142108427433763e-11,147.76999615677,220.6801533451115,1.61,0.0,True,True,scored_descriptively,published_mass_template_assumptions,False,False
NGC1090,18,23.89,165.0,2.23,97.1304077001636,184.35977946621102,1.2798047813709306e-11,147.89542868985313,220.27126380635445,1.08,0.0,True,True,scored_descriptively,published_mass_template_assumptions,False,False
NGC1090,19,25.11,163.0,2.23,95.7012729800393,184.71045440485625,1.1820563253865869e-11,148.44063907925067,220.38755366978464,0.76,0.0,True,True,scored_descriptively,published_mass_template_assumptions,False,False
NGC1090,20,26.33,162.0,2.23,94.55923090846287,185.29071105870443,1.1005415868651969e-11,149.17762674419524,220.7697642187662,0.54,0.0,True,True,scored_descriptively,published_mass_template_assumptions,False,False
NGC1090,21,27.65,162.0,2.23,93.46707735882191,185.990055694465,1.0239332473152907e-11,150.0131668228186,221.28976550022185,0.37,0.0,True,True,scored_descriptively,published_mass_template_assumptions,False,False
NGC1090,22,28.87,162.0,2.23,92.64678326849777,186.77700435193472,9.63525828598163e-12,150.88730270304836,221.95016900661022,0.26,0.0,True,True,scored_descriptively,published_mass_template_assumptions,False,False
NGC1090,23,30.09,160.0,2.23,91.5860573449911,187.2194374222459,9.034122898124674e-12,151.47508076632118,222.2090778908657,0.0,0.0,True,True,scored_descriptively,published_mass_template_assumptions,False,False
NGC1705,0,0.22,50.2,7.5,24.16677885031433,32.26517333836372,8.603284995035995e-11,27.914582307494246,35.68810553221127,512.85,0.0,True,False,quality,published_mass_template_assumptions,False,False
NGC1705,1,0.66,62.2,7.51,34.432496278951376,48.94131060341453,5.82160235616896e-11,42.7993731309546,53.688811365240866,84.05,0.0,True,False,quality,published_mass_template_assumptions,False,False
NGC1705,2,1.11,72.4,5.35,35.42210679787412,54.62002157654968,3.663323333742899e-11,48.221735816150535,59.46952148748157,25.33,0.0,True,False,quality,published_mass_template_assumptions,False,False
NGC1705,3,1.55,73.2,3.31,32.81863571204629,55.52007496253372,2.2519503081999494e-11,49.26004062992167,60.2017145409824,8.23,0.0,True,False,quality,published_mass_template_assumptions,False,False
NGC1705,4,2.0,72.9,3.21,30.29610370988322,55.73302612629032,1.4872809549278693e-11,49.656521976815,60.22480735926268,3.0,0.0,True,False,quality,published_mass_template_assumptions,False,False
NGC1705,5,2.45,72.6,2.73,27.731326149320733,55.25998357776903,1.017242853957111e-11,49.35348264779097,59.59290002094517,0.83,0.0,True,False,quality,published_mass_template_assumptions,False,False
NGC1705,6,2.89,71.5,3.41,25.527032730029553,54.64901638650572,7.307221674439646e-12,48.891552645123184,58.84861670228949,0.29,0.0,True,False,quality,published_mass_template_assumptions,False,False
NGC1705,7,3.34,71.1,4.38,23.667570640012887,54.101557702828785,5.435135203657156e-12,48.45363138061539,58.2053533302364,0.09,0.0,True,False,quality,published_mass_template_assumptions,False,False
NGC1705,8,3.78,71.4,4.6,22.151270843904193,53.64193268479123,4.2068298751571785e-12,48.072804303642826,57.67822191485648,0.03,0.0,True,False,quality,published_mass_template_assumptions,False,False
NGC1705,9,4.22,71.5,5.68,21.277636146903163,53.81229518003645,3.4768324307786854e-12,48.313094913446406,57.77638537281969,0.01,0.0,True,False,quality,published_mass_template_assumptions,False,False
NGC1705,10,4.66,71.5,6.2,20.613335489434988,54.115781942966656,2.955017664304912e-12,48.672035242809905,58.018442837874474,0.0,0.0,True,False,quality,published_mass_template_assumptions,False,False
NGC1705,11,5.11,71.3,6.43,20.115203205535856,54.55862500784605,2.5661226089745286e-12,49.160066579065216,58.4062038086614,0.0,0.0,True,False,quality,published_mass_template_assumptions,False,False
NGC1705,12,5.56,71.8,9.68,19.636593390911774,54.92651765748189,2.2475375588790134e-12,49.56341637559633,58.729907625165104,0.0,0.0,True,False,quality,published_mass_template_assumptions,False,False
NGC1705,13,6.0,71.5,10.5,19.842703948806978,56.22304830776449,2.1266690464881156e-12,50.8868385543576,59.966809100896086,0.0,0.0,True,False,quality,published_mass_template_assumptions,False,False
NGC2366,0,0.12,4.2,3.15,2.754931941083119,7.873421383044438,2.0496983778442855e-12,6.9415825077780084,8.742848516984221,51.7,0.0,True,False,quality,published_mass_template_assumptions,False,False
NGC2366,1,0.36,9.41,1.83,7.901841557510502,17.927732305536388,5.620870614765156e-12,15.794919464782362,19.927085046434478,47.22,0.0,True,False,quality,published_mass_template_assumptions,False,False
NGC2366,2,0.59,15.3,1.37,11.3613423502683,24.484295255511903,7.09017143660013e-12,21.597773818209394,27.19627887971475,35.13,0.0,True,False,quality,published_mass_template_assumptions,False,False
NGC2366,3,0.83,18.4,1.64,14.532972854856641,30.30130810044284,8.246701730354974e-12,26.826728509362386,33.57549701142316,28.17,0.0,True,False,quality,published_mass_template_assumptions,False,False
NGC2366,4,1.07,23.4,2.08,17.02371727913736,35.01722370399717,8.77757347193494e-12,31.13514910668133,38.68377895092016,17.57,0.0,True,False,quality,published_mass_template_assumptions,False,False
NGC2366,5,1.31,28.1,2.46,19.132186231583674,39.08998970496495,9.055394149136063e-12,35.004285292802436,42.95757945916571,11.56,0.0,True,False,quality,published_mass_template_assumptions,False,False
NGC2366,6,1.54,33.1,2.01,20.656235136151988,42.281111401504354,8.97906408609796e-12,38.19924799954842,46.146284161579736,7.62,0.0,True,False,quality,published_mass_template_assumptions,False,False
NGC2366,7,1.79,37.5,1.62,22.32093412023789,45.64335561857672,9.020303602134403e-12,41.50022541124897,49.55977791560836,5.72,0.0,True,False,quality,published_mass_template_assumptions,False,False
NGC2366,8,2.02,40.5,1.68,23.838022149498897,48.6338065767567,9.116718040791272e-12,44.41299085236064,52.61408702542956,4.38,0.0,True,False,quality,published_mass_template_assumptions,False,False
NGC2366,9,2.26,42.3,1.69,24.796695344339735,50.95632755360204,8.817158099355407e-12,46.66015712882508,54.99891536504926,2.95,0.0,True,False,quality,published_mass_template_assumptions,False,False
NGC2366,10,2.49,45.2,1.91,25.128598249802952,52.432444073648476,8.218387861659303e-12,48.117564944723,56.48377251003831,1.9,0.0,True,False,quality,published_mass_template_assumptions,False,False
NGC2366,11,2.74,47.4,1.95,25.549874755074633,54.04209517650446,7.721051390912602e-12,49.70706169593918,58.10181070370216,1.32,0.0,True,False,quality,published_mass_template_assumptions,False,False
NGC2366,12,2.97,48.1,1.74,26.206755808378876,55.79448947382968,7.494100785702416e-12,51.43145779534834,59.86869927145965,0.93,0.0,True,False,quality,published_mass_template_assumptions,False,False
NGC2366,13,3.21,48.8,1.08,26.808761627497827,57.48162179795003,7.256010937329509e-12,53.08837722993051,61.572228421041494,0.64,0.0,True,False,quality,published_mass_template_assumptions,False,False
NGC2366,14,3.44,50.7,1.55,27.284929906452025,58.94118014177132,7.013530615077018e-12,54.51920390815566,63.04803370686117,0.45,0.0,True,False,quality,published_mass_template_assumptions,False,False
NGC2366,15,3.69,52.1,2.78,27.594123468593814,60.23785203801032,6.687384511557203e-12,55.788785229114474,64.36031313777315,0.31,0.0,True,False,quality,published_mass_template_assumptions,False,False
NGC2366,16,3.92,53.0,2.98,27.864402021216964,61.38111301383737,6.41893299930845e-12,56.90603810407266,65.51929662491571,0.22,0.0,True,False,quality,published_mass_template_assumptions,False,False
NGC2366,17,4.16,53.7,2.39,27.872053207469307,62.20459303091856,6.051932129944461e-12,57.71289672649973,66.35162311863319,0.15,0.0,True,False,quality,published_mass_template_assumptions,False,False
NGC2366,18,4.4,51.2,2.21,27.898492790830115,63.018828793261065,5.732687402632148e-12,58.50837225815103,67.1769853724347,0.1,0.0,True,False,quality,published_mass_template_assumptions,False,False
NGC2366,19,4.64,51.6,1.45,27.95171640525855,63.83752945600138,5.456930680247809e-12,59.30555707135562,68.00962961697489,0.07,0.0,True,False,quality,published_mass_template_assumptions,False,False
NGC2366,20,4.87,51.5,1.84,28.29502783175871,64.96888350067167,5.327712053041165e-12,60.39848924383372,69.16955249763896,0.05,0.0,True,False,quality,published_mass_template_assumptions,False,False
NGC2366,21,5.11,50.4,2.53,28.56495930331426,66.01783654308093,5.174826267317469e-12,61.41054041739267,70.24625415749286,0.03,0.0,True,False,quality,published_mass_template_assumptions,False,False
NGC2366,22,5.35,48.5,4.6,28.558791115871834,66.69358037538231,4.940550157040358e-12,62.06429464685789,70.93785520346412,0.02,0.0,True,False,quality,published_mass_template_assumptions,False,False
NGC2366,23,5.59,50.0,5.91,28.375485017881193,67.11767315819141,4.6679289177821715e-12,62.476589680916064,71.36967375268279,0.02,0.0,True,False,quality,published_mass_template_assumptions,False,False
NGC2366,24,5.82,49.0,7.42,28.008630812662016,67.25019163467903,4.36827758699811e-12,62.60909651322055,71.50056122795228,0.01,0.0,True,False,quality,published_mass_template_assumptions,False,False
NGC2366,25,6.06,49.4,5.92,27.83470585438258,67.63792670761542,4.143335519381529e-12,62.98601584819099,71.89536737656768,0.0,0.0,True,False,quality,published_mass_template_assumptions,False,False
NGC2403,0,0.16,24.5,2.83,16.41194839133977,23.584718060524477,5.455690907558644e-11,20.768627229058165,26.3383779521411,1105.79,0.0,True,True,scored_descriptively,published_mass_template_assumptions,False,False
NGC2403,1,0.26,35.3,2.46,24.98208257932072,33.87696482421813,7.77917221542333e-11,29.745474184727023,37.92818962185431,1006.36,0.0,True,True,scored_descriptively,published_mass_template_assumptions,False,False
NGC2403,2,0.36,43.2,1.12,33.2682558905633,43.452838959397376,9.963387481990201e-11,38.07962853664673,48.7329074215929,938.26,0.0,True,True,scored_descriptively,published_mass_template_assumptions,False,False
NGC2403,3,0.46,52.0,1.25,40.144181396561066,51.459899948447585,1.135368486963978e-10,45.040752081548746,57.7741174020771,789.78,0.0,True,True,scored_descriptively,published_mass_template_assumptions,False,False
NGC2403,4,0.56,60.9,2.93,45.169414984035384,57.585411285751725,1.180729351355242e-10,50.38387291443964,64.67140137216182,624.65,0.0,True,True,scored_descriptively,published_mass_template_assumptions,False,False
NGC2403,5,0.66,65.8,1.25,47.86623862389858,61.43774002023208,1.1250300487720324e-10,53.78182110881514,68.96825044627474,511.64,0.0,True,True,scored_descriptively,published_mass_template_assumptions,False,False
NGC2403,6,0.76,71.7,1.25,50.19561783661996,64.85041528764357,1.074403639437235e-10,56.79653795425138,72.76977222082944,469.31,0.0,True,True,scored_descriptively,published_mass_template_assumptions,False,False
NGC2403,7,0.86,74.6,1.6,51.60874344527291,67.3356367971201,1.0036853237364861e-10,59.014056304318714,75.51419468030993,402.53,0.0,True,True,scored_descriptively,published_mass_template_assumptions,False,False
NGC2403,8,0.96,74.6,1.03,53.09349159737002,69.81811778535312,9.516139403858675e-11,61.223161008401696,78.262133203361,381.19,0.0,True,True,scored_descriptively,published_mass_template_assumptions,False,False
NGC2403,9,1.06,76.6,1.12,54.70689261875509,72.36177559269896,9.150138845109208e-11,63.47979926889955,81.08539013812005,359.63,0.0,True,True,scored_descriptively,published_mass_template_assumptions,False,False
NGC2403,10,1.16,78.5,1.6,56.394174787827154,74.92452694552667,8.885051667688636e-11,65.74934663128309,83.9343812784316,345.41,0.0,True,True,scored_descriptively,published_mass_template_assumptions,False,False
NGC2403,11,1.27,83.4,1.8,58.337798210079896,77.77562217269133,8.684519639962939e-11,68.26923172095077,87.10939281949454,332.26,0.0,True,True,scored_descriptively,published_mass_template_assumptions,False,False
NGC2403,12,1.36,86.4,1.6,60.48990122326205,80.59594487200752,8.719193123539652e-11,70.74534319964476,90.2682409757199,317.57,0.0,True,True,scored_descriptively,published_mass_template_assumptions,False,False
NGC2403,13,1.47,87.4,1.41,62.44917453417619,83.38433411492261,8.597764086011228e-11,73.20333370107348,93.38005868540624,297.25,0.0,True,True,scored_descriptively,published_mass_template_assumptions,False,False
NGC2403,14,1.57,90.3,1.41,64.4620574446705,86.10308583888013,8.577448674987754e-11,75.5923443597736,96.42241336840574,286.72,0.0,True,True,scored_descriptively,published_mass_template_assumptions,False,False
NGC2403,15,1.67,93.3,1.6,66.7434213986667,89.04422961998753,8.644699772726328e-11,78.16939102097649,99.72170861542348,271.01,0.0,True,True,scored_descriptively,published_mass_template_assumptions,False,False
NGC2403,16,1.77,93.3,1.41,68.79059674112443,91.74374723738896,8.664317174905566e-11,80.53796230616791,102.7463937227011,252.38,0.0,True,True,scored_descriptively,published_mass_template_assumptions,False,False
NGC2403,17,1.87,95.2,1.25,70.46278556798617,94.07309004022291,8.604536161136535e-11,82.58848818121582,105.34893979370423,231.06,0.0,True,True,scored_descriptively,published_mass_template_assumptions,False,False
NGC2403,18,1.97,97.2,1.6,72.03738126833873,96.29129023495186,8.536877748430329e-11,84.54276083889177,107.82563876203199,214.5,0.0,True,True,scored_descriptively,published_mass_template_assumptions,False,False
NGC2403,19,2.08,99.1,2.02,73.72463733379772,98.66779294972838,8.468595891912604e-11,86.6362005130705,110.47936407833342,203.15,0.0,True,True,scored_descriptively,published_mass_template_assumptions,False,False
NGC2403,20,2.18,98.2,2.02,75.35433199226172,100.89876528731148,8.441301446808463e-11,88.5996382880216,112.97284521650822,177.77,0.0,True,True,scored_descriptively,published_mass_template_assumptions,False,False
NGC2403,21,2.28,98.2,1.6,75.84522430581902,102.0555357324775,8.176568659214516e-11,89.6447290024157,114.23657425401332,143.26,0.0,True,True,scored_descriptively,published_mass_template_assumptions,False,False
NGC2403,22,2.37,98.2,1.0,75.49274236640235,102.34324885825829,7.793122673700804e-11,89.94093505057928,114.51188869008504,125.45,0.0,True,True,scored_descriptively,published_mass_template_assumptions,False,False
NGC2403,23,2.47,97.2,1.12,75.10376122405587,102.64824174471991,7.400752420452907e-11,90.25881850364445,114.80019401534348,115.5,0.0,True,True,scored_descriptively,published_mass_template_assumptions,False,False
NGC2403,24,2.57,98.2,1.41,74.8185545169111,103.03306343634485,7.058866335796975e-11,90.64553168228794,115.17975729105211,108.64,0.0,True,True,scored_descriptively,published_mass_template_assumptions,False,False
NGC2403,25,2.68,98.2,1.12,74.39967842672439,103.33938291724402,6.693554095645431e-11,90.96900201160409,115.46548982502186,99.02,0.0,True,True,scored_descriptively,published_mass_template_assumptions,False,False
NGC2403,26,2.78,98.2,1.6,74.06903874089362,103.64863375823393,6.395552609814275e-11,91.29249650468091,115.75806953060216,91.66,0.0,True,True,scored_descriptively,published_mass_template_assumptions,False,False
NGC2403,27,2.88,99.1,2.69,73.76539635899749,103.96866874401053,6.122972764554055e-11,91.63622111024956,116.05351855450499,86.76,0.0,True,True,scored_descriptively,published_mass_template_assumptions,False,False
NGC2403,28,2.98,100.0,2.69,73.58418851900183,104.39038598844218,5.888466388653072e-11,92.06780509212255,116.46479972914315,83.79,0.0,True,True,scored_descriptively,published_mass_template_assumptions,False,False
NGC2403,29,3.08,102.0,3.16,73.61786060461144,105.00256148948901,5.70249775480916e-11,92.66805740268096,117.0890549301808,81.8,0.0,True,True,scored_descriptively,published_mass_template_assumptions,False,False
NGC2403,30,3.19,101.0,3.4,73.68382217284878,105.69025172308828,5.5157308171107464e-11,93.33516348422712,117.79714140721411,78.36,0.0,True,True,scored_descriptively,published_mass_template_assumptions,False,False
NGC2403,31,3.29,101.0,3.4,74.03142947424425,106.5771285399662,5.398658138808646e-11,94.17021831812107,118.73610648215605,75.36,0.0,True,True,scored_descriptively,published_mass_template_assumptions,False,False
NGC2403,32,3.39,103.0,2.93,74.47683331076853,107.54753629944038,5.3026402211436354e-11,95.08315406794722,119.7649859680934,71.99,0.0,True,True,scored_descriptively,published_mass_template_assumptions,False,False
NGC2403,33,3.49,107.0,2.46,74.86524093329294,108.45505174066517,5.204565529177283e-11,95.93986486488836,120.72422440473463,67.49,0.0,True,True,scored_descriptively,published_mass_template_assumptions,False,False
NGC2403,34,3.59,110.0,2.46,75.02273555396391,109.13428021478501,5.0809017590985946e-11,96.60287765379206,121.42113981049548,62.39,0.0,True,True,scored_descriptively,published_mass_template_assumptions,False,False
NGC2403,35,3.69,112.0,3.4,75.41249763799101,110.02638239944436,4.994703795659153e-11,97.45505261266605,122.35522349907042,56.77,0.0,True,True,scored_descriptively,published_mass_template_assumptions,False,False
NGC2403,36,3.79,114.0,5.1,75.54435816128164,110.66458081465764,4.879938134019389e-11,98.08751383789003,123.00136426014446,52.43,0.0,True,True,scored_descriptively,published_mass_template_assumptions,False,False
NGC2403,37,3.9,118.0,5.1,75.4677805424275,111.14532757861551,4.7326894025931934e-11,98.57925901331464,123.47244997777827,47.97,0.0,True,True,scored_descriptively,published_mass_template_assumptions,False,False
NGC2403,38,3.99,118.0,4.85,75.34937922770166,111.47772006705544,4.611433141950077e-11,98.93950836150063,123.77932065418888,44.58,0.0,True,True,scored_descriptively,published_mass_template_assumptions,False,False
NGC2403,39,4.47,118.0,5.36,74.90426189476804,113.3225593807271,4.0677568897344806e-11,100.91984559152722,125.50204547071662,31.94,0.0,True,True,scored_descriptively,published_mass_template_assumptions,False,False
NGC2403,40,4.97,121.0,2.57,74.05212961151084,114.69546624148113,3.575758430477937e-11,102.39757264739772,126.77588981411826,24.17,0.0,True,True,scored_descriptively,published_mass_template_assumptions,False,False
NGC2403,41,5.47,124.0,0.22,72.94263568037557,115.65817008405934,3.1522817830558904e-11,103.49217132598031,127.61234369317519,15.97,0.0,True,True,scored_descriptively,published_mass_template_assumptions,False,False
NGC2403,42,5.96,125.0,0.88,71.37806700941123,115.9859012078653,2.770338007387908e-11,104.02206821070153,127.7451720797258,11.31,0.0,True,True,scored_descriptively,published_mass_template_assumptions,False,False
NGC2403,43,6.46,126.0,0.45,69.77173496481223,116.17296027318248,2.4421705038773477e-11,104.4105729000229,127.73774282241754,7.9,0.0,True,True,scored_descriptively,published_mass_template_assumptions,False,False
NGC2403,44,6.96,126.0,0.55,68.67659972654441,116.75892631152266,2.196128682967653e-11,105.19663823247919,128.13519027308516,5.51,0.0,True,True,scored_descriptively,published_mass_template_assumptions,False,False
NGC2403,45,7.45,126.0,0.45,67.71011962771887,117.34380876299502,1.994345254950039e-11,106.00017225881193,128.514730655383,3.88,0.0,True,True,scored_descriptively,published_mass_template_assumptions,False,False
NGC2403,46,7.95,126.0,0.24,66.83780704062634,117.96919877990787,1.8210702958303366e-11,106.8382147114582,128.9400208539188,2.71,0.0,True,True,scored_descriptively,published_mass_template_assumptions,False,False
NGC2403,47,8.45,127.0,1.45,66.27995624621369,118.84662405651015,1.6848342092229505e-11,107.9221030785294,129.62396942568304,1.9,0.0,True,True,scored_descriptively,published_mass_template_assumptions,False,False
NGC2403,48,8.94,128.0,1.12,65.89586443776271,119.8140371335937,1.5740852706085206e-11,109.0610655191095,130.43010668470208,1.34,0.0,True,True,scored_descriptively,published_mass_template_assumptions,False,False
NGC2403,49,9.44,128.0,1.68,65.52703373417722,120.76676394815023,1.4740712577223297e-11,110.1861579518671,131.21939519417353,0.93,0.0,True,True,scored_descriptively,published_mass_template_assumptions,False,False
NGC2403,50,9.94,127.0,2.56,65.0606878229857,121.55831853207644,1.3800676351018065e-11,111.12792558698487,131.86682207668153,0.65,0.0,True,True,scored_descriptively,published_mass_template_assumptions,False,False
NGC2403,51,10.43,127.0,1.24,64.94642137947248,122.65970022002797,1.3106164005960287e-11,112.36735506131961,132.83591256993276,0.46,0.0,True,True,scored_descriptively,published_mass_template_assumptions,False,False
NGC2403,52,10.93,128.0,0.21,64.74515310044451,123.64745428401453,1.2429218339048556e-11,113.47655027595292,133.70590386242063,0.32,0.0,True,True,scored_descriptively,published_mass_template_assumptions,False,False
NGC2403,53,11.43,130.0,1.13,64.41789192452669,124.45360381641345,1.1765658566908394e-11,114.37678472197635,134.41971440048852,0.22,0.0,True,True,scored_descriptively,published_mass_template_assumptions,False,False
NGC2403,54,11.92,130.0,2.23,63.922404131884775,125.0078756200387,1.1109113409515328e-11,115.01971259358659,134.88612188001795,0.16,0.0,True,True,scored_descriptively,published_mass_template_assumptions,False,False
NGC2403,55,12.42,132.0,2.68,63.564017336854974,125.69964687215699,1.0542668084409152e-11,115.7935133016977,135.49636168202807,0.11,0.0,True,True,scored_descriptively,published_mass_template_assumptions,False,False
NGC2403,56,12.92,133.0,2.68,63.12334710707283,126.26121056391892,9.994635945179262e-12,116.4273586560391,135.98553664954645,0.08,0.0,True,True,scored_descriptively,published_mass_template_assumptions,False,False
NGC2403,57,13.42,133.0,3.37,62.3625765182934,126.4180853481152,9.391717887872958e-12,116.64692435038958,136.07905553951198,0.05,0.0,True,True,scored_descriptively,published_mass_template_assumptions,False,False
NGC2403,58,13.91,133.0,3.81,61.46882380524293,126.3601012590703,8.80302896616751e-12,116.63469141997375,135.97441135216275,0.04,0.0,True,True,scored_descriptively,published_mass_template_assumptions,False,False
NGC2403,59,14.41,133.0,2.56,60.71350508741857,126.44373302948502,8.290029694632734e-12,116.76991110008329,136.00570982896292,0.03,0.0,True,True,scored_descriptively,published_mass_template_assumptions,False,False
NGC2403,60,14.91,134.0,0.56,60.000723745634936,126.54095567172867,7.825007983689471e-12,116.914198076246,136.0551142523104,0.02,0.0,True,True,scored_descriptively,published_mass_template_assumptions,False,False
NGC2403,61,15.4,134.0,0.79,59.24280040646289,126.53140982095044,7.385839958109225e-12,116.94677108139776,136.00268987410442,0.01,0.0,True,True,scored_descriptively,published_mass_template_assumptions,False,False
NGC2403,62,15.9,133.0,0.67,58.42767880037679,126.43670750924036,6.958082867519926e-12,116.89094036751916,135.86835280197184,0.01,0.0,True,True,scored_descriptively,published_mass_template_assumptions,False,False
NGC2403,63,16.4,134.0,2.35,57.581762737866924,126.26968004863846,6.552024581933859e-12,116.75417419313051,135.67029991842114,0.01,0.0,True,True,scored_descriptively,published_mass_template_assumptions,False,False
NGC2403,64,16.89,134.0,4.13,56.59162526381443,125.87334932861853,6.145031855396661e-12,116.38882969204636,135.24228683402268,0.0,0.0,True,True,scored_descriptively,published_mass_template_assumptions,False,False
NGC2403,65,17.39,136.0,3.91,55.69034880479741,125.56780534015377,5.779759251255395e-12,116.11462893789322,134.90475151766378,0.0,0.0,True,True,scored_descriptively,published_mass_template_assumptions,False,False
NGC2403,66,17.89,136.0,6.38,54.72759541584117,125.1503372187751,5.425650914127403e-12,115.72466829930691,134.45913731206943,0.0,0.0,True,True,scored_descriptively,published_mass_template_assumptions,False,False
NGC2403,67,18.38,135.0,8.39,53.80611210633974,124.73515940289192,5.104664127898811e-12,115.32979543988164,134.023005814196,0.0,0.0,True,True,scored_descriptively,published_mass_template_assumptions,False,False
NGC2403,68,18.88,133.0,7.83,52.8758801345188,124.29080212165094,4.799131870324601e-12,114.90869227361158,133.55477836873771,0.0,0.0,True,True,scored_descriptively,published_mass_template_assumptions,False,False
NGC2403,69,19.38,134.0,6.26,52.25974645939262,124.22319953519728,4.566992294464879e-12,114.8659818086256,133.46181967931872,0.0,0.0,True,True,scored_descriptively,published_mass_template_assumptions,False,False
NGC2403,70,19.87,136.0,5.6,51.97285974429346,124.54965081793307,4.405597486471888e-12,115.21622939135462,133.76410355916042,0.0,0.0,True,True,scored_descriptively,published_mass_template_assumptions,False,False
NGC2403,71,20.37,135.0,5.24,51.68822012799435,124.87643934807839,4.2505152723938795e-12,115.56716567787758,134.06632216230292,0.0,0.0,True,True,scored_descriptively,published_mass_template_assumptions,False,False
NGC2403,72,20.87,134.0,3.12,51.44159163556275,125.2372915663834,4.109186008066189e-12,115.9440841018321,134.41059120276535,0.0,0.0,True,True,scored_descriptively,published_mass_template_assumptions,False,False
NGC2683,0,2.89,189.0,10.0,162.6856325248176,186.12430485631407,2.967905115948821e-10,162.80937279671807,207.81996540716898,755.39,0.0,True,True,scored_descriptively,published_mass_template_assumptions,False,False
NGC2683,1,5.77,212.0,5.0,171.89817311420154,209.57695457950416,1.6596486764385096e-10,184.6795142647431,232.62708313011734,149.71,0.0,True,True,scored_descriptively,published_mass_template_assumptions,False,False
NGC2683,2,8.66,206.0,5.0,147.5572378096039,198.65694114444656,8.148029571610761e-11,176.2298815054666,219.2500802824747,56.22,0.0,True,True,scored_descriptively,published_mass_template_assumptions,False,False
NGC2683,3,11.54,200.0,5.0,138.26439100505957,199.23762314346973,5.3686406590726004e-11,177.57656273372606,219.04080348079788,16.1,0.0,True,True,scored_descriptively,published_mass_template_assumptions,False,False
NGC2683,4,14.43,172.0,12.0,120.48105776428093,189.83562849412306,3.260023023389912e-11,169.95547496383628,207.921360897464,2.72,0.0,True,True,scored_descriptively,published_mass_template_assumptions,False,False
NGC2683,5,17.31,190.0,10.0,108.95357671962861,184.79912977590993,2.2224672526946495e-11,165.92155403283184,201.91553245489513,0.92,0.0,True,True,scored_descriptively,published_mass_template_assumptions,False,False
NGC2683,6,20.2,169.0,10.0,99.64802993536802,180.73784107547337,1.593072421409559e-11,162.5344745086485,197.19626424409046,0.25,0.0,True,True,scored_descriptively,published_mass_template_assumptions,False,False
NGC2683,7,23.08,150.0,10.0,92.07489114845589,177.44722827712974,1.1904086623922914e-11,159.68553656270498,193.46618825632456,0.07,0.0,True,True,scored_descriptively,published_mass_template_assumptions,False,False
NGC2683,8,28.85,160.0,10.0,81.43730735971076,173.60578978638384,7.449900094313185e-12,156.439941395722,189.03700519010442,0.0,0.0,True,True,scored_descriptively,published_mass_template_assumptions,False,False
NGC2683,9,31.74,155.0,10.0,77.39187425046637,172.3221110260056,6.115518173863094e-12,155.36626758379006,187.5467758772637,0.0,0.0,True,True,scored_descriptively,published_mass_template_assumptions,False,False
NGC2683,10,34.62,151.0,12.0,73.94096259854885,171.31283399097413,5.117909376269315e-12,154.52413514291231,186.37277145452273,0.0,0.0,True,True,scored_descriptively,published_mass_template_assumptions,False,False
NGC2841,0,3.44,285.0,14.4,231.30419386599974,253.23608915910316,5.040319034290501e-10,205.8531135002029,295.3867115239898,560.42,13.23,True,True,scored_descriptively,published_mass_template_assumptions,False,False
NGC2841,1,3.77,297.0,13.6,226.7847157548321,250.70696880697756,4.421154258007659e-10,204.0683064541742,292.1341458247243,537.66,5.28,True,True,scored_descriptively,published_mass_template_assumptions,False,False
NGC2841,2,4.13,303.0,8.47,223.61781373584708,249.56538083360917,3.923848197585501e-10,203.3907107698951,290.5211452125926,507.23,1.94,True,True,scored_descriptively,published_mass_template_assumptions,False,False
NGC2841,3,4.47,306.0,5.93,221.08762543389892,248.8797301761564,3.543813041896202e-10,203.04965032406713,289.47676385000335,465.98,0.76,True,True,scored_descriptively,published_mass_template_assumptions,False,False
NGC2841,4,4.8,307.0,5.93,218.95730364616747,248.48154882961202,3.236883658036825e-10,202.92006352765557,288.79163722804384,438.69,0.3,True,True,scored_descriptively,published_mass_template_assumptions,False,False
NGC2841,5,5.13,304.0,8.47,217.36443621255063,248.54666729153027,2.98475760744459e-10,203.1492221777236,288.6663321750511,413.05,0.12,True,True,scored_descriptively,published_mass_template_assumptions,False,False
NGC2841,6,5.48,308.0,8.47,216.1875942786727,249.05151055321082,2.76395160019571e-10,203.72959977999264,289.06029135498255,383.91,0.05,True,True,scored_descriptively,published_mass_template_assumptions,False,False
NGC2841,7,5.83,313.0,12.7,214.86684499940887,249.38484064239728,2.566372623466202e-10,204.16461313970663,289.2602751416977,352.6,0.02,True,True,scored_descriptively,published_mass_template_assumptions,False,False
NGC2841,8,6.16,314.0,9.32,213.80855532461743,249.83806475961777,2.40502115427739e-10,204.67802966651823,289.621501164913,340.73,0.01,True,True,scored_descriptively,published_mass_template_assumptions,False,False
NGC2841,9,6.51,315.0,6.78,214.43025294953134,251.89087174594232,2.2889725367073947e-10,206.47537717189547,291.86836418155633,329.32,0.0,True,True,scored_descriptively,published_mass_template_assumptions,False,False
NGC2841,10,6.86,317.0,8.47,215.07727762364857,253.93102460888176,2.1853167797160816e-10,208.27176350175316,294.09189006821674,300.88,0.0,True,True,scored_descriptively,published_mass_template_assumptions,False,False
NGC2841,11,7.18,320.0,7.63,215.31525405785814,255.4413567792176,2.092544043636548e-10,209.64253061371252,295.6936790373287,276.7,0.0,True,True,scored_descriptively,published_mass_template_assumptions,False,False
NGC2841,12,7.51,316.0,20.5,215.64580828293415,257.0494922166926,2.0067420877171938e-10,211.10488220443892,297.3977433886975,259.76,0.0,True,True,scored_descriptively,published_mass_template_assumptions,False,False
NGC2841,13,7.85,318.0,23.4,216.6005221138675,259.2429844210424,1.9368625248426008e-10,213.0468575432697,299.78236142420826,241.28,0.0,True,True,scored_descriptively,published_mass_template_assumptions,False,False
NGC2841,14,8.21,321.0,8.48,217.18574520442172,261.1446836249655,1.861953935073306e-10,214.78024198121565,301.7967781723416,214.54,0.0,True,True,scored_descriptively,published_mass_template_assumptions,False,False
NGC2841,15,8.57,323.0,8.66,216.80740826826005,262.1324559218347,1.777529711085057e-10,215.75024346224254,302.7635399813818,187.05,0.0,True,True,scored_descriptively,published_mass_template_assumptions,False,False
NGC2841,16,8.9,321.0,12.7,216.0889295637331,262.67292046491434,1.700295809304351e-10,216.3510695990473,303.21530040088953,167.67,0.0,True,True,scored_descriptively,published_mass_template_assumptions,False,False
NGC2841,17,9.24,323.0,11.0,214.76708516437057,262.6730243076178,1.6177556652291165e-10,216.52535908032982,303.02270240444244,150.42,0.0,True,True,scored_descriptively,published_mass_template_assumptions,False,False
NGC2841,18,9.6,323.0,10.4,213.21419776834747,262.5083410296682,1.5346539552974295e-10,216.5831930736288,302.6196111614712,136.11,0.0,True,True,scored_descriptively,published_mass_template_assumptions,False,False
NGC2841,19,9.93,322.0,13.6,212.18320663992236,262.69690472804456,1.4693397346329142e-10,216.90807860675793,302.65167833195306,126.37,0.0,True,True,scored_descriptively,published_mass_template_assumptions,False,False
NGC2841,20,10.27,321.0,13.6,211.4804033947354,263.20113333279534,1.411299772303146e-10,217.48995666021364,303.0523242250002,118.7,0.0,True,True,scored_descriptively,published_mass_template_assumptions,False,False
NGC2841,21,10.6,323.0,9.32,210.74830172506728,263.6256496294039,1.3579124081546303e-10,217.99852747338534,303.3692406271763,108.16,0.0,True,True,scored_descriptively,published_mass_template_assumptions,False,False
NGC2841,22,10.93,322.0,11.9,210.0753188739696,264.0864477107818,1.3085169590567506e-10,218.54245505127875,303.7232218922794,97.33,0.0,True,True,scored_descriptively,published_mass_template_assumptions,False,False
NGC2841,23,11.27,321.0,11.0,209.2542638753151,264.4255103594046,1.2591404359829182e-10,218.99430082882108,303.92806072650137,86.07,0.0,True,True,scored_descriptively,published_mass_template_assumptions,False,False
NGC2841,24,12.31,323.0,4.24,205.3766388370401,264.0939908141517,1.1104358792528163e-10,219.3055164911207,302.9167789113276,60.76,0.0,True,True,scored_descriptively,published_mass_template_assumptions,False,False
NGC2841,25,14.35,319.0,4.24,193.8184032025855,259.3217308065595,8.483744413633291e-11,216.219537749285,296.47298952441037,30.36,0.0,True,True,scored_descriptively,published_mass_template_assumptions,False,False
NGC2841,26,16.4,308.0,4.24,181.09824245419944,252.8698057224663,6.4808814575779e-11,211.21770212593665,288.6285967578711,19.68,0.0,True,True,scored_descriptively,published_mass_template_assumptions,False,False
NGC2841,27,18.48,299.0,5.66,170.99663499613084,248.35277749071147,5.127700089232727e-11,207.75754571495003,283.08697019125793,11.59,0.0,True,True,scored_descriptively,published_mass_template_assumptions,False,False
NGC2841,28,20.57,299.0,5.66,164.22326576950053,246.51777644578084,4.2489784822956245e-11,206.95685074104816,280.21801799965857,7.0,0.0,True,True,scored_descriptively,published_mass_template_assumptions,False,False
NGC2841,29,22.51,298.0,5.66,160.8825153023162,247.30215896066224,3.72641873731974e-11,208.50716176505574,280.19565114131035,4.66,0.0,True,True,scored_descriptively,published_mass_template_assumptions,False,False
NGC2841,30,24.59,296.0,5.66,155.88705263747855,246.44065801708797,3.2026613436042736e-11,208.31629945680731,278.652423038152,3.04,0.0,True,True,scored_descriptively,published_mass_template_assumptions,False,False
NGC2841,31,26.68,293.0,4.24,148.44833757910527,242.8181777769074,2.6767900323731477e-11,205.33988808692598,274.4312269812822,1.15,0.0,True,True,scored_descriptively,published_mass_template_assumptions,False,False
NGC2841,32,28.77,289.0,4.24,141.73872805270972,239.55146571897183,2.2630109488534994e-11,202.71118662675417,270.57177841063447,0.69,0.0,True,True,scored_descriptively,published_mass_template_assumptions,False,False
NGC2841,33,30.7,289.0,4.24,136.62139777501912,237.34320543923047,1.9703733636263114e-11,200.98615832221577,267.9088899990951,0.41,0.0,True,True,scored_descriptively,published_mass_template_assumptions,False,False
NGC2841,34,32.79,288.0,4.24,132.68960897523212,236.3665910975574,1.7401306902713215e-11,200.4399697988143,266.50776029395615,0.23,0.0,True,True,scored_descriptively,published_mass_template_assumptions,False,False
NGC2841,35,34.88,285.0,4.24,130.3748028569938,236.89126100447916,1.5792842636083367e-11,201.34616308335993,266.6285968954348,0.13,0.0,True,True,scored_descriptively,published_mass_template_assumptions,False,False
NGC2841,36,36.96,283.0,2.83,128.96039430770983,238.206472958123,1.458243995830011e-11,202.96633756676715,267.5988581058705,0.07,0.0,True,True,scored_descriptively,published_mass_template_assumptions,False,False
NGC2841,37,38.9,275.0,2.83,127.77276529057356,239.45391427729905,1.3601175405553544e-11,204.45056132757978,268.570205137876,0.04,0.0,True,True,scored_descriptively,published_mass_template_assumptions,False,False
NGC2841,38,40.99,272.0,2.83,126.07726607124697,240.21802495609472,1.2567390271347847e-11,205.4541471901152,269.06493805652264,0.02,0.0,True,True,scored_descriptively,published_mass_template_assumptions,False,False
NGC2841,39,43.08,271.0,2.83,123.97210412024151,240.39816460908315,1.1561700229303567e-11,205.8399404403037,269.02364085345033,0.01,0.0,True,True,scored_descriptively,published_mass_template_assumptions,False,False
NGC2841,40,45.16,274.0,4.24,121.18951819361277,239.6704137453011,1.0539636656866814e-11,205.30764276704045,268.10744383525827,0.01,0.0,True,True,scored_descriptively,published_mass_template_assumptions,False,False
NGC2841,41,47.1,277.0,4.24,117.89784043823704,238.06297681615845,9.564014983684835e-12,203.88828384369765,266.3415820870329,0.0,0.0,True,True,scored_descriptively,published_mass_template_assumptions,False,False
NGC2841,42,49.19,281.0,4.24,114.45250442869305,236.2899018488867,8.630247143741683e-12,202.29011397475043,264.4270622068728,0.0,0.0,True,True,scored_descriptively,published_mass_template_assumptions,False,False
NGC2841,43,51.27,286.0,4.24,111.77230815367463,235.2569009100705,7.896862500470514e-12,201.41551397183486,263.2523378204135,0.0,0.0,True,True,scored_descriptively,published_mass_template_assumptions,False,False
NGC2841,44,53.36,282.0,4.24,110.16488356096056,235.39587950212174,7.370891075432371e-12,201.67863959169296,263.2570849175305,0.0,0.0,True,True,scored_descriptively,published_mass_template_assumptions,False,False
NGC2841,45,55.3,283.0,4.24,109.8068466899947,236.81617683009935,7.066155066118782e-12,203.18551587562646,264.55070341748564,0.0,0.0,True,True,scored_descriptively,published_mass_template_assumptions,False,False
NGC2841,46,57.38,288.0,5.66,109.87778292266367,238.83532112009576,6.818811523836154e-12,205.28207692198393,266.4357830628764,0.0,0.0,True,True,scored_descriptively,published_mass_template_assumptions,False,False
NGC2841,47,59.47,287.0,5.66,109.98964937665725,240.86510731914817,6.5925760972946645e-12,207.364877436793,268.3539400314826,0.0,0.0,True,True,scored_descriptively,published_mass_template_assumptions,False,False
NGC2841,48,61.56,289.0,7.07,109.54623749814505,242.16640413857152,6.3175076306076485e-12,208.72329131680928,269.557478504223,0.0,0.0,True,True,scored_descriptively,published_mass_template_assumptions,False,False
NGC2841,49,63.64,294.0,7.07,108.55790814123125,242.7315637787762,6.001256867721206e-12,209.3599057052527,270.0298792688249,0.0,0.0,True,True,scored_descriptively,published_mass_template_assumptions,False,False
NGC2903,0,0.32,44.0,8.0,139.87986381177242,143.83005706614398,1.9815720963285957e-09,105.64128049180043,182.789036696493,7393.57,0.0,True,True,scored_descriptively,published_mass_template_assumptions,False,False
NGC2903,1,0.64,64.0,8.0,144.38413676716706,151.64159545607944,1.0556220230122616e-09,111.83232174068445,192.15233467166505,3002.08,0.0,True,True,scored_descriptively,published_mass_template_assumptions,False,False
NGC2903,2,0.96,128.0,8.0,147.86312065555765,158.03576979375552,7.380706868195431e-10,116.89484583343999,199.81253579905737,2411.81,0.0,True,True,scored_descriptively,published_mass_template_assumptions,False,False
NGC2903,3,1.28,148.0,8.0,154.93418263895157,167.50912356106264,6.077626063291917e-10,124.12453460655166,211.50221978981764,1895.47,0.0,True,True,scored_descriptively,published_mass_template_assumptions,False,False
NGC2903,4,1.6,157.0,8.0,159.7875414417532,174.62169976862188,5.171485379975252e-10,129.60029023990978,220.2145125917548,1625.63,0.0,True,True,scored_descriptively,published_mass_template_assumptions,False,False
NGC2903,5,1.92,189.0,8.0,164.14435445667937,181.0686703394161,4.547787112871628e-10,134.57150043280495,228.1006228098676,1474.21,0.0,True,True,scored_descriptively,published_mass_template_assumptions,False,False
NGC2903,6,2.24,195.0,6.0,177.85816455816698,196.102744600542,4.5766642045288093e-10,145.75286633132401,247.0317243030677,1493.06,0.0,True,True,scored_descriptively,published_mass_template_assumptions,False,False
NGC2903,7,2.56,201.0,6.0,197.38021050753795,216.4318905601405,4.931927742052746e-10,160.75763244333166,272.7811940238883,1371.3,0.0,True,True,scored_descriptively,published_mass_template_assumptions,False,False
NGC2903,8,2.88,214.0,4.0,206.77705784249858,227.14361323995774,4.81129150108459e-10,168.77725513786308,286.20118657108156,1009.96,0.0,True,True,scored_descriptively,published_mass_template_assumptions,False,False
NGC2903,9,3.2,215.0,4.0,213.1090344166572,234.88196388566521,4.5994213740942985e-10,174.62995785208935,295.8189807054928,706.79,0.0,True,True,scored_descriptively,published_mass_template_assumptions,False,False
NGC2903,10,3.52,215.0,4.0,211.70492306510025,235.30688496335702,4.1263751185140956e-10,175.17121518126604,296.0595838414632,476.79,0.0,True,True,scored_descriptively,published_mass_template_assumptions,False,False
NGC2903,11,3.84,216.0,3.0,205.7450170721031,231.4460621601703,3.572538207105725e-10,172.593864646625,290.8111572595159,365.53,0.0,True,True,scored_descriptively,published_mass_template_assumptions,False,False
NGC2903,12,4.8,214.0,2.0,195.78140782515584,227.03918835386258,2.587921577305707e-10,169.99112811682895,284.36704809254195,195.17,0.0,True,True,scored_descriptively,published_mass_template_assumptions,False,False
NGC2903,13,5.76,210.0,2.0,182.75344415359183,219.50593049066637,1.8791355646342415e-10,164.96085908155305,274.10430543285736,83.13,0.0,True,True,scored_descriptively,published_mass_template_assumptions,False,False
NGC2903,14,6.72,205.0,2.0,169.26171613805647,211.2454446412388,1.3816487913271588e-10,159.27006175825198,263.07422573128383,50.66,0.0,True,True,scored_descriptively,published_mass_template_assumptions,False,False
NGC2903,15,7.68,203.0,1.0,158.54612751499167,205.21109641243984,1.0607169588932441e-10,155.15893735392748,254.95427007169633,32.24,0.0,True,True,scored_descriptively,published_mass_template_assumptions,False,False
NGC2903,16,8.64,201.0,1.0,150.36337336598962,201.19243436417682,8.480468262650959e-11,152.46690085700223,249.4817727850735,23.57,0.0,True,True,scored_descriptively,published_mass_template_assumptions,False,False
NGC2903,17,9.6,201.0,1.0,143.5696987529054,198.16723054090207,6.958310430353713e-11,150.52841240752642,245.2552234271749,14.07,0.0,True,True,scored_descriptively,published_mass_template_assumptions,False,False
NGC2903,18,10.56,199.0,1.0,138.13511501424972,196.1477899304061,5.855900971919286e-11,149.42261211961096,242.20763937855796,10.06,0.0,True,True,scored_descriptively,published_mass_template_assumptions,False,False
NGC2903,19,11.52,197.0,1.0,133.68916354738704,194.82789941411306,5.027931911154307e-11,148.8317694406206,240.05456845709264,6.57,0.0,True,True,scored_descriptively,published_mass_template_assumptions,False,False
NGC2903,20,12.48,196.0,2.0,128.7974557202121,192.86623891713754,4.3077395487767324e-11,147.58620263592675,237.30349813171912,4.46,0.0,True,True,scored_descriptively,published_mass_template_assumptions,False,False
NGC2903,21,13.44,193.0,3.0,123.79914115210978,190.588516070144,3.695604180148497e-11,145.97875048162092,234.30564126320482,2.89,0.0,True,True,scored_descriptively,published_mass_template_assumptions,False,False
NGC2903,22,14.4,190.0,3.0,119.3286091010869,188.62410606252251,3.204616907457923e-11,144.61133743761147,231.69844732498086,1.89,0.0,True,True,scored_descriptively,published_mass_template_assumptions,False,False
NGC2903,23,15.36,188.0,5.0,115.22578422384463,186.8385071292561,2.8012868610298887e-11,143.39814909891828,229.2957509274866,1.25,0.0,True,True,scored_descriptively,published_mass_template_assumptions,False,False
NGC2903,24,16.32,187.0,5.0,111.64875682245638,185.41189741679187,2.4753526755900658e-11,142.4236330739858,227.38041913153236,0.83,0.0,True,True,scored_descriptively,published_mass_template_assumptions,False,False
NGC2903,25,17.28,188.0,3.0,108.15581630222205,183.9164682734586,2.1938426517948572e-11,141.3485231320307,225.43761156309301,0.55,0.0,True,True,scored_descriptively,published_mass_template_assumptions,False,False
NGC2903,26,18.24,186.0,3.0,105.10126164799355,182.72934943030592,1.962639248556081e-11,140.5232342530662,223.86145480065227,0.37,0.0,True,True,scored_descriptively,published_mass_template_assumptions,False,False
NGC2903,27,19.2,185.0,3.0,102.32565074310546,181.70462236603422,1.7673284006439402e-11,139.81951644072296,222.4905730023491,0.24,0.0,True,True,scored_descriptively,published_mass_template_assumptions,False,False
NGC2903,28,20.16,185.0,3.0,99.70585213516807,180.72616844805574,1.5980862913990503e-11,139.13249324117643,221.1997098315786,0.16,0.0,True,True,scored_descriptively,published_mass_template_assumptions,False,False
NGC2903,29,21.12,181.0,3.0,97.364790864049,179.93717564362098,1.4546530155280233e-11,138.60008374012236,220.13293592696033,0.11,0.0,True,True,scored_descriptively,published_mass_template_assumptions,False,False
NGC2903,30,22.08,178.0,3.0,95.27002335467331,179.31685940506185,1.3321800606459206e-11,138.2019464008274,219.26944510854736,0.07,0.0,True,True,scored_descriptively,published_mass_template_assumptions,False,False
NGC2903,31,23.04,177.0,3.0,93.24673667212167,178.68439768013775,1.2230219844528435e-11,137.7774908917658,218.41140778654616,0.05,0.0,True,True,scored_descriptively,published_mass_template_assumptions,False,False
NGC2903,32,24.0,182.0,4.0,91.60687556073506,178.3955865891078,1.133168138436344e-11,137.65555462655954,217.93296406180195,0.03,0.0,True,True,scored_descriptively,published_mass_template_assumptions,False,False
NGC2903,33,24.96,180.0,8.0,90.00462238129772,178.07556287107005,1.0518032345715999e-11,137.49176474766566,217.43723798648028,0.0,0.0,True,True,scored_descriptively,published_mass_template_assumptions,False,False
NGC2915,0,0.34,13.5,10.1,31.926017603202563,41.85437669675238,9.715385443586856e-11,35.94362765748945,47.74652504269976,329.95,0.0,True,True,scored_descriptively,published_mass_template_assumptions,False,False
NGC2915,1,0.67,31.3,12.5,35.39985451947508,49.978082018178114,6.061465066169282e-11,43.197940445570914,56.71781431452886,91.07,0.0,True,True,scored_descriptively,published_mass_template_assumptions,False,False
NGC2915,2,1.0,35.3,13.4,34.68985154191352,52.88359994528485,3.899907777851439e-11,46.000497596469145,59.71259595838041,36.28,0.0,True,True,scored_descriptively,published_mass_template_assumptions,False,False
NGC2915,3,1.34,50.5,9.38,33.23873643807779,54.38769940588206,2.6719828608779637e-11,47.54818858775932,61.16499808130336,16.86,0.0,True,True,scored_descriptively,published_mass_template_assumptions,False,False
NGC2915,4,1.68,61.0,10.1,31.335326709641947,54.86993212148213,1.8941249609580382e-11,48.136162469562905,61.53472422807022,8.72,0.0,True,True,scored_descriptively,published_mass_template_assumptions,False,False
NGC2915,5,2.01,66.5,11.9,29.61644222387287,55.05422704673447,1.4142271477585782e-11,48.42535342217747,61.60989404509481,4.56,0.0,True,True,scored_descriptively,published_mass_template_assumptions,False,False
NGC2915,6,2.34,74.4,11.6,28.161487886828706,55.20628143730411,1.0983602079538754e-11,48.672366025778345,61.66492478218642,2.91,0.0,True,True,scored_descriptively,published_mass_template_assumptions,False,False
NGC2915,7,2.67,83.0,9.17,26.856124068822737,55.27383024919236,8.754369286901698e-12,48.81709990464915,61.65342033143747,1.6,0.0,True,True,scored_descriptively,published_mass_template_assumptions,False,False
NGC2915,8,3.01,86.4,7.66,25.51177571240387,55.12119120532527,7.0075198308317864e-12,48.74689924036596,61.41642636413595,0.88,0.0,True,True,scored_descriptively,published_mass_template_assumptions,False,False
NGC2915,9,3.35,83.6,8.18,24.351214548765324,54.997901205102195,5.736485523404617e-12,48.71562329753657,61.20118794438616,0.43,0.0,True,True,scored_descriptively,published_mass_template_assumptions,False,False
NGC2915,10,3.68,79.8,7.93,23.711545710897887,55.346664147912946,4.9513242436713235e-12,49.152776353685475,61.465131922117784,0.24,0.0,True,True,scored_descriptively,published_mass_template_assumptions,False,False
NGC2915,11,4.02,82.8,6.95,23.440549268308537,56.10497179231767,4.429543487242693e-12,49.99581371582463,62.143443254665506,0.13,0.0,True,True,scored_descriptively,published_mass_template_assumptions,False,False
NGC2915,12,4.35,83.5,7.19,23.444286084246627,57.121770558701904,4.0948144055243064e-12,51.09300030206603,63.083524873415406,0.07,0.0,True,True,scored_descriptively,published_mass_template_assumptions,False,False
NGC2915,13,4.68,80.4,7.85,23.433865451521225,58.06555942980367,3.802694755812351e-12,52.088769421486674,63.976108471124064,0.04,0.0,True,True,scored_descriptively,published_mass_template_assumptions,False,False
NGC2915,14,5.02,80.3,7.57,23.22799173411253,58.720552194052004,3.48312502293844e-12,52.78484349452712,64.58923885232267,0.02,0.0,True,True,scored_descriptively,published_mass_template_assumptions,False,False
NGC2915,15,5.35,82.1,7.92,22.817966605287157,59.01229444069817,3.1539118664119388e-12,53.107011421903124,64.84941006779043,0.01,0.0,True,True,scored_descriptively,published_mass_template_assumptions,False,False
NGC2915,16,5.69,82.4,8.33,22.2766851214448,59.08578022135296,2.826430564028592e-12,53.21233494977773,64.88998858716755,0.01,0.0,True,True,scored_descriptively,published_mass_template_assumptions,False,False
NGC2915,17,6.03,80.9,7.88,21.78778097925532,59.17468389576587,2.5512801168590076e-12,53.32504948100555,64.95406314488717,0.0,0.0,True,True,scored_descriptively,published_mass_template_assumptions,False,False
NGC2915,18,6.36,79.0,6.15,21.64679537483551,59.70306017001999,2.3876989188210313e-12,53.86965608003411,65.46462583428848,0.0,0.0,True,True,scored_descriptively,published_mass_template_assumptions,False,False
NGC2915,19,6.69,81.4,6.11,21.82373364023672,60.67317880241234,2.3071798062075726e-12,54.853103910169615,66.41847180097682,0.0,0.0,True,True,scored_descriptively,published_mass_template_assumptions,False,False
NGC2915,20,7.02,79.7,5.59,22.221891233646158,61.952767751132605,2.2796825652845885e-12,56.12919781417272,67.69701520754225,0.0,0.0,True,True,scored_descriptively,published_mass_template_assumptions,False,False
NGC2915,21,7.36,77.5,6.33,22.578594951856502,63.17408568258165,2.2447370030771012e-12,57.34051571935791,68.92312276040612,0.0,0.0,True,True,scored_descriptively,published_mass_template_assumptions,False,False
NGC2915,22,7.7,79.9,6.41,22.456003651585025,63.65763859907554,2.12238256873327e-12,57.82771020829662,69.40018876886047,0.0,0.0,True,True,scored_descriptively,published_mass_template_assumptions,False,False
NGC2915,23,8.03,81.5,7.86,22.537009562051484,64.40808295778339,2.0498707922800196e-12,58.56924864610604,70.15567860429272,0.0,0.0,True,True,scored_descriptively,published_mass_template_assumptions,False,False
NGC2915,24,8.37,82.2,7.82,22.711603862343143,65.30335091607891,1.9971910259311344e-12,59.44948015128254,71.06129031381617,0.0,0.0,True,True,scored_descriptively,published_mass_template_assumptions,False,False
NGC2915,25,8.7,82.0,7.09,22.8245952866639,66.07118537755136,1.940601547476332e-12,60.20548797665968,71.83656107005032,0.0,0.0,True,True,scored_descriptively,published_mass_template_assumptions,False,False
NGC2915,26,9.03,84.7,5.74,23.039457458889956,66.98259960089175,1.9050492179106023e-12,61.09444372011877,72.76545732332617,0.0,0.0,True,True,scored_descriptively,published_mass_template_assumptions,False,False
NGC2915,27,9.37,86.1,5.54,23.095737702009,67.65306752729933,1.8449030172874238e-12,61.74818066604526,73.44878478291723,0.0,0.0,True,True,scored_descriptively,published_mass_template_assumptions,False,False
NGC2915,28,9.7,85.3,5.23,23.24156190964798,68.43292542584561,1.8047138112732167e-12,62.50841767916782,74.24363011098897,0.0,0.0,True,True,scored_descriptively,published_mass_template_assumptions,False,False
NGC2915,29,10.04,86.5,6.45,23.1362929182702,68.82301388140912,1.727839070046872e-12,62.88933612383325,74.64038497053781,0.0,0.0,True,True,scored_descriptively,published_mass_template_assumptions,False,False
NGC2955,0,0.75,169.0,4.27,141.60114960691527,150.0771906382486,8.664065958703316e-10,117.31518803875457,183.76520193038985,1391.81,4469.43,True,True,scored_descriptively,published_mass_template_assumptions,False,False
NGC2955,1,1.55,203.0,4.92,192.61703216486336,205.31167028912247,7.757238255941267e-10,160.64415446825134,251.22020977538523,1172.91,2105.83,True,True,scored_descriptively,published_mass_template_assumptions,False,False
NGC2955,2,2.3,232.0,5.49,215.98363764415117,232.39045189680044,6.572995296751656e-10,182.10406236334933,284.0328710969414,999.07,1340.93,True,True,scored_descriptively,published_mass_template_assumptions,False,False
NGC2955,3,3.06,256.0,4.38,239.01264742686735,258.4855590489154,6.05020086094272e-10,202.71117960119554,315.73859491690826,849.17,745.19,True,True,scored_descriptively,published_mass_template_assumptions,False,False
NGC2955,4,3.85,248.0,3.47,249.4993673338672,272.41231339251476,5.239955788278244e-10,213.9737460717058,332.3475609813981,717.13,308.69,True,True,scored_descriptively,published_mass_template_assumptions,False,False
NGC2955,5,4.61,253.0,5.68,252.59988169039192,278.9362699670667,4.4855408380296953e-10,219.52463164886495,339.8032655967216,606.7,124.46,True,True,scored_descriptively,published_mass_template_assumptions,False,False
NGC2955,6,5.36,269.0,8.42,251.52123007809897,281.3009811482675,3.8250222141068947e-10,221.84877866642245,342.1340751982203,503.2,47.18,True,True,scored_descriptively,published_mass_template_assumptions,False,False
NGC2955,7,6.12,268.0,4.67,249.38209504693796,282.56465681752974,3.2932793489151443e-10,223.2789997305755,343.15121988562504,437.22,17.54,True,True,scored_descriptively,published_mass_template_assumptions,False,False
NGC2955,8,6.91,260.0,5.58,247.7653972410191,284.2916256623289,2.879073242941303e-10,225.01397407294306,344.7985713626187,380.24,6.29,True,True,scored_descriptively,published_mass_template_assumptions,False,False
NGC2955,9,7.66,245.0,8.47,247.51262822328886,286.9848574106004,2.591883092449948e-10,227.41988989798438,347.72738069914175,318.5,2.38,True,True,scored_descriptively,published_mass_template_assumptions,False,False
NGC2955,10,8.42,247.0,6.0,244.7136040967073,287.2498167567354,2.3049079711308576e-10,227.91712636883383,347.6899560313844,235.35,0.89,True,True,scored_descriptively,published_mass_template_assumptions,False,False
NGC2955,11,8.86,267.0,10.3,242.11231567187986,286.45237526943856,2.1441220146234364e-10,227.4665961396825,346.4975171282321,200.23,0.5,True,True,scored_descriptively,published_mass_template_assumptions,False,False
NGC2955,12,9.21,255.0,7.27,239.66207568157296,285.4445338818918,2.0211030493178565e-10,226.8135329651904,345.0942066051216,180.71,0.32,True,True,scored_descriptively,published_mass_template_assumptions,False,False
NGC2955,13,10.82,253.0,11.2,229.52481179602347,281.59961048919286,1.5779072583231402e-10,224.38681606519634,339.6604653440723,131.46,0.04,True,True,scored_descriptively,published_mass_template_assumptions,False,False
NGC2955,14,11.56,271.0,11.3,225.4861630344532,280.26853277139435,1.42538247139173e-10,223.60377814156115,337.7111459197957,112.34,0.02,True,True,scored_descriptively,published_mass_template_assumptions,False,False
NGC2955,15,12.4,276.0,8.71,221.2553883411656,278.98518190944793,1.2794269125230305e-10,222.9078210768245,335.76459894366604,103.42,0.01,True,True,scored_descriptively,published_mass_template_assumptions,False,False
NGC2955,16,14.17,275.0,10.1,217.07863602851387,280.33124005108357,1.0777394314317787e-10,224.585520122556,336.6630123528919,81.02,0.0,True,True,scored_descriptively,published_mass_template_assumptions,False,False
NGC2955,17,16.88,275.0,10.0,209.33770104785233,280.44362335357346,8.413407287561572e-11,225.79272605751197,335.49646984264893,50.98,0.0,True,True,scored_descriptively,published_mass_template_assumptions,False,False
NGC2955,18,19.49,276.0,11.7,206.31442259328358,283.9948673868987,7.077775664315063e-11,229.5650415448876,338.69666100977145,36.11,0.0,True,True,scored_descriptively,published_mass_template_assumptions,False,False
NGC2955,19,22.19,267.0,15.7,199.48437126752563,283.6213404254734,5.8117898894346654e-11,230.37286558668447,336.9854951614406,17.62,0.0,True,True,scored_descriptively,published_mass_template_assumptions,False,False
NGC2955,20,24.8,257.0,15.1,192.13974232313313,282.02782516535274,4.8242763966929997e-11,229.76003936528036,334.29547113054844,12.8,0.0,True,True,scored_descriptively,published_mass_template_assumptions,False,False
NGC2955,21,27.51,254.0,13.6,183.9186318729019,279.2863271459406,3.984834783713458e-11,227.91009812653914,330.5743490983807,9.61,0.0,True,True,scored_descriptively,published_mass_template_assumptions,False,False
NGC2955,22,30.12,248.0,11.6,176.6802154458727,276.8417656105347,3.358693142676653e-11,226.15193264678942,327.37767648455844,6.7,0.0,True,True,scored_descriptively,published_mass_template_assumptions,False,False
NGC2955,23,35.43,227.0,11.2,166.36005476075078,275.06796256482016,2.531491140067679e-11,225.59705535914702,324.2466566065743,3.71,0.0,True,True,scored_descriptively,published_mass_template_assumptions,False,False
NGC2976,0,0.11,6.8,3.62,8.53720094644609,14.579114973410434,2.1472755416000473e-11,11.822956658598756,17.059530435212015,401.24,0.0,True,True,scored_descriptively,published_mass_template_assumptions,False,False
NGC2976,1,0.17,9.5,4.31,11.058679848878889,18.58119973873988,2.33134799255897e-11,15.073011373551191,21.739809978640384,385.05,0.0,True,True,scored_descriptively,published_mass_template_assumptions,False,False
NGC2976,2,0.24,14.0,3.11,14.021986307224807,22.97209853628666,2.6549557702138425e-11,18.629621108679583,26.88615313222987,353.55,0.0,True,True,scored_descriptively,published_mass_template_assumptions,False,False
NGC2976,3,0.31,19.8,5.5,16.601835741869028,26.77538555502523,2.881376343538648e-11,21.70406429952556,31.350266692008926,326.8,0.0,True,True,scored_descriptively,published_mass_template_assumptions,False,False
NGC2976,4,0.38,26.1,3.9,18.864796579873317,30.126490326558223,3.0350797788317624e-11,24.41169511988648,35.28486728808374,306.5,0.0,True,True,scored_descriptively,published_mass_template_assumptions,False,False
NGC2976,5,0.45,28.7,3.5,21.015620381040385,33.26636252607204,3.180690200205838e-11,26.959943150359315,38.96038968870257,294.93,0.0,True,True,scored_descriptively,published_mass_template_assumptions,False,False
NGC2976,6,0.52,28.7,2.7,23.194603898320832,36.35551289433481,3.352895607029659e-11,29.456148715007902,42.58829193444111,286.81,0.0,True,True,scored_descriptively,published_mass_template_assumptions,False,False
NGC2976,7,0.59,31.7,2.5,25.387577670979166,39.393789728378316,3.540299252074942e-11,31.908900260968927,46.15944025150836,277.28,0.0,True,True,scored_descriptively,published_mass_template_assumptions,False,False
NGC2976,8,0.66,35.5,2.3,27.512805200488007,42.311474916338106,3.716851976685984e-11,34.28268253675941,49.57037421514252,266.34,0.0,True,True,scored_descriptively,published_mass_template_assumptions,False,False
NGC2976,9,0.73,39.4,2.1,29.57435882652403,45.120956640786375,3.882909517566713e-11,36.57487368115675,52.84835944215758,258.37,0.0,True,True,scored_descriptively,published_mass_template_assumptions,False,False
NGC2976,10,0.8,42.9,2.3,31.56889608459567,47.8255368850877,4.037181355149581e-11,38.763007517482535,56.02294625952028,250.06,0.0,True,True,scored_descriptively,published_mass_template_assumptions,False,False
NGC2976,11,0.87,46.0,2.6,33.55183601533603,50.483981632995274,4.193366131212942e-11,40.92878892250763,59.12828140340431,244.56,0.0,True,True,scored_descriptively,published_mass_template_assumptions,False,False
NGC2976,12,0.94,49.1,3.1,35.70556259184274,53.27568593685553,4.395348972486932e-11,43.19261476391261,62.400885000481246,245.53,0.0,True,True,scored_descriptively,published_mass_template_assumptions,False,False
NGC2976,13,1.01,49.2,3.2,38.2977923645737,56.45852616836469,4.7062561545695046e-11,45.75984668693433,66.14779619657962,248.27,0.0,True,True,scored_descriptively,published_mass_template_assumptions,False,False
NGC2976,14,1.08,51.4,3.2,41.05233428198694,59.76658252534133,5.057098498094208e-11,48.44091447182439,70.0296277239252,237.88,0.0,True,True,scored_descriptively,published_mass_template_assumptions,False,False
NGC2976,15,1.14,57.2,3.1,43.39939400498583,62.56644095299496,5.3544138363466703e-11,50.74763344933869,73.2763372832548,230.0,0.0,True,True,scored_descriptively,published_mass_template_assumptions,False,False
NGC2976,16,1.21,63.8,2.9,46.46000053809728,66.11399171151596,5.781260055314192e-11,53.6844165945826,77.3759867595801,228.85,0.0,True,True,scored_descriptively,published_mass_template_assumptions,False,False
NGC2976,17,1.29,67.8,2.8,49.930820642164484,70.11177253754302,6.263212581601618e-11,56.95987597677836,82.0313740331415,216.32,0.0,True,True,scored_descriptively,published_mass_template_assumptions,False,False
NGC2976,18,1.35,69.8,3.3,52.52373558687539,73.08090332088788,6.622575208254635e-11,59.42249711908626,85.45729968344976,203.26,0.0,True,True,scored_descriptively,published_mass_template_assumptions,False,False
NGC2976,19,1.42,71.7,3.9,55.2458256341599,76.24213559567087,6.965624310061448e-11,62.04118597376127,89.10756343669192,189.42,0.0,True,True,scored_descriptively,published_mass_template_assumptions,False,False
NGC2976,20,1.49,74.1,4.4,57.82906795029641,79.25588373943934,7.273703130615479e-11,64.54688048789811,92.57735053063986,174.06,0.0,True,True,scored_descriptively,published_mass_template_assumptions,False,False
NGC2976,21,1.56,76.7,4.8,60.28965251185314,82.13921765194502,7.551103411639995e-11,66.9705132413591,95.86838108455916,155.41,0.0,True,True,scored_descriptively,published_mass_template_assumptions,False,False
NGC2976,22,1.63,79.9,4.4,62.1856136899846,84.482066170812,7.688501431702112e-11,68.943204360694,98.5375388573604,134.59,0.0,True,True,scored_descriptively,published_mass_template_assumptions,False,False
NGC2976,23,1.74,83.6,3.35,64.20776393863908,87.24712984896576,7.678480715780508e-11,71.32513549300467,101.6274439992001,99.94,0.0,True,True,scored_descriptively,published_mass_template_assumptions,False,False
NGC2976,24,1.93,83.9,3.95,62.84432193921739,87.42125258546895,6.631690282170634e-11,71.52934855675981,101.7500924514408,58.42,0.0,True,True,scored_descriptively,published_mass_template_assumptions,False,False
NGC2976,25,2.1,88.7,4.44,61.15324439471711,87.04829751581829,5.771240407512085e-11,71.37995838982597,101.13604856869966,46.09,0.0,True,True,scored_descriptively,published_mass_template_assumptions,False,False
NGC2976,26,2.27,85.3,5.36,60.03266027755225,87.13943595762721,5.145158708831772e-11,71.55945970646617,101.1194803662142,41.53,0.0,True,True,scored_descriptively,published_mass_template_assumptions,False,False
NGC2998,0,0.33,90.0,20.0,31.50867816967256,41.28573317458171,9.749803963838301e-11,34.43420225415074,48.245749354632615,2070.29,0.0,True,True,scored_descriptively,published_mass_template_assumptions,False,False
NGC2998,1,0.99,125.0,15.0,65.92686895340928,81.96344745937633,1.42278461699738e-10,68.11198856016078,96.07964960519222,1190.44,0.0,True,True,scored_descriptively,published_mass_template_assumptions,False,False
NGC2998,2,1.98,148.0,15.0,93.467877102243,116.12809923423605,1.4299110497359373e-10,96.504257526159,136.12802918664786,888.44,0.0,True,True,scored_descriptively,published_mass_template_assumptions,False,False
NGC2998,3,2.64,180.0,17.0,109.42123057249904,135.46566356164365,1.4697677615514896e-10,112.54832522704797,158.82771164827847,784.11,0.0,True,True,scored_descriptively,published_mass_template_assumptions,False,False
NGC2998,4,3.63,201.0,15.0,139.21984933909388,168.87148273673398,1.730394589964832e-10,140.07597992908956,198.26504479553404,702.55,0.0,True,True,scored_descriptively,published_mass_template_assumptions,False,False
NGC2998,5,7.59,206.0,10.0,157.5831012513715,203.97626343308804,1.0602956148292259e-10,170.16034898619216,238.3579046441497,192.87,0.0,True,True,scored_descriptively,published_mass_template_assumptions,False,False
NGC2998,6,12.5,214.0,5.0,154.11953688614562,217.01723545555365,6.15821479015829e-11,182.36271572703703,252.10685066474932,56.1,0.0,True,True,scored_descriptively,published_mass_template_assumptions,False,False
NGC2998,7,17.48,212.0,5.0,147.60772608505286,223.59641160155758,4.039486921178994e-11,189.1624577101451,258.3730477254221,17.41,0.0,True,True,scored_descriptively,published_mass_template_assumptions,False,False
NGC2998,8,22.46,213.0,2.0,134.9007379520216,221.47734771637923,2.6258405679544957e-11,188.64375595647653,254.56508703281082,10.54,0.0,True,True,scored_descriptively,published_mass_template_assumptions,False,False
NGC2998,9,27.44,214.0,2.0,129.00029050354885,224.21752524246233,1.965380869243856e-11,191.9563037302272,256.6884560088503,5.26,0.0,True,True,scored_descriptively,published_mass_template_assumptions,False,False
NGC2998,10,32.32,213.0,2.0,124.5530513476085,227.01830811142992,1.5555602816104496e-11,195.31056627449098,258.9009464708088,2.5,0.0,True,True,scored_descriptively,published_mass_template_assumptions,False,False
NGC2998,11,37.3,213.0,3.0,118.8130161219721,227.5396517031668,1.2265031404022005e-11,196.50248286787303,258.7141912195213,0.96,0.0,True,True,scored_descriptively,published_mass_template_assumptions,False,False
NGC2998,12,42.28,203.0,3.0,112.30156031863494,226.24193729603823,9.666873977360172e-12,195.7609950294273,256.8285369204275,0.33,0.0,True,True,scored_descriptively,published_mass_template_assumptions,False,False
NGC3109,0,0.26,6.1,1.6,2.2054931421339763,8.420638657769505,6.06299946912126e-13,7.559084881604723,9.226589802643327,10.55,0.0,True,True,scored_descriptively,published_mass_template_assumptions,False,False
NGC3109,1,0.52,11.2,0.7,3.959905301898014,13.48251633028562,9.772725754016091e-13,12.158536220218965,14.723901099263447,8.77,0.0,True,True,scored_descriptively,published_mass_template_assumptions,False,False
NGC3109,2,0.77,14.9,1.5,6.70976154568849,19.53185692832729,1.8948415624953997e-12,17.783596063492805,21.172811843222302,8.41,0.0,True,True,scored_descriptively,published_mass_template_assumptions,False,False
NGC3109,3,1.03,19.1,2.2,8.925561606980258,24.340993398056142,2.506590180583723e-12,22.26343447127468,26.28818795833663,7.93,0.0,True,True,scored_descriptively,published_mass_template_assumptions,False,False
NGC3109,4,1.29,24.3,0.9,11.138529974821633,28.885078663731363,3.1168471161751985e-12,26.426599140665395,31.189646708458383,6.67,0.0,True,True,scored_descriptively,published_mass_template_assumptions,False,False
NGC3109,5,1.55,29.8,1.9,13.033909620677905,32.80271955130366,3.551952644340769e-12,30.097946721254257,35.33340614716601,5.17,0.0,True,True,scored_descriptively,published_mass_template_assumptions,False,False
NGC3109,6,1.81,34.3,1.6,14.712909297620238,36.29847839343091,3.875859229570358e-12,33.38109833263685,39.02271803486644,4.71,0.0,True,True,scored_descriptively,published_mass_template_assumptions,False,False
NGC3109,7,2.06,38.2,3.5,16.0178790730858,39.154992066137574,4.036381952436892e-12,36.03842289925008,42.062790404460536,3.81,0.0,True,True,scored_descriptively,published_mass_template_assumptions,False,False
NGC3109,8,2.32,42.5,5.6,16.823960591965257,41.31902968654583,3.953829657272924e-12,38.071524660944775,44.345206348882265,2.97,0.0,True,True,scored_descriptively,published_mass_template_assumptions,False,False
NGC3109,9,2.58,42.3,3.0,17.400288790706895,43.11411488776866,3.80314305234122e-12,39.77223959351012,46.22361001902778,2.43,0.0,True,True,scored_descriptively,published_mass_template_assumptions,False,False
NGC3109,10,2.84,47.3,4.4,17.905178022013633,44.759499077680786,3.658376523278634e-12,41.33143721601911,47.94482890434541,2.3,0.0,True,True,scored_descriptively,published_mass_template_assumptions,False,False
NGC3109,11,3.1,49.3,4.0,18.405654022609465,46.3530467015917,3.5415246529174752e-12,42.78355398745907,49.67175390745394,2.42,0.0,True,True,scored_descriptively,published_mass_template_assumptions,False,False
NGC3109,12,3.35,50.6,3.5,19.02013932651388,48.030847048795614,3.4997098154965467e-12,44.302736335983845,51.499993532656,1.97,0.0,True,True,scored_descriptively,published_mass_template_assumptions,False,False
NGC3109,13,3.61,53.0,3.5,19.570945301645498,49.62180472923634,3.438474905605625e-12,45.78953935589302,53.18587844670192,1.22,0.0,True,True,scored_descriptively,published_mass_template_assumptions,False,False
NGC3109,14,3.87,54.7,3.3,19.417861622743118,50.205808186065696,3.1574849811256267e-12,46.37853729511522,53.7597852576991,0.78,0.0,True,True,scored_descriptively,published_mass_template_assumptions,False,False
NGC3109,15,4.13,55.2,3.1,19.23198377703143,50.69916213658499,2.902335213470596e-12,46.88523882777502,54.23491304098095,0.69,0.0,True,True,scored_descriptively,published_mass_template_assumptions,False,False
NGC3109,16,4.38,57.5,2.6,19.522367940390836,51.807820352536524,2.819943011447514e-12,47.96194961632185,55.367089642418364,0.81,0.0,True,True,scored_descriptively,published_mass_template_assumptions,False,False
NGC3109,17,4.64,59.1,2.4,19.84865738532458,52.97286123018116,2.751653500083976e-12,49.055083493476786,56.59685004022202,0.75,0.0,True,True,scored_descriptively,published_mass_template_assumptions,False,False
NGC3109,18,4.9,61.2,1.9,20.248843176833585,54.22358991803731,2.711775973200142e-12,50.236242554211934,57.90904563542285,0.64,0.0,True,True,scored_descriptively,published_mass_template_assumptions,False,False
NGC3109,19,5.16,62.7,1.9,20.624939999912726,55.42135616445971,2.6716843149128934e-12,51.371275546891404,59.16153030851047,0.51,0.0,True,True,scored_descriptively,published_mass_template_assumptions,False,False
NGC3109,20,5.42,64.4,2.9,21.172002739467043,56.849287080633935,2.6802422645328557e-12,52.73424007473796,60.644267257352034,0.43,0.0,True,True,scored_descriptively,published_mass_template_assumptions,False,False
NGC3109,21,5.67,66.6,3.2,21.687555187249668,58.19287079397431,2.6883610243899853e-12,54.008702806641104,62.04775977809517,0.36,0.0,True,True,scored_descriptively,published_mass_template_assumptions,False,False
NGC3109,22,5.93,66.3,3.4,21.72169537582184,58.84979172990528,2.578589436317164e-12,54.62668409600179,62.73934589076901,0.0,0.0,True,True,scored_descriptively,published_mass_template_assumptions,False,False
NGC3109,23,6.19,66.2,3.2,21.54033774108475,59.172051629629784,2.429203078366763e-12,54.986028265183094,63.018798669737635,0.0,0.0,True,True,scored_descriptively,published_mass_template_assumptions,False,False
NGC3109,24,6.45,67.3,3.0,21.363059237852617,59.477312656243114,2.293066394341715e-12,55.30704803627949,63.30395101575183,0.0,0.0,True,True,scored_descriptively,published_mass_template_assumptions,False,False
NGC3198,0,0.32,24.4,35.9,44.74571711348473,53.27370778213898,2.0276940265988397e-10,45.57831532719282,60.91615064535781,1084.92,0.0,True,True,scored_descriptively,published_mass_template_assumptions,False,False
NGC3198,1,0.64,43.3,16.3,52.08548550220109,65.05407208765212,1.3737348444717467e-10,55.88155298432314,74.13641514904275,590.57,0.0,True,True,scored_descriptively,published_mass_template_assumptions,False,False
NGC3198,2,0.96,45.5,16.1,55.84729357811353,72.36189922727644,1.0528887489155915e-10,62.320258144084406,82.2828501180521,410.97,0.0,True,True,scored_descriptively,published_mass_template_assumptions,False,False
NGC3198,3,1.28,58.5,15.4,58.47877820201103,77.99937138703685,8.658368506808542e-11,67.29660132648186,88.55590390454672,329.34,0.0,True,True,scored_descriptively,published_mass_template_assumptions,False,False
NGC3198,4,1.61,68.8,7.61,59.55272202007227,81.86248449889227,7.138826260137557e-11,70.74805881847047,92.80698730085696,268.62,0.0,True,True,scored_descriptively,published_mass_template_assumptions,False,False
NGC3198,5,1.93,76.9,10.3,58.81004973641835,83.62466549914589,5.8075805106620127e-11,72.39261991798183,94.66577186182839,247.67,0.0,True,True,scored_descriptively,published_mass_template_assumptions,False,False
NGC3198,6,2.24,82.0,8.09,61.5447796323945,88.3756994746326,5.480041891655295e-11,76.5397437947637,100.00482386710611,227.56,0.0,True,True,scored_descriptively,published_mass_template_assumptions,False,False
NGC3198,7,2.57,86.9,7.6,62.861685866670804,91.75220820230986,4.982971227853446e-11,79.52020107234924,103.7610213143176,205.02,0.0,True,True,scored_descriptively,published_mass_template_assumptions,False,False
NGC3198,8,2.89,97.6,3.03,62.90210886766834,93.69855721810491,4.436924348545353e-11,81.27388037275881,105.88500447477449,200.2,0.0,True,True,scored_descriptively,published_mass_template_assumptions,False,False
NGC3198,9,3.21,100.0,5.31,66.32389049203914,98.77939527949684,4.441037184410386e-11,85.68191709384116,111.62595139183841,208.58,0.0,True,True,scored_descriptively,published_mass_template_assumptions,False,False
NGC3198,10,3.54,107.0,7.51,71.57228583746644,105.57732664031363,4.68960180394105e-11,91.54451902862381,119.34743205742701,208.47,0.0,True,True,scored_descriptively,published_mass_template_assumptions,False,False
NGC3198,11,3.85,113.0,7.32,76.74314334192991,112.11279054633951,4.957559011692064e-11,97.1720331773031,126.78046203549293,196.07,0.0,True,True,scored_descriptively,published_mass_template_assumptions,False,False
NGC3198,12,4.17,117.0,5.21,81.69204643048184,118.41565504958616,5.1864829056579624e-11,102.60292114467426,133.94527534446757,179.96,0.0,True,True,scored_descriptively,published_mass_template_assumptions,False,False
NGC3198,13,4.5,119.0,5.67,85.26872199112638,123.39779500784164,5.2362026801300225e-11,106.92019968292027,139.5822314721942,164.19,0.0,True,True,scored_descriptively,published_mass_template_assumptions,False,False
NGC3198,14,4.82,127.0,5.39,88.80610958712244,128.2397912650088,5.3025907074197396e-11,111.11769819209579,145.0599159775854,150.99,0.0,True,True,scored_descriptively,published_mass_template_assumptions,False,False
NGC3198,15,5.15,132.0,4.34,91.69743944080446,132.46362023582725,5.291230036749807e-11,114.7941048592403,149.82226719334454,138.08,0.0,True,True,scored_descriptively,published_mass_template_assumptions,False,False
NGC3198,16,5.46,134.0,2.36,94.42312666926468,136.39801253768852,5.2919236127881045e-11,118.21721794234075,154.25994578176437,126.0,0.0,True,True,scored_descriptively,published_mass_template_assumptions,False,False
NGC3198,17,5.78,137.0,0.89,96.84191938411794,140.04474542090318,5.258336724721164e-11,121.3993970558866,158.36325885185224,113.63,0.0,True,True,scored_descriptively,published_mass_template_assumptions,False,False
NGC3198,18,6.1,140.0,2.84,99.03062985763546,143.4358245397008,5.2102516801215146e-11,124.36511087303762,162.17210026391456,101.19,0.0,True,True,scored_descriptively,published_mass_template_assumptions,False,False
NGC3198,19,6.43,142.0,0.88,100.8626955320945,146.49270224383795,5.127428613737043e-11,127.05043992281027,165.59293314130946,86.52,0.0,True,True,scored_descriptively,published_mass_template_assumptions,False,False
NGC3198,20,6.74,144.0,1.23,101.32139014048316,148.1297778569577,4.9361896570054486e-11,128.53109795186967,167.37954698583152,70.23,0.0,True,True,scored_descriptively,published_mass_template_assumptions,False,False
NGC3198,21,7.06,146.0,1.57,100.48720664840873,148.5343334375753,4.635176770881515e-11,128.9703223949417,167.7425384774152,57.67,0.0,True,True,scored_descriptively,published_mass_template_assumptions,False,False
NGC3198,22,8.04,147.0,3.0,97.33017671822034,148.94724387717093,3.8184616204184636e-11,129.62060236928215,167.90269711647372,40.74,0.0,True,True,scored_descriptively,published_mass_template_assumptions,False,False
NGC3198,23,9.04,148.0,3.0,94.62670315508197,149.5302515112488,3.2100252081454124e-11,130.43285173451477,168.24891031083027,31.83,0.0,True,True,scored_descriptively,published_mass_template_assumptions,False,False
NGC3198,24,10.04,152.0,2.0,93.62450213485782,151.5225106335392,2.829402836111842e-11,132.45730124502515,170.20678782501102,26.64,0.0,True,True,scored_descriptively,published_mass_template_assumptions,False,False
NGC3198,25,11.04,155.0,2.0,93.57334476227726,154.2631348232641,2.5703051621067547e-11,135.12066052508305,173.02482614576746,21.02,0.0,True,True,scored_descriptively,published_mass_template_assumptions,False,False
NGC3198,26,12.05,156.0,2.0,93.36279933678082,156.70145874841174,2.34428353659386e-11,137.52400556364546,175.49997415395575,15.42,0.0,True,True,scored_descriptively,published_mass_template_assumptions,False,False
NGC3198,27,14.05,157.0,2.0,90.36059760758558,158.40836541636878,1.88335122787292e-11,139.57687396363605,176.8697402484126,6.42,0.0,True,True,scored_descriptively,published_mass_template_assumptions,False,False
NGC3198,28,16.07,153.0,2.0,84.75216280426123,156.76448496499137,1.4485555609724489e-11,138.64851960050387,174.5216009995229,2.95,0.0,True,True,scored_descriptively,published_mass_template_assumptions,False,False
NGC3198,29,18.13,153.0,2.0,80.84814530958641,156.4265225268666,1.1684006061299553e-11,138.76431781005496,173.73800389422402,2.39,0.0,True,True,scored_descriptively,published_mass_template_assumptions,False,False
NGC3198,30,20.05,154.0,2.0,78.94877389801567,157.64650249093492,1.007455465142816e-11,140.248724502323,174.70367993945018,1.44,0.0,True,True,scored_descriptively,published_mass_template_assumptions,False,False
NGC3198,31,22.12,153.0,2.0,76.59022914184288,158.26545266269414,8.59431108911923e-12,141.14480441571283,175.05205199877088,0.72,0.0,True,True,scored_descriptively,published_mass_template_assumptions,False,False
NGC3198,32,24.03,150.0,2.0,74.3763628446565,158.50427359898612,7.460459159854572e-12,141.67939981272167,175.00189121371577,0.28,0.0,True,True,scored_descriptively,published_mass_template_assumptions,False,False
NGC3198,33,26.1,149.0,2.0,72.99129091884866,159.72125466781776,6.615322737402856e-12,143.19821235684518,175.9264280523123,0.16,0.0,True,True,scored_descriptively,published_mass_template_assumptions,False,False
NGC3198,34,28.16,148.0,2.0,72.02298174888347,161.22906752672787,5.969789237162543e-12,144.93275290923205,177.21243890770648,0.08,0.0,True,True,scored_descriptively,published_mass_template_assumptions,False,False
NGC3198,35,30.08,146.0,2.0,70.31718531056259,161.460795661836,5.327145752580455e-12,145.32524131964203,177.2831809119931,0.04,0.0,True,True,scored_descriptively,published_mass_template_assumptions,False,False
NGC3198,36,32.14,147.0,2.0,68.33622794682188,161.32149465672913,4.708749508107604e-12,145.32003916221134,177.0083065062483,0.02,0.0,True,True,scored_descriptively,published_mass_template_assumptions,False,False
NGC3198,37,34.06,148.0,2.0,67.2461905984272,162.01545539646875,4.302691271858128e-12,146.1326631966491,177.58308610307242,0.01,0.0,True,True,scored_descriptively,published_mass_template_assumptions,False,False
NGC3198,38,36.12,148.0,2.0,66.79193214752813,163.58134855019514,4.002669453104115e-12,147.8128896723569,179.03342055352655,0.01,0.0,True,True,scored_descriptively,published_mass_template_assumptions,False,False
NGC3198,39,38.19,149.0,2.0,66.35266799458783,165.07542759681039,3.7360835248395835e-12,149.39314286603107,180.43847595761878,0.0,0.0,True,True,scored_descriptively,published_mass_template_assumptions,False,False
NGC3198,40,40.1,150.0,2.0,66.0035089976283,166.44752317778682,3.5207819735128486e-12,150.83515416986756,181.7370418941813,0.0,0.0,True,True,scored_descriptively,published_mass_template_assumptions,False,False
NGC3198,41,42.17,150.0,3.0,66.21895423517348,168.67403543307546,3.369849376611605e-12,153.11960745946521,183.89922220924964,0.0,0.0,True,True,scored_descriptively,published_mass_template_assumptions,False,False
NGC3198,42,44.08,149.0,3.0,64.71316751635636,168.29157078687345,3.078882991310876e-12,152.79009740513322,183.46260810744783,0.0,0.0,True,True,scored_descriptively,published_mass_template_assumptions,False,False
NGC3521,0,0.51,143.0,33.1,138.30195298693363,144.42677186240027,1.2154466598520134e-09,106.21901222919995,182.64144710200483,5592.84,0.0,True,True,scored_descriptively,published_mass_template_assumptions,False,False
NGC3521,1,0.69,160.0,15.0,150.78674742828034,158.2882150619923,1.0678904694789285e-09,116.51993065358171,200.03655108732335,4363.43,0.0,True,True,scored_descriptively,published_mass_template_assumptions,False,False
NGC3521,2,0.86,178.0,7.92,161.5468924182697,170.19522007815453,9.834407954085753e-10,125.35976531400173,214.9891689580726,3675.14,0.0,True,True,scored_descriptively,published_mass_template_assumptions,False,False
NGC3521,3,1.03,188.0,8.01,171.1796014424616,180.88169613273368,9.219688579865613e-10,133.29451269754773,228.40731102472708,2808.28,0.0,True,True,scored_descriptively,published_mass_template_assumptions,False,False
NGC3521,4,1.2,187.0,8.03,173.02739219557117,184.0284992215625,8.085333409853037e-10,135.755406064812,232.19933874556475,2150.5,0.0,True,True,scored_descriptively,published_mass_template_assumptions,False,False
NGC3521,5,1.38,195.0,5.6,175.18025202630577,187.48182584486787,7.206769999748473e-10,138.43855349741932,236.38206419004942,2033.53,0.0,True,True,scored_descriptively,published_mass_template_assumptions,False,False
NGC3521,6,1.55,199.0,7.52,177.75616684098475,191.20103039589733,6.606434136850033e-10,141.2948882373963,240.92909838031267,1846.64,0.0,True,True,scored_descriptively,published_mass_template_assumptions,False,False
NGC3521,7,1.71,203.0,6.87,182.4195942052279,196.7709074868849,6.306614935521538e-10,145.47489577838,247.86486506036493,1668.78,0.0,True,True,scored_descriptively,published_mass_template_assumptions,False,False
NGC3521,8,1.89,206.0,9.22,185.6460629800697,201.07247253817457,5.909614309969803e-10,148.7473056567818,253.16357585196334,1505.22,0.0,True,True,scored_descriptively,published_mass_template_assumptions,False,False
NGC3521,9,2.06,211.0,12.0,190.83639262467733,207.1103398397524,5.729340472089037e-10,153.26239205542254,260.7028363853366,1378.94,0.0,True,True,scored_descriptively,published_mass_template_assumptions,False,False
NGC3521,10,2.23,219.0,13.3,194.27043650540347,211.449858768594,5.484764989455965e-10,156.54197320001225,266.0762595458324,1175.03,0.0,True,True,scored_descriptively,published_mass_template_assumptions,False,False
NGC3521,11,2.41,216.0,9.9,195.48556174306069,213.7287763223639,5.138800827891293e-10,158.3302040799756,268.8113645237667,926.08,0.0,True,True,scored_descriptively,published_mass_template_assumptions,False,False
NGC3521,12,2.58,214.0,10.5,193.8465662579557,213.2395965991526,4.720043202053775e-10,158.09836616941647,268.0236929612646,830.56,0.0,True,True,scored_descriptively,published_mass_template_assumptions,False,False
NGC3521,13,2.75,213.0,8.39,193.4680754026359,213.9138490287929,4.4109829967640853e-10,158.70282650075234,268.7322106779638,769.64,0.0,True,True,scored_descriptively,published_mass_template_assumptions,False,False
NGC3521,14,2.92,210.0,13.3,193.21970111766552,214.68967237212334,4.1435197696398096e-10,159.3779398747366,269.57427440623974,727.61,0.0,True,True,scored_descriptively,published_mass_template_assumptions,False,False
NGC3521,15,3.09,214.0,6.67,194.29156942595324,216.67693847445273,3.959122031131532e-10,160.9332392000738,271.9636403540642,682.48,0.0,True,True,scored_descriptively,published_mass_template_assumptions,False,False
NGC3521,16,3.26,213.0,9.98,195.15040750662038,218.4438709044637,3.785914307761794e-10,162.3359194074082,274.06314096379117,633.6,0.0,True,True,scored_descriptively,published_mass_template_assumptions,False,False
NGC3521,17,3.43,212.0,11.2,196.774343347907,220.90237163430783,3.658409181518972e-10,164.24258341609323,277.0443967360836,575.82,0.0,True,True,scored_descriptively,published_mass_template_assumptions,False,False
NGC3521,18,3.61,215.0,9.11,197.27617811078966,222.35138834968987,3.4937477384826776e-10,165.42444944350544,278.7255415430265,523.07,0.0,True,True,scored_descriptively,published_mass_template_assumptions,False,False
NGC3521,19,3.78,217.0,10.1,198.76095026438168,224.6405253062987,3.387035774519107e-10,167.20629308609617,281.4932222907313,481.98,0.0,True,True,scored_descriptively,published_mass_template_assumptions,False,False
NGC3521,20,3.95,219.0,8.05,199.511425487364,226.23022947990395,3.2657873494534355e-10,168.4750389324843,283.373663331689,430.64,0.0,True,True,scored_descriptively,published_mass_template_assumptions,False,False
NGC3521,21,4.12,220.0,8.29,200.33238030832658,227.86910328637043,3.156854322719762e-10,169.77329306153484,285.32449448815265,369.64,0.0,True,True,scored_descriptively,published_mass_template_assumptions,False,False
NGC3521,22,4.29,218.0,8.42,199.58816335143726,228.04298566747582,3.0092739527265325e-10,170.0083702343233,285.4029546862827,310.22,0.0,True,True,scored_descriptively,published_mass_template_assumptions,False,False
NGC3521,23,4.46,220.0,9.71,198.54949030405493,227.9322307660381,2.864521914677685e-10,170.03691611965755,285.11773713658346,258.02,0.0,True,True,scored_descriptively,published_mass_template_assumptions,False,False
NGC3521,24,4.64,220.0,20.1,196.12672918294436,226.58037088584192,2.686612589336777e-10,169.1727515857919,283.235932758775,208.23,0.0,True,True,scored_descriptively,published_mass_template_assumptions,False,False
NGC3521,25,4.81,216.0,23.5,193.543527662384,225.02238014848004,2.523839211704064e-10,168.14960817834026,281.1027670923003,177.5,0.0,True,True,scored_descriptively,published_mass_template_assumptions,False,False
NGC3521,26,4.98,220.0,14.6,190.64849448658123,223.16867340989168,2.365303487817932e-10,166.89976906843648,278.6060032832734,157.71,0.0,True,True,scored_descriptively,published_mass_template_assumptions,False,False
NGC3521,27,5.15,218.0,12.2,188.15254887989158,221.67438011369404,2.227729407165743e-10,165.90002033624458,276.58155006403655,143.45,0.0,True,True,scored_descriptively,published_mass_template_assumptions,False,False
NGC3521,28,5.32,213.0,23.1,185.5730329277398,220.0942317985339,2.097816775296532e-10,164.83012665130218,274.45681258385133,128.98,0.0,True,True,scored_descriptively,published_mass_template_assumptions,False,False
NGC3521,29,5.49,215.0,21.2,183.1941637989595,218.68949381777617,1.9810725387790104e-10,163.88282454852856,272.56211521737475,118.36,0.0,True,True,scored_descriptively,published_mass_template_assumptions,False,False
NGC3521,30,5.67,216.0,18.3,180.8450181785498,217.34768616711213,1.8693021048219116e-10,162.98608272193508,270.7416187974285,108.99,0.0,True,True,scored_descriptively,published_mass_template_assumptions,False,False
NGC3521,31,5.84,208.0,31.7,178.82053587326038,216.24874031675643,1.7744811556896385e-10,162.25927778838786,269.2401322928251,100.28,0.0,True,True,scored_descriptively,published_mass_template_assumptions,False,False
NGC3521,32,6.01,212.0,25.3,176.88579747961677,215.22226080524806,1.6871780265938832e-10,161.5846989024539,267.8320370074824,93.06,0.0,True,True,scored_descriptively,published_mass_template_assumptions,False,False
NGC3521,33,6.19,213.0,23.8,175.10048372291837,214.36624168010349,1.6052160647846323e-10,161.03573393919166,266.63915185858986,85.94,0.0,True,True,scored_descriptively,published_mass_template_assumptions,False,False
NGC3521,34,6.35,216.0,19.6,173.52649523919973,213.60776231982513,1.5367645019353138e-10,160.550761915684,265.5807856598522,77.79,0.0,True,True,scored_descriptively,published_mass_template_assumptions,False,False
NGC3521,35,6.64,210.0,25.0,170.51648923198013,212.0659708501329,1.4191037253763934e-10,159.55247047576697,263.44751655294704,62.26,0.0,True,True,scored_descriptively,published_mass_template_assumptions,False,False
NGC3521,36,8.82,210.0,10.7,152.31369652792227,203.6413351741677,8.524301186164223e-11,154.37755565901114,251.45157286443632,27.97,0.0,True,True,scored_descriptively,published_mass_template_assumptions,False,False
NGC3521,37,11.07,210.0,10.7,139.8872218967837,199.36965527414768,5.728724335024512e-11,152.1431919482002,244.889116456454,11.92,0.0,True,True,scored_descriptively,published_mass_template_assumptions,False,False
NGC3521,38,13.32,206.0,6.25,130.02631541345775,196.32150868293564,4.113464389793818e-11,150.47233159032766,240.2968992764478,6.19,0.0,True,True,scored_descriptively,published_mass_template_assumptions,False,False
NGC3521,39,15.49,206.0,6.25,121.44994915602065,193.3437611630207,3.0859771901586395e-11,148.5942233254846,236.11769441044362,1.91,0.0,True,True,scored_descriptively,published_mass_template_assumptions,False,False
NGC3521,40,17.74,206.0,10.7,112.4446757298895,189.27845789429986,2.30979603764662e-11,145.69231580181483,230.83772981094188,0.0,0.0,True,True,scored_descriptively,published_mass_template_assumptions,False,False
NGC3726,0,3.5,102.0,7.0,97.74337036341646,129.94665819476444,8.846185270670974e-11,108.66881321521929,151.68100729439192,367.95,0.0,True,True,scored_descriptively,published_mass_template_assumptions,False,False
NGC3726,1,5.24,125.0,6.1,115.95844104678193,155.62396693917796,8.316161291689331e-11,130.21343401683623,181.56648808018917,200.43,0.0,True,True,scored_descriptively,published_mass_template_assumptions,False,False
NGC3726,2,6.98,145.0,4.9,126.13420967366466,172.44563170323167,7.386859060670106e-11,144.49496891973857,200.9565557180331,156.27,0.0,True,True,scored_descriptively,published_mass_template_assumptions,False,False
NGC3726,3,8.72,164.0,3.9,131.37995128633594,183.75549496814847,6.414918791142928e-11,154.50503240919517,213.574589028792,66.34,0.0,True,True,scored_descriptively,published_mass_template_assumptions,False,False
NGC3726,4,10.47,162.0,4.8,126.69676712529014,185.0178154634674,4.9685977651704523e-11,156.20452253042203,214.34877617539158,42.03,0.0,True,True,scored_descriptively,published_mass_template_assumptions,False,False
NGC3726,5,12.19,160.0,4.8,123.43698047991938,186.8886129229369,4.0507582769682006e-11,158.37500464173476,215.88750474578,26.8,0.0,True,True,scored_descriptively,published_mass_template_assumptions,False,False
NGC3726,6,13.94,156.0,4.8,121.91544836484013,190.0258792589448,3.4554464056279086e-11,161.84109439163262,218.6820568016197,15.65,0.0,True,True,scored_descriptively,published_mass_template_assumptions,False,False
NGC3726,7,16.03,146.0,4.85,117.3723858068839,190.52981989665588,2.7851449173555694e-11,163.16065992676772,218.33733892175036,6.69,0.0,True,True,scored_descriptively,published_mass_template_assumptions,False,False
NGC3726,8,22.3,158.0,4.9,100.17190698993406,185.02987181238495,1.4582650757190025e-11,159.1513629004852,211.2455051874158,1.41,0.0,True,True,scored_descriptively,published_mass_template_assumptions,False,False
NGC3726,9,27.52,168.0,10.6,88.40731813600048,179.99611230685932,9.204017968184219e-12,155.05422612275925,205.2188129918846,0.29,0.0,True,True,scored_descriptively,published_mass_template_assumptions,False,False
NGC3726,10,30.08,169.0,10.6,83.93873480104402,178.20490188936856,7.590955763419615e-12,153.5881761713409,203.0829072561541,0.14,0.0,True,True,scored_descriptively,published_mass_template_assumptions,False,False
NGC3726,11,32.52,167.0,15.2,80.46670460507252,177.0513952848323,6.452549568222335e-12,152.6725518299767,201.6772376620726,0.0,0.0,True,True,scored_descriptively,published_mass_template_assumptions,False,False
NGC3741,0,0.23,13.1,2.19,8.560519844028166,17.003988152620693,1.03257568816829e-11,15.184835021007135,18.73630442533702,35.93,0.0,True,True,scored_descriptively,published_mass_template_assumptions,False,False
NGC3741,1,0.47,17.3,2.39,10.903655350385943,22.763618409429217,8.197771861452207e-12,20.492404925153544,24.934547423468835,9.96,0.0,True,True,scored_descriptively,published_mass_template_assumptions,False,False
NGC3741,2,0.7,23.6,2.21,11.392291253299312,25.465827545931077,6.0086038790719184e-12,23.176963121844825,27.661529114271413,2.76,0.0,True,True,scored_descriptively,published_mass_template_assumptions,False,False
NGC3741,3,0.93,26.2,2.21,11.48923191514559,27.266077764154286,4.599901141031347e-12,25.002939658031952,29.43829613436371,1.21,0.0,True,True,scored_descriptively,published_mass_template_assumptions,False,False
NGC3741,4,1.17,27.4,2.24,11.335620847576017,28.515284627154116,3.5592149385489746e-12,26.29371771253753,30.64527823865324,0.32,0.0,True,True,scored_descriptively,published_mass_template_assumptions,False,False
NGC3741,5,1.4,26.9,2.23,11.197535443123188,29.518536532547305,2.9024604503651707e-12,27.344560457619412,31.59851569492261,0.1,0.0,True,True,scored_descriptively,published_mass_template_assumptions,False,False
NGC3741,6,1.64,27.4,2.21,11.167316150266366,30.574837859460597,2.4643547705387375e-12,28.423959824777047,32.62732069754725,0.03,0.0,True,True,scored_descriptively,published_mass_template_assumptions,False,False
NGC3741,7,1.87,31.0,2.2,11.071555897885355,31.37855926195541,2.1243455550457333e-12,29.23837925762365,33.41616098256558,0.01,0.0,True,True,scored_descriptively,published_mass_template_assumptions,False,False
NGC3741,8,2.1,32.5,2.19,11.003588051176763,32.13619138883261,1.86852454070319e-12,29.997858655148207,34.16770524045404,0.0,0.0,True,True,scored_descriptively,published_mass_template_assumptions,False,False
NGC3741,9,2.33,33.0,2.19,11.29811931252277,33.39437691464851,1.7754393748899125e-12,31.238762304015616,35.43626847201619,0.0,0.0,True,True,scored_descriptively,published_mass_template_assumptions,False,False
NGC3741,10,2.57,36.5,2.2,11.720311429309376,34.84356466163726,1.7321864421790967e-12,32.65650764846665,36.9087807518482,0.0,0.0,True,True,scored_descriptively,published_mass_template_assumptions,False,False
NGC3741,11,2.8,38.9,2.21,12.212722874117794,36.3365206776221,1.726300626743574e-12,34.10684689848238,38.43605372070053,0.0,0.0,True,True,scored_descriptively,published_mass_template_assumptions,False,False
NGC3741,12,3.26,41.5,2.21,12.754060137854141,38.53525283516456,1.6170698341586552e-12,36.23437619714344,40.69368774943872,0.0,0.0,True,True,scored_descriptively,published_mass_template_assumptions,False,False
NGC3741,13,3.73,42.7,2.2,13.04810714241725,40.26079018442042,1.4792298135219853e-12,37.89688758764423,42.4727787437589,0.0,0.0,True,True,scored_descriptively,published_mass_template_assumptions,False,False
NGC3741,14,4.21,44.7,2.22,13.67568645443438,42.46825539309997,1.4396788649424197e-12,40.01480415041633,44.75814669048524,0.0,0.0,True,True,scored_descriptively,published_mass_template_assumptions,False,False
NGC3741,15,4.67,46.7,2.24,14.019862695476016,44.0965059563501,1.3640179795388349e-12,41.573419074074344,46.44762609146281,0.0,0.0,True,True,scored_descriptively,published_mass_template_assumptions,False,False
NGC3741,16,5.14,48.5,2.27,14.276288032958707,45.54197546537206,1.285040865470721e-12,42.95568776945048,47.94889614918355,0.0,0.0,True,True,scored_descriptively,published_mass_template_assumptions,False,False
NGC3741,17,5.61,50.0,2.32,14.241420224120906,46.43807824940526,1.1716373190115715e-12,43.81193185270453,48.88030653617682,0.0,0.0,True,True,scored_descriptively,published_mass_template_assumptions,False,False
NGC3741,18,6.07,50.2,2.4,14.115199254704129,47.09688821702461,1.063738284567895e-12,44.4411658937293,49.56536176499929,0.0,0.0,True,True,scored_descriptively,published_mass_template_assumptions,False,False
NGC3741,19,6.54,50.1,2.57,13.885407808199226,47.53257707236402,9.55408245490276e-13,44.85721595767669,50.01848903835578,0.0,0.0,True,True,scored_descriptively,published_mass_template_assumptions,False,False
NGC3741,20,7.0,51.6,3.24,13.657430212159241,47.89603817613994,8.635537903933227e-13,45.20469614507319,50.39605508687901,0.0,0.0,True,True,scored_descriptively,published_mass_template_assumptions,False,False
NGC3769,0,1.74,87.5,9.4,90.04126248559602,111.08701511567128,1.5100222891840043e-10,93.85781353308536,128.37005528802553,363.15,0.0,True,True,scored_descriptively,published_mass_template_assumptions,False,False
NGC3769,1,3.5,106.0,7.1,98.80884626388469,130.93397319007101,9.040096512408478e-11,111.4732246113387,150.38305982608227,106.15,0.0,True,True,scored_descriptively,published_mass_template_assumptions,False,False
NGC3769,2,5.24,116.0,5.3,92.22189626113746,133.3563933442545,5.260006291558761e-11,114.46192289728872,152.17272668681338,34.23,0.0,True,True,scored_descriptively,published_mass_template_assumptions,False,False
NGC3769,3,6.98,125.0,5.7,85.1577368769274,133.37314423037708,3.366993319266636e-11,115.38225921841274,151.25113277779673,11.25,0.0,True,True,scored_descriptively,published_mass_template_assumptions,False,False
NGC3769,4,8.72,126.0,4.4,78.92397481120676,132.79426176209736,2.3149993235226325e-11,115.52052338782688,149.93096209486515,3.98,0.0,True,True,scored_descriptively,published_mass_template_assumptions,False,False
NGC3769,5,10.47,123.0,4.4,73.38444624033079,131.87330627443274,1.6669048717747957e-11,115.1161080956855,148.47404733521736,2.58,0.0,True,True,scored_descriptively,published_mass_template_assumptions,False,False
NGC3769,6,12.31,118.0,4.6,68.26580256614582,130.7281394976321,1.2268678970023202e-11,114.28793993729607,146.99369068073227,1.42,0.0,True,True,scored_descriptively,published_mass_template_assumptions,False,False
NGC3769,7,14.52,115.0,6.4,63.78559241709683,130.24466319142803,9.080881852917401e-12,114.17412640156935,146.12917680865232,0.61,0.0,True,True,scored_descriptively,published_mass_template_assumptions,False,False
NGC3769,8,17.07,122.0,15.2,60.69123824737802,131.19012252092838,6.993070879503583e-12,115.40180404338882,146.78466767457246,0.41,0.0,True,True,scored_descriptively,published_mass_template_assumptions,False,False
NGC3769,9,31.82,121.0,10.2,49.19265900518084,134.68053139447045,2.4646194733877565e-12,119.67595125061862,149.452598572288,0.0,0.0,True,True,scored_descriptively,published_mass_template_assumptions,False,False
NGC3769,10,34.61,118.0,10.4,47.28066888274742,134.4635244215688,2.0932209817009905e-12,119.52624120733464,149.16493514587805,0.0,0.0,True,True,scored_descriptively,published_mass_template_assumptions,False,False
NGC3769,11,37.16,113.0,10.5,45.7104599626825,134.28595875747737,1.8222373006806414e-12,119.40615967062384,148.92720679422038,0.0,0.0,True,True,scored_descriptively,published_mass_template_assumptions,False,False
NGC3877,0,0.87,37.8,9.0,72.0329677994736,86.23506927346365,1.9328262660800632e-10,73.20785762481681,99.19544668315649,753.73,0.0,True,True,scored_descriptively,published_mass_template_assumptions,False,False
NGC3877,1,1.74,80.1,9.0,81.30313770082924,103.05495965968677,1.231160914209253e-10,87.89071372731026,118.08548383315514,473.06,0.0,True,True,scored_descriptively,published_mass_template_assumptions,False,False
NGC3877,2,2.61,121.0,8.5,86.2670273047588,113.93899563802188,9.240566847526806e-11,97.43751866771693,130.25378659790633,368.22,0.0,True,True,scored_descriptively,published_mass_template_assumptions,False,False
NGC3877,3,3.5,142.0,7.3,94.26000954805808,126.71383304520687,8.226902858080325e-11,108.55223887755638,144.65564834435335,317.36,0.0,True,True,scored_descriptively,published_mass_template_assumptions,False,False
NGC3877,4,4.37,153.0,6.2,102.80017217884414,139.24045681580967,7.837105658981369e-11,119.44619999898694,158.79276991633188,289.49,0.0,True,True,scored_descriptively,published_mass_template_assumptions,False,False
NGC3877,5,5.24,160.0,5.3,114.544629293564,154.31010148561103,8.114609589582559e-11,132.40237460233953,175.9600747012135,271.83,0.0,True,True,scored_descriptively,published_mass_template_assumptions,False,False
NGC3877,6,6.11,162.0,5.3,130.13649199974617,172.61251843256758,8.982690488296134e-11,148.0126013325936,196.94629382308776,236.6,0.0,True,True,scored_descriptively,published_mass_template_assumptions,False,False
NGC3877,7,6.98,167.0,4.5,139.15884646690628,184.55352002754444,8.991158886233237e-11,158.30061143722145,210.5250150322401,173.2,0.0,True,True,scored_descriptively,published_mass_template_assumptions,False,False
NGC3877,8,7.85,169.0,5.3,142.4248071790866,190.9387421994465,8.374349429114496e-11,163.91469837116003,217.6584085160198,132.05,0.0,True,True,scored_descriptively,published_mass_template_assumptions,False,False
NGC3877,9,8.72,171.0,4.9,144.80781297982512,196.31122778906095,7.79322040186351e-11,168.668008101799,223.62802915577623,101.24,0.0,True,True,scored_descriptively,published_mass_template_assumptions,False,False
NGC3877,10,9.6,171.0,4.9,145.66874029797881,200.13002014839896,7.163263895451104e-11,172.1157198488211,227.79586302254964,66.99,0.0,True,True,scored_descriptively,published_mass_template_assumptions,False,False
NGC3877,11,10.47,170.0,5.7,141.20598305312706,198.76118166112397,6.171759161343465e-11,171.20285912515337,225.94564976705067,43.34,0.0,True,True,scored_descriptively,published_mass_template_assumptions,False,False
NGC3877,12,11.35,169.0,7.0,137.54784494858507,197.99522846461744,5.4020820231043054e-11,170.74638747744578,224.84653736147462,31.05,0.0,True,True,scored_descriptively,published_mass_template_assumptions,False,False
NGC3893,0,1.74,145.0,6.8,144.0638223149726,160.9794641221007,3.8655391235101643e-10,132.2585625652661,190.81178721045575,1038.77,0.0,True,True,scored_descriptively,published_mass_template_assumptions,False,False
NGC3893,1,3.5,174.0,6.8,149.85603141015045,177.9095076267913,2.079360858762565e-10,147.10010464396012,209.7918660221315,328.04,0.0,True,True,scored_descriptively,published_mass_template_assumptions,False,False
NGC3893,2,5.24,194.0,6.4,152.06377099756534,188.92646380922116,1.4301107800018244e-10,157.07180833109277,221.80702631303961,137.0,0.0,True,True,scored_descriptively,published_mass_template_assumptions,False,False
NGC3893,3,6.98,190.0,5.5,139.55216282809806,184.9178901693213,9.042055649980478e-11,155.1784524217836,215.52741133153484,48.78,0.0,True,True,scored_descriptively,published_mass_template_assumptions,False,False
NGC3893,4,8.81,186.0,5.8,131.17682131382816,183.8749256492435,6.329767410988139e-11,155.25364457201968,213.26720891746083,34.3,0.0,True,True,scored_descriptively,published_mass_template_assumptions,False,False
NGC3893,5,10.9,188.0,7.0,122.59910460521316,182.39085184570146,4.468868275184934e-11,154.37612082068145,211.09188551266863,15.26,0.0,True,True,scored_descriptively,published_mass_template_assumptions,False,False
NGC3893,6,13.12,187.0,8.5,113.3353803981793,179.48590545051513,3.1728287560647054e-11,152.31014268246457,207.26990431068418,5.31,0.0,True,True,scored_descriptively,published_mass_template_assumptions,False,False
NGC3893,7,15.33,179.0,12.6,104.71663143932774,176.14511846718375,2.3181344782265098e-11,149.95861157101,202.87734081615537,1.91,0.0,True,True,scored_descriptively,published_mass_template_assumptions,False,False
NGC3893,8,17.3,176.0,11.7,99.25619653200499,174.71645766698458,1.8455193791874154e-11,149.0967212228149,200.84556366738636,0.93,0.0,True,True,scored_descriptively,published_mass_template_assumptions,False,False
NGC3893,9,19.05,167.0,13.5,95.38021335685929,174.0286396204699,1.547643948565866e-11,148.89929600714842,199.64340161484859,0.0,0.0,True,True,scored_descriptively,published_mass_template_assumptions,False,False
NGC3917,0,0.87,24.3,3.9,25.201285681488557,42.22259284054421,2.3657867614559835e-11,36.36167610644209,47.944166914604864,188.65,0.0,True,True,scored_descriptively,published_mass_template_assumptions,False,False
NGC3917,1,1.74,49.6,3.9,33.615856377608466,57.635061610356935,2.104692074240115e-11,49.66581798976481,65.4086435473362,151.56,0.0,True,True,scored_descriptively,published_mass_template_assumptions,False,False
NGC3917,2,2.61,73.6,5.2,42.75874705835053,72.22126002728696,2.2701726594002712e-11,62.210193716551885,81.99153282936541,133.11,0.0,True,True,scored_descriptively,published_mass_template_assumptions,False,False
NGC3917,3,3.5,101.0,4.4,52.64773119518067,86.8189175742864,2.566496824486155e-11,74.84376582465333,98.52303998383248,113.1,0.0,True,True,scored_descriptively,published_mass_template_assumptions,False,False
NGC3917,4,4.37,107.0,3.5,61.59172062866892,99.78937246294846,2.8132782672122977e-11,86.15756286690427,113.13152080617637,102.47,0.0,True,True,scored_descriptively,published_mass_template_assumptions,False,False
NGC3917,5,5.24,115.0,3.5,69.4999032373427,111.32261389040325,2.9873531630452666e-11,96.03601709817991,126.28827812221284,83.86,0.0,True,True,scored_descriptively,published_mass_template_assumptions,False,False
NGC3917,6,6.11,123.0,3.9,74.77813985383696,119.94083789575775,2.9659072103915177e-11,103.36501104216246,136.16154609191955,66.19,0.0,True,True,scored_descriptively,published_mass_template_assumptions,False,False
NGC3917,7,6.98,130.0,3.9,78.19045593932805,126.46569499579228,2.83858251501638e-11,109.24842503030229,143.32163451387368,47.17,0.0,True,True,scored_descriptively,published_mass_template_assumptions,False,False
NGC3917,8,7.85,134.0,3.5,80.16517198883814,131.35174791840183,2.6530855567376214e-11,113.64628277897012,148.68445813844454,36.52,0.0,True,True,scored_descriptively,published_mass_template_assumptions,False,False
NGC3917,9,8.72,136.0,3.9,79.83160464377501,133.7204320620829,2.3685507112323933e-11,115.79383530616691,151.2578174459116,26.62,0.0,True,True,scored_descriptively,published_mass_template_assumptions,False,False
NGC3917,10,9.6,137.0,4.0,80.95769358127738,137.4357816031306,2.212557040048969e-11,119.39767712546573,155.09086854038748,19.83,0.0,True,True,scored_descriptively,published_mass_template_assumptions,False,False
NGC3917,11,10.47,136.0,3.5,80.5935614674026,139.44611637861598,2.0104971826159737e-11,121.37095568839167,157.1344902665925,13.97,0.0,True,True,scored_descriptively,published_mass_template_assumptions,False,False
NGC3917,12,11.35,137.0,3.5,79.83564711330396,140.92881127918164,1.8198990275717045e-11,122.95313252578093,158.51881686326388,9.49,0.0,True,True,scored_descriptively,published_mass_template_assumptions,False,False
NGC3917,13,12.19,137.0,3.5,78.34925079412055,141.40591200334683,1.6319823030481996e-11,123.54555384993758,158.8769958114955,6.45,0.0,True,True,scored_descriptively,published_mass_template_assumptions,False,False
NGC3917,14,13.12,137.0,5.0,75.14396582560705,140.0883988554587,1.3947740009095631e-11,122.39887078704027,157.37618514139572,3.54,0.0,True,True,scored_descriptively,published_mass_template_assumptions,False,False
NGC3917,15,13.94,138.0,5.0,73.16324828764782,139.68819344827008,1.2444362083211281e-11,122.29176811215555,156.68688580283953,1.82,0.0,True,True,scored_descriptively,published_mass_template_assumptions,False,False
NGC3917,16,14.86,137.0,7.5,70.11502192825728,138.15829427283384,1.0721431957967605e-11,121.1253842212564,154.79431046570008,0.79,0.0,True,True,scored_descriptively,published_mass_template_assumptions,False,False
NGC3949,0,1.74,123.0,5.5,113.52402653183158,132.68149474516304,2.4003566756411995e-10,110.08149200999831,155.87943651222605,751.83,0.0,True,True,scored_descriptively,published_mass_template_assumptions,False,False
NGC3949,1,2.61,145.0,5.5,131.5572468547438,155.61107942221994,2.1490103146118745e-10,129.37492570402432,182.5248631694528,538.79,0.0,True,True,scored_descriptively,published_mass_template_assumptions,False,False
NGC3949,2,3.5,152.0,6.2,143.29112341663037,171.872795725033,1.9011657669298516e-10,143.30987183946277,201.1550692906956,237.3,0.0,True,True,scored_descriptively,published_mass_template_assumptions,False,False
NGC3949,3,4.37,157.0,6.6,137.0430538188638,170.85473035169983,1.3927785616042502e-10,143.24573391075802,199.10253297448122,108.7,0.0,True,True,scored_descriptively,published_mass_template_assumptions,False,False
NGC3949,4,5.24,161.0,8.8,131.80968610083252,170.28947031996827,1.0745158333543173e-10,143.411899515081,197.7413517486654,59.44,0.0,True,True,scored_descriptively,published_mass_template_assumptions,False,False
NGC3949,5,6.11,165.0,11.2,124.76019256958527,167.624478597747,8.255821935930191e-11,141.82444937448298,193.93065010948752,30.08,0.0,True,True,scored_descriptively,published_mass_template_assumptions,False,False
NGC3949,6,7.07,169.0,25.5,119.23351584181354,166.3372366963462,6.51668518850163e-11,141.4629783326893,191.6649280447079,18.9,0.0,True,True,scored_descriptively,published_mass_template_assumptions,False,False
NGC3953,0,3.5,181.0,7.5,144.33463617579807,172.83202148768382,1.928956944724995e-10,145.9996586560528,199.7793347034528,498.34,0.0,True,True,scored_descriptively,published_mass_template_assumptions,False,False
NGC3953,1,5.24,203.0,6.5,154.80688760517086,191.44671949764358,1.4821724149603564e-10,162.1668193303962,220.79164609776043,347.36,0.0,True,True,scored_descriptively,published_mass_template_assumptions,False,False
NGC3953,2,6.98,216.0,5.6,162.00523463764992,205.637951106261,1.218574615986988e-10,174.52823860950812,236.76629935090705,268.13,0.0,True,True,scored_descriptively,published_mass_template_assumptions,False,False
NGC3953,3,8.72,223.0,6.1,172.96948517007272,222.37965588902026,1.1119159380580949e-10,188.94968680349453,255.8060477781672,182.72,0.0,True,True,scored_descriptively,published_mass_template_assumptions,False,False
NGC3953,4,10.47,224.0,5.6,176.02868573047974,231.20929659042122,9.591127536509007e-11,196.8778643048139,265.501739009343,118.64,0.0,True,True,scored_descriptively,published_mass_template_assumptions,False,False
NGC3953,5,12.19,223.0,6.1,174.12549267697707,234.817921339555,8.060657452025547e-11,200.52143541811256,269.03835747246166,62.87,0.0,True,True,scored_descriptively,published_mass_template_assumptions,False,False
NGC3953,6,13.94,224.0,6.1,168.95064900733587,234.99838758743252,6.636000496461644e-11,201.27318362573308,268.6083886498719,35.3,0.0,True,True,scored_descriptively,published_mass_template_assumptions,False,False
NGC3953,7,15.68,215.0,9.7,159.16726673534353,230.34158656251242,5.236135943959954e-11,197.81276837274996,262.70680960106796,14.86,0.0,True,True,scored_descriptively,published_mass_template_assumptions,False,False
NGC3972,0,0.87,39.6,4.9,34.07547578537972,50.98899105038017,4.325278327156109e-11,43.88737643892639,57.95989876358625,254.81,0.0,True,True,scored_descriptively,published_mass_template_assumptions,False,False
NGC3972,1,1.74,73.0,5.2,43.672336209550316,67.72378882814571,3.5523279745272746e-11,58.45234240227205,76.81576715386709,156.18,0.0,True,True,scored_descriptively,published_mass_template_assumptions,False,False
NGC3972,2,2.61,89.4,6.6,52.99511817139386,82.46201009762959,3.487230683067394e-11,71.18449322513003,93.51987492845268,134.66,0.0,True,True,scored_descriptively,published_mass_template_assumptions,False,False
NGC3972,3,3.5,102.0,5.3,60.601796178001194,94.73899043748538,3.400575356867206e-11,81.98545697834106,107.25322076844883,89.27,0.0,True,True,scored_descriptively,published_mass_template_assumptions,False,False
NGC3972,4,4.37,110.0,4.4,64.5503384964014,102.73618627882406,3.0900468625471415e-11,89.07428820847971,116.13913537628807,79.83,0.0,True,True,scored_descriptively,published_mass_template_assumptions,False,False
NGC3972,5,5.24,116.0,4.4,73.29014872409525,115.07366173329281,3.322074547154742e-11,99.83824537011284,130.0338113952378,68.87,0.0,True,True,scored_descriptively,published_mass_template_assumptions,False,False
NGC3972,6,6.11,123.0,4.4,79.20757034526434,124.32559650405263,3.327680547408216e-11,107.99168451961066,140.37095125606496,37.78,0.0,True,True,scored_descriptively,published_mass_template_assumptions,False,False
NGC3972,7,6.98,130.0,3.9,77.88796826211349,126.1631511238774,2.816662311054003e-11,109.97452300922204,142.06090100953907,19.69,0.0,True,True,scored_descriptively,published_mass_template_assumptions,False,False
NGC3972,8,7.85,134.0,6.1,75.17024012200572,126.28870183746803,2.3327686656890695e-11,110.45058099259907,141.83478590698317,11.87,0.0,True,True,scored_descriptively,published_mass_template_assumptions,False,False
NGC3972,9,8.72,134.0,4.9,71.93058424620224,125.5729769201228,1.9229152578623604e-11,109.98664247086738,140.85773590661876,8.09,0.0,True,True,scored_descriptively,published_mass_template_assumptions,False,False
NGC3992,0,9.19,248.0,7.0,154.2270600445979,206.70969714828198,8.387935905315842e-11,177.59865792940099,236.07545300361457,212.17,0.0,True,True,scored_descriptively,published_mass_template_assumptions,False,False
NGC3992,1,13.79,264.0,6.6,174.52452463765658,239.80176124911193,7.158105848940329e-11,206.33752878120754,273.52054541730223,123.44,0.0,True,True,scored_descriptively,published_mass_template_assumptions,False,False
NGC3992,2,18.35,272.0,5.7,174.8140879620404,251.6776784440972,5.397171814300675e-11,217.5903354531211,285.9973137639603,50.16,0.0,True,True,scored_descriptively,published_mass_template_assumptions,False,False
NGC3992,3,22.94,271.0,5.7,170.38247136956312,257.3923478639529,4.1011520200499715e-11,223.67204542971012,291.3349522570032,20.58,0.0,True,True,scored_descriptively,published_mass_template_assumptions,False,False
NGC3992,4,27.52,264.0,5.3,155.40427069421227,251.2605870492764,2.8439825303004404e-11,219.46120328839518,283.247412302168,5.11,0.0,True,True,scored_descriptively,published_mass_template_assumptions,False,False
NGC3992,5,32.11,242.0,7.4,141.30009501058376,244.37150509755443,2.0150881864338332e-11,213.9342551408438,274.9423188662558,2.48,0.0,True,True,scored_descriptively,published_mass_template_assumptions,False,False
NGC3992,6,36.7,244.0,5.3,131.11982630403384,240.18798060074928,1.5181690064506813e-11,210.59715238466856,269.87499712778293,1.13,0.0,True,True,scored_descriptively,published_mass_template_assumptions,False,False
NGC3992,7,41.44,241.0,6.2,122.60308886810314,236.9100439082319,1.1755267924431129e-11,208.05069381609957,265.84261953405814,0.43,0.0,True,True,scored_descriptively,published_mass_template_assumptions,False,False
NGC3992,8,46.02,237.0,8.6,115.93660573779103,234.62481318762318,9.46550966591047e-12,206.38054498734456,262.93291489973325,0.0,0.0,True,True,scored_descriptively,published_mass_template_assumptions,False,False
NGC4010,0,0.87,39.3,6.6,23.15774708385943,40.119764683346226,1.9976657107095815e-11,34.823323528973866,45.24756409794127,255.76,0.0,True,False,inclination,published_mass_template_assumptions,False,False
NGC4010,1,1.74,54.6,5.6,45.95405259604423,69.9475692691672,3.933216391912304e-11,60.76594365095013,78.89879763760884,223.85,0.0,True,False,inclination,published_mass_template_assumptions,False,False
NGC4010,2,2.61,65.5,6.7,60.27401430135544,89.52115340041145,4.5109621290751246e-11,77.61709470941422,101.13478434759071,159.05,0.0,True,False,inclination,published_mass_template_assumptions,False,False
NGC4010,3,3.5,83.9,5.2,68.14572143575853,102.07714556281647,4.2999023968533654e-11,88.56057376174671,115.26035073380092,100.83,0.0,True,False,inclination,published_mass_template_assumptions,False,False
NGC4010,4,4.37,94.3,6.3,71.74175666932055,109.79665156405605,3.8169109782569016e-11,95.4944263117086,123.74145474394909,71.56,0.0,True,False,inclination,published_mass_template_assumptions,False,False
NGC4010,5,5.24,104.0,5.7,72.89352440374934,114.68287573852452,3.286215695398638e-11,99.96990912116601,129.01882979025058,51.09,0.0,True,False,inclination,published_mass_template_assumptions,False,False
NGC4010,6,6.11,115.0,5.1,74.34219562267447,119.50663098268686,2.9314265121648244e-11,104.45241851769512,134.1730163971801,39.41,0.0,True,False,inclination,published_mass_template_assumptions,False,False
NGC4010,7,6.98,127.0,5.1,76.06161548376421,124.33132925158681,2.6861182193791123e-11,108.96314101610041,139.30497381423407,31.0,0.0,True,False,inclination,published_mass_template_assumptions,False,False
NGC4010,8,7.85,129.0,5.1,77.65201414000799,128.81312305864836,2.489345905605166e-11,113.1846641602488,144.04203170960807,20.82,0.0,True,False,inclination,published_mass_template_assumptions,False,False
NGC4010,9,8.72,127.0,5.1,77.4922715501359,131.32842651368026,2.2317716329992383e-11,115.77523369765261,146.48354453322392,13.73,0.0,True,False,inclination,published_mass_template_assumptions,False,False
NGC4010,10,9.6,124.0,5.1,75.00239762834252,131.26530573261869,1.8990155259787503e-11,115.81438481794191,146.30774083550432,9.74,0.0,True,False,inclination,published_mass_template_assumptions,False,False
NGC4010,11,10.47,122.0,3.9,72.16326697150012,130.57222451134868,1.611889052788268e-11,115.22196921171938,145.50234515974014,6.87,0.0,True,False,inclination,published_mass_template_assumptions,False,False
NGC4013,0,5.49,198.0,10.0,160.10672977735823,197.4762039031145,1.5131998319660705e-10,168.75413010978843,225.75988354547033,258.72,6.53,True,False,inclination,published_mass_template_assumptions,False,False
NGC4013,1,6.17,195.0,5.0,164.22333147272346,204.2872967220272,1.41655684468133e-10,174.75125454192226,233.35877568120029,211.17,3.26,True,False,inclination,published_mass_template_assumptions,False,False
NGC4013,2,6.92,194.0,4.0,166.28152191389157,209.32780519814452,1.2948854230548228e-10,179.37159176696423,238.79660791572567,152.63,1.51,True,False,inclination,published_mass_template_assumptions,False,False
NGC4013,3,7.69,195.0,3.0,166.75022479744968,212.81030123955665,1.1718066845588322e-10,182.65325086064533,242.45609681896883,114.26,0.69,True,False,inclination,published_mass_template_assumptions,False,False
NGC4013,4,8.36,195.0,3.0,165.5469037161372,214.2238295688987,1.0623932485907642e-10,184.1161017318133,243.79903389996207,79.51,0.35,True,False,inclination,published_mass_template_assumptions,False,False
NGC4013,5,9.12,195.0,3.0,162.65998592155356,214.2825322669009,9.401909732030926e-11,184.45202333088167,243.55720158050605,49.71,0.16,True,False,inclination,published_mass_template_assumptions,False,False
NGC4013,6,9.88,192.0,7.0,157.09293873373176,211.7097444118005,8.094794695350609e-11,182.5466925411909,240.29457892252898,20.91,0.07,True,False,inclination,published_mass_template_assumptions,False,False
NGC4013,7,10.56,188.0,8.0,149.88698652651604,207.19359299759392,6.894668549866406e-11,178.93609318829925,234.85381151457887,9.67,0.04,True,False,inclination,published_mass_template_assumptions,False,False
NGC4013,8,11.31,186.0,7.0,142.82472363004942,202.8695241815875,5.845122731384249e-11,175.47401405732387,229.64986585120016,4.66,0.02,True,False,inclination,published_mass_template_assumptions,False,False
NGC4013,9,12.08,186.0,6.0,136.64702814185165,199.26599370375067,5.0093675980337446e-11,172.62402891026215,225.27942231781404,2.88,0.01,True,False,inclination,published_mass_template_assumptions,False,False
NGC4013,10,12.77,186.0,5.0,131.95662726820507,196.70310714080384,4.4189691630984985e-11,170.62742007850372,222.14137683398081,1.8,0.0,True,False,inclination,published_mass_template_assumptions,False,False
NGC4013,11,13.47,185.0,6.0,128.01845327920503,194.77171275542162,3.943002119607716e-11,169.17462184488488,219.72551166881274,1.31,0.0,True,False,inclination,published_mass_template_assumptions,False,False
NGC4013,12,14.17,180.0,10.0,124.47674509722688,193.11587208470894,3.543692681438156e-11,167.93872348709493,217.644892173556,0.82,0.0,True,False,inclination,published_mass_template_assumptions,False,False
NGC4013,13,14.98,163.0,8.0,120.73355693426744,191.42170263124666,3.1535057889787165e-11,166.66404490835487,215.5255639312772,0.43,0.0,True,False,inclination,published_mass_template_assumptions,False,False
NGC4013,14,15.68,162.0,6.0,117.54869276176575,189.9037113200258,2.8558737458412904e-11,165.4531856833592,213.69263194579392,0.22,0.0,True,False,inclination,published_mass_template_assumptions,False,False
NGC4013,15,16.37,164.0,5.0,114.53626268566649,188.44379980670996,2.5970887522665286e-11,164.27555101842574,211.9431215627756,0.0,0.0,True,False,inclination,published_mass_template_assumptions,False,False
NGC4013,16,17.19,166.0,5.0,111.23102503348605,186.87601633465147,2.3325204332686927e-11,162.995520680363,210.078584078945,0.0,0.0,True,False,inclination,published_mass_template_assumptions,False,False
NGC4013,17,17.88,166.0,5.0,108.57719751402685,185.59934674063,2.136776979091368e-11,161.924627484915,208.58728462425785,0.0,0.0,True,False,inclination,published_mass_template_assumptions,False,False
NGC4013,18,18.58,166.0,5.0,106.10852274911757,184.45811639609687,1.9638317706323406e-11,160.96986117863904,207.25141963973402,0.0,0.0,True,False,inclination,published_mass_template_assumptions,False,False
NGC4013,19,19.39,166.0,5.0,103.59573070353817,183.407962783818,1.7937229372816365e-11,160.12137292570264,205.99308309151547,0.0,0.0,True,False,inclination,published_mass_template_assumptions,False,False
NGC4013,20,20.09,168.0,5.0,101.5419823028879,182.5544941258779,1.6632624882167206e-11,159.42346417249084,204.9782914799848,0.0,0.0,True,False,inclination,published_mass_template_assumptions,False,False
NGC4013,21,20.79,172.0,5.0,99.55126980606526,181.70643252529425,1.5448580254939747e-11,158.71308309290322,203.98599472962755,0.0,0.0,True,False,inclination,published_mass_template_assumptions,False,False
NGC4013,22,21.48,173.0,5.0,97.79600365045599,181.03632160258024,1.4429703053492485e-11,158.17453565631382,203.18001002729653,0.0,0.0,True,False,inclination,published_mass_template_assumptions,False,False
NGC4013,23,22.3,171.0,5.0,96.00005505206754,180.48902689155332,1.3393298738366076e-11,157.7799241872219,202.4781541193235,0.0,0.0,True,False,inclination,published_mass_template_assumptions,False,False
NGC4013,24,22.99,170.0,5.0,94.64526443515281,180.15005183510144,1.2627234954580105e-11,157.56372172716146,202.01624137058388,0.0,0.0,True,False,inclination,published_mass_template_assumptions,False,False
NGC4013,25,23.69,172.0,5.0,93.46625128890106,179.98007882889698,1.1950719226310644e-11,157.52056546228255,201.72186628942217,0.0,0.0,True,False,inclination,published_mass_template_assumptions,False,False
NGC4013,26,24.39,173.0,5.0,92.66651471810084,180.19606201280396,1.1409938737638713e-11,157.8753769672784,201.80690785292083,0.0,0.0,True,False,inclination,published_mass_template_assumptions,False,False
NGC4013,27,25.2,176.0,5.0,91.64455232036437,180.29720648284103,1.080095662687935e-11,158.11717688239256,201.7733642360793,0.0,0.0,True,False,inclination,published_mass_template_assumptions,False,False
NGC4013,28,25.9,178.0,5.0,90.40273292329165,179.94183518984633,1.0226165332775351e-11,157.85029820204468,201.32768459496378,0.0,0.0,True,False,inclination,published_mass_template_assumptions,False,False
NGC4013,29,26.59,180.0,6.0,89.18344829619451,179.5605154860526,9.693924619283024e-12,157.54927772652545,200.8637092013198,0.0,0.0,True,False,inclination,published_mass_template_assumptions,False,False
NGC4013,30,27.41,180.0,8.0,87.74860380655637,179.07773926598668,9.10376103220646e-12,157.15272362648494,200.29121270905745,0.0,0.0,True,False,inclination,published_mass_template_assumptions,False,False
NGC4013,31,28.1,180.0,5.0,86.52238421356637,178.6117402699091,8.63376237701414e-12,156.74963104770504,199.75821996500835,0.0,0.0,True,False,inclination,published_mass_template_assumptions,False,False
NGC4013,32,28.8,180.0,5.0,85.39209723387755,178.23811655281236,8.205259619990875e-12,156.44105064715868,199.31676308707813,0.0,0.0,True,False,inclination,published_mass_template_assumptions,False,False
NGC4013,33,29.61,178.0,5.0,84.15713475398267,177.85221025853104,7.751628114468623e-12,156.1264826328365,198.85670826988158,0.0,0.0,True,False,inclination,published_mass_template_assumptions,False,False
NGC4013,34,30.31,174.0,5.0,83.25187103002551,177.68001158091755,7.410568463929992e-12,156.0203339808331,198.61828878888602,0.0,0.0,True,False,inclination,published_mass_template_assumptions,False,False
NGC4013,35,31.01,170.0,10.0,81.92052642653123,176.96586283375157,7.0134734524822846e-12,155.3372933503394,197.86443584917154,0.0,0.0,True,False,inclination,published_mass_template_assumptions,False,False
NGC4051,0,1.74,121.0,14.8,119.50104602052653,138.19598932045764,2.659767163385647e-10,111.94508128979588,165.74843048160227,395.16,0.0,True,True,scored_descriptively,published_mass_template_assumptions,False,False
NGC4051,1,3.5,116.0,7.8,98.10399482182162,130.28090329816018,8.911581742999073e-11,106.70677150505198,154.81324180784085,255.5,0.0,True,True,scored_descriptively,published_mass_template_assumptions,False,False
NGC4051,2,5.24,140.0,7.0,107.23601284083628,147.49745530033638,7.112126684280938e-11,121.11791832237928,174.900551221935,263.4,0.0,True,True,scored_descriptively,published_mass_template_assumptions,False,False
NGC4051,3,6.98,160.0,6.6,129.4254586625058,175.51377988661977,7.77738248309621e-11,144.17191484455998,208.09925593033591,178.76,0.0,True,True,scored_descriptively,published_mass_template_assumptions,False,False
NGC4051,4,8.72,161.0,5.2,141.35897017876155,193.09665674050652,7.42642355722633e-11,158.96679629526065,228.57379689659638,87.69,0.0,True,True,scored_descriptively,published_mass_template_assumptions,False,False
NGC4051,5,10.47,154.0,7.4,133.0262261736384,191.03547649842795,5.477436034571818e-11,157.9747895944116,225.32733985891042,46.6,0.0,True,True,scored_descriptively,published_mass_template_assumptions,False,False
NGC4051,6,12.19,153.0,9.8,125.75336397090933,189.1280486409811,4.2042155302713015e-11,156.99606975175814,222.39951282501087,35.22,0.0,True,True,scored_descriptively,published_mass_template_assumptions,False,False
NGC4068,0,0.21,4.68,3.65,4.923332204919753,12.245087826901202,3.740661778699992e-12,9.979065135844245,14.522211084408148,43.41,0.0,True,True,scored_descriptively,published_mass_template_assumptions,False,False
NGC4068,1,0.64,13.1,3.44,12.470970291039906,26.26436447803576,7.875351922949433e-12,21.46181864530261,31.102355677562567,35.39,0.0,True,True,scored_descriptively,published_mass_template_assumptions,False,False
NGC4068,2,1.06,22.5,2.45,17.02264521159975,34.944887780955895,8.859264840122393e-12,28.740816361342407,41.19057584885968,19.75,0.0,True,True,scored_descriptively,published_mass_template_assumptions,False,False
NGC4068,3,1.48,30.4,1.71,20.71460354435971,41.98745809644917,9.39595635843427e-12,34.89203609830968,49.10438763856681,11.73,0.0,True,True,scored_descriptively,published_mass_template_assumptions,False,False
NGC4068,4,1.91,36.0,1.7,24.166481953317078,48.427458958563044,9.909299443586989e-12,40.61296753247319,56.22019447542796,5.17,0.0,True,True,scored_descriptively,published_mass_template_assumptions,False,False
NGC4068,5,2.33,41.9,4.97,25.49560060088799,52.10912722910231,9.041157356770865e-12,43.97333291625626,60.17559110054769,2.22,0.0,True,True,scored_descriptively,published_mass_template_assumptions,False,False
NGC4085,0,0.87,42.2,7.3,67.0337228564847,81.64133920976462,1.673851327897016e-10,69.34199740440094,93.8027345776056,888.2,0.0,True,False,inclination,published_mass_template_assumptions,False,False
NGC4085,1,1.74,79.9,5.9,92.16040825647421,113.03363798100125,1.5819362805017062e-10,96.19514633103589,129.6805397961772,459.63,0.0,True,False,inclination,published_mass_template_assumptions,False,False
NGC4085,2,2.71,112.0,6.2,101.57928528986606,128.71616242105154,1.233929847607875e-10,109.78229441587796,147.3928583405913,257.04,0.0,True,False,inclination,published_mass_template_assumptions,False,False
NGC4085,3,3.58,127.0,4.9,106.82450935997787,138.79485323224782,1.0330188389563007e-10,118.75865386967456,158.53472581092197,177.75,0.0,True,False,inclination,published_mass_template_assumptions,False,False
NGC4085,4,4.45,130.0,4.9,112.23834883853202,148.40102260849673,9.174279814704288e-11,127.24737619586894,169.2249486403546,98.21,0.0,True,False,inclination,published_mass_template_assumptions,False,False
NGC4085,5,5.32,133.0,4.5,108.8676336199148,149.38176312099344,7.219969926779465e-11,128.48672676144696,169.91300799907216,42.75,0.0,True,False,inclination,published_mass_template_assumptions,False,False
NGC4085,6,6.2,136.0,7.4,101.52710377037258,146.21005455957194,5.387927708863253e-11,126.08441781056375,165.93753119167127,13.28,0.0,True,False,inclination,published_mass_template_assumptions,False,False
NGC4088,0,1.74,84.9,11.3,96.9584818362994,117.44119891937159,1.750942240627586e-10,98.85055468877451,136.12954394575326,790.04,0.0,True,True,scored_descriptively,published_mass_template_assumptions,False,False
NGC4088,1,3.5,136.0,9.9,127.47013944449893,157.3376754827691,1.5045212711105947e-10,132.63882653325112,182.13587034580064,652.93,0.0,True,True,scored_descriptively,published_mass_template_assumptions,False,False
NGC4088,2,5.24,162.0,8.0,171.20843495575795,206.51391212231502,1.8128775983961071e-10,173.9172233397992,239.2968867154226,469.12,0.0,True,True,scored_descriptively,published_mass_template_assumptions,False,False
NGC4088,3,6.98,179.0,6.5,189.42448284210784,230.83682817681165,1.6659664556900898e-10,194.89033474990273,266.9762972762024,205.9,0.0,True,True,scored_descriptively,published_mass_template_assumptions,False,False
NGC4088,4,8.72,182.0,6.1,177.32038475595525,226.38771518413506,1.168558072213808e-10,192.27869210680595,260.59714452907014,95.39,0.0,True,True,scored_descriptively,published_mass_template_assumptions,False,False
NGC4088,5,10.47,179.0,7.0,169.962064296713,225.59362048402156,8.941425607132757e-11,192.4643027590836,258.7599579987577,52.19,0.0,True,True,scored_descriptively,published_mass_template_assumptions,False,False
NGC4088,6,12.19,174.0,6.2,163.9399321397932,225.32319170246396,7.145214174892996e-11,192.9691940149374,257.6663761158661,21.94,0.0,True,True,scored_descriptively,published_mass_template_assumptions,False,False
NGC4088,7,13.94,171.0,7.2,151.08550178624023,218.14429100295825,5.3067944175589053e-11,187.56972765688667,248.6485851966263,5.09,0.0,True,True,scored_descriptively,published_mass_template_assumptions,False,False
NGC4088,8,15.68,168.0,6.1,141.2326654850074,213.15629985305526,4.122623814930371e-11,183.8271719610435,242.37194799160272,3.51,0.0,True,True,scored_descriptively,published_mass_template_assumptions,False,False
NGC4088,9,17.42,165.0,5.6,133.5799586390114,209.7646502671555,3.3195859166072715e-11,181.2870181786805,238.09546847964273,1.72,0.0,True,True,scored_descriptively,published_mass_template_assumptions,False,False
NGC4088,10,19.28,171.0,8.6,126.40514981597862,206.6284083290762,2.6857894318899356e-11,178.89191263223742,234.18894976828076,0.85,0.0,True,True,scored_descriptively,published_mass_template_assumptions,False,False
NGC4088,11,21.48,174.0,7.6,118.91604265194836,203.33391947374372,2.133516834249109e-11,176.30713466373325,230.15610438633823,0.0,0.0,True,True,scored_descriptively,published_mass_template_assumptions,False,False
NGC4100,0,2.61,120.0,10.5,89.40525879387633,116.84120183116326,9.925104240057254e-11,99.2088710492719,134.3942368923167,351.27,0.0,True,True,scored_descriptively,published_mass_template_assumptions,False,False
NGC4100,1,3.5,148.0,7.5,96.00795904507082,128.3370635843461,8.534849854408397e-11,109.16761616372065,147.3972087336649,336.69,0.0,True,True,scored_descriptively,published_mass_template_assumptions,False,False
NGC4100,2,4.37,168.0,6.2,108.64666446789796,144.6720924878977,8.753884520992647e-11,123.09033446532221,166.13810082630414,312.74,0.0,True,True,scored_descriptively,published_mass_template_assumptions,False,False
NGC4100,3,5.24,182.0,6.1,126.91235006885657,165.76921289680465,9.961527541994248e-11,140.90059785723005,190.53352377036293,278.01,0.0,True,True,scored_descriptively,published_mass_template_assumptions,False,False
NGC4100,4,6.11,190.0,5.2,140.5302088520472,182.22145491558004,1.0474845546368215e-10,154.83942203109444,209.5017246886673,213.01,0.0,True,True,scored_descriptively,published_mass_template_assumptions,False,False
NGC4100,5,6.98,194.0,5.7,147.98603329368618,192.71727986515023,1.0167998902069592e-10,163.84221254276503,221.47924216319493,123.77,0.0,True,True,scored_descriptively,published_mass_template_assumptions,False,False
NGC4100,6,7.85,195.0,6.1,142.56661758630594,191.07043223667762,8.391034178769025e-11,162.79492371010807,219.19134013434098,64.81,0.0,True,True,scored_descriptively,published_mass_template_assumptions,False,False
NGC4100,7,8.72,193.0,4.8,137.42842809986587,189.42493596253766,7.019175933585118e-11,161.6981120237846,216.96059857827893,40.14,0.0,True,True,scored_descriptively,published_mass_template_assumptions,False,False
NGC4100,8,9.6,192.0,3.9,129.89162328649218,185.30463068320924,5.6956134952070236e-11,158.50800737516442,211.87290970885812,21.59,0.0,True,True,scored_descriptively,published_mass_template_assumptions,False,False
NGC4100,9,10.47,192.0,3.5,122.67226153454578,181.17083468283866,4.6579574474250306e-11,155.2790131420626,206.80413422508477,15.04,0.0,True,True,scored_descriptively,published_mass_template_assumptions,False,False
NGC4100,10,11.35,191.0,4.4,117.64928112827549,178.92069285881973,3.9521384382873465e-11,153.6130369029118,203.94838242860777,13.24,0.0,True,True,scored_descriptively,published_mass_template_assumptions,False,False
NGC4100,11,12.19,189.0,4.8,114.76782998732702,178.44502630643262,3.501757677075509e-11,153.43039751069884,203.16611261568158,11.29,0.0,True,True,scored_descriptively,published_mass_template_assumptions,False,False
NGC4100,12,13.12,185.0,5.3,111.83974450078112,178.00485566030352,3.0896405206150796e-11,153.3251095450973,202.3810633394349,6.56,0.0,True,True,scored_descriptively,published_mass_template_assumptions,False,False
NGC4100,13,13.94,182.0,4.5,108.66936113735095,176.88922210913026,2.7453701588569693e-11,152.63118810576105,200.83764848519291,4.29,0.0,True,True,scored_descriptively,published_mass_template_assumptions,False,False
NGC4100,14,14.86,179.0,6.6,105.46987460881898,175.8399057984702,2.4259816118119187e-11,152.00707227594458,199.3582288403492,2.82,0.0,True,True,scored_descriptively,published_mass_template_assumptions,False,False
NGC4100,15,15.68,176.0,6.2,103.05684935995278,175.22571616297597,2.195114197606357e-11,151.7535167396454,198.38281780830732,2.06,0.0,True,True,scored_descriptively,published_mass_template_assumptions,False,False
NGC4100,16,16.61,174.0,6.6,100.71056374581566,174.80597055955988,1.978927466638945e-11,151.6793919589459,197.61712688820927,1.52,0.0,True,True,scored_descriptively,published_mass_template_assumptions,False,False
NGC4100,17,17.42,178.0,8.7,98.62547566425218,174.29753230532165,1.8095872419235002e-11,151.4075092235069,196.86845751850962,1.33,0.0,True,True,scored_descriptively,published_mass_template_assumptions,False,False
NGC4100,18,18.35,177.0,6.2,95.94270868596529,173.2958723457796,1.625688513130572e-11,150.60925785209866,195.65384718964134,0.81,0.0,True,True,scored_descriptively,published_mass_template_assumptions,False,False
NGC4100,19,19.16,169.0,5.9,93.4483483000101,172.15387617034483,1.4770568439546067e-11,149.67264685356324,194.29871307899796,0.36,0.0,True,True,scored_descriptively,published_mass_template_assumptions,False,False
NGC4100,20,20.09,158.0,6.3,90.78342359704222,170.94458034398403,1.3294825194257523e-11,148.6954052177798,192.85028314199698,0.2,0.0,True,True,scored_descriptively,published_mass_template_assumptions,False,False
NGC4100,21,21.02,158.0,7.6,88.29668425258107,169.81816138058355,1.2020029493702637e-11,147.74950615714945,191.5351923027481,0.16,0.0,True,True,scored_descriptively,published_mass_template_assumptions,False,False
NGC4100,22,21.95,158.0,8.9,86.01463770777623,168.8155626274301,1.0923445823646203e-11,146.8971428286404,190.37436872924553,0.11,0.0,True,True,scored_descriptively,published_mass_template_assumptions,False,False
NGC4100,23,22.76,159.0,9.0,83.998058013266,167.8291480285436,1.0046520809348091e-11,146.05087369052214,189.24117019951964,0.0,0.0,True,True,scored_descriptively,published_mass_template_assumptions,False,False
NGC4138,0,2.61,179.0,14.7,171.38284619529458,192.4486095504357,3.647066224317229e-10,156.39416439834548,230.0601611167186,455.38,0.0,True,True,scored_descriptively,published_mass_template_assumptions,False,False
NGC4138,1,5.24,195.0,6.8,144.99180056127312,182.42631978213058,1.3001847086411587e-10,150.07431558964373,215.9324565658848,58.82,0.0,True,True,scored_descriptively,published_mass_template_assumptions,False,False
NGC4138,2,7.85,181.0,9.8,121.7118416588953,171.58068689923135,6.115690037256376e-11,142.30663238665676,201.71846239897775,14.08,0.0,True,True,scored_descriptively,published_mass_template_assumptions,False,False
NGC4138,3,10.65,162.0,20.4,103.90416064816654,163.4808554950236,3.285229574739564e-11,136.17193734512807,191.46820014859992,2.75,0.0,True,True,scored_descriptively,published_mass_template_assumptions,False,False
NGC4138,4,13.47,145.0,9.6,91.89605307084739,158.6681170298068,2.0317748341651284e-11,132.64788606020915,185.26109101473665,0.23,0.0,True,True,scored_descriptively,published_mass_template_assumptions,False,False
NGC4138,5,16.03,147.0,17.9,84.41465263803435,156.31791784869176,1.4406271918958949e-11,131.0904592638405,182.0627496525081,0.06,0.0,True,True,scored_descriptively,published_mass_template_assumptions,False,False
NGC4138,6,18.58,150.0,21.0,78.6425017404711,154.75883809030051,1.0787439831146077e-11,130.06196826735797,179.93473347093692,0.0,0.0,True,True,scored_descriptively,published_mass_template_assumptions,False,False
NGC4157,0,1.74,96.4,12.1,109.40448286062139,128.88633420464078,2.2293098850457464e-10,108.81535795752649,148.67912156644562,1123.87,0.01,True,False,inclination,published_mass_template_assumptions,False,False
NGC4157,1,3.5,157.0,10.5,159.99387535152712,187.2437776954593,2.370217096242438e-10,158.10090238978904,215.99983333752044,658.27,0.0,True,False,inclination,published_mass_template_assumptions,False,False
NGC4157,2,5.24,192.0,8.4,172.78085845949485,207.9588673091968,1.8463304096404905e-10,176.1303505544772,239.30263753954452,352.95,0.0,True,False,inclination,published_mass_template_assumptions,False,False
NGC4157,3,6.98,201.0,6.9,178.27853146130636,220.59822754441572,1.4756797854809716e-10,187.31595781171916,253.310028745967,198.18,0.0,True,False,inclination,published_mass_template_assumptions,False,False
NGC4157,4,8.72,201.0,7.3,182.02349285188438,230.71669697822264,1.2313679835550403e-10,196.4173349556552,264.37645836411826,108.77,0.0,True,False,inclination,published_mass_template_assumptions,False,False
NGC4157,5,10.47,194.0,6.4,170.16480496859506,225.781482231146,8.962770038831975e-11,193.3049089357558,257.57230410700834,29.25,0.0,True,False,inclination,published_mass_template_assumptions,False,False
NGC4157,6,12.19,190.0,6.0,157.84168055364844,219.6139151853838,6.62352441698058e-11,189.18930138660795,249.3307038535843,13.48,0.0,True,False,inclination,published_mass_template_assumptions,False,False
NGC4157,7,13.94,186.0,6.4,146.74138209789356,214.01095003225882,5.006012058701113e-11,184.86048747229282,242.41798804367465,7.5,0.0,True,False,inclination,published_mass_template_assumptions,False,False
NGC4157,8,15.68,184.0,6.4,137.11241347886778,209.16321854966031,3.885589772305592e-11,181.0672152058592,236.48936195035915,4.2,0.0,True,False,inclination,published_mass_template_assumptions,False,False
NGC4157,9,17.42,182.0,7.3,131.82950724325718,208.03861345069313,3.233155268728159e-11,180.7009499967354,234.5993078711903,2.43,0.0,True,False,inclination,published_mass_template_assumptions,False,False
NGC4157,10,19.16,181.0,6.6,125.23090241629659,205.1993397462699,2.6526317914859426e-11,178.5028176124983,231.10309668809344,0.66,0.0,True,False,inclination,published_mass_template_assumptions,False,False
NGC4157,11,20.9,183.0,6.5,118.6385887053618,201.94905736294757,2.1825043212218813e-11,175.84797776844562,227.2432610253572,0.54,0.0,True,False,inclination,published_mass_template_assumptions,False,False
NGC4157,12,22.65,185.0,6.5,116.24550047206128,202.7131891329581,1.933452698553045e-11,177.07983015381458,227.5441008663979,0.28,0.0,True,False,inclination,published_mass_template_assumptions,False,False
NGC4157,13,24.39,186.0,9.1,111.49150990097856,200.72882694068647,1.6516622719568812e-11,175.4713660547345,225.1741387213116,0.07,0.0,True,False,inclination,published_mass_template_assumptions,False,False
NGC4157,14,26.13,186.0,11.4,106.8103067592262,198.52985847847134,1.4149346100014892e-11,173.56467978798995,222.67109768143396,0.04,0.0,True,False,inclination,published_mass_template_assumptions,False,False
NGC4157,15,27.87,184.0,13.6,102.67349171037283,196.65356700984626,1.2258269058210975e-11,171.93099180174661,220.5414601550269,0.02,0.0,True,False,inclination,published_mass_template_assumptions,False,False
NGC4157,16,29.61,185.0,13.6,99.1864029491946,195.26360080788947,1.0767511111775717e-11,170.75460226367093,218.9297689333314,0.0,0.0,True,False,inclination,published_mass_template_assumptions,False,False
NGC4183,0,0.87,47.1,8.2,27.802927903370175,44.846149422186,2.8794614539339126e-11,38.67431360987727,50.85752716098409,160.21,0.0,True,False,inclination,published_mass_template_assumptions,False,False
NGC4183,1,1.74,65.9,6.6,34.97359861381153,59.03109597190889,2.2781423068448438e-11,51.047074208480346,66.79901991268524,95.41,0.0,True,False,inclination,published_mass_template_assumptions,False,False
NGC4183,2,2.61,76.1,5.6,41.836754773763225,71.27481048392798,2.173326254123942e-11,61.876676466763556,80.42833397132128,69.97,0.0,True,False,inclination,published_mass_template_assumptions,False,False
NGC4183,3,3.5,85.7,5.6,44.302822144870184,78.2269320456764,1.8173735156008562e-11,68.07147690372558,88.11225580835168,54.44,0.0,True,False,inclination,published_mass_template_assumptions,False,False
NGC4183,4,4.37,96.6,5.2,49.59778523281055,87.50923239942894,1.8242845715124847e-11,76.31971289122296,98.40912854762473,44.82,0.0,True,False,inclination,published_mass_template_assumptions,False,False
NGC4183,5,5.24,99.3,5.2,53.74949813719195,95.23416915830474,1.7867631824174992e-11,83.4214860214986,106.75217368756752,36.54,0.0,True,False,inclination,published_mass_template_assumptions,False,False
NGC4183,6,6.11,103.0,5.2,57.127591407305104,101.87297233803244,1.7310119749891723e-11,89.34527137276318,114.08868374579576,32.09,0.0,True,False,inclination,published_mass_template_assumptions,False,False
NGC4183,7,6.98,107.0,5.2,60.194885164771264,107.96813048413354,1.6823378372824517e-11,94.71243985843488,120.89204422284152,24.66,0.0,True,False,inclination,published_mass_template_assumptions,False,False
NGC4183,8,7.85,111.0,5.2,63.66676801911653,114.31934160713698,1.6734217363727437e-11,100.53527299640483,127.76319926522787,19.68,0.0,True,False,inclination,published_mass_template_assumptions,False,False
NGC4183,9,8.72,114.0,6.1,66.98037735038524,120.35842724089481,1.667355282055601e-11,106.10774872375661,134.26030797218633,13.34,0.0,True,False,inclination,published_mass_template_assumptions,False,False
NGC4183,10,9.6,115.0,6.1,66.52535494080433,122.26669336229158,1.4940069661637234e-11,107.9715337736468,136.2055715904315,7.13,0.0,True,False,inclination,published_mass_template_assumptions,False,False
NGC4183,11,10.47,111.0,5.6,64.98758496820759,122.8032280910384,1.3072648069040244e-11,108.77059348910407,136.47804470283506,3.83,0.0,True,False,inclination,published_mass_template_assumptions,False,False
NGC4183,12,11.35,110.0,5.6,65.26373073920921,125.20976708415836,1.2161786794749447e-11,111.446514503234,138.61111539067088,2.47,0.0,True,False,inclination,published_mass_template_assumptions,False,False
NGC4183,13,12.31,111.0,5.2,62.214156347249464,123.92812566515317,1.0189897943702252e-11,110.39997039085227,137.0909703219345,1.7,0.0,True,False,inclination,published_mass_template_assumptions,False,False
NGC4183,14,13.12,109.0,4.8,59.742668587869424,122.771738504927,8.816269456802939e-12,109.39885145844912,135.77727849377163,1.38,0.0,True,False,inclination,published_mass_template_assumptions,False,False
NGC4183,15,14.05,108.0,4.4,58.09959509325344,122.66498451324678,7.786088611085923e-12,109.42773975586655,135.53121409849965,1.09,0.0,True,False,inclination,published_mass_template_assumptions,False,False
NGC4183,16,14.98,109.0,5.2,57.55165418995357,123.73872715252661,7.165611584088565e-12,110.59788624517314,136.5023590203847,0.89,0.0,True,False,inclination,published_mass_template_assumptions,False,False
NGC4183,17,16.03,111.0,5.3,55.994676532684785,123.69125547196728,6.338834497245889e-12,110.62829739120089,136.37325650647452,0.71,0.0,True,False,inclination,published_mass_template_assumptions,False,False
NGC4183,18,16.95,110.0,4.9,53.99395660627215,122.7306545127614,5.574039712930096e-12,109.72839777051263,135.35163196313357,0.5,0.0,True,False,inclination,published_mass_template_assumptions,False,False
NGC4183,19,17.88,109.0,4.9,53.71007866313361,123.84413839707196,5.228697502683226e-12,110.91721001433162,136.383567601566,0.34,0.0,True,False,inclination,published_mass_template_assumptions,False,False
NGC4183,20,18.93,110.0,5.3,52.44490823712059,123.8068243072024,4.708748561537865e-12,110.96239265319,136.26068679801796,0.26,0.0,True,False,inclination,published_mass_template_assumptions,False,False
NGC4183,21,19.97,112.0,10.2,50.88437972501974,123.25567210033327,4.201848210261927e-12,110.46674405437123,135.6533763975999,0.18,0.0,True,False,inclination,published_mass_template_assumptions,False,False
NGC4183,22,21.02,113.0,11.5,49.931262251218925,123.41939898260021,3.843809300015582e-12,110.69066787900617,135.75375963953866,0.0,0.0,True,False,inclination,published_mass_template_assumptions,False,False
NGC4214,0,0.21,55.5,7.21,23.47153808338942,31.39379065225761,8.501846498874248e-11,9.594740303629415,55.78855294827231,541.3,0.0,True,False,inclination,published_mass_template_assumptions,False,False
NGC4214,1,0.63,63.2,5.22,39.31667012858541,53.13298214711058,7.951743504843981e-11,16.325266584302792,94.0518409909616,190.53,0.0,True,False,inclination,published_mass_template_assumptions,False,False
NGC4214,2,1.04,66.6,7.97,43.786930698554336,61.96797933181558,5.974548942297135e-11,19.137708415528113,109.2452547485548,90.51,0.0,True,False,inclination,published_mass_template_assumptions,False,False
NGC4214,3,1.46,70.5,4.62,43.65651497772125,65.58438921754637,4.2305294883371216e-11,20.29992266828294,115.39057972551093,39.5,0.0,True,False,inclination,published_mass_template_assumptions,False,False
NGC4214,4,1.88,76.1,4.69,41.494688816763045,66.54637627894003,2.968087019007857e-11,20.655840184829053,116.80298763223314,15.63,0.0,True,False,inclination,published_mass_template_assumptions,False,False
NGC4214,5,2.3,78.8,4.52,38.02965553354382,65.62322535525674,2.0378227300093797e-11,20.41930247311418,114.94073711533616,7.49,0.0,True,False,inclination,published_mass_template_assumptions,False,False
NGC4214,6,2.71,80.1,6.65,35.4479576280496,65.07195640871608,1.5026664834508656e-11,20.27704370670762,113.83008963373314,3.28,0.0,True,False,inclination,published_mass_template_assumptions,False,False
NGC4214,7,3.14,80.1,6.28,32.856513052970186,64.21451364092529,1.1141989618695366e-11,20.035731110177434,112.20304793236667,1.41,0.0,True,False,inclination,published_mass_template_assumptions,False,False
NGC4214,8,3.55,80.1,5.09,30.692375274650868,63.413903169767934,8.599676235839524e-12,19.804393782391305,110.71276501405276,0.63,0.0,True,False,inclination,published_mass_template_assumptions,False,False
NGC4214,9,3.96,80.4,5.4,29.127968518247197,63.06176871507296,6.943439599005573e-12,19.72777317587615,109.94991666483462,0.28,0.0,True,False,inclination,published_mass_template_assumptions,False,False
NGC4214,10,4.38,80.1,7.58,27.825529644554834,62.86356357096939,5.728781042746855e-12,19.699178013729252,109.45813245356203,0.13,0.0,True,False,inclination,published_mass_template_assumptions,False,False
NGC4214,11,4.8,80.4,8.9,26.773840777893632,62.8154877063115,4.839824013990269e-12,19.717931940565528,109.22808553033855,0.05,0.0,True,False,inclination,published_mass_template_assumptions,False,False
NGC4214,12,5.22,80.6,9.37,25.853791791534178,62.8021096987049,4.149802669579374e-12,19.741288871660103,109.08520319161173,0.02,0.0,True,False,inclination,published_mass_template_assumptions,False,False
NGC4214,13,5.63,80.6,9.37,25.508681855399743,63.42509449257863,3.745562898880158e-12,19.992958109970303,109.93125757134014,0.0,0.0,True,False,inclination,published_mass_template_assumptions,False,False
NGC4217,0,0.87,47.8,8.2,129.3845024722822,139.66088842890372,6.235836539407442e-10,117.30525795677562,161.8288900537452,149.17,3961.96,True,False,inclination,published_mass_template_assumptions,False,False
NGC4217,1,1.74,98.9,8.2,184.65943699145188,199.1010779306315,6.351016202613188e-10,167.26858214478278,230.67049524015422,130.84,2479.37,True,False,inclination,published_mass_template_assumptions,False,False
NGC4217,2,2.61,146.0,7.7,220.80218359427516,238.782888370373,6.053627242773569e-10,200.6940157096663,276.5513754341324,114.76,1223.98,True,False,inclination,published_mass_template_assumptions,False,False
NGC4217,3,3.5,164.0,6.4,234.50096667178153,256.5512078656309,5.091792359813554e-10,215.9730417077984,296.7628440374167,99.78,265.76,True,False,inclination,published_mass_template_assumptions,False,False
NGC4217,4,4.37,174.0,5.95,221.63765614173056,248.90456979376438,3.642965978020161e-10,210.2884673790919,287.112491318448,85.76,44.82,True,False,inclination,published_mass_template_assumptions,False,False
NGC4217,5,5.24,175.0,6.0,208.06338998007314,240.4535548888862,2.677376875986558e-10,203.90362569636088,276.55088752512825,77.15,7.58,True,False,inclination,published_mass_template_assumptions,False,False
NGC4217,6,6.11,184.0,6.4,197.59274020064603,234.69097928253592,2.0708574875289393e-10,199.65259729665084,269.232884073622,66.37,1.29,True,False,inclination,published_mass_template_assumptions,False,False
NGC4217,7,6.98,185.0,6.4,188.6655365454963,230.13966993111055,1.652643508957688e-10,196.21066999745614,263.52480996199137,49.85,0.22,True,False,inclination,published_mass_template_assumptions,False,False
NGC4217,8,7.85,188.0,6.65,182.772898838969,228.16295689101997,1.3791242592689857e-10,194.96621174545197,260.77923825603153,30.1,0.04,True,False,inclination,published_mass_template_assumptions,False,False
NGC4217,9,8.72,190.0,7.35,173.53671536594206,222.90239059571985,1.1192206538332042e-10,190.98605786188173,254.2066709356698,8.06,0.01,True,False,inclination,published_mass_template_assumptions,False,False
NGC4217,10,9.6,191.0,6.4,164.88195116506841,217.99467962857835,9.177501369238857e-11,187.258013661726,248.09274297762465,4.44,0.0,True,False,inclination,published_mass_template_assumptions,False,False
NGC4217,11,10.47,191.0,5.55,157.99686952594976,214.47874216329947,7.726801178414556e-11,184.6403010753053,243.6567687331765,3.82,0.0,True,False,inclination,published_mass_template_assumptions,False,False
NGC4217,12,11.35,189.0,5.95,152.10996657024154,211.72805899769602,6.606461904622524e-11,182.59911752770358,240.17625022310452,3.27,0.0,True,False,inclination,published_mass_template_assumptions,False,False
NGC4217,13,12.19,186.0,6.85,146.78947775641143,209.20867875319615,5.7284298600786715e-11,180.6266264022955,237.0879275752317,2.45,0.0,True,False,inclination,published_mass_template_assumptions,False,False
NGC4217,14,13.12,183.0,6.4,141.58349596616125,206.88055021902883,4.951546742135663e-11,178.83768410301704,234.20108808955453,1.62,0.0,True,False,inclination,published_mass_template_assumptions,False,False
NGC4217,15,13.94,179.0,6.85,137.19858800293827,204.87156624183604,4.3760871721577266e-11,177.24738459448244,231.75623764154244,1.12,0.0,True,False,inclination,published_mass_template_assumptions,False,False
NGC4217,16,14.86,177.0,7.25,132.79055813573493,202.95144078210123,3.845608224694061e-11,175.74107104503597,229.40590399945242,0.75,0.0,True,False,inclination,published_mass_template_assumptions,False,False
NGC4217,17,15.79,177.0,8.55,129.07753127481172,201.57906368022657,3.419547382375459e-11,174.76325066096544,227.6299393993226,0.5,0.0,True,False,inclination,published_mass_template_assumptions,False,False
NGC4217,18,16.72,178.0,12.0,126.04505317544199,200.73986310930388,3.079390696267074e-11,174.2902264632841,226.42173957923194,0.36,0.0,True,False,inclination,published_mass_template_assumptions,False,False
NGC4389,0,0.87,27.3,5.8,61.32812813057317,76.39985940203891,1.4010370515121006e-10,61.404909021114946,92.14437160269705,794.32,0.0,True,False,quality,published_mass_template_assumptions,False,False
NGC4389,1,1.74,52.7,6.7,83.20208711324494,104.80170848617082,1.2893435374258957e-10,84.34665199056919,126.26384112699373,389.02,0.0,True,False,quality,published_mass_template_assumptions,False,False
NGC4389,2,2.71,69.2,6.7,94.12933549112094,121.85339300830962,1.0595712101492735e-10,98.32018715322594,146.5034273674787,274.26,0.0,True,False,quality,published_mass_template_assumptions,False,False
NGC4389,3,3.58,83.5,6.4,102.14999045521247,134.47541885390223,9.445894461354907e-11,108.68092212037159,161.46735879718528,183.26,0.0,True,False,quality,published_mass_template_assumptions,False,False
NGC4389,4,4.45,95.9,6.3,110.16868225589339,146.4835952567514,8.83905331369816e-11,118.57169588420602,175.67439950930415,86.39,0.0,True,False,quality,published_mass_template_assumptions,False,False
NGC4389,5,5.32,110.0,7.6,101.57139951777764,142.54398416662895,6.28464419957739e-11,115.80789855841691,170.42649358163624,23.61,0.0,True,False,quality,published_mass_template_assumptions,False,False
NGC4559,0,0.67,43.8,10.9,41.70612904598076,55.8724373984071,8.413455798499516e-11,42.9762742027897,68.40713269989635,523.98,0.0,True,True,scored_descriptively,published_mass_template_assumptions,False,False
NGC4559,1,1.32,64.2,7.71,53.846613635399585,74.0524351167291,7.118562718831758e-11,57.02852328612963,90.56756902833406,311.22,0.0,True,True,scored_descriptively,published_mass_template_assumptions,False,False
NGC4559,2,1.97,73.3,8.62,62.510543510675056,87.40112636514611,6.428205892657108e-11,67.36485068647039,106.81517836843645,232.08,0.0,True,True,scored_descriptively,published_mass_template_assumptions,False,False
NGC4559,3,2.62,84.2,8.4,68.58260821811898,97.4912815266117,5.818032706750337e-11,75.30134241877026,118.95374920074114,182.74,0.0,True,True,scored_descriptively,published_mass_template_assumptions,False,False
NGC4559,4,3.28,96.2,5.67,75.86886416706132,108.26204726263644,5.687255974978869e-11,83.75555590546456,131.9421282796008,154.57,0.0,True,True,scored_descriptively,published_mass_template_assumptions,False,False
NGC4559,5,3.93,102.0,4.79,82.07586094583473,117.58584004395034,5.555047776081592e-11,91.01829934537919,143.24593089782468,115.04,0.0,True,True,scored_descriptively,published_mass_template_assumptions,False,False
NGC4559,6,4.58,104.0,5.67,83.96664635437097,122.53186862211795,4.9888172158310446e-11,94.95861407730453,149.12665369404974,74.83,0.0,True,True,scored_descriptively,published_mass_template_assumptions,False,False
NGC4559,7,5.22,106.0,5.37,83.75063790801835,125.16965584989332,4.3546694946619624e-11,97.19589050456509,152.09744760340777,58.17,0.0,True,True,scored_descriptively,published_mass_template_assumptions,False,False
NGC4559,8,5.9,106.0,5.24,83.65700448856629,127.86653613813621,3.8441653743749776e-11,99.5010265658564,155.11805649934567,42.87,0.0,True,True,scored_descriptively,published_mass_template_assumptions,False,False
NGC4559,9,6.54,108.0,5.22,82.42415665325306,129.09524135586898,3.3665163723419915e-11,100.66315732669345,156.35736639321044,31.37,0.0,True,True,scored_descriptively,published_mass_template_assumptions,False,False
NGC4559,10,7.19,111.0,4.68,81.32518767270076,130.31602942375434,2.981059969364949e-11,101.84830644316881,157.55717974275896,28.23,0.0,True,True,scored_descriptively,published_mass_template_assumptions,False,False
NGC4559,11,7.87,114.0,4.61,81.88871991916835,133.14801553223683,2.7613590937603182e-11,104.20776584200583,160.80662107887844,23.82,0.0,True,True,scored_descriptively,published_mass_template_assumptions,False,False
NGC4559,12,8.51,116.0,4.47,82.3374829588566,135.62317435745084,2.5817552440039616e-11,106.25397714606862,163.66429013494567,17.55,0.0,True,True,scored_descriptively,published_mass_template_assumptions,False,False
NGC4559,13,9.16,117.0,5.22,81.4991665601557,136.72454424597223,2.3499591676250397e-11,107.26106165930783,164.81888990099188,10.87,0.0,True,True,scored_descriptively,published_mass_template_assumptions,False,False
NGC4559,14,9.84,118.0,5.22,79.8771234459529,136.99415367430666,2.1013538472749906e-11,107.79592649657661,164.76646721643507,5.62,0.0,True,True,scored_descriptively,published_mass_template_assumptions,False,False
NGC4559,15,10.48,120.0,4.5,78.39311704480184,137.17951114588004,1.9003956965952282e-11,108.29685437689825,164.57623331251915,4.16,0.0,True,True,scored_descriptively,published_mass_template_assumptions,False,False
NGC4559,16,11.13,121.0,3.62,77.1719644689702,137.56735024916048,1.734097059453308e-11,108.8858744370825,164.70979336747655,2.94,0.0,True,True,scored_descriptively,published_mass_template_assumptions,False,False
NGC4559,17,11.78,122.0,3.17,75.58979064662105,137.47873086111244,1.5719200352161737e-11,109.00978014936149,164.37229861294256,2.24,0.0,True,True,scored_descriptively,published_mass_template_assumptions,False,False
NGC4559,18,12.43,122.0,2.74,74.02054376995619,137.3106227967117,1.4285086303088184e-11,109.02649282337289,163.99077472662228,1.71,0.0,True,True,scored_descriptively,published_mass_template_assumptions,False,False
NGC4559,19,13.08,122.0,3.18,72.94699719659474,137.59865851008342,1.318428399172599e-11,109.42899792083,164.12799009144246,1.3,0.0,True,True,scored_descriptively,published_mass_template_assumptions,False,False
NGC4559,20,13.73,123.0,3.56,72.41741813956088,138.41879980207963,1.2378413657652261e-11,110.31103701872307,164.83510972827804,0.82,0.0,True,True,scored_descriptively,published_mass_template_assumptions,False,False
NGC4559,21,14.38,124.0,4.31,71.81233912079456,139.09980648071297,1.1622209907548697e-11,111.08758367134382,165.36883032505963,0.52,0.0,True,True,scored_descriptively,published_mass_template_assumptions,False,False
NGC4559,22,15.03,124.0,4.76,70.98996654457586,139.4829612075009,1.086636821149324e-11,111.5708066507668,165.6121298736983,0.5,0.0,True,True,scored_descriptively,published_mass_template_assumptions,False,False
NGC4559,23,15.68,123.0,5.23,70.70545205286506,140.4242641426344,1.0332590146229566e-11,112.49707332472123,166.52228094114517,0.52,0.0,True,True,scored_descriptively,published_mass_template_assumptions,False,False
NGC4559,24,16.33,123.0,5.66,70.76738549642765,141.72142961679626,9.938699775471e-12,113.73453784498936,167.82294509456688,0.37,0.0,True,True,scored_descriptively,published_mass_template_assumptions,False,False
NGC4559,25,16.98,123.0,5.62,70.78922905357848,142.93939067993796,9.56414460953182e-12,114.90539900455852,169.03212455039315,0.21,0.0,True,True,scored_descriptively,published_mass_template_assumptions,False,False
NGC4559,26,17.72,121.0,5.67,70.74845687363081,144.21172809647928,9.154184908499721e-12,116.13276139934314,170.28863973126718,0.14,0.0,True,True,scored_descriptively,published_mass_template_assumptions,False,False
NGC4559,27,18.28,122.0,6.32,70.91099985192706,145.37362282943494,8.914571680298376e-12,117.2269017817393,171.467683470409,0.12,0.0,True,True,scored_descriptively,published_mass_template_assumptions,False,False
NGC4559,28,19.02,122.0,6.35,70.81797723742186,146.51944485725087,8.545273710532807e-12,118.31292340237889,172.62042276282168,0.08,0.0,True,True,scored_descriptively,published_mass_template_assumptions,False,False
NGC4559,29,19.67,121.0,5.86,70.54156646970635,147.2670858053225,8.19851685613785e-12,119.03002366772313,173.36129685735486,0.06,0.0,True,True,scored_descriptively,published_mass_template_assumptions,False,False
NGC4559,30,20.32,120.0,5.94,70.02874338441323,147.70527776820904,7.82129051714541e-12,119.46535174890616,173.77624271865977,0.04,0.0,True,True,scored_descriptively,published_mass_template_assumptions,False,False
NGC4559,31,20.97,119.0,6.13,69.27093510268215,147.81874811968743,7.415716609030267e-12,119.60935374310914,173.84413930129355,0.0,0.0,True,True,scored_descriptively,published_mass_template_assumptions,False,False
NGC5005,0,0.49,211.0,40.1,212.29940572220167,216.37403913949396,2.9809241925449543e-09,184.83276200400243,248.03796505215507,3509.72,10533.68,True,True,scored_descriptively,published_mass_template_assumptions,False,False
NGC5005,1,0.98,233.0,17.4,257.5937900649004,264.2044637790697,2.1942906735910547e-09,225.81116104664574,302.7466473787919,2885.72,1394.2,True,True,scored_descriptively,published_mass_template_assumptions,False,False
NGC5005,2,1.47,227.0,14.4,250.5596105321047,260.4205172758277,1.3840578748082207e-09,222.80033115097606,298.1785868467223,2383.47,5.62,True,True,scored_descriptively,published_mass_template_assumptions,False,False
NGC5005,3,1.97,234.0,10.8,241.72625751043267,254.93136729096736,9.612378978837242e-10,218.43854476384152,291.54827273776056,1967.84,0.0,True,True,scored_descriptively,published_mass_template_assumptions,False,False
NGC5005,4,2.46,245.0,7.67,242.77435649178437,258.7615108501056,7.764615793246269e-10,222.0032948436483,295.63633108090374,1571.81,0.0,True,True,scored_descriptively,published_mass_template_assumptions,False,False
NGC5005,5,2.95,244.0,23.3,245.66929108050928,264.1941636598974,6.630239004989949e-10,227.39150676109628,301.13394850481853,1161.8,0.0,True,True,scored_descriptively,published_mass_template_assumptions,False,False
NGC5005,6,3.44,261.0,23.3,247.6298673423705,268.601612369151,5.776929428670721e-10,231.7694029823686,305.58156145364416,867.89,0.0,True,True,scored_descriptively,published_mass_template_assumptions,False,False
NGC5005,7,3.93,259.0,22.7,243.95701469726177,267.59921596373744,4.907762353577079e-10,231.1837570752348,304.1453824659978,643.49,0.0,True,True,scored_descriptively,published_mass_template_assumptions,False,False
NGC5005,8,4.42,258.0,22.7,239.05623020536405,265.3830758705228,4.190128276664865e-10,229.42712125698318,301.44249532532444,560.73,0.0,True,True,scored_descriptively,published_mass_template_assumptions,False,False
NGC5005,9,4.92,258.0,22.5,236.43491816988453,265.27907891940663,3.6822017874615546e-10,229.49379575547883,301.14467629314925,482.38,0.0,True,True,scored_descriptively,published_mass_template_assumptions,False,False
NGC5005,10,5.74,261.0,22.4,233.5329010653531,266.250253863996,3.079170314278329e-10,230.57080983794305,301.9746311293457,387.42,0.0,True,True,scored_descriptively,published_mass_template_assumptions,False,False
NGC5005,11,6.56,263.0,22.4,231.25081658234205,267.61024845006875,2.641874392771211e-10,232.0082221484908,303.2261351784556,278.87,0.0,True,True,scored_descriptively,published_mass_template_assumptions,False,False
NGC5005,12,7.37,264.0,22.3,226.76693960981174,266.73478725523637,2.2612128503113376e-10,231.5984363745413,301.8556720414608,208.81,0.0,True,True,scored_descriptively,published_mass_template_assumptions,False,False
NGC5005,13,8.19,265.0,22.2,223.49621119831093,266.8706086516906,1.976541254483007e-10,232.06542122599637,301.63623687115165,169.08,0.0,True,True,scored_descriptively,published_mass_template_assumptions,False,False
NGC5005,14,9.01,265.0,22.2,220.8791464353301,267.46886743484345,1.7548261377226993e-10,232.89402742743636,301.98170975301593,124.55,0.0,True,True,scored_descriptively,published_mass_template_assumptions,False,False
NGC5005,15,9.83,264.0,22.0,216.19838836124566,266.0432984132189,1.540993622464216e-10,231.95673680364243,300.0411567132023,80.7,0.0,True,True,scored_descriptively,published_mass_template_assumptions,False,False
NGC5005,16,10.65,264.0,21.9,209.26304470689516,262.4250203457817,1.3325543358902258e-10,229.09300745638805,295.63613303014057,49.29,0.0,True,True,scored_descriptively,published_mass_template_assumptions,False,False
NGC5005,17,11.47,265.0,22.0,201.48663124386195,257.910374632385,1.1470398555647353e-10,225.39811970235033,290.2661947975779,31.13,0.0,True,True,scored_descriptively,published_mass_template_assumptions,False,False
NGC5033,0,0.76,206.0,16.0,241.6282074800043,247.1322975160215,2.4896088932827807e-09,184.51331021065536,309.83821063740334,2166.2,3616.11,True,True,scored_descriptively,published_mass_template_assumptions,False,False
NGC5033,1,2.28,214.0,10.0,237.13018666968574,252.35880404863704,7.992603965086694e-10,189.83176295188605,314.6782192541374,1233.88,0.0,True,True,scored_descriptively,published_mass_template_assumptions,False,False
NGC5033,2,3.8,222.0,8.0,219.6560552318101,244.19922630329108,4.1148330366048326e-10,184.89106681046178,302.99065757646025,307.23,0.0,True,True,scored_descriptively,published_mass_template_assumptions,False,False
NGC5033,3,5.33,224.0,8.0,198.35746386259328,231.91301069813028,2.39232037745984e-10,176.69711506490825,286.3120351595654,137.83,0.0,True,True,scored_descriptively,published_mass_template_assumptions,False,False
NGC5033,4,6.85,225.0,8.0,181.21751673058537,222.7663940652229,1.5536716207187138e-10,170.62195279874638,273.8491048346864,63.77,0.0,True,True,scored_descriptively,published_mass_template_assumptions,False,False
NGC5033,5,8.0,222.0,6.0,168.75153842261707,215.83576878455162,1.153599208274884e-10,165.88244759006574,264.57647550915976,46.48,0.0,True,True,scored_descriptively,published_mass_template_assumptions,False,False
NGC5033,6,10.28,220.0,3.0,154.78908304528457,210.87647440516704,7.553304538473524e-11,162.85555858897496,257.464236555422,37.35,0.0,True,True,scored_descriptively,published_mass_template_assumptions,False,False
NGC5033,7,12.56,218.0,2.0,145.16609015193598,208.72964622746971,5.4373861307828694e-11,161.73528439058109,254.1328762298176,20.51,0.0,True,True,scored_descriptively,published_mass_template_assumptions,False,False
NGC5033,8,14.91,219.0,2.0,136.5528213549614,206.72620826765095,4.052967923558485e-11,160.85463860631398,250.85778823508585,11.48,0.0,True,True,scored_descriptively,published_mass_template_assumptions,False,False
NGC5033,9,17.15,217.0,2.0,130.29179379377658,205.91433372153895,3.207889920526844e-11,160.82770276695612,249.13728925962147,8.58,0.0,True,True,scored_descriptively,published_mass_template_assumptions,False,False
NGC5033,10,19.39,218.0,2.0,125.89936644002621,206.34579594141013,2.6492243304485606e-11,161.67945589789454,249.03978823286027,7.31,0.0,True,True,scored_descriptively,published_mass_template_assumptions,False,False
NGC5033,11,21.64,220.0,2.0,124.79023038683758,209.6632708561525,2.3321333062868845e-11,164.86907549202252,252.35424252729928,5.24,0.0,True,True,scored_descriptively,published_mass_template_assumptions,False,False
NGC5033,12,24.01,222.0,2.0,122.25483086569626,211.3854914843633,2.0173876276853368e-11,166.82499618685384,253.71962838674764,2.49,0.0,True,True,scored_descriptively,published_mass_template_assumptions,False,False
NGC5033,13,26.25,218.0,3.0,118.3161503346014,211.05604857132292,1.7282565364286518e-11,166.98509696845002,252.82108337534044,1.28,0.0,True,True,scored_descriptively,published_mass_template_assumptions,False,False
NGC5033,14,28.5,217.0,3.0,113.51460113130821,209.46852341882212,1.4652375829941057e-11,165.8979295678073,250.70323187539347,0.89,0.0,True,True,scored_descriptively,published_mass_template_assumptions,False,False
NGC5033,15,30.87,207.0,3.0,108.33385495771854,207.2726754028139,1.2320865596624946e-11,164.1620041954941,248.04870356084712,0.64,0.0,True,True,scored_descriptively,published_mass_template_assumptions,False,False
NGC5033,16,33.12,199.0,3.0,104.3590275443385,205.90037674029386,1.0656612491499814e-11,163.1445105552691,246.309729100528,0.4,0.0,True,True,scored_descriptively,published_mass_template_assumptions,False,False
NGC5033,17,35.36,191.0,3.0,100.32685418171945,204.16330153739403,9.225110738490023e-12,161.7637417729643,244.21990005963204,0.26,0.0,True,True,scored_descriptively,published_mass_template_assumptions,False,False
NGC5033,18,37.73,193.0,3.0,96.74932366688668,202.84037836518817,8.04004584329816e-12,160.7503720730116,242.58295931946495,0.16,0.0,True,True,scored_descriptively,published_mass_template_assumptions,False,False
NGC5033,19,39.98,192.0,3.0,93.77122197134896,201.84797673105118,7.127640978406455e-12,160.00565982390052,241.33652196646386,0.11,0.0,True,True,scored_descriptively,published_mass_template_assumptions,False,False
NGC5033,20,42.22,194.0,4.0,91.11268610901557,201.0325466301805,6.372193077908969e-12,159.4021767996708,240.30223830705478,0.07,0.0,True,True,scored_descriptively,published_mass_template_assumptions,False,False
NGC5033,21,44.59,196.0,5.0,88.55013116873403,200.28624318690953,5.6988916509785445e-12,158.85925494871532,239.34484202222183,0.0,0.0,True,True,scored_descriptively,published_mass_template_assumptions,False,False
NGC5055,0,0.72,125.0,17.6,142.48485954654973,150.6240970693387,9.138068212750214e-10,123.64739008990585,177.37465209097996,4079.93,0.0,True,True,scored_descriptively,published_mass_template_assumptions,False,False
NGC5055,1,1.43,162.0,8.5,169.83829618198598,182.7998765932596,6.53709303737989e-10,150.50568867228597,214.7869760372657,2087.92,0.0,True,True,scored_descriptively,published_mass_template_assumptions,False,False
NGC5055,2,2.16,178.0,5.22,186.204926223771,203.40775211201023,5.202092096276339e-10,167.8417128327644,238.59834944361333,1497.11,0.0,True,True,scored_descriptively,published_mass_template_assumptions,False,False
NGC5055,3,2.87,193.0,1.88,198.58496770903884,219.41142574452462,4.4530779688594945e-10,181.33600870565078,257.0524371335117,897.98,0.0,True,True,scored_descriptively,published_mass_template_assumptions,False,False
NGC5055,4,3.59,192.0,3.59,193.36047191709062,218.60560177518974,3.3751291891306564e-10,181.1990812311882,255.5177856763178,618.08,0.0,True,True,scored_descriptively,published_mass_template_assumptions,False,False
NGC5055,5,4.3,190.0,0.97,192.52814937042325,221.5619311659216,2.79363376936385e-10,184.0159110075684,258.5579703247713,518.18,0.0,True,True,scored_descriptively,published_mass_template_assumptions,False,False
NGC5055,6,5.03,195.0,0.99,193.7393941613321,226.2552159182553,2.418339917028842e-10,188.22596731241947,263.68213524831776,418.28,0.0,True,True,scored_descriptively,published_mass_template_assumptions,False,False
NGC5055,7,5.75,201.0,0.45,195.83451279077443,231.49173753328617,2.161524058910638e-10,192.87739048586184,269.45682730302184,347.11,0.0,True,True,scored_descriptively,published_mass_template_assumptions,False,False
NGC5055,8,6.46,204.0,0.81,198.71293692158045,237.2171079439936,1.9809304192387542e-10,197.90049468848594,275.8418316674537,262.38,0.0,True,True,scored_descriptively,published_mass_template_assumptions,False,False
NGC5055,9,7.18,204.0,0.65,196.1884102081466,237.85879682920276,1.7372875462226202e-10,198.77812798472698,276.20410480489835,205.49,0.0,True,True,scored_descriptively,published_mass_template_assumptions,False,False
NGC5055,10,7.91,206.0,0.66,193.6562997942489,238.39211420665941,1.5365129689622228e-10,199.55560004936927,276.45235087205197,160.87,0.0,True,True,scored_descriptively,published_mass_template_assumptions,False,False
NGC5055,11,8.62,206.0,1.54,190.99794278996828,238.60491081215653,1.3715118618540053e-10,200.03929114188298,276.3571023432453,129.11,0.0,True,True,scored_descriptively,published_mass_template_assumptions,False,False
NGC5055,12,11.49,206.0,1.9,176.77215023866174,235.1439532399404,8.813676691635873e-11,198.16309256210812,271.18358847102087,52.63,0.0,True,True,scored_descriptively,published_mass_template_assumptions,False,False
NGC5055,13,14.3,206.0,0.42,165.5611166608875,232.79300901100282,6.211980891911859e-11,197.40226865503433,267.1662980525377,25.15,0.0,True,True,scored_descriptively,published_mass_template_assumptions,False,False
NGC5055,14,17.19,203.0,4.19,154.83475966332625,229.88750121759762,4.5197093428425434e-11,195.62814738867846,263.06542092435086,9.46,0.0,True,True,scored_descriptively,published_mass_template_assumptions,False,False
NGC5055,15,20.07,200.0,1.23,141.82234538322936,223.61879437200858,3.247815938452967e-11,190.75441320329207,255.3578668096253,3.58,0.0,True,True,scored_descriptively,published_mass_template_assumptions,False,False
NGC5055,16,22.96,194.0,4.09,130.76533294417143,218.23076064908457,2.413586226837829e-11,186.40937935411418,248.89288026734295,1.78,0.0,True,True,scored_descriptively,published_mass_template_assumptions,False,False
NGC5055,17,25.85,188.0,5.2,122.00514149002082,214.2794291844717,1.8661440875724367e-11,183.23401540745058,244.14034260686577,0.59,0.0,True,True,scored_descriptively,published_mass_template_assumptions,False,False
NGC5055,18,28.74,184.0,1.16,115.74006998442674,212.23567519175222,1.510532842356595e-11,181.85980629210457,241.41591234300515,0.15,0.0,True,True,scored_descriptively,published_mass_template_assumptions,False,False
NGC5055,19,31.62,182.0,2.47,110.92731133494581,211.19720127178482,1.2611436644547252e-11,181.35933981750273,239.83306652295718,0.09,0.0,True,True,scored_descriptively,published_mass_template_assumptions,False,False
NGC5055,20,34.51,180.0,3.85,107.30540480329964,211.05739980305813,1.0813037022678859e-11,181.65728101177635,239.25160351464083,0.04,0.0,True,True,scored_descriptively,published_mass_template_assumptions,False,False
NGC5055,21,37.4,181.0,8.43,102.64357115767163,209.34841217094322,9.129381580187989e-12,180.26624229702517,237.2146814767179,0.01,0.0,True,True,scored_descriptively,published_mass_template_assumptions,False,False
NGC5055,22,40.29,180.0,4.55,99.79792983824865,209.3961571220556,8.011157176479288e-12,180.61363159038626,236.95931991295922,0.01,0.0,True,True,scored_descriptively,published_mass_template_assumptions,False,False
NGC5055,23,43.17,179.0,0.44,97.31763252360797,209.59797951994253,7.1096869162319675e-12,181.0677075674358,236.90524277441435,0.0,0.0,True,True,scored_descriptively,published_mass_template_assumptions,False,False
NGC5055,24,45.92,179.0,1.96,95.64092455638433,210.41748803663398,6.455577614077989e-12,182.1024805218671,237.506304847487,0.0,0.0,True,True,scored_descriptively,published_mass_template_assumptions,False,False
NGC5055,25,48.81,179.0,2.99,93.24102128355308,210.29503572704638,5.772377041013696e-12,182.16283666384084,237.19644358121587,0.0,0.0,True,True,scored_descriptively,published_mass_template_assumptions,False,False
NGC5055,26,51.7,174.0,3.39,90.73830530707525,209.8347495107499,5.161075821068043e-12,181.85387313071394,236.58038133141602,0.0,0.0,True,True,scored_descriptively,published_mass_template_assumptions,False,False
NGC5055,27,54.59,172.0,4.84,87.85020660191984,208.67195681466578,4.58165026598975e-12,180.81174245073973,235.29256907946254,0.0,0.0,True,True,scored_descriptively,published_mass_template_assumptions,False,False
NGC5371,0,1.45,216.0,10.0,170.3420235878393,183.43017055199934,6.485225129526202e-10,140.29601477977351,228.03715947130542,1579.45,0.0,True,True,scored_descriptively,published_mass_template_assumptions,False,False
NGC5371,1,2.88,215.0,7.0,164.44475303274348,187.6915889617069,3.0429653623959704e-10,144.6655228882562,231.93232622610344,725.11,0.0,True,True,scored_descriptively,published_mass_template_assumptions,False,False
NGC5371,2,4.33,215.0,5.0,166.5519312406794,197.76522269121654,2.0761604047859912e-10,153.05472539574825,243.566922077009,586.66,0.0,True,True,scored_descriptively,published_mass_template_assumptions,False,False
NGC5371,3,5.78,214.0,4.0,172.36434898203282,210.04993706889323,1.6657756260801648e-10,162.93835595228606,258.20016405860224,431.16,0.0,True,True,scored_descriptively,published_mass_template_assumptions,False,False
NGC5371,4,7.22,215.0,4.0,173.46743556068384,217.14505043280647,1.3506666405628958e-10,168.80207108473692,266.4426593316952,356.04,0.0,True,True,scored_descriptively,published_mass_template_assumptions,False,False
NGC5371,5,8.66,221.0,3.0,178.89801564019652,227.62254584620277,1.1976849973328195e-10,177.15691946738275,279.01781985796606,328.2,0.0,True,True,scored_descriptively,published_mass_template_assumptions,False,False
NGC5371,6,11.55,233.0,3.0,199.42413545005027,256.26176810076083,1.1158939075509651e-10,199.63821668137214,313.8796179704745,253.05,0.0,True,True,scored_descriptively,published_mass_template_assumptions,False,False
NGC5371,7,14.48,237.0,3.0,213.76744501911418,278.1467376903982,1.0227371367272709e-10,217.11482151475892,340.17081494234844,153.39,0.0,True,True,scored_descriptively,published_mass_template_assumptions,False,False
NGC5371,8,17.28,242.0,3.0,212.64173825944897,284.52518581837245,8.480134573035753e-11,222.8454740292539,347.05062292197454,98.5,0.0,True,True,scored_descriptively,published_mass_template_assumptions,False,False
NGC5371,9,20.2,241.0,3.0,213.74925403378606,292.58797492939965,7.330056139584842e-11,229.8310092828963,356.07523399684,65.35,0.0,True,True,scored_descriptively,published_mass_template_assumptions,False,False
NGC5371,10,23.12,240.0,3.0,209.57851070660845,295.12078890663895,6.156801116558552e-11,232.48297566473983,358.34655447805795,32.44,0.0,True,True,scored_descriptively,published_mass_template_assumptions,False,False
NGC5371,11,26.04,234.0,3.0,197.42331916468225,289.50723737892315,4.8507106942253474e-11,228.57296621193103,350.86587116919833,13.89,0.0,True,True,scored_descriptively,published_mass_template_assumptions,False,False
NGC5371,12,28.84,226.0,3.0,185.01833652370783,282.7600964090487,3.8466594792855534e-11,223.67882648554823,342.1243381752891,7.22,0.0,True,True,scored_descriptively,published_mass_template_assumptions,False,False
NGC5371,13,31.76,213.0,3.0,174.55100128615706,277.4905454057998,3.10894937258668e-11,219.82554334469216,335.3287600210339,4.16,0.0,True,True,scored_descriptively,published_mass_template_assumptions,False,False
NGC5371,14,34.68,207.0,3.0,166.14069700106594,273.70853233425095,2.5794221339405937e-11,217.06902730398465,330.4366544482839,1.44,0.0,True,True,scored_descriptively,published_mass_template_assumptions,False,False
NGC5371,15,37.48,208.0,4.0,156.30455943445796,267.7906248592515,2.1124827236464075e-11,212.615432234721,322.97249549756725,0.0,0.0,True,True,scored_descriptively,published_mass_template_assumptions,False,False
NGC5371,16,40.4,209.0,4.0,148.46659203335946,263.613675713177,1.768176315650494e-11,209.43007041742715,317.74442884643344,0.0,0.0,True,True,scored_descriptively,published_mass_template_assumptions,False,False
NGC5371,17,43.32,207.0,4.0,141.9313217721867,260.38853970182953,1.5070147442356863e-11,206.96851793866264,313.70773875478903,0.0,0.0,True,True,scored_descriptively,published_mass_template_assumptions,False,False
NGC5371,18,46.24,213.0,6.0,136.5144569267299,258.009944458887,1.3061375672484046e-11,205.1934750589944,310.68365995516274,0.0,0.0,True,True,scored_descriptively,published_mass_template_assumptions,False,False
NGC5585,0,0.09,11.2,2.02,9.000088888449936,14.48163281190592,2.9167589743539636e-11,10.986696444378062,17.963693127548023,658.83,0.0,True,True,scored_descriptively,published_mass_template_assumptions,False,False
NGC5585,1,0.26,26.5,1.03,19.07363101247374,28.302663641910037,4.534640477497862e-11,21.41213751374246,35.19578380902254,391.72,0.0,True,True,scored_descriptively,published_mass_template_assumptions,False,False
NGC5585,2,0.43,33.7,1.03,25.040323480338667,36.887812357428395,4.7256425589603934e-11,27.902279727225086,45.879951598897165,269.11,0.0,True,True,scored_descriptively,published_mass_template_assumptions,False,False
NGC5585,3,0.6,32.7,1.12,28.394769764870432,42.43710800286578,4.3548671170105295e-11,32.124124848300596,52.74848501209573,185.65,0.0,True,True,scored_descriptively,published_mass_template_assumptions,False,False
NGC5585,4,0.77,33.7,1.03,30.725655403912864,46.68216717875083,3.9733885929748755e-11,35.36698714983068,57.984530376435465,148.52,0.0,True,True,scored_descriptively,published_mass_template_assumptions,False,False
NGC5585,5,0.94,35.7,2.24,32.61462478704914,50.28094789110262,3.667299458401278e-11,38.12261847479157,62.41508370852303,129.01,0.0,True,True,scored_descriptively,published_mass_template_assumptions,False,False
NGC5585,6,1.11,37.8,3.35,34.23508799462913,53.45771941600754,3.4219162246616985e-11,40.55924785134185,66.32093399670808,100.97,0.0,True,True,scored_descriptively,published_mass_template_assumptions,False,False
NGC5585,7,1.28,41.8,3.35,34.94540599277679,55.61180767115684,3.091858898261464e-11,42.23385462307895,68.93921485036306,87.29,0.0,True,True,scored_descriptively,published_mass_template_assumptions,False,False
NGC5585,8,1.46,43.9,2.14,35.85899259600024,57.93762736338339,2.8542549841456913e-11,44.02745677931863,71.78481600442838,78.88,0.0,True,True,scored_descriptively,published_mass_template_assumptions,False,False
NGC5585,9,1.63,44.9,1.25,36.66844147219786,59.99396938254874,2.673294182081559e-11,45.607556281635496,74.30735361687539,68.73,0.0,True,True,scored_descriptively,published_mass_template_assumptions,False,False
NGC5585,10,2.05,53.2,1.6,38.564540059489886,64.69042505543486,2.351104355009651e-11,49.212939318885155,80.07333880004174,54.74,0.0,True,True,scored_descriptively,published_mass_template_assumptions,False,False
NGC5585,11,2.74,64.3,0.9,41.1296553596064,71.23277956677256,2.000824666371748e-11,54.35951729448819,87.96492729362502,33.95,0.0,True,True,scored_descriptively,published_mass_template_assumptions,False,False
NGC5585,12,3.42,73.1,2.4,41.84232366874478,75.26422372424464,1.6590326685416285e-11,57.58823473155279,92.75454173038956,23.05,0.0,True,True,scored_descriptively,published_mass_template_assumptions,False,False
NGC5585,13,4.11,76.2,4.4,43.854825276131244,80.35239278408334,1.5164999593851408e-11,61.691712748868014,98.77721697925817,15.08,0.0,True,True,scored_descriptively,published_mass_template_assumptions,False,False
NGC5585,14,4.79,78.4,3.8,44.82479893987256,84.0134999481598,1.3594105680866676e-11,64.85991049617715,102.85528787962059,8.6,0.0,True,True,scored_descriptively,published_mass_template_assumptions,False,False
NGC5585,15,5.48,83.1,3.1,44.523800376877084,86.08421729225837,1.1723393706351602e-11,66.82139192929472,104.953251190817,3.37,0.0,True,True,scored_descriptively,published_mass_template_assumptions,False,False
NGC5585,16,6.16,88.0,3.0,44.33203356490654,88.03267471459701,1.0339607416071852e-11,68.7042302654104,106.87749888267807,1.42,0.0,True,True,scored_descriptively,published_mass_template_assumptions,False,False
NGC5585,17,6.85,89.9,2.4,43.281010847714725,88.84239360007503,8.862447469717619e-12,69.62203104616118,107.5055029588914,0.0,0.0,True,True,scored_descriptively,published_mass_template_assumptions,False,False
NGC5585,18,7.53,90.6,2.8,42.55065393152025,89.82098628596341,7.792323180417932e-12,70.69699771690165,108.30358855668399,0.0,0.0,True,True,scored_descriptively,published_mass_template_assumptions,False,False
NGC5585,19,8.21,91.6,2.6,42.664445970854935,91.67556410864235,7.18519432821996e-12,72.43959842663854,110.18111175670903,0.0,0.0,True,True,scored_descriptively,published_mass_template_assumptions,False,False
NGC5585,20,8.9,92.3,1.4,42.49009825830013,93.1063675327394,6.5740790042110695e-12,73.76726290326128,111.64724825527935,0.0,0.0,True,True,scored_descriptively,published_mass_template_assumptions,False,False
NGC5585,21,9.57,90.9,1.0,41.94173816140671,93.93449615772951,5.957037942933024e-12,74.54603175837765,112.4807504464324,0.0,0.0,True,True,scored_descriptively,published_mass_template_assumptions,False,False
NGC5585,22,10.31,89.6,2.7,41.5432178580331,95.00345109958192,5.424891489889825e-12,75.520318233085,113.59615240736123,0.0,0.0,True,True,scored_descriptively,published_mass_template_assumptions,False,False
NGC5585,23,10.96,89.4,2.7,40.78305530486896,95.33851133947739,4.918112028367645e-12,75.84804540023579,113.91572369592697,0.0,0.0,True,True,scored_descriptively,published_mass_template_assumptions,False,False
NGC5907,0,5.03,214.0,6.0,126.46604781521403,164.3738294752974,1.0304557880991823e-10,147.73504263066334,180.11248478929235,374.65,0.0,True,False,inclination,published_mass_template_assumptions,False,False
NGC5907,1,7.55,220.0,6.0,146.66101748590182,193.73009822006318,9.232767312913274e-11,174.2967616391042,212.09429214918381,244.19,0.0,True,False,inclination,published_mass_template_assumptions,False,False
NGC5907,2,10.07,235.0,4.0,160.5556657362175,215.55677737712108,8.296047989097745e-11,194.12032956168727,235.79443725716231,167.7,0.0,True,False,inclination,published_mass_template_assumptions,False,False
NGC5907,3,12.58,235.0,4.0,165.48979711752625,227.91579583135197,7.055231371939912e-11,205.71509309887438,248.8612021179014,90.71,0.0,True,False,inclination,published_mass_template_assumptions,False,False
NGC5907,4,15.1,230.0,2.0,160.7081856969333,230.3227350589768,5.543046270247329e-11,208.5004751245533,250.88711473864765,54.89,0.0,True,False,inclination,published_mass_template_assumptions,False,False
NGC5907,5,17.61,231.0,2.0,156.73541798202473,232.6986818874232,4.5208947000381315e-11,211.2324586272896,252.91781401179398,36.13,0.0,True,False,inclination,published_mass_template_assumptions,False,False
NGC5907,6,20.13,232.0,2.0,153.661250971089,235.34520751027105,3.801319809883539e-11,214.4771880931576,255.02940164962396,21.37,0.0,True,False,inclination,published_mass_template_assumptions,False,False
NGC5907,7,22.65,225.0,7.0,150.19248017127887,237.0935440674617,3.227584538838831e-11,217.12614154408672,255.9811087770509,12.2,0.0,True,False,inclination,published_mass_template_assumptions,False,False
NGC5907,8,25.16,224.0,7.0,141.6895341936023,233.31291465660397,2.585915701102424e-11,213.8433667473229,251.69473759750952,7.37,0.0,True,False,inclination,published_mass_template_assumptions,False,False
NGC5907,9,27.68,229.0,2.0,137.05893057367695,232.94965611391623,2.1993687329283417e-11,214.19123148054845,250.68741153089476,4.72,0.0,True,False,inclination,published_mass_template_assumptions,False,False
NGC5907,10,30.2,218.0,2.0,135.9406033898629,235.85659022490586,1.983083031000236e-11,217.96298073772073,252.84892490054048,3.15,0.0,True,False,inclination,published_mass_template_assumptions,False,False
NGC5907,11,32.71,214.0,2.0,130.19747635803083,233.60888633813738,1.67947693267265e-11,216.0429753822784,250.27661283925258,2.08,0.0,True,False,inclination,published_mass_template_assumptions,False,False
NGC5907,12,35.23,213.0,2.0,127.72858744227933,234.53313980955375,1.5007661660906526e-11,217.50302635833415,250.7238504119,1.3,0.0,True,False,inclination,published_mass_template_assumptions,False,False
NGC5907,13,37.75,211.0,2.0,122.46015086549582,232.14813446073958,1.2874254174100544e-11,215.35551405455755,248.0982251386838,0.8,0.0,True,False,inclination,published_mass_template_assumptions,False,False
NGC5907,14,40.26,217.0,2.0,119.73971897411484,232.27812152757062,1.1541231523241755e-11,215.87467194653792,247.87608334584277,0.5,0.0,True,False,inclination,published_mass_template_assumptions,False,False
NGC5907,15,42.78,216.0,3.0,115.40623055104088,230.37262477595092,1.0089442899690067e-11,214.1533637363922,245.78445230601727,0.31,0.0,True,False,inclination,published_mass_template_assumptions,False,False
NGC5907,16,45.29,215.0,3.0,112.60664345410532,229.9733729631159,9.073506627460707e-12,214.019166725822,245.14046959565292,0.2,0.0,True,False,inclination,published_mass_template_assumptions,False,False
NGC5907,17,47.81,217.0,5.0,109.90549440314619,229.51079507121977,8.187843245105582e-12,213.7726380032659,244.4765177893811,0.12,0.0,True,False,inclination,published_mass_template_assumptions,False,False
NGC5907,18,50.33,214.0,5.0,109.03524246774525,231.0593555639389,7.655195948743595e-12,215.63926964048449,245.74717049288188,0.0,0.0,True,False,inclination,published_mass_template_assumptions,False,False
NGC5985,0,3.54,223.0,8.0,124.49644713806093,154.83481374670993,1.4189271815201017e-10,121.04549825955552,188.9536219401933,339.07,0.95,True,True,scored_descriptively,published_mass_template_assumptions,False,False
NGC5985,1,4.23,230.0,6.13,122.11915766987585,156.4030182233372,1.1425538747844775e-10,122.50842267637293,190.54823319667403,298.47,0.1,True,True,scored_descriptively,published_mass_template_assumptions,False,False
NGC5985,2,4.97,248.0,5.1,121.01920310430076,159.0569792984314,9.549962004691796e-11,124.77006090084076,193.53135073744127,286.51,0.01,True,True,scored_descriptively,published_mass_template_assumptions,False,False
NGC5985,3,5.74,258.0,6.6,123.28650931874095,164.6637380460356,8.581608050609927e-11,129.27228113927825,200.20876467817868,272.43,0.0,True,True,scored_descriptively,published_mass_template_assumptions,False,False
NGC5985,4,6.47,263.0,7.0,126.65588569032235,170.88646959376197,8.03518585612157e-11,134.22434181106135,207.68230955418508,259.83,0.0,True,True,scored_descriptively,published_mass_template_assumptions,False,False
NGC5985,5,7.22,272.0,6.25,131.84527553158665,178.70455406029623,7.802636976356822e-11,140.40287410730133,217.1336588280496,245.34,0.0,True,True,scored_descriptively,published_mass_template_assumptions,False,False
NGC5985,6,8.02,287.0,4.01,136.39560304496624,185.95748150910498,7.517541375487098e-11,146.14875988957112,225.88269728531793,221.13,0.0,True,True,scored_descriptively,published_mass_template_assumptions,False,False
NGC5985,7,8.79,289.0,7.25,140.5493855553983,192.58595367631833,7.28313705028671e-11,151.40306393972733,233.87515828474187,206.96,0.0,True,True,scored_descriptively,published_mass_template_assumptions,False,False
NGC5985,8,9.5,292.0,6.93,145.02500842958085,199.19422654364206,7.1748305431167e-11,156.63127704573253,241.85933983474533,195.87,0.0,True,True,scored_descriptively,published_mass_template_assumptions,False,False
NGC5985,9,10.27,302.0,10.4,151.09940344025188,207.4006707875139,7.204511029529189e-11,163.1061105699899,251.8015222829035,182.8,0.0,True,True,scored_descriptively,published_mass_template_assumptions,False,False
NGC5985,10,11.08,302.0,10.3,156.63023628916608,215.13029739774674,7.175644270111394e-11,169.23347078283643,261.1322244938562,157.0,0.0,True,True,scored_descriptively,published_mass_template_assumptions,False,False
NGC5985,11,11.82,304.0,10.4,159.48695093956746,220.057750552756,6.97400555324114e-11,173.21029700229076,266.99409357011444,137.98,0.0,True,True,scored_descriptively,published_mass_template_assumptions,False,False
NGC5985,12,12.56,303.0,10.4,161.5407326961222,224.16090865392107,6.733237168236479e-11,176.55834523891264,271.8313815756057,121.99,0.0,True,True,scored_descriptively,published_mass_template_assumptions,False,False
NGC5985,13,13.39,305.0,10.1,163.46500414461806,228.32713183157708,6.467232248132337e-11,179.97976812419623,276.7173002019353,107.78,0.0,True,True,scored_descriptively,published_mass_template_assumptions,False,False
NGC5985,14,14.1,300.0,8.78,164.92357906012106,231.65265910733248,6.251667103549187e-11,182.72147169084724,280.60487831809917,94.35,0.0,True,True,scored_descriptively,published_mass_template_assumptions,False,False
NGC5985,15,14.93,295.0,9.72,164.99602358844894,233.93369438634193,5.90930767612453e-11,184.68933142976306,283.164602191597,78.95,0.0,True,True,scored_descriptively,published_mass_template_assumptions,False,False
NGC5985,16,15.64,294.0,5.32,164.41412916778165,235.2169287491727,5.601327671076373e-11,185.84997002430896,284.538665690767,70.86,0.0,True,True,scored_descriptively,published_mass_template_assumptions,False,False
NGC5985,17,16.35,290.0,5.32,164.3343736106357,236.9230302829005,5.352892544234821e-11,187.31440179884734,286.4601043599272,65.3,0.0,True,True,scored_descriptively,published_mass_template_assumptions,False,False
NGC5985,18,17.18,291.0,4.03,164.26418319280683,238.8790346850233,5.089932842930228e-11,188.98373616718632,288.67399270841867,55.24,0.0,True,True,scored_descriptively,published_mass_template_assumptions,False,False
NGC5985,19,17.89,286.0,3.25,163.01743796293698,239.37026839891894,4.8140128021671425e-11,189.5114795835242,289.09748138769424,45.95,0.0,True,True,scored_descriptively,published_mass_template_assumptions,False,False
NGC5985,20,18.72,287.0,3.61,160.55687113916986,238.91873433741176,4.4627381227913383e-11,189.33451379273637,288.33089217968615,40.15,0.0,True,True,scored_descriptively,published_mass_template_assumptions,False,False
NGC5985,21,19.44,294.0,3.35,158.85122652973126,238.88135559490505,4.206630236437048e-11,189.4545094774259,288.1043541128187,37.57,0.0,True,True,scored_descriptively,published_mass_template_assumptions,False,False
NGC5985,22,20.26,290.0,3.75,157.80421325173802,239.64701914597484,3.9833383954000294e-11,190.2175738340662,288.84171588540465,34.32,0.0,True,True,scored_descriptively,published_mass_template_assumptions,False,False
NGC5985,23,20.98,288.0,3.04,156.90342580708682,240.29328237708728,3.802846738731078e-11,190.87510721976042,289.449780167587,31.09,0.0,True,True,scored_descriptively,published_mass_template_assumptions,False,False
NGC5985,24,21.69,290.0,6.4,155.81280348546457,240.69450522951595,3.627406160709211e-11,191.33634040206107,289.76442466475004,28.12,0.0,True,True,scored_descriptively,published_mass_template_assumptions,False,False
NGC5985,25,22.52,294.0,4.19,154.55287726212023,241.13015116354106,3.4374410403066675e-11,191.84926037489004,290.09256026630015,25.48,0.0,True,True,scored_descriptively,published_mass_template_assumptions,False,False
NGC5985,26,23.23,297.0,4.12,153.50732953185005,241.49515272064798,3.2874448678038385e-11,192.27552661119333,290.3716357870984,23.71,0.0,True,True,scored_descriptively,published_mass_template_assumptions,False,False
NGC5985,27,24.06,293.0,5.15,152.5979702355179,242.18782119098543,3.1365437210435265e-11,192.96150984587345,291.04545517510957,22.0,0.0,True,True,scored_descriptively,published_mass_template_assumptions,False,False
NGC5985,28,24.77,291.0,6.21,151.90444799280894,242.83033057705788,3.019009154242462e-11,193.57931907038082,291.69219290101455,20.53,0.0,True,True,scored_descriptively,published_mass_template_assumptions,False,False
NGC5985,29,25.95,297.0,4.0,150.9842496090238,244.06610661035168,2.846920779700657e-11,194.69760316505915,293.0161014871701,18.46,0.0,True,True,scored_descriptively,published_mass_template_assumptions,False,False
NGC5985,30,28.92,292.0,4.0,147.12193249138622,245.29140970039396,2.4255264107218607e-11,195.79793150704816,294.3096679439413,10.08,0.0,True,True,scored_descriptively,published_mass_template_assumptions,False,False
NGC5985,31,31.76,288.0,4.0,141.84427387103085,244.40129369478032,2.053017152500867e-11,195.48780823544453,292.7682343411652,6.27,0.0,True,True,scored_descriptively,published_mass_template_assumptions,False,False
NGC5985,32,34.72,285.0,4.0,139.30841600563838,246.14411556516254,1.8114420563446083e-11,197.17070745262365,294.51521245839143,3.62,0.0,True,True,scored_descriptively,published_mass_template_assumptions,False,False
NGC6015,0,0.34,35.5,2.1,29.590328656505317,39.69043438143581,8.34584117098627e-11,30.115568501270545,49.1956802364021,934.63,0.0,True,True,scored_descriptively,published_mass_template_assumptions,False,False
NGC6015,1,0.67,62.4,4.2,43.86617033660449,57.874710485248066,9.307522472569828e-11,43.86471051999915,71.80166373545133,735.05,0.0,True,True,scored_descriptively,published_mass_template_assumptions,False,False
NGC6015,2,1.0,90.7,3.8,56.62931749544577,73.5130107849472,1.039278899142163e-10,55.65693816156658,91.28733542843727,565.71,0.0,True,True,scored_descriptively,published_mass_template_assumptions,False,False
NGC6015,3,1.32,104.0,2.0,61.02734551002525,80.73040328272718,9.143752948813201e-11,61.18265775434459,100.16035046655335,426.63,0.0,True,True,scored_descriptively,published_mass_template_assumptions,False,False
NGC6015,4,1.65,105.0,2.4,64.76097242938836,87.04104873877678,8.237439411582032e-11,66.01744745338686,107.91347715271343,379.56,0.0,True,True,scored_descriptively,published_mass_template_assumptions,False,False
NGC6015,5,1.98,108.0,2.0,68.80769797050327,93.36312725734905,7.749225897640828e-11,70.84429529436323,115.70489073146574,356.73,0.0,True,True,scored_descriptively,published_mass_template_assumptions,False,False
NGC6015,6,2.31,116.0,2.3,73.72706185655305,100.29052424165279,7.62590391072476e-11,76.11055679776618,124.27599300923585,324.56,0.0,True,True,scored_descriptively,published_mass_template_assumptions,False,False
NGC6015,7,2.63,130.0,3.3,78.89763272747795,107.22569764666778,7.670464276554518e-11,81.37447266716741,132.87001751956046,313.54,0.0,True,True,scored_descriptively,published_mass_template_assumptions,False,False
NGC6015,8,2.96,141.0,2.2,85.05832881029346,115.01770344460948,7.921208320351798e-11,87.2750629278909,142.5469786231468,291.35,0.0,True,True,scored_descriptively,published_mass_template_assumptions,False,False
NGC6015,9,3.28,146.0,1.6,91.05665983331477,122.48758001198468,8.192171617833291e-11,92.93122331303022,151.8259590753348,267.64,0.0,True,True,scored_descriptively,published_mass_template_assumptions,False,False
NGC6015,10,3.61,150.0,1.4,96.76321434305497,129.64960254099233,8.405485940805974e-11,98.36148994888991,160.71362126240373,237.08,0.0,True,True,scored_descriptively,published_mass_template_assumptions,False,False
NGC6015,11,3.94,152.0,1.1,101.37469679362795,135.71091182620523,8.453029205705112e-11,102.97711290590001,168.20914793861309,203.58,0.0,True,True,scored_descriptively,published_mass_template_assumptions,False,False
NGC6015,12,4.27,155.0,1.3,104.7441387381652,140.54582334548985,8.326855725818357e-11,106.68500590412404,174.15331188639095,167.76,0.0,True,True,scored_descriptively,published_mass_template_assumptions,False,False
NGC6015,13,4.6,152.0,1.8,106.15068558422031,143.4905278240034,7.938477715339306e-11,108.99529215061378,177.7041651116323,135.4,0.0,True,True,scored_descriptively,published_mass_template_assumptions,False,False
NGC6015,14,4.94,150.0,2.4,106.25711340893842,145.20792523566251,7.406934994181359e-11,110.40349339862638,179.6948843675376,108.33,0.0,True,True,scored_descriptively,published_mass_template_assumptions,False,False
NGC6015,15,5.3,147.0,5.5,105.11967037619551,145.78592097607662,6.756807808572665e-11,110.9752607992782,180.23594735728128,88.44,0.0,True,True,scored_descriptively,published_mass_template_assumptions,False,False
NGC6015,16,5.63,145.0,3.8,104.07386367383504,146.2479270682468,6.234827114672762e-11,111.45423497384706,180.6420940624456,80.36,0.0,True,True,scored_descriptively,published_mass_template_assumptions,False,False
NGC6015,17,5.96,152.0,4.1,104.26372379691797,147.81900795241248,5.91111840275195e-11,112.75322250793978,182.45374139514269,73.42,0.0,True,True,scored_descriptively,published_mass_template_assumptions,False,False
NGC6015,18,6.27,149.0,1.4,104.25691871525841,149.07826711648107,5.618128710460909e-11,113.81795671809735,183.87702491600874,63.15,0.0,True,True,scored_descriptively,published_mass_template_assumptions,False,False
NGC6015,19,8.24,149.0,4.0,100.67719130965067,152.87045696758477,3.986432596046648e-11,117.42453985797964,187.66513260232554,23.82,0.0,True,True,scored_descriptively,published_mass_template_assumptions,False,False
NGC6015,20,10.3,146.0,4.0,94.88683839184442,153.52973414228308,2.832853936499198e-11,118.7937576783554,187.4208786365564,11.23,0.0,True,True,scored_descriptively,published_mass_template_assumptions,False,False
NGC6015,21,11.13,149.0,3.2,93.69745780969727,154.63145024363408,2.5562887342756785e-11,119.98969940834472,188.35231218452915,8.66,0.0,True,True,scored_descriptively,published_mass_template_assumptions,False,False
NGC6015,22,11.95,152.0,2.8,92.96680778643525,156.04194550559174,2.343890868462203e-11,121.4233143798127,189.66316989229912,5.98,0.0,True,True,scored_descriptively,published_mass_template_assumptions,False,False
NGC6015,23,12.72,153.0,2.4,91.75783427043164,156.72774369763428,2.1451054806284375e-11,122.28112263118481,190.1053382956016,3.85,0.0,True,True,scored_descriptively,published_mass_template_assumptions,False,False
NGC6015,24,13.58,156.0,2.2,90.0434525659695,156.99783218816927,1.9348796756372187e-11,122.78292990913997,190.07775751748483,2.84,0.0,True,True,scored_descriptively,published_mass_template_assumptions,False,False
NGC6015,25,14.43,158.0,2.8,88.31650978158048,157.11040006373744,1.75172899670173e-11,123.08596192676805,189.94895002503236,2.01,0.0,True,True,scored_descriptively,published_mass_template_assumptions,False,False
NGC6015,26,15.29,158.0,3.1,86.52984225109856,157.06786065605064,1.5869885497962116e-11,123.2308339190908,189.67627032792566,1.41,0.0,True,True,scored_descriptively,published_mass_template_assumptions,False,False
NGC6015,27,16.02,159.0,3.8,84.96037694125421,156.88866005408497,1.460225082660903e-11,123.21797350326983,189.30030617924118,0.96,0.0,True,True,scored_descriptively,published_mass_template_assumptions,False,False
NGC6015,28,16.88,161.0,3.6,82.9713932629795,156.42635123553316,1.3217027031394477e-11,122.9810442924898,188.5837056037163,0.61,0.0,True,True,scored_descriptively,published_mass_template_assumptions,False,False
NGC6015,29,17.73,163.0,4.0,81.10114425826555,155.97245840271148,1.2022497145494919e-11,122.72935226393835,187.9035590419664,0.44,0.0,True,True,scored_descriptively,published_mass_template_assumptions,False,False
NGC6015,30,18.59,162.0,4.8,79.23903204860595,155.44983103631708,1.0945822178279764e-11,122.39907517732426,187.17035676005537,0.3,0.0,True,True,scored_descriptively,published_mass_template_assumptions,False,False
NGC6015,31,19.32,164.0,5.7,77.89549987001817,155.20317730838494,1.0178108352741848e-11,122.28320113385752,186.77462389033113,0.22,0.0,True,True,scored_descriptively,published_mass_template_assumptions,False,False
NGC6015,32,20.18,165.0,7.0,76.57188811829052,155.13611245968002,9.416012038647571e-12,122.33747596882262,186.56043583155346,0.15,0.0,True,True,scored_descriptively,published_mass_template_assumptions,False,False
NGC6015,33,21.04,166.0,6.3,75.15542295802746,154.88931404363467,8.700102430546527e-12,122.21771477001451,186.1689629654674,0.1,0.0,True,True,scored_descriptively,published_mass_template_assumptions,False,False
NGC6015,34,21.89,163.0,7.0,73.7519748888123,154.57143474194802,8.052875807674968e-12,122.02570860682346,185.71177341227124,0.07,0.0,True,True,scored_descriptively,published_mass_template_assumptions,False,False
NGC6015,35,22.63,159.0,8.5,72.761465075959,154.51631706499828,7.581720517091682e-12,122.04877467194503,185.56214693135678,0.05,0.0,True,True,scored_descriptively,published_mass_template_assumptions,False,False
NGC6015,36,23.48,155.0,9.1,71.70851134976935,154.50154030992383,7.097293669724163e-12,122.11142356681884,185.45141822926783,0.04,0.0,True,True,scored_descriptively,published_mass_template_assumptions,False,False
NGC6015,37,24.34,154.0,8.0,70.56970773639353,154.34265080870733,6.630793735669885e-12,122.0390642269945,185.1931597086755,0.03,0.0,True,True,scored_descriptively,published_mass_template_assumptions,False,False
NGC6015,38,25.19,149.0,5.4,69.70327789996679,154.45177631919586,6.250686118441082e-12,122.19944566255919,185.23181815171344,0.02,0.0,True,True,scored_descriptively,published_mass_template_assumptions,False,False
NGC6015,39,25.93,153.0,3.1,70.34857354630583,156.24579460651472,6.1852538659929534e-12,123.84676070474212,187.10612273427623,0.01,0.0,True,True,scored_descriptively,published_mass_template_assumptions,False,False
NGC6015,40,26.78,156.0,3.0,67.06739595362265,153.2575630926868,5.443293732510626e-12,121.23854278874664,183.81296863908028,0.01,0.0,True,True,scored_descriptively,published_mass_template_assumptions,False,False
NGC6015,41,27.64,151.0,9.4,65.19701258493367,151.95672185346697,4.983871181268947e-12,120.1261303254988,182.3493471920301,0.01,0.0,True,True,scored_descriptively,published_mass_template_assumptions,False,False
NGC6015,42,28.37,158.0,7.7,63.74933764361791,150.97553755581163,4.6423884022546684e-12,119.28616389568514,181.2460208999148,0.0,0.0,True,True,scored_descriptively,published_mass_template_assumptions,False,False
NGC6015,43,29.23,152.0,3.4,62.49347805971435,150.34912074809282,4.330021285020627e-12,118.77100303948383,180.51528467152107,0.0,0.0,True,True,scored_descriptively,published_mass_template_assumptions,False,False
NGC6195,0,1.33,175.0,13.6,201.65818654346765,212.38173679944035,9.90899315875213e-10,173.02942173634418,252.47156473407387,581.62,2991.9,True,True,scored_descriptively,published_mass_template_assumptions,False,False
NGC6195,1,2.34,237.0,3.65,224.43783611503653,240.6433655120166,6.976309556488322e-10,196.64136258125424,285.4301226509874,514.34,1233.0,True,True,scored_descriptively,published_mass_template_assumptions,False,False
NGC6195,2,3.33,247.0,3.81,230.2013408301524,251.620937686349,5.15728247253088e-10,206.20591263308017,297.79287128349483,455.95,695.85,True,True,scored_descriptively,published_mass_template_assumptions,False,False
NGC6195,3,4.34,242.0,3.56,233.51286416384,259.82406983513573,4.0717522659186304e-10,213.44216907699132,306.92362125813474,403.21,384.39,True,True,scored_descriptively,published_mass_template_assumptions,False,False
NGC6195,4,5.35,240.0,4.2,233.75770152018524,264.7400829453522,3.309996460472963e-10,217.95600374585428,312.1894853268982,356.56,251.03,True,True,scored_descriptively,published_mass_template_assumptions,False,False
NGC6195,5,6.34,233.0,4.59,235.58089381356882,270.6993717296108,2.836875830936951e-10,223.23004726131705,318.79388542742527,316.08,149.16,True,True,scored_descriptively,published_mass_template_assumptions,False,False
NGC6195,6,7.34,233.0,4.63,235.76683880478188,274.910672549825,2.4542502039786275e-10,227.05540144571222,323.3449300967294,279.86,69.12,True,True,scored_descriptively,published_mass_template_assumptions,False,False
NGC6195,7,8.32,247.0,6.41,233.5624285496278,276.6142394169571,2.1248686701160213e-10,228.8158613978088,324.93652380694687,230.3,32.44,True,True,scored_descriptively,published_mass_template_assumptions,False,False
NGC6195,8,9.34,248.0,7.64,229.92881202667922,276.95491238870085,1.834380265102564e-10,229.54694960649812,324.8259580110622,211.43,14.68,True,True,scored_descriptively,published_mass_template_assumptions,False,False
NGC6195,9,10.38,242.0,9.05,228.19731304290153,278.92639920946476,1.625822592026845e-10,231.632332591779,326.635745339154,188.77,6.55,True,True,scored_descriptively,published_mass_template_assumptions,False,False
NGC6195,10,11.36,252.0,12.5,226.12240638645252,280.2180654920947,1.4586742637888988e-10,233.16937357058353,327.6380858694742,161.01,3.07,True,True,scored_descriptively,published_mass_template_assumptions,False,False
NGC6195,11,12.34,245.0,8.72,223.64978274078425,281.0040015772572,1.3136245501710467e-10,234.31982681624234,328.0166528825546,145.9,1.44,True,True,scored_descriptively,published_mass_template_assumptions,False,False
NGC6195,12,13.32,247.0,4.44,222.94448811307268,283.287329560375,1.209312966069799e-10,236.68503867101822,330.1864714807424,140.98,0.68,True,True,scored_descriptively,published_mass_template_assumptions,False,False
NGC6195,13,14.3,238.0,9.29,223.72404928840348,286.82367976861764,1.1343282803589428e-10,240.0237639552372,333.8975666545531,132.1,0.32,True,True,scored_descriptively,published_mass_template_assumptions,False,False
NGC6195,14,15.47,249.0,9.98,225.58832620505873,291.77432521586616,1.0660863553525229e-10,244.55706035472892,339.2442558031029,115.4,0.13,True,True,scored_descriptively,published_mass_template_assumptions,False,False
NGC6195,15,16.35,250.0,6.15,225.5806113565614,294.1111629333175,1.0086377920034405e-10,246.80650526056485,341.64710163042975,99.41,0.06,True,True,scored_descriptively,published_mass_template_assumptions,False,False
NGC6195,16,17.92,253.0,6.96,224.92830920095406,297.5195338852755,9.149548987655069e-11,250.11313471457686,345.1187511160049,84.92,0.02,True,True,scored_descriptively,published_mass_template_assumptions,False,False
NGC6195,17,19.1,258.0,15.4,224.71558828884122,300.2066960968411,8.568059772899881e-11,252.57811801654938,348.0022603612861,72.44,0.01,True,True,scored_descriptively,published_mass_template_assumptions,False,False
NGC6195,18,22.52,254.0,6.51,218.12690613493788,301.8620198264989,6.846987697434599e-11,254.43856173224808,349.3610789743385,36.49,0.0,True,True,scored_descriptively,published_mass_template_assumptions,False,False
NGC6195,19,26.05,256.0,7.73,204.60516239821516,296.3713736828242,5.208047080289836e-11,250.47494556645458,342.23974428604,17.4,0.0,True,True,scored_descriptively,published_mass_template_assumptions,False,False
NGC6195,20,29.48,255.0,8.5,191.06992890038975,289.7723037686452,4.01334652388958e-11,245.3789631912915,334.05042181023947,9.64,0.0,True,True,scored_descriptively,published_mass_template_assumptions,False,False
NGC6195,21,33.0,244.0,5.75,179.96291012316956,284.8720443409623,3.180544890864232e-11,241.6939485393883,327.8682061640711,7.64,0.0,True,True,scored_descriptively,published_mass_template_assumptions,False,False
NGC6195,22,36.43,246.0,4.24,173.85578592615204,284.13114638332644,2.688862415745735e-11,241.75202812545137,326.29041202068464,6.5,0.0,True,True,scored_descriptively,published_mass_template_assumptions,False,False
NGC6503,0,0.76,77.0,10.0,50.16952062756829,64.82634720692955,1.0732867432327776e-10,57.83777563131112,71.56735800996726,834.73,0.0,True,True,scored_descriptively,published_mass_template_assumptions,False,False
NGC6503,1,1.52,100.0,5.0,87.42704873207147,106.83109866222537,1.6296618660644032e-10,94.93209202335268,118.34412390459916,563.29,0.0,True,True,scored_descriptively,published_mass_template_assumptions,False,False
NGC6503,2,2.28,110.0,2.0,101.32898499442298,125.56173393663066,1.4594257092816276e-10,111.7175742013382,138.94828043392826,225.6,0.0,True,True,scored_descriptively,published_mass_template_assumptions,False,False
NGC6503,3,3.04,118.0,2.0,95.85731375330731,125.51517224702235,9.795494836236516e-11,112.17839662044342,138.3798647938282,66.48,0.0,True,True,scored_descriptively,published_mass_template_assumptions,False,False
NGC6503,4,3.79,121.0,2.0,87.27292220385426,121.76227803379884,6.512823077865244e-11,109.26478804321773,133.78436105098896,28.63,0.0,True,True,scored_descriptively,published_mass_template_assumptions,False,False
NGC6503,5,4.55,121.0,2.0,80.23664281361727,118.82640589130898,4.585466829934831e-11,106.99992738730188,130.18095801047912,14.64,0.0,True,True,scored_descriptively,published_mass_template_assumptions,False,False
NGC6503,6,5.31,117.0,2.0,75.0747557438584,117.11468296664947,3.4398760158067546e-11,105.82509858560758,127.94824462517198,8.92,0.0,True,True,scored_descriptively,published_mass_template_assumptions,False,False
NGC6503,7,6.07,116.0,2.0,70.9876837909225,116.00134403187363,2.690461463806694e-11,105.11211799479848,126.44843298570727,6.87,0.0,True,True,scored_descriptively,published_mass_template_assumptions,False,False
NGC6503,8,6.83,116.0,2.0,68.12950682340214,115.7633674342813,2.2024154320687935e-11,105.12592716135416,125.96887777669632,5.31,0.0,True,True,scored_descriptively,published_mass_template_assumptions,False,False
NGC6503,9,7.59,116.0,2.0,65.6337397989784,115.61055366796974,1.839339853170106e-11,105.22442551581925,125.58017288295481,2.98,0.0,True,True,scored_descriptively,published_mass_template_assumptions,False,False
NGC6503,10,8.35,115.0,1.0,63.124205737577405,115.19229961349144,1.546517478041507e-11,105.0783186329435,124.90806215369271,1.95,0.0,True,True,scored_descriptively,published_mass_template_assumptions,False,False
NGC6503,11,9.11,115.0,1.0,61.14453859503725,115.12568494483364,1.329984017350813e-11,105.24312704422006,124.62889541214759,1.74,0.0,True,True,scored_descriptively,published_mass_template_assumptions,False,False
NGC6503,12,9.86,116.0,1.0,59.72364397790878,115.47158167454313,1.1723711850057208e-11,105.74972646302453,124.82926507689193,1.53,0.0,True,True,scored_descriptively,published_mass_template_assumptions,False,False
NGC6503,13,10.64,117.0,1.0,58.30564123650473,115.74527802055279,1.0354496338079094e-11,106.16931840805528,124.97011519716045,0.83,0.0,True,True,scored_descriptively,published_mass_template_assumptions,False,False
NGC6503,14,11.38,117.0,1.0,57.02656749270466,115.95067335081141,9.261080428984343e-12,106.55890335292182,125.00991427596341,0.58,0.0,True,True,scored_descriptively,published_mass_template_assumptions,False,False
NGC6503,15,12.12,118.0,1.0,55.971208670172565,116.3038996683429,8.376762563881368e-12,107.06983434628481,125.22224608236773,0.42,0.0,True,True,scored_descriptively,published_mass_template_assumptions,False,False
NGC6503,16,12.86,117.0,1.0,55.12238837350937,116.8048897935591,7.657103889267924e-12,107.72677637833311,125.58516680455124,0.3,0.0,True,True,scored_descriptively,published_mass_template_assumptions,False,False
NGC6503,17,13.7,116.0,1.0,54.111924748617106,117.21475007829216,6.9265161560100456e-12,108.28228263337118,125.86446986983783,0.2,0.0,True,True,scored_descriptively,published_mass_template_assumptions,False,False
NGC6503,18,14.44,115.0,1.0,52.989629645808996,117.2052170686382,6.301791496878967e-12,108.36550409332038,125.76860905505065,0.14,0.0,True,True,scored_descriptively,published_mass_template_assumptions,False,False
NGC6503,19,15.18,117.0,1.0,51.83584618774926,117.07318337382667,5.73638205113967e-12,108.30962022679911,125.56436793523054,0.1,0.0,True,True,scored_descriptively,published_mass_template_assumptions,False,False
NGC6503,20,15.91,116.0,1.0,50.834084038172655,117.03776049825281,5.263677592110792e-12,108.34659327682292,125.46114601063948,0.07,0.0,True,True,scored_descriptively,published_mass_template_assumptions,False,False
NGC6503,21,16.65,115.0,2.0,50.10778532324094,117.30399790101653,4.887037068024571e-12,108.70029245256572,125.64851242486534,0.05,0.0,True,True,scored_descriptively,published_mass_template_assumptions,False,False
NGC6503,22,17.49,115.0,2.0,49.1675233258703,117.38537801121629,4.479363535530923e-12,108.8605379806939,125.6570972194703,0.03,0.0,True,True,scored_descriptively,published_mass_template_assumptions,False,False
NGC6503,23,18.23,115.0,2.0,48.226076452475375,117.24520733888716,4.1345347525469385e-12,108.76593070312906,125.47287882975102,0.02,0.0,True,True,scored_descriptively,published_mass_template_assumptions,False,False
NGC6503,24,18.97,114.0,2.0,47.19842423217114,116.9293217320959,3.8057225441625876e-12,108.482348275602,125.12380405103711,0.02,0.0,True,True,scored_descriptively,published_mass_template_assumptions,False,False
NGC6503,25,19.71,115.0,2.0,46.39607526504801,116.86079719673646,3.5393647322095e-12,108.45787385759547,125.01344636480106,0.01,0.0,True,True,scored_descriptively,published_mass_template_assumptions,False,False
NGC6503,26,20.45,114.0,2.0,45.687338508606516,116.8718471018357,3.307865639362272e-12,108.51313997839017,124.9831741456096,0.01,0.0,True,True,scored_descriptively,published_mass_template_assumptions,False,False
NGC6503,27,21.29,116.0,2.0,44.94587133430611,116.91862148919176,3.075058638345367e-12,108.60835113658378,124.9849576381294,0.01,0.0,True,True,scored_descriptively,published_mass_template_assumptions,False,False
NGC6503,28,22.03,115.0,3.0,44.24352155965887,116.84595192153458,2.8796143707085868e-12,108.56880804602211,124.88057144313755,0.0,0.0,True,True,scored_descriptively,published_mass_template_assumptions,False,False
NGC6503,29,22.76,118.0,4.0,43.58707319836926,116.78610770200308,2.7051578549050927e-12,108.5360562706108,124.79461195499884,0.0,0.0,True,True,scored_descriptively,published_mass_template_assumptions,False,False
NGC6503,30,23.5,115.0,10.0,42.8770760430326,116.62191921530956,2.535314938608726e-12,108.39419705911783,124.60799886721598,0.0,0.0,True,True,scored_descriptively,published_mass_template_assumptions,False,False
NGC6674,0,2.5,206.0,75.0,167.7761259834068,188.3901562204542,3.6489656105152924e-10,141.34846662675463,238.35171442817386,669.71,11.84,True,True,scored_descriptively,published_mass_template_assumptions,False,False
NGC6674,1,7.49,285.0,8.0,175.29707892603346,219.89563656730286,1.3295877207994058e-10,166.74939391844248,275.79470392194105,282.14,0.0,True,True,scored_descriptively,published_mass_template_assumptions,False,False
NGC6674,2,12.54,291.0,7.0,177.58396022726825,239.0729477423728,8.150033462054082e-11,182.12778690357476,298.66780144424615,106.66,0.0,True,True,scored_descriptively,published_mass_template_assumptions,False,False
NGC6674,3,17.45,274.0,5.0,165.88804091916933,241.0707438807931,5.1107446195980094e-11,184.34999756897273,300.16570052784675,40.36,0.0,True,True,scored_descriptively,published_mass_template_assumptions,False,False
NGC6674,4,22.47,266.0,4.0,154.67050614128087,241.14628805287836,3.450336049722683e-11,185.23948435913914,299.1681644795183,19.71,0.0,True,True,scored_descriptively,published_mass_template_assumptions,False,False
NGC6674,5,27.48,255.0,2.0,145.69324373491037,241.4210242861413,2.5032922313961532e-11,186.30360125894006,298.43984670126423,8.34,0.0,True,True,scored_descriptively,published_mass_template_assumptions,False,False
NGC6674,6,32.5,250.0,2.0,136.21085962580221,239.64685334800345,1.8500759659888212e-11,185.70238174583088,295.29425702349016,3.62,0.0,True,True,scored_descriptively,published_mass_template_assumptions,False,False
NGC6674,7,37.51,242.0,2.0,127.95471300425007,237.84508068915017,1.4145391267498064e-11,184.91242273139068,292.32409218512123,1.58,0.0,True,True,scored_descriptively,published_mass_template_assumptions,False,False
NGC6674,8,42.42,237.0,2.0,121.91995849736826,237.31916428977468,1.1356078943107262e-11,185.14524211222923,290.9027216477012,0.7,0.0,True,True,scored_descriptively,published_mass_template_assumptions,False,False
NGC6674,9,47.44,235.0,2.0,116.09638947874305,236.3513494044487,9.207510054543438e-12,184.83629602774414,289.17006459733966,0.3,0.0,True,True,scored_descriptively,published_mass_template_assumptions,False,False
NGC6674,10,52.45,236.0,2.0,109.85132803020635,234.13499646642185,7.456149125916576e-12,183.25526523404685,286.25351311959724,0.13,0.0,True,True,scored_descriptively,published_mass_template_assumptions,False,False
NGC6674,11,57.47,242.0,2.0,106.38583871925812,234.649302575151,6.3822807029023156e-12,184.1010994528498,286.35164762730665,0.06,0.0,True,True,scored_descriptively,published_mass_template_assumptions,False,False
NGC6674,12,62.48,246.0,2.0,102.82698682738885,234.57884626985117,5.484318310404979e-12,184.33364565950833,285.91536463425524,0.03,0.0,True,True,scored_descriptively,published_mass_template_assumptions,False,False
NGC6674,13,67.4,242.0,4.0,98.37293011799538,232.85263400921474,4.653082717659301e-12,182.98369782165977,283.7873809640695,0.01,0.0,True,True,scored_descriptively,published_mass_template_assumptions,False,False
NGC6674,14,72.41,242.0,5.0,93.7978132474313,230.57901121267082,3.937642959056894e-12,181.09343662129285,281.12031728309574,0.0,0.0,True,True,scored_descriptively,published_mass_template_assumptions,False,False
NGC6789,0,0.1,13.9,3.84,6.072248348017396,11.69307535945352,1.1949466211625051e-11,9.345020355720015,14.049850452458367,126.29,0.0,True,False,insufficient_valid_radii,published_mass_template_assumptions,False,False
NGC6789,1,0.3,29.9,3.92,14.441336503246506,24.42871445665646,2.2529055017601973e-11,19.578831597784653,29.299953002684582,62.07,0.0,True,False,insufficient_valid_radii,published_mass_template_assumptions,False,False
NGC6789,2,0.51,46.7,4.1,18.19992719765659,31.203712457129896,2.1048375368047735e-11,25.160429938703707,37.24853026784153,30.5,0.0,True,False,insufficient_valid_radii,published_mass_template_assumptions,False,False
NGC6789,3,0.71,60.4,9.4,19.215497651635257,34.45309871340587,1.6853665848038613e-11,27.821046664035144,41.07598089897949,16.58,0.0,True,False,insufficient_valid_radii,published_mass_template_assumptions,False,False
NGC6946,0,0.19,153.0,8.0,195.84783846139325,197.6042985015318,6.542344653053072e-09,141.41046082018053,257.3784854497849,1609.94,5052.7,True,True,scored_descriptively,published_mass_template_assumptions,False,False
NGC6946,1,0.56,130.0,9.0,147.7978600318692,154.11452756138846,1.264147411311977e-09,111.05545914138057,199.75654008476008,1346.02,485.78,True,True,scored_descriptively,published_mass_template_assumptions,False,False
NGC6946,2,0.94,128.0,3.0,131.8595839141016,142.68644249649947,5.994390111202488e-10,103.46990946104539,184.07849084567036,1105.63,4.79,True,True,scored_descriptively,published_mass_template_assumptions,False,False
NGC6946,3,1.22,134.0,3.0,127.14982213908127,140.87911634965462,4.294584359628094e-10,102.50550921371328,181.2720917815568,984.97,0.11,True,True,scored_descriptively,published_mass_template_assumptions,False,False
NGC6946,4,1.59,129.0,4.0,126.48103585122948,143.44009424871464,3.2606422967934223e-10,104.6797890104107,184.13421655434902,802.43,0.0,True,True,scored_descriptively,published_mass_template_assumptions,False,False
NGC6946,5,1.96,131.0,7.0,126.23171637904635,146.11925412284836,2.634695066252094e-10,106.87845944885076,187.22867204460388,679.4,0.0,True,True,scored_descriptively,published_mass_template_assumptions,False,False
NGC6946,6,2.34,138.0,8.0,129.45871569732182,151.84694131399507,2.3211124758237379e-10,111.2170276010698,194.3545476424856,641.26,0.0,True,True,scored_descriptively,published_mass_template_assumptions,False,False
NGC6946,7,2.71,139.0,5.0,135.94058157886482,160.30084238082227,2.2099294582430238e-10,117.4671200642912,205.09083102405154,529.81,0.0,True,True,scored_descriptively,published_mass_template_assumptions,False,False
NGC6946,8,2.99,143.0,3.0,136.8080153719072,162.87347640671263,2.0286230322918934e-10,119.45994383304519,208.22726327712923,471.62,0.0,True,True,scored_descriptively,published_mass_template_assumptions,False,False
NGC6946,9,3.37,146.0,2.0,139.30966395049555,167.46027295873643,1.8663025227075294e-10,122.94072840817607,213.9248594043892,404.45,0.0,True,True,scored_descriptively,published_mass_template_assumptions,False,False
NGC6946,10,3.74,154.0,2.0,140.53349308972577,170.6944775814622,1.7113448606111309e-10,125.45930202934571,217.85457432098758,348.88,0.0,True,True,scored_descriptively,published_mass_template_assumptions,False,False
NGC6946,11,4.12,161.0,1.0,141.8531541066324,173.96906586112624,1.5828152732692094e-10,127.99886605573137,221.84792212815506,319.37,0.0,True,True,scored_descriptively,published_mass_template_assumptions,False,False
NGC6946,12,4.4,167.0,2.0,143.7084118971468,177.13265761107718,1.5211118808067164e-10,130.38687046569646,225.79604911960539,300.02,0.0,True,True,scored_descriptively,published_mass_template_assumptions,False,False
NGC6946,13,4.77,173.0,2.0,146.48011407696268,181.53739802334832,1.4577680071571645e-10,133.6960760595371,231.3155964678732,267.87,0.0,True,True,scored_descriptively,published_mass_template_assumptions,False,False
NGC6946,14,5.15,176.0,4.0,149.34012638939342,185.99942026205755,1.4034445385643666e-10,137.08410032041738,236.86438602276337,241.97,0.0,True,True,scored_descriptively,published_mass_template_assumptions,False,False
NGC6946,15,5.52,178.0,5.0,153.5416336047002,191.5816737718468,1.3840847736333744e-10,141.2757513316997,243.87412008560128,207.99,0.0,True,True,scored_descriptively,published_mass_template_assumptions,False,False
NGC6946,16,5.89,180.0,3.0,153.75341345804327,193.43933034109506,1.3007196240384057e-10,142.79328214352648,246.03759685958147,141.7,0.0,True,True,scored_descriptively,published_mass_template_assumptions,False,False
NGC6946,17,6.17,179.0,4.0,151.50685486142203,192.59426292454796,1.2056711146124498e-10,142.32740897334028,244.74454765553617,126.19,0.0,True,True,scored_descriptively,published_mass_template_assumptions,False,False
NGC6946,18,6.55,180.0,5.0,151.08717523337316,193.8179429411762,1.1294405029867854e-10,143.39372803090808,246.08008021452483,123.94,0.0,True,True,scored_descriptively,published_mass_template_assumptions,False,False
NGC6946,19,6.92,181.0,4.0,151.7495701806104,195.94817140599136,1.0784457408435277e-10,145.1392010694154,248.56264241900928,98.46,0.0,True,True,scored_descriptively,published_mass_template_assumptions,False,False
NGC6946,20,7.3,179.0,4.0,150.07539048758127,195.91719566284726,9.998746522113814e-11,145.33050977884443,248.23697996076058,72.51,0.0,True,True,scored_descriptively,published_mass_template_assumptions,False,False
NGC6946,21,7.58,179.0,2.0,147.84157128494002,194.93788066895195,9.344872675309892e-11,144.74204265045756,246.80583530229458,60.13,0.0,True,True,scored_descriptively,published_mass_template_assumptions,False,False
NGC6946,22,7.95,179.0,1.0,144.50052432430826,193.23861702048814,8.51179532499452e-11,143.66473799466047,244.39996233116184,49.35,0.0,True,True,scored_descriptively,published_mass_template_assumptions,False,False
NGC6946,23,8.33,178.0,1.0,141.3512806096924,191.70224924094998,7.7732734962906e-11,142.72388493909503,242.183477795334,46.41,0.0,True,True,scored_descriptively,published_mass_template_assumptions,False,False
NGC6946,24,8.7,177.0,2.0,140.13303150934829,191.88229252033994,7.314947889576462e-11,143.01099808585252,242.20612262841686,46.83,0.0,True,True,scored_descriptively,published_mass_template_assumptions,False,False
NGC6946,25,9.08,176.0,2.0,138.97638299365832,192.1163547002315,6.893592624729378e-11,143.27542520064245,242.374284437671,41.04,0.0,True,True,scored_descriptively,published_mass_template_assumptions,False,False
NGC6946,26,9.36,173.0,3.0,137.74584233289946,191.9097588204005,6.569474093215673e-11,143.15785740267958,242.054939997181,35.55,0.0,True,True,scored_descriptively,published_mass_template_assumptions,False,False
NGC6946,27,9.73,172.0,2.0,135.621046596758,191.13445851027663,6.126194732904428e-11,142.6494714080612,240.9715963519679,30.1,0.0,True,True,scored_descriptively,published_mass_template_assumptions,False,False
NGC6946,28,10.1,172.0,2.0,133.7359289794631,190.54611888833432,5.7388421398501215e-11,142.28896085360725,240.11568702776339,25.97,0.0,True,True,scored_descriptively,published_mass_template_assumptions,False,False
NGC6946,29,10.48,170.0,2.0,131.72302809304074,189.83044346435383,5.365517106694824e-11,141.83522613418526,239.09702331218492,22.33,0.0,True,True,scored_descriptively,published_mass_template_assumptions,False,False
NGC6946,30,10.76,171.0,2.0,130.2686108392962,189.3056584719048,5.111127882461964e-11,141.48740844920889,238.36888089427748,19.9,0.0,True,True,scored_descriptively,published_mass_template_assumptions,False,False
NGC6946,31,11.13,174.0,2.0,128.179818497297,188.42116201308158,4.78402670221947e-11,140.88082504070059,237.17109773657532,17.13,0.0,True,True,scored_descriptively,published_mass_template_assumptions,False,False
NGC6946,32,11.51,174.0,2.0,126.41861275144574,187.84353199384702,4.499830673270583e-11,140.5393578670288,236.3184257055086,14.62,0.0,True,True,scored_descriptively,published_mass_template_assumptions,False,False
NGC6946,33,11.88,175.0,2.0,124.78762090047233,187.3287581057336,4.247917013949524e-11,140.26399752014765,235.5233103803283,12.58,0.0,True,True,scored_descriptively,published_mass_template_assumptions,False,False
NGC6946,34,12.26,174.0,2.0,123.32763976497726,186.9757888741921,4.020497762569868e-11,140.12608838554615,234.91309561243702,10.77,0.0,True,True,scored_descriptively,published_mass_template_assumptions,False,False
NGC6946,35,12.54,173.0,6.0,122.3669311946655,186.8079621396137,3.869724575258401e-11,140.10186015270463,234.57023626988465,9.59,0.0,True,True,scored_descriptively,published_mass_template_assumptions,False,False
NGC6946,36,12.91,173.0,6.0,121.15622092983918,186.61976101597617,3.6848061840413104e-11,140.10002078189154,234.15388717317904,8.27,0.0,True,True,scored_descriptively,published_mass_template_assumptions,False,False
NGC6946,37,13.29,173.0,8.0,120.13660611986673,186.6187315388336,3.519453176306327e-11,140.2728056171309,233.93201892122084,7.06,0.0,True,True,scored_descriptively,published_mass_template_assumptions,False,False
NGC6946,38,13.66,175.0,9.0,119.27685622114626,186.72466899678858,3.3752902371539386e-11,140.5265286542836,233.84445164239511,6.08,0.0,True,True,scored_descriptively,published_mass_template_assumptions,False,False
NGC6946,39,14.03,174.0,9.0,118.32860093823471,186.72134550362398,3.234232545696875e-11,140.67611575232476,233.64637288986046,5.22,0.0,True,True,scored_descriptively,published_mass_template_assumptions,False,False
NGC6946,40,14.31,171.0,9.0,117.65934140560196,186.75208049893973,3.135181207138358e-11,140.81373587294766,233.53908725408397,4.65,0.0,True,True,scored_descriptively,published_mass_template_assumptions,False,False
NGC6946,41,14.69,167.0,8.0,115.96122218224504,185.9889136986247,2.966560617501279e-11,140.28365466492068,232.51830537397882,3.99,0.0,True,True,scored_descriptively,published_mass_template_assumptions,False,False
NGC6946,42,15.06,165.0,7.0,114.04512760306774,184.95500031247616,2.7988392381532506e-11,139.50270518362998,231.21549483898391,3.42,0.0,True,True,scored_descriptively,published_mass_template_assumptions,False,False
NGC6946,43,15.44,163.0,8.0,112.47578414930034,184.2629548580626,2.6553404910153463e-11,139.0189058401594,230.29373539760354,2.94,0.0,True,True,scored_descriptively,published_mass_template_assumptions,False,False
NGC6946,44,15.72,162.0,8.0,111.58092744730168,183.99993883564622,2.5667102613737517e-11,138.8815289873531,229.88445136294266,2.61,0.0,True,True,scored_descriptively,published_mass_template_assumptions,False,False
NGC6946,45,16.09,161.0,9.0,106.59593824344341,179.75829284540495,2.2886254536689073e-11,135.20252721328163,225.13722362293035,2.25,0.0,True,True,scored_descriptively,published_mass_template_assumptions,False,False
NGC6946,46,16.47,159.0,10.0,105.30839273296313,179.26410786010013,2.1821360514967583e-11,134.88582960408485,224.44317165968442,1.93,0.0,True,True,scored_descriptively,published_mass_template_assumptions,False,False
NGC6946,47,16.84,158.0,10.0,104.12989661955878,178.8380218326167,2.0866914763544368e-11,134.61621845208683,223.84017227573858,1.65,0.0,True,True,scored_descriptively,published_mass_template_assumptions,False,False
NGC6946,48,17.21,157.0,10.0,102.97442896175728,178.41466901142908,1.9967669007561502e-11,134.34763514605854,223.2421851580398,1.42,0.0,True,True,scored_descriptively,published_mass_template_assumptions,False,False
NGC6946,49,17.5,157.0,10.0,102.0751753366116,178.07505881569776,1.9295306219191907e-11,134.13087272428996,222.76440727852594,1.26,0.0,True,True,scored_descriptively,published_mass_template_assumptions,False,False
NGC6946,50,17.87,157.0,9.0,100.98455139277493,177.68312282814128,1.8494167357998196e-11,133.88343600026477,222.20941795872963,1.09,0.0,True,True,scored_descriptively,published_mass_template_assumptions,False,False
NGC6946,51,18.24,160.0,11.0,99.95515104285522,177.33630369451836,1.775149687431325e-11,133.66779624110006,221.71392268392296,0.93,0.0,True,True,scored_descriptively,published_mass_template_assumptions,False,False
NGC6946,52,18.62,159.0,12.0,98.92713571108789,176.99180357577023,1.7033372653207372e-11,133.45400382788247,221.2213377330028,0.8,0.0,True,True,scored_descriptively,published_mass_template_assumptions,False,False
NGC6946,53,18.9,160.0,14.0,98.17518102860825,176.73172211110793,1.6526887549109635e-11,133.29149433672222,220.85106615283615,0.71,0.0,True,True,scored_descriptively,published_mass_template_assumptions,False,False
NGC6946,54,19.27,158.0,16.0,97.29629335180246,176.49529696759237,1.5920632996918664e-11,133.15363897210617,220.5011374470711,0.61,0.0,True,True,scored_descriptively,published_mass_template_assumptions,False,False
NGC6946,55,19.65,155.0,18.0,96.48628788589599,176.33519465529335,1.5353878384699033e-11,133.07115090826034,220.24951770610744,0.52,0.0,True,True,scored_descriptively,published_mass_template_assumptions,False,False
NGC6946,56,20.02,157.0,19.0,95.36404238495766,175.8037760087235,1.472158889692601e-11,132.71899040095406,219.52076311557943,0.0,0.0,True,True,scored_descriptively,published_mass_template_assumptions,False,False
NGC6946,57,20.4,154.0,21.0,94.30083255199818,175.33583837327635,1.4127012887625076e-11,132.41297421941852,218.87371055782378,0.0,0.0,True,True,scored_descriptively,published_mass_template_assumptions,False,False
NGC7331,0,2.67,221.0,20.0,251.97887713060393,268.68005644770165,7.706664732051113e-10,228.34004915525634,308.87878313282533,2029.41,0.0,True,True,scored_descriptively,published_mass_template_assumptions,False,False
NGC7331,1,3.21,237.0,13.0,264.4347516496272,283.33529336690407,7.059622527122097e-10,240.9850096374535,325.5334201894493,1695.43,0.0,True,True,scored_descriptively,published_mass_template_assumptions,False,False
NGC7331,2,3.74,249.0,8.0,275.6652313586173,296.5738015206776,6.584788644934971e-10,252.40785117697618,340.57706551696555,1209.56,0.0,True,True,scored_descriptively,published_mass_template_assumptions,False,False
NGC7331,3,4.27,250.0,5.0,275.8196327856304,299.1888856206883,5.773935546583211e-10,254.95371294223511,343.25124662087177,879.42,0.0,True,True,scored_descriptively,published_mass_template_assumptions,False,False
NGC7331,4,4.81,253.0,5.0,273.4442633700696,299.38239859594086,5.037812640293836e-10,255.4714020353387,343.10881270344385,718.98,0.0,True,True,scored_descriptively,published_mass_template_assumptions,False,False
NGC7331,5,5.35,257.0,5.0,274.51298426486136,302.7316142193278,4.5647968532120287e-10,258.60262075157493,346.66390061473976,558.39,0.0,True,True,scored_descriptively,published_mass_template_assumptions,False,False
NGC7331,6,5.88,257.0,5.0,269.34129562694244,300.1318544674753,3.998324319426602e-10,256.75105983105846,343.30127727641127,415.53,0.0,True,True,scored_descriptively,published_mass_template_assumptions,False,False
NGC7331,7,6.41,257.0,5.0,265.180273078523,298.431212883836,3.5552803480305305e-10,255.63418219571716,341.00148159411447,334.62,0.0,True,True,scored_descriptively,published_mass_template_assumptions,False,False
NGC7331,8,7.48,257.0,5.0,254.02275984643583,292.308676223259,2.7957164199617977e-10,251.08123100669076,333.2738551794663,196.95,0.0,True,True,scored_descriptively,published_mass_template_assumptions,False,False
NGC7331,9,8.55,255.0,5.0,238.60471041033537,282.101153179276,2.157949941962647e-10,243.04217478386337,320.85661341575707,125.71,0.0,True,True,scored_descriptively,published_mass_template_assumptions,False,False
NGC7331,10,9.62,248.0,6.0,229.3329927201928,277.3847033665306,1.771770472724687e-10,239.57878682927154,314.85414715655764,108.76,0.0,True,True,scored_descriptively,published_mass_template_assumptions,False,False
NGC7331,11,10.66,247.0,6.0,221.49136014752358,273.6949507322886,1.4914401500910407e-10,236.9495434171259,310.0773087237951,79.7,0.0,True,True,scored_descriptively,published_mass_template_assumptions,False,False
NGC7331,12,11.74,246.0,6.0,213.95827869002872,270.23731155079753,1.2636870893526125e-10,234.5175444476351,305.57166169268703,68.87,0.0,True,True,scored_descriptively,published_mass_template_assumptions,False,False
NGC7331,13,12.83,244.0,6.0,208.71575223255192,268.73511491781045,1.1003560947674699e-10,233.71881463989206,303.3496433798898,55.08,0.0,True,True,scored_descriptively,published_mass_template_assumptions,False,False
NGC7331,14,13.91,242.0,4.0,203.51846518190922,267.0744532931722,9.650058861033407e-11,232.75736092908267,300.9766203544154,43.42,0.0,True,True,scored_descriptively,published_mass_template_assumptions,False,False
NGC7331,15,15.0,238.0,3.0,197.96862685789384,264.95273280924096,8.467416785015705e-11,231.31827450538475,298.1562736900117,35.37,0.0,True,True,scored_descriptively,published_mass_template_assumptions,False,False
NGC7331,16,16.08,236.0,3.0,193.13934407572165,263.31732932724736,7.518044892309716e-11,230.25114939019164,295.9385076116918,30.67,0.0,True,True,scored_descriptively,published_mass_template_assumptions,False,False
NGC7331,17,17.07,233.0,3.0,189.68860661621193,262.60462787216363,6.831222428048433e-11,229.95802071048024,294.79846956667564,27.32,0.0,True,True,scored_descriptively,published_mass_template_assumptions,False,False
NGC7331,18,18.15,234.0,3.0,187.2646016202742,262.9641698463958,6.261583947724989e-11,230.69190074114022,294.78558341089587,23.83,0.0,True,True,scored_descriptively,published_mass_template_assumptions,False,False
NGC7331,19,19.24,236.0,3.0,185.5578518414136,263.9134994983838,5.799667013738373e-11,231.90753281363627,295.4709280241208,19.98,0.0,True,True,scored_descriptively,published_mass_template_assumptions,False,False
NGC7331,20,20.32,237.0,3.0,183.2082060662131,264.13087084163385,5.35322620951306e-11,232.42588147975286,295.3859807053523,14.17,0.0,True,True,scored_descriptively,published_mass_template_assumptions,False,False
NGC7331,21,21.41,238.0,3.0,179.29356494308433,262.7781858979696,4.865888942262696e-11,231.58280401900035,293.5226866766508,9.38,0.0,True,True,scored_descriptively,published_mass_template_assumptions,False,False
NGC7331,22,22.49,240.0,3.0,175.52189236673584,261.4305558077004,4.4393826912545316e-11,230.75653602799684,291.65622986184405,7.57,0.0,True,True,scored_descriptively,published_mass_template_assumptions,False,False
NGC7331,23,23.48,238.0,3.0,172.5171474085982,260.5405343213468,4.107862507151709e-11,230.22661810297373,290.40483093185725,6.48,0.0,True,True,scored_descriptively,published_mass_template_assumptions,False,False
NGC7331,24,24.57,237.0,3.0,168.4120560411279,258.6911649562997,3.741025376461689e-11,228.7118592696282,288.2071766380516,5.34,0.0,True,True,scored_descriptively,published_mass_template_assumptions,False,False
NGC7331,25,25.65,236.0,3.0,164.72852014754457,257.13060426505274,3.428464675684248e-11,227.43402359304184,286.3511084882604,4.39,0.0,True,True,scored_descriptively,published_mass_template_assumptions,False,False
NGC7331,26,26.74,238.0,3.0,161.43043229205577,255.87248511563288,3.158339932601343e-11,226.46343742503078,284.7977235035588,3.53,0.0,True,True,scored_descriptively,published_mass_template_assumptions,False,False
NGC7331,27,27.82,239.0,3.0,158.04190346234128,254.41651599333844,2.9096237466575865e-11,225.2617037728695,283.076525660815,2.83,0.0,True,True,scored_descriptively,published_mass_template_assumptions,False,False
NGC7331,28,28.91,239.0,3.0,154.49986090608624,252.73426908194716,2.67582402439175e-11,223.8062777871134,281.1528270552758,2.28,0.0,True,True,scored_descriptively,published_mass_template_assumptions,False,False
NGC7331,29,29.89,241.0,4.0,151.3289849962657,251.15791956179612,2.482948879092469e-11,222.41253287079996,279.3790903923475,1.87,0.0,True,True,scored_descriptively,published_mass_template_assumptions,False,False
NGC7331,30,30.98,236.0,4.0,148.00584289142103,249.52770744919164,2.291531135603417e-11,220.96882901323343,277.54671067754936,1.51,0.0,True,True,scored_descriptively,published_mass_template_assumptions,False,False
NGC7331,31,32.06,236.0,5.0,145.20414790907319,248.3351069044296,2.1312970410491517e-11,219.9637578538589,276.1570211704638,1.22,0.0,True,True,scored_descriptively,published_mass_template_assumptions,False,False
NGC7331,32,33.15,239.0,5.0,142.88869958817597,247.58948312604375,1.9960052976176158e-11,219.416628190012,275.210269296912,0.98,0.0,True,True,scored_descriptively,published_mass_template_assumptions,False,False
NGC7331,33,34.23,237.0,5.0,140.66870540386728,246.86451714004303,1.873430286210913e-11,218.8588980503847,274.31373741190095,0.79,0.0,True,True,scored_descriptively,published_mass_template_assumptions,False,False
NGC7331,34,35.32,241.0,7.0,138.31511551526103,245.95162257640155,1.755367476359852e-11,218.04996732856978,273.2851084827869,0.0,0.0,True,True,scored_descriptively,published_mass_template_assumptions,False,False
NGC7331,35,36.31,238.0,9.0,135.51705269079608,244.3648746317566,1.639121328486963e-11,216.67977959133268,271.474752511479,0.0,0.0,True,True,scored_descriptively,published_mass_template_assumptions,False,False
NGC7793,0,0.11,9.1,8.5,19.265485978817146,24.827637030165086,1.0934947620471969e-10,18.831676345215694,30.800708938804068,1208.98,0.0,True,True,scored_descriptively,published_mass_template_assumptions,False,False
NGC7793,1,0.14,17.6,7.4,21.159549853434974,27.479099918959644,1.0364163789816978e-10,20.853018441895347,34.0756750504576,1005.64,0.0,True,True,scored_descriptively,published_mass_template_assumptions,False,False
NGC7793,2,0.17,19.3,7.4,22.86293288272526,29.86150309692609,9.964704313346088e-11,22.669010038136793,37.01862748479922,927.7,0.0,True,True,scored_descriptively,published_mass_template_assumptions,False,False
NGC7793,3,0.21,24.8,6.4,25.19552936534575,32.990355433780145,9.796639678070654e-11,25.047887173789846,40.89220236954021,855.59,0.0,True,True,scored_descriptively,published_mass_template_assumptions,False,False
NGC7793,4,0.24,30.0,7.2,26.866108761783867,35.2043559569265,9.746478973390045e-11,26.730347543253522,43.63447495848071,779.54,0.0,True,True,scored_descriptively,published_mass_template_assumptions,False,False
NGC7793,5,0.28,35.0,7.3,28.772112365969935,37.797052653577204,9.581531216602023e-11,28.7040175111497,46.8410669922557,719.48,0.0,True,True,scored_descriptively,published_mass_template_assumptions,False,False
NGC7793,6,0.32,38.3,7.6,30.565053574302794,40.22765587912769,9.461277905415432e-11,30.553948660502375,49.8476841048368,673.21,0.0,True,True,scored_descriptively,published_mass_template_assumptions,False,False
NGC7793,7,0.35,42.7,8.8,31.87106681615788,41.983539337244125,9.405342431041505e-11,31.890031649260834,52.020223955755505,639.89,0.0,True,True,scored_descriptively,published_mass_template_assumptions,False,False
NGC7793,8,0.39,47.0,5.3,33.494985445585726,44.18073242925279,9.322758507119614e-11,33.56228311153715,54.73820701330362,592.88,0.0,True,True,scored_descriptively,published_mass_template_assumptions,False,False
NGC7793,9,0.42,49.8,5.6,34.60385021930363,45.704545627607224,9.239511523316403e-11,34.72353113720987,56.62121597444069,570.71,0.0,True,True,scored_descriptively,published_mass_template_assumptions,False,False
NGC7793,10,0.46,52.2,6.2,36.10109278124417,47.72676304260848,9.1818949462668e-11,36.26260117389002,59.12280675838693,547.08,0.0,True,True,scored_descriptively,published_mass_template_assumptions,False,False
NGC7793,11,0.49,53.4,6.3,37.23880905721879,49.23913856374049,9.171596528967277e-11,37.412956111831384,60.99476555969142,532.24,0.0,True,True,scored_descriptively,published_mass_template_assumptions,False,False
NGC7793,12,0.53,54.6,5.9,38.800516749136214,51.275742654939435,9.205525903303077e-11,38.95982114412565,63.518617775860584,510.29,0.0,True,True,scored_descriptively,published_mass_template_assumptions,False,False
NGC7793,13,0.56,55.5,6.9,39.81709243528462,52.64545604689179,9.174882571691949e-11,40.00245062348362,65.21287458021489,470.53,0.0,True,True,scored_descriptively,published_mass_template_assumptions,False,False
NGC7793,14,0.6,55.9,7.5,40.76917156381768,54.08065371943555,8.977635684567445e-11,41.10160657999803,66.97870127366251,435.19,0.0,True,True,scored_descriptively,published_mass_template_assumptions,False,False
NGC7793,15,0.63,58.3,7.4,41.45362408764763,55.117444904011286,8.839626494095398e-11,41.89619999994414,68.25365622767279,427.73,0.0,True,True,scored_descriptively,published_mass_template_assumptions,False,False
NGC7793,16,0.66,59.3,6.3,42.208825498940385,56.21024458216136,8.748066073251174e-11,42.73161416152994,69.60042823334264,418.4,0.0,True,True,scored_descriptively,published_mass_template_assumptions,False,False
NGC7793,17,0.7,59.5,6.7,43.26767037870193,57.70174852173185,8.667192447127112e-11,43.86969968806955,71.44144079446784,407.7,0.0,True,True,scored_descriptively,published_mass_template_assumptions,False,False
NGC7793,18,0.87,59.1,5.1,46.84075629193021,63.03214446910159,8.172934141415891e-11,47.951333172317,78.00134523403624,332.63,0.0,True,True,scored_descriptively,published_mass_template_assumptions,False,False
NGC7793,19,1.05,62.6,5.5,49.40893492072056,67.33820853755228,7.534789779794416e-11,51.270916695477815,83.27043963709785,278.38,0.0,True,True,scored_descriptively,published_mass_template_assumptions,False,False
NGC7793,20,1.22,65.6,4.8,51.44694160006016,70.89310965595425,7.030864824421323e-11,54.03142607862866,87.59658808442231,246.3,0.0,True,True,scored_descriptively,published_mass_template_assumptions,False,False
NGC7793,21,1.4,70.7,4.6,53.814995586732145,74.72897520278353,6.70390786722692e-11,57.00406546561577,92.27424439386441,231.32,0.0,True,True,scored_descriptively,published_mass_template_assumptions,False,False
NGC7793,22,1.57,73.9,4.0,56.474580122387806,78.65395393954469,6.583484596665826e-11,60.035933624374984,97.0752675049985,213.33,0.0,True,True,scored_descriptively,published_mass_template_assumptions,False,False
NGC7793,23,1.75,78.5,4.2,59.34880074609764,82.78206601079305,6.522818606709137e-11,63.221594571182564,102.12940703001931,201.89,0.0,True,True,scored_descriptively,published_mass_template_assumptions,False,False
NGC7793,24,1.92,82.4,4.6,62.9754217929503,87.47026173584152,6.694072258817574e-11,66.81407417820465,107.90332579048183,189.35,0.0,True,True,scored_descriptively,published_mass_template_assumptions,False,False
NGC7793,25,2.1,87.1,4.9,66.61528203047706,92.18503776516808,6.848223125507285e-11,70.43030105752483,113.70597974630938,166.62,0.0,True,True,scored_descriptively,published_mass_template_assumptions,False,False
NGC7793,26,2.27,89.6,5.4,69.4450084599318,96.01775162136624,6.88502732001932e-11,73.39656811733175,118.39077969934714,136.43,0.0,True,True,scored_descriptively,published_mass_template_assumptions,False,False
NGC7793,27,2.45,94.9,5.7,70.144573917018,97.87596115820364,6.50835949292067e-11,74.90698725307679,120.5700438873835,101.1,0.0,True,True,scored_descriptively,published_mass_template_assumptions,False,False
NGC7793,28,2.62,98.1,5.0,70.24796865390486,99.06199568106005,6.104016573932948e-11,75.9246221352398,121.89512890794815,91.89,0.0,True,True,scored_descriptively,published_mass_template_assumptions,False,False
NGC7793,29,2.79,99.3,5.7,71.00556703526844,100.8243981712075,5.856390822995093e-11,77.39189233674816,123.92363680266956,81.24,0.0,True,True,scored_descriptively,published_mass_template_assumptions,False,False
NGC7793,30,2.97,98.6,7.2,71.89381336387714,102.73449836845131,5.6399602778614794e-11,78.9725108089538,126.13393789269595,70.11,0.0,True,True,scored_descriptively,published_mass_template_assumptions,False,False
NGC7793,31,3.16,101.0,8.7,72.46758758231158,104.36823745489235,5.3857970026758446e-11,80.36596530207734,127.97418662713142,55.69,0.0,True,True,scored_descriptively,published_mass_template_assumptions,False,False
NGC7793,32,3.33,103.0,9.4,72.44700442392356,105.29092075209313,5.1079435231204545e-11,81.21049929558188,128.94289958940666,46.58,0.0,True,True,scored_descriptively,published_mass_template_assumptions,False,False
NGC7793,33,3.51,107.0,9.1,72.35326322979496,106.16680292399879,4.833465072396301e-11,82.0303424655988,129.8405268802138,39.61,0.0,True,True,scored_descriptively,published_mass_template_assumptions,False,False
NGC7793,34,3.68,114.0,7.4,72.34187860430498,107.03923842834449,4.608729312061824e-11,82.84949056881048,130.7323298883291,34.08,0.0,True,True,scored_descriptively,published_mass_template_assumptions,False,False
NGC7793,35,3.85,112.0,8.1,71.7261988397545,107.30448099427088,4.3305629593687424e-11,83.11068940920589,130.98336853567946,29.83,0.0,True,True,scored_descriptively,published_mass_template_assumptions,False,False
NGC7793,36,4.03,114.0,7.6,71.09262444163951,107.57206596601124,4.0643724825092414e-11,83.38374623605532,131.22556850319546,24.84,0.0,True,True,scored_descriptively,published_mass_template_assumptions,False,False
NGC7793,37,4.2,116.0,7.2,70.28818037195158,107.59673277467644,3.812104218005912e-11,83.4662519751936,131.17418886553565,20.34,0.0,True,True,scored_descriptively,published_mass_template_assumptions,False,False
NGC7793,38,4.38,114.0,7.8,69.47862045262558,107.6341838856179,3.571722565145187e-11,83.59308711639372,131.09827958118169,17.27,0.0,True,True,scored_descriptively,published_mass_template_assumptions,False,False
NGC7793,39,4.73,114.0,11.4,68.33728191843745,108.05288812772221,3.1996591444639496e-11,84.10247505295048,131.38089282633248,14.11,0.0,True,True,scored_descriptively,published_mass_template_assumptions,False,False
NGC7793,40,5.25,109.0,9.9,67.1349573620182,109.00184725254825,2.7821951309338904e-11,85.07874375702932,132.24178147732923,8.84,0.0,True,True,scored_descriptively,published_mass_template_assumptions,False,False
NGC7793,41,5.78,107.0,12.6,64.86683590248565,108.73806864641662,2.359212414737458e-11,85.16165085099324,131.56632616265017,3.77,0.0,True,True,scored_descriptively,published_mass_template_assumptions,False,False
NGC7793,42,6.3,105.0,12.5,62.91388519238023,108.58114626829189,2.036113185385758e-11,85.20260579259447,131.17088640623868,4.92,0.0,True,True,scored_descriptively,published_mass_template_assumptions,False,False
NGC7793,43,6.82,101.0,5.2,61.18007763970229,108.50009418686783,1.7786280114180217e-11,85.19895533568457,130.9925156057485,2.59,0.0,True,True,scored_descriptively,published_mass_template_assumptions,False,False
NGC7793,44,7.35,94.5,4.6,58.787788272735696,107.6060726036606,1.5238294353028366e-11,84.54254312819863,129.84921614316428,1.7,0.0,True,True,scored_descriptively,published_mass_template_assumptions,False,False
NGC7793,45,7.87,90.8,6.1,56.55337390465753,106.69952930488367,1.3170181541345883e-11,83.81310088988064,128.76692114259976,0.0,0.0,True,True,scored_descriptively,published_mass_template_assumptions,False,False
NGC7814,0,0.63,265.0,15.0,290.19125732867974,294.0790144975216,4.3318913334281135e-09,257.70992711524275,328.7410723582303,482.94,6648.99,True,False,inclination,published_mass_template_assumptions,False,False
NGC7814,1,1.72,250.0,15.0,256.7154331550793,267.8664451386371,1.241723683115163e-09,236.1519802644108,298.1705432389887,314.38,709.44,True,False,inclination,published_mass_template_assumptions,False,False
NGC7814,2,2.79,233.0,7.29,226.01175394213462,244.72912380713703,5.933450214650998e-10,217.08841758747573,271.1650208173372,206.27,199.44,True,False,inclination,published_mass_template_assumptions,False,False
NGC7814,3,3.91,230.0,6.45,206.35166742723453,232.37447531471364,3.529300701742454e-10,207.21509402588734,256.4213542260021,132.93,74.66,True,False,inclination,published_mass_template_assumptions,False,False
NGC7814,4,5.03,228.0,5.37,191.07697420149816,223.80129322401157,2.3523296382500395e-10,200.4436401787747,246.09244409656958,76.78,26.96,True,False,inclination,published_mass_template_assumptions,False,False
NGC7814,5,6.14,228.0,5.16,177.46300876520718,216.31977615048885,1.662251618416627e-10,194.46161839657984,237.13883944483928,47.7,9.82,True,False,inclination,published_mass_template_assumptions,False,False
NGC7814,6,7.26,227.0,5.94,165.7746257724625,210.22984626489142,1.226729887765408e-10,189.56487078773245,229.86960957968057,31.38,3.55,True,False,inclination,published_mass_template_assumptions,False,False
NGC7814,7,8.37,226.0,3.0,156.78982374503775,206.17217260320092,9.518307708442477e-11,186.37882304362446,224.94818832561708,22.99,1.29,True,False,inclination,published_mass_template_assumptions,False,False
NGC7814,8,9.5,223.0,3.92,148.8578749344488,202.77161166178124,7.559089354572605e-11,183.7451549258013,220.79239037617077,14.94,0.47,True,False,inclination,published_mass_template_assumptions,False,False
NGC7814,9,10.65,219.0,2.9,141.94406299666076,200.01941361007798,6.131042287297419e-11,181.67060218187302,217.37909392094122,9.9,0.16,True,False,inclination,published_mass_template_assumptions,False,False
NGC7814,10,11.74,216.0,2.55,136.02831403792374,197.69735453570712,5.107871800052957e-11,179.89567532072297,214.52282420959318,6.36,0.06,True,False,inclination,published_mass_template_assumptions,False,False
NGC7814,11,12.82,214.0,2.55,130.4400359168917,195.3793257024539,4.301136733486317e-11,178.04244855424608,211.7467322393485,4.05,0.02,True,False,inclination,published_mass_template_assumptions,False,False
NGC7814,12,14.01,214.0,3.07,124.59102283069997,192.8239554591658,3.590747128680672e-11,175.91076145456185,208.76694548332372,2.46,0.01,True,False,inclination,published_mass_template_assumptions,False,False
NGC7814,13,15.09,214.0,3.61,120.36182168777607,191.31700182401838,3.1112701292337156e-11,174.7937488335192,206.8868940517196,1.62,0.0,True,False,inclination,published_mass_template_assumptions,False,False
NGC7814,14,16.18,214.0,4.46,116.76225640163005,190.25801632334907,2.7307119795190965e-11,174.10923983872578,205.47763612744043,1.06,0.0,True,False,inclination,published_mass_template_assumptions,False,False
NGC7814,15,17.36,214.0,5.07,112.75150943557252,188.78895145239835,2.373255320404471e-11,172.9426307522243,203.7140736538458,0.66,0.0,True,False,inclination,published_mass_template_assumptions,False,False
NGC7814,16,18.44,214.0,4.78,109.3918726414353,187.58288733996412,2.1030938428894724e-11,171.97296586041415,202.2767124436811,0.43,0.0,True,False,inclination,published_mass_template_assumptions,False,False
NGC7814,17,19.53,214.0,4.87,106.27219259994591,186.48796109532375,1.8740729556323267e-11,171.0628075325104,200.99675181620148,0.0,0.0,True,False,inclination,published_mass_template_assumptions,False,False
PGC51017,0,0.33,20.5,4.17,9.149950819539962,19.090180977671437,8.221915980580162e-12,16.906123238346147,21.260182983167883,44.45,0.0,True,False,quality,published_mass_template_assumptions,False,False
PGC51017,1,0.99,19.9,1.82,17.710201862203604,35.220877695900256,1.0267418940488252e-11,31.314425157988808,39.10754176928602,13.79,0.0,True,False,quality,published_mass_template_assumptions,False,False
PGC51017,2,1.65,19.3,1.69,18.812188867859053,40.718514332046404,6.950950105008862e-12,36.35959778209711,45.05098034644181,4.14,0.0,True,False,quality,published_mass_template_assumptions,False,False
PGC51017,3,2.31,18.8,1.9,18.10079556262652,42.963590893346996,4.596558603716035e-12,38.541906836770806,47.35287311119243,1.17,0.0,True,False,quality,published_mass_template_assumptions,False,False
PGC51017,4,2.97,18.2,1.74,17.55767780772845,44.74170006432474,3.36377668402208e-12,40.34701296541399,49.096166627283345,0.34,0.0,True,False,quality,published_mass_template_assumptions,False,False
PGC51017,5,3.63,18.3,2.22,17.51470810490429,46.79483512147275,2.738726332579616e-12,42.411136687374594,51.12629245004699,0.0,0.0,True,False,quality,published_mass_template_assumptions,False,False
UGC00128,0,1.25,34.1,18.8,20.85914907181019,40.66012029597531,1.1280610848258637e-11,30.67727475482056,50.444747896958496,81.19,0.0,True,True,scored_descriptively,published_mass_template_assumptions,False,False
UGC00128,1,3.75,78.4,6.54,35.01562722556887,69.16990500240499,1.059600140861038e-11,52.22991872277939,85.7628607687414,28.11,0.0,True,True,scored_descriptively,published_mass_template_assumptions,False,False
UGC00128,2,6.25,96.9,2.44,36.44733323578009,79.04722697374702,6.888123933456222e-12,59.87607231130416,97.7676001767454,15.91,0.0,True,True,scored_descriptively,published_mass_template_assumptions,False,False
UGC00128,3,8.76,108.0,1.26,38.1895974055763,87.44018041255103,5.395547357381779e-12,66.51333797015582,107.81543744543313,10.69,0.0,True,True,scored_descriptively,published_mass_template_assumptions,False,False
UGC00128,4,11.25,113.0,1.0,40.210015543394164,95.15772111646693,4.657634599568378e-12,72.49972446345745,117.19038503438472,8.58,0.0,True,True,scored_descriptively,published_mass_template_assumptions,False,False
UGC00128,5,13.74,114.0,0.86,43.77598485471229,104.30050970007031,4.519959807189995e-12,79.65057279472826,128.2352970040963,6.03,0.0,True,True,scored_descriptively,published_mass_template_assumptions,False,False
UGC00128,6,16.22,121.0,0.68,46.9409602586057,112.50873258042374,4.4025322307327505e-12,86.473417289333,137.67541306843742,3.5,0.0,True,True,scored_descriptively,published_mass_template_assumptions,False,False
UGC00128,7,18.71,126.0,0.55,49.44780429907884,119.56171329701954,4.235158718975855e-12,92.67483203930729,145.35919950348557,2.13,0.0,True,True,scored_descriptively,published_mass_template_assumptions,False,False
UGC00128,8,21.3,128.0,0.63,51.430053470709126,125.8032397770913,4.0244246741110484e-12,98.12462467210777,152.1807089295208,1.35,0.0,True,True,scored_descriptively,published_mass_template_assumptions,False,False
UGC00128,9,23.79,129.0,0.61,53.265141509245986,131.4959025596045,3.864925999480077e-12,103.02209990011971,158.4803501640807,0.8,0.0,True,True,scored_descriptively,published_mass_template_assumptions,False,False
UGC00128,10,26.28,129.0,0.65,53.889064289519816,135.3700629224677,3.5811736418946844e-12,106.42475296318446,162.66924088354537,0.59,0.0,True,True,scored_descriptively,published_mass_template_assumptions,False,False
UGC00128,11,28.77,131.0,0.73,55.394017727548885,140.28271517762508,3.456490154841162e-12,110.60982888816771,168.1449914296934,0.38,0.0,True,True,scored_descriptively,published_mass_template_assumptions,False,False
UGC00128,12,31.25,131.0,0.83,54.75849888373494,142.07907826080387,3.1095854918719235e-12,112.17276094617618,170.10131972676058,0.25,0.0,True,True,scored_descriptively,published_mass_template_assumptions,False,False
UGC00128,13,33.74,131.0,0.75,52.29918737418393,141.08052672726376,2.627206792052363e-12,111.38119314368478,168.9085924081538,0.17,0.0,True,True,scored_descriptively,published_mass_template_assumptions,False,False
UGC00128,14,36.23,127.0,1.24,51.05470056713681,141.59238285754995,2.3315921667648776e-12,111.85973817684062,169.42071026406688,0.11,0.0,True,True,scored_descriptively,published_mass_template_assumptions,False,False
UGC00128,15,38.82,126.0,1.4,50.51380454885575,143.07275334160028,2.130169110660911e-12,113.1507566308922,171.02800692218895,0.07,0.0,True,True,scored_descriptively,published_mass_template_assumptions,False,False
UGC00128,16,41.31,130.0,1.62,49.390206012933376,143.43962822289228,1.91370915777946e-12,113.49976552036831,171.3864703227496,0.05,0.0,True,True,scored_descriptively,published_mass_template_assumptions,False,False
UGC00128,17,43.8,132.0,2.01,47.65858054957155,142.69650567560367,1.6805736537717696e-12,112.91197093842004,170.4975104876311,0.03,0.0,True,True,scored_descriptively,published_mass_template_assumptions,False,False
UGC00128,18,46.28,134.0,2.1,46.03711871957236,141.93962696611482,1.4841314716401914e-12,112.31154615443626,169.59454736838003,0.02,0.0,True,True,scored_descriptively,published_mass_template_assumptions,False,False
UGC00128,19,48.77,129.0,2.66,44.20557148143207,140.66914520813427,1.2985262039920245e-12,111.2752532330312,168.11761382775063,0.01,0.0,True,True,scored_descriptively,published_mass_template_assumptions,False,False
UGC00128,20,51.26,132.0,4.67,42.68183688643215,139.74353660945113,1.1517469118472388e-12,110.5212587589645,167.04010775163,0.01,0.0,True,True,scored_descriptively,published_mass_template_assumptions,False,False
UGC00128,21,53.75,125.0,5.95,41.48112100703162,139.23373853787768,1.0374614188671096e-12,110.1234322308022,166.42300789398698,0.0,0.0,True,True,scored_descriptively,published_mass_template_assumptions,False,False
UGC00191,0,0.62,29.9,1.42,15.520827941833517,29.56015739642696,1.2591791803030947e-11,21.13029860988719,38.45648283860426,93.29,0.0,True,True,scored_descriptively,published_mass_template_assumptions,False,False
UGC00191,1,0.87,34.4,2.31,20.26237276332661,37.060856679066134,1.5293637908007056e-11,26.48455548241905,48.23215423536178,79.29,0.0,True,True,scored_descriptively,published_mass_template_assumptions,False,False
UGC00191,2,1.12,46.3,2.05,22.938634440611324,41.99460082027285,1.522532433268001e-11,30.035131065955937,54.621554232677184,60.27,0.0,True,True,scored_descriptively,published_mass_template_assumptions,False,False
UGC00191,3,1.37,49.8,1.87,24.820854135182376,45.853173419285355,1.4573448559040722e-11,32.83354892730008,59.58905853838172,48.3,0.0,True,True,scored_descriptively,published_mass_template_assumptions,False,False
UGC00191,4,1.62,57.6,2.76,26.016995406848963,48.80258252095157,1.3540937102439655e-11,35.00089204498296,63.34783026192163,40.48,0.0,True,True,scored_descriptively,published_mass_template_assumptions,False,False
UGC00191,5,2.3,71.3,7.5,29.820754517617424,56.85356053360034,1.253022513256927e-11,40.933926886928084,73.5906897527468,30.93,0.0,True,True,scored_descriptively,published_mass_template_assumptions,False,False
UGC00191,6,4.97,76.65,1.09,37.91867877445099,76.89514843523267,9.375608391912457e-12,56.47169987992321,98.04005022004806,5.25,0.0,True,True,scored_descriptively,published_mass_template_assumptions,False,False
UGC00191,7,7.45,81.0,0.63,42.188823757009395,89.18176490036873,7.742621273593642e-12,66.40053912447536,112.41269314891332,1.18,0.0,True,True,scored_descriptively,published_mass_template_assumptions,False,False
UGC00191,8,9.98,83.85,1.04,40.58472865500027,93.10579696313381,5.348650332049559e-12,69.66145465488937,116.85409477865429,0.0,0.0,True,True,scored_descriptively,published_mass_template_assumptions,False,False
UGC00634,0,4.51,69.75,4.15,36.4105156513884,73.58366851954175,9.526350842583523e-12,49.15677236100166,100.40867518415578,10.41,0.0,True,False,insufficient_valid_radii,published_mass_template_assumptions,False,False
UGC00634,1,9.01,97.7,1.63,44.02854869286518,95.23355278400683,6.972578364924077e-12,64.89383043354034,127.87839170460602,2.01,0.0,True,False,insufficient_valid_radii,published_mass_template_assumptions,False,False
UGC00634,2,13.51,108.0,0.99,45.83702051835394,106.56561510251034,5.039957402228388e-12,73.27685504847268,141.95609205718037,0.32,0.0,True,False,insufficient_valid_radii,published_mass_template_assumptions,False,False
UGC00634,3,18.01,107.5,2.32,41.41729228233058,107.64577916474973,3.0867335874272503e-12,74.17826996389304,143.11359796230306,0.0,0.0,True,False,insufficient_valid_radii,published_mass_template_assumptions,False,False
UGC00731,0,0.91,29.6,2.38,5.587145961937991,18.447373906287055,1.1117012577489362e-12,14.06368625566882,22.763851624958352,8.65,0.0,True,True,scored_descriptively,published_mass_template_assumptions,False,False
UGC00731,1,1.81,44.6,2.4,9.815528513534053,29.20917619524623,1.725036377512716e-12,22.684607628138597,35.56849770158137,3.94,0.0,True,True,scored_descriptively,published_mass_template_assumptions,False,False
UGC00731,2,2.73,50.4,2.86,11.676005310036476,35.27137644883051,1.6183608931450176e-12,27.596069311774045,42.70112416763839,2.74,0.0,True,True,scored_descriptively,published_mass_template_assumptions,False,False
UGC00731,3,3.64,56.8,3.43,17.00875656830916,46.093224677842855,2.575687688796203e-12,36.54207238887704,55.18714681272256,2.16,0.0,True,True,scored_descriptively,published_mass_template_assumptions,False,False
UGC00731,4,4.55,60.7,2.98,19.089269236929947,51.63970837945197,2.5954738928118343e-12,41.02226004718573,61.71672817848702,1.44,0.0,True,True,scored_descriptively,published_mass_template_assumptions,False,False
UGC00731,5,5.45,64.7,2.46,21.07644538341321,56.783820550947986,2.6414821931530773e-12,45.202085487588576,67.73833687842861,0.97,0.0,True,True,scored_descriptively,published_mass_template_assumptions,False,False
UGC00731,6,6.36,68.0,2.38,25.520870870720692,65.23495803775208,3.3188171018672376e-12,52.18628035080622,77.4664497656366,0.68,0.0,True,True,scored_descriptively,published_mass_template_assumptions,False,False
UGC00731,7,7.28,71.5,2.52,31.76596370330987,75.79154056779913,4.492024808552256e-12,60.80450119178616,89.75914018838864,0.58,0.0,True,True,scored_descriptively,published_mass_template_assumptions,False,False
UGC00731,8,8.19,73.4,2.68,35.200648431527505,82.34526987316353,4.9030563032572755e-12,66.13602090907456,97.41598866377716,0.24,0.0,True,True,scored_descriptively,published_mass_template_assumptions,False,False
UGC00731,9,9.09,74.0,2.83,36.192709210557865,85.59902238573753,4.670116973322889e-12,68.81354914795446,101.17348131675287,0.15,0.0,True,True,scored_descriptively,published_mass_template_assumptions,False,False
UGC00731,10,10.0,73.8,3.22,37.18500302541335,88.76982272783741,4.48110476056835e-12,71.39678461940599,104.87218213404914,0.13,0.0,True,True,scored_descriptively,published_mass_template_assumptions,False,False
UGC00731,11,10.91,73.9,3.42,36.88315265809039,90.13618888894781,4.04092487406471e-12,72.50571786266478,106.4720615968893,0.0,0.0,True,True,scored_descriptively,published_mass_template_assumptions,False,False
UGC00891,0,1.48,24.35,2.92,16.319522051824926,36.72306971652644,5.8317998490810235e-12,27.891464788635066,45.39494059807377,11.7,0.0,True,True,scored_descriptively,published_mass_template_assumptions,False,False
UGC00891,1,2.97,43.55,1.4,23.063339957603713,51.95334836494289,5.804133682861673e-12,40.158155143780874,63.29788185895032,3.03,0.0,True,True,scored_descriptively,published_mass_template_assumptions,False,False
UGC00891,2,4.45,54.15,0.67,26.573385181417894,61.501084589386245,5.142605490311985e-12,47.84353917763298,74.50443821403535,1.26,0.0,True,True,scored_descriptively,published_mass_template_assumptions,False,False
UGC00891,3,5.94,60.15,0.48,25.33387258198004,63.96679331410555,3.501597097541699e-12,49.76168098625835,77.49028177576052,0.53,0.0,True,True,scored_descriptively,published_mass_template_assumptions,False,False
UGC00891,4,7.39,63.75,0.95,24.051213067119917,65.40857961810146,2.5367577028882046e-12,50.95275517395968,79.13784083495169,0.0,0.0,True,True,scored_descriptively,published_mass_template_assumptions,False,False
UGC01230,0,0.78,19.8,10.7,15.185295519021023,30.651066405718648,9.580790600598746e-12,14.327412954731239,49.94182854532843,94.32,0.0,True,False,inclination,published_mass_template_assumptions,False,False
UGC01230,1,2.35,55.4,10.7,29.95469245377091,57.259721809235415,1.237403450058758e-11,26.8076712610936,93.21170029343182,43.18,0.0,True,False,inclination,published_mass_template_assumptions,False,False
UGC01230,2,3.91,88.5,10.7,34.816812749015384,69.56321603164128,1.0047331255263513e-11,32.72498962402413,112.83701106845622,25.65,0.0,True,False,inclination,published_mass_template_assumptions,False,False
UGC01230,3,5.48,105.0,10.7,39.799062174880454,80.72377952483252,9.367303104885939e-12,38.100555401794075,130.62270138056294,17.82,0.0,True,False,inclination,published_mass_template_assumptions,False,False
UGC01230,4,7.03,106.0,10.7,42.736276744704845,88.70455957491134,8.419523157811883e-12,42.03756906796564,143.0994031044055,11.38,0.0,True,False,inclination,published_mass_template_assumptions,False,False
UGC01230,5,8.6,103.0,10.7,44.64654129941086,95.00475072740623,7.511499528240411e-12,45.224027839405174,152.74123947943724,7.71,0.0,True,False,inclination,published_mass_template_assumptions,False,False
UGC01230,6,13.27,109.0,15.8,48.93178261620968,110.04360745268225,5.847370430893666e-12,53.03316828931527,175.18608249413217,3.15,0.0,True,False,inclination,published_mass_template_assumptions,False,False
UGC01230,7,14.85,113.0,14.7,50.369971709342856,114.66420602911282,5.536896622076837e-12,55.42388754183963,182.09273766643975,2.09,0.0,True,False,inclination,published_mass_template_assumptions,False,False
UGC01230,8,25.8,105.0,10.4,53.87169340200845,134.7777348378002,3.645448804708264e-12,66.00411936055193,211.60092412353762,0.16,0.0,True,False,inclination,published_mass_template_assumptions,False,False
UGC01230,9,32.01,103.0,10.0,49.803944622891066,135.76226361368606,2.51125759799326e-12,66.58223459722902,212.8642066148307,0.04,0.0,True,False,inclination,published_mass_template_assumptions,False,False
UGC01230,10,36.54,103.0,10.0,45.33952028859591,133.1796938406429,1.8232018520986877e-12,65.29822521688551,208.86421939747854,0.0,0.0,True,False,inclination,published_mass_template_assumptions,False,False
UGC01281,0,0.08,1.41,4.0,,,-1.3407711566548106e-11,,,25.4,0.0,False,False,inclination,published_mass_template_assumptions,False,False
UGC01281,1,0.23,4.46,4.0,,,-3.934200379799933e-12,,,21.88,0.0,False,False,inclination,published_mass_template_assumptions,False,False
UGC01281,2,0.38,7.71,4.0,3.6245896319445596,11.945254279118572,1.1204269482097038e-12,10.95431750511632,12.85422222722452,22.81,0.0,True,False,inclination,published_mass_template_assumptions,False,False
UGC01281,3,0.54,11.0,4.0,5.371759488286869,15.970733241407764,1.7317644263027541e-12,14.539379880344324,17.269590187168347,20.9,0.0,True,False,inclination,published_mass_template_assumptions,False,False
UGC01281,4,0.69,14.2,4.0,6.339029894234606,18.46987417886408,1.8873218321960835e-12,16.660781699383303,20.08560243452946,20.6,0.0,True,False,inclination,published_mass_template_assumptions,False,False
UGC01281,5,0.84,17.2,5.78,7.295035983461631,20.840506794562653,2.0531706413686904e-12,18.70237011009665,22.73380661376712,18.77,0.0,True,False,inclination,published_mass_template_assumptions,False,False
UGC01281,6,1.0,20.2,4.74,8.379829950541955,23.37171416924704,2.2757254491268194e-12,20.954907913703185,25.510212845234847,17.42,0.0,True,False,inclination,published_mass_template_assumptions,False,False
UGC01281,7,1.15,23.2,4.0,9.193016371137386,25.369940001361027,2.3815937474681907e-12,22.69838800213864,27.72596654068284,15.5,0.0,True,False,inclination,published_mass_template_assumptions,False,False
UGC01281,8,1.3,26.4,7.13,11.705391919965772,29.724043237554326,3.415686640602822e-12,27.29628765141665,31.971364555284392,13.82,0.0,True,False,inclination,published_mass_template_assumptions,False,False
UGC01281,9,1.46,29.3,4.38,12.842067590540085,32.098005571184714,3.6607199137129345e-12,29.58197621754473,34.44230083202514,11.93,0.0,True,False,inclination,published_mass_template_assumptions,False,False
UGC01281,10,1.61,31.6,4.94,14.351587020256678,34.86916667493,4.145944041784107e-12,32.365780042947364,37.23113942848449,9.92,0.0,True,False,inclination,published_mass_template_assumptions,False,False
UGC01281,11,1.76,34.6,4.0,15.54894530185247,37.17421017972113,4.451830889631689e-12,34.71583555699172,39.517038544021204,8.28,0.0,True,False,inclination,published_mass_template_assumptions,False,False
UGC01281,12,1.92,37.4,7.09,16.922154118196655,39.7136665190235,4.833475462394717e-12,37.3039920528625,42.031094809206934,7.06,0.0,True,False,inclination,published_mass_template_assumptions,False,False
UGC01281,13,2.07,39.9,4.0,17.889812743570012,41.646260810190725,5.010611130444143e-12,39.267951235825734,43.9460562747235,6.14,0.0,True,False,inclination,published_mass_template_assumptions,False,False
UGC01281,14,2.22,42.2,4.37,18.92804665040743,43.6415130155126,5.230076913376385e-12,41.29006154141431,45.92592627222249,5.37,0.0,True,False,inclination,published_mass_template_assumptions,False,False
UGC01281,15,2.38,44.4,4.58,19.769097096225714,45.40386313004251,5.321648267725362e-12,43.06748043730413,47.68087242884055,4.87,0.0,True,False,inclination,published_mass_template_assumptions,False,False
UGC01281,16,2.53,46.7,5.91,20.393690200647846,46.82692190615246,5.327464555359937e-12,44.48172779205604,49.11634207335309,4.22,0.0,True,False,inclination,published_mass_template_assumptions,False,False
UGC01281,17,2.68,48.5,7.72,20.945676164783986,48.13942692960062,5.305220391481614e-12,45.80464663277112,50.42279571042848,3.59,0.0,True,False,inclination,published_mass_template_assumptions,False,False
UGC01281,18,2.76,49.3,9.73,21.137189974071767,48.701688128664216,5.2460795781209605e-12,46.36946076672847,50.98401903399467,3.33,0.0,True,False,inclination,published_mass_template_assumptions,False,False
UGC01281,19,3.07,53.0,4.0,21.814253367924376,50.75318456540192,5.023330879351215e-12,48.44121501470837,53.020851429660084,2.64,0.0,True,False,inclination,published_mass_template_assumptions,False,False
UGC01281,20,3.46,54.1,4.0,22.819929885957144,53.445563885817116,4.877552665765092e-12,51.15542436996483,55.69702065912172,2.1,0.0,True,False,inclination,published_mass_template_assumptions,False,False
UGC01281,21,3.83,55.0,4.0,22.842969377907067,54.71462135824499,4.4152550501466875e-12,52.41410592363869,56.977237630844506,1.62,0.0,True,False,inclination,published_mass_template_assumptions,False,False
UGC01281,22,4.23,55.7,4.0,22.43813494923319,55.41806563249469,3.8572927299731096e-12,53.102197291131795,57.695666446344525,1.37,0.0,True,False,inclination,published_mass_template_assumptions,False,False
UGC01281,23,4.62,56.4,4.0,23.481287230473544,57.95894098138748,3.867686648232327e-12,55.65520278325442,60.22766601470045,1.19,0.0,True,False,inclination,published_mass_template_assumptions,False,False
UGC01281,24,4.99,56.9,4.0,24.182184558058438,59.93711954802311,3.797868924572467e-12,57.62369126561133,62.216673243296015,0.96,0.0,True,False,inclination,published_mass_template_assumptions,False,False
UGC02023,0,0.76,15.1,8.69,12.4232705033739,27.215926694089113,6.581240259230435e-12,10.299786888617804,48.59171933630638,56.36,0.0,True,False,inclination,published_mass_template_assumptions,False,False
UGC02023,1,1.51,28.0,8.69,23.703852007637913,45.557763590389996,1.2058974075405679e-11,17.417871580217696,80.78631752931983,35.19,0.0,True,False,inclination,published_mass_template_assumptions,False,False
UGC02023,2,2.27,37.6,8.69,28.434134416225863,55.15681591233706,1.154259936350559e-11,21.182087527307086,97.48235146603064,20.05,0.0,True,False,inclination,published_mass_template_assumptions,False,False
UGC02023,3,3.03,47.9,8.69,29.99543965338731,60.48750422306295,9.623150769921901e-12,23.24895322239624,106.82615912464762,12.78,0.0,True,False,inclination,published_mass_template_assumptions,False,False
UGC02023,4,3.78,58.8,8.69,32.36389423416162,66.24385490470375,8.98005923448583e-12,25.6581463293428,116.29942045549,6.61,0.0,True,False,inclination,published_mass_template_assumptions,False,False
UGC02259,0,1.02,56.1,3.4,17.846307741378887,35.60214668044538,1.0119196710202335e-11,26.42042940410959,45.09900951567038,54.4,0.0,True,True,scored_descriptively,published_mass_template_assumptions,False,False
UGC02259,1,2.04,71.1,3.0,26.717825510321756,52.02208802298004,1.1340220674957854e-11,38.69157460662534,65.8015159882523,30.79,0.0,True,True,scored_descriptively,published_mass_template_assumptions,False,False
UGC02259,2,3.05,80.7,1.5,31.99128240630563,62.847200028169134,1.087459056939152e-11,47.12051138206328,79.02992059512965,17.94,0.0,True,True,scored_descriptively,published_mass_template_assumptions,False,False
UGC02259,3,4.07,82.8,1.5,35.41901960811451,70.85453524458872,9.989140398093409e-12,53.4403457411205,88.69856156045269,8.16,0.0,True,True,scored_descriptively,published_mass_template_assumptions,False,False
UGC02259,4,5.09,83.7,1.5,35.392671557823945,74.33318980273279,7.975508169085927e-12,56.432581904121236,92.57301325551116,4.45,0.0,True,True,scored_descriptively,published_mass_template_assumptions,False,False
UGC02259,5,6.11,86.0,1.5,36.39371442982978,78.58922907452053,7.025237493908871e-12,59.957183672961484,97.48579140360785,2.49,0.0,True,True,scored_descriptively,published_mass_template_assumptions,False,False
UGC02259,6,7.13,88.3,2.3,36.91972982024652,81.96944491868489,6.1955084450160636e-12,62.80103430315014,101.32295957015198,1.32,0.0,True,True,scored_descriptively,published_mass_template_assumptions,False,False
UGC02259,7,8.14,90.0,3.0,34.980692531738136,81.94882884905682,4.871714804216725e-12,62.87454648889827,101.17358402224268,0.0,0.0,True,True,scored_descriptively,published_mass_template_assumptions,False,False
UGC02455,0,0.5,16.9,3.64,29.17312547534117,41.8445175823926,5.5162681616830544e-11,30.129668982965047,54.08388625371928,372.13,0.0,True,False,quality,published_mass_template_assumptions,False,False
UGC02455,1,1.0,23.9,3.64,46.07589174394783,63.71388596986635,6.880134893983055e-11,45.843054326517155,82.41719372203724,276.29,0.0,True,False,quality,published_mass_template_assumptions,False,False
UGC02455,2,1.51,28.2,3.64,56.23753595242238,77.93568670793361,6.787738070135625e-11,56.176926240516686,100.6839829022111,109.97,0.0,True,False,quality,published_mass_template_assumptions,False,False
UGC02455,3,2.01,33.0,3.64,56.107233936454215,81.63281987968558,5.075643546309175e-11,59.145955886405865,105.03555725605857,69.15,0.0,True,False,quality,published_mass_template_assumptions,False,False
UGC02455,4,2.52,39.1,3.64,56.568713526117946,85.40397735062938,4.1153001727385784e-11,62.17404925326753,109.48540334232258,43.54,0.0,True,False,quality,published_mass_template_assumptions,False,False
UGC02455,5,3.02,43.8,3.64,57.14409549551029,88.83832417446467,3.5041705678426395e-11,64.99023368263147,113.46482345734897,23.55,0.0,True,False,quality,published_mass_template_assumptions,False,False
UGC02455,6,3.52,53.1,3.64,56.17876289132754,90.46001413753297,2.9057024133808156e-11,66.53935840146984,115.04791444852783,12.11,0.0,True,False,quality,published_mass_template_assumptions,False,False
UGC02455,7,4.03,61.0,3.64,54.903905598782316,91.54991625275703,2.42410198371625e-11,67.67541436944185,115.98124480587562,7.01,0.0,True,False,quality,published_mass_template_assumptions,False,False
UGC02487,0,9.93,377.0,10.3,250.66272016396852,298.0558645520957,2.0505940969300034e-10,221.01251517538938,383.28228504121694,296.2,20.38,True,True,scored_descriptively,published_mass_template_assumptions,False,False
UGC02487,1,10.05,377.0,19.7,250.8561176850188,298.6404091598007,2.0292370657749332e-10,221.46973780096127,383.99972996850494,291.07,19.35,True,True,scored_descriptively,published_mass_template_assumptions,False,False
UGC02487,2,10.35,378.0,10.8,251.55695255746758,300.29165453172754,1.981443781341991e-10,222.7500958507476,386.042831394997,276.87,17.03,True,True,scored_descriptively,published_mass_template_assumptions,False,False
UGC02487,3,15.07,367.0,10.7,240.55283116188843,304.4647100868127,1.244391820443254e-10,226.9361846861504,389.831432158433,136.01,2.35,True,True,scored_descriptively,published_mass_template_assumptions,False,False
UGC02487,4,20.09,364.0,6.67,229.5160433825923,307.0072020637054,8.497586909879392e-11,229.7723353764768,391.7389267510862,75.01,0.29,True,True,scored_descriptively,published_mass_template_assumptions,False,False
UGC02487,5,25.12,375.0,6.19,218.77670872375788,307.9233497106936,6.174929289464872e-11,231.303966770536,391.722661113405,44.66,0.03,True,True,scored_descriptively,published_mass_template_assumptions,False,False
UGC02487,6,30.14,383.0,3.82,209.5419493323473,308.73526464700274,4.721153992849981e-11,232.58353030688124,391.8216201074741,22.26,0.0,True,True,scored_descriptively,published_mass_template_assumptions,False,False
UGC02487,7,35.17,378.0,2.21,195.22818641272065,303.3828510151371,3.5120616129534065e-11,229.14078012278952,384.1934942757787,10.73,0.0,True,True,scored_descriptively,published_mass_template_assumptions,False,False
UGC02487,8,40.19,364.0,4.0,182.4765068988334,298.30228851408714,2.6850066527467927e-11,225.7454661930789,377.12696313594,6.11,0.0,True,True,scored_descriptively,published_mass_template_assumptions,False,False
UGC02487,9,45.21,349.0,3.0,172.26586278192207,294.7292048223206,2.1272248365521154e-11,223.3823933902292,372.12207065739256,3.48,0.0,True,True,scored_descriptively,published_mass_template_assumptions,False,False
UGC02487,10,50.24,338.0,3.08,163.2594486699009,291.53467568141133,1.719319049868888e-11,221.35353934646426,367.5578425794559,1.63,0.0,True,True,scored_descriptively,published_mass_template_assumptions,False,False
UGC02487,11,55.26,332.0,2.19,155.94666870440034,289.3820491349888,1.4262339757230119e-11,220.16811000852357,364.2628015549297,1.27,0.0,True,True,scored_descriptively,published_mass_template_assumptions,False,False
UGC02487,12,60.28,330.0,1.61,150.3712360127428,288.5170344076144,1.2156421506102973e-11,219.90127480807357,362.6728403469272,0.47,0.0,True,True,scored_descriptively,published_mass_template_assumptions,False,False
UGC02487,13,65.31,329.0,2.2,144.44097988451892,286.74765499382283,1.0352628338652679e-11,218.8949923940076,360.00831272387035,0.25,0.0,True,True,scored_descriptively,published_mass_template_assumptions,False,False
UGC02487,14,70.33,330.0,3.53,139.2319938807169,285.31156506136193,8.932785846981817e-12,218.04111506108086,357.8881148448259,0.13,0.0,True,True,scored_descriptively,published_mass_template_assumptions,False,False
UGC02487,15,75.35,332.0,13.4,134.03444900472414,283.4583993062545,7.726789213224644e-12,216.7274298812383,355.4131437416011,0.07,0.0,True,True,scored_descriptively,published_mass_template_assumptions,False,False
UGC02487,16,80.38,333.0,15.3,129.06836843316802,281.48599253351017,6.716470215279451e-12,215.23837765651453,352.8902230031648,0.0,0.0,True,True,scored_descriptively,published_mass_template_assumptions,False,False
UGC02885,0,1.7,305.0,10.0,231.79776092533766,243.76634135872834,1.0242807397766988e-09,201.42603732830054,286.77127464902526,879.93,1173.44,True,True,scored_descriptively,published_mass_template_assumptions,False,False
UGC02885,1,3.41,257.0,10.0,225.37502141985476,247.51322574175853,4.827326101393733e-10,205.91707203562098,289.68525496152773,657.78,159.82,True,True,scored_descriptively,published_mass_template_assumptions,False,False
UGC02885,2,6.82,256.0,10.0,214.360602653566,253.1079599846412,2.1835091633057574e-10,212.344188218558,294.25178703551165,363.12,0.01,True,True,scored_descriptively,published_mass_template_assumptions,False,False
UGC02885,3,13.67,271.0,10.0,201.8262916470498,264.8262344469863,9.656870807673147e-11,224.00706282721288,305.7535905324335,125.25,0.0,True,True,scored_descriptively,published_mass_template_assumptions,False,False
UGC02885,4,19.49,282.0,10.0,190.95204693849186,269.5779462734999,6.062981625968889e-11,228.94283906859897,310.15904238853057,61.48,0.0,True,True,scored_descriptively,published_mass_template_assumptions,False,False
UGC02885,5,23.36,287.0,10.0,188.79035788408262,275.92547092839305,4.944657739003343e-11,235.13634412232264,316.61588529795563,47.36,0.0,True,True,scored_descriptively,published_mass_template_assumptions,False,False
UGC02885,6,27.24,283.0,10.0,184.7865024291547,279.6296119967877,4.0624014850471765e-11,239.06582720574116,320.0570880749193,30.75,0.0,True,True,scored_descriptively,published_mass_template_assumptions,False,False
UGC02885,7,31.22,280.0,10.0,178.20840782634247,280.2081710424753,3.2966507209279186e-11,240.17583224925121,320.0612617095849,18.49,0.0,True,True,scored_descriptively,published_mass_template_assumptions,False,False
UGC02885,8,35.1,280.0,10.0,172.54446232783016,280.7960704158291,2.7488078940792683e-11,241.3058029295681,320.0802336223771,13.99,0.0,True,True,scored_descriptively,published_mass_template_assumptions,False,False
UGC02885,9,38.97,281.0,10.0,169.55691634374577,283.4931525303251,2.390837550690099e-11,244.49417512720908,322.2859453901948,9.86,0.0,True,True,scored_descriptively,published_mass_template_assumptions,False,False
UGC02885,10,42.85,282.0,10.0,166.36918954542034,285.5496041781322,2.0933624538991366e-11,247.10989511970982,323.7829428421633,6.64,0.0,True,True,scored_descriptively,published_mass_template_assumptions,False,False
UGC02885,11,46.73,287.0,10.0,158.90063319571763,282.6972369377416,1.7510757326096292e-11,244.90140315218542,320.2573163418397,5.23,0.0,True,True,scored_descriptively,published_mass_template_assumptions,False,False
UGC02885,12,50.71,292.0,10.0,157.92953992208044,286.41321281791465,1.5939789602362215e-11,248.82834726235964,323.7656400028162,4.79,0.0,True,True,scored_descriptively,published_mass_template_assumptions,False,False
UGC02885,13,54.58,298.0,10.0,158.86034187297975,291.78915471786473,1.4984660545107624e-11,254.34236661879885,329.0114626034253,3.46,0.0,True,True,scored_descriptively,published_mass_template_assumptions,False,False
UGC02885,14,58.46,298.0,10.0,157.28934429897024,294.259152234438,1.3714792702977278e-11,257.12842758135145,331.16095299710486,1.94,0.0,True,True,scored_descriptively,published_mass_template_assumptions,False,False
UGC02885,15,62.34,298.0,10.0,153.04925883518678,293.55003818751885,1.2177134933603218e-11,256.8693318135984,329.9894993625786,1.38,0.0,True,True,scored_descriptively,published_mass_template_assumptions,False,False
UGC02885,16,66.21,298.0,10.0,149.4264237007632,293.2381752166581,1.0929006183097693e-11,256.8563949368903,329.36703275902676,1.0,0.0,True,True,scored_descriptively,published_mass_template_assumptions,False,False
UGC02885,17,70.19,298.0,10.0,148.2354401956563,295.5544394368813,1.0145613345676097e-11,259.4147630378712,331.4343654205116,0.71,0.0,True,True,scored_descriptively,published_mass_template_assumptions,False,False
UGC02885,18,74.07,298.0,10.0,145.34132612577883,295.6474333356293,9.242412486592865e-12,259.8364022036631,331.1890390175468,0.0,0.0,True,True,scored_descriptively,published_mass_template_assumptions,False,False
UGC02916,0,0.37,183.0,47.6,103.67254829510077,109.44135932931664,9.414023501519074e-10,84.25014968783692,136.38887750965029,213.07,8848.49,True,True,scored_descriptively,published_mass_template_assumptions,False,False
UGC02916,1,0.74,196.0,40.7,160.80490409188394,168.39494884400267,1.1324429013364655e-09,129.44974066853766,210.0779648592496,200.63,5187.42,True,True,scored_descriptively,published_mass_template_assumptions,False,False
UGC02916,2,1.11,205.0,14.1,184.28412351583628,194.07831461100375,9.915219177482663e-10,149.34246526760018,241.94096916078783,188.92,3807.55,True,True,scored_descriptively,published_mass_template_assumptions,False,False
UGC02916,3,1.48,211.0,7.89,202.55459794830628,214.2995458424462,8.984045679586551e-10,165.0322099877801,266.99371916080605,177.89,2861.06,True,True,scored_descriptively,published_mass_template_assumptions,False,False
UGC02916,4,1.84,214.0,1.48,218.73621481135675,232.150952485878,8.42700044177122e-10,178.87474763764533,289.12008806444993,167.77,2139.16,True,True,scored_descriptively,published_mass_template_assumptions,False,False
UGC02916,5,2.21,214.0,1.5,231.78146269708455,246.85429740030827,7.877974660149404e-10,190.31431308978512,307.2982204544452,157.98,1447.96,True,True,scored_descriptively,published_mass_template_assumptions,False,False
UGC02916,6,2.6,213.0,2.64,237.94859938650615,254.96070016203447,7.057362287873486e-10,196.75734603522096,317.1550049257673,148.27,808.78,True,True,scored_descriptively,published_mass_template_assumptions,False,False
UGC02916,7,2.96,211.0,4.5,234.64725642973116,253.82308087949576,6.028214607991226e-10,196.16851284987297,315.38647733970527,139.85,573.6,True,True,scored_descriptively,published_mass_template_assumptions,False,False
UGC02916,8,3.17,210.0,8.68,234.77633307043536,255.07624896597238,5.635063610843854e-10,197.26695057106892,316.7838711790611,135.15,462.34,True,True,scored_descriptively,published_mass_template_assumptions,False,False
UGC02916,9,3.33,209.0,3.0,233.67693692360825,254.8889776332873,5.314188113652729e-10,197.237056778691,316.40948937049137,131.68,390.24,True,True,scored_descriptively,published_mass_template_assumptions,False,False
UGC02916,10,3.7,207.0,1.6,230.67934448060146,253.99512797028117,4.660850232454271e-10,196.80933454391626,314.9726519553162,123.99,254.51,True,True,scored_descriptively,published_mass_template_assumptions,False,False
UGC02916,11,4.07,206.0,1.73,226.80652034278026,252.24120813235987,4.0960581826326703e-10,195.71773729294594,312.4639530327745,116.75,150.84,True,True,scored_descriptively,published_mass_template_assumptions,False,False
UGC02916,12,4.44,205.0,3.45,222.0790676313281,249.65609333500208,3.599827875018136e-10,193.9847097029617,308.9191950230066,109.94,84.07,True,True,scored_descriptively,published_mass_template_assumptions,False,False
UGC02916,13,4.81,205.0,2.77,216.94611455382184,246.66390950302437,3.1710868105410496e-10,191.93171393258874,304.873557319773,103.48,50.43,True,True,scored_descriptively,published_mass_template_assumptions,False,False
UGC02916,14,5.18,206.0,7.48,211.81355603454656,243.64218336635597,2.8069016635540435e-10,189.845232386339,300.803230160023,89.73,30.04,True,True,scored_descriptively,published_mass_template_assumptions,False,False
UGC02916,15,5.55,207.0,5.02,206.37783051965633,240.3095067638907,2.487038779825505e-10,187.51339482820953,296.35183254420434,79.83,17.93,True,True,scored_descriptively,published_mass_template_assumptions,False,False
UGC02916,16,5.92,208.0,7.7,201.35468738025446,237.32489652278701,2.2194800017996573e-10,185.43657710313178,292.3501987230205,78.76,10.75,True,True,scored_descriptively,published_mass_template_assumptions,False,False
UGC02916,17,6.28,210.0,1.95,197.03444330877787,234.90912250889008,2.0034297263446783e-10,183.78185920083314,289.07818103261394,77.91,6.52,True,True,scored_descriptively,published_mass_template_assumptions,False,False
UGC02916,18,6.34,210.0,4.78,196.39291160833682,234.57528615442243,1.97156824441662e-10,183.55691394572338,288.6211921525957,77.94,6.01,True,True,scored_descriptively,published_mass_template_assumptions,False,False
UGC02916,19,6.65,212.0,1.96,193.22266003240924,232.9671618865031,1.819465908910691e-10,182.4861863213455,286.40448295834705,75.88,3.89,True,True,scored_descriptively,published_mass_template_assumptions,False,False
UGC02916,20,7.03,214.0,0.76,189.71317911521066,231.30521640469078,1.6591633022188528e-10,181.40117109869433,284.0863687414959,70.88,2.31,True,True,scored_descriptively,published_mass_template_assumptions,False,False
UGC02916,21,7.39,215.0,2.22,186.66040881772437,229.9432825435526,1.5279510516908695e-10,180.52971305844525,282.1647918754178,67.18,1.39,True,True,scored_descriptively,published_mass_template_assumptions,False,False
UGC02916,22,7.77,216.0,1.76,183.58524210840042,228.60196776337887,1.405736654345335e-10,179.67527688619134,280.26756480115324,63.61,0.82,True,True,scored_descriptively,published_mass_template_assumptions,False,False
UGC02916,23,8.14,217.0,1.53,181.03611496052383,227.66734265078492,1.3048346834328498e-10,179.12167871429858,278.8935077667795,60.05,0.49,True,True,scored_descriptively,published_mass_template_assumptions,False,False
UGC02916,24,8.51,218.0,7.7,178.52266349122175,226.72935850546943,1.213686748435085e-10,178.56072387918252,277.52171794293673,56.59,0.29,True,True,scored_descriptively,published_mass_template_assumptions,False,False
UGC02916,25,8.88,218.0,6.86,176.10184601531012,225.84131487299112,1.1317859703387455e-10,178.0295855686939,276.22293521928987,53.33,0.18,True,True,scored_descriptively,published_mass_template_assumptions,False,False
UGC02916,26,9.25,218.0,8.37,174.09872702004455,225.30408934911617,1.0619373926363576e-10,177.75751438031938,275.37520543685696,50.25,0.11,True,True,scored_descriptively,published_mass_template_assumptions,False,False
UGC02916,27,9.52,218.0,3.93,172.55471633658698,224.8154002153173,1.0135990027921734e-10,177.47472633511802,274.6474139695616,48.1,0.07,True,True,scored_descriptively,published_mass_template_assumptions,False,False
UGC02916,28,9.62,218.0,4.05,171.9981148733904,224.64410092840947,9.966020053884456e-11,177.37609924071904,274.39158745296726,47.33,0.06,True,True,scored_descriptively,published_mass_template_assumptions,False,False
UGC02916,29,9.99,217.0,20.2,170.03723774514805,224.08124489413692,9.379335027555207e-11,177.0655517718224,273.5344651934014,44.58,0.04,True,True,scored_descriptively,published_mass_template_assumptions,False,False
UGC02916,30,10.4,217.0,4.2,167.9524500565562,223.50303101065356,8.789998535740666e-11,176.75324682176077,272.6460674896928,41.71,0.02,True,True,scored_descriptively,published_mass_template_assumptions,False,False
UGC02916,31,10.71,216.0,3.16,166.62644318954898,223.2738336088763,8.401325898085332e-11,176.6823442407013,272.2289789140658,39.66,0.01,True,True,scored_descriptively,published_mass_template_assumptions,False,False
UGC02916,32,11.12,215.0,6.72,164.8358119463122,222.90602694911303,7.918589157250454e-11,176.5299056361526,271.60727396138265,37.11,0.01,True,True,scored_descriptively,published_mass_template_assumptions,False,False
UGC02916,33,12.67,212.0,1.82,159.28067773587605,222.35828893264383,6.489317597925809e-11,176.63441088664234,270.281338556196,28.84,0.0,True,True,scored_descriptively,published_mass_template_assumptions,False,False
UGC02916,34,12.98,211.0,16.6,158.36475482252987,222.3812471904381,6.261693817799596e-11,176.75726650392494,270.18280325406005,27.43,0.0,True,True,scored_descriptively,published_mass_template_assumptions,False,False
UGC02916,35,15.86,209.0,8.38,151.93539801507742,223.8935062260738,4.716981875971428e-11,179.04471250579232,270.7417727647947,17.17,0.0,True,True,scored_descriptively,published_mass_template_assumptions,False,False
UGC02916,36,19.05,215.0,13.2,148.57205972187367,228.05849319200604,3.755162741262156e-11,183.71516173952543,274.2356349118232,10.22,0.0,True,True,scored_descriptively,published_mass_template_assumptions,False,False
UGC02916,37,22.14,215.0,13.9,146.42806790366387,232.36849943422607,3.1384882146036126e-11,188.35711824517702,278.06679270243905,6.19,0.0,True,True,scored_descriptively,published_mass_template_assumptions,False,False
UGC02916,38,25.34,210.0,10.6,142.0505971476361,233.9997516868123,2.580649193307852e-11,190.41209579527762,279.1534181454423,3.68,0.0,True,True,scored_descriptively,published_mass_template_assumptions,False,False
UGC02916,39,28.53,196.0,12.8,135.96843630048852,233.22357712361872,2.10002221586699e-11,190.1527016503559,277.77272924139317,2.19,0.0,True,True,scored_descriptively,published_mass_template_assumptions,False,False
UGC02916,40,31.72,185.0,11.5,129.0789308136692,230.96641303555487,1.7022643146679e-11,188.45359427742392,274.89581842652905,1.3,0.0,True,True,scored_descriptively,published_mass_template_assumptions,False,False
UGC02916,41,34.91,182.0,10.8,124.03854691183706,230.103404725283,1.4282786546598815e-11,187.9862959695635,273.57796129943836,0.78,0.0,True,True,scored_descriptively,published_mass_template_assumptions,False,False
UGC02916,42,38.0,181.0,10.3,119.5657354763479,229.26887975436102,1.2192123057552485e-11,187.44497465548667,272.40854918643925,0.0,0.0,True,True,scored_descriptively,published_mass_template_assumptions,False,False
UGC02953,0,0.09,231.0,52.9,67.88712521531605,70.14825252607483,1.6595172906966676e-09,49.654126284121865,92.06548166011912,2863.21,29242.18,True,True,scored_descriptively,published_mass_template_assumptions,False,False
UGC02953,1,0.17,231.0,27.9,130.16461224157663,132.4783339102101,3.229880030169277e-09,93.47842206286792,174.25743274747367,2799.34,23293.66,True,True,scored_descriptively,published_mass_template_assumptions,False,False
UGC02953,2,0.26,231.0,16.4,172.30738222722786,174.9949187247569,3.700699962962221e-09,123.42025484750016,230.25773043070075,2729.19,15656.33,True,True,scored_descriptively,published_mass_template_assumptions,False,False
UGC02953,3,0.34,231.0,11.9,190.64769571122542,193.81608659072094,3.4644449014466123e-09,136.72511066671015,254.98298186478678,2668.31,11345.04,True,True,scored_descriptively,published_mass_template_assumptions,False,False
UGC02953,4,0.43,232.0,8.04,201.87037085714186,205.63579410823658,3.0713277304478885e-09,145.1270831140202,270.4502364739842,2601.44,8539.84,True,True,scored_descriptively,published_mass_template_assumptions,False,False
UGC02953,5,0.51,232.0,6.53,208.64070798863773,212.9410167581195,2.7661604922189238e-09,150.3454581684923,279.97658842465836,2543.41,6949.05,True,True,scored_descriptively,published_mass_template_assumptions,False,False
UGC02953,6,0.6,232.0,4.75,214.9411771159728,219.826624409005,2.4953843685806598e-09,155.27593887941853,288.9400640683465,2479.67,5592.32,True,True,scored_descriptively,published_mass_template_assumptions,False,False
UGC02953,7,0.69,232.0,4.0,219.71896440680763,225.18616663545237,2.2674381574478983e-09,159.1323201900785,295.8923565187351,2417.53,4572.83,True,True,scored_descriptively,published_mass_template_assumptions,False,False
UGC02953,8,0.77,233.0,5.69,223.2917466455041,229.2676906515417,2.098476312990586e-09,162.0784357061725,301.17440468293927,2363.6,3849.38,True,True,scored_descriptively,published_mass_template_assumptions,False,False
UGC02953,9,0.86,233.0,4.83,226.32066377156107,232.87086269599604,1.9301871494421203e-09,164.69735293825772,305.8134064451239,2304.36,3221.94,True,True,scored_descriptively,published_mass_template_assumptions,False,False
UGC02953,10,0.95,234.0,10.8,228.9069764773455,236.02360751891155,1.787491179939424e-09,166.9975703493805,309.86077208559124,2246.61,2765.52,True,True,scored_descriptively,published_mass_template_assumptions,False,False
UGC02953,11,1.03,235.0,10.3,231.66084218097797,239.25385518512374,1.6885638671894689e-09,169.3383829789552,314.02846471781544,2196.5,2416.65,True,True,scored_descriptively,published_mass_template_assumptions,False,False
UGC02953,12,1.11,235.0,10.6,233.76278835605976,241.837313126767,1.5954280887982847e-09,171.22463554651432,317.34277449940333,2147.5,2096.14,True,True,scored_descriptively,published_mass_template_assumptions,False,False
UGC02953,13,1.2,236.0,10.2,236.4175445689258,245.0110292980552,1.5094808704594074e-09,173.5308008597034,321.428781405334,2093.68,1752.88,True,True,scored_descriptively,published_mass_template_assumptions,False,False
UGC02953,14,1.29,237.0,10.6,238.76883699511544,247.87624194218333,1.4322374735697109e-09,175.61871316259797,325.1095414236236,2041.21,1444.87,True,True,scored_descriptively,published_mass_template_assumptions,False,False
UGC02953,15,1.38,238.0,14.2,240.71281930964957,250.33437107884737,1.3607201230115352e-09,177.41979418888124,328.2540729041495,1990.06,1174.7,True,True,scored_descriptively,published_mass_template_assumptions,False,False
UGC02953,16,1.46,238.0,14.1,241.99369537242077,252.07772421802102,1.299884310911616e-09,178.71030798913444,330.4664889218889,1945.67,969.16,True,True,scored_descriptively,published_mass_template_assumptions,False,False
UGC02953,17,1.55,239.0,19.6,243.00282257619972,253.61299788445587,1.2346401412813803e-09,179.86275015599801,332.3932677061033,1896.9,770.65,True,True,scored_descriptively,published_mass_template_assumptions,False,False
UGC02953,18,1.63,240.0,17.8,243.6044376032588,254.68591010454477,1.1798647902661711e-09,180.681746817654,333.72129809038125,1854.59,629.73,True,True,scored_descriptively,published_mass_template_assumptions,False,False
UGC02953,19,1.72,241.0,7.14,243.9615396327872,255.57829650067984,1.1214082295819443e-09,181.38184696780087,334.8002181990267,1808.11,495.74,True,True,scored_descriptively,published_mass_template_assumptions,False,False
UGC02953,20,1.8,242.0,11.9,244.10613548208903,256.20006244290164,1.0728384754385862e-09,181.88302332577373,335.53368884422736,1767.23,402.06,True,True,scored_descriptively,published_mass_template_assumptions,False,False
UGC02953,21,1.89,243.0,10.9,244.05172771361404,256.6858047229228,1.0212955123923025e-09,182.29628032481796,336.0770989680562,1719.56,316.59,True,True,scored_descriptively,published_mass_template_assumptions,False,False
UGC02953,22,1.98,244.0,17.6,243.85143698571883,257.0266938238882,9.732735093578183e-10,182.60694689451245,336.43022186532187,1672.1,250.14,True,True,scored_descriptively,published_mass_template_assumptions,False,False
UGC02953,23,2.07,246.0,11.4,243.57479103963118,257.28994619267615,9.288461527650257e-10,182.8619778333323,336.68212524423103,1628.43,196.88,True,True,scored_descriptively,published_mass_template_assumptions,False,False
UGC02953,24,2.15,247.0,12.9,243.2886428298699,257.4818904185545,8.921844843329e-10,183.0581060231422,336.85171531992404,1591.58,160.14,True,True,scored_descriptively,published_mass_template_assumptions,False,False
UGC02953,25,2.23,248.0,15.4,242.99644478880757,257.66482701890976,8.581129003548359e-10,183.2468112729095,337.01072059722514,1556.82,129.09,True,True,scored_descriptively,published_mass_template_assumptions,False,False
UGC02953,26,2.32,249.0,17.6,242.68459475211853,257.8829394936015,8.227083167337152e-10,183.46663938912877,337.2071760325053,1520.1,101.99,True,True,scored_descriptively,published_mass_template_assumptions,False,False
UGC02953,27,2.4,251.0,24.0,242.44531872156244,258.1096036580142,7.937172497997265e-10,183.68374062276732,337.42671562414256,1490.64,82.62,True,True,scored_descriptively,published_mass_template_assumptions,False,False
UGC02953,28,2.49,252.0,10.1,242.24900437359904,258.43015013381506,7.637902484443152e-10,183.97266973283914,337.76190644230496,1462.65,65.01,True,True,scored_descriptively,published_mass_template_assumptions,False,False
UGC02953,29,2.58,253.0,12.0,242.20217282262354,258.88866446811596,7.368614199939042e-10,184.356791739338,338.28141632859786,1439.08,51.48,True,True,scored_descriptively,published_mass_template_assumptions,False,False
UGC02953,30,2.67,254.0,6.34,242.35427153239942,259.5317129374006,7.129179517632166e-10,184.8686058633336,339.04703174471643,1415.29,40.48,True,True,scored_descriptively,published_mass_template_assumptions,False,False
UGC02953,31,2.75,256.0,6.22,242.63741904331243,260.2397733175459,6.937968382242567e-10,185.4177420878383,339.90989041430663,1394.11,32.75,True,True,scored_descriptively,published_mass_template_assumptions,False,False
UGC02953,32,2.83,257.0,5.6,243.06041512348324,261.07657827875033,6.765369012104118e-10,186.0558350984552,340.9446492580893,1373.66,26.62,True,True,scored_descriptively,published_mass_template_assumptions,False,False
UGC02953,33,2.92,259.0,8.73,243.70190188014536,262.1701358249025,6.591502790962561e-10,186.87909987760963,342.3115698405023,1344.19,20.95,True,True,scored_descriptively,published_mass_template_assumptions,False,False
UGC02953,34,3.0,260.0,5.19,244.315274737377,263.17875024072777,6.448065499782462e-10,187.63549149201629,343.5762935914751,1311.28,16.93,True,True,scored_descriptively,published_mass_template_assumptions,False,False
UGC02953,35,3.09,262.0,11.0,245.02054285304322,264.3230733826329,6.296453071014655e-10,188.49240165880263,345.0128671849189,1269.31,13.39,True,True,scored_descriptively,published_mass_template_assumptions,False,False
UGC02953,36,3.18,263.0,16.0,245.6377887866604,265.37927561304815,6.149116104839841e-10,189.28694432848727,346.3336799898286,1224.91,10.58,True,True,scored_descriptively,published_mass_template_assumptions,False,False
UGC02953,37,3.27,264.0,13.1,246.17464193129234,266.3548677557715,6.006041544113677e-10,190.02439396470686,347.54864892807393,1182.82,8.31,True,True,scored_descriptively,published_mass_template_assumptions,False,False
UGC02953,38,3.35,266.0,11.8,246.57632414731145,267.1470356416839,5.881761303544223e-10,190.6267419028948,348.5301362134406,1144.53,6.73,True,True,scored_descriptively,published_mass_template_assumptions,False,False
UGC02953,39,3.43,267.0,12.7,246.89841641857487,267.8607758994235,5.759594967592554e-10,191.17379841173693,349.4083075403394,1105.43,5.47,True,True,scored_descriptively,published_mass_template_assumptions,False,False
UGC02953,40,4.21,280.0,5.52,247.63104978980323,272.4033866040241,4.720386465829935e-10,194.79138319771087,354.80336139339863,838.68,0.7,True,True,scored_descriptively,published_mass_template_assumptions,False,False
UGC02953,41,4.29,282.0,2.35,247.64355983954033,272.7967864209467,4.6328286663927166e-10,195.10896911543566,355.2641819668157,817.02,0.56,True,True,scored_descriptively,published_mass_template_assumptions,False,False
UGC02953,42,4.38,283.0,5.1,247.5876717447781,273.171056917249,4.5355856854392826e-10,195.41814165980176,355.692555078459,793.56,0.44,True,True,scored_descriptively,published_mass_template_assumptions,False,False
UGC02953,43,4.47,285.0,4.61,247.5546912300391,273.56391714557867,4.4430812289576064e-10,195.73975112164877,356.14629563723935,771.06,0.35,True,True,scored_descriptively,published_mass_template_assumptions,False,False
UGC02953,44,4.8,290.0,10.8,247.316644547026,274.87125447561976,4.129665814520329e-10,196.82167373175395,357.6390866223324,698.48,0.15,True,True,scored_descriptively,published_mass_template_assumptions,False,False
UGC02953,45,5.25,296.0,2.85,247.55825894120358,277.12467060494805,3.783075343081094e-10,198.61609954101925,360.3118270282649,618.22,0.04,True,True,scored_descriptively,published_mass_template_assumptions,False,False
UGC02953,46,5.32,298.0,1.92,247.6208364213319,277.49265349427327,3.735185671692598e-10,198.9057787831534,360.7528847761664,605.44,0.04,True,True,scored_descriptively,published_mass_template_assumptions,False,False
UGC02953,47,5.41,299.0,4.29,247.64523472096127,277.9113650839171,3.673771500493662e-10,199.24080043073212,361.24708955273377,589.09,0.03,True,True,scored_descriptively,published_mass_template_assumptions,False,False
UGC02953,48,5.5,300.0,4.92,247.6156040115404,278.27738023394244,3.6127905448634363e-10,199.53931974503968,361.67104739575956,572.85,0.02,True,True,scored_descriptively,published_mass_template_assumptions,False,False
UGC02953,49,5.58,301.0,2.24,247.49842427781232,278.5162821639152,3.5576247062006484e-10,199.74315799372425,361.9346989465534,558.57,0.02,True,True,scored_descriptively,published_mass_template_assumptions,False,False
UGC02953,50,5.67,302.0,4.59,247.188732793386,278.61763142524904,3.492398058598617e-10,199.85499934511773,362.00995978457155,543.65,0.01,True,True,scored_descriptively,published_mass_template_assumptions,False,False
UGC02953,51,5.76,303.0,5.07,247.02995611868613,278.8570974459119,3.4334143172810276e-10,200.06366211697105,362.26800403119756,529.17,0.01,True,True,scored_descriptively,published_mass_template_assumptions,False,False
UGC02953,52,6.0,306.0,7.89,246.57020872360067,279.45143145602475,3.283820502109173e-10,200.5866167953545,362.9008465197603,492.68,0.01,True,True,scored_descriptively,published_mass_template_assumptions,False,False
UGC02953,53,6.18,307.0,4.41,246.14152792651632,279.8096707329182,3.177099118021106e-10,200.9166854442973,363.2608380124052,468.31,0.0,True,True,scored_descriptively,published_mass_template_assumptions,False,False
UGC02953,54,6.27,308.0,3.2,245.9376612477235,279.995480016396,3.126309652544135e-10,201.08566497250246,363.45067378720125,458.48,0.0,True,True,scored_descriptively,published_mass_template_assumptions,False,False
UGC02953,55,6.36,309.0,6.66,245.76893084765618,280.2118527086095,3.0778418428633036e-10,201.27581575665968,363.6813071034393,449.61,0.0,True,True,scored_descriptively,published_mass_template_assumptions,False,False
UGC02953,56,6.45,310.0,5.83,245.6386652789011,280.46185982714616,3.0316788777282024e-10,201.4891615822778,363.9569660015829,441.7,0.0,True,True,scored_descriptively,published_mass_template_assumptions,False,False
UGC02953,57,6.53,310.0,3.83,245.5553594813194,280.7124945499306,2.9925065415173455e-10,201.6984752181499,364.23991828993843,435.47,0.0,True,True,scored_descriptively,published_mass_template_assumptions,False,False
UGC02953,58,6.61,311.0,2.41,245.5355145391395,281.02029403314276,2.9558107956971996e-10,201.94767148816806,364.5987857453846,430.01,0.0,True,True,scored_descriptively,published_mass_template_assumptions,False,False
UGC02953,59,6.7,312.0,1.25,245.5988625177242,281.44394510840164,2.917610774924275e-10,202.2817092162779,365.1056341459854,424.77,0.0,True,True,scored_descriptively,published_mass_template_assumptions,False,False
UGC02953,60,6.79,312.0,3.61,245.7591888414348,281.9552772804339,2.882698421674551e-10,202.67686966252552,365.7289831180827,417.48,0.0,True,True,scored_descriptively,published_mass_template_assumptions,False,False
UGC02953,61,6.87,313.0,13.8,245.6590097676045,282.1836370394952,2.846807566966854e-10,202.8698467797174,365.9834906215531,408.19,0.0,True,True,scored_descriptively,published_mass_template_assumptions,False,False
UGC02953,62,6.96,313.0,4.58,245.79288329811342,282.66673006487844,2.813058886464738e-10,203.24477552693344,366.57009070990904,397.12,0.0,True,True,scored_descriptively,published_mass_template_assumptions,False,False
UGC02953,63,7.05,314.0,3.05,245.88834803625812,283.11234162989894,2.7793051760170937e-10,203.59326502876314,367.10733515000794,385.39,0.0,True,True,scored_descriptively,published_mass_template_assumptions,False,False
UGC02953,64,7.2,315.0,1.38,245.8633261997405,283.6806202113159,2.720849147822427e-10,204.05166073243956,367.7722233988778,364.37,0.0,True,True,scored_descriptively,published_mass_template_assumptions,False,False
UGC02953,65,7.39,316.0,0.75,245.4121590915984,284.00576975901004,2.6411749463353497e-10,204.35456684764463,368.09360548196764,335.1,0.0,True,True,scored_descriptively,published_mass_template_assumptions,False,False
UGC02953,66,7.47,316.0,8.57,245.0253182224237,283.9586520246179,2.6046584177243243e-10,204.35296980117283,367.98561016115156,325.32,0.0,True,True,scored_descriptively,published_mass_template_assumptions,False,False
UGC02953,67,7.99,318.0,1.36,242.20516392100313,283.340676342684,2.3794110382471533e-10,204.11661405664069,366.8811782640582,288.76,0.0,True,True,scored_descriptively,published_mass_template_assumptions,False,False
UGC02953,68,8.08,318.0,16.0,241.84045893935942,283.3423289531424,2.3458271622646243e-10,204.15059307357478,366.8354502058721,285.24,0.0,True,True,scored_descriptively,published_mass_template_assumptions,False,False
UGC02953,69,8.16,318.0,5.5,241.47625980621783,283.30564792929897,2.3158380061336134e-10,204.15373964378992,366.7447400304997,282.8,0.0,True,True,scored_descriptively,published_mass_template_assumptions,False,False
UGC02953,70,8.25,319.0,2.94,241.30379746286633,283.48150211196594,2.2873036308434945e-10,204.30904653864874,366.9306088513518,276.89,0.0,True,True,scored_descriptively,published_mass_template_assumptions,False,False
UGC02953,71,8.34,319.0,1.74,241.1280604367729,283.6527679409481,2.2593260501431745e-10,204.46057767083323,367.1111448670537,270.93,0.0,True,True,scored_descriptively,published_mass_template_assumptions,False,False
UGC02953,72,8.4,319.0,2.2,240.9962165263181,283.7525569843601,2.240735618574885e-10,204.551432607983,367.21258084990546,266.95,0.0,True,True,scored_descriptively,published_mass_template_assumptions,False,False
UGC02953,73,9.59,319.0,3.23,236.5862154057163,283.9460329984773,1.8915147040036754e-10,205.0755355341348,366.89731520561304,195.24,0.0,True,True,scored_descriptively,published_mass_template_assumptions,False,False
UGC02953,74,10.8,317.0,4.08,231.37707200584936,283.23558771200544,1.606446775469692e-10,204.93974979171946,365.4238525715902,155.37,0.0,True,True,scored_descriptively,published_mass_template_assumptions,False,False
UGC02953,75,12.02,312.0,2.62,229.16329904677144,285.0870947965732,1.4159082707449355e-10,206.6056845402749,367.33892695608216,118.88,0.0,True,True,scored_descriptively,published_mass_template_assumptions,False,False
UGC02953,76,13.22,308.0,0.76,225.8753077474384,285.6901547556451,1.2507068089585774e-10,207.37326715933125,367.6380756338443,82.4,0.0,True,True,scored_descriptively,published_mass_template_assumptions,False,False
UGC02953,77,14.42,303.0,1.86,219.59244073965752,283.3532979365682,1.0837246857755463e-10,206.00661377196093,364.14533030824094,50.37,0.0,True,True,scored_descriptively,published_mass_template_assumptions,False,False
UGC02953,78,15.63,298.0,1.34,210.17610454093017,277.96243588437915,9.159191802223711e-11,202.41163646044555,356.7283151892679,30.81,0.0,True,True,scored_descriptively,published_mass_template_assumptions,False,False
UGC02953,79,16.83,296.0,1.41,200.9356732389747,272.5038746757917,7.774624659022092e-11,198.73848949137198,349.26791363393306,22.51,0.0,True,True,scored_descriptively,published_mass_template_assumptions,False,False
UGC02953,80,18.03,294.0,1.15,194.59923329756467,269.55978479017375,6.80669009362812e-11,196.86114775498558,345.0973059748007,18.71,0.0,True,True,scored_descriptively,published_mass_template_assumptions,False,False
UGC02953,81,19.23,294.0,0.59,188.86146449183326,267.00789779560296,6.011140466947393e-11,195.26619390045332,341.44147358425073,12.92,0.0,True,True,scored_descriptively,published_mass_template_assumptions,False,False
UGC02953,82,20.43,294.0,0.5,183.25501526561285,264.4191386381375,5.3271242495897996e-11,193.6467321146403,337.740510321932,9.23,0.0,True,True,scored_descriptively,published_mass_template_assumptions,False,False
UGC02953,83,21.64,292.0,1.21,178.02618009719808,262.05614390931436,4.7463520176689604e-11,192.18000102288042,334.3490670206358,6.57,0.0,True,True,scored_descriptively,published_mass_template_assumptions,False,False
UGC02953,84,22.84,290.0,1.21,173.067580961889,259.7833795001427,4.249959603269467e-11,190.73467138292546,331.1327260497754,4.66,0.0,True,True,scored_descriptively,published_mass_template_assumptions,False,False
UGC02953,85,24.04,287.0,0.81,168.15253619853613,257.41154836800644,3.811727413347716e-11,189.1522240276122,327.87228992002923,3.32,0.0,True,True,scored_descriptively,published_mass_template_assumptions,False,False
UGC02953,86,25.24,283.0,1.08,163.2666566387638,254.92978205015294,3.422591780156131e-11,187.42391430336693,324.5541535006142,2.37,0.0,True,True,scored_descriptively,published_mass_template_assumptions,False,False
UGC02953,87,26.44,279.0,1.87,158.7407112873065,252.66845311234854,3.088621198723557e-11,185.84944228532217,321.5306339139735,1.69,0.0,True,True,scored_descriptively,published_mass_template_assumptions,False,False
UGC02953,88,27.65,276.0,1.55,154.71530102093973,250.79745049810697,2.8055683426171123e-11,184.58489976719304,318.98035954194705,1.2,0.0,True,True,scored_descriptively,published_mass_template_assumptions,False,False
UGC02953,89,28.85,273.0,1.9,151.03166019083548,249.1371578840175,2.5623569546510492e-11,183.4703243954858,316.70788583725664,0.86,0.0,True,True,scored_descriptively,published_mass_template_assumptions,False,False
UGC02953,90,30.05,271.0,1.12,147.61891653849787,247.6450818985557,2.3501144096360387e-11,182.47319711621884,314.6599566867237,0.61,0.0,True,True,scored_descriptively,published_mass_template_assumptions,False,False
UGC02953,91,31.25,270.0,1.41,144.63122560498476,246.48971956956882,2.169319728850202e-11,181.74798192642103,313.0144780031538,0.43,0.0,True,True,scored_descriptively,published_mass_template_assumptions,False,False
UGC02953,92,32.34,268.0,1.76,142.20517332361715,245.66024404643147,2.026470244605823e-11,181.2651980831968,311.7849857868138,0.32,0.0,True,True,scored_descriptively,published_mass_template_assumptions,False,False
UGC02953,93,33.55,267.0,1.81,139.70237084602394,244.85870616091012,1.885230612219052e-11,180.81009536104563,310.58208682969627,0.23,0.0,True,True,scored_descriptively,published_mass_template_assumptions,False,False
UGC02953,94,34.75,266.0,2.18,137.22594324689484,243.99215270417108,1.7561721884306653e-11,180.27466930861289,309.3370127459161,0.16,0.0,True,True,scored_descriptively,published_mass_template_assumptions,False,False
UGC02953,95,35.95,265.0,3.01,134.7617387465745,243.06326161864075,1.63713227948409e-11,179.66258346303002,308.0508627127544,0.12,0.0,True,True,scored_descriptively,published_mass_template_assumptions,False,False
UGC02953,96,37.15,264.0,2.04,132.40650229501568,242.17805333909345,1.5293583658882846e-11,179.07353918307734,306.8325308911988,0.08,0.0,True,True,scored_descriptively,published_mass_template_assumptions,False,False
UGC02953,97,38.35,264.0,1.58,130.22836661035106,241.41510130950357,1.433161963640413e-11,178.5786600151912,305.7660411971925,0.06,0.0,True,True,scored_descriptively,published_mass_template_assumptions,False,False
UGC02953,98,39.56,264.0,3.23,128.231513404467,240.7981906126349,1.3470468716812178e-11,178.20251532217677,304.8729895804271,0.04,0.0,True,True,scored_descriptively,published_mass_template_assumptions,False,False
UGC02953,99,40.76,264.0,2.94,126.50257716742374,240.40361530665996,1.2723717730576836e-11,178.01120089155876,304.2387252372765,0.03,0.0,True,True,scored_descriptively,published_mass_template_assumptions,False,False
UGC02953,100,41.96,264.0,1.62,124.82141903535626,240.00827120911643,1.2033506762834952e-11,177.80888041617877,303.6167792892727,0.02,0.0,True,True,scored_descriptively,published_mass_template_assumptions,False,False
UGC02953,101,43.16,264.0,2.15,123.08756123183203,239.50213171388194,1.1376177318610366e-11,177.49701311240173,302.8880664639668,0.02,0.0,True,True,scored_descriptively,published_mass_template_assumptions,False,False
UGC02953,102,44.36,262.0,4.45,121.37787393095991,238.9718055774769,1.0763089940877991e-11,177.15409946731208,302.1451314598567,0.01,0.0,True,True,scored_descriptively,published_mass_template_assumptions,False,False
UGC02953,103,45.57,260.0,7.43,119.87635358985526,238.63986992434272,1.0219684165106612e-11,176.98233617624524,301.6252008354577,0.01,0.0,True,True,scored_descriptively,published_mass_template_assumptions,False,False
UGC02953,104,46.77,258.0,7.22,118.49304945860749,238.38702786193357,9.72899180421877e-12,176.87307224734178,301.20146463854974,0.01,0.0,True,True,scored_descriptively,published_mass_template_assumptions,False,False
UGC02953,105,47.97,257.0,5.37,117.05569037855443,238.02962829862093,9.256883493218484e-12,176.66266936534586,300.6741473696991,0.0,0.0,True,True,scored_descriptively,published_mass_template_assumptions,False,False
UGC02953,106,49.17,258.0,5.43,115.61914253271384,237.63110803202778,8.81066593520802e-12,176.40834292385907,300.1113618035226,0.0,0.0,True,True,scored_descriptively,published_mass_template_assumptions,False,False
UGC02953,107,50.37,260.0,6.47,114.28993687109991,237.31746728843575,8.404144085235284e-12,176.22675447230606,299.64475331862405,0.0,0.0,True,True,scored_descriptively,published_mass_template_assumptions,False,False
UGC02953,108,51.58,263.0,5.75,113.02739933308206,237.05425531205756,8.026673302259524e-12,176.0806751637099,299.2446247612667,0.0,0.0,True,True,scored_descriptively,published_mass_template_assumptions,False,False
UGC02953,109,52.78,265.0,5.54,111.67111322987695,236.63253196491746,7.657054883958647e-12,175.79175333644176,298.6745857992337,0.0,0.0,True,True,scored_descriptively,published_mass_template_assumptions,False,False
UGC02953,110,53.98,266.0,4.43,110.30653235416295,236.16333801733614,7.304980127405451e-12,175.45388026512603,298.0612919219557,0.0,0.0,True,True,scored_descriptively,published_mass_template_assumptions,False,False
UGC02953,111,55.18,266.0,4.71,109.03713326202225,235.7723594296852,6.982591062078821e-12,175.18368973777024,297.5357525983081,0.0,0.0,True,True,scored_descriptively,published_mass_template_assumptions,False,False
UGC02953,112,57.59,262.0,5.28,106.74119261091286,235.19437067106978,6.411600851583765e-12,174.81412215191347,296.72036038717425,0.0,0.0,True,True,scored_descriptively,published_mass_template_assumptions,False,False
UGC02953,113,59.99,263.0,4.7,104.31140958687116,234.3147510302006,5.8780627934770755e-12,174.15842830888377,295.5990172897404,0.0,0.0,True,True,scored_descriptively,published_mass_template_assumptions,False,False
UGC02953,114,62.39,272.0,5.04,102.16445355406155,233.66653233785271,5.421682759940129e-12,173.69913479440962,294.7418875837009,0.0,0.0,True,True,scored_descriptively,published_mass_template_assumptions,False,False
UGC03205,0,0.28,107.0,30.2,77.11420212905011,82.74685390383104,6.882720954836547e-10,64.97490436913681,100.9873745339707,618.49,5800.33,True,True,scored_descriptively,published_mass_template_assumptions,False,False
UGC03205,1,0.55,121.0,15.6,121.70272092274682,128.94130431416417,8.7274494315539e-10,101.03810671192258,157.6100123642339,603.26,3274.79,True,True,scored_descriptively,published_mass_template_assumptions,False,False
UGC03205,2,0.83,134.0,8.69,138.03787063701031,147.46946109789766,7.439913134922883e-10,115.7146093073792,180.07355373329946,587.86,1870.98,True,True,scored_descriptively,published_mass_template_assumptions,False,False
UGC03205,3,1.39,157.0,12.5,149.31089303865275,163.11464483619957,5.197776970188766e-10,128.4203636006311,198.66904180005093,558.23,849.89,True,True,scored_descriptively,published_mass_template_assumptions,False,False
UGC03205,4,1.65,168.0,11.7,153.42994059178932,169.0389275738887,4.6236584403752963e-10,133.23894419588973,205.69915519042667,544.98,599.88,True,True,scored_descriptively,published_mass_template_assumptions,False,False
UGC03205,5,3.04,207.0,8.04,154.00965294422295,179.02406183206287,2.5285512208370376e-10,141.9987467285916,216.75893649148068,470.23,10.13,True,True,scored_descriptively,published_mass_template_assumptions,False,False
UGC03205,6,3.32,213.0,6.53,152.81685829776765,179.59352345730767,2.2795751025150665e-10,142.6062610378477,217.25371346798818,462.95,3.88,True,True,scored_descriptively,published_mass_template_assumptions,False,False
UGC03205,7,3.59,218.0,11.2,152.65885326439474,180.99967374096187,2.1037735844504288e-10,143.84421732378948,218.80240641429975,455.55,1.53,True,True,scored_descriptively,published_mass_template_assumptions,False,False
UGC03205,8,3.87,222.0,6.05,153.50256603718387,183.32888245542534,1.9731939233544992e-10,145.79357984362113,221.4944599294145,450.84,0.59,True,True,scored_descriptively,published_mass_template_assumptions,False,False
UGC03205,9,4.15,226.0,5.41,156.00408369654943,187.12894173802806,1.9005237099285327e-10,148.87490744393247,226.01102300903386,445.2,0.23,True,True,scored_descriptively,published_mass_template_assumptions,False,False
UGC03205,10,4.43,229.0,5.96,158.8723161850421,191.21685443654587,1.8464696889685195e-10,152.1743274538573,230.88904314862964,417.46,0.09,True,True,scored_descriptively,published_mass_template_assumptions,False,False
UGC03205,11,4.7,232.0,7.41,161.12760030485157,194.6471570220189,1.7901584594143278e-10,154.95577036722722,234.966229474035,387.64,0.03,True,True,scored_descriptively,published_mass_template_assumptions,False,False
UGC03205,12,4.97,234.0,6.1,162.69419666970302,197.4066110983178,1.725985686247262e-10,157.21395527922297,238.21994216039602,357.56,0.01,True,True,scored_descriptively,published_mass_template_assumptions,False,False
UGC03205,13,5.25,235.0,3.89,164.0588898840901,199.99248117879753,1.6614592289192603e-10,159.33819209164434,241.25870275835555,339.44,0.01,True,True,scored_descriptively,published_mass_template_assumptions,False,False
UGC03205,14,5.52,236.0,9.03,166.06159739686956,203.0837428648689,1.6190072721162415e-10,161.84703458682083,244.93010003764329,324.46,0.0,True,True,scored_descriptively,published_mass_template_assumptions,False,False
UGC03205,15,5.8,237.0,10.0,168.324294295268,206.42827828278286,1.5831244852216866e-10,164.5535610960762,248.91229524902133,303.79,0.0,True,True,scored_descriptively,published_mass_template_assumptions,False,False
UGC03205,16,6.08,237.0,7.36,170.32401979756114,209.5010268844666,1.5463139436073941e-10,167.0465070847126,252.5628523798075,281.08,0.0,True,True,scored_descriptively,published_mass_template_assumptions,False,False
UGC03205,17,6.36,237.0,10.2,172.16265486452048,212.3975867992715,1.5103244095681567e-10,169.40030103499993,255.9993334811086,256.11,0.0,True,True,scored_descriptively,published_mass_template_assumptions,False,False
UGC03205,18,6.63,236.0,10.4,173.1833500368901,214.4745448266125,1.4660480311102398e-10,171.11204741491784,258.43312831666236,231.86,0.0,True,True,scored_descriptively,published_mass_template_assumptions,False,False
UGC03205,19,6.91,236.0,5.83,173.7999823935549,216.19787248960972,1.416677066950428e-10,172.5502693336866,260.42980613222875,209.52,0.0,True,True,scored_descriptively,published_mass_template_assumptions,False,False
UGC03205,20,7.19,235.0,5.43,173.9950696715283,217.51002829140472,1.36456569492305e-10,173.66596676599008,261.9238193510494,188.62,0.0,True,True,scored_descriptively,published_mass_template_assumptions,False,False
UGC03205,21,7.27,234.0,8.36,173.94302380377317,217.7816368016238,1.3487426002120687e-10,173.90389223120252,262.22418211695066,183.32,0.0,True,True,scored_descriptively,published_mass_template_assumptions,False,False
UGC03205,22,7.46,234.0,7.88,173.7601051162205,218.3648334661674,1.3116282699131062e-10,174.41994436683046,262.8625172197259,171.57,0.0,True,True,scored_descriptively,published_mass_template_assumptions,False,False
UGC03205,23,8.02,231.0,8.17,173.0824012717642,219.89855475075967,1.2105449214272874e-10,175.79288750711478,264.52169565252274,142.56,0.0,True,True,scored_descriptively,published_mass_template_assumptions,False,False
UGC03205,24,8.29,229.0,5.82,172.57475168749338,220.4421860517176,1.164258556984774e-10,176.30078675627442,265.08321160478926,129.68,0.0,True,True,scored_descriptively,published_mass_template_assumptions,False,False
UGC03205,25,8.56,228.0,7.21,171.991445804726,220.89787466017899,1.1199261481192563e-10,176.73941174091664,265.53790188663305,117.85,0.0,True,True,scored_descriptively,published_mass_template_assumptions,False,False
UGC03205,26,8.84,226.0,18.2,171.12009694948165,221.10607337062402,1.0734930201466071e-10,176.98749516655846,265.6858615673555,106.56,0.0,True,True,scored_descriptively,published_mass_template_assumptions,False,False
UGC03205,27,9.12,224.0,9.11,170.23992898259797,221.28738548321135,1.0298583044057528e-10,177.2144470785386,265.8014872053436,96.24,0.0,True,True,scored_descriptively,published_mass_template_assumptions,False,False
UGC03205,28,9.69,221.0,5.56,168.0401671327424,221.22348789674368,9.443911038054431e-11,177.34430499820357,265.5008822483538,78.11,0.0,True,True,scored_descriptively,published_mass_template_assumptions,False,False
UGC03205,29,12.11,216.0,3.21,156.11370718165654,217.75753214371716,6.522098980294415e-11,175.3914960749807,260.33966313610335,33.45,0.0,True,True,scored_descriptively,published_mass_template_assumptions,False,False
UGC03205,30,14.58,220.0,1.89,145.00933083770852,214.0309271461237,4.673947476443648e-11,173.20694316788897,254.92131988975757,16.19,0.0,True,True,scored_descriptively,published_mass_template_assumptions,False,False
UGC03205,31,14.68,220.0,7.66,144.57986886147046,213.8764081443517,4.614653026309907e-11,173.11454037823643,254.69927550225808,15.84,0.0,True,True,scored_descriptively,published_mass_template_assumptions,False,False
UGC03205,32,15.2,221.0,9.52,142.54483435045972,213.23683933173837,4.332203352463347e-11,172.7639349033405,253.7441694928271,14.51,0.0,True,True,scored_descriptively,published_mass_template_assumptions,False,False
UGC03205,33,15.5,221.0,13.6,141.5638708498747,213.03486247076088,4.1900828964170535e-11,172.68743441971273,253.40301337160773,13.84,0.0,True,True,scored_descriptively,published_mass_template_assumptions,False,False
UGC03205,34,15.71,221.0,8.15,140.98611155003886,212.99108587649303,4.1003972646386505e-11,172.72727641615836,253.265997054555,13.25,0.0,True,True,scored_descriptively,published_mass_template_assumptions,False,False
UGC03205,35,16.02,221.0,4.11,140.0749703908589,212.8591585966046,3.969246054014182e-11,172.7083747196859,253.0078085022037,12.42,0.0,True,True,scored_descriptively,published_mass_template_assumptions,False,False
UGC03205,36,16.32,221.0,5.37,139.1921650093855,212.71811284007697,3.847325050443206e-11,172.6815675397803,252.7398225934084,11.67,0.0,True,True,scored_descriptively,published_mass_template_assumptions,False,False
UGC03205,37,16.53,221.0,5.06,138.68705483930358,212.72217648159346,3.770929841116929e-11,172.7565019131684,252.66422217873998,11.18,0.0,True,True,scored_descriptively,published_mass_template_assumptions,False,False
UGC03205,38,16.84,221.0,11.4,137.9066393253059,212.68437203287664,3.6599716214604616e-11,172.8132614458761,252.51971577284317,10.5,0.0,True,True,scored_descriptively,published_mass_template_assumptions,False,False
UGC03205,39,16.94,221.0,2.56,137.71651571253173,212.72988165326473,3.6283410428513834e-11,172.8850639652388,252.53498395720604,10.27,0.0,True,True,scored_descriptively,published_mass_template_assumptions,False,False
UGC03205,40,19.4,218.0,1.7,131.88840384961827,212.36807216489586,2.9057680854040372e-11,173.3543737823,251.24946859879805,4.85,0.0,True,True,scored_descriptively,published_mass_template_assumptions,False,False
UGC03205,41,21.77,216.0,1.13,127.18995604999634,212.3561667443135,2.4082227803480316e-11,174.0191657931467,250.48345243521092,2.49,0.0,True,True,scored_descriptively,published_mass_template_assumptions,False,False
UGC03205,42,24.23,215.0,1.77,121.75870387779266,211.25539706865504,1.982878361148164e-11,173.67756918490971,248.55460148446272,0.86,0.0,True,True,scored_descriptively,published_mass_template_assumptions,False,False
UGC03205,43,26.69,212.0,2.47,116.62918854214838,209.97926019061532,1.6516399876472322e-11,173.03681922374304,246.58887687489815,0.4,0.0,True,True,scored_descriptively,published_mass_template_assumptions,False,False
UGC03205,44,29.06,208.0,1.44,111.56291646420866,208.19339190448767,1.3880130931589791e-11,171.7574103532935,244.26189175948642,0.19,0.0,True,True,scored_descriptively,published_mass_template_assumptions,False,False
UGC03205,45,31.52,209.0,2.88,106.62035016824883,206.27583770202457,1.1688087522382569e-11,170.2841003993936,241.87411996325227,0.09,0.0,True,True,scored_descriptively,published_mass_template_assumptions,False,False
UGC03205,46,36.34,220.0,4.09,98.2255161859687,202.92156474521437,8.604252987937134e-12,167.60585756705154,237.80914361062068,0.02,0.0,True,True,scored_descriptively,published_mass_template_assumptions,False,False
UGC03205,47,40.04,220.0,6.32,92.24257845485457,200.06472961763933,6.8868124280865235e-12,165.16157689460584,234.52719033311433,0.0,0.0,True,True,scored_descriptively,published_mass_template_assumptions,False,False
UGC03546,0,0.63,262.0,73.6,330.9007334836234,334.3357289996558,5.632541042678228e-09,242.6469125430968,432.3319914466603,1981.83,3538.94,True,True,scored_descriptively,published_mass_template_assumptions,False,False
UGC03546,1,0.79,250.0,55.5,314.1983140947768,318.69093170874334,4.049767252982121e-09,231.49724769055493,411.8515684183431,1833.29,1444.35,True,True,scored_descriptively,published_mass_template_assumptions,False,False
UGC03546,2,0.95,241.0,42.9,298.41563786102097,304.0404796973733,3.037868739588982e-09,221.074666636562,392.64831756798463,1695.88,614.37,True,True,scored_descriptively,published_mass_template_assumptions,False,False
UGC03546,3,1.11,234.0,31.9,284.29931793797886,291.1118469077477,2.359815837760883e-09,211.90170842797443,375.6693237500337,1568.78,245.76,True,True,scored_descriptively,published_mass_template_assumptions,False,False
UGC03546,4,1.27,228.0,28.8,272.59937925461236,280.6207346912816,1.896249411133353e-09,204.49074542764686,361.8487833577228,1451.19,56.22,True,True,scored_descriptively,published_mass_template_assumptions,False,False
UGC03546,5,1.43,225.0,24.2,262.40387862987086,271.65479207341076,1.5604645879680562e-09,198.1808804959231,350.00544736786037,1332.14,9.44,True,True,scored_descriptively,published_mass_template_assumptions,False,False
UGC03546,6,1.59,222.0,12.2,254.2228406929637,264.6891171170814,1.3172902121990547e-09,193.3114202203692,340.760903263215,1252.07,1.58,True,True,scored_descriptively,published_mass_template_assumptions,False,False
UGC03546,7,1.9,221.0,6.34,243.03425443751752,255.76913056200505,1.0074670076097778e-09,187.16411175921482,328.8052923969771,1066.65,0.05,True,True,scored_descriptively,published_mass_template_assumptions,False,False
UGC03546,8,2.06,221.0,12.2,239.087158647218,252.93855753367893,8.992795884373713e-10,185.26209852999935,324.94667770005464,987.42,0.01,True,True,scored_descriptively,published_mass_template_assumptions,False,False
UGC03546,9,2.22,222.0,16.9,235.98073783679888,250.9139496637957,8.129233341499308e-10,183.93583505552996,322.14119087971903,907.47,0.0,True,True,scored_descriptively,published_mass_template_assumptions,False,False
UGC03546,10,2.38,222.0,26.0,233.5107493885453,249.49354937331927,7.424825528790059e-10,183.04011602184832,320.12657217350824,828.95,0.0,True,True,scored_descriptively,published_mass_template_assumptions,False,False
UGC03546,11,2.79,221.0,13.1,227.74854901842954,246.36895983267308,6.024992200585549e-10,181.0977563716018,315.6540484795406,608.92,0.0,True,True,scored_descriptively,published_mass_template_assumptions,False,False
UGC03546,12,2.86,221.0,11.8,226.7863472963044,245.85212899982668,5.827969012880369e-10,180.77567307467044,314.91479191476384,578.56,0.0,True,True,scored_descriptively,published_mass_template_assumptions,False,False
UGC03546,13,3.02,220.0,22.9,224.5044645881235,244.5887579616237,5.408694798470118e-10,179.9778978313408,313.1210989285292,513.59,0.0,True,True,scored_descriptively,published_mass_template_assumptions,False,False
UGC03546,14,4.17,205.0,8.45,205.36518972308818,232.7910348898829,3.277683850122584e-10,172.18563314843433,296.8087291862371,210.33,0.0,True,True,scored_descriptively,published_mass_template_assumptions,False,False
UGC03546,15,5.56,190.0,13.3,183.6550088617242,219.4325589613143,1.9659850821462606e-10,163.18960366082428,278.53989988365896,128.85,0.0,True,True,scored_descriptively,published_mass_template_assumptions,False,False
UGC03546,16,6.96,190.0,8.87,171.1659279763353,213.98113868844044,1.3641899730276285e-10,159.7205319834837,270.7830704393267,94.62,0.0,True,True,scored_descriptively,published_mass_template_assumptions,False,False
UGC03546,17,8.35,198.0,3.19,162.70768460647457,211.56705019230554,1.0274935615184466e-10,158.3506676481477,267.1050649774391,73.26,0.0,True,True,scored_descriptively,published_mass_template_assumptions,False,False
UGC03546,18,9.73,204.0,2.56,158.19958321689725,212.2373499994025,8.33579996941302e-11,159.1945473803891,267.4658370414988,49.74,0.0,True,True,scored_descriptively,published_mass_template_assumptions,False,False
UGC03546,19,11.14,204.0,1.09,150.9141603031339,209.96462753323476,6.625585262978839e-11,157.90601981044168,264.026329814791,28.48,0.0,True,True,scored_descriptively,published_mass_template_assumptions,False,False
UGC03546,20,12.51,201.0,0.57,144.91050524375382,208.34567404828135,5.439912151777528e-11,157.1010162236907,261.4373043067065,22.2,0.0,True,True,scored_descriptively,published_mass_template_assumptions,False,False
UGC03546,21,13.88,203.0,0.75,140.7739165470649,208.14800340330186,4.627051951618253e-11,157.3432088338751,260.67760864489645,16.63,0.0,True,True,scored_descriptively,published_mass_template_assumptions,False,False
UGC03546,22,15.35,202.0,0.89,136.94946064150818,208.2003485997234,3.959694928269687e-11,157.7359460536293,260.2814841307601,10.43,0.0,True,True,scored_descriptively,published_mass_template_assumptions,False,False
UGC03546,23,16.72,198.0,1.58,132.38578220488785,206.99954232858508,3.397002553370973e-11,157.12389764066214,258.387744026934,5.62,0.0,True,True,scored_descriptively,published_mass_template_assumptions,False,False
UGC03546,24,18.08,195.0,1.5,127.35011641141126,205.04351678549162,2.9070313895380894e-11,155.8676826895832,255.6372449880445,2.73,0.0,True,True,scored_descriptively,published_mass_template_assumptions,False,False
UGC03546,25,19.45,194.0,2.16,122.24023650173456,202.77171566525382,2.4897641660681425e-11,154.31976991667182,252.5572920313504,1.14,0.0,True,True,scored_descriptively,published_mass_template_assumptions,False,False
UGC03546,26,20.92,192.0,6.21,117.0173044040923,200.3167800566257,2.1212309429330728e-11,152.60274342219623,249.28624256322894,0.0,0.0,True,True,scored_descriptively,published_mass_template_assumptions,False,False
UGC03546,27,22.92,190.0,3.14,110.4579165564877,197.11025329835306,1.7251566484198377e-11,150.3036118529621,245.08500135658448,0.0,0.0,True,True,scored_descriptively,published_mass_template_assumptions,False,False
UGC03546,28,25.02,191.0,14.6,104.84923199527978,194.6281406847988,1.4239431698055986e-11,148.49903800008488,241.85918377376146,0.0,0.0,True,True,scored_descriptively,published_mass_template_assumptions,False,False
UGC03546,29,29.23,193.0,18.6,96.02555165163072,191.14491701801862,1.0223374287361435e-11,145.9745063462051,237.31948560089148,0.0,0.0,True,True,scored_descriptively,published_mass_template_assumptions,False,False
UGC03580,0,0.11,56.2,28.5,37.63152003307865,41.79007994384046,4.172153625612658e-10,31.707075366109837,52.18255612848274,655.22,4452.47,True,True,scored_descriptively,published_mass_template_assumptions,False,False
UGC03580,1,0.23,64.6,22.7,64.90756827982388,70.28082091587098,5.936251557096562e-10,53.13769579563242,87.99678004733663,599.52,2773.9,True,True,scored_descriptively,published_mass_template_assumptions,False,False
UGC03580,2,0.34,70.2,17.2,77.97466428270147,84.56080960297048,5.795321915364129e-10,63.949749388315304,105.85706105927247,552.64,1731.65,True,True,scored_descriptively,published_mass_template_assumptions,False,False
UGC03580,3,0.46,71.6,11.7,85.31102460995297,93.28695813448404,5.127455962329207e-10,70.63400740358816,116.67259442592966,505.66,1079.38,True,True,scored_descriptively,published_mass_template_assumptions,False,False
UGC03580,4,0.57,71.0,11.3,87.6634969642439,96.99888390958832,4.369303182569304e-10,73.56382682962729,121.16194328383585,466.11,777.25,True,True,scored_descriptively,published_mass_template_assumptions,False,False
UGC03580,5,0.69,69.0,9.37,89.99191435901339,100.69387648270684,3.8037095328058646e-10,76.47659971427291,125.63435223309085,426.49,601.37,True,True,scored_descriptively,published_mass_template_assumptions,False,False
UGC03580,6,0.8,67.7,6.23,92.28017457720807,104.12599486827638,3.4496599187317844e-10,79.16535407493967,129.8096503263758,393.14,459.37,True,True,scored_descriptively,published_mass_template_assumptions,False,False
UGC03580,7,0.92,66.9,4.0,94.191053821475,107.23824195488565,3.1252224771072013e-10,81.61807492507363,133.57629159895882,359.72,348.84,True,True,scored_descriptively,published_mass_template_assumptions,False,False
UGC03580,8,1.03,66.6,3.1,96.04393463410378,110.11712438212322,2.9023655939689745e-10,83.87654575833206,137.07370923900206,331.59,233.68,True,True,scored_descriptively,published_mass_template_assumptions,False,False
UGC03580,9,1.14,66.8,3.02,96.87184224530883,111.99299006806822,2.667716784983879e-10,85.38377039982456,139.30541127458028,305.66,159.27,True,True,scored_descriptively,published_mass_template_assumptions,False,False
UGC03580,10,1.26,67.4,3.09,97.26027991939978,113.5113684415647,2.4330438713376096e-10,86.62857050265156,141.0786578052407,279.67,96.37,True,True,scored_descriptively,published_mass_template_assumptions,False,False
UGC03580,11,1.37,68.3,2.71,97.0755045312668,114.36255235277048,2.2291957191943243e-10,87.36207306497984,142.02511929948827,257.8,50.26,True,True,scored_descriptively,published_mass_template_assumptions,False,False
UGC03580,12,1.49,69.6,2.75,96.33842727593179,114.75772255658222,2.0186558781390585e-10,87.75894669159122,142.3891724581426,239.14,24.69,True,True,scored_descriptively,published_mass_template_assumptions,False,False
UGC03580,13,1.61,71.2,2.61,95.53468987755181,115.05327538240994,1.837154898241164e-10,88.07557069774317,142.6347298905096,221.75,12.13,True,True,scored_descriptively,published_mass_template_assumptions,False,False
UGC03580,14,1.71,72.9,4.09,94.85188110944347,115.26029080816932,1.7050818869654783e-10,88.30653841252,142.79437245053964,205.51,6.74,True,True,scored_descriptively,published_mass_template_assumptions,False,False
UGC03580,15,1.83,74.9,6.17,93.98202019535438,115.43157617724988,1.5641842817718905e-10,88.52108985519875,142.89481899332878,183.4,3.33,True,True,scored_descriptively,published_mass_template_assumptions,False,False
UGC03580,16,1.94,77.0,7.74,93.07800046197812,115.46277226424033,1.4472441905125663e-10,88.62048034096627,142.8322147165633,167.21,1.73,True,True,scored_descriptively,published_mass_template_assumptions,False,False
UGC03580,17,2.06,79.2,5.36,92.13233905638128,115.50528459400361,1.3353848005584636e-10,88.7309499798368,142.78030587125883,154.41,0.85,True,True,scored_descriptively,published_mass_template_assumptions,False,False
UGC03580,18,2.18,81.4,6.34,91.33984218291599,115.66021917099307,1.2402621064558963e-10,88.92168326928098,142.87559779634987,146.81,0.42,True,True,scored_descriptively,published_mass_template_assumptions,False,False
UGC03580,19,2.29,83.6,2.03,90.90635659842495,116.04845508963857,1.169506060786691e-10,89.2790415385043,143.2765874845112,140.69,0.22,True,True,scored_descriptively,published_mass_template_assumptions,False,False
UGC03580,20,2.4,85.7,1.94,90.63191998407625,116.56240114259164,1.1091762807179436e-10,89.72855871868036,143.83908233134983,131.91,0.11,True,True,scored_descriptively,published_mass_template_assumptions,False,False
UGC03580,21,2.52,87.8,1.7,90.36503012780994,117.13086976463127,1.0501460651857108e-10,90.22261713721826,144.4655690488811,120.79,0.06,True,True,scored_descriptively,published_mass_template_assumptions,False,False
UGC03580,22,2.63,89.7,2.16,90.08267907872191,117.59798329643301,9.999454157488383e-11,90.6353801347277,144.97185310655783,108.91,0.03,True,True,scored_descriptively,published_mass_template_assumptions,False,False
UGC03580,23,2.75,91.4,1.88,89.60210198427266,117.92808987136388,9.461351053486699e-11,90.94894795008204,145.3007400827805,96.05,0.01,True,True,scored_descriptively,published_mass_template_assumptions,False,False
UGC03580,24,2.86,92.8,3.36,89.08867660931999,118.14545723819931,8.99349374491661e-11,91.17335703441832,145.49422678346363,86.65,0.01,True,True,scored_descriptively,published_mass_template_assumptions,False,False
UGC03580,25,2.98,94.1,1.4,88.47995552666153,118.31881717863804,8.513790947129095e-11,91.36970525349592,145.62613428248684,77.7,0.0,True,True,scored_descriptively,published_mass_template_assumptions,False,False
UGC03580,26,3.09,95.2,5.51,87.86758600303072,118.41065505983374,8.097451689542625e-11,91.50114597637665,145.66097856087217,70.44,0.0,True,True,scored_descriptively,published_mass_template_assumptions,False,False
UGC03580,27,3.2,96.1,6.23,87.24341361959652,118.47613175504223,7.708409477118451e-11,91.61278537583347,145.66306528393307,64.18,0.0,True,True,scored_descriptively,published_mass_template_assumptions,False,False
UGC03580,28,4.52,97.4,2.3,80.08455987267457,118.54227003151436,4.598419691742198e-11,92.2971864146282,144.93874314272728,28.91,0.0,True,True,scored_descriptively,published_mass_template_assumptions,False,False
UGC03580,29,4.69,96.9,11.7,79.29785274520363,118.56115480408505,4.345096909699567e-11,92.37395654314582,144.8828724775997,26.51,0.0,True,True,scored_descriptively,published_mass_template_assumptions,False,False
UGC03580,30,6.03,96.8,2.3,73.94611531378777,118.81357512389559,2.938751542168907e-11,93.03071330141569,144.61727917588428,14.16,0.0,True,True,scored_descriptively,published_mass_template_assumptions,False,False
UGC03580,31,7.53,105.0,1.02,70.28707455855593,120.2654005056186,2.1262063660669706e-11,94.6242159603459,145.83183726372968,8.19,0.0,True,True,scored_descriptively,published_mass_template_assumptions,False,False
UGC03580,32,8.58,110.0,7.12,68.09209300645708,121.13854190184776,1.7512797835112653e-11,95.65258291232773,146.48569600466664,5.41,0.0,True,True,scored_descriptively,published_mass_template_assumptions,False,False
UGC03580,33,8.7,110.0,5.26,67.89539527832501,121.27276031234041,1.717160320064081e-11,95.78970870193903,146.61089613703186,5.18,0.0,True,True,scored_descriptively,published_mass_template_assumptions,False,False
UGC03580,34,8.82,110.0,5.16,67.71459466023555,121.41974417740423,1.684788680141788e-11,95.94582309052936,146.7415399131224,4.95,0.0,True,True,scored_descriptively,published_mass_template_assumptions,False,False
UGC03580,35,9.03,111.0,0.82,67.39323460110815,121.662206011359,1.6300251562634398e-11,96.20679348246242,146.95296234699165,4.58,0.0,True,True,scored_descriptively,published_mass_template_assumptions,False,False
UGC03580,36,9.05,111.0,7.81,67.34501637092384,121.66589061265482,1.6240963907779034e-11,96.21288357764215,146.9534748613394,4.54,0.0,True,True,scored_descriptively,published_mass_template_assumptions,False,False
UGC03580,37,10.53,112.0,1.43,65.60118573623498,123.62401357886831,1.3244771254565395e-11,98.23858113325782,148.75771936843014,2.67,0.0,True,True,scored_descriptively,published_mass_template_assumptions,False,False
UGC03580,38,12.07,112.0,1.21,64.24899493377309,125.7083128862533,1.1083447314736286e-11,100.32253842411565,150.76022131053261,1.5,0.0,True,True,scored_descriptively,published_mass_template_assumptions,False,False
UGC03580,39,13.58,114.0,1.35,62.77208232964715,127.21428844656594,9.403353356217117e-12,101.89772617856869,152.12130516137208,0.69,0.0,True,True,scored_descriptively,published_mass_template_assumptions,False,False
UGC03580,40,15.09,118.0,1.36,61.26573691713828,128.37379808035737,8.061122823288111e-12,103.13379019115737,153.13822303427273,0.37,0.0,True,True,scored_descriptively,published_mass_template_assumptions,False,False
UGC03580,41,16.6,122.0,1.44,59.83251122926397,129.3504203556274,6.989012685056018e-12,104.16425588403392,154.00518481424706,0.2,0.0,True,True,scored_descriptively,published_mass_template_assumptions,False,False
UGC03580,42,18.11,125.0,1.64,58.56247236925709,130.29388422295955,6.137193425277286e-12,105.13589481493005,154.87024125738554,0.11,0.0,True,True,scored_descriptively,published_mass_template_assumptions,False,False
UGC03580,43,19.62,128.0,1.97,57.31128012878442,131.06010187557885,5.425386345529338e-12,105.92360239457717,155.5731378293824,0.06,0.0,True,True,scored_descriptively,published_mass_template_assumptions,False,False
UGC03580,44,21.02,131.0,1.81,56.02556898417008,131.4472178262194,4.839375202225798e-12,106.34904442441125,155.89341941851,0.03,0.0,True,True,scored_descriptively,published_mass_template_assumptions,False,False
UGC03580,45,24.04,127.0,1.93,52.17523378002249,130.3351696044206,3.66981185083276e-12,105.49045884249477,154.51852157809117,0.01,0.0,True,True,scored_descriptively,published_mass_template_assumptions,False,False
UGC03580,46,27.06,124.0,1.92,48.998875191171486,129.44874567944578,2.8753709692737786e-12,104.79622142965601,153.4347295259572,0.0,0.0,True,True,scored_descriptively,published_mass_template_assumptions,False,False
UGC04278,0,0.14,5.23,5.31,2.8966014568801146,8.383258854410249,1.9422221765875044e-12,6.554197116436842,10.083087907469174,79.35,0.0,True,False,inclination,published_mass_template_assumptions,False,False
UGC04278,1,0.42,15.4,7.78,8.021888805013441,18.712480012573597,4.965390852886844e-12,14.711554066147574,22.43495522665374,66.89,0.0,True,False,inclination,published_mass_template_assumptions,False,False
UGC04278,2,0.69,24.4,4.0,12.996805376707,27.327776843170092,7.93366019124796e-12,21.5785436759806,32.674790611370625,63.43,0.0,True,False,inclination,published_mass_template_assumptions,False,False
UGC04278,3,0.97,32.1,4.0,17.419889494483023,34.73738671528229,1.0138378756382275e-11,27.420424419633257,41.550245178484005,52.56,0.0,True,False,inclination,published_mass_template_assumptions,False,False
UGC04278,4,1.25,34.6,4.0,20.43803317347342,40.1860636076608,1.0829730299900256e-11,31.65564018778264,48.14011172073941,40.76,0.0,True,False,inclination,published_mass_template_assumptions,False,False
UGC04278,5,1.52,37.9,4.0,20.772156845161746,42.29621036267736,9.199602301037357e-12,33.038219375884175,50.95396058180296,26.46,0.0,True,False,inclination,published_mass_template_assumptions,False,False
UGC04278,6,1.8,40.5,4.0,19.547420545944163,42.406302511992294,6.87948396545844e-12,32.76767476499368,51.429544636554056,21.33,0.0,True,False,inclination,published_mass_template_assumptions,False,False
UGC04278,7,2.07,43.0,4.0,19.68061482779438,43.90364980328248,6.063961466332859e-12,33.94837747688354,53.21593620046327,17.73,0.0,True,False,inclination,published_mass_template_assumptions,False,False
UGC04278,8,2.35,45.1,4.0,20.534759555446467,46.23784858433687,5.815148859270184e-12,35.968669162850425,55.83108226108998,15.71,0.0,True,False,inclination,published_mass_template_assumptions,False,False
UGC04278,9,2.63,45.6,4.0,21.40495386586946,48.515814043461226,5.6457585195523496e-12,37.94720188329027,58.372492861546675,14.32,0.0,True,False,inclination,published_mass_template_assumptions,False,False
UGC04278,10,2.91,49.2,13.0,22.065955678374777,50.46662589781872,5.422529817930976e-12,39.53137271547557,60.65847537299371,13.15,0.0,True,False,inclination,published_mass_template_assumptions,False,False
UGC04278,11,3.19,50.3,4.0,22.284842382211277,51.797526358469206,5.045194401893359e-12,40.511969006936354,62.318188745994114,11.82,0.0,True,False,inclination,published_mass_template_assumptions,False,False
UGC04278,12,3.46,53.7,4.19,22.29922195952137,52.77185395419879,4.657499068804753e-12,41.1578552521526,63.60391448490096,10.46,0.0,True,False,inclination,published_mass_template_assumptions,False,False
UGC04278,13,3.74,58.0,7.53,22.17367921658469,53.54235308453227,4.260429403311909e-12,41.64238547021803,64.6441129161959,9.02,0.0,True,False,inclination,published_mass_template_assumptions,False,False
UGC04278,14,4.01,64.4,4.0,22.022535049353422,54.19366873901556,3.919581524152533e-12,42.08236358725392,65.491935756142,7.85,0.0,True,False,inclination,published_mass_template_assumptions,False,False
UGC04278,15,4.29,67.5,4.0,21.784175449164927,54.7092194043292,3.5848782844746154e-12,42.37373170238917,66.21655030162893,7.26,0.0,True,False,inclination,published_mass_template_assumptions,False,False
UGC04278,16,4.57,71.3,4.0,22.775698672049554,56.86345105044351,3.678550067226989e-12,44.2842196335831,68.5887233239596,6.6,0.0,True,False,inclination,published_mass_template_assumptions,False,False
UGC04278,17,4.85,75.6,4.0,24.781810870071624,60.35099140081999,4.103682881191087e-12,47.477915366913884,72.31720125281797,5.83,0.0,True,False,inclination,published_mass_template_assumptions,False,False
UGC04278,18,5.13,80.0,4.0,26.694884341386462,63.660936158136835,4.501820523955326e-12,50.4870316565064,75.860197841363,4.74,0.0,True,False,inclination,published_mass_template_assumptions,False,False
UGC04278,19,5.4,82.8,4.0,30.221001803381704,68.9519070717745,5.481171722266999e-12,55.35217424687358,81.43306563457804,4.0,0.0,True,False,inclination,published_mass_template_assumptions,False,False
UGC04278,20,5.68,84.8,15.7,34.59297905645017,75.17117910919715,6.827741133050007e-12,60.92836486897038,88.10580743941458,3.57,0.0,True,False,inclination,published_mass_template_assumptions,False,False
UGC04278,21,5.86,86.3,16.8,37.03658056570558,78.64117657452337,7.586013395561327e-12,63.980259870043774,91.88802409568171,3.09,0.0,True,False,inclination,published_mass_template_assumptions,False,False
UGC04278,22,6.36,90.2,8.07,44.33737644471084,88.64271953804453,1.0016876552655088e-11,72.73902706697868,102.81117383250455,1.48,0.0,True,False,inclination,published_mass_template_assumptions,False,False
UGC04278,23,6.51,91.3,4.0,46.033316195990054,91.02045218008789,1.0549041250263552e-11,74.81509415379112,105.41162570736478,1.14,0.0,True,False,inclination,published_mass_template_assumptions,False,False
UGC04278,24,6.69,92.8,8.75,45.51625863359158,90.96264411287362,1.0035902883654284e-11,74.78115882941076,105.32708481384374,0.79,0.0,True,False,inclination,published_mass_template_assumptions,False,False
UGC04305,0,0.25,3.17,3.22,4.440681254041996,12.055226901227078,2.5562813326036627e-12,8.582471793838538,15.494476768404258,73.77,0.0,True,False,quality,published_mass_template_assumptions,False,False
UGC04305,1,0.5,10.5,3.32,8.6891858076577,20.335439181642897,4.89370311745328e-12,14.360644344909653,26.28524015722548,58.74,0.0,True,False,quality,published_mass_template_assumptions,False,False
UGC04305,2,0.75,17.5,4.47,13.538794259460477,28.477765948687633,7.920419212491975e-12,20.41563519742702,36.45129623772363,53.03,0.0,True,False,quality,published_mass_template_assumptions,False,False
UGC04305,3,1.0,22.7,4.96,18.187758245589254,35.83889799208427,1.0720321267010683e-11,25.634958794441545,45.9555792463236,53.05,0.0,True,False,quality,published_mass_template_assumptions,False,False
UGC04305,4,1.26,29.7,5.29,22.075909947270578,42.08473627206416,1.253476329712457e-11,30.099482497177643,53.974513357376075,33.12,0.0,True,False,quality,published_mass_template_assumptions,False,False
UGC04305,5,1.5,34.5,4.7,22.98403141313551,44.691167350426554,1.1413283599225534e-11,32.05965359016299,57.19142719482131,23.92,0.0,True,False,quality,published_mass_template_assumptions,False,False
UGC04305,6,1.76,36.0,3.51,23.44413252820415,46.76805693231655,1.0120573481773802e-11,33.589366091614366,59.79369264598394,17.24,0.0,True,False,quality,published_mass_template_assumptions,False,False
UGC04305,7,2.01,37.3,3.45,22.789488805148746,47.35845822670626,8.37379962382715e-12,34.05264592204994,60.491571336698975,13.58,0.0,True,False,quality,published_mass_template_assumptions,False,False
UGC04305,8,2.26,35.6,3.57,23.593933542332444,49.54344386294961,7.982551318311353e-12,35.75701049846197,63.109392552049975,14.97,0.0,True,False,quality,published_mass_template_assumptions,False,False
UGC04305,9,2.51,34.9,3.88,25.236229908605605,52.650745446609086,8.222893848463551e-12,38.07888682896205,66.96531568016904,13.82,0.0,True,False,quality,published_mass_template_assumptions,False,False
UGC04305,10,2.76,32.7,3.27,27.841058708317828,56.82123428010295,9.101476769492331e-12,41.28163620811549,72.02633226521141,11.76,0.0,True,False,quality,published_mass_template_assumptions,False,False
UGC04305,11,3.01,32.8,3.21,29.87579203971001,60.263987825287984,9.609965192310187e-12,43.93089017938117,76.1927397153011,8.8,0.0,True,False,quality,published_mass_template_assumptions,False,False
UGC04305,12,3.27,33.2,3.21,31.06365722190483,62.72573697606523,9.563280024381564e-12,45.890488443000805,79.07966120764077,5.53,0.0,True,False,quality,published_mass_template_assumptions,False,False
UGC04305,13,3.51,32.1,3.23,32.250427128954435,65.06392205057054,9.603140436459129e-12,47.79566534349579,81.75762117086218,4.03,0.0,True,False,quality,published_mass_template_assumptions,False,False
UGC04305,14,3.76,30.1,3.16,32.7217504116146,66.58276750399831,9.228575407712448e-12,49.04514038775977,83.47726965462975,2.74,0.0,True,False,quality,published_mass_template_assumptions,False,False
UGC04305,15,4.02,32.3,3.16,33.093784914995744,67.98664007400725,8.829096867433989e-12,50.226708607692885,85.02681697918759,1.92,0.0,True,False,quality,published_mass_template_assumptions,False,False
UGC04305,16,4.26,33.6,3.12,33.150523374450664,68.91374862656833,8.36027637029523e-12,51.00978108543282,86.04454895333414,1.67,0.0,True,False,quality,published_mass_template_assumptions,False,False
UGC04305,17,4.52,35.1,3.12,33.33016876644941,70.0215516497094,7.965004864514688e-12,51.902515842174324,87.3219630477929,1.74,0.0,True,False,quality,published_mass_template_assumptions,False,False
UGC04305,18,4.77,35.3,3.12,33.68693144232641,71.27560261673935,7.709992953769019e-12,52.882312556065564,88.81249445280564,1.45,0.0,True,False,quality,published_mass_template_assumptions,False,False
UGC04305,19,5.02,35.2,3.13,33.86760989500144,72.29410993638562,7.404825610920374e-12,53.6659195208096,90.04049249757567,1.14,0.0,True,False,quality,published_mass_template_assumptions,False,False
UGC04305,20,5.27,34.6,3.11,33.659483061984176,72.81784445819609,6.967126938125843e-12,54.13038649862811,90.58153659873908,0.0,0.0,True,False,quality,published_mass_template_assumptions,False,False
UGC04305,21,5.52,33.0,3.11,33.23266465392145,73.04353295317298,6.48396567944792e-12,54.3727842177059,90.75195483836455,0.0,0.0,True,False,quality,published_mass_template_assumptions,False,False
UGC04325,0,0.7,41.3,3.05,15.10322316593382,29.856194967436544,1.0560651080714814e-11,22.054239535930467,37.92339042495156,87.42,0.0,True,True,scored_descriptively,published_mass_template_assumptions,False,False
UGC04325,1,1.4,68.7,3.07,23.76187492602383,44.90316866644956,1.3070217968766547e-11,33.24656538613975,56.95233622843767,61.1,0.0,True,True,scored_descriptively,published_mass_template_assumptions,False,False
UGC04325,2,2.09,83.8,3.05,32.198659133572626,58.292063247842705,1.607602754629594e-11,43.46543638860732,73.56834052123072,42.17,0.0,True,True,scored_descriptively,published_mass_template_assumptions,False,False
UGC04325,3,2.79,88.7,3.05,38.73000968241552,68.97365848353837,1.7423703121160745e-11,51.69545498997196,86.7177073655138,29.93,0.0,True,True,scored_descriptively,published_mass_template_assumptions,False,False
UGC04325,4,3.49,90.1,3.05,42.835165460168355,76.63247485072152,1.703824761125501e-11,57.6149083153907,96.11524032634996,17.39,0.0,True,True,scored_descriptively,published_mass_template_assumptions,False,False
UGC04325,5,4.19,91.6,3.05,43.939070313332756,80.76372450553663,1.4932659391058518e-11,60.963519416793076,100.97535024630736,9.83,0.0,True,True,scored_descriptively,published_mass_template_assumptions,False,False
UGC04325,6,4.89,92.7,3.05,44.01827120639791,83.49053144982473,1.2841228068747595e-11,63.20202775599941,104.14205523386636,4.64,0.0,True,True,scored_descriptively,published_mass_template_assumptions,False,False
UGC04325,7,5.59,91.5,3.05,43.46634272629801,85.25922076230057,1.0953271354976622e-11,64.75585183756077,106.05816746608049,1.75,0.0,True,True,scored_descriptively,published_mass_template_assumptions,False,False
UGC04483,0,0.08,5.11,2.79,3.131285678439449,7.6823269789125845,3.971959861754691e-12,6.749652261807135,8.617366529729138,41.7,0.0,True,True,scored_descriptively,published_mass_template_assumptions,False,False
UGC04483,1,0.24,10.8,1.94,7.724946601757193,16.18789798609118,8.058035664238943e-12,14.305988867353612,18.08226403846807,19.51,0.0,True,True,scored_descriptively,published_mass_template_assumptions,False,False
UGC04483,2,0.4,17.3,1.56,10.124211080375597,21.077004265821568,8.304468572382402e-12,18.843845995989057,23.32530218941997,6.19,0.0,True,True,scored_descriptively,published_mass_template_assumptions,False,False
UGC04483,3,0.57,20.8,1.25,11.620215144307785,24.60924285941024,7.677201455896473e-12,22.18613672938367,27.040630139490997,2.73,0.0,True,True,scored_descriptively,published_mass_template_assumptions,False,False
UGC04483,4,0.73,20.8,1.62,12.436854505862808,26.99165655379979,6.866694121473404e-12,24.451316417957397,29.531542334148632,1.13,0.0,True,True,scored_descriptively,published_mass_template_assumptions,False,False
UGC04483,5,0.89,22.9,1.76,12.814538618303821,28.675975520423012,5.979507247078133e-12,26.05955592367162,31.283656293279954,0.46,0.0,True,True,scored_descriptively,published_mass_template_assumptions,False,False
UGC04483,6,1.05,24.3,2.23,13.158440257112542,30.192734572964415,5.344031159239659e-12,27.505406426918814,32.86324116110237,0.19,0.0,True,True,scored_descriptively,published_mass_template_assumptions,False,False
UGC04483,7,1.21,24.2,1.23,13.372875532210715,31.44831094916418,4.789759299939138e-12,28.69859601738238,34.17442119452236,0.0,0.0,True,True,scored_descriptively,published_mass_template_assumptions,False,False
UGC04499,0,0.91,26.0,4.1,21.061391217106245,38.26638193828278,1.5797274801386465e-11,28.58624223269832,48.07174500493161,60.69,0.0,True,True,scored_descriptively,published_mass_template_assumptions,False,False
UGC04499,1,1.82,45.1,3.02,25.71796551051424,49.67588855488946,1.177745045469084e-11,37.35293249750705,62.1082407561661,25.56,0.0,True,True,scored_descriptively,published_mass_template_assumptions,False,False
UGC04499,2,2.73,57.0,2.97,30.178014348197266,59.359001228914735,1.0811056302846395e-11,45.33515400420331,73.3731258243086,15.15,0.0,True,True,scored_descriptively,published_mass_template_assumptions,False,False
UGC04499,3,3.63,62.0,2.85,35.09274640150012,68.77937945506592,1.0994552202790996e-11,52.9854277611468,84.44769820722706,9.97,0.0,True,True,scored_descriptively,published_mass_template_assumptions,False,False
UGC04499,4,4.55,66.9,2.75,36.6476888766536,73.99681598141122,9.566019057371543e-12,57.318908400655715,90.44594586676064,5.38,0.0,True,True,scored_descriptively,published_mass_template_assumptions,False,False
UGC04499,5,5.45,70.6,2.86,37.681245998507,78.1646638002599,8.443129736904392e-12,60.79710734200867,95.21068022842867,3.28,0.0,True,True,scored_descriptively,published_mass_template_assumptions,False,False
UGC04499,6,6.37,72.8,2.66,37.51771514897995,80.67586579260661,7.161150250263492e-12,62.88851283479651,98.08391971403996,2.46,0.0,True,True,scored_descriptively,published_mass_template_assumptions,False,False
UGC04499,7,7.28,73.3,2.66,39.21327390055566,85.1633026468721,6.845170676449461e-12,66.5909435770832,103.2652842790353,1.53,0.0,True,True,scored_descriptively,published_mass_template_assumptions,False,False
UGC04499,8,8.18,74.3,2.67,39.87276514113361,88.20233523996463,6.2986700727433704e-12,69.06557501582007,106.81644278504234,0.0,0.0,True,True,scored_descriptively,published_mass_template_assumptions,False,False
UGC05005,0,0.78,14.5,8.1,11.578095698343487,26.322136433828728,5.5696656095177275e-12,17.473558729161052,35.801586833156335,53.49,0.0,True,True,scored_descriptively,published_mass_template_assumptions,False,False
UGC05005,1,2.34,32.6,26.8,22.390903286826102,48.476034806943346,6.9434741912398315e-12,32.284302478387836,65.7909349711182,27.34,0.0,True,True,scored_descriptively,published_mass_template_assumptions,False,False
UGC05005,2,3.91,48.6,11.3,30.552566177000582,64.59460494916478,7.736919608642542e-12,43.05955975072888,87.61250937791552,21.36,0.0,True,True,scored_descriptively,published_mass_template_assumptions,False,False
UGC05005,3,5.47,58.1,6.1,34.745331341059334,74.73424558803929,7.152453509815723e-12,49.94926180663151,101.16883574072581,11.76,0.0,True,True,scored_descriptively,published_mass_template_assumptions,False,False
UGC05005,4,7.04,65.9,8.71,35.75632601372798,80.29688529650932,5.885489271487314e-12,53.87249824909338,108.38381190675571,7.46,0.0,True,True,scored_descriptively,published_mass_template_assumptions,False,False
UGC05005,5,8.6,72.5,12.2,37.35681129325681,86.02607151389735,5.258847787035273e-12,57.97359993073758,115.72337468883471,4.27,0.0,True,True,scored_descriptively,published_mass_template_assumptions,False,False
UGC05005,6,10.17,78.6,28.4,38.62869658686402,90.99035035014664,4.754979080788389e-12,61.651763943302214,121.88499834576939,2.88,0.0,True,True,scored_descriptively,published_mass_template_assumptions,False,False
UGC05005,7,17.97,97.1,10.0,42.63254214798831,109.28598837510914,3.2778104678843755e-12,75.43038755659104,144.14154785761318,0.23,0.0,True,True,scored_descriptively,published_mass_template_assumptions,False,False
UGC05005,8,21.07,99.4,10.0,42.619582940240036,113.34551114355104,2.7938514465255073e-12,78.47521993982721,149.08088595267634,0.09,0.0,True,True,scored_descriptively,published_mass_template_assumptions,False,False
UGC05005,9,22.72,100.0,10.0,42.584646881241135,115.28902575013873,2.5867069410732206e-12,79.9226726994893,151.4614797326337,0.05,0.0,True,True,scored_descriptively,published_mass_template_assumptions,False,False
UGC05005,10,28.61,99.1,10.0,43.08011838423846,122.39425583388402,2.1022548985075895e-12,85.14765422758244,160.27416300579299,0.0,0.0,True,True,scored_descriptively,published_mass_template_assumptions,False,False
UGC05253,0,0.13,232.0,33.4,125.60121663423487,127.44872167750434,3.932726955268884e-09,89.66091072524523,169.75290041498346,789.02,34497.8,True,True,scored_descriptively,published_mass_template_assumptions,False,False
UGC05253,1,0.25,233.0,16.9,185.02421133462508,187.44572334844298,4.437788184396643e-09,131.8241409156437,249.72351228209797,767.45,20300.24,True,True,scored_descriptively,published_mass_template_assumptions,False,False
UGC05253,2,0.38,234.0,14.6,213.11226998931807,216.29337576417586,3.873314558750323e-09,152.17527599929252,288.0727785316978,744.75,12406.57,True,True,scored_descriptively,published_mass_template_assumptions,False,False
UGC05253,3,0.51,235.0,10.6,226.18514473766837,230.1807179465867,3.2509286285791928e-09,162.04368163748399,306.44074540053657,722.72,8657.54,True,True,scored_descriptively,published_mass_template_assumptions,False,False
UGC05253,4,0.63,236.0,9.12,232.57156356700187,237.33844850922046,2.782416439121881e-09,167.1845370291134,315.8358367277132,702.97,6495.51,True,True,scored_descriptively,published_mass_template_assumptions,False,False
UGC05253,5,0.76,237.0,10.3,235.06324276670736,240.70419958921408,2.3561628746099946e-09,169.68003290903968,320.1500573531017,682.17,5042.31,True,True,scored_descriptively,published_mass_template_assumptions,False,False
UGC05253,6,0.89,238.0,9.95,236.26285810511988,242.77796641337812,2.0325926691373027e-09,171.2667630087266,322.7423029104862,662.0,4041.77,True,True,scored_descriptively,published_mass_template_assumptions,False,False
UGC05253,7,1.01,239.0,3.51,237.80429647085856,245.0949632020245,1.8145438790823632e-09,173.00756788776235,325.68047520140414,643.9,3369.65,True,True,scored_descriptively,published_mass_template_assumptions,False,False
UGC05253,8,1.14,240.0,3.18,238.23601927500383,246.38010537726814,1.6134646360991748e-09,174.03403044524092,327.22802934005796,624.86,2769.16,True,True,scored_descriptively,published_mass_template_assumptions,False,False
UGC05253,9,1.27,240.0,5.19,237.17678579490024,246.20488572942162,1.4354566854146288e-09,174.03801066214265,326.8229630460207,606.37,2377.1,True,True,scored_descriptively,published_mass_template_assumptions,False,False
UGC05253,10,1.39,241.0,3.54,237.60998036698712,247.39881729577618,1.3163276725903116e-09,174.98322325269012,328.2706174341623,589.8,2088.11,True,True,scored_descriptively,published_mass_template_assumptions,False,False
UGC05253,11,1.52,242.0,2.6,237.5048222247287,248.12372069555784,1.2026817767068814e-09,175.6072082828254,329.0810282422322,572.35,1763.1,True,True,scored_descriptively,published_mass_template_assumptions,False,False
UGC05253,12,1.65,242.0,1.75,236.6422387909648,248.1079481018554,1.0998919951561526e-09,175.71170036633345,328.901978334078,555.42,1547.08,True,True,scored_descriptively,published_mass_template_assumptions,False,False
UGC05253,13,1.77,243.0,1.94,235.7393270754797,247.9834380274292,1.0175137047747318e-09,175.72874468467876,328.59244001192843,540.24,1396.25,True,True,scored_descriptively,published_mass_template_assumptions,False,False
UGC05253,14,1.9,244.0,3.09,234.8568706042044,247.932625207196,9.40811014646804e-10,175.80279387346255,328.37336742379154,524.26,1264.29,True,True,scored_descriptively,published_mass_template_assumptions,False,False
UGC05253,15,2.03,244.0,1.6,234.14848408648731,248.04001709922593,8.752580579667543e-10,175.98410649096797,328.3700255054977,508.76,1155.08,True,True,scored_descriptively,published_mass_template_assumptions,False,False
UGC05253,16,2.16,244.0,3.0,233.6572786796936,248.34587777310267,8.191328298265146e-10,176.30075800756208,328.63648630256114,493.71,1069.65,True,True,scored_descriptively,published_mass_template_assumptions,False,False
UGC05253,17,2.28,245.0,2.19,233.57748367511795,248.97567125847922,7.754906371415737e-10,176.8326447723675,329.3516888329183,480.21,994.58,True,True,scored_descriptively,published_mass_template_assumptions,False,False
UGC05253,18,2.41,245.0,3.01,233.79644464790303,249.93824508815914,7.350353351209537e-10,177.60144235508224,330.5059686648002,466.01,911.52,True,True,scored_descriptively,published_mass_template_assumptions,False,False
UGC05253,19,2.54,246.0,2.64,234.32202026271452,251.18083127433383,7.005545277166052e-10,178.56275377498278,332.0392532836967,452.22,823.77,True,True,scored_descriptively,published_mass_template_assumptions,False,False
UGC05253,20,2.66,246.0,2.38,234.8114778923722,252.32182023512536,6.717481237744956e-10,179.4439090630674,333.44911871981793,439.86,744.22,True,True,scored_descriptively,published_mass_template_assumptions,False,False
UGC05253,21,2.79,246.0,3.72,235.396983264442,253.59963557684497,6.436459444769371e-10,180.4253058026081,335.0354280676494,426.85,660.0,True,True,scored_descriptively,published_mass_template_assumptions,False,False
UGC05253,22,2.92,247.0,3.54,235.82016870912463,254.713325744044,6.172036628990384e-10,181.29037871913528,336.40404665542184,414.23,582.56,True,True,scored_descriptively,published_mass_template_assumptions,False,False
UGC05253,23,3.04,247.0,3.74,236.124092332824,255.65066008463936,5.943694433431198e-10,182.02405821839542,337.54784371302515,402.9,515.24,True,True,scored_descriptively,published_mass_template_assumptions,False,False
UGC05253,24,3.17,247.0,5.11,236.25643891754572,256.4714180825935,5.706338096337129e-10,182.68140285481488,338.52804559491415,390.98,447.13,True,True,scored_descriptively,published_mass_template_assumptions,False,False
UGC05253,25,3.3,247.0,3.63,236.21149521138886,257.1165743239287,5.479457619869587e-10,183.2147517561593,339.27470277115566,379.43,390.04,True,True,scored_descriptively,published_mass_template_assumptions,False,False
UGC05253,26,3.42,247.0,3.84,235.99150478354088,257.53710854905063,5.277352305538008e-10,183.58369385068522,339.73093151633327,369.05,346.72,True,True,scored_descriptively,published_mass_template_assumptions,False,False
UGC05253,27,3.55,248.0,5.12,235.6041014710907,257.8455769739121,5.067418758507345e-10,183.87919991253835,340.0298943018657,358.13,306.25,True,True,scored_descriptively,published_mass_template_assumptions,False,False
UGC05253,28,3.68,248.0,2.77,235.4437251871453,258.3602119523094,4.881753847273575e-10,184.3167050505722,340.60771352128813,347.54,261.67,True,True,scored_descriptively,published_mass_template_assumptions,False,False
UGC05253,29,3.8,248.0,3.24,235.11155186421612,258.65631511141714,4.714262858518994e-10,184.59467575595,340.90245800636524,338.03,221.06,True,True,scored_descriptively,published_mass_template_assumptions,False,False
UGC05253,30,3.93,248.0,6.79,234.52519634359118,258.7587131137032,4.5356122631957353e-10,184.74217142063054,340.93055009552575,328.04,184.97,True,True,scored_descriptively,published_mass_template_assumptions,False,False
UGC05253,31,4.06,248.0,8.39,233.87096730889877,258.7916677422407,4.3659227295715603e-10,184.8397536768746,340.86740219583226,318.34,152.68,True,True,scored_descriptively,published_mass_template_assumptions,False,False
UGC05253,32,4.18,248.0,2.73,233.09695199637423,258.65809580450895,4.212562548257876e-10,184.8144346906211,340.5904376314814,309.63,127.51,True,True,scored_descriptively,published_mass_template_assumptions,False,False
UGC05253,33,4.31,248.0,13.7,232.16707934158106,258.4230960540767,4.0529706671990106e-10,184.722568683456,340.17114158858624,300.48,105.36,True,True,scored_descriptively,published_mass_template_assumptions,False,False
UGC05253,34,4.44,248.0,4.89,231.20854705222297,258.156385834484,3.9018830992497316e-10,184.60720424674244,339.7110940664649,291.59,85.3,True,True,scored_descriptively,published_mass_template_assumptions,False,False
UGC05253,35,4.56,248.0,5.71,230.24003518067835,257.82790656894196,3.7674395968130075e-10,184.44244174018664,339.1771910776704,283.61,69.26,True,True,scored_descriptively,published_mass_template_assumptions,False,False
UGC05253,36,4.69,248.0,15.1,229.12407093101328,257.4054913953881,3.6275887467733566e-10,184.21594602032513,338.5115423584612,275.22,55.53,True,True,scored_descriptively,published_mass_template_assumptions,False,False
UGC05253,37,4.82,248.0,10.5,228.01629156707202,256.9861941999778,3.495700146157439e-10,183.99037160971363,337.851715913919,267.1,44.24,True,True,scored_descriptively,published_mass_template_assumptions,False,False
UGC05253,38,4.94,248.0,1.58,226.94504934014313,256.54998711002617,3.378811257642323e-10,183.74728160876262,337.17745743212424,259.78,33.76,True,True,scored_descriptively,published_mass_template_assumptions,False,False
UGC05253,39,4.99,248.0,4.77,226.4928793141188,256.36173859659135,3.3316395947776653e-10,183.64077114079325,336.88870016336244,256.79,30.21,True,True,scored_descriptively,published_mass_template_assumptions,False,False
UGC05253,40,5.07,248.0,4.36,225.7532661336265,256.04424163702294,3.2576886894803454e-10,183.458983066684,336.4048371650488,252.09,25.33,True,True,scored_descriptively,published_mass_template_assumptions,False,False
UGC05253,41,5.2,248.0,8.45,224.5235983811056,255.49911371931853,3.1417389697220873e-10,183.14196712434904,335.58102680551985,244.64,19.11,True,True,scored_descriptively,published_mass_template_assumptions,False,False
UGC05253,42,5.45,247.0,8.25,222.1991781487951,254.47635029151076,2.935876948683126e-10,182.54703617391363,334.03522378705696,228.88,10.99,True,True,scored_descriptively,published_mass_template_assumptions,False,False
UGC05253,43,5.58,247.0,2.34,220.89984262103945,253.85457556950857,2.834040607662503e-10,182.17303612031108,333.11326848787434,219.73,8.25,True,True,scored_descriptively,published_mass_template_assumptions,False,False
UGC05253,44,5.7,247.0,2.34,219.713354782999,253.28895537982126,2.744653406682763e-10,181.83280394298652,332.27450500037247,210.92,6.36,True,True,scored_descriptively,published_mass_template_assumptions,False,False
UGC05253,45,5.83,247.0,6.13,218.29800049473653,252.5522567499985,2.64899059034726e-10,181.37634337493054,331.2014380645741,201.41,4.8,True,True,scored_descriptively,published_mass_template_assumptions,False,False
UGC05253,46,6.47,247.0,6.89,212.27529135535298,249.738753253594,2.2570649953951267e-10,179.6841678589951,327.0270408152647,180.58,1.17,True,True,scored_descriptively,published_mass_template_assumptions,False,False
UGC05253,47,6.59,246.0,5.95,211.33586598114385,249.3749191179628,2.1963950472867447e-10,179.47859048199237,326.4674431658903,177.24,0.89,True,True,scored_descriptively,published_mass_template_assumptions,False,False
UGC05253,48,6.66,246.0,2.29,210.83400840471634,249.20348662229765,2.1630001871291938e-10,179.3871326339883,326.1958061135659,175.39,0.77,True,True,scored_descriptively,published_mass_template_assumptions,False,False
UGC05253,49,6.72,246.0,4.73,210.3607600765884,249.0159124412527,2.1340748338460946e-10,179.2803686593281,325.9085192093044,173.85,0.67,True,True,scored_descriptively,published_mass_template_assumptions,False,False
UGC05253,50,6.85,246.0,3.02,209.49691078867966,248.75503415818153,2.076414867752506e-10,179.14892104828687,325.4835142516549,170.68,0.51,True,True,scored_descriptively,published_mass_template_assumptions,False,False
UGC05253,51,6.97,246.0,5.81,208.7603491326837,248.56640362948403,2.0263418112078383e-10,179.06480013075978,325.16027590862217,167.96,0.39,True,True,scored_descriptively,published_mass_template_assumptions,False,False
UGC05253,52,7.1,246.0,6.32,208.006741525365,248.3987394281284,1.974903718434561e-10,178.99711872180453,324.86216696602014,164.62,0.29,True,True,scored_descriptively,published_mass_template_assumptions,False,False
UGC05253,53,7.23,246.0,8.92,207.3313972122891,248.29880429886006,1.9268207132930429e-10,178.97599305366262,324.6559271567563,160.61,0.22,True,True,scored_descriptively,published_mass_template_assumptions,False,False
UGC05253,54,8.32,246.0,2.13,202.03091006081223,247.6330671875519,1.589870564754058e-10,178.90082827433037,323.1853821906704,121.4,0.02,True,True,scored_descriptively,published_mass_template_assumptions,False,False
UGC05253,55,10.0,245.0,2.18,192.82045205319895,245.13304649547595,1.2049128837378504e-10,177.66919296107892,319.068910318733,79.12,0.0,True,True,scored_descriptively,published_mass_template_assumptions,False,False
UGC05253,56,11.61,245.0,0.94,185.6953796678851,243.77756329969463,9.625414291043411e-11,177.149363734437,316.61896642603284,46.64,0.0,True,True,scored_descriptively,published_mass_template_assumptions,False,False
UGC05253,57,13.35,246.0,2.02,175.14842591356623,239.14832768199656,7.446988210019723e-11,174.27153687845237,309.88358726862157,28.47,0.0,True,True,scored_descriptively,published_mass_template_assumptions,False,False
UGC05253,58,14.98,245.0,1.33,166.32605364163487,235.31927721911026,5.984918048698896e-11,171.8611227499158,304.35622145791757,21.41,0.0,True,True,scored_descriptively,published_mass_template_assumptions,False,False
UGC05253,59,16.61,245.0,1.36,159.2023344678086,232.67731588011569,4.9451410765604507e-11,170.26905268405216,300.443874608514,17.84,0.0,True,True,scored_descriptively,published_mass_template_assumptions,False,False
UGC05253,60,18.34,245.0,1.59,153.65995688532522,231.4145875293996,4.172261663851266e-11,169.65567581334562,298.36437403088297,16.28,0.0,True,True,scored_descriptively,published_mass_template_assumptions,False,False
UGC05253,61,19.97,245.0,2.03,149.96958184912032,231.40555401049934,3.6498729823262936e-11,169.92016427895172,297.96932841820023,12.88,0.0,True,True,scored_descriptively,published_mass_template_assumptions,False,False
UGC05253,62,21.6,245.0,2.36,146.17462553398246,231.04360144026637,3.2058240564833194e-11,169.93978847542655,297.1062094617003,10.52,0.0,True,True,scored_descriptively,published_mass_template_assumptions,False,False
UGC05253,63,23.33,244.0,4.61,142.8509850508564,231.10900032213902,2.8346614328495543e-11,170.26217288548324,296.81160009374923,8.66,0.0,True,True,scored_descriptively,published_mass_template_assumptions,False,False
UGC05253,64,26.7,243.0,10.6,136.85473265473868,231.09045368127897,2.2733056672573672e-11,170.7009001333059,296.163195187452,5.39,0.0,True,True,scored_descriptively,published_mass_template_assumptions,False,False
UGC05253,65,29.95,239.0,17.0,130.7667299812915,230.06239481509618,1.850321330608532e-11,170.26272820115193,294.3945614076558,3.23,0.0,True,True,scored_descriptively,published_mass_template_assumptions,False,False
UGC05253,66,33.32,231.0,18.3,124.59677174790686,228.495132774618,1.5099342702159394e-11,169.3366156739572,292.0527838187879,2.03,0.0,True,True,scored_descriptively,published_mass_template_assumptions,False,False
UGC05253,67,36.68,219.0,12.1,119.38335352971117,227.36907843277763,1.2592375806233766e-11,168.75433564653258,290.26332077687096,1.23,0.0,True,True,scored_descriptively,published_mass_template_assumptions,False,False
UGC05253,68,39.94,210.0,7.5,114.567780025625,226.07029416685393,1.0650411550239697e-11,167.9886653093146,288.32814885410943,0.83,0.0,True,True,scored_descriptively,published_mass_template_assumptions,False,False
UGC05253,69,43.3,210.0,3.56,110.49971027111339,225.32197750944968,9.138687716360315e-12,167.60346458837955,287.1357695966446,0.78,0.0,True,True,scored_descriptively,published_mass_template_assumptions,False,False
UGC05253,70,46.67,212.0,2.64,107.98105792221152,226.04242780496676,8.096676919371041e-12,168.41360773414013,287.6939529959691,0.53,0.0,True,True,scored_descriptively,published_mass_template_assumptions,False,False
UGC05253,71,49.92,213.0,6.5,106.13637491454097,227.17955318987592,7.313131430349129e-12,169.5568589249354,288.75700989628217,0.32,0.0,True,True,scored_descriptively,published_mass_template_assumptions,False,False
UGC05253,72,53.29,218.0,6.53,103.10011736171786,226.76049601769023,6.464308194732504e-12,169.5187151800193,287.8640079175537,0.0,0.0,True,True,scored_descriptively,published_mass_template_assumptions,False,False
UGC05414,0,0.68,20.5,2.47,13.559059701911487,27.90131268907063,8.761928160054362e-12,21.096812583098025,34.68169824619418,63.16,0.0,True,True,scored_descriptively,published_mass_template_assumptions,False,False
UGC05414,1,1.37,34.6,2.45,23.428450652998805,44.334320144277534,1.2984224802740754e-11,33.99116500590074,54.57708116989543,33.43,0.0,True,True,scored_descriptively,published_mass_template_assumptions,False,False
UGC05414,2,2.05,46.0,2.45,28.331871628962322,53.871860371648204,1.2689547169276004e-11,41.66227722066125,65.87960712867752,19.96,0.0,True,True,scored_descriptively,published_mass_template_assumptions,False,False
UGC05414,3,2.74,51.8,2.46,31.095215065987244,60.43709390469357,1.1436312703018048e-11,46.96541707696725,73.62284514629857,12.1,0.0,True,True,scored_descriptively,published_mass_template_assumptions,False,False
UGC05414,4,3.42,56.8,2.44,32.42896698940625,64.90629481491615,9.965281655891123e-12,50.54303376268784,78.93160209656462,8.99,0.0,True,True,scored_descriptively,published_mass_template_assumptions,False,False
UGC05414,5,4.11,61.4,2.44,33.680883301956314,68.99804041079581,8.944881224881598e-12,53.83938383141153,83.76506026509983,5.91,0.0,True,True,scored_descriptively,published_mass_template_assumptions,False,False
UGC05716,0,1.03,39.15,4.06,15.744849951650856,33.22904601131026,7.799904447447038e-12,23.317750186880566,43.32851500616968,30.68,0.0,True,True,scored_descriptively,published_mass_template_assumptions,False,False
UGC05716,1,2.07,49.15,1.65,20.883164271728553,45.379622374994305,6.827657368265862e-12,32.01581386051197,58.943344165923484,10.3,0.0,True,True,scored_descriptively,published_mass_template_assumptions,False,False
UGC05716,2,3.09,55.05,0.6,22.056366427859324,51.1373204037608,5.102216839160355e-12,36.411976353194305,65.96632413185192,4.2,0.0,True,True,scored_descriptively,published_mass_template_assumptions,False,False
UGC05716,3,4.13,59.35,0.41,23.19272730836113,56.121508910024225,4.220880401497037e-12,40.34713260106244,71.85586620401935,2.03,0.0,True,True,scored_descriptively,published_mass_template_assumptions,False,False
UGC05716,4,5.16,63.85,0.46,24.91380340293308,61.38442915614972,3.898340943968648e-12,44.48785002179182,78.07840729177782,0.95,0.0,True,True,scored_descriptively,published_mass_template_assumptions,False,False
UGC05716,5,6.2,68.2,0.86,26.691288841118183,66.45342190323176,3.723890098716891e-12,48.53890350082997,83.96150551940343,0.28,0.0,True,True,scored_descriptively,published_mass_template_assumptions,False,False
UGC05716,6,7.23,71.7,1.07,28.869416343251554,71.82386160366562,3.735830513814989e-12,52.7468301417749,90.30695924728222,0.12,0.0,True,True,scored_descriptively,published_mass_template_assumptions,False,False
UGC05716,7,8.26,73.5,1.07,30.55515995703508,76.35993825644285,3.663013596242871e-12,56.25790038951362,95.72716819019044,0.05,0.0,True,True,scored_descriptively,published_mass_template_assumptions,False,False
UGC05716,8,9.28,73.15,1.0,31.41295353830964,79.60701521337087,3.446029750311878e-12,58.7555799174429,99.62972259890954,0.02,0.0,True,True,scored_descriptively,published_mass_template_assumptions,False,False
UGC05716,9,10.34,72.5,0.74,31.570519476245558,81.82816527862184,3.123865825915699e-12,60.46077027865893,102.30379655283227,0.01,0.0,True,True,scored_descriptively,published_mass_template_assumptions,False,False
UGC05716,10,11.4,73.0,1.07,30.91235432638543,82.74572116137327,2.716494117946279e-12,61.17014859948024,103.40022273966945,0.0,0.0,True,True,scored_descriptively,published_mass_template_assumptions,False,False
UGC05716,11,12.37,74.7,2.09,29.68314168008501,82.51384436359174,2.308338447275115e-12,61.00547452673551,103.0994707655148,0.0,0.0,True,True,scored_descriptively,published_mass_template_assumptions,False,False
UGC05721,0,0.09,16.5,4.57,11.823339206840004,17.22697259141948,5.0336990213718724e-11,12.728110353039016,21.770722392731237,657.92,0.0,True,True,scored_descriptively,published_mass_template_assumptions,False,False
UGC05721,1,0.27,38.5,6.88,23.076678703834308,32.295391612169965,6.391934227494831e-11,23.845604311024648,40.84565036590175,309.01,0.0,True,True,scored_descriptively,published_mass_template_assumptions,False,False
UGC05721,2,0.45,47.4,4.57,29.098394285595898,41.04077056231714,6.097825465043965e-11,30.35594850737996,51.83897638391348,181.32,0.0,True,True,scored_descriptively,published_mass_template_assumptions,False,False
UGC05721,3,0.63,55.5,4.57,31.804320461220357,46.075858322932866,5.203327325089616e-11,34.18290201292379,58.06287714434751,105.94,0.0,True,True,scored_descriptively,published_mass_template_assumptions,False,False
UGC05721,4,0.81,56.4,5.45,32.751928950826695,49.076447995756205,4.291787418639374e-11,36.53896102444771,61.67271529990164,62.77,0.0,True,True,scored_descriptively,published_mass_template_assumptions,False,False
UGC05721,5,0.99,59.8,4.57,33.055112312621176,51.19465445294548,3.576774284009264e-11,38.247735703301565,64.16220714832417,45.1,0.0,True,True,scored_descriptively,published_mass_template_assumptions,False,False
UGC05721,6,1.17,67.8,4.57,33.90770266473387,53.66119348455784,3.1846398514916545e-11,40.19665571543322,67.11654191827787,29.74,0.0,True,True,scored_descriptively,published_mass_template_assumptions,False,False
UGC05721,7,1.35,76.4,4.57,33.962351950358205,55.19257153756663,2.7689250656805543e-11,41.53010496431044,68.79470885808225,15.24,0.0,True,True,scored_descriptively,published_mass_template_assumptions,False,False
UGC05721,8,1.53,81.2,4.57,34.34696201995163,56.93443314508456,2.4988183336677855e-11,43.115196437627404,70.61834237357903,9.18,0.0,True,True,scored_descriptively,published_mass_template_assumptions,False,False
UGC05721,9,1.71,82.2,19.2,34.75684968463051,58.60805781775911,2.289465775280331e-11,44.66886959617749,72.32634933537143,5.33,0.0,True,True,scored_descriptively,published_mass_template_assumptions,False,False
UGC05721,10,1.89,82.6,4.57,34.21431498656666,59.218018917437355,2.007258701218426e-11,45.27676220952594,72.89033065174102,3.32,0.0,True,True,scored_descriptively,published_mass_template_assumptions,False,False
UGC05721,11,2.07,82.3,4.57,32.140224796973655,58.114981428314294,1.617249141719448e-11,44.414101350309075,71.55181607603582,2.34,0.0,True,True,scored_descriptively,published_mass_template_assumptions,False,False
UGC05721,12,2.25,82.1,4.57,29.867923429659452,56.643825848043875,1.2849226811295105e-11,43.202499264596696,69.84628606865344,1.51,0.0,True,True,scored_descriptively,published_mass_template_assumptions,False,False
UGC05721,13,2.67,81.4,4.57,28.542278290283697,57.222364236768705,9.888159562638854e-12,43.82937978867717,70.31595169482776,0.67,0.0,True,True,scored_descriptively,published_mass_template_assumptions,False,False
UGC05721,14,3.15,79.3,4.57,28.394535565844354,59.12782523336231,8.294848151878629e-12,45.581348615470866,72.27324571491779,0.13,0.0,True,True,scored_descriptively,published_mass_template_assumptions,False,False
UGC05721,15,3.61,78.5,4.57,27.517080150335715,59.85372585767606,6.7974645372315554e-12,46.27845392236542,72.97578364631455,0.04,0.0,True,True,scored_descriptively,published_mass_template_assumptions,False,False
UGC05721,16,4.04,78.2,4.57,26.93762517372309,60.64185629307726,5.820853926243811e-12,46.99644828631923,73.78983102349967,0.01,0.0,True,True,scored_descriptively,published_mass_template_assumptions,False,False
UGC05721,17,4.49,78.1,4.57,27.109129458542192,62.307107171910914,5.304375455748735e-12,48.43185027566616,75.61945532328046,0.0,0.0,True,True,scored_descriptively,published_mass_template_assumptions,False,False
UGC05721,18,4.93,78.2,4.57,27.982674103809305,64.74942380266455,5.147317584285163e-12,50.49307107437659,78.36015526419747,0.0,0.0,True,True,scored_descriptively,published_mass_template_assumptions,False,False
UGC05721,19,5.38,78.3,4.57,28.671054218497094,66.92182865573622,4.9517020312182405e-12,52.31004478866995,80.81835828382255,0.0,0.0,True,True,scored_descriptively,published_mass_template_assumptions,False,False
UGC05721,20,5.86,78.6,4.57,28.510527880065638,68.0129504296378,4.4953380436530886e-12,53.22713683974036,82.04582792063503,0.0,0.0,True,True,scored_descriptively,published_mass_template_assumptions,False,False
UGC05721,21,6.28,78.9,4.57,28.102613757442562,68.54519331187335,4.075521982827682e-12,53.67806247501635,82.63926390079318,0.0,0.0,True,True,scored_descriptively,published_mass_template_assumptions,False,False
UGC05721,22,6.74,79.5,4.57,27.869685143539026,69.34150252541257,3.734682467641971e-12,54.34387634586155,83.53957146958525,0.0,0.0,True,True,scored_descriptively,published_mass_template_assumptions,False,False
UGC05750,0,0.31,3.1,4.5,3.0333562270198335,10.366988396902931,9.61910336677418e-13,7.933319629235642,12.674825578888038,29.26,0.0,True,True,scored_descriptively,published_mass_template_assumptions,False,False
UGC05750,1,1.47,15.7,8.5,12.686234665967678,31.93561024276628,3.548114294365887e-12,24.436577801092557,39.062403568031606,21.05,0.0,True,True,scored_descriptively,published_mass_template_assumptions,False,False
UGC05750,2,2.52,28.0,10.0,16.967679570288922,42.300080177057154,3.702489385343274e-12,32.50892382633255,51.5770781048852,16.18,0.0,True,True,scored_descriptively,published_mass_template_assumptions,False,False
UGC05750,3,3.35,36.0,11.0,19.808876798041833,49.10314594666679,3.795983792931157e-12,37.80452164962344,59.793909685190805,12.24,0.0,True,True,scored_descriptively,published_mass_template_assumptions,False,False
UGC05750,4,4.09,43.6,4.5,20.88329715346693,52.88905152534683,3.4556065074721027e-12,40.90056058737368,64.18725369154492,10.94,0.0,True,True,scored_descriptively,published_mass_template_assumptions,False,False
UGC05750,5,4.82,49.8,4.5,23.01002498912159,57.88028508833023,3.5598901526210068e-12,44.80752539240961,70.18868146944764,11.55,0.0,True,True,scored_descriptively,published_mass_template_assumptions,False,False
UGC05750,6,6.6,61.5,4.5,29.707838191292208,71.45889629512416,4.333587988336529e-12,55.249177994190845,86.74360420185599,8.67,0.0,True,True,scored_descriptively,published_mass_template_assumptions,False,False
UGC05750,7,7.86,68.1,12.2,33.03097561380832,78.78405350093479,4.498520577766639e-12,60.95001513044177,95.59169754511238,7.08,0.0,True,True,scored_descriptively,published_mass_template_assumptions,False,False
UGC05750,8,9.43,73.4,12.2,36.67493081111402,86.94025306596042,4.622494131172591e-12,67.29815107849032,105.44260475019914,4.37,0.0,True,True,scored_descriptively,published_mass_template_assumptions,False,False
UGC05750,9,11.43,77.6,11.0,36.28508853509937,90.28874800128959,3.733013827160118e-12,70.3019141141841,108.99507757623056,0.82,0.0,True,True,scored_descriptively,published_mass_template_assumptions,False,False
UGC05750,10,22.85,78.9,11.0,41.4579111871305,113.79412923946933,2.4376878014348064e-12,90.63101725576502,134.72535483910534,0.0,0.0,True,True,scored_descriptively,published_mass_template_assumptions,False,False
UGC05764,0,0.36,21.45,1.99,4.68838458320134,13.509920612815126,1.9787613200642253e-12,9.632809306977162,17.27132476232229,14.8,0.0,True,True,scored_descriptively,published_mass_template_assumptions,False,False
UGC05764,1,0.73,31.3,1.58,9.424791774888186,23.16085957721601,3.943393557666956e-12,16.569057247562306,29.535861179982398,11.43,0.0,True,True,scored_descriptively,published_mass_template_assumptions,False,False
UGC05764,2,1.09,41.7,1.16,12.401483782193162,29.47047782183489,4.572674167181809e-12,21.287634346732748,37.28529935664843,3.66,0.0,True,True,scored_descriptively,published_mass_template_assumptions,False,False
UGC05764,3,1.45,48.35,0.44,15.075307625385294,34.98699477607217,5.0794164216389294e-12,25.490835036512987,43.933336523367885,2.65,0.0,True,True,scored_descriptively,published_mass_template_assumptions,False,False
UGC05764,4,1.81,50.6,0.37,17.9701126874597,40.514727410007374,5.781925359142857e-12,29.645495823257328,50.67547567707466,2.03,0.0,True,True,scored_descriptively,published_mass_template_assumptions,False,False
UGC05764,5,2.17,54.05,0.59,20.15177535603253,44.9533406634469,6.0647980958828784e-12,32.97099854959646,56.103690972940505,1.59,0.0,True,True,scored_descriptively,published_mass_template_assumptions,False,False
UGC05764,6,2.54,55.8,0.76,21.59786216272342,48.381223504809896,5.951648422503081e-12,35.52971923685459,60.31031238250945,1.06,0.0,True,True,scored_descriptively,published_mass_template_assumptions,False,False
UGC05764,7,2.9,54.55,0.71,22.218377528523547,50.62017644571581,5.516659010840463e-12,37.19165997862991,63.07268920709346,0.81,0.0,True,True,scored_descriptively,published_mass_template_assumptions,False,False
UGC05764,8,3.26,50.0,2.65,21.76031479551709,51.373448799293534,4.707195136067108e-12,37.748379589684745,64.0058625394028,0.56,0.0,True,True,scored_descriptively,published_mass_template_assumptions,False,False
UGC05764,9,3.62,49.9,2.77,21.159426977118258,51.8057017604618,4.008193587077546e-12,38.0491972645065,64.57133720292212,0.44,0.0,True,True,scored_descriptively,published_mass_template_assumptions,False,False
UGC05829,0,0.63,14.8,5.06,4.791408978578223,15.594310586128422,1.1809605494499677e-12,8.822831172434576,23.389883148835622,16.55,0.0,True,True,scored_descriptively,published_mass_template_assumptions,False,False
UGC05829,1,1.26,27.2,5.06,8.468910791831497,24.808041529870735,1.844735163081024e-12,14.051401980730631,37.1916071978941,13.49,0.0,True,True,scored_descriptively,published_mass_template_assumptions,False,False
UGC05829,2,1.88,34.1,5.06,12.449933734763409,33.45354246425747,2.6719337474801732e-12,19.304573210391073,49.54570440617368,9.83,0.0,True,True,scored_descriptively,published_mass_template_assumptions,False,False
UGC05829,3,2.52,38.8,5.06,13.182065467899937,36.921531392861695,2.2346825740951805e-12,21.111519355792637,55.02086006843449,6.78,0.0,True,True,scored_descriptively,published_mass_template_assumptions,False,False
UGC05829,4,3.14,42.8,5.06,18.221791898712922,46.236714663981935,3.426904262285297e-12,27.145699878301187,67.60989892654086,4.99,0.0,True,True,scored_descriptively,published_mass_template_assumptions,False,False
UGC05829,5,3.77,47.9,5.06,22.86916810905023,54.553952636028846,4.495819208178302e-12,32.39448829472357,79.0395671102241,3.62,0.0,True,True,scored_descriptively,published_mass_template_assumptions,False,False
UGC05829,6,4.4,51.9,5.06,25.693558531273943,60.21806455577167,4.862339665684859e-12,35.93633089499553,86.87318731801298,2.6,0.0,True,True,scored_descriptively,published_mass_template_assumptions,False,False
UGC05829,7,5.03,57.6,5.06,30.19299256450079,67.83435884574432,5.873456949005061e-12,40.70671413466847,97.37852698679175,1.84,0.0,True,True,scored_descriptively,published_mass_template_assumptions,False,False
UGC05829,8,5.65,60.7,5.06,34.48696275406113,74.95473006512624,6.821987243129609e-12,45.14736073804254,107.23226344787207,1.34,0.0,True,True,scored_descriptively,published_mass_template_assumptions,False,False
UGC05829,9,6.29,65.6,5.06,36.66025163579759,79.4167817069621,6.924520296964493e-12,47.91392053798305,113.44027888614008,1.04,0.0,True,True,scored_descriptively,published_mass_template_assumptions,False,False
UGC05829,10,6.91,68.6,5.06,37.43390041125824,82.03254612476222,6.572060740785227e-12,49.51828746155907,117.11797713970702,0.91,0.0,True,True,scored_descriptively,published_mass_template_assumptions,False,False
UGC05918,0,0.56,16.9,3.93,6.051181702775087,17.160004838539614,2.119052983673686e-12,12.612540379600528,21.845286830301184,13.38,0.0,True,True,scored_descriptively,published_mass_template_assumptions,False,False
UGC05918,1,1.11,27.4,3.93,8.739891303671916,24.491008907254226,2.230172924051445e-12,17.839413386588514,31.39049618645603,9.28,0.0,True,True,scored_descriptively,published_mass_template_assumptions,False,False
UGC05918,2,1.67,33.5,3.93,10.36061774220051,29.49847046565073,2.0830720167619927e-12,21.374060591758656,37.95144791881499,6.42,0.0,True,True,scored_descriptively,published_mass_template_assumptions,False,False
UGC05918,3,2.23,36.4,3.93,14.38496784841732,37.612595307216345,3.007200485473726e-12,27.645535631955944,47.88482676244811,4.67,0.0,True,True,scored_descriptively,published_mass_template_assumptions,False,False
UGC05918,4,2.79,39.8,3.93,16.752353565991854,42.99784985532424,3.2598447126942916e-12,31.95313022753553,54.258128818403726,2.61,0.0,True,True,scored_descriptively,published_mass_template_assumptions,False,False
UGC05918,5,3.34,41.2,3.93,17.028825561382675,45.2138020271937,2.8136649552528073e-12,33.604073773212384,57.047514326278446,2.22,0.0,True,True,scored_descriptively,published_mass_template_assumptions,False,False
UGC05918,6,3.9,42.6,3.93,18.31891645267263,48.73983672532241,2.788588369373901e-12,36.20034686379408,61.53086468429924,2.07,0.0,True,True,scored_descriptively,published_mass_template_assumptions,False,False
UGC05918,7,4.46,44.5,3.93,19.715917427297164,52.30175882960718,2.8245455142750245e-12,39.08784562348965,65.68033349272368,0.0,0.0,True,True,scored_descriptively,published_mass_template_assumptions,False,False
UGC05986,0,0.63,29.5,2.53,22.83796948066969,37.33954234323498,2.6830198257404332e-11,29.124616643421724,45.073911547654994,190.91,0.0,True,False,inclination,published_mass_template_assumptions,False,False
UGC05986,1,1.26,50.8,3.76,29.505680808956093,49.97143777445889,2.2391860998863332e-11,38.79977890470046,60.49609816166916,121.97,0.0,True,False,inclination,published_mass_template_assumptions,False,False
UGC05986,2,1.88,68.2,2.58,37.926010863258476,62.96207410597971,2.479510408586889e-11,49.15556850108357,75.94838662495224,104.98,0.0,True,False,inclination,published_mass_template_assumptions,False,False
UGC05986,3,2.51,84.3,2.28,47.20769905428563,76.15641654361954,2.8774076863036916e-11,59.57856105284198,91.74866235999677,78.13,0.0,True,False,inclination,published_mass_template_assumptions,False,False
UGC05986,4,3.13,95.3,2.01,50.82029663431728,83.14320776172681,2.674111480778003e-11,65.1505262300183,100.04344631904061,48.41,0.0,True,False,inclination,published_mass_template_assumptions,False,False
UGC05986,5,3.77,106.0,3.58,52.39491769246327,87.8263183107909,2.3598610352082762e-11,69.07908698295869,105.3843165391322,33.32,0.0,True,False,inclination,published_mass_template_assumptions,False,False
UGC05986,6,4.39,112.0,4.25,54.86033722098325,93.05575896039873,2.2217842318039963e-11,73.48067096741045,111.33704009572293,24.23,0.0,True,False,inclination,published_mass_template_assumptions,False,False
UGC05986,7,5.02,115.0,3.18,56.037345136970934,96.79768350835982,2.027219807626201e-11,76.70614442449121,115.50594382728661,12.56,0.0,True,False,inclination,published_mass_template_assumptions,False,False
UGC05986,8,5.65,116.0,2.32,54.248521178000786,97.23561846102528,1.6880169937174096e-11,77.27635831907682,115.7652233741,6.6,0.0,True,False,inclination,published_mass_template_assumptions,False,False
UGC05986,9,6.28,116.0,2.01,51.83218305261703,96.75014433317169,1.3864008388049129e-11,76.9749175126641,115.07944005305248,2.89,0.0,True,False,inclination,published_mass_template_assumptions,False,False
UGC05986,10,6.9,116.0,2.28,50.17435649811565,96.8342506564327,1.1823988169158423e-11,77.25260366389597,114.93347769954596,0.0,0.0,True,False,inclination,published_mass_template_assumptions,False,False
UGC05986,11,7.54,114.0,3.05,47.43250151531121,95.55037254819466,9.6700822364429e-12,76.44916090702628,113.15013094821677,0.0,0.0,True,False,inclination,published_mass_template_assumptions,False,False
UGC05986,12,8.16,112.0,3.69,44.92977242319396,94.25598252830217,8.017292594955133e-12,75.4782652603644,111.53581503458621,0.0,0.0,True,False,inclination,published_mass_template_assumptions,False,False
UGC05986,13,8.79,109.0,5.1,43.62019314491855,94.22405230265652,7.015130398846067e-12,75.6020054640836,111.32328293106366,0.0,0.0,True,False,inclination,published_mass_template_assumptions,False,False
UGC05986,14,9.41,107.0,6.39,44.168261795094445,96.32001254370753,6.718625716680073e-12,77.63565933910606,113.39365928456864,0.0,0.0,True,False,inclination,published_mass_template_assumptions,False,False
UGC05999,0,3.48,46.2,5.0,30.436242376482674,62.84170428421791,8.626850633187457e-12,29.696401861506985,101.59267155025567,18.53,0.0,True,False,inclination,published_mass_template_assumptions,False,False
UGC05999,1,6.94,81.1,5.0,36.690010902151556,81.19753046418703,6.286163403260272e-12,38.93733407169449,129.78815669098267,5.85,0.0,True,False,inclination,published_mass_template_assumptions,False,False
UGC05999,2,10.42,91.2,5.0,42.0680549823735,95.89252960684122,5.5041036229266734e-12,46.41411391485878,152.10829990404574,2.23,0.0,True,False,inclination,published_mass_template_assumptions,False,False
UGC05999,3,13.89,97.7,5.0,43.58474044892318,104.30614270039523,4.432167217635337e-12,50.83081895552321,164.4853288940577,0.62,0.0,True,False,inclination,published_mass_template_assumptions,False,False
UGC05999,4,16.22,100.0,5.0,52.58733212476176,119.76764789420004,5.525363852318069e-12,58.80883583472203,187.5845028749124,0.0,0.0,True,False,inclination,published_mass_template_assumptions,False,False
UGC06399,0,0.87,24.8,6.5,14.671487654631347,30.77781552053767,8.018229954483766e-12,26.62815509590313,34.83053689056394,60.4,0.0,True,True,scored_descriptively,published_mass_template_assumptions,False,False
UGC06399,1,1.74,46.2,5.6,23.7648595619667,47.01831239699115,1.0518909311319106e-11,40.704854558032245,53.19618437407723,37.93,0.0,True,True,scored_descriptively,published_mass_template_assumptions,False,False
UGC06399,2,2.61,60.5,5.8,27.770435718583894,56.060097640365655,9.575783868810557e-12,48.71303600604215,63.25598499816461,26.87,0.0,True,True,scored_descriptively,published_mass_template_assumptions,False,False
UGC06399,3,3.5,69.6,3.9,33.01072022843488,65.89484296202359,1.0090005667625966e-11,57.46937994579363,74.15918982248157,19.23,0.0,True,True,scored_descriptively,published_mass_template_assumptions,False,False
UGC06399,4,4.37,77.5,3.7,35.42645621565894,71.9544660545031,9.307294156962612e-12,63.00514960375128,80.73784739055617,11.73,0.0,True,True,scored_descriptively,published_mass_template_assumptions,False,False
UGC06399,5,5.24,82.9,4.5,37.55682760830579,77.35639806132626,8.723604526115276e-12,68.15177645206859,86.39509212167461,7.5,0.0,True,True,scored_descriptively,published_mass_template_assumptions,False,False
UGC06399,6,6.11,84.1,4.9,38.698067781221326,81.34765353858606,7.943041040041235e-12,71.93846781933368,90.58418157915823,4.83,0.0,True,True,scored_descriptively,published_mass_template_assumptions,False,False
UGC06399,7,6.98,85.6,4.9,38.85929039496219,83.95073370184562,7.011061288969065e-12,74.3246647322616,93.39597831208215,3.4,0.0,True,True,scored_descriptively,published_mass_template_assumptions,False,False
UGC06399,8,7.85,87.6,4.9,38.648826631606816,85.89717023931027,6.166694371241341e-12,76.39440765550093,95.21170978685909,0.0,0.0,True,True,scored_descriptively,published_mass_template_assumptions,False,False
UGC06446,0,0.58,31.3,6.3,15.09672977833279,28.684428346494823,1.2734656186747882e-11,21.520296029507968,35.90838984295275,74.79,0.0,True,True,scored_descriptively,published_mass_template_assumptions,False,False
UGC06446,1,1.16,54.8,5.8,20.941998471970148,40.11474477042016,1.2252584679892532e-11,30.137566955701438,50.16786351871872,33.7,0.0,True,True,scored_descriptively,published_mass_template_assumptions,False,False
UGC06446,2,1.74,61.1,4.1,22.638736713871648,45.73176129323369,9.54562972128406e-12,34.52724940875735,56.98595568728741,20.14,0.0,True,True,scored_descriptively,published_mass_template_assumptions,False,False
UGC06446,3,2.33,63.9,4.1,23.694736757347613,49.99427709773725,7.809033934310101e-12,37.83229855724106,62.18851524913172,12.32,0.0,True,True,scored_descriptively,published_mass_template_assumptions,False,False
UGC06446,4,2.91,67.2,4.1,26.543491669333935,55.94655658345905,7.84643839104498e-12,42.872937255034216,68.95162583383151,9.18,0.0,True,True,scored_descriptively,published_mass_template_assumptions,False,False
UGC06446,5,3.49,70.4,3.6,28.219010436228977,60.25502249436601,7.394479140299799e-12,46.38976497836053,73.99374032944417,6.44,0.0,True,True,scored_descriptively,published_mass_template_assumptions,False,False
UGC06446,6,4.07,73.7,3.6,27.40816210547508,61.328439911356575,5.981565655917406e-12,47.09667052116571,75.45514613304667,4.92,0.0,True,True,scored_descriptively,published_mass_template_assumptions,False,False
UGC06446,7,4.65,78.0,4.1,29.064186725246586,65.26419731966539,5.887255064076354e-12,50.462810441099634,79.86770154620356,2.36,0.0,True,True,scored_descriptively,published_mass_template_assumptions,False,False
UGC06446,8,5.23,80.8,4.1,31.415552676978326,69.95028329008744,6.115573284029424e-12,54.50826118493484,85.05829391058977,1.67,0.0,True,True,scored_descriptively,published_mass_template_assumptions,False,False
UGC06446,9,5.81,80.5,3.6,32.972620460011974,73.55465083729733,6.064294021642668e-12,57.59919158416884,89.06639067886043,1.22,0.0,True,True,scored_descriptively,published_mass_template_assumptions,False,False
UGC06446,10,6.4,81.3,3.6,34.894179314034595,77.5555008257404,6.165601587109053e-12,60.94944185700791,93.61712357953554,0.87,0.0,True,True,scored_descriptively,published_mass_template_assumptions,False,False
UGC06446,11,6.98,82.1,4.6,36.582007872723445,81.16771909900412,6.213397092947969e-12,63.971701171280905,97.72550363464073,0.59,0.0,True,True,scored_descriptively,published_mass_template_assumptions,False,False
UGC06446,12,7.62,82.8,4.6,38.5031258471309,85.15355258826737,6.305019891540523e-12,67.28822345815345,102.28094177648282,0.38,0.0,True,True,scored_descriptively,published_mass_template_assumptions,False,False
UGC06446,13,8.28,84.9,5.5,38.55210629784059,86.80039624810783,5.817218003077417e-12,68.66548587488634,104.1522663138456,0.25,0.0,True,True,scored_descriptively,published_mass_template_assumptions,False,False
UGC06446,14,8.9,84.3,5.5,36.06435497828847,85.02640075963318,4.736044630596127e-12,67.22474648992821,102.07547975988703,0.16,0.0,True,True,scored_descriptively,published_mass_template_assumptions,False,False
UGC06446,15,9.52,83.2,7.0,36.04694023076022,86.30576655379578,4.423329780040829e-12,68.29170760484455,103.53338370504075,0.11,0.0,True,True,scored_descriptively,published_mass_template_assumptions,False,False
UGC06446,16,10.22,80.1,10.8,36.44171510782663,88.227618323529,4.211106026703631e-12,69.89955681829888,105.71591613002944,0.0,0.0,True,True,scored_descriptively,published_mass_template_assumptions,False,False
UGC06614,0,3.23,194.0,16.7,209.41135439607854,231.58671915512946,4.39994637782956e-10,149.24707496531877,321.34869268934864,78.56,371.12,True,True,scored_descriptively,published_mass_template_assumptions,False,False
UGC06614,1,9.18,172.0,8.1,158.4387276520485,210.58241297696767,8.861953478384531e-11,137.86581452851652,288.4033405964497,55.52,1.14,True,True,scored_descriptively,published_mass_template_assumptions,False,False
UGC06614,2,10.64,170.0,10.7,151.25240536930315,208.7244594229569,6.968068425931765e-11,136.91795397693494,285.36639435267057,54.39,0.17,True,True,scored_descriptively,published_mass_template_assumptions,False,False
UGC06614,3,11.58,170.0,6.8,148.45045547252457,208.98279045752793,6.167426240564143e-11,137.22312029428358,285.4723707580931,52.22,0.05,True,True,scored_descriptively,published_mass_template_assumptions,False,False
UGC06614,4,12.52,171.0,6.8,147.04330083346196,210.39470674247846,5.5967461904605315e-11,138.2566612309463,287.2074463861907,52.54,0.01,True,True,scored_descriptively,published_mass_template_assumptions,False,False
UGC06614,5,13.57,172.0,12.1,147.8521236573895,214.07548206424732,5.220651951749627e-11,140.75287400629296,292.09175989684593,47.48,0.0,True,True,scored_descriptively,published_mass_template_assumptions,False,False
UGC06614,6,15.76,174.0,19.6,145.55397840663787,217.52135044409556,4.3565369566426206e-11,143.21478780295655,296.4377439354356,27.3,0.0,True,True,scored_descriptively,published_mass_template_assumptions,False,False
UGC06614,7,24.94,193.0,23.2,121.06070336818632,211.7533808323601,1.9044053433663233e-11,140.48134171421447,286.783625424958,3.42,0.0,True,True,scored_descriptively,published_mass_template_assumptions,False,False
UGC06614,8,26.3,194.0,23.0,118.11587543594638,210.92573561053652,1.7191360701447115e-11,140.08045456621147,285.42471726754155,2.78,0.0,True,True,scored_descriptively,published_mass_template_assumptions,False,False
UGC06614,9,34.96,201.0,7.2,105.90952473691871,210.05794183773088,1.039795824611426e-11,140.50091352712056,282.71778100296297,0.0,0.0,True,True,scored_descriptively,published_mass_template_assumptions,False,False
UGC06614,10,36.84,202.0,17.1,103.92799324532346,210.15059325372457,9.501560025552995e-12,140.84559339884188,282.4202949128085,0.0,0.0,True,True,scored_descriptively,published_mass_template_assumptions,False,False
UGC06614,11,47.38,205.0,16.0,100.1544299070191,217.40369210565606,6.861115413961143e-12,147.43747398978937,289.57946303627233,0.0,0.0,True,True,scored_descriptively,published_mass_template_assumptions,False,False
UGC06614,12,64.59,204.0,16.0,94.1589695674289,225.15279969775295,4.4484382308849035e-12,154.05986809142945,297.78262901974773,0.0,0.0,True,True,scored_descriptively,published_mass_template_assumptions,False,False
UGC06628,0,1.1,26.9,8.27,20.776256881353774,39.48713687521272,1.2717196513723953e-11,15.752966813900262,69.34517302863223,62.46,0.0,True,False,inclination,published_mass_template_assumptions,False,False
UGC06628,1,2.2,38.0,8.27,26.07556710792691,52.13327277604254,1.0015999610564598e-11,20.763494974220862,91.63958304566735,33.06,0.0,True,False,inclination,published_mass_template_assumptions,False,False
UGC06628,2,3.3,40.5,8.27,31.682812375166442,63.56041430629153,9.857867258217658e-12,25.614722228137488,110.80467429087967,23.94,0.0,True,False,inclination,published_mass_template_assumptions,False,False
UGC06628,3,4.39,41.4,8.27,35.792905721665015,72.44841883549431,9.45755438888922e-12,29.310708419819616,125.93554255506432,17.12,0.0,True,False,inclination,published_mass_template_assumptions,False,False
UGC06628,4,5.5,42.3,8.27,38.35123661630744,79.10506134090376,8.66653528442808e-12,32.153552627164586,137.02042094752932,11.39,0.0,True,False,inclination,published_mass_template_assumptions,False,False
UGC06628,5,6.59,42.3,8.27,42.37329465595046,87.04872178094129,8.829752010862105e-12,35.586914312287014,150.11057571065524,7.71,0.0,True,False,inclination,published_mass_template_assumptions,False,False
UGC06628,6,7.69,42.3,8.27,45.58120116890296,93.80951281823877,8.755776077397918e-12,38.61721060931024,160.87229269536675,4.88,0.0,True,False,inclination,published_mass_template_assumptions,False,False
UGC06667,0,0.87,26.6,4.4,4.893178925810909,17.02808132559513,8.918922607244175e-13,14.903282992164252,19.061643380467107,10.79,0.0,True,False,inclination,published_mass_template_assumptions,False,False
UGC06667,1,1.74,45.2,2.7,7.749890321804561,25.550348032486372,1.1186425100428743e-12,22.356039853536785,28.608706248864095,8.69,0.0,True,False,inclination,published_mass_template_assumptions,False,False
UGC06667,2,2.61,57.0,3.9,13.322798129522193,37.436363763705906,2.2039403812242993e-12,33.60472156977855,41.14455557770883,6.97,0.0,True,False,inclination,published_mass_template_assumptions,False,False
UGC06667,3,3.5,69.3,3.0,19.967668867446697,49.81189151661759,3.69178280222836e-12,45.29290965770416,54.16354413394631,5.78,0.0,True,False,inclination,published_mass_template_assumptions,False,False
UGC06667,4,4.37,77.3,3.4,22.502835376903064,55.918275491121804,3.755281553131677e-12,50.891746685574134,60.754884223512256,4.81,0.0,True,False,inclination,published_mass_template_assumptions,False,False
UGC06667,5,5.24,80.7,3.9,26.506759515263273,63.71973336848416,4.345416845862048e-12,58.161085107165334,69.05299958702943,4.19,0.0,True,False,inclination,published_mass_template_assumptions,False,False
UGC06667,6,6.11,84.0,3.0,27.926777472526258,67.88648770376851,4.136660634461831e-12,61.940314744657975,73.59387233359355,3.64,0.0,True,False,inclination,published_mass_template_assumptions,False,False
UGC06667,7,6.98,85.0,3.0,30.250846269154188,73.09127557826133,4.248827401786251e-12,66.73221361934174,79.1906079722068,3.22,0.0,True,False,inclination,published_mass_template_assumptions,False,False
UGC06667,8,7.85,85.7,3.4,29.77064997610902,74.41823448991614,3.6589496327242154e-12,67.77826156282707,80.80282797827898,2.82,0.0,True,False,inclination,published_mass_template_assumptions,False,False
UGC06786,0,0.16,160.0,36.0,100.12779893715829,102.89134335422344,2.030667465902749e-09,78.04391182730348,128.505535220299,516.57,16013.38,True,True,scored_descriptively,published_mass_template_assumptions,False,False
UGC06786,1,0.32,177.0,30.9,154.4677621706225,158.08717276794823,2.4164353816808067e-09,119.80979143389335,197.5588979405249,504.88,8275.13,True,True,scored_descriptively,published_mass_template_assumptions,False,False
UGC06786,2,0.49,180.0,25.3,169.53652712616238,174.5136017007316,1.900990471193935e-09,132.4180069686879,217.90178705679008,492.74,4561.05,True,True,scored_descriptively,published_mass_template_assumptions,False,False
UGC06786,3,0.65,180.0,32.0,175.03765914796733,181.3307770018309,1.5275628627803172e-09,137.76645399101739,226.20773910018028,481.58,2982.73,True,True,scored_descriptively,published_mass_template_assumptions,False,False
UGC06786,4,1.3,182.0,4.72,174.4523207928172,186.17267980280806,7.58681693984344e-10,142.19646830344223,231.34565783874808,438.8,756.43,True,True,scored_descriptively,published_mass_template_assumptions,False,False
UGC06786,5,1.46,183.0,10.8,172.84547005924105,185.87688152581526,6.631512659632914e-10,142.14387377132348,230.7654010508934,428.86,576.9,True,True,scored_descriptively,published_mass_template_assumptions,False,False
UGC06786,6,1.62,184.0,7.43,171.24911947218882,185.56641504563544,5.866662902862819e-10,142.071078768623,230.17645588907374,419.15,433.08,True,True,scored_descriptively,published_mass_template_assumptions,False,False
UGC06786,7,3.72,206.0,8.42,152.52786247109083,181.60721974787438,2.0267719403868012e-10,140.60527913794974,223.26575650005273,305.74,0.87,True,True,scored_descriptively,published_mass_template_assumptions,False,False
UGC06786,8,3.89,207.0,4.54,152.22671036976396,182.2648049782096,1.9305523297163914e-10,141.18952001895877,223.97597038239513,297.38,0.48,True,True,scored_descriptively,published_mass_template_assumptions,False,False
UGC06786,9,4.05,209.0,5.36,151.99636038405657,182.91521365107488,1.8486760248862567e-10,141.7610022141025,224.68676524777376,291.65,0.28,True,True,scored_descriptively,published_mass_template_assumptions,False,False
UGC06786,10,4.22,210.0,2.43,152.21949618889167,184.01857760594933,1.7794162987012047e-10,142.6765525483904,225.96309650399277,286.76,0.16,True,True,scored_descriptively,published_mass_template_assumptions,False,False
UGC06786,11,4.26,210.0,4.6,152.32739815935938,184.3265229359385,1.7652080688728859e-10,142.92839538271926,226.32419824956176,285.57,0.13,True,True,scored_descriptively,published_mass_template_assumptions,False,False
UGC06786,12,4.38,211.0,2.8,152.712749042115,185.30128746856,1.7255435891576047e-10,143.7210521576656,227.47301064258588,282.2,0.09,True,True,scored_descriptively,published_mass_template_assumptions,False,False
UGC06786,13,4.54,213.0,2.18,153.53512715336512,186.87153459048295,1.6827093500519284e-10,144.98079973945678,229.34613554345225,278.12,0.05,True,True,scored_descriptively,published_mass_template_assumptions,False,False
UGC06786,14,4.71,214.0,7.61,154.84542598992067,188.9254261989993,1.6497772480588801e-10,146.60815325000348,231.82285912765934,269.69,0.03,True,True,scored_descriptively,published_mass_template_assumptions,False,False
UGC06786,15,4.86,215.0,4.7,156.02151716990832,190.7433778716519,1.6232379176281302e-10,148.04774776932493,234.01627165253345,255.82,0.02,True,True,scored_descriptively,published_mass_template_assumptions,False,False
UGC06786,16,5.02,215.0,2.34,157.06428149009562,192.4756097515307,1.592577594482364e-10,149.4258761716722,236.0978464605635,236.68,0.01,True,True,scored_descriptively,published_mass_template_assumptions,False,False
UGC06786,17,5.18,216.0,2.95,157.69123098638048,193.81363482666495,1.5557319893654134e-10,150.50549523550197,237.68596193278375,217.59,0.01,True,True,scored_descriptively,published_mass_template_assumptions,False,False
UGC06786,18,5.35,217.0,4.48,158.07907046791487,194.96679611531525,1.5137160639793674e-10,151.4484108503531,239.03831818442862,198.81,0.0,True,True,scored_descriptively,published_mass_template_assumptions,False,False
UGC06786,19,5.51,217.0,3.99,158.11950376218613,195.7423083703494,1.4705125703098497e-10,152.10114743524838,239.92350232895546,180.68,0.0,True,True,scored_descriptively,published_mass_template_assumptions,False,False
UGC06786,20,5.68,218.0,5.14,157.78000529217888,196.20294983467508,1.4203816456215844e-10,152.51889214235285,240.409995752003,163.83,0.0,True,True,scored_descriptively,published_mass_template_assumptions,False,False
UGC06786,21,5.84,218.0,2.51,157.31854048394933,196.49510837661902,1.3733980450967716e-10,152.80440580805117,240.6917531788612,151.85,0.0,True,True,scored_descriptively,published_mass_template_assumptions,False,False
UGC06786,22,6.0,219.0,3.95,156.79773818521744,196.72237556781573,1.3279379785426437e-10,153.03986364555112,240.89353993450493,142.07,0.0,True,True,scored_descriptively,published_mass_template_assumptions,False,False
UGC06786,23,6.15,219.0,7.84,156.35751037286312,196.97043862959717,1.2882846506339605e-10,153.284869400842,241.12926535514018,134.81,0.0,True,True,scored_descriptively,published_mass_template_assumptions,False,False
UGC06786,24,6.48,219.0,7.74,155.489210300908,197.57839633973973,1.209135479066311e-10,153.8713218421729,241.7262109025914,115.63,0.0,True,True,scored_descriptively,published_mass_template_assumptions,False,False
UGC06786,25,6.64,219.0,6.69,154.94982584694958,197.74989156103075,1.1718271618524769e-10,154.06048694122848,241.8636948453219,107.0,0.0,True,True,scored_descriptively,published_mass_template_assumptions,False,False
UGC06786,26,6.81,220.0,6.26,154.2699814286629,197.82380546733046,1.1325703747036362e-10,154.17632552207456,241.87791810747254,98.11,0.0,True,True,scored_descriptively,published_mass_template_assumptions,False,False
UGC06786,27,7.1,220.0,2.52,152.9954055519315,197.82075063340872,1.068434454081911e-10,154.2775407223432,241.73961856818204,82.68,0.0,True,True,scored_descriptively,published_mass_template_assumptions,False,False
UGC06786,28,7.13,220.0,11.4,152.82485782751442,197.78309157876535,1.0615682619418669e-10,154.25958482843524,241.6787738577733,81.11,0.0,True,True,scored_descriptively,published_mass_template_assumptions,False,False
UGC06786,29,8.52,220.0,2.93,142.23629874262053,193.20747713198574,7.695391959657551e-11,151.243421414812,235.37237315645257,42.84,0.0,True,True,scored_descriptively,published_mass_template_assumptions,False,False
UGC06786,30,10.66,225.0,1.79,131.31738738643867,189.99869359144066,5.242479216890803e-11,149.4124209592051,230.60011181972123,25.13,0.0,True,True,scored_descriptively,published_mass_template_assumptions,False,False
UGC06786,31,11.99,228.0,5.71,126.44390012966224,189.23501291161097,4.321415624478762e-11,149.15914438715765,229.24010204571363,18.64,0.0,True,True,scored_descriptively,published_mass_template_assumptions,False,False
UGC06786,32,12.1,228.0,9.96,126.09177498948931,189.20387612589664,4.258313203424886e-11,149.16598107870144,229.16420905622027,18.15,0.0,True,True,scored_descriptively,published_mass_template_assumptions,False,False
UGC06786,33,12.33,228.0,8.24,125.31987599738518,189.09658728228737,4.1278726579969725e-11,149.13317743168295,228.9694893902614,17.16,0.0,True,True,scored_descriptively,published_mass_template_assumptions,False,False
UGC06786,34,12.78,229.0,1.74,123.92508341736148,188.96867776159414,3.894368473568717e-11,149.14030353439307,228.6816323164776,15.35,0.0,True,True,scored_descriptively,published_mass_template_assumptions,False,False
UGC06786,35,14.93,228.0,1.64,117.54631801974914,188.1404548639812,2.999215742807899e-11,148.9630918491858,227.0967928617811,8.44,0.0,True,True,scored_descriptively,published_mass_template_assumptions,False,False
UGC06786,36,17.08,226.0,1.34,111.38572812528542,186.79870331341257,2.3540771116058348e-11,148.2925826336033,224.99860117272007,4.75,0.0,True,True,scored_descriptively,published_mass_template_assumptions,False,False
UGC06786,37,19.23,226.0,1.39,105.71955575956608,185.32942367803778,1.883565944267972e-11,147.43768790192152,222.84747273770813,2.4,0.0,True,True,scored_descriptively,published_mass_template_assumptions,False,False
UGC06786,38,21.27,227.0,1.11,100.48135981364902,183.56376281010373,1.5383422656104854e-11,146.25958752790487,220.44363676686044,1.83,0.0,True,True,scored_descriptively,published_mass_template_assumptions,False,False
UGC06786,39,23.42,227.0,1.37,96.11973819148697,182.48164279085324,1.2784617013299826e-11,145.53488360735335,218.9661950716571,1.1,0.0,True,True,scored_descriptively,published_mass_template_assumptions,False,False
UGC06786,40,25.57,224.0,2.79,91.68991236771906,180.90930119390177,1.0655205793802789e-11,144.37135041883545,216.95562097636486,0.42,0.0,True,True,scored_descriptively,published_mass_template_assumptions,False,False
UGC06786,41,27.72,218.0,9.41,87.52921969262607,179.25830314734148,8.9569952208977e-12,143.14945797371865,214.8496643673511,0.24,0.0,True,True,scored_descriptively,published_mass_template_assumptions,False,False
UGC06786,42,29.87,215.0,8.18,84.05276687890768,178.0679662463672,7.665107688504218e-12,142.27977239382597,213.3170246530338,0.13,0.0,True,True,scored_descriptively,published_mass_template_assumptions,False,False
UGC06786,43,32.02,219.0,5.06,81.00394083006086,177.10252813083443,6.641106161388582e-12,141.58462189637808,212.06235278766715,0.07,0.0,True,True,scored_descriptively,published_mass_template_assumptions,False,False
UGC06786,44,34.05,211.0,7.05,78.50299051628542,176.42529089846246,5.865495972707934e-12,141.11288315636256,211.1635315127876,0.0,0.0,True,True,scored_descriptively,published_mass_template_assumptions,False,False
UGC06787,0,0.12,134.0,41.1,149.90896177347102,151.35580580249604,6.069087536018186e-09,114.6301397282286,189.1243549836464,623.48,50762.31,True,True,scored_descriptively,published_mass_template_assumptions,False,False
UGC06787,1,0.24,208.0,35.5,233.14768437623394,235.0158414809582,7.3400737890940805e-09,177.9230120465986,293.73634203432823,601.67,27720.83,True,True,scored_descriptively,published_mass_template_assumptions,False,False
UGC06787,2,0.35,252.0,27.1,259.3459767761976,261.78668280826594,6.227882938297488e-09,198.2548132699838,327.12368339050767,582.34,16719.99,True,True,scored_descriptively,published_mass_template_assumptions,False,False
UGC06787,3,0.47,272.0,11.6,269.44636191643036,272.5836286432707,5.006062242072943e-09,206.5370225912865,340.4963989930662,561.97,10847.48,True,True,scored_descriptively,published_mass_template_assumptions,False,False
UGC06787,4,0.59,276.0,12.6,271.7782791725637,275.65746535154653,4.0572048137438105e-09,208.98939879970578,344.19644894818714,542.31,7620.2,True,True,scored_descriptively,published_mass_template_assumptions,False,False
UGC06787,5,0.71,271.0,16.3,271.8109528698209,276.4466670691626,3.3722907566013963e-09,209.7157731200404,345.0362293412301,523.34,5650.81,True,True,scored_descriptively,published_mass_template_assumptions,False,False
UGC06787,6,0.83,266.0,11.9,269.8783935775519,275.2960405821304,2.8438559560825747e-09,208.97823827257295,343.44540532407075,505.02,4439.61,True,True,scored_descriptively,published_mass_template_assumptions,False,False
UGC06787,7,0.94,262.0,12.2,267.4209617251422,273.5688794185064,2.4655425040143155e-09,207.794053592442,341.14490348404667,488.8,3710.23,True,True,scored_descriptively,published_mass_template_assumptions,False,False
UGC06787,8,1.06,260.0,12.1,266.21276935939795,273.12639890176985,2.166712836003281e-09,207.58465027479318,340.4469079777361,471.7,3081.8,True,True,scored_descriptively,published_mass_template_assumptions,False,False
UGC06787,9,1.18,260.0,11.9,265.41627384167685,273.08109518825694,1.934739699558547e-09,207.67112418887507,340.25026513589546,455.2,2524.16,True,True,scored_descriptively,published_mass_template_assumptions,False,False
UGC06787,10,1.3,259.0,8.04,264.29224510000284,272.71125002379165,1.741305384069621e-09,207.51078654733024,339.6486456883698,439.27,2069.24,True,True,scored_descriptively,published_mass_template_assumptions,False,False
UGC06787,11,1.42,257.0,10.2,263.1043329555786,272.27496251218116,1.5798545712083835e-09,207.29788468234747,338.9660138062008,423.91,1658.71,True,True,scored_descriptively,published_mass_template_assumptions,False,False
UGC06787,12,1.53,254.0,9.68,261.50731165686364,271.3792586639271,1.4485240030565278e-09,206.727984842007,337.71933595869143,410.29,1386.92,True,True,scored_descriptively,published_mass_template_assumptions,False,False
UGC06787,13,1.66,244.0,4.95,259.64480828624323,270.3428353543607,1.316135649958045e-09,206.06870797785683,336.27596376553606,394.76,1102.98,True,True,scored_descriptively,published_mass_template_assumptions,False,False
UGC06787,14,1.89,228.0,9.83,255.55623862469096,267.7402783167758,1.1198519882083934e-09,204.31844575426817,332.7614971398992,368.72,719.64,True,True,scored_descriptively,published_mass_template_assumptions,False,False
UGC06787,15,2.01,220.0,18.6,253.03927432317693,266.01359038635394,1.0323554722383855e-09,203.12535413679458,330.46669883045195,355.81,572.02,True,True,scored_descriptively,published_mass_template_assumptions,False,False
UGC06787,16,2.13,215.0,4.11,250.36565593147952,264.1380786011163,9.537166384092533e-10,201.81855986144714,327.986450310132,343.36,456.41,True,True,scored_descriptively,published_mass_template_assumptions,False,False
UGC06787,17,2.24,213.0,16.1,247.796484176027,262.3072695043626,8.883655665740517e-10,200.53512209770392,325.5740900364433,332.33,371.14,True,True,scored_descriptively,published_mass_template_assumptions,False,False
UGC06787,18,3.1,228.0,9.59,227.81247397805063,248.14026440830168,5.425537402044703e-10,190.55313636864628,306.95097516948476,256.86,45.54,True,True,scored_descriptively,published_mass_template_assumptions,False,False
UGC06787,19,3.79,236.0,7.22,212.75958963111393,237.71505000860242,3.8706912683972596e-10,183.17469690443343,293.2685652524438,200.21,5.71,True,True,scored_descriptively,published_mass_template_assumptions,False,False
UGC06787,20,3.9,236.0,7.24,210.52629674223598,236.2055314822878,3.6829646458179173e-10,182.10666786223123,291.2857277734884,193.29,4.09,True,True,scored_descriptively,published_mass_template_assumptions,False,False
UGC06787,21,4.14,237.0,8.26,206.21905775170248,233.43128993736752,3.328945690428176e-10,180.16103012193452,287.61882582087105,179.91,2.0,True,True,scored_descriptively,published_mass_template_assumptions,False,False
UGC06787,22,4.25,237.0,4.07,204.3198559856579,232.22553120694954,3.183330075046696e-10,179.3163415368827,286.0235127061916,174.78,1.43,True,True,scored_descriptively,published_mass_template_assumptions,False,False
UGC06787,23,4.37,237.0,4.04,202.35438265577545,231.0056781860006,3.036639574802937e-10,178.4649836560917,284.4052036897315,169.83,1.0,True,True,scored_descriptively,published_mass_template_assumptions,False,False
UGC06787,24,4.49,237.0,1.94,200.50525347232178,229.89000316725398,2.901714139932996e-10,177.69034702615994,282.9197375711357,165.47,0.7,True,True,scored_descriptively,published_mass_template_assumptions,False,False
UGC06787,25,4.61,237.0,1.49,198.73862503298142,228.84681383031855,2.77659854070276e-10,176.96880758743515,281.5270489835212,161.16,0.48,True,True,scored_descriptively,published_mass_template_assumptions,False,False
UGC06787,26,4.72,236.0,2.38,197.21333618698304,227.97398347379732,2.670422730615789e-10,176.36898229695623,280.3566709666977,157.54,0.35,True,True,scored_descriptively,published_mass_template_assumptions,False,False
UGC06787,27,5.16,235.0,2.4,192.0193665493145,225.28267595916805,2.315740112847945e-10,174.56015500442152,276.69438466014066,143.97,0.09,True,True,scored_descriptively,published_mass_template_assumptions,False,False
UGC06787,28,5.43,234.0,4.05,189.37477265992953,224.09988768385765,2.1403947357238998e-10,173.79555597946975,275.0451202649266,135.04,0.04,True,True,scored_descriptively,published_mass_template_assumptions,False,False
UGC06787,29,5.56,233.0,3.03,188.2037610410589,223.6158175486731,2.0645778293862612e-10,173.4897093505614,274.36083305717506,129.83,0.03,True,True,scored_descriptively,published_mass_template_assumptions,False,False
UGC06787,30,5.67,233.0,2.48,187.2281427296655,223.21578927323552,2.0035890719490297e-10,173.23781012065984,273.7943093594588,125.11,0.02,True,True,scored_descriptively,published_mass_template_assumptions,False,False
UGC06787,31,5.79,233.0,3.03,186.17204604880936,222.7823215499763,1.9399915330101767e-10,172.96412111809533,273.18130053934703,119.65,0.01,True,True,scored_descriptively,published_mass_template_assumptions,False,False
UGC06787,32,5.91,232.0,6.7,184.93952260130877,222.18190190728512,1.8755188712522206e-10,172.5635105031808,272.3600034801749,113.87,0.01,True,True,scored_descriptively,published_mass_template_assumptions,False,False
UGC06787,33,6.03,232.0,7.44,183.83129181398905,221.6909916108643,1.8162307352856676e-10,172.24498137001828,271.6768567635767,109.0,0.01,True,True,scored_descriptively,published_mass_template_assumptions,False,False
UGC06787,34,6.2,232.0,1.64,182.35512625095024,221.07363811508998,1.73817587619725e-10,171.85198867699583,270.8080510191618,103.32,0.0,True,True,scored_descriptively,published_mass_template_assumptions,False,False
UGC06787,35,6.5,233.0,14.3,179.82354865256107,220.02859680949794,1.6122382696285934e-10,171.18915119012095,269.33441351279197,95.03,0.0,True,True,scored_descriptively,published_mass_template_assumptions,False,False
UGC06787,36,6.85,235.0,7.57,177.23074741703257,219.10406753067423,1.486062315702637e-10,170.63243074639868,267.99239205216884,87.04,0.0,True,True,scored_descriptively,published_mass_template_assumptions,False,False
UGC06787,37,6.98,236.0,3.05,176.34399096651973,218.82087948927557,1.4438276780539262e-10,170.46846473758802,267.5726524669846,84.55,0.0,True,True,scored_descriptively,published_mass_template_assumptions,False,False
UGC06787,38,7.09,236.0,2.91,175.65902900221212,218.63722076272168,1.4104060918408294e-10,170.37275156293035,267.2869351079612,82.66,0.0,True,True,scored_descriptively,published_mass_template_assumptions,False,False
UGC06787,39,7.21,237.0,4.07,174.96467652071948,218.4812316642332,1.3759889503866982e-10,170.3007799231553,267.0321670665456,80.65,0.0,True,True,scored_descriptively,published_mass_template_assumptions,False,False
UGC06787,40,7.22,238.0,2.02,174.91869405526668,218.47895424342136,1.373360997857101e-10,170.30362967987864,267.02355763278155,80.38,0.0,True,True,scored_descriptively,published_mass_template_assumptions,False,False
UGC06787,41,7.33,238.0,6.76,174.32028539444283,218.3668157712069,1.3435113405488222e-10,170.25988171217574,266.8300069010971,77.25,0.0,True,True,scored_descriptively,published_mass_template_assumptions,False,False
UGC06787,42,7.45,239.0,3.49,173.67451756086726,218.24684967043308,1.3120953136014017e-10,170.21439988790863,266.6214497370705,73.54,0.0,True,True,scored_descriptively,published_mass_template_assumptions,False,False
UGC06787,43,7.56,240.0,10.1,173.04823856370223,218.10159287417736,1.283695519327484e-10,170.14466669667766,266.38767970791815,69.89,0.0,True,True,scored_descriptively,published_mass_template_assumptions,False,False
UGC06787,44,8.26,247.0,0.85,168.13320159920823,216.23909577798162,1.1091144749634153e-10,168.9810361345726,263.739228642739,48.37,0.0,True,True,scored_descriptively,published_mass_template_assumptions,False,False
UGC06787,45,8.98,252.0,8.91,162.75415755058302,213.87794137145175,9.559546739919333e-11,167.41939719985965,260.49286675713813,37.69,0.0,True,True,scored_descriptively,published_mass_template_assumptions,False,False
UGC06787,46,9.09,253.0,7.13,161.96281727606495,213.53245348383368,9.352252346336364e-11,167.18858707162076,260.0205293243955,36.21,0.0,True,True,scored_descriptively,published_mass_template_assumptions,False,False
UGC06787,47,9.3,254.0,0.73,160.46397315285446,212.8745937359778,8.972667798165159e-11,166.74876448646015,259.1217626453301,33.6,0.0,True,True,scored_descriptively,published_mass_template_assumptions,False,False
UGC06787,48,10.32,253.0,0.96,153.32312196795368,209.6382700043316,7.382187388145537e-11,164.5474127424484,254.74778329306127,26.44,0.0,True,True,scored_descriptively,published_mass_template_assumptions,False,False
UGC06787,49,11.38,247.0,1.99,147.54217220849097,207.52722133500893,6.199255542315046e-11,163.15675155775494,251.83222236883046,22.01,0.0,True,True,scored_descriptively,published_mass_template_assumptions,False,False
UGC06787,50,12.4,238.0,3.15,142.49364312136876,205.74006040632852,5.306629292230995e-11,161.96519548367567,249.38024676905368,18.41,0.0,True,True,scored_descriptively,published_mass_template_assumptions,False,False
UGC06787,51,13.41,229.0,1.67,138.34113697667806,204.56589652880868,4.625123761009297e-11,161.20758875285713,247.73270754450854,15.63,0.0,True,True,scored_descriptively,published_mass_template_assumptions,False,False
UGC06787,52,14.43,223.0,3.52,134.3799560202339,203.41317631966174,4.0555719713526136e-11,160.45293206945206,246.13047958011794,12.46,0.0,True,True,scored_descriptively,published_mass_template_assumptions,False,False
UGC06787,53,15.44,220.0,1.13,130.69978068076475,202.33247769333894,3.5855177467787446e-11,159.74684165298248,244.6289878981612,10.23,0.0,True,True,scored_descriptively,published_mass_template_assumptions,False,False
UGC06787,54,16.57,220.0,1.12,127.00728022440288,201.3520185015461,3.1548896865258644e-11,159.13543239834075,243.2328489447961,8.33,0.0,True,True,scored_descriptively,published_mass_template_assumptions,False,False
UGC06787,55,17.58,224.0,1.93,124.06447287600105,200.67812818307476,2.8374319414793935e-11,158.73742182538902,242.24599656732704,6.91,0.0,True,True,scored_descriptively,published_mass_template_assumptions,False,False
UGC06787,56,18.6,228.0,2.04,121.20786579261265,199.98013152454115,2.5597533449801176e-11,158.3188895478537,241.2339273403973,5.45,0.0,True,True,scored_descriptively,published_mass_template_assumptions,False,False
UGC06787,57,19.61,234.0,2.55,118.4357772381302,199.22234469125968,2.3181294802758708e-11,157.86035568010402,240.1443233821307,4.48,0.0,True,True,scored_descriptively,published_mass_template_assumptions,False,False
UGC06787,58,20.62,239.0,2.91,116.14444295789617,198.8435033934426,2.1201064369936314e-11,157.72899247636198,239.4864500006906,3.92,0.0,True,True,scored_descriptively,published_mass_template_assumptions,False,False
UGC06787,59,21.64,243.0,3.08,114.339664159031,198.8880491688375,1.9578797873555045e-11,157.97091153159946,239.30165285308124,3.37,0.0,True,True,scored_descriptively,published_mass_template_assumptions,False,False
UGC06787,60,22.77,245.0,3.6,112.74800894029127,199.26281154606662,1.809273351808595e-11,158.51376153015642,239.4734766196711,2.89,0.0,True,True,scored_descriptively,published_mass_template_assumptions,False,False
UGC06787,61,23.78,247.0,2.67,111.53221709443419,199.73690236380972,1.6952676525963006e-11,159.11676056930864,239.78787474372538,2.36,0.0,True,True,scored_descriptively,published_mass_template_assumptions,False,False
UGC06787,62,24.79,249.0,3.37,110.15022482954814,199.96502304502067,1.5861479851617872e-11,159.4957916975753,239.83686917986503,1.81,0.0,True,True,scored_descriptively,published_mass_template_assumptions,False,False
UGC06787,63,25.81,250.0,2.08,108.4785954462907,199.82863589446742,1.4775750771671477e-11,159.54450529736073,239.490762184102,1.47,0.0,True,True,scored_descriptively,published_mass_template_assumptions,False,False
UGC06787,64,26.82,251.0,1.68,106.77526459812685,199.57065583280755,1.3776281039055582e-11,159.45459294443174,239.04431221136716,1.26,0.0,True,True,scored_descriptively,published_mass_template_assumptions,False,False
UGC06787,65,27.84,251.0,2.78,105.11329801694932,199.30466923021945,1.286161629965397e-11,159.32649122069827,238.6232519811309,1.08,0.0,True,True,scored_descriptively,published_mass_template_assumptions,False,False
UGC06787,66,29.41,248.0,3.4,102.44711943241742,198.64559540167528,1.1565220928665102e-11,158.89205981853607,237.71765185058504,0.68,0.0,True,True,scored_descriptively,published_mass_template_assumptions,False,False
UGC06787,67,30.99,246.0,2.91,99.62712206021008,197.6719696454301,1.037965810417101e-11,158.20169089633112,236.4410602656819,0.41,0.0,True,True,scored_descriptively,published_mass_template_assumptions,False,False
UGC06787,68,32.57,249.0,3.46,97.03152142474114,196.80325153708893,9.368226412844079e-12,157.57407744955148,235.3145844827538,0.4,0.0,True,True,scored_descriptively,published_mass_template_assumptions,False,False
UGC06787,69,34.03,252.0,3.23,94.9908660345825,196.29425311742548,8.593126399083123e-12,157.2086511023879,234.64896305486175,0.34,0.0,True,True,scored_descriptively,published_mass_template_assumptions,False,False
UGC06787,70,37.19,255.0,4.16,90.35987715795103,194.580789917998,7.114994031231794e-12,155.89324365487712,232.51562457669743,0.0,0.0,True,True,scored_descriptively,published_mass_template_assumptions,False,False
UGC06818,0,0.87,23.4,5.55,19.653846951678442,36.40387449290035,1.4388825368012021e-11,31.23107256523251,41.46001082465011,76.66,0.0,True,True,scored_descriptively,published_mass_template_assumptions,False,False
UGC06818,1,1.74,28.0,5.2,27.68003070807545,51.35842712818471,1.4270307834376839e-11,44.05040383250327,58.50060197403731,36.41,0.0,True,True,scored_descriptively,published_mass_template_assumptions,False,False
UGC06818,2,2.61,36.7,4.25,29.7403370861865,58.302631176736654,1.0982487578119986e-11,50.18260777922908,66.23425257466639,18.57,0.0,True,True,scored_descriptively,published_mass_template_assumptions,False,False
UGC06818,3,3.5,47.6,4.25,31.13393325617565,63.73360464303649,8.975308612134094e-12,55.116201065223976,72.15369799876714,10.76,0.0,True,True,scored_descriptively,published_mass_template_assumptions,False,False
UGC06818,4,4.37,63.3,4.75,31.421549929944575,67.23858389960544,7.321890423850379e-12,58.43905721592127,75.83855472846366,6.42,0.0,True,True,scored_descriptively,published_mass_template_assumptions,False,False
UGC06818,5,5.24,71.2,5.25,32.73077680104767,71.59750093060741,6.625685125389472e-12,62.6527352049056,80.34275828362307,3.11,0.0,True,True,scored_descriptively,published_mass_template_assumptions,False,False
UGC06818,6,6.11,68.1,6.0,32.64215296208263,73.96885507632243,5.651527376125628e-12,65.06438471772742,82.66853479979194,1.37,0.0,True,True,scored_descriptively,published_mass_template_assumptions,False,False
UGC06818,7,6.98,74.4,6.0,32.26467650542928,75.72060873277161,4.833354644123124e-12,66.88408329115781,84.34396539640463,0.86,0.0,True,True,scored_descriptively,published_mass_template_assumptions,False,False
UGC06917,0,1.74,59.2,3.5,39.7747564417433,63.8762442376329,2.946559833479184e-11,54.012630186011684,73.82302969594683,84.05,0.0,True,True,scored_descriptively,published_mass_template_assumptions,False,False
UGC06917,1,2.61,71.2,4.0,41.782939700313094,71.21942080950103,2.1677387036249003e-11,60.326488756179145,82.18258599896417,59.41,0.0,True,True,scored_descriptively,published_mass_template_assumptions,False,False
UGC06917,2,3.5,84.5,4.4,44.10940035865371,78.02343906316788,1.801539206883172e-11,66.25363449211505,89.86312103560203,38.85,0.0,True,True,scored_descriptively,published_mass_template_assumptions,False,False
UGC06917,3,4.37,93.5,4.5,47.3885223445509,85.17399197239266,1.6653838605318236e-11,72.7409195465899,97.69780880486448,29.86,0.0,True,True,scored_descriptively,published_mass_template_assumptions,False,False
UGC06917,4,5.24,97.5,3.5,48.91261902617769,90.07584779445556,1.479653423394889e-11,77.17093945387126,103.07690693364032,19.57,0.0,True,True,scored_descriptively,published_mass_template_assumptions,False,False
UGC06917,5,6.11,100.0,3.5,50.04471100925651,94.25009108029619,1.3283869972914116e-11,81.00803271105207,107.59299336911076,16.34,0.0,True,True,scored_descriptively,published_mass_template_assumptions,False,False
UGC06917,6,6.98,101.0,4.0,51.74254100834245,98.81344840746392,1.2430526885766637e-11,85.26834689212204,112.4666087548476,10.95,0.0,True,True,scored_descriptively,published_mass_template_assumptions,False,False
UGC06917,7,7.85,103.0,3.5,52.36344049047961,101.99558401938518,1.1319732016596506e-11,88.32354089826987,115.77607895014549,8.29,0.0,True,True,scored_descriptively,published_mass_template_assumptions,False,False
UGC06917,8,8.72,105.0,4.0,52.590029948650916,104.56293554822747,1.0278738233467071e-11,90.74167939879094,118.4901432545162,6.21,0.0,True,True,scored_descriptively,published_mass_template_assumptions,False,False
UGC06917,9,9.6,110.0,4.9,53.98378275000743,108.34645590098692,9.837955370133431e-12,94.41728276619983,122.37840511865036,4.78,0.0,True,True,scored_descriptively,published_mass_template_assumptions,False,False
UGC06917,10,10.47,111.0,6.0,56.30344261233055,113.06529066009422,9.812341923639409e-12,98.91351897898066,127.31301139206582,3.35,0.0,True,True,scored_descriptively,published_mass_template_assumptions,False,False
UGC06923,0,0.93,40.5,7.35,36.98584053391243,54.402332620160536,4.766915921360982e-11,46.424827747235135,62.38703452449963,139.38,0.0,True,True,scored_descriptively,published_mass_template_assumptions,False,False
UGC06923,1,1.94,53.9,5.9,42.346580735639094,67.79389929783775,2.9956041461186894e-11,58.40547215949553,77.17511767890181,51.5,0.0,True,True,scored_descriptively,published_mass_template_assumptions,False,False
UGC06923,2,2.87,73.0,4.7,45.33258044717949,76.23898032339032,2.320536692404433e-11,66.155128392629,86.30933283509928,27.77,0.0,True,True,scored_descriptively,published_mass_template_assumptions,False,False
UGC06923,3,3.72,78.4,3.9,46.72190278659464,81.7468016499756,1.9017243083705328e-11,71.24228378401402,92.22932441240489,15.87,0.0,True,True,scored_descriptively,published_mass_template_assumptions,False,False
UGC06923,4,4.47,79.3,5.3,47.372490962582916,85.55184185938201,1.6270255571960876e-11,74.94551932709246,96.1275344197202,8.68,0.0,True,True,scored_descriptively,published_mass_template_assumptions,False,False
UGC06923,5,5.16,81.1,5.1,47.91283335391469,88.70943900971052,1.441794820098517e-11,78.04068392263034,99.33672598487892,5.5,0.0,True,True,scored_descriptively,published_mass_template_assumptions,False,False
UGC06930,0,1.74,54.7,8.3,37.20795882603613,61.30237314849866,2.5785282766666085e-11,45.54353641746204,78.60216868400853,88.43,0.0,True,True,scored_descriptively,published_mass_template_assumptions,False,False
UGC06930,1,3.5,85.4,7.0,42.713684575320826,76.54828314945027,1.689333844435281e-11,57.057866258565056,97.88414579007481,40.84,0.0,True,True,scored_descriptively,published_mass_template_assumptions,False,False
UGC06930,2,5.24,93.8,6.2,47.782736422268655,88.85168796551585,1.4120829278222423e-11,66.87062296349309,112.82770814539327,24.98,0.0,True,True,scored_descriptively,published_mass_template_assumptions,False,False
UGC06930,3,6.98,98.7,5.2,52.846901044432116,100.03180403488452,1.2966808071095719e-11,75.83296304890072,126.34019412796454,17.98,0.0,True,True,scored_descriptively,published_mass_template_assumptions,False,False
UGC06930,4,8.72,103.0,5.2,55.98975397338338,108.39555932443785,1.1650648187502126e-11,82.4359673530987,136.5659208022596,10.91,0.0,True,True,scored_descriptively,published_mass_template_assumptions,False,False
UGC06930,5,10.47,107.0,5.2,58.68648225954593,115.77935970044275,1.0660533258136639e-11,88.42733154072071,145.38417515178412,6.05,0.0,True,True,scored_descriptively,published_mass_template_assumptions,False,False
UGC06930,6,12.19,109.0,5.2,60.56081612726169,121.77973301604142,9.750551656823877e-12,93.6171179226737,152.1252543314809,2.66,0.0,True,True,scored_descriptively,published_mass_template_assumptions,False,False
UGC06930,7,13.94,108.0,7.4,59.94210623593402,124.63151498678573,8.353157671945295e-12,96.20894215169182,155.1520916921306,0.84,0.0,True,True,scored_descriptively,published_mass_template_assumptions,False,False
UGC06930,8,15.68,108.0,7.4,55.92428855157659,123.00212833964888,6.464044419666928e-12,95.1575318079052,152.8400795706033,0.0,0.0,True,True,scored_descriptively,published_mass_template_assumptions,False,False
UGC06930,9,16.61,108.0,7.4,54.17421342299305,122.40301391944055,5.726180728501544e-12,94.77445622322031,151.9846238243976,0.0,0.0,True,True,scored_descriptively,published_mass_template_assumptions,False,False
UGC06973,0,1.74,170.0,4.7,259.71684681591216,270.8794375072867,1.25632050903109e-09,222.4864945054219,319.9058167022763,2252.19,0.01,True,False,quality,published_mass_template_assumptions,False,False
UGC06973,1,2.61,174.0,4.2,221.00140225799473,238.97106347260734,6.064555935278002e-10,197.57011108672592,280.85351926904355,361.45,0.0,True,False,quality,published_mass_template_assumptions,False,False
UGC06973,2,3.5,170.0,4.2,195.71743284643807,220.30402166563627,3.546830478036835e-10,183.2339222300615,257.7163066940557,101.13,0.0,True,False,quality,published_mass_template_assumptions,False,False
UGC06973,3,4.37,170.0,4.3,174.7471784321567,205.5132879166976,2.2645836217490203e-10,171.86403682721547,239.37456267900617,48.49,0.0,True,False,quality,published_mass_template_assumptions,False,False
UGC06973,4,5.32,171.0,4.8,160.09127231051667,196.67549539503364,1.5612524567647202e-10,165.31300481920516,228.14682249547175,24.38,0.0,True,False,quality,published_mass_template_assumptions,False,False
UGC06973,5,6.28,174.0,4.9,148.22901615405803,190.04709559926434,1.1338517198908247e-10,160.48392404640114,219.6374607837822,9.11,0.0,True,False,quality,published_mass_template_assumptions,False,False
UGC06973,6,6.81,177.0,10.1,142.03380301885886,186.53141965660583,9.60032143354919e-11,157.79929524365193,215.24948732327408,5.17,0.0,True,False,quality,published_mass_template_assumptions,False,False
UGC06973,7,7.33,178.0,6.3,136.3613070119233,183.33076239848575,8.221059485178581e-11,155.31585515612684,211.294692902392,3.87,0.0,True,False,quality,published_mass_template_assumptions,False,False
UGC06973,8,7.85,180.0,7.7,131.3969292639672,180.66616447255808,7.127713418637432e-11,153.22530715991016,208.02309452297055,2.91,0.0,True,False,quality,published_mass_template_assumptions,False,False
UGC06983,0,1.74,56.9,6.6,40.67985312166208,64.7758100809879,3.0821868192457976e-11,55.25351720866813,74.30172666171268,98.9,0.0,True,True,scored_descriptively,published_mass_template_assumptions,False,False
UGC06983,1,2.61,87.4,4.8,44.66793536755421,74.1666760217042,2.4774260825107377e-11,63.345093351872585,84.97661368142285,46.82,0.0,True,True,scored_descriptively,published_mass_template_assumptions,False,False
UGC06983,2,3.5,92.1,5.7,43.20422433049806,77.06812133030022,1.728358521592371e-11,65.94608222662147,88.15402549724756,24.53,0.0,True,True,scored_descriptively,published_mass_template_assumptions,False,False
UGC06983,3,4.37,93.5,5.2,42.62166291922453,80.03486609238283,1.347189837070312e-11,68.76557847182166,91.26795123971426,17.42,0.0,True,True,scored_descriptively,published_mass_template_assumptions,False,False
UGC06983,4,5.24,98.2,4.4,44.00846282250722,84.70236431710882,1.1978172589273032e-11,73.32296955525169,96.0701139750889,11.69,0.0,True,True,scored_descriptively,published_mass_template_assumptions,False,False
UGC06983,5,6.11,99.7,4.4,44.1410964974818,87.66255947665515,1.0334619201177634e-11,76.13090778262384,99.18519487782778,10.25,0.0,True,True,scored_descriptively,published_mass_template_assumptions,False,False
UGC06983,6,6.98,102.0,3.5,46.22848526612136,92.61164505196085,9.922322968931009e-12,80.88669149633998,104.3403347507036,7.82,0.0,True,True,scored_descriptively,published_mass_template_assumptions,False,False
UGC06983,7,7.85,107.0,4.4,49.27961089537944,98.50505185982456,1.0025691529769194e-11,86.5909034409899,110.42922542596202,5.78,0.0,True,True,scored_descriptively,published_mass_template_assumptions,False,False
UGC06983,8,8.72,108.0,4.4,48.84219589658107,100.24929645873509,8.865910281886272e-12,88.24699319183198,112.25673781410644,3.82,0.0,True,True,scored_descriptively,published_mass_template_assumptions,False,False
UGC06983,9,9.6,110.0,4.4,48.973066577456635,102.51861525483227,8.096416112089478e-12,90.50744475383709,114.52900004862413,2.7,0.0,True,True,scored_descriptively,published_mass_template_assumptions,False,False
UGC06983,10,10.47,113.0,4.4,50.99361283533458,106.88544638716611,8.048859337322525e-12,94.78616091994456,118.97236411820418,1.88,0.0,True,True,scored_descriptively,published_mass_template_assumptions,False,False
UGC06983,11,11.35,110.0,5.2,51.888534860795595,109.85649660697047,7.6876996797575e-12,97.72016382328758,121.96616609926144,1.1,0.0,True,True,scored_descriptively,published_mass_template_assumptions,False,False
UGC06983,12,12.19,108.0,5.7,51.83973090207934,111.53013762072335,7.1444898912951934e-12,99.41315097899914,123.60766089744601,0.58,0.0,True,True,scored_descriptively,published_mass_template_assumptions,False,False
UGC06983,13,13.12,109.0,8.6,51.904991089489656,113.43066552522406,6.654782431090014e-12,101.34385931392742,125.46123028543089,0.0,0.0,True,True,scored_descriptively,published_mass_template_assumptions,False,False
UGC06983,14,13.94,108.0,9.8,51.16458443103003,114.04676813264217,6.085910805855821e-12,102.07438773902078,125.94844588925268,0.0,0.0,True,True,scored_descriptively,published_mass_template_assumptions,False,False
UGC06983,15,14.86,108.0,9.8,50.08597707941815,114.32327906738632,5.470952525891327e-12,102.4387158964338,126.12666008524486,0.0,0.0,True,True,scored_descriptively,published_mass_template_assumptions,False,False
UGC06983,16,15.68,109.0,12.3,49.05923103759373,114.39251817659098,4.974447708026727e-12,102.56814236449951,126.1292354486386,0.0,0.0,True,True,scored_descriptively,published_mass_template_assumptions,False,False
UGC07089,0,0.87,20.9,4.7,14.208317986306474,30.226866133234875,7.519960138731696e-12,26.220784220132245,34.097280362427085,68.02,0.0,True,True,scored_descriptively,published_mass_template_assumptions,False,False
UGC07089,1,1.74,36.4,3.9,24.897954735278958,48.29438207570681,1.1545893642975693e-11,41.969295622303946,54.42321612806929,56.39,0.0,True,True,scored_descriptively,published_mass_template_assumptions,False,False
UGC07089,2,2.61,43.4,3.9,32.28693466404019,61.137375268185,1.2943823345904268e-11,53.154075284525554,68.87900696211355,36.37,0.0,True,True,scored_descriptively,published_mass_template_assumptions,False,False
UGC07089,3,3.5,51.2,4.7,35.7813932093204,69.018474604758,1.1854845641679615e-11,60.03261517179754,77.72870899998155,25.35,0.0,True,True,scored_descriptively,published_mass_template_assumptions,False,False
UGC07089,4,4.37,59.7,3.9,38.23424315976452,75.16089396097735,1.0841091588105314e-11,65.38928645049832,84.62845967047413,17.79,0.0,True,True,scored_descriptively,published_mass_template_assumptions,False,False
UGC07089,5,5.24,64.5,4.4,40.229815435818246,80.44318767858488,1.0009542965054815e-11,70.29733606739474,90.27763636154916,11.52,0.0,True,True,scored_descriptively,published_mass_template_assumptions,False,False
UGC07089,6,6.11,67.9,3.9,41.106411908606184,84.17410417240677,8.962463172317154e-12,73.8957291917212,94.13628047761306,7.62,0.0,True,True,scored_descriptively,published_mass_template_assumptions,False,False
UGC07089,7,6.55,72.8,7.3,41.418376356395235,85.81850920143043,8.487783531201021e-12,75.47820855675543,95.83880573827176,6.38,0.0,True,True,scored_descriptively,published_mass_template_assumptions,False,False
UGC07089,8,6.98,70.3,6.1,41.70235664803609,87.34992510717115,8.07449236932844e-12,76.95676267700054,97.41902957699234,5.35,0.0,True,True,scored_descriptively,published_mass_template_assumptions,False,False
UGC07089,9,7.85,73.7,6.1,42.06218491709626,90.05654256173662,7.304045243614653e-12,79.58871461355103,100.19141353023869,3.71,0.0,True,True,scored_descriptively,published_mass_template_assumptions,False,False
UGC07089,10,8.72,77.6,6.1,42.013143181628294,92.10488509435925,6.5599921273753014e-12,81.58357437401948,102.28417370423388,2.54,0.0,True,True,scored_descriptively,published_mass_template_assumptions,False,False
UGC07089,11,9.16,79.1,7.3,41.61832529066974,92.6259613748396,6.128062440564676e-12,82.09378738212195,102.8125999388083,2.07,0.0,True,True,scored_descriptively,published_mass_template_assumptions,False,False
UGC07125,0,1.44,26.1,3.3,21.516419311772115,42.656613440102866,1.0419022145540224e-11,33.912394976629656,50.77338703766281,52.23,0.0,True,False,inclination,published_mass_template_assumptions,False,False
UGC07125,1,2.88,43.0,3.47,30.874960728719966,60.83115632450358,1.0726790402602299e-11,48.663875066067504,72.07112431415896,20.28,0.0,True,False,inclination,published_mass_template_assumptions,False,False
UGC07125,2,4.33,48.5,2.35,31.986629237854995,67.77882645383025,7.657702872216964e-12,54.11458479975857,80.41026049688514,10.63,0.0,True,False,inclination,published_mass_template_assumptions,False,False
UGC07125,3,5.76,52.5,2.0,33.189498339083094,73.68186200797065,6.197668563674575e-12,59.14688873118095,87.04940173833126,5.58,0.0,True,False,inclination,published_mass_template_assumptions,False,False
UGC07125,4,7.2,56.4,2.05,31.936729638458598,75.82528818005645,4.590900094349221e-12,60.8993192015189,89.53755056833612,3.45,0.0,True,False,inclination,published_mass_template_assumptions,False,False
UGC07125,5,8.64,58.5,2.21,34.191094600787494,82.02401509001199,4.384920476249387e-12,66.37602449959984,96.2864759929071,2.77,0.0,True,False,inclination,published_mass_template_assumptions,False,False
UGC07125,6,10.08,61.5,2.1,36.30381798103335,87.77012048359497,4.237342069372003e-12,71.37999533106263,102.61492707471625,1.68,0.0,True,False,inclination,published_mass_template_assumptions,False,False
UGC07125,7,11.47,64.6,2.01,38.45829169372971,93.27189143660935,4.178938839072058e-12,76.2385707995274,108.58507905321852,1.05,0.0,True,False,inclination,published_mass_template_assumptions,False,False
UGC07125,8,13.0,65.6,2.12,43.99278804531488,103.28653632886116,4.8246862352517e-12,84.99861891826694,119.53507807585284,0.49,0.0,True,False,inclination,published_mass_template_assumptions,False,False
UGC07125,9,14.42,65.4,2.65,44.5586372098609,106.47424844169109,4.462189336677237e-12,87.80798917150811,122.98878462808142,0.0,0.0,True,False,inclination,published_mass_template_assumptions,False,False
UGC07125,10,15.84,65.5,3.05,43.19463566231344,106.93645154084918,3.817279041648333e-12,88.33442351454613,123.33698928698895,0.0,0.0,True,False,inclination,published_mass_template_assumptions,False,False
UGC07125,11,17.26,65.1,3.22,43.588421054220355,109.59121618727131,3.5673928559272893e-12,90.68998508340606,126.19000461647987,0.0,0.0,True,False,inclination,published_mass_template_assumptions,False,False
UGC07125,12,18.68,64.9,3.48,39.10758046721888,105.25374028966424,2.6533496153625195e-12,86.99339617003287,121.3323476369007,0.0,0.0,True,False,inclination,published_mass_template_assumptions,False,False
UGC07151,0,0.5,24.2,2.18,17.521756475878778,30.37927837589575,1.9899159383438574e-11,27.677209006381275,32.885746506505065,167.58,0.0,True,False,inclination,published_mass_template_assumptions,False,False
UGC07151,1,1.0,42.0,2.91,27.139018957950565,45.390034698756686,2.386919341210052e-11,41.19343383019882,49.2749390067674,101.17,0.0,True,False,inclination,published_mass_template_assumptions,False,False
UGC07151,2,1.5,59.4,2.4,31.914014946414998,54.23655451308655,2.2004985357926625e-11,49.26871581771689,58.8350862149942,67.11,0.0,True,False,inclination,published_mass_template_assumptions,False,False
UGC07151,3,2.0,63.9,2.01,35.87588605177578,61.62167793708241,2.0855698076173112e-11,56.32027743003045,66.56122418727797,35.27,0.0,True,False,inclination,published_mass_template_assumptions,False,False
UGC07151,4,2.49,66.0,2.0,37.95185502712614,66.59445099626397,1.8746324242288963e-11,61.4311480380607,71.45040001411368,24.9,0.0,True,False,inclination,published_mass_template_assumptions,False,False
UGC07151,5,3.0,67.2,2.07,39.1456089491529,70.44531746730753,1.6553670515152265e-11,65.3592497351097,75.25252890370085,18.24,0.0,True,False,inclination,published_mass_template_assumptions,False,False
UGC07151,6,3.49,68.7,2.38,38.65849583209363,72.14539313287962,1.3877586143104046e-11,67.07111449454679,76.94424490805083,13.06,0.0,True,False,inclination,published_mass_template_assumptions,False,False
UGC07151,7,4.0,71.3,2.91,40.98364551867001,76.7972032840127,1.3608511871711726e-11,71.92577998720311,81.4366220950529,12.13,0.0,True,False,inclination,published_mass_template_assumptions,False,False
UGC07151,8,4.49,72.5,3.21,41.73723517436199,79.51505179418332,1.2573334413626632e-11,74.46044952036135,84.32582662887194,11.01,0.0,True,False,inclination,published_mass_template_assumptions,False,False
UGC07151,9,5.01,74.0,3.41,42.79723881280193,82.56143319134073,1.1847950449881646e-11,77.33276385027463,87.53712491640223,7.73,0.0,True,False,inclination,published_mass_template_assumptions,False,False
UGC07151,10,5.5,76.2,3.17,44.10468002377979,85.68191752522544,1.146188684289996e-11,80.47631226523241,90.64644213989982,5.0,0.0,True,False,inclination,published_mass_template_assumptions,False,False
UGC07232,0,0.21,16.4,3.3,11.518079266961138,19.856902093588655,2.0473414825253312e-11,17.111685314141965,22.551743688798364,132.25,0.0,True,False,insufficient_valid_radii,published_mass_template_assumptions,False,False
UGC07232,1,0.41,26.2,3.3,19.031602665041113,30.7316262144648,2.862966868579022e-11,26.5199136470169,34.87783885344905,74.94,0.0,True,False,insufficient_valid_radii,published_mass_template_assumptions,False,False
UGC07232,2,0.62,35.2,3.3,20.827080928445064,35.186467173195666,2.2673291649648403e-11,30.6426439393005,39.65746788573112,17.85,0.0,True,False,insufficient_valid_radii,published_mass_template_assumptions,False,False
UGC07232,3,0.82,44.0,3.3,21.408360516396392,37.826831902589916,1.8113501930507728e-11,33.227796901784146,42.34514812712363,9.49,0.0,True,False,insufficient_valid_radii,published_mass_template_assumptions,False,False
UGC07261,0,0.95,46.8,5.66,19.9913331221307,37.44639920685401,1.363356275448447e-11,20.144466119401773,57.79826976872869,97.09,0.0,True,True,scored_descriptively,published_mass_template_assumptions,False,False
UGC07261,1,1.9,63.0,5.66,36.38670361546921,61.522128856425304,2.2582981584978326e-11,32.96564645868127,95.26542552544481,46.46,0.0,True,True,scored_descriptively,published_mass_template_assumptions,False,False
UGC07261,2,2.86,66.8,5.66,36.5536140484084,66.9970675854511,1.5140634155962313e-11,35.972341000382166,103.55658972465693,20.02,0.0,True,True,scored_descriptively,published_mass_template_assumptions,False,False
UGC07261,3,3.81,69.6,5.66,37.1749700739624,71.83467405548066,1.1755083929604882e-11,38.88285238527938,110.3824259436248,7.49,0.0,True,True,scored_descriptively,published_mass_template_assumptions,False,False
UGC07261,4,4.76,73.4,5.66,36.1445161815731,74.13527007496884,8.894618668131529e-12,40.53747446197862,113.05408629026395,1.46,0.0,True,True,scored_descriptively,published_mass_template_assumptions,False,False
UGC07261,5,5.72,74.7,5.66,36.43571942476229,77.50996343689953,7.521563462903127e-12,42.8562644401597,117.17701105871191,0.0,0.0,True,True,scored_descriptively,published_mass_template_assumptions,False,False
UGC07261,6,6.67,76.1,5.66,38.6675781501764,82.88676317977422,7.264697995859503e-12,46.29415540613911,124.26209349761618,0.0,0.0,True,True,scored_descriptively,published_mass_template_assumptions,False,False
UGC07323,0,0.58,23.9,3.87,15.59377119237037,29.23002521690306,1.3587006283848997e-11,21.789517537842215,36.81093167634823,135.84,0.0,True,True,scored_descriptively,published_mass_template_assumptions,False,False
UGC07323,1,1.17,34.7,3.87,24.812691309086166,44.38207077188024,1.7053414109909926e-11,33.0717997703407,55.91935020569361,96.51,0.0,True,True,scored_descriptively,published_mass_template_assumptions,False,False
UGC07323,2,1.75,42.8,3.87,30.45605194374346,54.39593794733157,1.7177446916383587e-11,40.48092099061285,68.59849102122232,71.26,0.0,True,True,scored_descriptively,published_mass_template_assumptions,False,False
UGC07323,3,2.33,51.3,3.87,34.21971434714206,61.78556245694934,1.6287194906653536e-11,45.95480071132497,77.94294114891558,55.55,0.0,True,True,scored_descriptively,published_mass_template_assumptions,False,False
UGC07323,4,2.91,57.7,3.87,38.29673811175046,69.10665751255455,1.633352928930439e-11,51.68130382737308,86.84932563051504,42.67,0.0,True,True,scored_descriptively,published_mass_template_assumptions,False,False
UGC07323,5,3.5,67.3,3.87,41.80334137362706,75.57946172962417,1.6180927192523655e-11,56.7114122334554,94.75775656381467,35.03,0.0,True,True,scored_descriptively,published_mass_template_assumptions,False,False
UGC07323,6,4.07,75.4,3.87,45.51044330700372,81.96164687961668,1.649214624729201e-11,61.746166999738456,102.46416253815912,28.37,0.0,True,True,scored_descriptively,published_mass_template_assumptions,False,False
UGC07323,7,4.65,79.5,3.87,49.77896845054144,88.81058640965897,1.726983893532843e-11,67.26143578845448,110.5925603521681,21.05,0.0,True,True,scored_descriptively,published_mass_template_assumptions,False,False
UGC07323,8,5.23,82.8,3.87,51.4479649743311,92.75923824985622,1.6401522638342622e-11,70.41342807051036,115.30512611705703,14.07,0.0,True,True,scored_descriptively,published_mass_template_assumptions,False,False
UGC07323,9,5.82,85.6,3.87,51.74376145971608,95.14084189347948,1.4908792227988607e-11,72.39029582447732,118.04789251585518,9.18,0.0,True,True,scored_descriptively,published_mass_template_assumptions,False,False
UGC07399,0,0.61,47.3,2.77,22.74569080067695,37.01640310827698,2.748640124939924e-11,27.864986720760893,46.201676324504426,131.44,0.0,True,True,scored_descriptively,published_mass_template_assumptions,False,False
UGC07399,1,1.22,70.4,3.27,28.819384101677123,48.95200213917045,2.2062718034632086e-11,37.076682226145444,60.82205557761753,39.39,0.0,True,True,scored_descriptively,published_mass_template_assumptions,False,False
UGC07399,2,1.84,83.7,2.5,29.97142222184326,54.43789293753773,1.5821451907145184e-11,41.72171291022742,67.040338835104,17.04,0.0,True,True,scored_descriptively,published_mass_template_assumptions,False,False
UGC07399,3,2.45,89.1,2.45,31.38562330112308,59.348139594708705,1.3030014117530404e-11,45.804580495479556,72.69061815316603,13.6,0.0,True,True,scored_descriptively,published_mass_template_assumptions,False,False
UGC07399,4,3.07,91.7,2.48,32.59138843314289,63.610665394386814,1.1212870436992832e-11,49.32982515288323,77.61456412874406,7.77,0.0,True,True,scored_descriptively,published_mass_template_assumptions,False,False
UGC07399,5,3.68,95.1,3.01,32.586190326578524,66.11848511538817,9.351231652536781e-12,51.438654256421,80.46378427853149,5.32,0.0,True,True,scored_descriptively,published_mass_template_assumptions,False,False
UGC07399,6,4.3,96.9,3.62,32.11475361885873,67.82836749826863,7.773027213802761e-12,52.80262277487576,82.49818662238229,4.08,0.0,True,True,scored_descriptively,published_mass_template_assumptions,False,False
UGC07399,7,4.91,100.0,3.9,32.76222519915275,70.61655668358411,7.08459038038205e-12,55.16405970632167,85.64477167257355,2.41,0.0,True,True,scored_descriptively,published_mass_template_assumptions,False,False
UGC07399,8,5.52,103.0,4.82,33.86713008213126,73.81879244225075,6.733907846657829e-12,57.91884654193585,89.20024068939786,1.92,0.0,True,True,scored_descriptively,published_mass_template_assumptions,False,False
UGC07399,9,6.13,106.0,4.97,33.6875904451476,75.32860458947492,5.999690912803055e-12,59.14971476472768,90.96281329946929,1.31,0.0,True,True,scored_descriptively,published_mass_template_assumptions,False,False
UGC07524,0,0.35,14.4,2.82,10.907756414588658,21.369304343532207,1.1016719005591273e-11,18.518042525504192,24.228350566202273,54.27,0.0,True,True,scored_descriptively,published_mass_template_assumptions,False,False
UGC07524,1,0.69,24.4,3.97,12.63379792461475,26.89548682579322,7.496666936365071e-12,23.328757270443088,30.465315402784256,43.05,0.0,True,True,scored_descriptively,published_mass_template_assumptions,False,False
UGC07524,2,1.03,29.2,3.26,14.129984076424149,31.275260158695648,6.2819659045047034e-12,27.121112848906943,35.427871608771284,30.93,0.0,True,True,scored_descriptively,published_mass_template_assumptions,False,False
UGC07524,3,1.38,32.9,3.73,15.055366152970175,34.575890909533584,5.322957673199869e-12,30.01386291002009,39.135628850906855,26.57,0.0,True,True,scored_descriptively,published_mass_template_assumptions,False,False
UGC07524,4,1.72,37.8,3.41,16.505062859619773,38.21542869994365,5.132812184712178e-12,33.30593162687016,43.13631761558058,24.96,0.0,True,True,scored_descriptively,published_mass_template_assumptions,False,False
UGC07524,5,2.07,42.0,3.12,18.13069634625212,41.954400787412965,5.146453795660018e-12,36.54876115703155,47.370947976217515,21.49,0.0,True,True,scored_descriptively,published_mass_template_assumptions,False,False
UGC07524,6,2.41,45.1,2.92,19.409098381944485,45.07217963605069,5.065742790632299e-12,39.28598197428387,50.87188468462082,19.73,0.0,True,True,scored_descriptively,published_mass_template_assumptions,False,False
UGC07524,7,2.76,47.6,2.79,21.616072723785884,49.30832559215516,5.486481994846417e-12,43.13166167947171,55.51699242745557,17.35,0.0,True,True,scored_descriptively,published_mass_template_assumptions,False,False
UGC07524,8,3.1,52.3,2.78,23.237338487873348,52.6707118836961,5.644955586969362e-12,46.2596869981232,59.13195064807102,14.95,0.0,True,True,scored_descriptively,published_mass_template_assumptions,False,False
UGC07524,9,3.45,57.3,2.78,24.916985170762533,56.069006965315936,5.832051456939605e-12,49.461379219358584,62.74491417962603,12.04,0.0,True,True,scored_descriptively,published_mass_template_assumptions,False,False
UGC07524,10,3.79,61.4,2.93,26.51976998391954,59.26972086549086,6.013810661908972e-12,52.54889354944028,66.07527114414745,11.79,0.0,True,True,scored_descriptively,published_mass_template_assumptions,False,False
UGC07524,11,4.14,64.5,3.42,28.269419873778805,62.62934482816842,6.2558007271263e-12,55.6846453836139,69.66879758892678,10.85,0.0,True,True,scored_descriptively,published_mass_template_assumptions,False,False
UGC07524,12,4.48,66.4,4.53,29.50812345778701,65.27457364332999,6.2987536700699855e-12,58.135934852666814,72.51389771603787,9.51,0.0,True,True,scored_descriptively,published_mass_template_assumptions,False,False
UGC07524,13,4.82,66.9,5.46,30.30548795185453,67.33368387847914,6.175113985555283e-12,60.05905446661214,74.71280983583814,8.75,0.0,True,True,scored_descriptively,published_mass_template_assumptions,False,False
UGC07524,14,5.17,69.4,4.77,31.056371326991826,69.32670101443914,6.045891279045202e-12,61.835994199399714,76.92459592483122,8.46,0.0,True,True,scored_descriptively,published_mass_template_assumptions,False,False
UGC07524,15,5.51,70.2,4.44,31.190558667648133,70.48458777711954,5.721951380174728e-12,62.824247046000984,78.25238165960288,6.93,0.0,True,True,scored_descriptively,published_mass_template_assumptions,False,False
UGC07524,16,5.86,70.9,4.24,31.214734501513863,71.49107607778987,5.388540228993618e-12,63.76224411925536,79.32823245199666,6.35,0.0,True,True,scored_descriptively,published_mass_template_assumptions,False,False
UGC07524,17,6.2,72.3,4.38,31.77633081398795,73.11582642417525,5.277949877391878e-12,65.26974321392683,81.07283629768793,6.28,0.0,True,True,scored_descriptively,published_mass_template_assumptions,False,False
UGC07524,18,6.55,73.9,3.51,32.68585473870922,75.18290915259172,5.286008381137646e-12,67.19190518577224,83.28835681622589,5.87,0.0,True,True,scored_descriptively,published_mass_template_assumptions,False,False
UGC07524,19,6.89,75.0,3.22,33.7298962346462,77.37145103057262,5.351311637443631e-12,69.24680558532017,85.61396360645237,5.48,0.0,True,True,scored_descriptively,published_mass_template_assumptions,False,False
UGC07524,20,7.25,75.5,3.23,34.83240301787978,79.66139174908406,5.423483477240658e-12,71.38704665158697,88.05663990099973,5.16,0.0,True,True,scored_descriptively,published_mass_template_assumptions,False,False
UGC07524,21,7.58,77.1,2.98,35.98946929311406,81.92513238892312,5.537721799921595e-12,73.49739455832766,90.47647534747665,4.85,0.0,True,True,scored_descriptively,published_mass_template_assumptions,False,False
UGC07524,22,7.94,77.0,2.79,37.27390642259005,84.40079427142607,5.670727437269169e-12,75.80342428766816,93.12430598422117,4.42,0.0,True,True,scored_descriptively,published_mass_template_assumptions,False,False
UGC07524,23,8.27,77.0,2.82,38.57893790658317,86.81054612468648,5.832362105594402e-12,78.06729738344131,95.68154382388258,4.01,0.0,True,True,scored_descriptively,published_mass_template_assumptions,False,False
UGC07524,24,8.63,78.2,2.93,39.966963232149624,89.37389021852863,5.9984764893918486e-12,80.48054861932317,98.3958442379184,3.56,0.0,True,True,scored_descriptively,published_mass_template_assumptions,False,False
UGC07524,25,8.97,79.6,3.14,40.96649484639856,91.39028990918723,6.063377740683808e-12,82.37078360483221,100.53877367400139,3.14,0.0,True,True,scored_descriptively,published_mass_template_assumptions,False,False
UGC07524,26,9.3,80.3,3.39,41.86806181327241,93.24804030816358,6.1084668251940214e-12,84.11223361647826,102.51285620924347,2.76,0.0,True,True,scored_descriptively,published_mass_template_assumptions,False,False
UGC07524,27,9.66,81.2,3.66,42.648208637643855,95.00782725042767,6.1020240724201705e-12,85.76163680578149,104.38274258278354,2.36,0.0,True,True,scored_descriptively,published_mass_template_assumptions,False,False
UGC07524,28,9.99,82.3,3.9,43.2857592055401,96.51193694843472,6.078186825909405e-12,87.15850299098976,105.99427330938795,2.09,0.0,True,True,scored_descriptively,published_mass_template_assumptions,False,False
UGC07524,29,10.35,83.8,4.1,43.92339809258842,98.067607105093,6.0408905620985064e-12,88.55699094000165,107.70943358888795,1.89,0.0,True,True,scored_descriptively,published_mass_template_assumptions,False,False
UGC07524,30,10.69,79.0,2.78,43.91588323146877,98.7655656965847,5.846756308103828e-12,89.2582779151935,108.40116620096995,0.0,0.0,True,True,scored_descriptively,published_mass_template_assumptions,False,False
UGC07559,0,0.36,9.31,3.23,7.304988021892986,17.16744240708684,4.803811641825729e-12,15.414082001913448,18.881417317422002,30.89,0.0,True,True,scored_descriptively,published_mass_template_assumptions,False,False
UGC07559,1,0.72,15.9,3.23,12.080277314697707,26.475795038011768,6.5685690017279665e-12,23.896036347596453,29.011673380995408,16.96,0.0,True,True,scored_descriptively,published_mass_template_assumptions,False,False
UGC07559,2,1.08,21.4,3.23,14.091619850109497,31.558296713725102,5.958645337289843e-12,28.620157648847616,34.45442514034195,9.0,0.0,True,True,scored_descriptively,published_mass_template_assumptions,False,False
UGC07559,3,1.45,26.1,3.23,15.537147421582894,35.57458312390092,5.3954046949708514e-12,32.409793292296655,38.70080941016497,4.91,0.0,True,True,scored_descriptively,published_mass_template_assumptions,False,False
UGC07559,4,1.8,29.7,3.23,16.65239172011036,38.796928858019626,4.992639247991082e-12,35.580173962576296,41.981562608832526,2.03,0.0,True,True,scored_descriptively,published_mass_template_assumptions,False,False
UGC07559,5,2.17,31.1,3.23,18.114175388352628,42.379959225309314,4.9003472675719115e-12,39.19914628625784,45.52980708419627,1.39,0.0,True,True,scored_descriptively,published_mass_template_assumptions,False,False
UGC07559,6,2.53,32.1,3.23,19.755074031751942,46.01235727448718,4.999035912242932e-12,42.72782607699179,49.26065234071274,0.0,0.0,True,True,scored_descriptively,published_mass_template_assumptions,False,False
UGC07577,0,0.19,3.74,3.17,1.6144194002798655,6.644111891935154,4.445581632128064e-13,5.395186451634602,7.686335348483442,14.37,0.0,True,True,scored_descriptively,published_mass_template_assumptions,False,False
UGC07577,1,0.38,5.4,3.17,3.9291729409635305,12.462266551830949,1.3166433416357337e-12,10.963360286717757,13.875886914209865,13.48,0.0,True,True,scored_descriptively,published_mass_template_assumptions,False,False
UGC07577,2,0.57,7.31,3.17,6.28603213482082,17.584671062319625,2.246610543841448e-12,15.74960865424993,19.356693547812476,11.74,0.0,True,True,scored_descriptively,published_mass_template_assumptions,False,False
UGC07577,3,0.75,8.85,3.17,8.762725032773766,22.40014618645238,3.3179249601698246e-12,20.357937702659743,24.401048880349048,8.8,0.0,True,True,scored_descriptively,published_mass_template_assumptions,False,False
UGC07577,4,0.94,10.7,3.17,10.103642907387414,25.481514861707833,3.519472517786412e-12,23.218541124630878,27.702980073335613,6.16,0.0,True,True,scored_descriptively,published_mass_template_assumptions,False,False
UGC07577,5,1.13,12.4,3.17,10.977725174187956,27.80114709012126,3.4561749603683247e-12,25.36581553753176,30.193620606715925,4.5,0.0,True,True,scored_descriptively,published_mass_template_assumptions,False,False
UGC07577,6,1.32,14.1,3.17,12.211547813442815,30.52124855872981,3.661145190322679e-12,27.974880269537962,33.02899233065196,2.8,0.0,True,True,scored_descriptively,published_mass_template_assumptions,False,False
UGC07577,7,1.51,15.9,3.17,12.603576873253084,32.01865107247373,3.4092601075836472e-12,29.4342087072144,34.56625940533548,1.01,0.0,True,True,scored_descriptively,published_mass_template_assumptions,False,False
UGC07577,8,1.69,17.8,3.17,12.394468524305509,32.562125069665875,2.9459038500912322e-12,30.056542257350692,35.03358536676026,0.0,0.0,True,True,scored_descriptively,published_mass_template_assumptions,False,False
UGC07603,0,0.34,19.6,2.89,14.595908673323494,25.204170489117836,2.030639418387755e-11,19.608618456886447,30.528297516223475,106.8,0.0,True,True,scored_descriptively,published_mass_template_assumptions,False,False
UGC07603,1,0.68,32.5,2.89,20.73810261330578,35.743993622635266,2.0496446825795877e-11,27.811584676404053,43.29149730187804,66.32,0.0,True,True,scored_descriptively,published_mass_template_assumptions,False,False
UGC07603,2,1.02,41.9,2.89,23.100130952009774,41.36797724751451,1.6954233758383417e-11,32.163241715590864,50.12142648947326,28.35,0.0,True,True,scored_descriptively,published_mass_template_assumptions,False,False
UGC07603,3,1.37,50.6,2.89,24.26883392336764,45.25392100557656,1.3932424781120958e-11,35.37651666710877,54.608913160835336,17.64,0.0,True,True,scored_descriptively,published_mass_template_assumptions,False,False
UGC07603,4,1.71,57.0,2.89,26.936608917976294,50.3656055169413,1.3751155283838614e-11,39.88049319932882,60.19707917820003,8.3,0.0,True,True,scored_descriptively,published_mass_template_assumptions,False,False
UGC07603,5,2.05,60.5,2.89,27.54810610550206,53.00365509005956,1.1997177596671431e-11,42.26693800698201,62.99449401307402,4.37,0.0,True,True,scored_descriptively,published_mass_template_assumptions,False,False
UGC07603,6,2.39,60.5,2.89,26.339659261273674,53.375110611775995,9.407448701252641e-12,42.63606639494065,63.34404187812297,2.3,0.0,True,True,scored_descriptively,published_mass_template_assumptions,False,False
UGC07603,7,2.74,60.0,2.89,24.420716615201936,52.687684850402015,7.0536791311567184e-12,42.07674020935186,62.535933146565554,1.18,0.0,True,True,scored_descriptively,published_mass_template_assumptions,False,False
UGC07603,8,3.08,61.5,2.89,23.3214643622565,52.700176717829336,5.722823754160384e-12,42.1470827740159,62.475578053925084,0.62,0.0,True,True,scored_descriptively,published_mass_template_assumptions,False,False
UGC07603,9,3.42,61.5,2.89,23.113895171519665,53.683117553056675,5.062553517722586e-12,43.07851560938715,63.464032313470675,0.33,0.0,True,True,scored_descriptively,published_mass_template_assumptions,False,False
UGC07603,10,3.76,63.0,2.89,23.009164478528984,54.704002000929236,4.563134890168785e-12,44.02735228417728,64.51150701061415,0.17,0.0,True,True,scored_descriptively,published_mass_template_assumptions,False,False
UGC07603,11,4.11,64.0,2.89,22.656939334340816,55.34861129065504,4.0477167737897154e-12,44.641484328261384,65.15302419029264,0.0,0.0,True,True,scored_descriptively,published_mass_template_assumptions,False,False
UGC07608,0,0.6,14.6,6.69,8.224645889033765,20.566038635477323,3.653697781310103e-12,10.123154193287201,32.965076466664385,17.85,0.0,True,False,inclination,published_mass_template_assumptions,False,False
UGC07608,1,1.19,31.5,6.69,11.241676921171504,28.497092656862872,3.441634075103517e-12,14.042086782892305,45.63941316184918,8.12,0.0,True,False,inclination,published_mass_template_assumptions,False,False
UGC07608,2,1.79,44.8,6.69,14.226909362191074,35.550909133808595,3.664523854977778e-12,17.66257870998647,56.56823949951779,5.97,0.0,True,False,inclination,published_mass_template_assumptions,False,False
UGC07608,3,2.38,50.6,6.69,17.58913585142829,42.58069770017396,4.212709423428286e-12,21.280524768663316,67.42472627082395,4.18,0.0,True,False,inclination,published_mass_template_assumptions,False,False
UGC07608,4,2.99,55.6,6.69,19.154512523162786,46.98118595952837,3.97667843369044e-12,23.548906616467146,74.2060967882375,2.37,0.0,True,False,inclination,published_mass_template_assumptions,False,False
UGC07608,5,3.59,61.4,6.69,21.52993613552999,52.20033194164171,4.18447029634361e-12,26.31485394108243,82.03814673172157,1.63,0.0,True,False,inclination,published_mass_template_assumptions,False,False
UGC07608,6,4.18,66.0,6.69,24.21370789449646,57.61771316057676,4.54564767044411e-12,29.153225983988715,90.25059800084554,1.31,0.0,True,False,inclination,published_mass_template_assumptions,False,False
UGC07608,7,4.78,69.3,6.69,26.720183382604244,62.687297838453325,4.840613715234042e-12,31.7970926570579,97.96685655054098,1.09,0.0,True,False,inclination,published_mass_template_assumptions,False,False
UGC07690,0,0.59,45.3,4.31,32.633822944914066,46.347298968068756,5.849696700125631e-11,32.33940346514587,61.53192820739371,180.6,0.0,True,True,scored_descriptively,published_mass_template_assumptions,False,False
UGC07690,1,1.18,59.8,4.31,36.485939072470096,56.28079015878511,3.6561036937427656e-11,39.66435345421395,74.1502368736477,41.99,0.0,True,True,scored_descriptively,published_mass_template_assumptions,False,False
UGC07690,2,1.77,60.7,4.31,35.65776353054129,59.9303414180214,2.328007577346606e-11,42.62300417354512,78.40287729591974,16.24,0.0,True,True,scored_descriptively,published_mass_template_assumptions,False,False
UGC07690,3,2.36,58.8,4.31,35.36698672491056,63.16783931744245,1.7176456371801425e-11,45.2817087146764,82.1312130345909,6.57,0.0,True,True,scored_descriptively,published_mass_template_assumptions,False,False
UGC07690,4,2.95,57.9,4.31,34.16241648361544,64.81802679521557,1.282107984365199e-11,46.76538554616665,83.84311569853386,2.06,0.0,True,True,scored_descriptively,published_mass_template_assumptions,False,False
UGC07690,5,3.54,56.9,4.31,32.84334179099319,65.86394619213232,9.875085683367862e-12,47.768465671373505,84.83373956276763,0.42,0.0,True,True,scored_descriptively,published_mass_template_assumptions,False,False
UGC07690,6,4.13,55.9,4.31,31.413132604055903,66.40220328809944,7.743225343962299e-12,48.360930601560106,85.22894881320099,0.0,0.0,True,True,scored_descriptively,published_mass_template_assumptions,False,False
UGC07866,0,0.33,12.2,4.07,7.254357311299189,16.770758276281786,5.168129656136736e-12,14.135228660563563,19.434487542378697,34.04,0.0,True,True,scored_descriptively,published_mass_template_assumptions,False,False
UGC07866,1,0.66,19.4,4.07,9.960813219812929,23.334911754026432,4.871863505821714e-12,19.536432296297228,27.172595646757504,17.51,0.0,True,True,scored_descriptively,published_mass_template_assumptions,False,False
UGC07866,2,1.0,23.9,4.07,13.275854021493307,30.012698381708798,5.711818404397773e-12,25.183618069077575,34.894952502015194,11.44,0.0,True,True,scored_descriptively,published_mass_template_assumptions,False,False
UGC07866,3,1.33,26.0,4.07,15.213398699830357,34.4905843352074,5.6396260495765005e-12,29.280205599675288,39.75240509583978,5.83,0.0,True,True,scored_descriptively,published_mass_template_assumptions,False,False
UGC07866,4,1.67,28.2,4.07,16.432603263025612,37.87151777669466,5.240174190894264e-12,32.39530543160538,43.38611621062647,3.3,0.0,True,True,scored_descriptively,published_mass_template_assumptions,False,False
UGC07866,5,2.0,30.6,4.07,17.86834211671581,41.29867360979205,5.173541978512333e-12,35.5999983751848,47.00984188231004,2.18,0.0,True,True,scored_descriptively,published_mass_template_assumptions,False,False
UGC07866,6,2.32,33.1,4.07,18.420012214979664,43.42023880045649,4.739595708852204e-12,37.48056412745711,49.3658847301327,1.63,0.0,True,True,scored_descriptively,published_mass_template_assumptions,False,False
UGC08286,0,0.47,22.2,2.81,10.743709787591994,22.57457361803755,7.959029856946419e-12,20.64381510530247,24.29888317440489,82.49,0.0,True,False,inclination,published_mass_template_assumptions,False,False
UGC08286,1,0.95,43.4,3.47,17.17684633452835,34.30606150849525,1.0064975228566188e-11,31.617660251228504,36.74286369130719,52.72,0.0,True,False,inclination,published_mass_template_assumptions,False,False
UGC08286,2,1.42,60.2,3.04,21.210920536365226,42.18248365673387,1.0267864864618182e-11,38.88923946229918,45.169659902364124,40.22,0.0,True,False,inclination,published_mass_template_assumptions,False,False
UGC08286,3,1.9,69.6,2.05,25.98333504383146,50.42774957130616,1.1515575329294447e-11,46.837597364266436,53.723692393032444,31.23,0.0,True,False,inclination,published_mass_template_assumptions,False,False
UGC08286,4,2.37,72.5,2.0,29.527194245305466,56.887009461352875,1.1921899896853905e-11,52.96845583691112,60.49818989044555,22.7,0.0,True,False,inclination,published_mass_template_assumptions,False,False
UGC08286,5,2.84,74.3,2.02,30.08361098671501,59.753842954467,1.0327401061187838e-11,55.65675854155983,63.52570197662725,15.52,0.0,True,False,inclination,published_mass_template_assumptions,False,False
UGC08286,6,3.3,75.8,2.01,31.301399329742434,63.1227414035862,9.621948346489412e-12,58.9003645753699,67.01696741394233,11.35,0.0,True,False,inclination,published_mass_template_assumptions,False,False
UGC08286,7,3.78,77.2,2.05,32.50539724415008,66.40818447463167,9.05875701558019e-12,62.298424206531806,70.22415872894034,7.3,0.0,True,False,inclination,published_mass_template_assumptions,False,False
UGC08286,8,4.25,79.3,2.08,33.77850351925023,69.61420408001477,8.70044237966834e-12,65.58630700106833,73.37372241134982,4.23,0.0,True,False,inclination,published_mass_template_assumptions,False,False
UGC08286,9,4.73,81.3,2.08,35.34250344839766,73.0981770468339,8.558209866044925e-12,69.4335770322017,76.55049119677832,2.11,0.0,True,False,inclination,published_mass_template_assumptions,False,False
UGC08286,10,5.2,81.6,2.03,34.08671368730051,73.11911054088287,7.24129727223371e-12,69.57750478372587,76.45860635055946,1.36,0.0,True,False,inclination,published_mass_template_assumptions,False,False
UGC08286,11,5.67,82.1,2.02,33.38562789584764,73.66648894273393,6.370675629861698e-12,70.23970591050751,76.90200350879832,0.93,0.0,True,False,inclination,published_mass_template_assumptions,False,False
UGC08286,12,6.15,82.9,2.0,31.752772319909326,72.95351338929585,5.3129733522917334e-12,69.55227854203363,76.16209536134424,0.61,0.0,True,False,inclination,published_mass_template_assumptions,False,False
UGC08286,13,6.62,83.2,2.0,31.33459110950708,73.62970221673562,4.806617121577432e-12,70.32991252911242,76.74679304536998,0.37,0.0,True,False,inclination,published_mass_template_assumptions,False,False
UGC08286,14,7.1,83.5,2.02,33.41469287603883,77.49114079467253,5.0964298833253574e-12,74.4369375533745,80.38809595026765,0.21,0.0,True,False,inclination,published_mass_template_assumptions,False,False
UGC08286,15,7.57,83.8,2.0,32.63124882685307,77.59822772974461,4.558489566913469e-12,74.60345743674299,80.43905767195243,0.17,0.0,True,False,inclination,published_mass_template_assumptions,False,False
UGC08286,16,8.04,84.3,2.0,32.6828211756574,78.73033714985361,4.30558811332346e-12,75.81300719326096,81.49887200619548,0.12,0.0,True,False,inclination,published_mass_template_assumptions,False,False
UGC08490,0,0.34,38.8,3.69,19.72806503436158,30.350142258683416,3.7097062316564654e-11,25.435344427414776,35.397383354320894,246.74,0.0,True,True,scored_descriptively,published_mass_template_assumptions,False,False
UGC08490,1,0.68,50.1,3.69,28.832710590577502,43.828983466375284,3.961972780813521e-11,36.882139286295285,50.97511489550596,115.82,0.0,True,True,scored_descriptively,published_mass_template_assumptions,False,False
UGC08490,2,1.02,60.2,3.69,33.10087763186952,51.52247572245777,3.481194594691037e-11,43.50591309349553,59.767249540140966,75.75,0.0,True,True,scored_descriptively,published_mass_template_assumptions,False,False
UGC08490,3,1.36,68.2,3.69,34.90481628658143,56.2134470563443,2.9032287737744424e-11,47.60776309526336,65.05819722938412,41.22,0.0,True,True,scored_descriptively,published_mass_template_assumptions,False,False
UGC08490,4,1.69,72.8,3.69,35.45076021751861,59.180093852145845,2.409982315382638e-11,50.32604965341554,68.2763037328039,27.51,0.0,True,True,scored_descriptively,published_mass_template_assumptions,False,False
UGC08490,5,2.03,75.3,3.69,35.33461970928794,61.24297174784347,1.993215519418311e-11,52.204179998806005,70.52258666971261,15.53,0.0,True,True,scored_descriptively,published_mass_template_assumptions,False,False
UGC08490,6,2.37,76.6,3.69,35.611292450569664,63.48087526993133,1.7341097522935937e-11,54.44281074763785,72.75954575805807,9.72,0.0,True,True,scored_descriptively,published_mass_template_assumptions,False,False
UGC08490,7,2.7,77.6,3.69,35.70913748608331,65.30339649720138,1.5305390389223376e-11,56.28430937145351,74.55836564244704,6.89,0.0,True,True,scored_descriptively,published_mass_template_assumptions,False,False
UGC08490,8,3.05,78.5,3.69,35.156931037848,66.36974996073808,1.3133229381607447e-11,57.344346397863276,75.62502195367969,4.81,0.0,True,True,scored_descriptively,published_mass_template_assumptions,False,False
UGC08490,9,3.38,78.2,3.69,34.8956773827361,67.52719875760549,1.1675514317232263e-11,58.50091992960692,76.77733323620362,3.48,0.0,True,True,scored_descriptively,published_mass_template_assumptions,False,False
UGC08490,10,3.72,78.8,3.69,35.31183017063828,69.38628957901847,1.0862929703664425e-11,60.32178242296542,78.66762550160702,2.42,0.0,True,True,scored_descriptively,published_mass_template_assumptions,False,False
UGC08490,11,4.06,79.2,3.69,35.54620654866001,70.96244095779969,1.0085790467422781e-11,61.87026544573131,80.26293706172575,1.42,0.0,True,True,scored_descriptively,published_mass_template_assumptions,False,False
UGC08490,12,4.39,79.2,3.69,34.59606335986798,71.06146207684355,8.835645890370778e-12,62.02987458166447,80.29398985725547,0.59,0.0,True,True,scored_descriptively,published_mass_template_assumptions,False,False
UGC08490,13,4.74,79.2,3.69,33.72345845253716,71.2208533407946,7.775625337114388e-12,62.285030714919834,80.34698698278616,0.26,0.0,True,True,scored_descriptively,published_mass_template_assumptions,False,False
UGC08490,14,5.08,78.8,3.69,32.431900191015636,70.74568378469894,6.71012378853264e-12,61.89573898969254,79.78061113450524,0.18,0.0,True,True,scored_descriptively,published_mass_template_assumptions,False,False
UGC08490,15,5.41,78.5,3.69,30.712332213623895,69.5989257483739,5.6503816574922e-12,60.854212956510715,78.5266215778413,0.11,0.0,True,True,scored_descriptively,published_mass_template_assumptions,False,False
UGC08490,16,5.75,80.1,3.69,30.41696977017928,70.17784288208232,5.214509972867088e-12,61.457208631412314,79.07426743729614,0.07,0.0,True,True,scored_descriptively,published_mass_template_assumptions,False,False
UGC08490,17,6.09,80.1,3.69,30.41126764868574,71.08125029470125,4.921542151234863e-12,62.36066850655311,79.96941518755274,0.04,0.0,True,True,scored_descriptively,published_mass_template_assumptions,False,False
UGC08490,18,6.42,80.1,3.69,29.87474351354334,71.23174322292908,4.505290479848726e-12,62.54026265860078,80.08593774068,0.02,0.0,True,True,scored_descriptively,published_mass_template_assumptions,False,False
UGC08490,19,6.77,80.1,3.69,29.516712215285764,71.6186141633499,4.17058280244038e-12,62.93849628991529,80.45603127792,0.01,0.0,True,True,scored_descriptively,published_mass_template_assumptions,False,False
UGC08490,20,7.11,79.8,3.69,29.055127774628698,71.80060518017295,3.847914675808176e-12,63.13692606788872,80.6175425184064,0.01,0.0,True,True,scored_descriptively,published_mass_template_assumptions,False,False
UGC08490,21,7.44,79.8,3.69,29.627573305959434,73.32114197934385,3.823566799592966e-12,64.6003423567758,82.18494019013903,0.01,0.0,True,True,scored_descriptively,published_mass_template_assumptions,False,False
UGC08490,22,7.78,79.5,3.69,29.532825804517927,73.94322877289889,3.6331210266658654e-12,65.20644351736352,82.81733784185182,0.0,0.0,True,True,scored_descriptively,published_mass_template_assumptions,False,False
UGC08490,23,8.12,79.5,3.69,28.352246824546373,73.03799131637938,3.2082513642141922e-12,64.36948056163845,81.84588867854572,0.0,0.0,True,True,scored_descriptively,published_mass_template_assumptions,False,False
UGC08490,24,8.46,78.8,3.69,28.303875176378234,73.66188290685922,3.0688163003076083e-12,64.97282926429189,82.48520022366077,0.0,0.0,True,True,scored_descriptively,published_mass_template_assumptions,False,False
UGC08490,25,8.8,77.9,3.69,28.339648021808596,74.38390174566203,2.9577106603800426e-12,65.6683354179571,83.22795038996495,0.0,0.0,True,True,scored_descriptively,published_mass_template_assumptions,False,False
UGC08490,26,9.13,77.2,3.69,27.685412223768676,74.08138419147268,2.720700058456583e-12,65.39565891560797,82.89537805543506,0.0,0.0,True,True,scored_descriptively,published_mass_template_assumptions,False,False
UGC08490,27,9.47,77.6,3.69,27.031206965283662,73.75856653171338,2.5005201077126066e-12,65.10236790995869,82.54310537553415,0.0,0.0,True,True,scored_descriptively,published_mass_template_assumptions,False,False
UGC08490,28,9.77,76.6,3.69,26.886921541894676,74.08194798383279,2.3979330352545316e-12,65.41652295837876,82.87268447858877,0.0,0.0,True,True,scored_descriptively,published_mass_template_assumptions,False,False
UGC08490,29,10.15,77.6,3.69,26.95830113341714,74.84822890670965,2.3204299001021596e-12,66.14793006981051,83.66831161150053,0.0,0.0,True,True,scored_descriptively,published_mass_template_assumptions,False,False
UGC08550,0,0.49,25.0,2.04,12.525062874093686,24.85327947572996,1.0375599607061664e-11,19.611085425392996,29.739934991572518,58.85,0.0,True,False,inclination,published_mass_template_assumptions,False,False
UGC08550,1,0.97,42.5,2.7,19.31980848766364,36.8704189091815,1.2470485295686149e-11,29.01371223944264,44.21092119212865,34.44,0.0,True,False,inclination,published_mass_template_assumptions,False,False
UGC08550,2,1.47,48.0,2.15,22.850342448199765,44.350957362785685,1.1511119066318335e-11,35.285919934148616,52.76001610050745,12.1,0.0,True,False,inclination,published_mass_template_assumptions,False,False
UGC08550,3,1.95,49.2,2.08,23.40923215314847,47.76966720916074,9.107290310246615e-12,38.25893520996428,56.53793132678213,4.42,0.0,True,False,inclination,published_mass_template_assumptions,False,False
UGC08550,4,2.44,50.4,2.06,21.756839154619865,48.14777846782582,6.287112485616184e-12,38.76724259599354,56.74459948270863,0.9,0.0,True,False,inclination,published_mass_template_assumptions,False,False
UGC08550,5,2.92,51.6,2.04,19.77733045686399,47.553467371266,4.341121525531778e-12,38.354861885125615,55.963024061266765,0.36,0.0,True,False,inclination,published_mass_template_assumptions,False,False
UGC08550,6,3.41,53.2,2.0,19.581843631282524,48.99424482116302,3.644200238845854e-12,39.745334133774485,57.391366349943176,0.14,0.0,True,False,inclination,published_mass_template_assumptions,False,False
UGC08550,7,3.89,55.1,2.05,19.953960759708835,51.01121350859682,3.3170963092899168e-12,41.620259188306335,59.46902640946167,0.05,0.0,True,False,inclination,published_mass_template_assumptions,False,False
UGC08550,8,4.39,57.8,2.24,22.08431796547043,55.408224759676905,3.6004179425691713e-12,45.54315585535816,64.18360141322567,0.02,0.0,True,False,inclination,published_mass_template_assumptions,False,False
UGC08550,9,4.88,57.3,2.0,24.208314687313532,59.66873622196265,3.891873763799589e-12,49.27308231167681,68.83080287577747,0.01,0.0,True,False,inclination,published_mass_template_assumptions,False,False
UGC08550,10,5.36,57.5,2.0,24.636843344876795,61.543157126270486,3.669904721026434e-12,50.90831221861474,70.88071080558306,0.0,0.0,True,False,inclination,published_mass_template_assumptions,False,False
UGC08699,0,0.22,152.0,39.4,133.5291619085509,136.42028366633227,2.6265097681313215e-09,99.81824656573946,172.4197721328535,1284.41,17156.5,True,True,scored_descriptively,published_mass_template_assumptions,False,False
UGC08699,1,0.43,167.0,32.9,196.7983967160302,200.65205447686034,2.9189328970567235e-09,146.7532690153611,253.67764990638707,1125.76,7720.07,True,True,scored_descriptively,published_mass_template_assumptions,False,False
UGC08699,2,0.65,179.0,20.9,214.72662089270625,220.00075988825824,2.2988354073504957e-09,161.07379813916512,277.9350201837914,980.53,2738.14,True,True,scored_descriptively,published_mass_template_assumptions,False,False
UGC08699,3,0.87,188.0,15.7,212.03784669251857,219.04065130309766,1.674776940279996e-09,160.6432642576485,276.3894424295489,854.03,1058.7,True,True,scored_descriptively,published_mass_template_assumptions,False,False
UGC08699,4,1.08,195.0,10.6,204.55130620458036,213.3478491962114,1.2555390175280735e-09,156.7617025958883,268.84315527271866,748.54,443.76,True,True,scored_descriptively,published_mass_template_assumptions,False,False
UGC08699,5,1.31,199.0,8.88,196.37377594780827,207.1733809172276,9.539928968319932e-10,152.54298715180224,260.66379124230184,647.89,128.19,True,True,scored_descriptively,published_mass_template_assumptions,False,False
UGC08699,6,1.52,202.0,4.4,188.56346499255892,201.24039321898425,7.580903475342966e-10,148.46664491062654,252.82784216013354,567.07,14.44,True,True,scored_descriptively,published_mass_template_assumptions,False,False
UGC08699,7,1.73,202.0,2.3,181.61148889869273,196.148597890623,6.178598710496836e-10,144.98665637364513,246.07532620462314,494.29,1.36,True,True,scored_descriptively,published_mass_template_assumptions,False,False
UGC08699,8,1.96,202.0,3.38,175.71175680642432,192.1988978598486,5.10499152356215e-10,142.33678487635203,240.76986993713277,433.23,0.1,True,True,scored_descriptively,published_mass_template_assumptions,False,False
UGC08699,9,2.17,200.0,4.47,171.58707346417444,189.76680439158372,4.397024192787163e-10,140.75402705885685,237.43676043192346,374.57,0.01,True,True,scored_descriptively,published_mass_template_assumptions,False,False
UGC08699,10,2.39,196.0,2.88,167.64696439243986,187.55355507997146,3.811035039912881e-10,139.32562798670827,234.38574091533036,305.03,0.0,True,True,scored_descriptively,published_mass_template_assumptions,False,False
UGC08699,11,2.6,193.0,3.32,164.13689094776956,185.65080168408176,3.3580604706374926e-10,138.10330019908633,231.75355444909064,243.47,0.0,True,True,scored_descriptively,published_mass_template_assumptions,False,False
UGC08699,12,2.83,189.0,2.21,159.8005925520929,183.08317709785362,2.9242856291591773e-10,136.40202286108044,228.26872991590105,190.61,0.0,True,True,scored_descriptively,published_mass_template_assumptions,False,False
UGC08699,13,3.04,184.0,14.0,155.6926461975645,180.57711350099945,2.584116394449067e-10,134.72143219365287,224.89301598778854,155.5,0.0,True,True,scored_descriptively,published_mass_template_assumptions,False,False
UGC08699,14,5.87,170.0,5.45,124.78587828756906,166.62102716424886,8.596907100238429e-11,125.8366166809345,205.4265175322161,85.65,0.0,True,True,scored_descriptively,published_mass_template_assumptions,False,False
UGC08699,15,6.08,172.0,6.66,124.28551424039729,167.0563375081486,8.233545743352786e-11,126.22903396534896,205.87748610886473,83.33,0.0,True,True,scored_descriptively,published_mass_template_assumptions,False,False
UGC08699,16,6.3,174.0,3.96,123.8657442556254,167.5890079707309,7.892440896153967e-11,126.69695736053885,206.44652243874646,80.59,0.0,True,True,scored_descriptively,published_mass_template_assumptions,False,False
UGC08699,17,6.52,176.0,5.18,123.53587899877508,168.1856508214369,7.585567521561638e-11,127.20784537476547,207.10137601538474,77.61,0.0,True,True,scored_descriptively,published_mass_template_assumptions,False,False
UGC08699,18,6.74,178.0,3.04,123.22593286317617,168.78217227983,7.301192305562108e-11,127.71750888047042,207.757836865675,74.35,0.0,True,True,scored_descriptively,published_mass_template_assumptions,False,False
UGC08699,19,6.95,180.0,2.75,122.96105155698696,169.3638696055883,7.050173216196661e-11,128.21287287099815,208.400547832036,71.73,0.0,True,True,scored_descriptively,published_mass_template_assumptions,False,False
UGC08699,20,7.16,182.0,2.34,122.83191083753441,170.05715755724535,6.829027294029993e-11,128.79229832730448,209.18196317233085,69.78,0.0,True,True,scored_descriptively,published_mass_template_assumptions,False,False
UGC08699,21,7.39,183.0,3.39,122.83849710086818,170.93866365307525,6.617196098536405e-11,129.51099089090891,210.1987687576575,68.08,0.0,True,True,scored_descriptively,published_mass_template_assumptions,False,False
UGC08699,22,7.6,184.0,7.58,123.115252629396,171.98359095143581,6.463378416853155e-11,130.3478674135918,211.42523295573014,66.23,0.0,True,True,scored_descriptively,published_mass_template_assumptions,False,False
UGC08699,23,7.82,185.0,6.08,123.4839988824463,173.13915023394156,6.31922868195145e-11,131.26757389448363,212.7891109727735,63.37,0.0,True,True,scored_descriptively,published_mass_template_assumptions,False,False
UGC08699,24,8.03,186.0,6.73,123.9112351645322,174.3010771555837,6.196625954372218e-11,132.1898276468966,214.16423120839673,60.28,0.0,True,True,scored_descriptively,published_mass_template_assumptions,False,False
UGC08699,25,8.26,187.0,6.83,124.40080365496036,175.5814243600794,6.071776534929137e-11,133.2027107834111,215.68366292679917,56.45,0.0,True,True,scored_descriptively,published_mass_template_assumptions,False,False
UGC08699,26,8.47,187.0,6.11,124.8256168420569,176.71849658840222,5.96174623569391e-11,134.10631838656934,217.02831086452542,52.04,0.0,True,True,scored_descriptively,published_mass_template_assumptions,False,False
UGC08699,27,8.68,188.0,4.78,125.0905744650651,177.6945069584964,5.842233403996824e-11,134.88765152528748,218.174634845509,47.02,0.0,True,True,scored_descriptively,published_mass_template_assumptions,False,False
UGC08699,28,8.91,188.0,4.14,125.13635802595503,178.52084423002623,5.695590709500618e-11,135.56648428820378,219.1229900603381,40.84,0.0,True,True,scored_descriptively,published_mass_template_assumptions,False,False
UGC08699,29,9.53,187.0,5.93,123.57099101326331,179.0841113190649,5.192656726424387e-11,136.16661892576323,219.59133542705376,26.78,0.0,True,True,scored_descriptively,published_mass_template_assumptions,False,False
UGC08699,30,9.78,187.0,7.63,122.59705979345507,178.95683361866526,4.980474369897305e-11,136.14839372357363,219.3340752287184,22.33,0.0,True,True,scored_descriptively,published_mass_template_assumptions,False,False
UGC08699,31,9.99,186.0,7.89,121.63308974123777,178.69742107820693,4.799405494199515e-11,136.02212375591841,218.92492443792108,18.95,0.0,True,True,scored_descriptively,published_mass_template_assumptions,False,False
UGC08699,32,10.21,186.0,9.86,120.46589994683143,178.26156090237177,4.6062973708297877e-11,135.76283612284354,218.2972716786388,16.15,0.0,True,True,scored_descriptively,published_mass_template_assumptions,False,False
UGC08699,33,11.46,182.0,2.51,113.98618394349378,175.66789367534386,3.674254765458858e-11,134.228764322245,214.56124380830107,7.76,0.0,True,True,scored_descriptively,published_mass_template_assumptions,False,False
UGC08699,34,13.39,177.0,3.62,106.24329498843679,173.1029135235356,2.7319449277173112e-11,132.88046720837133,210.6652731724363,4.2,0.0,True,True,scored_descriptively,published_mass_template_assumptions,False,False
UGC08699,35,15.21,175.0,6.71,100.61810910566744,171.67158047407955,2.1571112492148843e-11,132.1667064534699,208.43891108654367,2.6,0.0,True,True,scored_descriptively,published_mass_template_assumptions,False,False
UGC08699,36,17.13,177.0,6.13,95.34181454115502,170.24503600167387,1.7197246569208117e-11,131.35244130851402,206.344996816353,1.56,0.0,True,True,scored_descriptively,published_mass_template_assumptions,False,False
UGC08699,37,19.06,180.0,3.95,90.9144588060667,169.22217366302394,1.4053758103895839e-11,130.8043577966911,204.80004437546532,1.03,0.0,True,True,scored_descriptively,published_mass_template_assumptions,False,False
UGC08699,38,20.99,181.0,4.46,87.14639223743,168.48579145044692,1.1725620691738983e-11,130.43070667927722,203.66140403052808,0.79,0.0,True,True,scored_descriptively,published_mass_template_assumptions,False,False
UGC08699,39,22.92,182.0,7.09,83.5080524260984,167.5205359709249,9.860332314848386e-12,129.7486434581047,202.40039860082732,0.5,0.0,True,True,scored_descriptively,published_mass_template_assumptions,False,False
UGC08699,40,25.7,183.0,7.49,78.29467204095053,165.56380642920516,7.730022357384046e-12,128.25346675587028,199.98828839911468,0.18,0.0,True,True,scored_descriptively,published_mass_template_assumptions,False,False
UGC08837,0,0.52,7.31,2.12,7.009932239330134,18.252281306155947,3.0624834542480778e-12,16.124525749857188,20.119293431278475,32.26,0.0,True,True,scored_descriptively,published_mass_template_assumptions,False,False
UGC08837,1,1.05,14.6,2.05,10.766550050968045,27.051584740916596,3.577777125156052e-12,24.038514821157605,29.714409746689505,21.96,0.0,True,True,scored_descriptively,published_mass_template_assumptions,False,False
UGC08837,2,1.57,21.0,2.05,14.783722467633108,35.23861866963958,4.511463046452622e-12,31.755785051900308,38.35817216468777,16.46,0.0,True,True,scored_descriptively,published_mass_template_assumptions,False,False
UGC08837,3,2.09,28.1,2.06,21.03464285411093,45.66007085939107,6.860779375340928e-12,42.014180197188836,48.95668313159094,11.7,0.0,True,True,scored_descriptively,published_mass_template_assumptions,False,False
UGC08837,4,2.63,35.3,2.5,24.76811761115487,52.63174924856131,7.559267409238741e-12,48.7247004618447,56.15967847282185,8.74,0.0,True,True,scored_descriptively,published_mass_template_assumptions,False,False
UGC08837,5,3.15,43.0,3.38,26.08349765656439,56.37056335509244,6.999557024372352e-12,52.10425569004172,60.22439369919621,5.69,0.0,True,True,scored_descriptively,published_mass_template_assumptions,False,False
UGC08837,6,3.68,46.6,3.15,27.675825190949592,60.30132481686095,6.745323667834205e-12,56.074539436374984,64.1056931539186,2.58,0.0,True,True,scored_descriptively,published_mass_template_assumptions,False,False
UGC08837,7,4.2,48.0,3.0,29.322014767065376,64.12278340349545,6.634188095016869e-12,59.94100669625145,67.86586044432273,1.25,0.0,True,True,scored_descriptively,published_mass_template_assumptions,False,False
UGC09037,0,2.43,62.2,5.69,97.15355140189163,122.77308643590054,1.2588110382299405e-10,102.81497577386536,142.69631853795323,402.36,0.0,True,True,scored_descriptively,published_mass_template_assumptions,False,False
UGC09037,1,3.65,88.2,3.85,105.69299456444594,138.14051572448602,9.91856847492453e-11,116.00184711092115,160.19318614750958,235.2,0.0,True,True,scored_descriptively,published_mass_template_assumptions,False,False
UGC09037,2,4.86,107.0,4.42,107.87871708543813,146.344342074805,7.760411163047556e-11,123.21558965365939,169.33268719606812,147.3,0.0,True,True,scored_descriptively,published_mass_template_assumptions,False,False
UGC09037,3,6.08,120.0,3.93,109.91566653575823,153.63712277027838,6.439691628187495e-11,129.88780656725967,177.2105761352704,121.61,0.0,True,True,scored_descriptively,published_mass_template_assumptions,False,False
UGC09037,4,7.29,124.0,5.15,116.20803457592766,164.32765521423318,6.003357944599772e-11,139.26911929326465,189.19063329529328,90.72,0.0,True,True,scored_descriptively,published_mass_template_assumptions,False,False
UGC09037,5,8.51,128.0,4.29,116.28151701796807,168.7636333206623,5.149217927783229e-11,143.4990696627946,193.80371868900173,62.19,0.0,True,True,scored_descriptively,published_mass_template_assumptions,False,False
UGC09037,6,9.73,133.0,5.36,115.48649141782774,171.99160463992223,4.442209014634463e-11,146.54201951258688,197.18749590193426,48.99,0.0,True,True,scored_descriptively,published_mass_template_assumptions,False,False
UGC09037,7,10.96,138.0,6.78,114.8870867417222,175.11786379169214,3.902845275789401e-11,149.25781092667015,200.69403385693232,39.66,0.0,True,True,scored_descriptively,published_mass_template_assumptions,False,False
UGC09037,8,12.19,143.0,6.42,116.332049109435,179.97634166357454,3.5978620298239614e-11,153.96269669872765,205.69403850883202,25.26,0.0,True,True,scored_descriptively,published_mass_template_assumptions,False,False
UGC09037,9,13.41,146.0,5.4,116.13477752163648,182.99336467901455,3.259457041166409e-11,157.26587181562337,208.41074289174952,18.66,0.0,True,True,scored_descriptively,published_mass_template_assumptions,False,False
UGC09037,10,14.55,148.0,4.5,115.05238654630334,184.7471053782077,2.948341088702774e-11,159.17454276673345,209.99215678482636,14.96,0.0,True,True,scored_descriptively,published_mass_template_assumptions,False,False
UGC09037,11,15.78,154.0,4.46,114.87951797426729,187.45933708962087,2.7103642804454072e-11,162.00877033026129,212.56396014721446,10.66,0.0,True,True,scored_descriptively,published_mass_template_assumptions,False,False
UGC09037,12,17.0,158.0,4.02,112.70972517932957,187.97477095266186,2.42171657973801e-11,162.79223233809884,212.79296288021047,7.68,0.0,True,True,scored_descriptively,published_mass_template_assumptions,False,False
UGC09037,13,18.23,159.0,5.07,109.32441813245568,187.08699882439362,2.12469763849221e-11,162.1805445025447,211.6138607566284,5.88,0.0,True,True,scored_descriptively,published_mass_template_assumptions,False,False
UGC09037,14,19.46,160.0,7.33,106.27306173250115,186.3539943896093,1.8808449893451942e-11,161.7088900973386,210.6059310111697,4.69,0.0,True,True,scored_descriptively,published_mass_template_assumptions,False,False
UGC09037,15,20.69,158.0,7.82,106.36355837409728,188.7728468287877,1.7720447310027227e-11,164.32019651270136,212.81273365628218,3.96,0.0,True,True,scored_descriptively,published_mass_template_assumptions,False,False
UGC09037,16,21.92,155.0,8.07,104.09106061521325,188.58252057223953,1.6019013684903284e-11,164.26560874748964,212.47567280021923,3.38,0.0,True,True,scored_descriptively,published_mass_template_assumptions,False,False
UGC09037,17,23.14,156.0,7.93,101.18298325311426,187.55283524818893,1.4338412154836724e-11,163.39623295940126,211.27806579093868,2.58,0.0,True,True,scored_descriptively,published_mass_template_assumptions,False,False
UGC09037,18,24.28,154.0,9.09,100.11602868671929,188.27084720343123,1.3378517791153672e-11,164.29328145022833,211.80371319763728,2.11,0.0,True,True,scored_descriptively,published_mass_template_assumptions,False,False
UGC09037,19,25.51,150.0,13.4,97.01757778876981,186.79625626703785,1.1957485177605155e-11,163.00956908724345,210.13338032758722,1.93,0.0,True,True,scored_descriptively,published_mass_template_assumptions,False,False
UGC09037,20,26.73,141.0,20.1,98.41907741896385,190.21766715469124,1.1743811595540005e-11,166.49409942954645,213.4677372101408,1.77,0.0,True,True,scored_descriptively,published_mass_template_assumptions,False,False
UGC09037,21,27.96,152.0,16.0,98.56869913922979,192.2067159578183,1.1261346920380102e-11,168.53459076093094,215.386350213686,1.67,0.0,True,True,scored_descriptively,published_mass_template_assumptions,False,False
UGC09133,0,0.32,284.0,34.7,159.95763354713645,163.4656944248603,2.5912506101044077e-09,120.37833736487644,209.79100606454801,1402.59,19827.42,True,True,scored_descriptively,published_mass_template_assumptions,False,False
UGC09133,1,0.63,282.0,18.8,246.9934375241577,251.50658242951633,3.138193613438018e-09,185.07584900068596,322.94902420490274,1303.47,10165.91,True,True,scored_descriptively,published_mass_template_assumptions,False,False
UGC09133,2,0.95,281.0,12.6,273.04046897850145,279.1358442570231,2.5431963519105628e-09,205.58628991339967,358.2090516764409,1208.5,5354.8,True,True,scored_descriptively,published_mass_template_assumptions,False,False
UGC09133,3,1.26,280.0,10.6,280.70065616239657,288.46264710697227,2.0265893933461827e-09,212.68925552648096,369.8916690050865,1123.1,3300.36,True,True,scored_descriptively,published_mass_template_assumptions,False,False
UGC09133,4,1.58,280.0,10.8,283.2049890097277,292.71414052989917,1.645107064260522e-09,216.07696583858527,375.0307573581913,1041.27,2103.94,True,True,scored_descriptively,published_mass_template_assumptions,False,False
UGC09133,5,1.89,279.0,7.67,281.9199958321509,293.1727838867843,1.3628228644306353e-09,216.67511277940983,375.29495582347926,967.69,1429.43,True,True,scored_descriptively,published_mass_template_assumptions,False,False
UGC09133,6,2.21,279.0,11.2,279.62376692620387,292.67571940072145,1.1465825952536124e-09,216.5723139799289,374.326233664227,897.18,1006.49,True,True,scored_descriptively,published_mass_template_assumptions,False,False
UGC09133,7,2.52,279.0,4.45,276.75496002781955,291.54998420989284,9.850079601283947e-10,215.9922102243793,372.5660893443557,833.78,748.35,True,True,scored_descriptively,published_mass_template_assumptions,False,False
UGC09133,8,2.84,279.0,5.03,273.6732665606928,290.2517175785532,8.54664896531696e-10,215.2831094774663,370.5844875362624,773.03,612.35,True,True,scored_descriptively,published_mass_template_assumptions,False,False
UGC09133,9,3.15,279.0,4.26,271.8950352617715,290.1227154582725,7.605739666945185e-10,215.40753521704045,370.1368897908388,718.39,534.72,True,True,scored_descriptively,published_mass_template_assumptions,False,False
UGC09133,10,3.47,279.0,4.14,272.1719791418654,291.9646049663599,6.918418076836111e-10,216.96301042684223,372.24385143765005,666.05,422.4,True,True,scored_descriptively,published_mass_template_assumptions,False,False
UGC09133,11,3.79,279.0,5.73,272.6170528048456,293.9262538186134,6.355010635131894e-10,218.59637513414052,374.51675364083997,617.52,288.59,True,True,scored_descriptively,published_mass_template_assumptions,False,False
UGC09133,12,4.1,280.0,4.52,272.3912913989726,295.1706932506018,5.864784185177656e-10,219.69350082423213,375.87849004691,573.89,189.15,True,True,scored_descriptively,published_mass_template_assumptions,False,False
UGC09133,13,4.42,280.0,4.86,271.22222471619096,295.54219505822687,5.393587558368902e-10,220.1535112672543,376.1110213075238,532.06,95.7,True,True,scored_descriptively,published_mass_template_assumptions,False,False
UGC09133,14,4.73,280.0,1.59,269.04627092751167,294.8969006579412,4.95954994250731e-10,219.86122743782948,375.0417785627929,487.58,49.26,True,True,scored_descriptively,published_mass_template_assumptions,False,False
UGC09133,15,5.05,281.0,1.85,266.0642391416028,293.5211163075507,4.542878161060042e-10,219.0358740522031,373.0270784354479,441.24,24.96,True,True,scored_descriptively,published_mass_template_assumptions,False,False
UGC09133,16,5.36,282.0,4.81,262.8542490050332,291.87195994700477,4.177482781654637e-10,217.99881028403283,370.67392267378466,408.32,12.96,True,True,scored_descriptively,published_mass_template_assumptions,False,False
UGC09133,17,5.68,282.0,20.3,259.65278829621684,290.2585610587311,3.846689219760755e-10,216.98702398141734,368.3670813762768,380.67,6.52,True,True,scored_descriptively,published_mass_template_assumptions,False,False
UGC09133,18,5.99,283.0,12.8,256.8426163042262,288.95085482358286,3.569084273940279e-10,216.18705050436594,366.46964916088353,359.58,3.4,True,True,scored_descriptively,published_mass_template_assumptions,False,False
UGC09133,19,6.31,284.0,8.08,254.35255365338875,287.9650095420883,3.3227089401783644e-10,215.62052334098286,364.9895106387635,341.54,1.71,True,True,scored_descriptively,published_mass_template_assumptions,False,False
UGC09133,20,6.62,284.0,7.81,252.59834486789495,287.60192142668393,3.123578798974753e-10,215.49712942584145,364.32915685292807,326.7,0.89,True,True,scored_descriptively,published_mass_template_assumptions,False,False
UGC09133,21,6.94,285.0,10.4,251.20924660529516,287.5973766184698,2.9468716885528486e-10,215.63581180656078,364.1315696602408,306.23,0.45,True,True,scored_descriptively,published_mass_template_assumptions,False,False
UGC09133,22,7.57,286.0,6.82,248.56997379007785,287.61644335248576,2.6451536755684925e-10,215.91682198425417,363.7946001082891,257.47,0.12,True,True,scored_descriptively,published_mass_template_assumptions,False,False
UGC09133,23,7.89,287.0,13.4,246.70790481863364,287.1155707313854,2.4999917853056305e-10,215.68077999596022,362.9709733199069,227.66,0.06,True,True,scored_descriptively,published_mass_template_assumptions,False,False
UGC09133,24,8.2,287.0,10.5,244.46336684665047,286.2068342020452,2.3619091024898e-10,215.14061847582155,361.6285523655977,209.07,0.03,True,True,scored_descriptively,published_mass_template_assumptions,False,False
UGC09133,25,8.31,288.0,2.93,243.70735821882766,285.91774399371684,2.3162515072371082e-10,214.97124912966285,361.1978734682943,204.24,0.02,True,True,scored_descriptively,published_mass_template_assumptions,False,False
UGC09133,26,8.52,288.0,5.58,242.4458749288179,285.5275717081981,2.235833497536488e-10,214.76797099254912,360.58258248237934,197.13,0.02,True,True,scored_descriptively,published_mass_template_assumptions,False,False
UGC09133,27,8.83,288.0,5.74,240.8793621711914,285.209903602953,2.1295504651945456e-10,214.65118109717048,360.01487688849534,187.41,0.01,True,True,scored_descriptively,published_mass_template_assumptions,False,False
UGC09133,28,9.15,288.0,7.0,239.24241530297257,284.8464066435858,2.0272379012582834e-10,214.50270935357372,359.3855735396155,171.33,0.0,True,True,scored_descriptively,published_mass_template_assumptions,False,False
UGC09133,29,9.78,289.0,12.7,235.41668309616463,283.5268318444804,1.8364752206026188e-10,213.75718484147606,357.38156327046096,138.98,0.0,True,True,scored_descriptively,published_mass_template_assumptions,False,False
UGC09133,30,10.1,289.0,3.89,233.11065055033416,282.49884410003796,1.743621894384257e-10,213.1103512567281,355.9100561823193,127.27,0.0,True,True,scored_descriptively,published_mass_template_assumptions,False,False
UGC09133,31,11.04,288.0,5.02,226.38409126968264,279.43031216498787,1.5044307097978706e-10,211.16118982545552,351.54318353661404,102.81,0.0,True,True,scored_descriptively,published_mass_template_assumptions,False,False
UGC09133,32,11.36,288.0,3.39,224.2486575210652,278.49649805554253,1.4346000016115638e-10,210.56991272539634,350.210977998307,97.25,0.0,True,True,scored_descriptively,published_mass_template_assumptions,False,False
UGC09133,33,11.67,288.0,10.7,222.319245523189,277.7050193839258,1.3725643624163782e-10,210.07989965487144,349.06697588519637,92.94,0.0,True,True,scored_descriptively,published_mass_template_assumptions,False,False
UGC09133,34,13.57,285.0,4.07,212.75140920802383,274.6255929093452,1.0809721324484796e-10,208.31043007934187,344.4249253003238,69.68,0.0,True,True,scored_descriptively,published_mass_template_assumptions,False,False
UGC09133,35,13.88,284.0,8.92,211.17284437161894,274.05944834092514,1.0412047194399076e-10,207.9666719761064,343.5967055070576,65.64,0.0,True,True,scored_descriptively,published_mass_template_assumptions,False,False
UGC09133,36,14.2,284.0,5.69,209.76413373119817,273.6654159924128,1.0042077671862768e-10,207.75228169504217,342.9865010669216,61.84,0.0,True,True,scored_descriptively,published_mass_template_assumptions,False,False
UGC09133,37,16.61,278.0,9.14,199.65710939007408,270.753320502866,7.777667639625865e-11,206.11495763347767,338.54888250149327,45.35,0.0,True,True,scored_descriptively,published_mass_template_assumptions,False,False
UGC09133,38,19.35,273.0,6.1,190.7913740712614,269.1039071666458,6.096575507358363e-11,205.40177287268781,335.7479117507288,26.39,0.0,True,True,scored_descriptively,published_mass_template_assumptions,False,False
UGC09133,39,22.19,269.0,2.26,181.4066503191104,266.44835774420534,4.8061637203577584e-11,203.9467569228615,331.6742335361454,19.6,0.0,True,True,scored_descriptively,published_mass_template_assumptions,False,False
UGC09133,40,24.92,265.0,1.32,175.08566126327995,265.8519020936608,3.986599227783843e-11,204.00635637837564,330.26406216228037,14.04,0.0,True,True,scored_descriptively,published_mass_template_assumptions,False,False
UGC09133,41,27.66,262.0,3.15,169.51040448892806,265.49133900144966,3.366588219612873e-11,204.24075328431076,329.1664764303943,9.81,0.0,True,True,scored_descriptively,published_mass_template_assumptions,False,False
UGC09133,42,30.5,257.0,4.71,163.72392042704084,264.63670573406694,2.8482223255488137e-11,203.99467111144617,327.57751281447855,6.71,0.0,True,True,scored_descriptively,published_mass_template_assumptions,False,False
UGC09133,43,33.23,252.0,4.96,158.09529015755024,263.3323316117275,2.4375693334121953e-11,203.2837080593557,325.5761809909413,4.38,0.0,True,True,scored_descriptively,published_mass_template_assumptions,False,False
UGC09133,44,35.96,247.0,2.58,151.91600409436788,261.0783306035211,2.0798730551127768e-11,201.72054003693788,322.541067406589,2.89,0.0,True,True,scored_descriptively,published_mass_template_assumptions,False,False
UGC09133,45,38.8,242.0,2.52,145.90751221236007,258.7738996287013,1.7781689990575565e-11,200.0813621317154,319.4905212179715,1.9,0.0,True,True,scored_descriptively,published_mass_template_assumptions,False,False
UGC09133,46,41.54,238.0,2.3,140.87484810994474,257.0153673143336,1.548281356078893e-11,198.8713105385364,317.11379851007894,1.28,0.0,True,True,scored_descriptively,published_mass_template_assumptions,False,False
UGC09133,47,44.27,235.0,0.63,136.77264127010196,255.9561174718527,1.3694254681052976e-11,198.2768159647573,315.52098239336084,0.87,0.0,True,True,scored_descriptively,published_mass_template_assumptions,False,False
UGC09133,48,47.11,236.0,1.4,133.48016058575897,255.66584582752566,1.2256593750459361e-11,198.36921698991867,314.77602722241517,0.58,0.0,True,True,scored_descriptively,published_mass_template_assumptions,False,False
UGC09133,49,49.84,239.0,2.07,130.3196676254202,255.17850055341933,1.1043108735068404e-11,198.22039888450004,313.8921144957918,0.39,0.0,True,True,scored_descriptively,published_mass_template_assumptions,False,False
UGC09133,50,52.58,242.0,2.63,126.64809058963344,253.91886087091584,9.88612656393613e-12,197.3357275791544,312.2143102440817,0.26,0.0,True,True,scored_descriptively,published_mass_template_assumptions,False,False
UGC09133,51,55.42,245.0,1.64,123.45757538523102,253.10894477263702,8.912887407713816e-12,196.847278662247,311.0384317354815,0.18,0.0,True,True,scored_descriptively,published_mass_template_assumptions,False,False
UGC09133,52,58.15,247.0,1.31,121.35469241030609,253.28720207825543,8.207537644770975e-12,197.23468922590195,310.9579927466965,0.12,0.0,True,True,scored_descriptively,published_mass_template_assumptions,False,False
UGC09133,53,60.89,246.0,2.14,120.05299025846878,254.29296897321473,7.670955165663796e-12,198.35701873034915,311.79104259418193,0.08,0.0,True,True,scored_descriptively,published_mass_template_assumptions,False,False
UGC09133,54,63.62,243.0,4.0,118.06313514387124,254.35149387526678,7.100426125724569e-12,198.59181896600623,311.63264365987857,0.05,0.0,True,True,scored_descriptively,published_mass_template_assumptions,False,False
UGC09133,55,66.46,239.0,4.67,115.79451791859579,254.04071467071628,6.5383040976080765e-12,198.47397113168967,311.09594430257465,0.04,0.0,True,True,scored_descriptively,published_mass_template_assumptions,False,False
UGC09133,56,69.19,234.0,5.12,113.62922876619378,253.63659614990814,6.047644335317257e-12,198.2461367265696,310.4890101670042,0.02,0.0,True,True,scored_descriptively,published_mass_template_assumptions,False,False
UGC09133,57,71.93,230.0,2.1,111.76104343643183,253.49664472353749,5.6275620225261135e-12,198.25232183239567,310.17462128001694,0.02,0.0,True,True,scored_descriptively,published_mass_template_assumptions,False,False
UGC09133,58,74.77,228.0,1.32,110.15111515549899,253.65715329023445,5.2589600372623415e-12,198.52527578046326,310.19164255074793,0.01,0.0,True,True,scored_descriptively,published_mass_template_assumptions,False,False
UGC09133,59,77.5,228.0,1.6,108.93831777662072,254.15010026517317,4.962597832408109e-12,199.08531678774278,310.584927553835,0.01,0.0,True,True,scored_descriptively,published_mass_template_assumptions,False,False
UGC09133,60,80.23,227.0,3.16,107.77058749955852,254.6246166097994,4.6915155844553534e-12,199.6216483521714,310.96650388388184,0.01,0.0,True,True,scored_descriptively,published_mass_template_assumptions,False,False
UGC09133,61,83.07,226.0,3.48,106.48418718288646,254.94741432328297,4.423596285054414e-12,200.01338539056906,311.1924141606988,0.0,0.0,True,True,scored_descriptively,published_mass_template_assumptions,False,False
UGC09133,62,85.81,224.0,3.71,105.12980381414208,255.03551580546025,4.174103953822429e-12,200.17846837122474,311.181817643728,0.0,0.0,True,True,scored_descriptively,published_mass_template_assumptions,False,False
UGC09133,63,88.54,222.0,1.49,103.62860406277795,254.8479772971152,3.930693975709884e-12,200.08689941929708,310.88215862292,0.0,0.0,True,True,scored_descriptively,published_mass_template_assumptions,False,False
UGC09133,64,91.38,222.0,1.18,102.0850107508443,254.59902585508493,3.695917418297115e-12,199.93652999928082,310.52006251815544,0.0,0.0,True,True,scored_descriptively,published_mass_template_assumptions,False,False
UGC09133,65,94.12,224.0,1.22,100.69719772664976,254.42482242585473,3.491421693392488e-12,199.84710159247615,310.2470808667643,0.0,0.0,True,True,scored_descriptively,published_mass_template_assumptions,False,False
UGC09133,66,99.69,227.0,2.8,98.42261919904388,254.6317645159322,3.1491090148435807e-12,200.16273632673378,310.31106420943826,0.0,0.0,True,True,scored_descriptively,published_mass_template_assumptions,False,False
UGC09133,67,108.31,229.0,4.12,94.69190736277308,254.20018497352737,2.682913236106709e-12,199.93662558300295,309.6399380623954,0.0,0.0,True,True,scored_descriptively,published_mass_template_assumptions,False,False
UGC09992,0,0.78,28.1,5.66,15.718783349865218,31.261531760062912,1.0265797858369321e-11,16.98493472372836,47.9029098757182,36.38,0.0,True,True,scored_descriptively,published_mass_template_assumptions,False,False
UGC09992,1,1.55,31.3,5.66,19.570706425676104,41.066674064184056,8.008123481530801e-12,22.498203598838824,62.53258256063568,10.22,0.0,True,True,scored_descriptively,published_mass_template_assumptions,False,False
UGC09992,2,2.34,33.0,5.66,21.757109182977413,47.704325258126964,6.555955237807693e-12,26.421066774118056,72.01709938152675,4.68,0.0,True,True,scored_descriptively,published_mass_template_assumptions,False,False
UGC09992,3,3.12,33.4,5.66,23.69763068325608,53.32289737108699,5.833171088377567e-12,29.728151992210464,80.06101746928312,2.51,0.0,True,True,scored_descriptively,published_mass_template_assumptions,False,False
UGC09992,4,3.89,34.3,5.66,23.475599033890486,55.735554646228046,4.591274085694408e-12,31.10147920055144,83.61678885317323,1.24,0.0,True,True,scored_descriptively,published_mass_template_assumptions,False,False
UGC10310,0,1.1,33.2,5.06,15.437671456537739,33.340443917118066,7.021345723501574e-12,22.0424874032469,45.93499005823449,48.94,0.0,True,True,scored_descriptively,published_mass_template_assumptions,False,False
UGC10310,1,2.21,54.6,5.06,25.96008281959054,52.0518330421876,9.882557010588933e-12,34.40629734110915,71.74103890783411,27.59,0.0,True,True,scored_descriptively,published_mass_template_assumptions,False,False
UGC10310,2,3.31,65.7,5.06,30.399120875446386,62.121304623180734,9.047810780905994e-12,41.325377682057564,85.22602926523821,15.03,0.0,True,True,scored_descriptively,published_mass_template_assumptions,False,False
UGC10310,3,4.42,69.2,5.06,33.201562463233564,69.52916417465316,8.082472386534925e-12,46.78139991852339,94.57802174138274,7.39,0.0,True,True,scored_descriptively,published_mass_template_assumptions,False,False
UGC10310,4,5.52,70.9,5.06,38.470345722387265,79.30652868635065,8.68885511422238e-12,53.915358790979674,106.99343231560253,4.76,0.0,True,True,scored_descriptively,published_mass_template_assumptions,False,False
UGC10310,5,6.64,72.4,5.06,40.8641676778079,85.42053885003403,8.150170433754842e-12,58.383823016117184,114.72576606309522,2.41,0.0,True,True,scored_descriptively,published_mass_template_assumptions,False,False
UGC10310,6,7.74,73.2,5.06,39.78895889565345,87.02806590423867,6.628780608334435e-12,59.625403330121856,116.6422577495887,0.0,0.0,True,True,scored_descriptively,published_mass_template_assumptions,False,False
UGC11455,0,0.62,35.1,4.01,50.35268016699806,63.19074807595896,1.3252656742797813e-10,53.73577676146843,72.50274371021457,1873.58,0.0,True,False,inclination,published_mass_template_assumptions,False,False
UGC11455,1,1.23,64.6,4.19,79.6547851669942,97.02778186618973,1.6717375003049066e-10,82.31458997083318,111.54831560968616,1393.4,0.0,True,False,inclination,published_mass_template_assumptions,False,False
UGC11455,2,1.83,80.1,6.32,98.81199395822352,119.86835632938964,1.729090367223316e-10,101.65874701523275,137.84481770086086,1127.85,0.0,True,False,inclination,published_mass_template_assumptions,False,False
UGC11455,3,2.47,113.0,10.4,112.53761726640565,137.1843084678185,1.6616820668400477e-10,116.39708623816963,157.69856296366817,925.97,0.0,True,False,inclination,published_mass_template_assumptions,False,False
UGC11455,4,3.08,136.0,7.59,121.09733832747933,148.99188107234616,1.5430071323046574e-10,126.50510653677303,171.16879962939356,805.41,0.0,True,False,inclination,published_mass_template_assumptions,False,False
UGC11455,5,3.68,150.0,7.75,127.91574336257442,158.768553506708,1.4409523981182038e-10,134.89619258420993,182.29753516465098,736.52,0.0,True,False,inclination,published_mass_template_assumptions,False,False
UGC11455,6,4.32,171.0,9.19,134.49878084949322,168.25874596010505,1.3570704797986794e-10,143.04566221615116,193.09576817787848,674.92,0.0,True,False,inclination,published_mass_template_assumptions,False,False
UGC11455,7,4.91,192.0,9.16,140.4386202225015,176.6682406816895,1.3017904181756807e-10,150.2572482772547,202.67548952398764,662.92,0.0,True,False,inclination,published_mass_template_assumptions,False,False
UGC11455,8,5.53,197.0,9.96,150.67751673690407,188.994756859544,1.3305194626890966e-10,160.70614881219052,216.85644533382413,650.45,0.0,True,False,inclination,published_mass_template_assumptions,False,False
UGC11455,9,6.17,195.0,12.4,162.8042653003907,202.98326674838407,1.3921814676989356e-10,172.5226405098884,232.9964773722459,650.0,0.0,True,False,inclination,published_mass_template_assumptions,False,False
UGC11455,10,6.78,196.0,7.09,179.01916335968056,220.45859928058044,1.5318590518241131e-10,187.1942297756776,253.26231140626777,639.7,0.0,True,False,inclination,published_mass_template_assumptions,False,False
UGC11455,11,7.38,216.0,5.99,194.8462133324638,237.4229548849122,1.6671590454507452e-10,201.4264327569258,272.947302344799,565.76,0.0,True,False,inclination,published_mass_template_assumptions,False,False
UGC11455,12,8.0,225.0,5.24,203.61846871047823,247.88633322436098,1.6795533438380717e-10,210.28390421873323,284.99776538031085,471.02,0.0,True,False,inclination,published_mass_template_assumptions,False,False
UGC11455,13,8.62,240.0,6.15,205.6690783759192,252.0838256863498,1.5903041521589818e-10,213.9652646896293,289.6868504505922,408.2,0.0,True,False,inclination,published_mass_template_assumptions,False,False
UGC11455,14,9.23,247.0,4.37,209.19195694385576,257.5164931391077,1.536518236333289e-10,218.6819974192417,295.815270161177,389.51,0.0,True,False,inclination,published_mass_template_assumptions,False,False
UGC11455,15,9.85,254.0,6.48,214.2198137428002,264.2943348707358,1.5098454655514576e-10,224.56281950792587,303.4748414386818,358.51,0.0,True,False,inclination,published_mass_template_assumptions,False,False
UGC11455,16,10.43,257.0,7.41,218.68844425346302,270.35835875275654,1.4859931806303226e-10,229.8312770136919,310.3206451217881,328.15,0.0,True,False,inclination,published_mass_template_assumptions,False,False
UGC11455,17,11.05,273.0,5.38,222.20780915620406,275.62589934534503,1.448124201769551e-10,234.40642342270255,316.2629509262101,295.55,0.0,True,False,inclination,published_mass_template_assumptions,False,False
UGC11455,18,11.67,272.0,5.98,224.80053058211405,279.9853391023898,1.4033734713893918e-10,238.19725410302232,321.17176861943744,269.2,0.0,True,False,inclination,published_mass_template_assumptions,False,False
UGC11455,19,12.19,270.0,20.9,227.12649603249727,283.7402169726251,1.3714543332257315e-10,241.43347749593266,325.4287610845413,249.24,0.0,True,False,inclination,published_mass_template_assumptions,False,False
UGC11455,20,12.91,279.0,9.4,229.63791411698548,288.23078954098776,1.3237634910899422e-10,245.30969051590768,330.5101154639521,220.87,0.0,True,False,inclination,published_mass_template_assumptions,False,False
UGC11455,21,14.56,287.0,10.8,232.14569261565032,295.31003727602916,1.1995250988779662e-10,251.59086913709385,338.3374540974929,154.04,0.0,True,False,inclination,published_mass_template_assumptions,False,False
UGC11455,22,16.63,291.0,10.0,224.96656173751688,294.27476975007676,9.862639232643058e-11,251.20601964826145,336.58693427433843,98.46,0.0,True,False,inclination,published_mass_template_assumptions,False,False
UGC11455,23,17.77,286.0,9.67,220.65123453087682,293.18331533209283,8.879218643314296e-11,250.52179454335496,335.05497818208465,85.89,0.0,True,False,inclination,published_mass_template_assumptions,False,False
UGC11455,24,18.49,288.0,6.96,218.7949872597633,293.23603599530895,8.390489132236185e-11,250.73281643092625,334.93215149782657,77.89,0.0,True,False,inclination,published_mass_template_assumptions,False,False
UGC11455,25,20.24,289.0,6.63,217.1763647361287,295.8774544666891,7.552036237622929e-11,253.67948640720374,337.2527487949139,61.63,0.0,True,False,inclination,published_mass_template_assumptions,False,False
UGC11455,26,22.62,288.0,10.0,215.54012631062457,299.65422035637476,6.655997041434476e-11,257.83282067204823,340.6380869270507,42.2,0.0,True,False,inclination,published_mass_template_assumptions,False,False
UGC11455,27,24.89,269.0,8.23,209.44919861388823,298.6583170962518,5.711918001396642e-11,257.23566756950186,339.19632018379673,25.35,0.0,True,False,inclination,published_mass_template_assumptions,False,False
UGC11455,28,27.06,267.0,7.11,199.97134744757807,293.89811246703954,4.789136422725857e-11,253.49661398367365,333.3797521019626,13.51,0.0,True,False,inclination,published_mass_template_assumptions,False,False
UGC11455,29,29.13,272.0,5.36,190.73881762766595,288.82819449957856,4.0475026564494937e-11,249.26260531444532,327.4342766410333,8.93,0.0,True,False,inclination,published_mass_template_assumptions,False,False
UGC11455,30,31.3,274.0,5.78,182.84029465629288,284.89707994598496,3.461377308208649e-11,246.1313717310023,322.67718579086255,5.08,0.0,True,False,inclination,published_mass_template_assumptions,False,False
UGC11455,31,33.46,259.0,5.81,177.0786764407279,282.75391774360656,3.037078746388975e-11,244.84663453015253,319.6776907551687,2.15,0.0,True,False,inclination,published_mass_template_assumptions,False,False
UGC11455,32,35.53,272.0,6.69,169.63723692043558,278.52830334581887,2.6248024772407872e-11,241.4149201746468,314.642874569588,0.6,0.0,True,False,inclination,published_mass_template_assumptions,False,False
UGC11455,33,37.7,274.0,6.39,162.18595515641914,274.1529276984571,2.261177161084927e-11,237.72933173511643,309.55717859054636,0.46,0.0,True,False,inclination,published_mass_template_assumptions,False,False
UGC11455,34,39.87,272.0,5.59,157.85824194510718,272.7263998012547,2.025525629060787e-11,236.90021441774098,307.53796081537126,0.19,0.0,True,False,inclination,published_mass_template_assumptions,False,False
UGC11455,35,41.93,266.0,8.82,153.35836641670383,270.777825559375,1.8177725458063737e-11,235.4123030944633,305.12289095571276,0.0,0.0,True,False,inclination,published_mass_template_assumptions,False,False
UGC11557,0,0.33,4.0,7.9,15.607879420344073,26.09261070859019,2.3923422894135007e-11,14.463862347114336,39.63707634162653,329.26,0.0,True,True,scored_descriptively,published_mass_template_assumptions,False,False
UGC11557,1,0.99,17.0,8.6,33.54697154736922,51.675229052841146,3.6840108523183695e-11,28.55604050716,78.7088843785598,226.54,0.0,True,True,scored_descriptively,published_mass_template_assumptions,False,False
UGC11557,2,1.76,33.3,7.9,41.34864508058275,65.57864994722767,3.1481785325605716e-11,36.17360186923276,99.99060986655972,158.62,0.0,True,True,scored_descriptively,published_mass_template_assumptions,False,False
UGC11557,3,2.42,44.9,10.5,48.90857133468529,77.31608433449813,3.2033474181940354e-11,42.59266066780242,117.99439119559284,134.99,0.0,True,True,scored_descriptively,published_mass_template_assumptions,False,False
UGC11557,4,3.19,53.0,7.9,57.41819354525184,90.01582667080659,3.349329090152477e-11,49.75523171323115,137.06810487583923,93.5,0.0,True,True,scored_descriptively,published_mass_template_assumptions,False,False
UGC11557,5,3.85,60.8,7.9,59.96698091449994,95.81364394822992,3.0270046927476284e-11,53.098468394694194,145.61403893033048,70.65,0.0,True,True,scored_descriptively,published_mass_template_assumptions,False,False
UGC11557,6,4.62,69.0,7.9,62.59197512461162,101.86565012099588,2.7481775756255108e-11,56.51365325780052,154.67761609367474,55.35,0.0,True,True,scored_descriptively,published_mass_template_assumptions,False,False
UGC11557,7,5.28,76.6,7.9,66.0444520758557,108.02591864953368,2.6772456107908975e-11,60.06550064929092,163.76919431830788,49.76,0.0,True,True,scored_descriptively,published_mass_template_assumptions,False,False
UGC11557,8,5.94,85.0,7.9,68.76219310056945,113.28027132133955,2.579659877929123e-11,63.02320677712279,171.65873898164227,36.24,0.0,True,True,scored_descriptively,published_mass_template_assumptions,False,False
UGC11557,9,7.04,78.1,6.7,70.50862925911977,118.90310135480655,2.2885549209659448e-11,66.4569879119461,179.56653033820993,19.51,0.0,True,True,scored_descriptively,published_mass_template_assumptions,False,False
UGC11557,10,8.8,81.6,6.7,71.11173391220328,124.94655180176639,1.8622986091127665e-11,70.52882746143308,187.29164122737225,7.06,0.0,True,True,scored_descriptively,published_mass_template_assumptions,False,False
UGC11557,11,10.56,84.5,6.7,65.1201005834604,123.16922760949178,1.301414562144719e-11,69.67440510993411,184.2925902295572,1.49,0.0,True,True,scored_descriptively,published_mass_template_assumptions,False,False
UGC11820,0,0.26,16.0,5.09,6.030451890198611,14.35886271461336,4.532896688949426e-12,9.165990667611108,19.946741467331197,76.79,0.0,True,True,scored_descriptively,published_mass_template_assumptions,False,False
UGC11820,1,0.44,18.9,4.44,9.871013119229454,21.215977659527084,7.1766247169923105e-12,13.546256168877035,29.476280827691422,73.61,0.0,True,True,scored_descriptively,published_mass_template_assumptions,False,False
UGC11820,2,0.61,25.8,3.36,13.019251130537423,26.63230929448972,9.005164037084924e-12,16.998786457325693,37.015930162074795,57.73,0.0,True,True,scored_descriptively,published_mass_template_assumptions,False,False
UGC11820,3,0.79,35.8,3.79,15.31057640978941,30.879411012133367,9.616243369126443e-12,19.711767410751555,42.91777110536418,46.68,0.0,True,True,scored_descriptively,published_mass_template_assumptions,False,False
UGC11820,4,1.01,44.1,7.91,17.586064084950902,35.23006393777283,9.923511649244628e-12,22.495581344767757,48.95576047876049,34.99,0.0,True,True,scored_descriptively,published_mass_template_assumptions,False,False
UGC11820,5,5.26,59.65,0.98,25.468869232849737,62.398041969540294,3.996529635860527e-12,41.02905414308594,84.79718051284796,1.91,0.0,True,True,scored_descriptively,published_mass_template_assumptions,False,False
UGC11820,6,7.91,69.15,1.23,33.2887571110728,79.23397349032459,4.540128365179417e-12,52.969525025945835,106.16389068185643,0.98,0.0,True,True,scored_descriptively,published_mass_template_assumptions,False,False
UGC11820,7,10.52,76.95,0.54,38.77460509147708,91.87699179618369,4.631572659981863e-12,61.826927593511485,122.35919899199281,0.18,0.0,True,True,scored_descriptively,published_mass_template_assumptions,False,False
UGC11820,8,13.14,81.25,0.73,37.892940635427074,95.43107406705123,3.541365144742742e-12,64.32321742283445,126.8959663656539,0.05,0.0,True,True,scored_descriptively,published_mass_template_assumptions,False,False
UGC11820,9,15.82,84.45,1.31,37.361438676796155,98.83026288286675,2.859500376921403e-12,66.69512218082802,131.26343402458883,0.0,0.0,True,True,scored_descriptively,published_mass_template_assumptions,False,False
UGC11914,0,0.28,168.0,49.7,179.4948737986687,182.27403086608246,3.729026962836036e-09,116.37185737671963,259.35330575277646,2455.96,12097.58,True,True,scored_descriptively,published_mass_template_assumptions,False,False
UGC11914,1,0.37,187.0,40.2,188.67855747275576,192.14738821370048,3.11812000197254e-09,122.75304814052063,273.28211317789953,2366.93,9071.84,True,True,scored_descriptively,published_mass_template_assumptions,False,False
UGC11914,2,0.47,204.0,26.9,195.95405213978097,200.16459723428235,2.647647075121712e-09,127.95932660936421,284.5535569151578,2271.79,7025.23,True,True,scored_descriptively,published_mass_template_assumptions,False,False
UGC11914,3,0.56,218.0,23.5,201.15627917119565,206.01172892995586,2.3416857620737734e-09,131.76995634352568,292.7525006478913,2189.44,5778.11,True,True,scored_descriptively,published_mass_template_assumptions,False,False
UGC11914,4,0.65,232.0,8.63,205.15966189775222,210.65014838447385,2.0985535097065532e-09,134.8090421240121,299.23088673420756,2110.07,4930.85,True,True,scored_descriptively,published_mass_template_assumptions,False,False
UGC11914,5,0.75,243.0,4.97,209.58899582277692,215.7505519981692,1.8981264680616856e-09,138.14604388877387,306.3615329345704,2025.25,4308.68,True,True,scored_descriptively,published_mass_template_assumptions,False,False
UGC11914,6,0.84,253.0,3.65,214.68039041794196,221.38750182595786,1.7780948396663063e-09,141.80694569233637,314.2846701887975,1951.84,3831.0,True,True,scored_descriptively,published_mass_template_assumptions,False,False
UGC11914,7,0.93,262.0,2.86,220.36448314099985,227.57289459146506,1.692192261102093e-09,145.81066642669475,322.9995929668309,1881.09,3289.15,True,True,scored_descriptively,published_mass_template_assumptions,False,False
UGC11914,8,1.03,269.0,3.8,225.93880636136856,233.69485538075602,1.6061788029961451e-09,149.77977679142754,331.61479478186317,1805.48,2710.31,True,True,scored_descriptively,published_mass_template_assumptions,False,False
UGC11914,9,1.12,275.0,5.39,230.05808718669292,238.30997137720402,1.531462761715471e-09,152.78254432118345,338.09252945492346,1740.03,2281.17,True,True,scored_descriptively,published_mass_template_assumptions,False,False
UGC11914,10,1.21,280.0,5.01,233.35913605428007,242.11310526956248,1.4585244069108525e-09,155.26885252565512,343.4116126603721,1676.95,1896.93,True,True,scored_descriptively,published_mass_template_assumptions,False,False
UGC11914,11,1.3,284.0,10.0,235.78871968353363,245.05665018412083,1.3859646422675285e-09,157.20900558270367,347.5031500513986,1616.16,1591.52,True,True,scored_descriptively,published_mass_template_assumptions,False,False
UGC11914,12,1.41,287.0,6.59,237.89836527391273,247.80534054311454,1.3008081752253236e-09,159.04045560867414,351.2920992838848,1544.84,1300.3,True,True,scored_descriptively,published_mass_template_assumptions,False,False
UGC11914,13,1.5,289.0,3.56,239.13569352984507,249.57035036218863,1.2355121019559224e-09,160.2308356587199,353.70189549027947,1488.85,1111.18,True,True,scored_descriptively,published_mass_template_assumptions,False,False
UGC11914,14,1.59,290.0,6.13,240.0621051311514,251.02632866895055,1.1746258408979891e-09,161.2241049185339,355.67140709072225,1434.87,947.25,True,True,scored_descriptively,published_mass_template_assumptions,False,False
UGC11914,15,1.68,291.0,10.2,240.62813380816465,252.1272135256212,1.1169480618198091e-09,161.99128854460676,357.1343758806636,1382.86,815.68,True,True,scored_descriptively,published_mass_template_assumptions,False,False
UGC11914,16,1.78,292.0,8.61,240.9665394821447,253.0629189611538,1.0571653839816526e-09,162.6602267505619,358.35037854962445,1327.26,702.47,True,True,scored_descriptively,published_mass_template_assumptions,False,False
UGC11914,17,1.87,292.0,11.2,241.06893014239722,253.7044569524809,1.0071411231256119e-09,163.1340384386968,359.15932182849303,1279.15,628.74,True,True,scored_descriptively,published_mass_template_assumptions,False,False
UGC11914,18,1.96,291.0,5.15,241.1681255473036,254.3373161055846,9.61685790665028e-10,163.6010256681293,359.95774790540355,1232.78,572.76,True,True,scored_descriptively,published_mass_template_assumptions,False,False
UGC11914,19,2.05,291.0,4.92,241.37538414262545,255.06809730607043,9.210464853057958e-10,164.1285710423108,360.8984773496674,1188.09,519.08,True,True,scored_descriptively,published_mass_template_assumptions,False,False
UGC11914,20,2.16,291.0,9.32,241.6181818903536,255.94365485821442,8.759008095591039e-10,164.7604948904927,362.02550596605863,1135.66,458.42,True,True,scored_descriptively,published_mass_template_assumptions,False,False
UGC11914,21,2.25,290.0,7.19,241.80274694469458,256.64057544123364,8.421498917840206e-10,165.26393017648107,362.92165220984333,1094.49,420.15,True,True,scored_descriptively,published_mass_template_assumptions,False,False
UGC11914,22,2.34,290.0,12.2,242.0099734928294,257.35387047561983,8.111480445455569e-10,165.7765102493876,363.84304889298835,1054.8,389.55,True,True,scored_descriptively,published_mass_template_assumptions,False,False
UGC11914,23,2.43,290.0,7.94,242.35786232346578,258.1959475867308,7.833528135684451e-10,166.36928392319885,364.9508673221173,1016.61,360.37,True,True,scored_descriptively,published_mass_template_assumptions,False,False
UGC11914,24,2.46,290.0,5.16,242.5267489989506,258.5258289655627,7.748785483559892e-10,166.59768885846864,365.39107806567165,1004.15,346.65,True,True,scored_descriptively,published_mass_template_assumptions,False,False
UGC11914,25,2.53,290.0,3.56,242.8784231256453,259.25284103575154,7.556258431199271e-10,167.10320330025607,366.35765447060265,975.69,317.07,True,True,scored_descriptively,published_mass_template_assumptions,False,False
UGC11914,26,2.62,290.0,3.79,243.28161264263275,260.13631238497305,7.320938109262353e-10,167.71989568292744,367.5281933863749,940.34,283.46,True,True,scored_descriptively,published_mass_template_assumptions,False,False
UGC11914,27,2.71,290.0,5.65,243.76948106766773,261.09505361506245,7.106222960478845e-10,168.38316168389218,368.80817016792673,906.26,244.45,True,True,scored_descriptively,published_mass_template_assumptions,False,False
UGC11914,28,2.8,290.0,9.38,244.13411492456353,261.93178968762226,6.898399887863466e-10,168.96846555359096,369.91449737826343,873.37,204.32,True,True,scored_descriptively,published_mass_template_assumptions,False,False
UGC11914,29,2.99,290.0,10.6,244.42281843150408,263.22725450310406,6.47532784687199e-10,169.9037457186788,371.57878200113566,807.89,139.93,True,True,scored_descriptively,published_mass_template_assumptions,False,False
UGC11914,30,3.28,291.0,15.3,244.03774896519596,264.3895254740397,5.884229890059354e-10,170.80931143090433,372.9605306111356,716.23,77.11,True,True,scored_descriptively,published_mass_template_assumptions,False,False
UGC11914,31,3.74,292.0,18.8,241.7995324230384,264.63010031707074,5.066275072137974e-10,171.21711343505524,372.8763203430539,581.87,29.88,True,True,scored_descriptively,published_mass_template_assumptions,False,False
UGC11914,32,3.83,292.0,15.2,241.2246439939336,264.54003064091074,4.923727725027756e-10,171.20818976349167,372.6661782593733,560.67,24.89,True,True,scored_descriptively,published_mass_template_assumptions,False,False
UGC11914,33,4.02,292.0,19.8,240.0492536959863,264.37753022867474,4.6454107638226597e-10,171.2050983587734,372.2647753019405,516.93,16.81,True,True,scored_descriptively,published_mass_template_assumptions,False,False
UGC11914,34,4.09,292.0,2.4,239.57248930125513,264.27392463871655,4.547786181452974e-10,171.17583394880967,372.05487481346165,500.74,14.54,True,True,scored_descriptively,published_mass_template_assumptions,False,False
UGC11914,35,4.12,292.0,9.0,239.36524116922237,264.22634829412726,4.5068635551450145e-10,171.16101227005774,371.9607777309119,493.88,13.67,True,True,scored_descriptively,published_mass_template_assumptions,False,False
UGC11914,36,4.3,291.0,8.71,237.99109304761805,263.81332215301757,4.2687665666555274e-10,170.9915116651364,371.2131056489642,453.79,9.51,True,True,scored_descriptively,published_mass_template_assumptions,False,False
UGC11914,37,4.39,291.0,7.92,237.20380087595558,263.50989029353894,4.153633964186496e-10,170.84498405967747,370.7010208085551,435.97,7.86,True,True,scored_descriptively,published_mass_template_assumptions,False,False
UGC11914,38,4.49,291.0,8.84,236.36626603642068,263.2050675467468,4.0324974633385415e-10,170.70198303883527,370.1793464989672,417.35,6.39,True,True,scored_descriptively,published_mass_template_assumptions,False,False
UGC11914,39,4.58,290.0,4.2,235.58965115216753,262.9072288935983,3.927320956002332e-10,170.558410626488,369.6761619420461,401.66,5.31,True,True,scored_descriptively,published_mass_template_assumptions,False,False
UGC11914,40,4.87,289.0,10.6,233.066117271473,261.91399533536145,3.614754240724126e-10,170.07341812660573,368.00851529361046,356.31,2.93,True,True,scored_descriptively,published_mass_template_assumptions,False,False
UGC11914,41,4.91,288.0,2.26,232.7163701160707,261.7737966421711,3.5745537435490996e-10,170.0054453302293,367.77248345603357,350.52,2.69,True,True,scored_descriptively,published_mass_template_assumptions,False,False
UGC11914,42,4.96,288.0,6.97,232.27714334389424,261.59609372847706,3.525175399678527e-10,169.91745606932372,367.4761512094546,343.49,2.43,True,True,scored_descriptively,published_mass_template_assumptions,False,False
UGC11914,43,5.05,287.0,3.23,231.52526790827818,261.31066130466695,3.4399716822843934e-10,169.7814299441848,366.99127496907505,331.38,2.02,True,True,scored_descriptively,published_mass_template_assumptions,False,False
UGC11914,44,5.14,287.0,10.2,230.74740936790602,260.9990796509065,3.3570669577105153e-10,169.62938144352427,366.46814116401066,319.97,1.69,True,True,scored_descriptively,published_mass_template_assumptions,False,False
UGC11914,45,5.24,286.0,10.3,229.9022716938656,260.6683129128286,3.2689230164747433e-10,169.46853915246908,365.91155602401625,307.99,1.37,True,True,scored_descriptively,published_mass_template_assumptions,False,False
UGC11914,46,5.33,286.0,17.8,229.1313449312424,260.3589622595541,3.192208534246058e-10,169.31586688482074,365.39475002631747,297.78,1.14,True,True,scored_descriptively,published_mass_template_assumptions,False,False
UGC11914,47,5.42,285.0,11.4,228.38761849102067,260.0728416120929,3.1188556883637263e-10,169.17855995293957,364.9102723332129,288.19,0.94,True,True,scored_descriptively,published_mass_template_assumptions,False,False
UGC11914,48,5.51,285.0,12.0,227.6350997100403,259.77658281001305,3.04772875037273e-10,169.03479741697987,364.41135372993404,279.23,0.78,True,True,scored_descriptively,published_mass_template_assumptions,False,False
UGC11914,49,5.61,284.0,4.03,226.86291598672534,259.5042827534919,2.973128044678334e-10,168.91008612418318,363.9400420023916,270.01,0.64,True,True,scored_descriptively,published_mass_template_assumptions,False,False
UGC11914,50,5.71,284.0,4.73,226.1713733433124,259.3040960203541,2.903277957332626e-10,168.8307130763289,363.5726106415412,261.54,0.52,True,True,scored_descriptively,published_mass_template_assumptions,False,False
UGC11914,51,5.8,283.0,6.44,225.5537301398494,259.1261319399233,2.842637550560143e-10,168.7614385174699,363.243969501404,253.28,0.43,True,True,scored_descriptively,published_mass_template_assumptions,False,False
UGC11914,52,5.89,283.0,4.96,224.9141848127859,258.92586535475465,2.783350199615765e-10,168.67786132227792,362.8836831233449,245.26,0.36,True,True,scored_descriptively,published_mass_template_assumptions,False,False
UGC11914,53,5.98,283.0,5.37,224.317046320604,258.7627546940857,2.726922694783187e-10,168.61786696552844,362.5766058884765,237.48,0.3,True,True,scored_descriptively,published_mass_template_assumptions,False,False
UGC11914,54,6.08,283.0,11.0,223.63721988971335,258.56403413769635,2.665839784607301e-10,168.5388990285495,362.2122671673907,229.11,0.24,True,True,scored_descriptively,published_mass_template_assumptions,False,False
UGC11914,55,6.15,283.0,1.14,223.20362210322662,258.4624827016009,2.625287162754756e-10,168.50891409075885,362.00879888527976,223.42,0.21,True,True,scored_descriptively,published_mass_template_assumptions,False,False
UGC11914,56,6.17,283.0,17.3,223.09136451238984,258.4439748380833,2.614145826045646e-10,168.50749966855543,361.9649742545951,221.83,0.2,True,True,scored_descriptively,published_mass_template_assumptions,False,False
UGC11914,57,6.26,283.0,7.94,222.5249742163787,258.30291730667574,2.5634959777187686e-10,168.46276928733877,361.6876913985292,214.79,0.17,True,True,scored_descriptively,published_mass_template_assumptions,False,False
UGC11914,58,6.35,283.0,18.3,221.95659185975984,258.1580041104545,2.51426948620208e-10,168.41411683865925,361.40716713193626,207.63,0.14,True,True,scored_descriptively,published_mass_template_assumptions,False,False
UGC11914,59,6.73,284.0,10.5,219.49569726990092,257.4680063196646,2.3199916035225495e-10,168.1533842781673,360.12011586567274,178.26,0.06,True,True,scored_descriptively,published_mass_template_assumptions,False,False
UGC11914,60,6.83,284.0,9.37,218.8145432095408,257.2497569399075,2.2718576606574643e-10,168.0598505134622,359.73158650173434,170.86,0.05,True,True,scored_descriptively,published_mass_template_assumptions,False,False
UGC11914,61,6.92,285.0,12.9,218.18953538151183,257.04030084583087,2.2295190900581355e-10,167.96839256722532,359.36182484148003,164.37,0.04,True,True,scored_descriptively,published_mass_template_assumptions,False,False
UGC11914,62,7.37,288.0,1.24,214.86775646894998,255.78397251195182,2.0301328809894098e-10,167.36336166702466,357.2374486948498,136.76,0.02,True,True,scored_descriptively,published_mass_template_assumptions,False,False
UGC11914,63,8.6,297.0,2.13,204.0684607674591,250.54023985325003,1.5692884595753085e-10,164.45444805966255,349.0095049147564,77.68,0.0,True,True,scored_descriptively,published_mass_template_assumptions,False,False
UGC11914,64,9.83,305.0,5.07,192.1315108721107,243.9212860898593,1.2170071586633591e-10,160.50610335454584,339.07646615998345,54.07,0.0,True,True,scored_descriptively,published_mass_template_assumptions,False,False
UGC12506,0,0.82,107.0,25.6,24.50672152696072,41.032442925807715,2.3735918063255166e-11,36.41378595732056,45.36989369403857,413.25,0.0,True,False,inclination,published_mass_template_assumptions,False,False
UGC12506,1,2.46,159.0,26.5,60.784518588206325,89.08273373838202,4.867436680355731e-11,78.91334894719463,98.69661776301031,306.2,0.0,True,False,inclination,published_mass_template_assumptions,False,False
UGC12506,2,4.1,194.0,13.9,82.39705607605165,118.74152895357103,5.366473493713536e-11,105.19221392498815,131.56402590817208,228.25,0.0,True,False,inclination,published_mass_template_assumptions,False,False
UGC12506,3,5.74,198.0,14.6,94.39728915599218,137.55241934751186,5.0310265327426136e-11,121.78841906165735,152.45871281542014,177.01,0.0,True,False,inclination,published_mass_template_assumptions,False,False
UGC12506,4,7.38,211.0,13.2,102.35647707888347,151.49625421310438,4.600698280944218e-11,133.80758862076232,168.19504818087827,158.86,0.0,True,False,inclination,published_mass_template_assumptions,False,False
UGC12506,5,9.02,222.0,13.6,112.64485474268233,166.9919030281183,4.558958468872581e-11,146.91322662036495,185.91955698867437,132.54,0.0,True,False,inclination,published_mass_template_assumptions,False,False
UGC12506,6,10.65,230.0,11.6,120.1045819275851,179.24818219532176,4.3895398760961855e-11,157.36592557316192,199.84948652282446,103.66,0.0,True,False,inclination,published_mass_template_assumptions,False,False
UGC12506,7,12.29,239.0,11.6,124.85068061488491,188.53264852580043,4.110355643790748e-11,165.58488455277586,210.12316169610557,76.77,0.0,True,False,inclination,published_mass_template_assumptions,False,False
UGC12506,8,13.93,237.0,11.6,127.22469276834588,195.19069680348656,3.765660474685605e-11,171.92678899496988,217.08148911445426,57.94,0.0,True,False,inclination,published_mass_template_assumptions,False,False
UGC12506,9,15.57,240.0,11.6,130.79888703654936,202.7422360119411,3.5609751207237836e-11,179.30652056272453,224.8140793634709,46.35,0.0,True,False,inclination,published_mass_template_assumptions,False,False
UGC12506,10,17.21,245.0,11.6,133.87144785203455,209.57808154851546,3.374772529231861e-11,186.09751804574782,231.70735226195958,35.14,0.0,True,False,inclination,published_mass_template_assumptions,False,False
UGC12506,11,18.85,249.0,11.6,134.5470664860442,213.85086799862373,3.112336650031357e-11,190.5017511673862,235.85718038231735,26.49,0.0,True,False,inclination,published_mass_template_assumptions,False,False
UGC12506,12,20.49,248.0,11.6,133.17119658544786,215.88272530919753,2.8049692232958064e-11,192.73212659295174,237.69223090265936,20.79,0.0,True,False,inclination,published_mass_template_assumptions,False,False
UGC12506,13,22.13,250.0,11.6,131.19274408289508,217.10377719496321,2.5205056363490305e-11,194.04203321726567,238.81531346130913,17.2,0.0,True,False,inclination,published_mass_template_assumptions,False,False
UGC12506,14,23.77,255.0,11.6,128.3023622151985,217.19698209430953,2.244344795800932e-11,194.2030791453389,238.82664610305855,13.63,0.0,True,False,inclination,published_mass_template_assumptions,False,False
UGC12506,15,25.41,244.0,14.9,125.1339624162841,216.80175716619897,1.997078717529615e-11,193.9253354739611,238.30360357521744,11.03,0.0,True,False,inclination,published_mass_template_assumptions,False,False
UGC12506,16,27.05,244.0,11.6,123.15285136772107,217.46238926018668,1.8170677834607496e-11,194.75331001771815,238.7976636512465,9.0,0.0,True,False,inclination,published_mass_template_assumptions,False,False
UGC12506,17,28.68,249.0,11.6,122.68695957598754,219.56605409359844,1.700854313001799e-11,197.13515806950642,240.63955136896817,7.43,0.0,True,False,inclination,published_mass_template_assumptions,False,False
UGC12506,18,30.32,251.0,11.6,122.56795074569861,221.9484007457302,1.6057358658107167e-11,199.7900716007901,242.76401115292904,6.46,0.0,True,False,inclination,published_mass_template_assumptions,False,False
UGC12506,19,31.96,249.0,11.6,121.6038457451079,223.32687957248268,1.499468351407881e-11,201.28671501682814,244.02474611414667,5.72,0.0,True,False,inclination,published_mass_template_assumptions,False,False
UGC12506,20,33.6,244.0,12.9,118.81256183585977,222.61294922838675,1.3615540861570766e-11,200.6153893344331,243.25964423411628,4.88,0.0,True,False,inclination,published_mass_template_assumptions,False,False
UGC12506,21,35.24,239.0,16.2,115.74568026496712,221.45549084019945,1.2320352636036249e-11,199.49827928892162,242.05255682145994,4.23,0.0,True,False,inclination,published_mass_template_assumptions,False,False
UGC12506,22,36.88,238.0,18.4,113.9756895131589,221.61154477363542,1.1415186170998104e-11,199.72454444803435,242.13524209700256,3.76,0.0,True,False,inclination,published_mass_template_assumptions,False,False
UGC12506,23,38.52,241.0,24.9,113.74959164761867,223.4129735593581,1.0885863111742015e-11,201.6109998397563,243.85388291032316,3.31,0.0,True,False,inclination,published_mass_template_assumptions,False,False
UGC12506,24,40.16,237.0,23.0,113.56127178752448,225.19341958747876,1.0406776937567259e-11,203.47059913129354,245.55652073292396,2.88,0.0,True,False,inclination,published_mass_template_assumptions,False,False
UGC12506,25,41.8,228.0,14.0,112.53139495269754,225.9513044386092,9.817944617606049e-12,204.2512430177557,246.28772336027188,2.53,0.0,True,False,inclination,published_mass_template_assumptions,False,False
UGC12506,26,43.44,233.0,16.9,111.75475359017172,226.93168857650676,9.317333674319265e-12,205.08575202668297,247.39995504848517,2.26,0.0,True,False,inclination,published_mass_template_assumptions,False,False
UGC12506,27,45.08,233.0,13.7,112.52141618376476,229.6438990061752,9.101981038488022e-12,207.57053125396476,250.32317505474776,0.0,0.0,True,False,inclination,published_mass_template_assumptions,False,False
UGC12506,28,46.71,230.0,11.6,111.47700637351184,230.19437202983266,8.622042963763382e-12,208.83604565210948,250.19552746459885,0.0,0.0,True,False,inclination,published_mass_template_assumptions,False,False
UGC12506,29,48.35,226.0,11.6,113.81592748820351,234.66680041034058,8.682785253441336e-12,213.7725736453683,254.21601214132545,0.0,0.0,True,False,inclination,published_mass_template_assumptions,False,False
UGC12506,30,49.99,225.0,11.6,116.61010376463955,239.64035976865176,8.815332171361862e-12,219.0307333786373,258.89767679974307,0.0,0.0,True,False,inclination,published_mass_template_assumptions,False,False
UGC12632,0,0.71,24.1,7.55,10.082990627784993,23.881355956729294,4.640554025157091e-12,17.831190936895094,30.031074448786278,33.37,0.0,True,True,scored_descriptively,published_mass_template_assumptions,False,False
UGC12632,1,1.42,33.6,5.02,14.349318799162557,33.889977153876735,4.699197295742947e-12,25.348055748104798,42.56690258902587,21.72,0.0,True,True,scored_descriptively,published_mass_template_assumptions,False,False
UGC12632,2,2.14,44.8,3.38,18.490336665404445,42.72883365328967,5.177562127361316e-12,32.22571352512309,53.357803994410375,15.26,0.0,True,True,scored_descriptively,published_mass_template_assumptions,False,False
UGC12632,3,2.85,54.4,2.9,21.590396013042465,49.6308457360106,5.3006095088908814e-12,37.639295897089504,61.724924724989414,10.49,0.0,True,True,scored_descriptively,published_mass_template_assumptions,False,False
UGC12632,4,3.55,57.4,2.89,22.725083058154045,53.63250377903066,4.7144611379723374e-12,40.80183630645476,66.54146941466455,8.02,0.0,True,True,scored_descriptively,published_mass_template_assumptions,False,False
UGC12632,5,4.26,61.4,3.44,23.43462502366957,56.83865349694457,4.177879148973906e-12,43.17338260256417,70.600242606153,6.75,0.0,True,True,scored_descriptively,published_mass_template_assumptions,False,False
UGC12632,6,4.97,63.8,3.64,25.059816439870424,61.05752782333431,4.094952204038311e-12,46.544664705136476,75.63341222850848,4.61,0.0,True,True,scored_descriptively,published_mass_template_assumptions,False,False
UGC12632,7,5.69,65.5,3.82,26.146653705589173,64.4392465907141,3.893762142847832e-12,49.28862973052798,79.61244917626539,4.19,0.0,True,True,scored_descriptively,published_mass_template_assumptions,False,False
UGC12632,8,6.4,67.6,3.54,28.593048106139367,69.49374495866675,4.1399051464819216e-12,53.31185525714907,85.6575919420833,2.51,0.0,True,True,scored_descriptively,published_mass_template_assumptions,False,False
UGC12632,9,7.11,69.2,2.91,30.724262399608552,74.02350338802036,4.30271702655904e-12,57.20013662622359,90.70106914916148,1.98,0.0,True,True,scored_descriptively,published_mass_template_assumptions,False,False
UGC12632,10,7.82,70.3,2.79,33.26274191945096,78.99567658972744,4.585205388278951e-12,61.34304763634713,96.38950292726503,1.14,0.0,True,True,scored_descriptively,published_mass_template_assumptions,False,False
UGC12632,11,8.52,71.4,2.93,34.488224802097314,82.15370884994428,4.524301528410065e-12,64.00204042553975,99.9593868465448,1.1,0.0,True,True,scored_descriptively,published_mass_template_assumptions,False,False
UGC12632,12,9.25,73.2,3.0,35.06637919717404,84.4608186970403,4.308137656222257e-12,65.86591770646834,102.67411983153727,0.81,0.0,True,True,scored_descriptively,published_mass_template_assumptions,False,False
UGC12632,13,9.95,73.0,2.81,36.10385644221404,87.24843237056109,4.2455461033064695e-12,68.14431522493356,105.91723401870593,0.61,0.0,True,True,scored_descriptively,published_mass_template_assumptions,False,False
UGC12632,14,10.66,73.1,2.79,36.658348980825636,89.3642264035047,4.0854326248403265e-12,69.84322700013638,108.42061778992276,0.0,0.0,True,True,scored_descriptively,published_mass_template_assumptions,False,False
UGC12732,0,0.96,34.2,3.32,14.734561411864284,31.52346689862115,7.329133764866506e-12,21.423508668825974,42.53530021217153,44.6,0.0,True,True,scored_descriptively,published_mass_template_assumptions,False,False
UGC12732,1,1.92,49.5,4.6,20.180029732386423,43.78677351834902,6.8737198794055775e-12,29.465059174100066,59.46963717338304,24.65,0.0,True,True,scored_descriptively,published_mass_template_assumptions,False,False
UGC12732,2,2.88,59.9,4.38,23.321719490637907,51.91940067313498,6.120375977621329e-12,35.23803422284625,70.1106700535018,15.63,0.0,True,True,scored_descriptively,published_mass_template_assumptions,False,False
UGC12732,3,3.84,65.3,4.31,26.208075091467514,59.053916157482185,5.796802169899695e-12,40.38197281047189,79.33002048174541,8.99,0.0,True,True,scored_descriptively,published_mass_template_assumptions,False,False
UGC12732,4,4.8,69.8,3.83,27.02645370743265,63.14087825496656,4.93158296617795e-12,43.41922855009805,84.47404940223093,5.81,0.0,True,True,scored_descriptively,published_mass_template_assumptions,False,False
UGC12732,5,5.76,73.8,3.45,28.943843041310185,68.312420957559,4.713454945579555e-12,47.37682899999112,90.81302317905342,4.38,0.0,True,True,scored_descriptively,published_mass_template_assumptions,False,False
UGC12732,6,6.72,76.2,3.24,30.65203419024584,72.99102563523095,4.531049266689647e-12,50.77498259137681,96.80510350875686,2.64,0.0,True,True,scored_descriptively,published_mass_template_assumptions,False,False
UGC12732,7,7.68,79.3,3.19,30.261910052077017,74.71007864296374,3.864389620027456e-12,52.144662706843384,98.82147490138955,1.24,0.0,True,True,scored_descriptively,published_mass_template_assumptions,False,False
UGC12732,8,8.64,80.3,3.31,32.04381453572592,79.16965290209203,3.851448820736313e-12,55.68242412455883,104.06898250312868,0.86,0.0,True,True,scored_descriptively,published_mass_template_assumptions,False,False
UGC12732,9,9.6,81.9,3.69,33.025765698920594,82.43686134583079,3.682001937429288e-12,58.21577891301033,107.99280318318574,0.52,0.0,True,True,scored_descriptively,published_mass_template_assumptions,False,False
UGC12732,10,10.6,84.0,3.89,34.20786532363573,85.95005859138764,3.5776309333984836e-12,60.92689339771015,112.22615266774697,0.32,0.0,True,True,scored_descriptively,published_mass_template_assumptions,False,False
UGC12732,11,11.5,85.6,3.67,36.474117535589535,90.67044850636069,3.749049727373319e-12,64.51861193061993,117.98924378954726,0.2,0.0,True,True,scored_descriptively,published_mass_template_assumptions,False,False
UGC12732,12,12.5,87.9,3.43,39.5253715985062,96.54228357676843,4.0503389190647255e-12,68.93612663069773,125.23318477648579,0.12,0.0,True,True,scored_descriptively,published_mass_template_assumptions,False,False
UGC12732,13,13.4,90.8,3.36,42.09142489866552,101.5060407523942,4.284813387907516e-12,72.64065555692022,131.4025130029543,0.08,0.0,True,True,scored_descriptively,published_mass_template_assumptions,False,False
UGC12732,14,14.4,95.5,3.18,44.66058721064917,106.57426278637458,4.488857519324606e-12,76.40139852504672,137.7360304270415,0.05,0.0,True,True,scored_descriptively,published_mass_template_assumptions,False,False
UGC12732,15,15.4,98.0,3.18,46.2903494262033,110.35003137510945,4.5093054263992896e-12,79.19577323363163,142.46579475574163,0.0,0.0,True,True,scored_descriptively,published_mass_template_assumptions,False,False
UGCA281,0,0.09,7.0,2.49,3.1893259475945697,7.9705377242359985,3.662728752930021e-12,7.283360736367527,8.63874454944621,85.81,0.0,True,False,quality,published_mass_template_assumptions,False,False
UGCA281,1,0.25,14.9,1.35,9.124450668396427,17.954004083866327,1.079252096841057e-11,16.296258997220736,19.56594625866039,82.32,0.0,True,False,quality,published_mass_template_assumptions,False,False
UGCA281,2,0.41,21.1,1.37,12.966491429835598,24.417838386017667,1.3289558484301271e-11,22.170162472172088,26.606772850612177,43.75,0.0,True,False,quality,published_mass_template_assumptions,False,False
UGCA281,3,0.58,26.0,1.24,14.701066287858168,28.246454716311547,1.2075889570461325e-11,25.739262870816912,30.692719013354647,20.85,0.0,True,False,quality,published_mass_template_assumptions,False,False
UGCA281,4,0.74,27.5,1.59,15.497535287909493,30.66198956671226,1.0518238226368853e-11,28.047354598492646,33.21719117609376,11.43,0.0,True,False,quality,published_mass_template_assumptions,False,False
UGCA281,5,0.9,28.8,2.57,15.614490065320737,32.11707962813267,8.779353915019958e-12,29.482457447452255,34.69460830220474,7.49,0.0,True,False,quality,published_mass_template_assumptions,False,False
UGCA281,6,1.08,29.5,1.85,15.458910052134982,33.23182347760328,7.1710613792120965e-12,30.565303509463334,35.84099667363109,5.51,0.0,True,False,quality,published_mass_template_assumptions,False,False
UGCA442,0,0.42,14.2,1.91,5.9279929149755235,15.87466545343552,2.7115368830546044e-12,14.175188994568668,17.409567534523454,11.05,0.0,True,True,scored_descriptively,published_mass_template_assumptions,False,False
UGCA442,1,1.26,28.6,1.82,15.183820336134119,34.040981718825215,5.9298133328137715e-12,30.511212775437027,37.20832920440339,5.81,0.0,True,True,scored_descriptively,published_mass_template_assumptions,False,False
UGCA442,2,2.11,41.0,1.74,21.87698562416678,46.7736726466404,7.350924501783396e-12,42.05943770010005,50.97439214803994,2.75,0.0,True,True,scored_descriptively,published_mass_template_assumptions,False,False
UGCA442,3,2.96,49.0,1.91,24.309842656833467,53.45667225151942,6.470264572550804e-12,48.19388953432212,58.115787863676466,1.0,0.0,True,True,scored_descriptively,published_mass_template_assumptions,False,False
UGCA442,4,3.79,54.8,2.05,24.487327334766444,56.71091341145974,5.127350640385469e-12,51.18444076573442,61.5887239588038,0.72,0.0,True,True,scored_descriptively,published_mass_template_assumptions,False,False
UGCA442,5,4.65,56.4,3.12,23.080107235452786,57.50263786998855,3.7125485908519555e-12,51.87190402817981,62.479268048101076,0.43,0.0,True,True,scored_descriptively,published_mass_template_assumptions,False,False
UGCA442,6,5.48,57.8,2.83,20.574102653578844,56.12501787763384,2.503287329037e-12,50.55505166913336,61.066266409095476,0.18,0.0,True,True,scored_descriptively,published_mass_template_assumptions,False,False
UGCA442,7,6.33,56.5,0.65,18.35632588510021,54.624429185136776,1.7251118692589877e-12,49.219005811887506,59.41561354003027,0.0,0.0,True,True,scored_descriptively,published_mass_template_assumptions,False,False
UGCA444,0,0.12,6.48,2.6,1.408687332235227,5.5410231689740685,5.359168684977832e-13,4.935759297054972,6.085224354332999,2.83,0.0,True,True,scored_descriptively,published_mass_template_assumptions,False,False
UGCA444,1,0.19,8.6,2.65,1.6521803775617239,6.723756550528112,4.655976434945413e-13,6.109026147696724,7.289235008289637,3.38,0.0,True,True,scored_descriptively,published_mass_template_assumptions,False,False
UGCA444,2,0.26,10.2,3.03,2.6479425975651365,9.25962721806898,8.739633871487737e-13,8.610933207672122,9.86540469042428,2.43,0.0,True,True,scored_descriptively,published_mass_template_assumptions,False,False
UGCA444,3,0.33,11.7,3.55,3.7001891843526056,11.677794442193791,1.344569865560563e-12,10.99475661833585,12.312163303632069,2.23,0.0,True,True,scored_descriptively,published_mass_template_assumptions,False,False
UGCA444,4,0.4,12.7,3.75,4.680085469305021,13.834708322733857,1.7745859233139453e-12,13.105863481012769,14.505220789463326,1.76,0.0,True,True,scored_descriptively,published_mass_template_assumptions,False,False
UGCA444,5,0.47,14.1,3.43,5.7352288533239895,16.008389263863695,2.268052490442555e-12,15.210043767077037,16.737743634468714,2.11,0.0,True,True,scored_descriptively,published_mass_template_assumptions,False,False
UGCA444,6,0.55,16.0,3.33,7.080910958344273,18.59031306766652,2.9543710004952334e-12,17.68306487228248,19.416575096054668,2.0,0.0,True,True,scored_descriptively,published_mass_template_assumptions,False,False
UGCA444,7,0.62,18.1,2.66,8.386235746745973,20.940813909166238,3.67613878400594e-12,19.941251581782865,21.848007962253636,1.59,0.0,True,True,scored_descriptively,published_mass_template_assumptions,False,False
UGCA444,8,0.69,21.2,3.78,9.63434221937336,23.142997269745678,4.359578493838191e-12,22.060338160491646,24.122307510034307,1.38,0.0,True,True,scored_descriptively,published_mass_template_assumptions,False,False
UGCA444,9,0.76,21.6,3.33,10.729904473013727,25.09329980730946,4.9093904507384956e-12,23.932796412429447,26.140914969378727,1.39,0.0,True,True,scored_descriptively,published_mass_template_assumptions,False,False
UGCA444,10,0.83,23.3,3.09,11.946030721540943,27.15597053206091,5.572096344159942e-12,25.91026977381089,28.27884626107049,1.29,0.0,True,True,scored_descriptively,published_mass_template_assumptions,False,False
UGCA444,11,0.9,24.5,3.26,12.761007013555004,28.68058798242521,5.86376882294195e-12,27.3693926666628,29.861768369709168,1.17,0.0,True,True,scored_descriptively,published_mass_template_assumptions,False,False
UGCA444,12,0.97,24.4,3.29,13.474264358398196,30.056461025762633,6.065796665139207e-12,28.686274401698913,31.2901325842374,1.08,0.0,True,True,scored_descriptively,published_mass_template_assumptions,False,False
UGCA444,13,1.04,25.3,2.78,14.085685996784113,31.287594084545884,6.182613828174116e-12,29.8648050670216,32.56803605917842,0.99,0.0,True,True,scored_descriptively,published_mass_template_assumptions,False,False
UGCA444,14,1.11,25.4,2.78,14.601590666773262,32.384642018153706,6.224820248071671e-12,30.91375465053775,33.70806805028482,0.91,0.0,True,True,scored_descriptively,published_mass_template_assumptions,False,False
UGCA444,15,1.19,25.9,2.73,15.020151463950024,33.40966621110983,6.143998735765812e-12,31.892835362101938,34.77432501090676,0.83,0.0,True,True,scored_descriptively,published_mass_template_assumptions,False,False
UGCA444,16,1.26,26.7,2.67,15.226164980059817,34.09366656776895,5.9629335827424816e-12,32.54576468477463,35.48628001658952,0.76,0.0,True,True,scored_descriptively,published_mass_template_assumptions,False,False
UGCA444,17,1.33,27.1,3.16,15.43217904250725,34.76462444261889,5.802996657568779e-12,33.18623295359327,36.1846713893879,0.7,0.0,True,True,scored_descriptively,published_mass_template_assumptions,False,False
UGCA444,18,1.4,28.6,3.34,15.542437067590141,35.30342703471214,5.591903320613989e-12,33.69900145964626,36.74715977779161,0.64,0.0,True,True,scored_descriptively,published_mass_template_assumptions,False,False
UGCA444,19,1.48,28.9,3.21,15.65923529422813,35.89283160916748,5.369438086827569e-12,34.260931937614615,37.36139992125589,0.58,0.0,True,True,scored_descriptively,published_mass_template_assumptions,False,False
UGCA444,20,1.55,30.4,4.14,15.76305966492546,36.3987488202795,5.195158420673313e-12,34.74375402275868,37.88811398539565,0.54,0.0,True,True,scored_descriptively,published_mass_template_assumptions,False,False
UGCA444,21,1.62,30.8,4.35,15.964211537060011,37.019061699649576,5.098346966849366e-12,35.336971113419885,38.532622307666244,0.49,0.0,True,True,scored_descriptively,published_mass_template_assumptions,False,False
UGCA444,22,1.69,30.5,4.56,15.970712257128671,37.38089100917625,4.891153813077433e-12,35.68102530177002,38.91066804174059,0.45,0.0,True,True,scored_descriptively,published_mass_template_assumptions,False,False
UGCA444,23,1.75,33.0,4.04,15.972344849770806,37.67772820922926,4.724422863143032e-12,35.96414178922515,39.21988790219304,0.42,0.0,True,True,scored_descriptively,published_mass_template_assumptions,False,False
UGCA444,24,1.83,32.1,4.35,16.074540428889406,38.19294938321906,4.575889154436751e-12,36.45622149403813,39.75588403719908,0.38,0.0,True,True,scored_descriptively,published_mass_template_assumptions,False,False
UGCA444,25,1.9,32.9,4.36,16.079452727005357,38.5246863740391,4.409997875529965e-12,36.77186992635416,40.102265880352356,0.35,0.0,True,True,scored_descriptively,published_mass_template_assumptions,False,False
UGCA444,26,1.97,34.2,4.9,16.082742303475488,38.8458285978711,4.255037922840185e-12,37.077775762421666,40.437223596983976,0.32,0.0,True,True,scored_descriptively,published_mass_template_assumptions,False,False
UGCA444,27,2.04,32.6,3.98,16.08439150232299,39.156817892390286,4.109874481082458e-12,37.374373261404386,40.7612038940088,0.3,0.0,True,True,scored_descriptively,published_mass_template_assumptions,False,False
UGCA444,28,2.11,33.7,4.73,16.184932808016224,39.59240465418915,4.023359139656374e-12,37.79079160432023,41.21393174920262,0.27,0.0,True,True,scored_descriptively,published_mass_template_assumptions,False,False
UGCA444,29,2.19,33.8,4.67,16.091017680681357,39.80254342670446,3.831531179385073e-12,37.98940422820519,41.43477057513275,0.25,0.0,True,True,scored_descriptively,published_mass_template_assumptions,False,False
UGCA444,30,2.26,34.9,3.74,16.092681566476113,40.091258614488076,3.713623327505668e-12,38.26470181768064,41.73560664181918,0.23,0.0,True,True,scored_descriptively,published_mass_template_assumptions,False,False
UGCA444,31,2.33,36.1,5.47,16.097690828190235,40.378201846253404,3.6042980586982997e-12,38.53746652467412,42.03549668493758,0.21,0.0,True,True,scored_descriptively,published_mass_template_assumptions,False,False
UGCA444,32,2.4,37.2,5.39,15.714509219189761,40.124925504764164,3.3345701427302926e-12,38.28890904011962,41.779103178090686,0.19,0.0,True,True,scored_descriptively,published_mass_template_assumptions,False,False
UGCA444,33,2.48,37.6,7.1,15.234759597709443,39.75636171047319,3.032976078401328e-12,37.92586000731323,41.40743075466774,0.17,0.0,True,True,scored_descriptively,published_mass_template_assumptions,False,False
UGCA444,34,2.55,35.6,4.73,14.734795553383156,39.29960693126295,2.7592909913893404e-12,37.483458025463015,40.93880379358465,0.0,0.0,True,True,scored_descriptively,published_mass_template_assumptions,False,False
UGCA444,35,2.62,38.3,7.78,14.300256990697754,38.916147613551956,2.529506781016243e-12,37.12067652819086,40.53619622725248,0.0,0.0,True,True,scored_descriptively,published_mass_template_assumptions,False,False
