radius_kpc,height_kpc,azimuth_radian,newton_gx,newton_gy,newton_gz,newton_inward,newton_tangential,mond_gx,mond_gy,mond_gz,mond_inward,mond_tangential
0.5,0.0,0.0,-1174.1974465128587,-377.3100088161882,7.275957614183426e-12,1174.1974465128587,-377.3100088161882,-1850.1771503338969,-712.3419365302543,0.0,1850.1771503338969,-712.3419365302543
0.5,0.0,0.1308996938995747,-1545.383725843942,-873.2056331334105,-6.500346737566774e-12,1646.138960156693,-664.0221846395386,-2468.37922401505,-1478.836227669076,-2.1257218815552336e-11,2640.288759286305,-1143.9964376701655
0.5,0.0,0.2617993877991494,-1818.9327325643578,-1266.2685726855534,-1.843445952552611e-12,2084.6885254922668,-752.3470844271465,-2841.946256589509,-1991.2247987349404,-1.2183346289711905e-11,3260.4761871583823,-1187.8256426821508
0.5,0.0,0.39269908169872414,-1811.1584067789677,-1726.7927825094034,-1.7488495543960124e-13,2334.107171152802,-902.2481929855888,-2749.5567103318235,-2645.0498495543316,-3.766445548386646e-13,3552.4759233588525,-1391.497619083058
0.5,0.0,0.5235987755982988,-1655.3103820620302,-2381.034083219412,-5.223902533507506e-13,2624.057883623549,-1234.3808123135873,-2449.6354416682166,-3594.5879145050694,-4.1603690604424636e-12,3918.740479747924,-1888.186729263808
0.5,0.0,0.6544984694978736,-1497.3280593327695,-2692.660178680294,-6.173854134425848e-13,2827.097875591738,-1224.7153779309342,-2246.182741336369,-4031.4458273105192,-4.383499096334448e-12,4236.205303548528,-1830.9715978693089
0.5,0.0,0.7853981633974483,-1460.2044912189835,-2241.9435427333283,-8.567367774335821e-13,2617.8139797641243,-552.772984444133,-2237.7060060218378,-3353.145983573456,6.7069014272280724e-12,3953.3293544531334,-788.7351721333196
0.5,0.0,0.916297857297023,-1420.7271305504169,-1762.4400379179874,2.4852343035067833e-12,2263.1215693705776,54.23309863941722,-2174.425842760004,-2666.51190590557,8.119196876462844e-12,3439.192710788603,101.81840726139103
0.5,0.0,1.0471975511965976,-1420.8855180307767,-1419.589571097056,-6.231177107481925e-12,1939.8433905328943,520.7281689355364,-2111.7492120388692,-2242.196395175587,-9.346765661222887e-12,2997.673644515385,707.730266459638
0.5,0.0,1.1780972450961724,-1489.0119824093563,-1741.743606279268,-8.41435409455656e-12,2178.9814849849718,709.1312726611606,-2189.9062864112343,-2761.9154858511974,-1.05423087969156e-11,3389.7180421456264,966.2702981053083
0.5,0.0,1.3089969389957472,-1375.6236586537589,-2134.8992840873793,-5.199039668162394e-12,2418.191956779244,776.1978250503727,-2031.6028956904568,-3378.484610019192,-1.04937624327126e-11,3789.183060027809,1087.9615450523388
0.5,0.0,1.4398966328953218,-994.3099259138876,-2284.2574594555217,-2.0210605407579347e-11,2394.4988087481133,687.6480384273195,-1499.8793479325834,-3654.9163390056506,-1.7154288241108515e-11,3819.4215631334664,1009.9853595752021
0.5,0.0,1.5707963267948966,-243.23030476813437,-2189.54237065083,-1.4551915228366852e-11,2189.54237065083,243.23030476813423,-326.91784321793966,-3576.121240424749,-1.0913936421275139e-11,3576.121240424749,326.91784321793943
0.5,0.0,1.7016960206944713,127.31653299033141,-2040.4331985710005,-1.4375607343033413e-11,2039.5951519576327,140.10265348765986,290.2908573495833,-3293.5298896799454,-2.8140904081160675e-11,3303.24384515037,142.08453663980777
0.5,0.0,1.832595714594046,-497.9400722116038,-2013.3809054983494,-1.8444418929273513e-11,1815.9002407700384,1002.0744990821629,-740.8860548039976,-3232.3871153607183,-2.5708589544262652e-11,2930.4907740567955,1552.2443212719518
0.5,0.0,1.9634954084936205,-934.4343032933962,-1851.3195998315064,-5.44699340638147e-13,1352.8037599173167,1571.7740661574976,-1511.9421140219265,-3011.9505661909598,-8.339014177569532e-13,2204.0842833083693,2549.475954270635
0.5,0.0,2.0943951023931953,-458.6916912602912,-1289.1052386858125,-1.4551915228366852e-11,887.0520392233705,1041.7912764791668,-800.5274856324004,-2204.9835556213775,-1.8189894035458565e-11,1509.3080312788509,1795.7689167960293
0.5,0.0,2.2252947962927703,141.61766394704034,-975.7802216353244,-6.025494137561812e-12,860.3498697017835,481.66451538454015,178.25404919414933,-1658.1674103869248,-1.3542278862655596e-11,1424.0268435065552,868.0099169342176
0.5,0.0,2.356194490192345,592.194711694455,-550.5049714285412,-5.7766682536748865e-12,808.0106947959897,-29.479098047933576,1007.2630798575484,-806.654286682201,-8.236633991795539e-12,1282.6332703923013,-141.85183801993787
0.5,0.0,2.4870941840919194,846.7178676726769,-303.83754404861,-8.597975159741876e-12,856.7110261039222,-274.3986486147858,1453.374606519431,-287.29232661096364,-4.6268114004080744e-12,1327.9320860675803,-656.8340753929077
0.5,0.0,2.6179938779914944,722.0580070404557,-854.0778995476674,-6.753567360832675e-12,1052.3595268768313,378.6241542989061,1082.0541522167373,-1361.6479390339007,-1.0130351041249013e-11,1617.9103536070786,638.194630105714
0.5,0.0,2.748893571891069,864.5472504330924,-1363.8517811314832,-1.1434402304021907e-11,1320.6609904046811,929.1868367289037,1230.7912598933792,-2219.425735723367,-1.5137965875353082e-11,1986.4403122353058,1579.4785873026708
0.5,0.0,2.8797932657906435,1510.5157356824475,-1046.5181881530573,-4.340159888733088e-12,1729.9049982519027,619.9087052966172,2316.2025882276052,-1559.3251650056259,-7.247403913921025e-12,2640.862949097715,906.7151063123403
0.5,0.0,3.010692959690218,2230.342752435514,-384.6540223140834,-4.40304544917495e-14,2261.469285859295,90.24510700906728,3508.7439848728027,-461.7619801051188,-1.6261082218212303e-12,3538.99822665352,-0.17144946744286926
0.5,0.0,3.141592653589793,2477.796094574849,7.986714797327295,0.0,2477.796094574849,-7.986714797327599,3903.498927031251,83.07435766624258,1.8189894035458565e-11,3903.498927031251,-83.07435766624306
0.5,0.0,3.272492347489368,1964.642193745012,525.6058591950116,0.0,2016.4397388359357,-264.6719635824751,3042.713023388187,918.5534518766474,3.250173368783387e-12,3136.5774760974323,-513.5413547990563
0.5,0.0,3.4033920413889427,1488.5949875842252,1347.947183763526,-4.1979599015944453e-13,1786.7467463423661,-916.7402640398586,2226.00101166682,2275.585423762482,-5.715149860735441e-13,2739.1167129419955,-1621.9152745022839
0.5,0.0,3.5342917352885173,1735.6905466280398,1651.38750358659,-1.284514845471424e-11,2235.527608840306,-861.4630989013028,2595.97811328285,2652.0076652935654,-2.332951898013888e-11,3413.250441722361,-1456.697787292038
0.5,0.0,3.665191429188092,2114.1897259500956,1675.8801546848597,-1.350713472166535e-11,2668.882088435273,-394.2599246802363,3178.5935175569525,2574.3724955540124,-1.2201159088288474e-11,4039.928982285865,-640.1752211752416
0.5,0.0,3.796091123087667,1847.397393015681,2380.318718968267,-6.556476410742726e-13,2914.68511744964,-763.8095297320176,2737.2580709181702,3654.4201628319465,1.4519014132440116e-11,4396.282874325931,-1232.9093081925648
0.5,0.0,3.926990816987241,1463.5809321334882,3292.7155635938143,-3.139266519255641e-12,3363.209505462588,-1293.3935016087548,2182.836081328848,4946.171762974796,-1.89406204816608e-12,5040.969789839197,-1953.9733991866035
0.5,0.0,4.057890510886816,1210.7442051604917,3834.110067014336,-5.626116248087534e-12,3778.8584012076026,-1373.5103639700374,1800.0711226818607,5660.3669804531755,-6.052612312577682e-12,5586.484920177881,-2017.7206537930062
0.5,0.0,4.1887902047863905,976.6252008548835,4079.1798818225716,-1.0447805067015013e-12,4020.986004692193,-1193.8077069948788,1433.0947009760914,5972.889232110767,4.141616094078922e-12,5889.221159486498,-1745.3481989812274
0.5,0.0,4.319689898685966,725.3634159243732,4272.700022277071,0.0,4225.044660860311,-964.9430963863841,1067.7224922591827,6239.3781786964055,-2.3104861505473916e-12,6173.033503046311,-1401.2597002471816
0.5,0.0,4.4505895925855405,667.1439271263423,4198.98349683345,-1.352524325455075e-11,4228.576157917797,-442.36534998843035,994.9268288069034,6135.033218206023,-1.9123404010929284e-11,6183.4930423852165,-626.8379199958565
0.5,0.0,4.581489286485115,656.4527883711819,3868.293371755741,-1.3599996466416761e-11,3920.883868551926,145.9231395597762,982.5262883799498,5674.081508273484,-4.779286861087596e-12,5753.78436957224,233.50438615783855
0.5,0.0,4.71238898038469,229.44846305371902,3585.149060003474,-1.4551915228366852e-11,3585.149060003474,229.44846305371837,342.3071431662902,5287.540968896923,-2.9103830456733704e-11,5287.540968896923,342.3071431662892
0.5,0.0,4.843288674284264,-359.1790707077711,3559.4467117220056,-1.7275296385667433e-12,3575.8774280953116,108.49478172501574,-535.8673359463194,5263.495570240166,-8.258825423912914e-12,5288.410358874603,155.74111794850455
0.5,0.0,4.974188368183839,-736.2375208060726,3646.736467083367,-4.919175674722764e-12,3713.029227329654,232.69401452143472,-1083.0067863721567,5385.350171493879,8.881645373989332e-12,5482.151596544592,347.72696392554553
0.5,0.0,5.105088062083413,-887.7452091498766,3813.186021174261,0.0,3862.6499023241895,639.0734860110213,-1297.0093993786966,5630.299362044889,-1.181186318196945e-11,5698.062351268651,956.3418475495746
0.5,0.0,5.235987755982989,-1047.0063830138888,3858.93008334188,-1.0447805067015013e-12,3865.4346751090134,1022.7309160564529,-1516.172527115895,5732.309694577888,-1.143632667462589e-11,5722.412081422215,1553.1109222865289
0.5,0.0,5.3668874498825625,-1429.229485837502,3046.960154882816,-5.626116248087839e-12,3287.375800790419,720.9878313871861,-2101.810109792627,4641.0970999274705,-8.878487147816471e-12,4961.53081278576,1157.842831458203
0.5,0.0,5.497787143782138,-1416.7555305984865,2432.0335800123694,-4.136691094927785e-12,2721.5048794698773,717.9099935304067,-2098.432419408416,3823.7608431887866,-5.354604858961034e-13,4187.623015479767,1219.9914282289965
0.5,0.0,5.6286868376817125,-1372.6007526872595,1822.0733051452783,-1.0793647870343365e-11,2198.165341029584,609.9615472281549,-2027.4989687786067,2970.8138762873427,-1.124176024181225e-11,3417.0399799651623,1122.641942588742
0.5,0.0,5.759586531581287,-1606.084082349128,1098.0722141055376,-6.753567360832675e-12,1939.945722980932,147.91639143065572,-2469.750631962045,1801.5861386958727,-1.7667503782107814e-11,3039.659857639739,325.34404723551665
0.5,0.0,5.8904862254808625,-1399.4642497481816,831.6055521859845,-7.101072658743905e-12,1611.1780439080069,232.75156622150882,-2155.832702573827,1413.6683012858955,-1.9350148229312158e-11,2532.717147188264,481.0577510921786
0.5,0.0,6.021385919380436,-1121.062357171094,636.5937924022697,-2.356781939460662e-12,1247.6256811398075,324.7500961532494,-1687.1494103211776,1163.6189814074494,-3.00292712157562e-12,1930.8279418686423,687.3032267770247
0.5,0.0,6.152285613280012,-1048.7128163834007,184.55157962347025,-1.3454637628862719e-11,1063.8297478166262,46.08822462121768,-1595.642510677624,345.73129866814577,-1.6925149337471296e-11,1627.118557747382,134.5003784174338
1.0,0.0,0.0,-2105.6552411547746,-1838.7116468866589,0.0,2105.6552411547746,-1838.7116468866589,-3269.206297375924,-2692.245046006312,-3.637978807091713e-12,3269.206297375924,-2692.245046006312
1.0,0.0,0.1308996938995747,-3060.495314034113,-914.4053088245141,3.3536867092422753e-12,3153.6661954644114,-507.10764499881293,-4756.747068321181,-1235.7278889071517,1.7956244036725696e-11,4877.347293701146,-604.275983331445
1.0,0.0,0.2617993877991494,-2470.1088059287235,-2078.511529899255,-5.597279868792885e-13,2923.900258793711,-1368.3767645194935,-3779.208554038534,-3059.2856459179065,-2.424226839778442e-12,4442.236534850707,-1976.9118661880084
1.0,0.0,0.39269908169872414,-2065.0127455650654,-2343.221776821797,-6.9116185461454e-13,2804.535162349291,-1374.6084743898914,-3201.8994841386384,-3503.9129199692998,1.8084204721039356e-12,4299.058821476371,-2011.8795457833098
1.0,0.0,0.5235987755982988,-1981.726285942693,-1995.4475935911187,-6.2311771074821314e-12,2713.949103769316,-737.2451649990887,-3132.367551898366,-3066.5381967454523,2.089561013402589e-12,4245.978972306782,-1089.516204107702
1.0,0.0,0.6544984694978736,-1876.8406621469085,-2382.7478576911417,-2.22896455190669e-12,2939.5227993241906,-747.8127684608264,-2951.146529284895,-3697.626997787768,-5.107231298439667e-12,4592.274651811564,-1136.980551464378
1.0,0.0,0.7853981633974483,-1864.543726559341,-2746.4294663392893,0.0,3260.4504125680087,-623.5873868301167,-2897.0124862874086,-4248.25568009951,-4.354027786286863e-12,5052.4675738485585,-955.4732253767052
1.0,0.0,0.916297857297023,-1447.9777845588205,-3766.213526348696,-3.834791813286715e-12,3869.4111066796786,-1143.9675162047627,-2271.018305571243,-5706.014721658299,-1.9947395147243508e-11,5909.394188183088,-1671.881717314017
1.0,0.0,1.0471975511965976,-1352.9558103874717,-3796.1668473804157,6.2311771074821314e-12,3964.05483202946,-726.3893216968956,-2131.6031302577235,-5702.81022035609,1.5671707600519417e-12,6004.5800889187685,-1005.3826485884274
1.0,0.0,1.1780972450961724,-1284.2628316783819,-3565.534522870155,-2.8852522026649264e-12,3785.5904766277254,-177.9668448755292,-1996.6451939059173,-5370.559408146557,-4.502031785041895e-12,5725.83295134171,-210.56447969344322
1.0,0.0,1.3089969389957472,-1255.9009938783472,-3664.902005606862,-6.721271823389065e-12,3865.074594013173,264.56076776372356,-1926.3918665806727,-5489.8137268262435,-1.3551652289784626e-11,5801.339763659381,439.88330891559804
1.0,0.0,1.4398966328953218,-1046.6673447841038,-4032.436966803723,-2.2829882427245543e-12,4134.556412587087,511.3743179097048,-1537.402849628228,-5986.630051326339,-7.509563428087333e-12,6136.084941203759,742.8381302956
1.0,0.0,1.5707963267948966,-1218.5641242344136,-4258.977062974882,0.0,4258.977062974882,1218.5641242344134,-1710.604111342458,-6321.962031431089,1.4551915228366852e-11,6321.962031431089,1710.6041113424576
1.0,0.0,1.7016960206944713,-227.54063257675432,-3673.350513604769,-5.552725367912849e-13,3612.22447839271,705.0624461523706,-334.20866754287425,-5568.600272904705,-1.2119384300661576e-11,5477.337140834859,1058.1976556797622
1.0,0.0,1.832595714594046,378.52406667844457,-3756.3307420079527,-4.4336998854818715e-12,3726.3061132750986,606.583763859066,639.838340779829,-5662.686935382435,-1.3787331442492521e-11,5635.337905456207,847.5748473210181
1.0,0.0,1.9634954084936205,104.8730666141685,-4038.7093812083635,-2.0902414981310264e-12,3771.414120154294,1448.6570885693804,313.009007204674,-6034.90696101046,-1.301947090490346e-11,5695.310383125729,2020.2762945953777
1.0,0.0,2.0943951023931953,619.4489410547078,-3756.871688798762,0.0,3563.270791785628,1341.9773250986339,1080.41980166594,-5703.629374999445,4.6827593137930074e-12,5479.69783335365,1916.1436925052722
1.0,0.0,2.2252947962927703,1130.1134586250944,-3478.601719060616,0.0,3447.7297773741725,1221.0592661392334,1815.260308439258,-5322.80029857326,-1.983167054669676e-12,5327.921855964573,1800.1726868891194
1.0,0.0,2.356194490192345,1675.4088958529956,-3236.633464576811,-3.1329615252542317e-12,3473.338462535492,1103.9524794996528,2610.7340647311166,-4897.7922303916475,5.562484059316404e-12,5309.329859998811,1617.1943379066274
1.0,0.0,2.4870941840919194,2234.361277039291,-2834.8520070532736,-6.93741153023597e-12,3498.3865413985022,888.846345094837,3458.4208335962703,-4260.277374053971,-1.592213577420968e-11,5337.242262669015,1274.552076499292
1.0,0.0,2.6179938779914944,2281.643049686086,-2605.3087595925085,0.0,3278.6152231926053,1115.4420456661946,3480.737618554662,-3968.3803636222874,-1.0447805067012945e-12,4998.59738338763,1696.3493974988985
1.0,0.0,2.748893571891069,1698.209581480278,-1532.7627921287706,-6.779725189328037e-12,2155.504000537524,766.2115003264674,2659.6575809150595,-2483.311257561134,-6.028992417005169e-12,3407.5252781702675,1276.4735517351892
1.0,0.0,2.8797932657906435,3208.4934927364834,1067.4078755448618,-5.597279868794013e-13,2822.9012410311543,-1861.4560561808387,4924.959885270557,1629.8336012740092,2.557351539176963e-12,4335.313970262735,-2848.9717826982323
1.0,0.0,3.010692959690218,3055.18017636871,-710.0607144457769,-8.80609089834707e-14,3121.7242077335463,305.20501163308745,4599.952309266051,-1080.828435179785,2.472377534770125e-12,4701.675499673594,471.1675387633617
1.0,0.0,3.141592653589793,3013.2155915500043,-254.79411059382255,0.0,3013.2155915500043,254.79411059382218,4758.303170423722,-392.1952321603094,1.0913936421275139e-11,4758.303170423722,392.1952321603088
1.0,0.0,3.272492347489368,2931.846001453149,2785.017828503537,0.0,3270.281424899601,-2378.5089201590163,4421.63967772478,4133.776841474768,1.683685251441534e-12,4923.378087931918,-3521.272017043707
1.0,0.0,3.4033920413889427,3277.2110406984016,2295.5656790430576,-5.647701829641975e-13,3759.678899430305,-1369.1415431774926,4893.982694825284,3351.4735859769517,8.538375833441345e-13,5594.6494715523895,-1970.6189649978323
1.0,0.0,3.5342917352885173,3148.6118113152543,1017.9842933994178,-1.5856311061319345e-12,3298.503731789293,264.42672204969676,4746.291545507949,1460.0166562037182,4.009425838507913e-12,4943.725799532397,467.44763384820476
1.0,0.0,3.665191429188092,2281.675542204593,3176.613875360443,-1.4551915228366852e-11,3564.295920423032,-1610.1905429739832,3422.4769058597662,4853.943470062356,-2.389868088959005e-11,5390.923679371297,-2492.3999006777094
1.0,0.0,3.796091123087667,1939.3350412635778,4416.342751671711,-2.22896455190669e-12,4227.077057430276,-2323.1279028634353,2953.6580632293735,6462.735747993382,-1.0738067923806177e-11,6277.558739795358,-3329.15988971548
1.0,0.0,3.926990816987241,1919.6738831838047,3436.24376926805,-5.70947685155631e-12,3787.2056915254407,-1072.376850593482,2949.068628395841,5106.566625713047,-3.503596002854896e-12,5696.194314945811,-1525.581464299395
1.0,0.0,4.057890510886816,1402.3879158483671,3092.719755627487,-5.385539146224191e-12,3307.339220388172,-770.1393605369256,2205.1867373575556,4695.244899107052,-8.446019836674017e-12,5067.420853656827,-1108.7917302777696
1.0,0.0,4.1887902047863905,815.0980029377928,3103.369650579837,-4.16036906044236e-12,3095.145956204672,-845.7892481718285,1280.1461036766555,4827.342708341524,-8.32073812088472e-12,4820.674470035661,-1305.0323078311128
1.0,0.0,4.319689898685966,1067.5510243217273,2921.1978925138246,-5.446993406382729e-13,3107.3690335209344,-131.6054948425534,1664.345184691288,4545.320003726753,-3.3643667790637133e-12,4836.245448075245,-201.7642090538568
1.0,0.0,4.4505895925855405,932.5342302660629,3294.649815480991,0.0,3423.744964354479,48.04077772260109,1383.2639555445576,5128.807688167901,7.42521781098113e-13,5312.062860170084,8.69727086917942
1.0,0.0,4.581489286485115,505.64246568062447,3482.6179334348326,-8.80609089834707e-14,3518.8232399022936,46.743766482924514,721.6980582848607,5412.08126057713,-1.5314329572173604e-11,5459.980654617217,9.105472421352033
1.0,0.0,4.71238898038469,-310.13811378533865,3709.203235098088,-3.637978807091713e-12,3709.203235098088,-310.1381137853393,-490.7170048719563,5714.987221889118,-3.637978807091713e-12,5714.987221889118,-490.71700487195733
1.0,0.0,4.843288674284264,-493.77278298715055,3704.977734461592,-5.901043746283843e-12,3737.731417521538,-5.951852439512265,-760.1597592466844,5666.589770872168,-3.6434916792153544e-12,5717.33206869799,-14.01810146324135
1.0,0.0,4.974188368183839,-515.9062689862365,4034.24760721448,1.82062795097038e-12,4030.310321354765,545.8129242481382,-828.6171266749745,6112.833581852175,1.789048600450947e-12,6119.005721999738,781.7350677648002
1.0,0.0,5.105088062083413,-667.3714192099457,3948.3963104960753,-8.370934852769997e-13,3903.2345228760273,894.4150576472139,-1075.4303488195865,5955.2264901857625,-7.913932686129422e-12,5913.461242907519,1285.3984258599007
1.0,0.0,5.235987755982989,-747.9019545188733,3767.1194794230364,-1.0447805067012945e-12,3636.3721455309956,1235.8576475581406,-1250.9177655730944,5643.454909043818,-8.843128374235368e-12,5512.8341991304915,1738.4008914903425
1.0,0.0,5.3668874498825625,-789.7172908517385,3818.6106741184612,-5.791231858109506e-13,3510.2569600754478,1698.0980402213336,-1318.234638380118,5745.405230431011,-6.5487559041720875e-12,5360.626833118253,2451.7552446648797
1.0,0.0,5.497787143782138,-1050.8947238920325,3635.5708955735226,-3.1329615252542317e-12,3313.831619321709,1827.6420481672658,-1749.7249590684535,5488.710617927823,-3.215915412376376e-12,5118.346881676027,2643.8621141387102
1.0,0.0,5.6286868376817125,-1296.8123348332524,2684.31061797464,-2.6225905642966956e-12,2662.935165272361,1340.157465040183,-2158.361548833453,4170.888061931852,-2.7216845974550233e-12,4251.419121140232,1995.0607151291404
1.0,0.0,5.759586531581287,-1050.9634787018538,2372.3853209797617,0.0,2096.353731495353,1529.064216182845,-1847.3287562271773,3715.1217479630077,1.0260275403379598e-12,3457.394506015751,2293.725433774423
1.0,0.0,5.8904862254808625,-1195.4572275356318,2886.8768216724748,-4.990786686293248e-12,2209.218395445702,2209.644733345446,-1999.796861388656,4441.492928874996,3.998852719896278e-12,3547.2571482644485,3338.1152838320736
1.0,0.0,6.021385919380436,-1560.313984692972,1287.4556681200047,-2.837215532616664e-12,1840.365621569596,839.7477044610143,-2664.4966857839554,2117.0732726624865,-1.0016356055202979e-11,3121.6450457029255,1355.313262317577
1.0,0.0,6.152285613280012,-2175.9310921267306,-2064.417596482045,-5.900857678917242e-12,1887.855131971678,-2330.7722177503165,-3474.588165730229,-3096.6492953263223,-1.162522140513434e-11,3040.668741143638,-3523.681794133734
1.5,0.0,0.0,-3500.0035670491343,-297.06713837188727,-7.275957614183426e-12,3500.0035670491343,-297.06713837188727,-5518.179267035339,-417.12261599108024,-1.0913936421275139e-11,5518.179267035339,-417.12261599108024
1.5,0.0,0.1308996938995747,-3380.8311958568,-631.5888369762118,5.015170666071079e-12,3434.3466022436946,-184.89848438717496,-5387.547619358715,-1045.2683897825063,1.9965316172033674e-11,5477.891305386199,-333.10989764724616
1.5,0.0,0.2617993877991494,-3894.983872829209,-1984.8068915267766,-6.472735735877549e-12,4275.971340123012,-909.0802300668649,-6074.482134230789,-2946.4800564008847,-1.5543037254220355e-11,6630.104329396357,-1273.88951764935
1.5,0.0,0.39269908169872414,-2850.6444033733724,-2442.9106609885935,-2.3689753034900325e-12,3568.5134554528922,-1166.0607747057247,-4540.214624406862,-3794.1795244828845,2.3010106076694527e-12,5646.5810081363725,-1767.8998892009486
1.5,0.0,0.5235987755982988,-2458.2005906508975,-2773.419497378901,-1.5671707600520451e-12,3515.5739077910393,-1172.751444755749,-3972.8322204438787,-4295.095480404596,-7.415931660702626e-12,5588.121368080036,-1733.2456874881686
1.5,0.0,0.6544984694978736,-2270.0489077211446,-2469.179900801148,-3.5906838367849633e-13,3304.0923684563577,-577.013905096562,-3722.19204157652,-3950.8733167807386,-1.1892039082269973e-11,5358.15277554605,-868.5115966605008
1.5,0.0,0.7853981633974483,-1525.4339156007427,-3028.8969288119433,-6.204851040698273e-13,3220.3982238512654,-1063.1088919047997,-2570.430338302588,-4871.780223167781,1.0362759850798637e-11,5262.437555033842,-1627.3001094710582
1.5,0.0,0.916297857297023,-1588.2905282493368,-2280.799274925528,-4.343314201076838e-12,2776.369734954077,-128.38702994617665,-2659.795993257845,-3816.509764065452,-1.8061868126573487e-11,4647.021979302755,-213.185902053865
1.5,0.0,1.0471975511965976,-1336.3039716995158,-2530.2215742667076,-4.4215641871177355e-12,2859.3881463681814,-107.83760046353177,-2227.448746657935,-4237.613105261092,4.183473667794347e-12,4783.604973894933,-189.77935239696671
1.5,0.0,1.1780972450961724,-1232.7440712423452,-2367.2750221381116,-1.2595321478938112e-12,2658.82767318934,232.99008542148158,-2006.946079477502,-4015.0304551812824,4.33520461847357e-12,4477.4294742175725,317.69077004389214
1.5,0.0,1.3089969389957472,-1510.8547465635365,-2160.7160084829616,-2.4524650358486784e-12,2478.1293786641077,900.1391654238548,-2341.6474147917206,-3689.7639659877595,-5.83175455866958e-13,4170.101255521536,1306.8765276797117
1.5,0.0,1.4398966328953218,-2962.1946716598873,-575.2269274045085,0.0,956.9497724053373,2861.770505109526,-4542.7642334474795,-1187.175337714589,-1.2956140903027582e-12,1769.968605672189,4348.942779354801
1.5,0.0,1.5707963267948966,-262.67549983667413,6922.496208236509,0.0,-6922.496208236509,262.67549983667453,-482.3010720127859,8159.374898656184,0.0,-8159.374898656184,482.3010720127864
1.5,0.0,1.7016960206944713,2450.3054325090243,-1024.041723328268,-3.571654024304205e-12,1335.109942307702,-2295.6784630369057,3764.7953903072266,-1936.436162819131,-3.1508033015958408e-12,2411.274089789852,-3479.8314050339195
1.5,0.0,1.832595714594046,1278.7123435767128,-2734.165447932655,0.0,2971.956127230701,-527.4871866691319,1935.4866534128284,-4535.476787566393,4.968073198005362e-12,4881.874971089938,-695.6687737266684
1.5,0.0,1.9634954084936205,1053.4930053066935,-2926.4358680128234,-6.364816548809372e-12,3106.828520907328,146.59789732079878,1686.0975197864193,-4808.029437399931,-1.9542501936967365e-13,5087.281575099685,282.2022196678786
1.5,0.0,2.0943951023931953,1227.6067239901718,-2922.6432870016897,-3.1343415201040902e-12,3144.886694738603,398.18303466876364,1997.8092626122918,-4766.0395495435305,-5.596942257156769e-12,5126.415956652186,652.8662014336626
1.5,0.0,2.2252947962927703,1586.968660364786,-3300.3713351016504,-9.20159059107388e-12,3584.4459323800597,750.1118825779902,2572.156001230171,-5222.2083808089155,-1.815543701268524e-11,5708.885825553871,1138.4504811564498
1.5,0.0,2.356194490192345,1879.3733607188062,-3341.320363881273,-3.1181880053530136e-13,3691.58793516277,1033.7526396715311,3025.640644352712,-5222.0204303289265,-5.811299320259762e-12,5831.977074835715,1553.0750407248383
1.5,0.0,2.4870941840919194,2807.158266243914,-2805.799350479476,-2.835627701938956e-12,3935.1308093603884,517.1006092775813,4387.898092420923,-4355.368063584198,-1.7974529633680668e-13,6132.53369472614,784.1626883554909
1.5,0.0,2.6179938779914944,2748.722683791864,-2272.328749995208,-1.5671707600520451e-12,3516.628047119899,593.5330813496573,4359.142098835253,-3554.9786585651495,-7.444061110247214e-12,5552.61712558012,899.1307788113199
1.5,0.0,2.748893571891069,2958.187657741684,-3015.088968174213,-6.016425466289615e-12,3886.83362554207,1653.5295799520964,4664.956751205612,-4518.074368931443,-5.722085361661758e-12,6038.850269672634,2388.954774433546
1.5,0.0,2.8797932657906435,2952.1477479219616,-2026.7762491528767,-6.296939852392732e-13,3376.1240461811494,1193.6434620473308,4730.637637343249,-3153.495628708862,-2.8115937901170156e-12,5385.629796082345,1821.6637548363467
1.5,0.0,3.010692959690218,3513.363197549103,1103.4968810844941,-5.015170666071079e-12,3339.270642335255,-1552.642232355399,5552.721594094411,1599.8793018902597,8.209814393001106e-12,5296.391137816886,-2310.9677188126175
1.5,0.0,3.141592653589793,3170.640083503451,1356.624114440092,-1.0913936421275139e-11,3170.640083503451,-1356.6241144400924,4974.003400304708,2017.8892336913632,-1.2732925824820995e-11,4974.003400304708,-2017.8892336913639
1.5,0.0,3.272492347489368,3459.219277534706,1140.10461776675,-2.260786948112347e-12,3578.4386915666005,-678.8321443625928,5414.248170644365,1684.28680549369,-2.2715024468827654e-11,5587.7720703154755,-963.1763009378395
1.5,0.0,3.4033920413889427,3156.7691150672927,1179.6329800689998,-9.904093642737941e-12,3354.5162973480847,-322.40599302013845,4992.742478439637,1824.4091775963366,-5.6856182543283106e-12,5294.810745157097,-470.0271016465613
1.5,0.0,3.5342917352885173,2765.7120725868854,2318.2490711397304,-2.13671458181019e-12,3442.340288303327,-1083.3906792181835,4445.942604349057,3611.0085820541985,2.1147724588254186e-12,5489.388533358316,-1634.748344751995
1.5,0.0,3.665191429188092,2299.212568974899,2611.3869848377444,-5.708786854131381e-12,3296.8699858516156,-1111.9211834940868,3753.7533954304877,4163.225857438764,-2.3226940106538534e-11,5332.458728704278,-1728.5826565189795
1.5,0.0,3.796091123087667,1979.4644264363149,2475.506981641206,-4.4078506055235535e-12,3077.4078823658897,-758.9301398900257,3243.2139975417786,4007.6592668876688,-3.370978913275265e-12,5012.723040519639,-1205.146278409836
1.5,0.0,3.926990816987241,1769.561401795139,2556.8449201917597,-3.530886709912607e-12,3059.231248445286,-556.6935145746563,2928.608061927302,4187.573253227952,-2.0219915136362348e-11,5031.900064099284,-890.222824046511
1.5,0.0,4.057890510886816,1460.2810307082182,2787.1969580117284,-6.358819826135696e-12,3100.1947836964364,-538.2191696116874,2428.9636320810787,4577.314927478292,-7.65117574259672e-12,5110.087458955725,-859.4663653171806
1.5,0.0,4.1887902047863905,1223.756127256823,3007.5363188069987,5.036372869876227e-13,3216.4809185196073,-443.9642651622298,2032.7139106372845,4927.941935078377,1.2900692720282912e-11,5284.079859471162,-703.5890823012917
1.5,0.0,4.319689898685966,795.8295237323063,3026.9818221782634,-7.458964347869969e-13,3101.1173245135706,-423.1251850734278,1364.2471563860959,4993.904838691788,-4.686514640977038e-12,5135.841252176568,-650.6846195033636
1.5,0.0,4.4505895925855405,552.4814740224338,3064.066347659642,2.827630898850457e-13,3102.6535462109864,-259.38260192751477,930.6800823983972,5065.51143302139,-5.833161174117672e-12,5133.786046740197,-412.0829044490471
1.5,0.0,4.581489286485115,330.2754068824121,3119.4191203523496,4.730807626952818e-12,3135.841648588838,-79.71604472630332,546.3734047797561,5156.4027724994085,6.501722328734478e-12,5183.605072024414,-131.34651488706277
1.5,0.0,4.71238898038469,-60.44207931427081,3038.504703291728,7.275957614183426e-12,3038.504703291728,-60.442079314271375,-102.61205748305838,5066.424013255788,1.7280399333685637e-11,5066.424013255788,-102.6120574830593
1.5,0.0,4.843288674284264,-349.2115759391158,2849.150126461173,-3.6052350672727296e-12,2870.356509448968,25.66469457316788,-599.6039618139239,4782.88603529412,-1.8319678873827663e-11,4820.231804204542,29.817635209605896
1.5,0.0,4.974188368183839,-516.87568541939,2957.6124264543273,-6.794136918194353e-12,2990.61149820267,266.2228504708041,-886.7008117875897,4919.005584933868,-1.4786378281396338e-11,4980.889591546282,416.64511404943255
1.5,0.0,5.105088062083413,-643.4864064937555,2975.2202813697604,-7.476603826880081e-12,2994.9967093873015,544.0635889079875,-1115.2652284712942,4928.461662464021,-1.0852668361901556e-11,4980.09838234589,855.6699073653322
1.5,0.0,5.235987755982989,-1141.748568127366,2871.411019472403,-2.3507561400780677e-12,3057.5891716333576,446.9222450033949,-1924.7940324446904,4725.2899925735255,-1.7630671050585508e-12,5054.6181900394,695.7244671369724
1.5,0.0,5.3668874498825625,-1375.9393430263,3194.1232002160978,-2.0155056250587497e-12,3371.6871108831824,852.8529299654138,-2283.489282907482,5137.682015292416,-1.0449143473668085e-11,5466.097387175301,1316.0087953079214
1.5,0.0,5.497787143782138,-1835.6487642871855,3043.0654111138097,-6.957833819646574e-12,3449.771876896979,853.7724986886278,-2989.1381547437745,4844.490260839169,-2.6481650324343778e-11,5539.21177395433,1311.9320557087954
1.5,0.0,5.6286868376817125,-2246.6763456688454,3082.055487363513,-2.0465933106337785e-13,3658.644686161266,1077.4691131533152,-3598.4208444920732,4805.135343250787,5.168664740087431e-12,5780.0002548890525,1621.5903596517182
1.5,0.0,5.759586531581287,-3151.1243594071484,3052.3924927946455,-5.988734947169781e-12,4255.149992127879,1067.8872613774956,-4898.109769732981,4634.603193798193,-2.658833682661056e-12,6559.189088012607,1564.6292174232358
1.5,0.0,5.8904862254808625,-3737.219008793801,3280.139582429645,-2.1367145818100547e-12,4707.99522477748,1600.2820262015985,-5688.999768601927,4848.817827134952,-2.271005570253003e-13,7111.512695673806,2302.6375891930475
1.5,0.0,6.021385919380436,-4704.339381476915,2429.4884690088547,-2.9397059263258125e-12,5172.840789833752,1129.1330303350992,-7112.383960433053,3600.5059249628803,3.703785159984918e-12,7801.914859251275,1637.001235586682
1.5,0.0,6.152285613280012,-4084.1669574453244,-275.98599402366386,-5.000090369329331e-12,4013.2029420459016,-806.7156569321967,-6334.864343630878,-284.22914766404614,-1.0080466934167557e-11,6243.569352630471,-1108.663248908892
2.0,0.0,0.0,-3256.2397123859337,14.93948776594334,0.0,3256.2397123859337,14.93948776594334,-5512.902036808733,0.9027635162601655,-5.9117155615240335e-12,5512.902036808733,0.9027635162601655
2.0,0.0,0.1308996938995747,-3072.09466929857,-615.4403356849938,1.7612181796695968e-13,3126.143557085535,-209.18633897399906,-5235.541028013914,-1041.8586484381221,6.986333137645999e-12,5326.740090948309,-349.5701686733289
2.0,0.0,0.2617993877991494,-2684.96260212249,-990.9714971111121,-9.27839999424554e-14,2849.9570166165263,-262.28550535864383,-4673.071365962363,-1695.259780233098,-3.94182560425972e-12,4952.60583799562,-428.0153353619685
2.0,0.0,0.39269908169872414,-2329.637264879021,-1391.6858695797434,-3.8985885951827705e-13,2684.8793125420734,-394.23650590037323,-4115.767491093648,-2436.8473546513933,-6.252203428736802e-12,4735.014455424535,-676.3173645083239
2.0,0.0,0.5235987755982988,-2079.926664315074,-1625.3183961841023,0.0,2613.928527397534,-367.60368817607673,-3704.446534070553,-2853.2049164306363,5.944364952358452e-12,4634.747263681633,-618.7246727963113
2.0,0.0,0.6544984694978736,-1742.5392640180999,-1572.2177528705765,-2.5119306893168826e-12,2339.554871647762,-186.53351343758868,-3171.753136837752,-2837.582490981904,-3.886071904535218e-12,4243.731717829703,-320.364575528175
2.0,0.0,0.7853981633974483,-1416.6051958785933,-1844.856926290708,0.0,2306.2019831689813,-302.8197026292796,-2603.0173740455975,-3353.4749553292695,-4.627160930875192e-12,4211.876118186623,-530.653644718539
2.0,0.0,0.916297857297023,-1254.3339957850865,-1843.2080701032112,-3.0486648395811763e-12,2225.9054349964917,-126.94391331948657,-2312.904642285773,-3367.449192172439,-8.38019850093715e-12,4079.584200069817,-215.02255860863306
2.0,0.0,1.0471975511965976,-1136.7514672762989,-1844.6218714881752,2.593198300390315e-12,2165.8651347233035,62.144712706421956,-2074.664142334948,-3393.8765742426367,1.028773769343269e-11,3976.515401770501,99.77356446140038
2.0,0.0,1.1780972450961724,-1076.5927038115847,-2106.4509352246546,-2.0902414981309485e-12,2358.1010964471466,188.53808990208472,-1955.1658675794622,-3786.386202653173,3.0354217814381545e-12,4246.374299862777,357.35045943020305
2.0,0.0,1.3089969389957472,-944.6670171871325,-2303.455958651958,-4.657843483586986e-12,2469.4654155095905,316.2999974904992,-1730.228454431861,-4108.408532338266,-1.6728338083633595e-11,4416.233982717163,607.9379762851142
2.0,0.0,1.4398966328953218,-741.1943158919809,-2735.1106772618314,-1.287039026282827e-12,2808.456698008412,377.8497137671876,-1382.1776685710856,-4826.460171640826,-5.0420754169495564e-12,4965.579523848828,740.3734789044223
2.0,0.0,1.5707963267948966,-95.77082172204246,-3479.920472119469,3.637978807091713e-12,3479.920472119469,95.77082172204224,-149.3673474589973,-6045.197947904822,-5.9685589803848416e-12,6045.197947904822,149.36734745899693
2.0,0.0,1.7016960206944713,530.8429277779288,-2911.330791964112,-2.642029590649769e-12,2955.712859481962,-146.29657037399352,997.9671263846998,-5070.963829481632,-2.8083577621063726e-12,5157.841879919806,-327.5357797262501
2.0,0.0,1.832595714594046,716.6673010435248,-2506.849162814239,-5.079404574982684e-12,2606.917495485689,-43.42714839918847,1307.2992075573886,-4411.181517726749,-1.1556284633031777e-11,4599.228084984562,-121.05627907498979
2.0,0.0,1.9634954084936205,934.075962909317,-2362.9710324755033,-4.5324480586091074e-12,2540.555968397044,41.296201344315136,1664.9681058238948,-4170.832897122348,-3.9311916358265365e-12,4490.502856691181,57.8786936372278
2.0,0.0,2.0943951023931953,1144.6853338052874,-2290.816685974372,-1.0447805067013979e-12,2556.248112369729,154.0817645723365,2029.3912868021848,-4056.775699846284,-9.32734251451044e-12,4527.966456923369,270.8834413336574
2.0,0.0,2.2252947962927703,1377.887437849906,-2194.736091081851,-3.582648869601734e-12,2580.0059345961886,242.9190777404467,2444.5235934158677,-3895.62790165257,-8.619145778041662e-13,4578.741084281179,432.13705003905034
2.0,0.0,2.356194490192345,1602.8053701783574,-2024.8633118028545,1.93711524022778e-12,2565.14912492698,298.4400325763179,2849.6147167137,-3581.471992449119,4.655570493252399e-13,4547.465022447708,517.5012425332275
2.0,0.0,2.4870941840919194,1820.7646988249562,-1993.4907412736763,-1.8028902766223762e-12,2658.0700280705614,473.13121848380774,3220.6493507198115,-3478.4054021157312,-7.979794925588208e-12,4672.631963563987,798.9974435753907
2.0,0.0,2.6179938779914944,2187.5879283159084,-1712.0089698964289,1.0447805067013979e-12,2750.5112038819625,388.8492952791819,3810.911578680585,-2958.359262813803,1.6977683233897716e-12,4779.525870120548,656.5584857774659
2.0,0.0,2.748893571891069,2474.1579285791645,-1512.3097831573546,-7.275957614183426e-12,2864.559769032773,450.3728071536865,4267.819797224383,-2573.3265357281107,-1.913407772122361e-11,4927.720790390677,744.2197881098668
2.0,0.0,2.8797932657906435,2959.038924549584,-1064.8111038797977,-2.3753137417646464e-12,3133.805511337803,262.6729164837543,5023.13883405329,-1788.7154638917427,-1.356334794456662e-11,5314.933157172204,427.6824660086022
2.0,0.0,3.010692959690218,3252.078748652262,-400.3884721818647,-1.7612181796698798e-13,3276.5179468169595,-27.518362563310745,5469.176992324267,-674.3580679672906,1.27888163057372e-11,5510.408815788408,-45.28200617346215
2.0,0.0,3.141592653589793,3028.1541975633445,236.2531919851972,0.0,3028.1541975633445,-236.25319198519756,5154.4653110816835,388.2296091177777,1.1823431123048067e-11,5154.4653110816835,-388.22960911777835
2.0,0.0,3.272492347489368,2714.322429709871,759.1814777493264,0.0,2790.1940925421386,-398.3964037572369,4686.0262525087655,1284.4403545664159,1.1361456464042041e-11,4813.589756927917,-661.80262589286
2.0,0.0,3.4033920413889427,2757.1721169727903,1225.9256415062127,-4.719861830215741e-13,2980.5166592094556,-470.5445837426514,4731.0944616856095,2051.6500379411227,6.511531971752329e-12,5100.892430859779,-757.2444072909832
2.0,0.0,3.5342917352885173,2219.384687442369,1434.3870097199906,-2.8961548852262254e-12,2599.3602317165073,-475.8790500514,3908.888012361478,2483.154468117312,-7.282902235956841e-12,4561.603704451338,-798.2689078562919
2.0,0.0,3.665191429188092,1813.1243553048241,1673.0862657113041,-2.5931983003904185e-12,2406.754884769912,-542.3730311764194,3266.8452703050916,2960.1082768891165,3.4281860376136225e-12,4309.225132761809,-930.1063305860116
2.0,0.0,3.796091123087667,1594.3890101346847,1703.7525279710703,-1.8028902766223528e-12,2302.0926705188767,-381.07522689009454,2918.5242494743666,3074.5147210354717,-3.8782830969376494e-12,4187.066937127361,-662.4915310014474
2.0,0.0,3.926990816987241,1317.3034164018413,1860.0866326182927,-1.3554490652694477e-12,2246.754050136793,-383.80569290089795,2440.565252196312,3383.6402233222652,-1.845271755078937e-12,4118.335186763006,-666.8547072504712
2.0,0.0,4.057890510886816,1080.680741546413,1967.3127577531886,-3.9387602143735336e-13,2218.650900287052,-340.2624496226631,2021.0445936630638,3619.427629990073,-1.6260900406178936e-11,4101.818995123688,-599.9654569662714
2.0,0.0,4.1887902047863905,867.3920327110282,1963.2310008057375,-1.0447805067013979e-12,2133.9039365504304,-230.43196503489662,1645.5801536866238,3647.2516000818678,-5.977014343192871e-12,3981.402616507651,-398.5115829848187
2.0,0.0,4.319689898685966,656.0199403054019,2030.7376725072393,-6.771347222184308e-12,2127.204933985059,-171.0462669807264,1242.3062725918244,3784.313864013792,-9.01015128083744e-12,3971.6601520051636,-300.4528802696186
2.0,0.0,4.4505895925855405,494.6091808215487,2126.6768630150377,-1.2626650653269922e-12,2182.226382036817,-72.66869325196245,925.7029280074939,3947.1506232083416,7.185506887123823e-12,4052.244275085435,-127.43738954075366
2.0,0.0,4.581489286485115,222.68431140762013,2082.0884684264556,-1.11054507358273e-12,2093.3420481822573,-50.9878633953341,424.4851220080414,3892.472663984015,7.378083868832193e-13,3914.5784473747517,-87.2160422059664
2.0,0.0,4.71238898038469,-10.672640397358919,1987.4521480798794,-3.637978807091713e-12,1987.4521480798794,-10.672640397359284,-33.21023792051892,3757.7491349842608,-1.2278178473934531e-11,3757.7491349842608,-33.21023792051961
2.0,0.0,4.843288674284264,-224.96533398902895,2037.4075002770394,-3.929068616932586e-12,2049.3410651012314,42.89431864106922,-440.68367049819517,3831.9385159043427,-6.181673672422041e-12,3856.676512177431,63.25478269556311
2.0,0.0,4.974188368183839,-413.6409555088365,2092.4865501784475,-2.987231921505859e-12,2128.24495709997,142.02888907017996,-797.6787099062268,3909.384225674299,-1.2039758759571151e-11,3982.6296304624375,241.32462524850757
2.0,0.0,5.105088062083413,-696.1679096288548,2003.004088764092,-1.246434313864605e-12,2116.946406304765,123.34119683228425,-1316.565172071124,3748.6986647155086,-8.390013468061243e-13,3967.1736488635615,218.21725622204553
2.0,0.0,5.235987755982989,-874.6604717488943,2063.495015970928,-3.637978807091713e-12,2224.3693402878466,274.26931976484036,-1649.431161782755,3812.1513090723447,-2.5161789147444904e-12,4126.135457618131,477.6263666386267
2.0,0.0,5.3668874498825625,-1156.7367054807128,1894.7822849582103,0.0,2207.4085447115335,235.7694423209648,-2148.1924917928727,3504.5612020707144,-3.1769806001379728e-12,4088.0920670075016,429.1659964686569
2.0,0.0,5.497787143782138,-1455.9651403719326,1941.8275184226027,-3.13296152525409e-12,2402.602230099485,343.5565822430501,-2651.6364824466077,3510.887036341513,-1.1680740161445408e-11,4357.5621693566645,607.5818933973835
2.0,0.0,5.6286868376817125,-1821.0545099923397,2040.7356006805594,-2.22896455190669e-12,2687.0607988541087,510.4366596454486,-3244.3468371104245,3583.5056592547244,-6.973777254744062e-12,4755.413426273602,867.9529679630134
2.0,0.0,5.759586531581287,-2068.4937742414595,1598.409539028186,-2.593198300390315e-12,2590.5729255771503,350.01637932905214,-3663.7025862895343,2826.527416616025,-5.931974923245833e-12,4586.123219945499,615.9932541379101
2.0,0.0,5.8904862254808625,-2492.622536614064,1490.0811775596662,-2.7435095555743185e-12,2873.112323385247,422.7701538256463,-4348.073520131682,2569.7397066494486,-8.535579037678818e-12,5000.492942329433,710.1942199952348
2.0,0.0,6.021385919380436,-2642.516043223316,1035.1146543822447,-2.704090833217898e-12,2820.38187895144,315.9104988629406,-4602.703086966307,1774.2538327129123,-1.4930408652234514e-11,4905.080465193419,522.530381550718
2.0,0.0,6.152285613280012,-3066.51105439222,611.9799557429249,-1.11054507358273e-12,3120.1560405612718,206.48437105458243,-5226.470887610289,988.6452130479103,-6.47157980296797e-12,5310.801799756763,297.9958724894419
2.5,0.0,0.0,-1867.877678282588,3.5317728044028627,0.0,1867.877678282588,3.5317728044028627,-3714.5917621473163,-22.535580717465564,-6.366462912410498e-12,3714.5917621473163,-22.535580717465564
2.5,0.0,0.1308996938995747,-1932.8424325708852,-333.4237425868943,-9.697461799790178e-13,1959.8272291332855,-78.28469336298105,-3819.123484768669,-665.7682885518889,-2.972351282483935e-12,3873.3505535314753,-161.576902465378
2.5,0.0,0.2617993877991494,-1795.3660597547166,-589.9384863100368,-8.546560743618902e-13,1886.8777604559136,-105.16189065355348,-3591.9693061922935,-1197.1683820886626,-3.790423335400789e-12,3779.4258975678795,-226.7057928098851
2.5,0.0,0.39269908169872414,-1527.291871687148,-985.3854742934074,-1.2938519652378714e-12,1788.1243959279134,-325.90817565306565,-3097.6547775984004,-1966.0887705957232,-2.4336483791462922e-12,3614.2494468749946,-631.0080116801926
2.5,0.0,0.5235987755982988,-1501.1283583022127,-999.7850151896173,-3.637978807091713e-12,1799.907800225754,-115.2750423261133,-3035.427330234472,-2020.9710325830483,1.2125474021633926e-12,3639.2426956161535,-232.4985894121528
2.5,0.0,0.6544984694978736,-1298.8363588138127,-1168.08940893652,-1.7347746717646906e-12,1741.5239415507913,-136.02615649862264,-2661.537734078217,-2360.872738453286,-6.7029110173787774e-12,3548.7481136106726,-252.76475869634214
2.5,0.0,0.7853981633974483,-1060.8065998707766,-1073.5640140420824,-1.4803743785040285e-12,1509.2279346630771,-9.020854070935684,-2213.651261132303,-2246.9582401791718,1.0289495456796822e-12,3154.127226602488,-23.551590744879377
2.5,0.0,0.916297857297023,-996.901322397439,-1234.5953926670084,0.0,1586.3454522838883,39.32093857720713,-2047.1311076097222,-2546.9403089031694,3.8587981000913366e-13,3266.8380600274195,73.61928018846334
2.5,0.0,1.0471975511965976,-801.237111424305,-1415.6317966406414,2.3320031737149398e-12,1626.5916540079543,-13.924205372009851,-1657.7273587285974,-2908.7556785128136,-1.6650852724951315e-11,3347.9199903586373,-18.743834048962526
2.5,0.0,1.1780972450961724,-695.5638569002956,-1515.9430945455183,-4.976957377868771e-12,1666.7295616901322,62.49090425395775,-1448.3758201496607,-3090.068935559771,-7.516677869841992e-14,3409.120873822085,155.6065891157673
2.5,0.0,1.3089969389957472,-524.6346993436847,-1555.002934633152,-2.1008699428127925e-12,1637.802946429234,104.29383079009568,-1088.7136122318284,-3194.750144258002,-8.587598174091586e-12,3367.6714903874886,224.7544138091887
2.5,0.0,1.4398966328953218,-261.9308168951496,-1606.7892876363774,0.0,1627.2318146919833,49.96187503099475,-553.6087849192969,-3346.2376084211483,3.4823561338592355e-12,3389.8705284800217,112.100931728891
2.5,0.0,1.5707963267948966,-29.81997532810783,-1610.5384284783067,-3.637978807091713e-12,1610.5384284783067,29.81997532810773,-73.56563918800748,-3349.1394610824573,-1.8189894035458565e-11,3349.1394610824573,73.56563918800728
2.5,0.0,1.7016960206944713,181.034132012969,-1691.5210449712085,-2.139256160467585e-12,1700.6795438558777,41.30244114264838,386.5045128888005,-3459.136662976268,3.5047786970948936e-12,3479.992231640812,68.31002378567928
2.5,0.0,1.832595714594046,439.5577868087051,-1655.8376874951455,-3.8546216052810745e-12,1713.1823131435349,3.9821106972669327,919.7025122553787,-3360.808099081981,-1.1503841032287946e-11,3484.3278661050817,-18.52326611319279
2.5,0.0,1.9634954084936205,620.7620547629538,-1596.6981832176232,0.0,1712.7121248714116,37.52058424967902,1280.8747429844557,-3235.300990487035,-1.1834656629520392e-12,3479.1979096995087,54.72212901975877
2.5,0.0,2.0943951023931953,771.3778479976179,-1498.001716204909,-2.332003173715043e-12,1682.9964651449473,80.9680458199457,1592.0408400965157,-3043.1868539685556,5.293552956164718e-12,3431.4975440478715,142.84561559837516
2.5,0.0,2.2252947962927703,975.8359768202295,-1443.878467753117,-3.808517216682327e-12,1739.5571090937297,104.79478755762023,1992.5004704668331,-2907.3114562611563,-2.4666834143832674e-12,3519.482688793701,189.1021729102465
2.5,0.0,2.356194490192345,1201.2532210413183,-1313.0260343707064,0.0,1777.863911298506,79.03531425750828,2427.5296894758217,-2643.5757102541406,-6.2115888776685856e-12,3585.813016260774,152.76760634071888
2.5,0.0,2.4870941840919194,1373.3552414935027,-1266.3986499324665,0.0,1860.4906200729492,168.65589971603106,2745.7454165164636,-2515.2760749859285,-6.725659728180791e-12,3709.5493555425655,323.99877239200555
2.5,0.0,2.6179938779914944,1487.561011975777,-1145.8887858477915,-3.637978807091713e-12,1861.2100189742064,248.58829246800542,2947.9431746342143,-2283.191581624355,-9.864467672983062e-12,3694.589468958353,503.3303240763564
2.5,0.0,2.748893571891069,1722.6249287802418,-818.6248823796939,5.0111185798946614e-14,1904.7720937023075,97.09075321176726,3355.734674634152,-1587.6574484249766,-1.1921017527717512e-11,3707.8647842161854,182.62015784338428
2.5,0.0,2.8797932657906435,1921.961961290707,-572.1115541458255,-2.6692327248170762e-12,2004.5460616920261,55.17696612320026,3751.4917100859407,-1130.3086588267083,-5.490375841655223e-12,3916.2081376299916,120.83682312440999
2.5,0.0,3.010692959690218,2111.6453287392987,-402.99625486727086,-5.9428143403196486e-12,2146.1814768493546,123.92354196144555,4056.5747582319145,-780.9412361251464,-4.896058257230836e-12,4123.8034847267745,244.770918943198
2.5,0.0,3.141592653589793,2095.6765441096504,15.21572121076315,0.0,2095.6765441096504,-15.215721210763405,4033.044481169003,37.8675731592848,6.366462912410498e-12,4033.044481169003,-37.8675731592853
2.5,0.0,3.272492347489368,1900.2020484548798,319.8988021032937,-9.697461799790178e-13,1925.7007290468775,-69.13588567139027,3705.3991591080653,621.322208577509,4.361158099692865e-12,3754.7977776639045,-132.35506805784053
2.5,0.0,3.4033920413889427,1855.272371229092,703.5004431431298,0.0,1974.134811094245,-199.3494233111503,3618.7611904085065,1352.6762879552339,-5.420758306447629e-12,3845.5532781695456,-369.980645389198
2.5,0.0,3.5342917352885173,1595.879057412857,909.7890046303697,-2.519892242694918e-12,1822.561176527112,-229.81896495149886,3185.6896674588374,1809.9344137906387,-3.977480377352397e-12,3635.8253945230053,-453.0507036958363
2.5,0.0,3.665191429188092,1442.2035264687904,1105.746928207352,-2.332003173715043e-12,1801.8583554531515,-236.50316674978023,2905.284691168821,2202.4291506223262,-1.515802062914778e-11,3617.2649230893894,-454.7172488899091
2.5,0.0,3.796091123087667,1165.5858261853464,1185.3678476269847,-1.3061841594904005e-12,1646.3276334226582,-230.8518482077984,2401.351832954991,2412.1463158123383,6.26762960772391e-13,3373.5421360813625,-451.83396353852413
2.5,0.0,3.926990816987241,981.4397518545063,1304.7067830029014,0.0,1616.5497175838007,-228.58430985907398,2051.258001510384,2682.833762738754,-7.084335381381752e-12,3347.508389259952,-446.59150359763817
2.5,0.0,4.057890510886816,812.7695689732864,1332.4405496053234,0.0,1551.8789250318523,-166.32496061487802,1713.8669422828025,2768.012981034473,1.2932687133269333e-12,3239.348433388084,-325.35747437444866
2.5,0.0,4.1887902047863905,684.9354247577098,1425.646759114019,-1.0339757656912846e-25,1577.1140225945496,-119.65190176494866,1441.722734717809,2960.9119209446058,-5.456968210637445e-12,3285.086309265115,-231.88744699310882
2.5,0.0,4.319689898685966,504.21618060444797,1394.9911050663804,-2.457065135173947e-12,1481.758908653857,-68.00497498410772,1070.0210210157659,2956.2747276064524,-1.941381827333086e-11,3140.721030341092,-142.7468391013116
2.5,0.0,4.4505895925855405,367.96888979386074,1410.5331164103181,-8.917821731812184e-13,1457.7077226606127,-9.642180351995023,786.9030624034774,3002.5782206556314,-3.092024732339392e-12,3103.9333479838688,-17.03443715423873
2.5,0.0,4.581489286485115,199.92218044308783,1422.9719793201593,-1.3331432738636059e-12,1436.8933377294584,12.476704378456674,448.9577401685576,3037.257213237105,-1.74732166627261e-12,3069.8738010263887,48.675225627390034
2.5,0.0,4.71238898038469,-47.20089864243346,1263.5034463996853,0.0,1263.5034463996853,-47.20089864243369,-104.32853897380483,2672.5654378607796,5.4569682106375694e-12,2672.5654378607796,-104.32853897380532
2.5,0.0,4.843288674284264,-262.3655858385842,1416.88365866035,-2.668232627112695e-12,1439.0076034324215,-75.18058309724336,-572.4379954678193,3020.4902149031936,-2.512572203258746e-12,3069.367654226141,-173.28762267245588
2.5,0.0,4.974188368183839,-359.8545154597166,1479.6572537951545,-1.4999827654596591e-12,1522.3763575638125,35.37070731700027,-773.0643852842525,3127.1160088210304,-8.888674531828254e-12,3220.6459007242647,62.63432419752121
2.5,0.0,5.105088062083413,-553.6601965579973,1464.2467994427052,-1.0022237159788396e-13,1564.6642329330189,48.8276674742209,-1165.2172232486178,3083.106838550164,-2.6815683412123814e-12,3294.3286311257766,103.33356383562273
2.5,0.0,5.235987755982989,-722.8192812645414,1354.8599902069436,0.0,1534.7528107226196,51.45013518316978,-1523.865897868931,2860.5743763737737,1.0773962374755836e-11,3239.2630282889813,110.58060867161021
2.5,0.0,5.3668874498825625,-853.8294443093806,1417.4676218057148,-3.3896787315290984e-13,1644.3311051617375,185.5111733421819,-1787.8086500062848,2935.7982625948544,6.785442120993338e-12,3417.47430662281,368.83678133450985
2.5,0.0,5.497787143782138,-1036.0725613504053,1279.1551088918684,-2.897791617839699e-12,1637.1131856190436,171.88531775466947,-2146.405528736319,2647.3040803458543,-3.619604708061732e-12,3389.6645716211187,354.1887625296215
2.5,0.0,5.6286868376817125,-1284.8187243131135,1171.941921054468,0.0,1732.7482651788755,147.61595506587594,-2609.5854480796074,2393.8309512014234,-2.568175835763539e-12,3527.5952826680395,310.5388147348883
2.5,0.0,5.759586531581287,-1408.2922226349365,1076.6155438255237,-2.7994809303853233e-13,1757.9246126666674,228.23029974463293,-2839.503407166343,2174.9570610903756,-2.1223787045382486e-12,3546.5606152837095,463.816363461435
2.5,0.0,5.8904862254808625,-1608.4278335211607,757.4053133172908,-2.5700034284939634e-12,1775.8400199034888,84.23258274572083,-3211.423480839655,1521.1065951995383,-5.852419000214894e-12,3549.0707170180444,176.36068964722222
2.5,0.0,6.021385919380436,-1723.4090721745724,614.1730342481969,-1.4999827654595262e-12,1823.6450103261366,147.1945052094082,-3439.777444129444,1196.3216419422902,-1.8098023540306849e-12,3632.2006949742163,265.27805704582624
2.5,0.0,6.152285613280012,-1939.024406478045,284.3362105453276,-3.2940398483233048e-12,1959.5491067538208,28.810202448341954,-3819.248321090541,532.2284321632599,-2.0586209269626754e-11,3856.0438728972877,29.163203650530022
3.0,0.0,0.0,-1281.2019803090589,-92.22834974999569,-3.637978807091713e-12,1281.2019803090589,-92.22834974999569,-2925.0182019484855,-191.68882361011129,-5.4569682106375694e-12,2925.0182019484855,-191.68882361011129
3.0,0.0,0.1308996938995747,-1351.5608618180822,-238.65068549257822,-8.787741747568065e-13,1371.1482365315476,-60.194902948188485,-3043.157860235219,-553.7741631663714,-1.3109298905712169e-12,3089.4052557474797,-151.82474061185798
3.0,0.0,0.2617993877991494,-1242.7570195635603,-423.8617575791165,-1.8227710506094052e-12,1310.1145963505749,-87.7698333240495,-2833.043641849075,-963.0500325147352,-2.345497829448449e-12,2985.7657104674745,-196.98924829736438
3.0,0.0,0.39269908169872414,-1160.0446236248904,-483.6003656921284,-2.3632910209085877e-12,1256.8073324028717,-2.858621512489094,-2677.308984773675,-1112.305714605595,-8.116248082433184e-12,2899.1719419455435,-3.0746918243660275
3.0,0.0,0.5235987755982988,-993.0729962475332,-702.2485254216281,-4.4215641871177355e-12,1211.1507052735062,-111.62856466152556,-2311.4626081875313,-1626.2778765946246,-2.3507561400780677e-12,2814.9242768855506,-252.66665064979384
3.0,0.0,0.6544984694978736,-904.4562604008022,-770.5598685177346,-2.0160834626148893e-12,1186.6405220319236,-60.7281600254438,-2098.3170313052374,-1787.3218832740693,-2.575796140418851e-11,2752.7594495364783,-140.6033117803911
3.0,0.0,0.7853981633974483,-838.4486187206004,-756.1985864584682,3.4237946127332946e-12,1127.5858523822953,58.15955556536596,-1933.8153929950101,-1792.738177479822,2.5355699856308536e-11,2635.071300137695,99.75665576170559
3.0,0.0,0.916297857297023,-711.3024617948159,-1048.0288782370562,-2.8681070086598724e-12,1264.4707143706778,-73.68537353570093,-1637.5028236715507,-2386.616551354906,3.742622287334012e-12,2890.278771955871,-153.761767402523
3.0,0.0,1.0471975511965976,-551.6134391814895,-976.8190517605873,0.0,1121.7568333160398,-10.698274480221414,-1283.9068512858912,-2284.1128984817174,-5.4569682106375694e-12,2620.0532208398195,-30.16049993438787
3.0,0.0,1.1780972450961724,-503.59417316051315,-1114.4535447188373,-4.645214433599493e-13,1222.3379666045105,38.7774415704971,-1164.5249193252778,-2577.58520489117,-5.6877337834446705e-12,2827.0226073049403,89.48158464275502
3.0,0.0,1.3089969389957472,-365.3753905220516,-1048.3519040398546,-1.7433517661070483e-12,1107.1962888302926,81.59208726069909,-880.9971012437004,-2445.2153701905527,-7.342970239407346e-12,2589.915505388023,218.10954579436964
3.0,0.0,1.4398966328953218,-128.9791720106167,-1149.542538582259,-3.0998528214102667e-13,1156.5432030062268,-22.169673041939433,-285.9095208407927,-2687.1108442741984,4.004584228888988e-12,2701.4409195723038,-67.2748213208672
3.0,0.0,1.5707963267948966,-7.2375371671696485,-1184.2019842951777,0.0,1184.2019842951777,7.237537167169576,-13.805328893533442,-2758.345149374338,1.0913936421275139e-11,2758.345149374338,13.805328893533273
3.0,0.0,1.7016960206944713,-568.4316347247942,-1008.6793495010223,2.843630391182744e-13,925.8547410186196,695.2276979515791,-1186.701188596202,-2436.9250606305964,2.3942738168367624e-12,2261.1812414647948,1494.6313443096276
3.0,0.0,1.832595714594046,417.1558647881283,-1091.2216486957298,-1.8152077564822748e-12,1162.0070552643217,-120.5126782761767,903.7831581975812,-2549.372357932095,-5.167958315370006e-12,2696.4208953385073,-213.16137457739615
3.0,0.0,1.9634954084936205,429.4375833996514,-1085.0058799272354,0.0,1166.7533735211196,18.465180472811937,1005.1427587388109,-2506.626357014883,-2.3733563536665744e-12,2700.4722678304634,30.613555908537933
3.0,0.0,2.0943951023931953,582.6811385596342,-1103.7284376922844,-4.4215641871177355e-12,1247.1974352006453,47.247550547458275,1338.8812860670346,-2523.824269614369,-2.0540650175536632e-11,2855.136575207267,102.40692842155181
3.0,0.0,2.2252947962927703,762.3772542206784,-1024.8238184810987,-4.185243153086046e-13,1277.153266325123,19.03867102269203,1743.1851259444722,-2320.2743689789427,-2.1338396507630393e-12,2901.9812893182857,29.531798137884152
3.0,0.0,2.356194490192345,885.5630895935797,-1038.314758004617,-1.0078710317765835e-13,1360.3870722112642,108.01174057100332,1997.6581754595102,-2321.119596315133,9.2635128064233e-12,3053.8370488595783,228.7217641392465
3.0,0.0,2.4870941840919194,1041.3157406997987,-869.4838947326944,-1.106088737566421e-12,1355.43957943957,55.895093857931556,2327.427884699978,-1953.3980818400428,-5.384333373328049e-12,3035.62609433753,132.88656814158617
3.0,0.0,2.6179938779914944,1201.3877613757961,-933.303175599621,0.0,1507.083908946967,207.57037881406268,2626.367074706628,-2007.2056543576573,1.0354040235198339e-11,3278.1034335377913,425.107549940185
3.0,0.0,2.748893571891069,1461.620439357327,-622.2985291906843,-2.363291020908538e-12,1588.504545328827,15.590947682918113,3156.6225170509106,-1372.0661192614173,-8.025995749773681e-12,3441.4059073184044,59.63666533184164
3.0,0.0,2.8797932657906435,1351.7984803913937,-361.3447294875216,-1.1468756788114723e-12,1399.2599619871528,-0.8389854605053984,2976.308811293775,-826.6218062026023,-6.858179832884359e-12,3088.8390143826523,28.129946715536448
3.0,0.0,3.010692959690218,1383.1582222282193,-211.9305559596933,-2.3421920276416927e-12,1398.9876003796003,29.57908468902673,3041.669197730847,-471.39243741195565,-8.94740559855007e-12,3077.17635598596,70.34211138973114
3.0,0.0,3.141592653589793,1372.086775402804,-4.343371941467922,0.0,1372.086775402804,4.343371941467754,3048.8074650773997,-13.231907493907784,7.275957614183426e-12,3048.8074650773997,13.23190749390741
3.0,0.0,3.272492347489368,1254.436111241416,119.67975119250647,-1.5345635500483512e-12,1259.3255786210486,45.08089465336461,2852.220342585813,249.73797236071286,-8.014052186533202e-12,2860.4165487475534,124.68803130335431
3.0,0.0,3.4033920413889427,1164.303371625977,537.4371556417902,-1.156077520362886e-12,1263.729667714793,-217.7805417878621,2656.1359541026795,1220.329733763917,7.811735169660044e-12,2881.4748926057237,-491.2894351277017
3.0,0.0,3.5342917352885173,1157.3045633676848,671.2878823364747,-3.9750535226698266e-13,1326.1007498949302,-177.30785231218692,2612.9765489765005,1490.1863718505626,-6.702030982634521e-12,2984.345188174818,-376.8098541281744
3.0,0.0,3.665191429188092,1066.1113039722607,730.0822601893296,0.0,1288.3206025963964,-99.21413219018996,2414.730950729647,1643.7783791641764,5.485097660182158e-12,2913.107536218512,-216.1883591829635
3.0,0.0,3.796091123087667,905.6398477563869,840.3661367012229,0.0,1230.0748885871494,-115.3886737321377,2087.1642326877313,1918.4387846418529,-3.5570452316709585e-12,2823.730251743532,-251.41473707299815
3.0,0.0,3.926990816987241,759.3292594898296,905.570365793047,-3.323007509555737e-12,1177.2618150324638,-103.40807795522846,1761.1906083596546,2102.286112927763,-1.6155236989901213e-11,2731.8905885787017,-241.19094431235817
3.0,0.0,4.057890510886816,654.6275663277362,966.6453350214165,-7.373924917109474e-13,1165.4033181623545,-69.10542909941978,1538.499176840346,2245.6696678675935,-4.309101381688228e-12,2718.1884896155334,-146.50361511101187
3.0,0.0,4.1887902047863905,526.5695226391006,1010.2606343361774,-1.5671707600521182e-12,1138.1961350980614,-49.10773370398306,1242.4198071290184,2367.029678470137,-3.1062120705598842e-12,2671.1177366313595,-107.54772409637712
3.0,0.0,4.319689898685966,370.71563370276556,1025.8405141765038,-1.274687786183125e-12,1089.6197858053001,-50.075582664296235,878.1957883813055,2429.9930463176597,-4.5869604428596125e-12,2581.091818223961,-118.57096516504043
3.0,0.0,4.4505895925855405,287.8753335688792,1019.5161697526265,-8.418599707373829e-13,1059.2846176262387,14.196017923806721,678.9614747768221,2437.737956025861,6.42552583074945e-13,2530.4022100136403,24.89341355346255
3.0,0.0,4.581489286485115,188.75326262094234,1089.474253447705,-1.9716029946179876e-12,1104.7908948188185,44.93352646876221,457.84095987327987,2576.5711062041673,5.173559634325823e-13,2614.2884203449885,117.61405151578003
3.0,0.0,4.71238898038469,-20.324936564567906,1121.4975385256657,-3.637978807091713e-12,1121.4975385256657,-20.324936564568112,-12.846541383165459,2642.90908008931,0.0,2642.90908008931,-12.846541383165944
3.0,0.0,4.843288674284264,-239.518324830859,1061.829561462916,-2.408516810429214e-12,1084.008877274312,-98.87264291397699,-583.6186686720777,2517.3102114583194,2.6216713380048044e-12,2571.9517961644733,-250.05081351844933
3.0,0.0,4.974188368183839,-325.1669411277744,1056.7886373663523,-1.610225403675317e-12,1104.9388349625906,-40.57012029238149,-769.2847444757786,2512.4808685031903,-9.100112441560313e-12,2625.9757019215776,-92.79410323499474
3.0,0.0,5.105088062083413,-398.4912971620452,1038.779245648817,-1.6721931384501031e-12,1112.2029012180446,29.365653862620775,-947.7121871493682,2465.3178196456684,1.6192489092516642e-11,2640.3304273785316,67.86439267401465
3.0,0.0,5.235987755982989,-531.2453441234619,988.5088550774797,-2.070808047039668e-12,1121.6964524246985,34.18246388561579,-1262.1641470972327,2348.2044823330557,-1.348838175530243e-11,2664.6868085295296,81.0360260344055
3.0,0.0,5.3668874498825625,-634.3880683074897,988.9839888229183,-8.0235110515255e-13,1170.804738036161,98.76141326993195,-1495.649740437971,2319.486467144421,3.5424478485514792e-12,2750.666209754884,225.43517882304081
3.0,0.0,5.497787143782138,-756.7612809947157,902.3617885732517,-3.4237946127332946e-12,1173.1771733145497,102.95510625298584,-1777.123518965554,2110.7903988948265,-5.538840331810575e-12,2749.1702959886325,235.93811345534527
3.0,0.0,5.6286868376817125,-888.413136394248,883.2334221953681,-1.1478668289493418e-13,1242.5039695609044,159.88453529407172,-2056.8238137231187,2019.388398225895,-1.4504487862512237e-12,2861.113810035421,349.97352701662726
3.0,0.0,5.759586531581287,-938.3881245614657,673.3926344391183,-1.0354040235198632e-12,1149.3642716994245,113.98106586487091,-2196.2192113818437,1583.2404082952141,-2.9427952299551916e-25,2693.60183348371,273.0168081907791
3.0,0.0,5.8904862254808625,-956.7874259616915,479.7182140691068,-1.5739645989560663e-12,1067.5365325381817,77.0551431405367,-2191.681967387228,1116.1079684107733,-4.826300964867959e-12,2451.9661396845913,192.4289301550507
3.0,0.0,6.021385919380436,-1145.3804871195339,295.70238479015615,-1.3312439608538954e-12,1182.8860023022376,-10.819713591259188,-2654.525507440153,671.5203482834117,-1.0957547758736245e-11,2737.8769994891627,-38.402909750369645
3.0,0.0,6.152285613280012,-1252.3159901703211,176.87568592173375,-1.859691943310574e-12,1264.689163050294,11.902452255855252,-2854.6104319331275,383.78479061961366,4.757267173125212e-12,2880.2828113157207,7.900028581371544
0.5,0.1,0.0,-1244.2234507246958,-351.864074074512,-3355.191827183966,1244.2234507246958,-351.864074074512,-1923.524322762465,-533.6706259008096,-5246.9587833593505,1923.524322762465,-533.6706259008096
0.5,0.1,0.1308996938995747,-1493.568378153215,-786.7526444089497,-3311.900973785169,1583.4825205241773,-585.0720732508926,-2307.081921474349,-1193.293940535583,-5131.10949249047,2443.1006300715308,-881.9505271027423
0.5,0.1,0.2617993877991494,-1674.5584183206474,-1148.0387651882102,-3255.3182862495287,1914.6335208323762,-675.5126820781661,-2561.036482359476,-1713.9131967132248,-5016.6052356295795,2917.364657341451,-992.6680038859619
0.5,0.1,0.39269908169872414,-1674.0516140987904,-1537.5049876083456,-3195.2351838716454,2134.999708569762,-779.8375715457263,-2534.9842577031704,-2286.0443859556635,-4910.323087990089,3216.8513830867337,-1141.9331418674515
0.5,0.1,0.5235987755982988,-1570.3525113588182,-2028.06303985682,-3098.0429185053217,2373.9966876618378,-971.1778573128897,-2362.718086291319,-3015.7499254680006,-4747.526011988076,3554.048847443236,-1430.3570037706565
0.5,0.1,0.6544984694978736,-1453.617198817666,-2286.701632825072,-2919.315390631544,2545.2878139019494,-929.2562954672966,-2201.854759906069,-3417.003828662806,-4475.531591426769,3826.9889622726746,-1370.4871511475044
0.5,0.1,0.7853981633974483,-1406.2225979687755,-2071.475119705783,-2798.892665163007,2459.1036390846602,-470.4045693216892,-2142.355315871532,-3116.196167232888,-4297.198006453965,3718.3574129217122,-688.6094697940953
0.5,0.1,0.916297857297023,-1351.186669997449,-1830.9597085637588,-2801.109536443627,2275.148328812906,-42.6491906431977,-2052.243222555959,-2775.07982563834,-4307.153376423319,3450.9453660816234,-61.20754456404825
0.5,0.1,1.0471975511965976,-1307.642129100089,-1670.6058071943417,-2887.8373061648663,2100.608133290152,297.1483992622766,-1955.5462447820082,-2557.002592597325,-4428.979876450432,3192.2023251229593,415.0514299578185
0.5,0.1,1.1780972450961724,-1295.2277253726108,-1910.492965291758,-3022.5744261156615,2260.72753927987,465.5203799456965,-1912.2469671400759,-2902.5473144147736,-4605.186366662764,3413.389288848309,655.92906516518
0.5,0.1,1.3089969389957472,-1177.1053532902429,-2175.7779494904985,-3169.396397676228,2406.2973972067907,573.8636897639121,-1722.1380523122268,-3280.729574914964,-4800.534693341728,3614.6635517148857,814.3423253444447
0.5,0.1,1.4398966328953218,-893.3589561503029,-2279.675469091138,-3288.49723865878,2376.779272262319,588.1587879595626,-1300.5462006049763,-3435.072649934432,-4969.602817145565,3575.4404705944335,841.0528945738525
0.5,0.1,1.5707963267948966,-381.67260308730135,-2223.5391985251276,-3325.700812184924,2223.5391985251276,381.67260308730124,-524.4126145883355,-3371.4780271206932,-5033.552749445771,3371.4780271206932,524.4126145883353
0.5,0.1,1.7016960206944713,-94.60000061171652,-2121.531733710939,-3212.634622643969,2091.0339577653194,370.70614336773906,-83.56288649786383,-3224.230922848731,-4853.975039669966,3185.7400349554305,503.6945796174579
0.5,0.1,1.832595714594046,-387.0342778884285,-2071.9901056798735,-3158.410661454798,1901.2169126665792,910.1169052855089,-547.9257312711043,-3165.633430198565,-4774.101570219704,2915.9534722381586,1348.5818362716927
0.5,0.1,1.9634954084936205,-562.0753628314596,-1916.2673771266957,-3300.8739240789873,1555.3032794502456,1252.6137006569322,-832.949345634153,-2947.423891113172,-5029.964458848704,2404.308692060702,1897.47514333612
0.5,0.1,2.0943951023931953,-194.62736002577574,-1500.2805903517074,-3450.6446002974503,1201.9674240364056,918.6925332296751,-277.4285545713286,-2339.875835036072,-5324.943356589542,1887.6776375569007,1410.1980935120037
0.5,0.1,2.2252947962927703,263.9120216797407,-1208.0891064098091,-3456.0971001782855,1119.100987390015,526.0625668452686,431.83951940555477,-1880.0181681363358,-5381.6910318680975,1754.4059364349355,801.8812214068744
0.5,0.1,2.356194490192345,623.1647050845979,-854.5209635787704,-3405.2426454619317,1044.8815567740455,163.59357925117706,1009.4855553395506,-1291.6979505246404,-5318.496742486828,1627.182461751203,199.55429837027464
0.5,0.1,2.4870941840919194,849.0255393253715,-619.8425018096498,-3280.8572898173734,1050.913454778334,-25.099881319451583,1360.0488536234957,-904.0594111939843,-5080.5032056664995,1629.3558000486978,-110.70672996103724
0.5,0.1,2.6179938779914944,838.618168695431,-862.4469761444518,-3197.0723953770394,1157.488126237653,327.5919064104516,1284.964523630353,-1350.0198189150651,-4921.251033442985,1787.8218298831875,526.6691969777378
0.5,0.1,2.748893571891069,980.9264288492317,-1080.512461149793,-3321.753932247442,1319.7520678592477,622.8790547900364,1474.849639017628,-1705.5956580839174,-5156.483094084207,2015.286595682594,1011.3643971621703
0.5,0.1,2.8797932657906435,1426.1528382739389,-793.2658377578337,-3480.564679043519,1582.870165365188,397.12044403081444,2169.694290594092,-1209.121240481697,-5409.787400127677,2408.70735531142,606.3632288399917
0.5,0.1,3.010692959690218,1915.684499749992,-277.3829200581876,-3551.635374231095,1935.5012896326623,24.96286747721092,2927.9063696069184,-385.64970580856095,-5485.612981596003,2953.195112360402,0.1819495125922117
0.5,0.1,3.141592653589793,2104.2180189895807,105.80797617445897,-3581.0252472189127,2104.2180189895807,-105.80797617445923,3209.4688660207903,201.3649591808014,-5502.236356834765,3209.4688660207903,-201.3649591808018
0.5,0.1,3.272492347489368,1816.592514234264,572.3194808540477,-3636.9270071070064,1875.753996016927,-330.3103046584238,2743.58351702351,925.5797364215114,-5576.910090027289,2840.924178293984,-559.551763952057
0.5,0.1,3.4033920413889427,1532.9561294669606,1204.520638431402,-3612.5076165652845,1792.47479746536,-766.7193513463931,2278.0978203173254,1889.4707128187083,-5495.477214847336,2689.5045250982557,-1235.4734570237415
0.5,0.1,3.5342917352885173,1658.829473352926,1519.7644751462772,-3520.2895520848756,2114.1472840927518,-769.272736254332,2454.2090499351325,2318.1013295502134,-5297.448389079294,3154.492483101393,-1202.4612296880014
0.5,0.1,3.665191429188092,1849.6485839013892,1669.924256811177,-3517.1435634918457,2436.804790138104,-521.3725368436344,2742.83762922057,2490.741498205293,-5271.946711755891,3620.7378144635427,-785.6265970956124
0.5,0.1,3.796091123087667,1646.1500679435917,2229.6542502284906,-3543.866312245101,2663.3061625881555,-766.7909793891789,2439.568980694997,3303.2930588896716,-5291.073580639238,3946.3576026695246,-1135.563083377738
0.5,0.1,3.926990816987241,1352.258063584201,2911.668549975098,-3469.124404035565,3015.051422929571,-1102.669729580417,2015.619324155699,4270.638142011405,-5152.969391933335,4445.055282611322,-1594.5390978090443
0.5,0.1,4.057890510886816,1123.0078537889437,3352.5178323051077,-3343.929100958507,3343.375086505762,-1149.9415143945275,1672.9145609531142,4888.979483988747,-4958.656543964299,4897.094062973105,-1649.0097821133108
0.5,0.1,4.1887902047863905,905.6551783050674,3585.805283700182,-3224.2660299719146,3558.2260578613573,-1008.582250368979,1340.559152642633,5220.591421257599,-4779.912952477521,5191.4443699095045,-1449.3374291645407
0.5,0.1,4.319689898685966,687.0706764600887,3735.4674156170777,-3124.9098742947117,3714.052454396601,-794.7309567261332,1011.0298246717374,5441.46592616431,-4636.122675271649,5414.163359569635,-1148.289095949546
0.5,0.1,4.4505895925855405,582.3360937030984,3702.7607898860724,-3047.1688685026916,3727.3119472224357,-395.8515393932546,846.1780096679738,5405.064658809868,-4530.441760406904,5439.898531155779,-581.5884805343748
0.5,0.1,4.581489286485115,496.0659602132486,3500.7857398931574,-3057.7936711250786,3535.5856334644022,34.87781474938049,708.3746216021945,5125.224306099573,-4557.339140945221,5173.83874369363,33.338365566279435
0.5,0.1,4.71238898038469,154.87839037304246,3313.122531628659,-3113.4030049286584,3313.122531628659,154.87839037304187,205.548922329753,4863.895578439527,-4650.51798740156,4863.895578439527,205.54892232975212
0.5,0.1,4.843288674284264,-285.1346627302473,3268.8439365801964,-3118.3566648522983,3278.0960653515012,143.9744558399575,-434.4173639930972,4806.228680974127,-4661.908177478292,4821.813572695517,196.63786544383998
0.5,0.1,4.974188368183839,-590.8948427138724,3280.0113043008187,-3107.381413428292,3321.1824682914616,278.16880450626365,-876.4832919646021,4822.436702223922,-4648.849492887743,4884.966724996964,401.5206143174713
0.5,0.1,5.105088062083413,-753.0439682513023,3320.775378511333,-3124.5909883280938,3356.173854766278,575.0838106137375,-1115.7176346222147,4880.82829776206,-4678.060174881692,4936.26401997176,837.02343908287
0.5,0.1,5.235987755982989,-915.519219745971,3270.6163446064375,-3201.9933220921716,3290.19645033476,842.4452703503005,-1360.476492974972,4814.892711759107,-4800.2260296649765,4850.057651367418,1229.239151711667
0.5,0.1,5.3668874498825625,-1196.7635624180175,2689.575166419898,-3267.952189672189,2862.326938686741,687.8532519529697,-1789.3942757491473,4004.2957735051323,-4922.143726503651,4266.135643789448,1018.038891488959
0.5,0.1,5.497787143782138,-1237.173902480286,2200.105096589572,-3286.0072669392675,2430.5232890724055,680.8951771707353,-1861.628886108015,3324.0416993696804,-4981.436004177757,3666.8228359908926,1034.082017151419
0.5,0.1,5.6286868376817125,-1246.2835329085542,1694.0118831079294,-3325.707182075928,2019.9922985015,585.260641513272,-1883.3932870548656,2606.3031236850525,-5091.030163472388,3080.813169371472,921.1821001740639
0.5,0.1,5.759586531581287,-1403.1454578694288,1113.454329040205,-3315.1429277340767,1771.8867762397758,262.70700596785946,-2148.9345001240076,1734.48746020055,-5118.812297928005,2728.2755982764797,427.64295301722154
0.5,0.1,5.8904862254808625,-1298.911731094312,804.7366221195812,-3283.56788664162,1507.997335599449,246.40769464409925,-1993.5484451002405,1286.1399301880024,-5089.857032281418,2333.9830484839545,425.34039588914345
0.5,0.1,6.021385919380436,-1154.2594100836006,545.0713342144786,-3312.5115545662843,1256.0038166710829,227.7541605691677,-1763.763918771901,912.325898296864,-5169.852118349158,1939.7924384380876,424.7434539144898
0.5,0.1,6.152285613280012,-1137.233772923573,130.26576382589553,-3352.402831182411,1144.507674474658,-19.287471885638382,-1745.6071996684823,250.32852322229542,-5263.830280581409,1763.3477170287188,20.339467119404873
1.0,0.1,0.0,-2190.5143617866092,-1460.3790443604594,-2670.534652522104,2190.5143617866092,-1460.3790443604594,-3397.3450288746194,-2097.916426659174,-4065.3434523335754,3397.3450288746194,-2097.916426659174
1.0,0.1,0.1308996938995747,-2772.2157159475237,-1016.5178345275563,-2529.705079120742,2881.1812284605453,-645.9746221219646,-4282.7235913065715,-1413.487902679486,-3880.028017406262,4430.581490971152,-842.3877150213898
1.0,0.1,0.2617993877991494,-2371.4185457529634,-1845.9191062673774,-2564.5346828234633,2768.373438704273,-1169.2526544339048,-3648.8769389941854,-2708.4033896970304,-3961.074355878802,4225.5308513989,-1671.7179370701338
1.0,0.1,0.39269908169872414,-2059.6906627769886,-2131.6564764070436,-2188.4105954470933,2718.655663658987,-1181.1842964557713,-3215.691203320292,-3202.2674212955926,-3408.400383971135,4196.365973756511,-1727.9175810498607
1.0,0.1,0.5235987755982988,-1960.42627022732,-2008.1286124958947,-2133.591751369196,2701.843258511183,-758.877257374182,-3094.7870875281496,-3070.1896667786004,-3334.269289488855,4215.2590704927325,-1111.4687021026741
1.0,0.1,0.6544984694978736,-1841.8815837143547,-2332.3448183371615,-2120.267990484329,2881.1044714127092,-729.107087371945,-2894.1479949323316,-3578.9753774709584,-3296.947058355874,4474.8241442529925,-1077.5464013789392
1.0,0.1,0.7853981633974483,-1769.642034834198,-2669.599002331942,-2066.9062847604896,3139.0174407017803,-636.3656744937362,-2763.3254870318224,-4077.033192955681,-3188.360224138248,4836.8640083674245,-928.9316273557831
1.0,0.1,0.916297857297023,-1445.4701763786325,-3402.0897838342216,-1987.3108628266123,3579.00578413731,-924.2924457015413,-2278.1295587752015,-5134.907102835197,-3048.6233765045363,5460.633107786491,-1318.5716906784808
1.0,0.1,1.0471975511965976,-1324.2565745276406,-3475.512540593117,-1693.5988588723249,3672.0104385888544,-590.9164356270614,-2083.3756287330534,-5252.683484736088,-2629.6494919935444,5590.64515018695,-822.0855222598432
1.0,0.1,1.1780972450961724,-1227.5153579284201,-3335.0026156566814,-1647.0968726313608,3550.890447929723,-142.17393287271761,-1917.4096139079766,-5065.233588384759,-2579.983370012682,5413.426531997505,-166.92547760407206
1.0,0.1,1.3089969389957472,-1147.6102090409538,-3395.5435678141707,-1601.0361012220278,3576.8666048953182,229.67499559998373,-1776.6176795158597,-5147.950549940704,-2522.897608687539,5432.360879971289,383.69325451547434
1.0,0.1,1.4398966328953218,-940.8861465437104,-3633.46463375927,-1688.2107527967335,3725.1901261450503,458.57443191774536,-1410.1260513712962,-5468.149371774012,-2654.894566435561,5605.426979905566,684.3255115332837
1.0,0.1,1.5707963267948966,-932.5289852057856,-3794.557859085706,-1762.2609998587077,3794.557859085706,932.5289852057854,-1326.6863333230326,-5683.474554609798,-2731.6111319851575,5683.474554609798,1326.6863333230322
1.0,0.1,1.7016960206944713,-210.73028069221323,-3465.244247088185,-2106.4817474764973,3408.0927810565227,661.2325906130159,-284.2535315993659,-5223.676773699377,-3227.213319098859,5141.884963657205,963.6483418908532
1.0,0.1,1.832595714594046,285.427252354464,-3537.4040590601035,-1962.7553551490723,3490.7439475665533,639.8459861318124,486.0657397302378,-5339.860964407904,-3015.856801227017,5283.712684928477,912.5542645085416
1.0,0.1,1.9634954084936205,232.896002569132,-3732.8418143250037,-2158.466581533822,3537.8215920044327,1213.3288680045034,469.5803495796639,-5580.98323810478,-3272.0085775298758,5335.856804921916,1701.9141476838222
1.0,0.1,2.0943951023931953,664.3655590758078,-3541.3902313464337,-2426.9895142810697,3399.1166845979656,1195.3376641141153,1114.0863385743257,-5312.719053895886,-3636.483826553239,5157.992833130628,1691.5324557333843
1.0,0.1,2.2252947962927703,1117.0990866752973,-3286.520415643747,-2554.004123617548,3287.418786035096,1114.452572843487,1771.1123017049683,-4952.568277258387,-3834.072749415924,5007.32144150419,1609.8146811385388
1.0,0.1,2.356194490192345,1594.5648984334891,-3015.8276841337793,-2669.035886237265,3260.039859065475,1004.9845536167577,2471.8873823062013,-4521.207970773774,-4015.6548217347545,4944.865145646984,1449.088484930626
1.0,0.1,2.4870941840919194,2057.3411375112214,-2613.0177123953245,-2807.955042778754,3222.902860185973,820.6163995392342,3165.4112018942583,-3897.496500732541,-4224.93442319721,4883.935089760534,1165.1116209642
1.0,0.1,2.6179938779914944,2132.179665099494,-2289.992478254249,-2838.0297991526077,2991.5179945358827,917.1018280937167,3249.0260172427866,-3441.831843575275,-4269.177552765083,4534.654990276468,1356.2008034690234
1.0,0.1,2.748893571891069,1861.3468997329887,-1361.4378717739728,-3315.965303332454,2240.6600212889334,545.4979641057602,2843.688109859402,-2120.731293445243,-5064.880722168787,3438.7939720444915,871.0679095134567
1.0,0.1,2.8797932657906435,2867.281142488625,482.6030554482836,-2924.0027455413724,2644.674044786705,-1208.2657224428838,4333.672271308213,684.4114920732039,-4440.224293933209,4008.8672406938304,-1782.7276550498084
1.0,0.1,3.010692959690218,2825.73684160508,-411.2181993807125,-2590.415733039862,2855.2370169407677,38.86750052877119,4243.285410756051,-631.8037772904777,-3919.3199834003403,4289.450457116517,72.53872122232087
1.0,0.1,3.141592653589793,2811.9541894255826,65.73224193766251,-3169.249379933812,2811.9541894255826,-65.73224193766285,4258.203339935451,75.08993398256403,-4795.003260005646,4258.203339935451,-75.08993398256456
1.0,0.1,3.272492347489368,2765.7656567774834,2162.828723000927,-2861.5697474718336,3024.4099458136657,-1783.3205636987936,4141.329597318463,3159.0652773139373,-4304.243461950475,4518.240710139032,-2591.4870528711554
1.0,0.1,3.4033920413889427,2957.867103339726,1994.4968893881296,-2326.0136165743515,3373.2940062180614,-1160.9837166866585,4437.245097620423,2942.5783620984157,-3532.6906885297085,5047.644959183776,-1693.8688967782857
1.0,0.1,3.5342917352885173,2818.872774915841,1315.2065199502224,-2477.470457359379,3107.6066068215373,-136.35647590210897,4262.076341846669,1959.2004326992935,-3784.319785169589,4687.3986445092505,-179.03917635820562
1.0,0.1,3.665191429188092,2173.1895708362777,2859.7916873242957,-2659.72853917068,3311.933219245766,-1390.0574653362664,3302.234948812839,4263.261485177783,-4006.7910853945614,4991.450097525614,-2040.975274733317
1.0,0.1,3.796091123087667,1854.997444379038,3783.978131611185,-2157.82294016331,3775.2083534671883,-1872.7807952550127,2837.849926500298,5572.170645030859,-3278.661713692565,5643.5402829836785,-2693.126617339384
1.0,0.1,3.926990816987241,1772.1434800927814,3219.457410140756,-1859.461323823297,3529.594838460941,-1023.4054944426775,2726.3333165641466,4835.146273261649,-2875.0493159147018,5346.773493769493,-1491.1559419348605
1.0,0.1,4.057890510886816,1374.7588923327553,3002.3432642501266,-1841.8448693874316,3218.819245232662,-737.0412165923451,2154.682529773271,4592.884889499548,-2885.7980422978376,4955.468184542508,-1086.5465863415131
1.0,0.1,4.1887902047863905,918.641830130671,3026.1018597801344,-1741.8789045497192,3080.002000074267,-717.4837680178787,1448.447734850451,4707.650259719139,-2740.2753471859,4801.168584474411,-1099.4325954250548
1.0,0.1,4.319689898685966,998.7392497266134,2934.491184418496,-1672.9016699725755,3093.317307742167,-200.26640756026995,1557.2450699736082,4580.579515851493,-2639.813525726081,4827.835550146769,-314.2050440945459
1.0,0.1,4.4505895925855405,823.7277503431495,3192.6812184787204,-1762.545708353292,3297.089673804909,-30.66679639597237,1242.9272799468808,4970.263981670983,-2765.181079639692,5122.599595098065,-85.8234177436209
1.0,0.1,4.581489286485115,430.0144540427798,3345.7977867139775,-1851.3605525989033,3373.3021721192295,-10.37862426087338,626.8245081156301,5182.957827800095,-2876.6698325919206,5220.433921324111,-55.049812145448755
1.0,0.1,4.71238898038469,-192.62094112999807,3497.9252968447436,-1822.1759086437407,3497.9252968447436,-192.62094112999873,-308.0632742760244,5386.237690419832,-2820.5175417097807,5386.237690419832,-308.06327427602537
1.0,0.1,4.843288674284264,-377.2667542126084,3512.030009959298,-1689.2572148452573,3531.227299243348,84.37271933126885,-591.9804660437842,5394.846384637471,-2622.0750872724616,5425.9616820512465,117.25276510605579
1.0,0.1,4.974188368183839,-463.11733064570694,3722.671208285316,-1709.01381175548,3715.6878481536687,516.1612170863086,-756.4778089032161,5681.874316973911,-2649.910393317495,5684.060008635238,739.8758324775393
1.0,0.1,5.105088062083413,-631.9649401794316,3681.5722156112306,-1757.7632014460428,3643.17172990771,825.0172184735551,-1042.0143869959186,5590.2541892935615,-2713.3809120177707,5563.483069213202,1176.6018962243543
1.0,0.1,5.235987755982989,-762.7071839615481,3556.4772687524905,-1880.5598041093792,3461.353254702327,1117.714837416654,-1271.55058443173,5360.633766274251,-2884.9765856396766,5278.220314194019,1579.121774822298
1.0,0.1,5.3668874498825625,-847.5548568640096,3568.6191797130073,-2101.8490382092155,3347.1346522804997,1500.0272346568936,-1406.0700011699641,5362.915632485021,-3187.7250015728014,5110.648213930597,2149.2258519732914
1.0,0.1,5.497787143782138,-1100.813264494463,3342.912211424674,-2383.9245482445244,3142.1884177538404,1585.4033694655682,-1809.7215012728898,5015.432624445221,-3593.4535922151967,4826.112764938619,2266.780073720298
1.0,0.1,5.6286868376817125,-1339.6507121511481,2649.228929451455,-2605.602397808414,2675.564756172757,1286.2469384748006,-2185.239458145893,4027.371225484888,-3926.849108388043,4185.375285831036,1864.838919064103
1.0,0.1,5.759586531581287,-1261.466228786278,2341.981492873949,-2728.1924998646646,2263.4525465820443,1397.4823536287035,-2098.2947502455745,3594.354556871886,-4131.974590966488,3614.3538367761357,2063.6549813366228
1.0,0.1,5.8904862254808625,-1397.5062833629563,2441.6881178861677,-3013.296014820894,2225.521041472688,1721.023175621921,-2275.353713608116,3720.497684074159,-4570.269007295584,3525.9255490739524,2566.551492103553
1.0,0.1,6.021385919380436,-1700.8197230322467,1065.9438600242988,-3666.5927033978783,1918.7522683230518,589.4181671649884,-2742.1798260621003,1681.0574695396651,-5608.142921974945,3083.8320033509644,914.0484612237195
1.0,0.1,6.152285613280012,-2160.119490900483,-1376.80950509083,-3292.003538134283,1961.9296670948154,-1646.982880800479,-3376.5384578367634,-1979.7699373349483,-4998.426394551629,3089.239871861248,-2403.5594388590835
1.5,0.1,0.0,-3370.636046159472,-327.4308584105193,-1796.0107381764458,3370.636046159472,-327.4308584105193,-5315.277846982617,-488.14846525566946,-2783.4651576099595,5315.277846982617,-488.14846525566946
1.5,0.1,0.1308996938995747,-3229.089013153954,-702.3482122786402,-1985.2418569951649,3293.138546771407,-274.8588327321503,-5094.559278574964,-1104.9228452455127,-3052.8485309642147,5195.195989394257,-430.4966534614704
1.5,0.1,0.2617993877991494,-3476.251114772042,-1794.93488383284,-1872.8862534754826,3822.364063079299,-834.0539667394355,-5439.909172420685,-2685.2141749655475,-2889.7105351766977,5949.533330968267,-1185.7656232663496
1.5,0.1,0.39269908169872414,-2726.812520759499,-2273.9649453540355,-1524.9279771632073,3389.4549872911853,-1057.3636958003924,-4348.332476011287,-3522.76650048193,-2388.2127954690677,5365.439750966135,-1590.5770706270782
1.5,0.1,0.5235987755982988,-2382.9214743789175,-2528.303794306223,-1292.0291018327387,3327.8224291887236,-998.1145771643169,-3858.973938629135,-3946.8193459070426,-2069.1141413458126,5315.379136348443,-1488.5588483888134
1.5,0.1,0.6544984694978736,-2147.36231304754,-2395.51806635313,-1177.5377638904977,3161.9160651611173,-593.2609093789645,-3526.4511400230185,-3838.6799700720853,-1906.4696576530773,5134.562095399331,-898.6621412359027
1.5,0.1,0.7853981633974483,-1564.9507013927641,-2780.9382800626386,-1029.0897502958246,3073.0075690710137,-859.8330627160788,-2629.859996042839,-4503.328666465637,-1695.8070965796458,5043.926074742743,-1324.7424011965054
1.5,0.1,0.916297857297023,-1533.2145882979069,-2296.778907136197,-897.4550095841748,2755.5191216362055,-181.80949461592377,-2566.7106158342776,-3847.4377232870756,-1510.3637020473561,4614.891991679435,-305.8632458172017
1.5,0.1,1.0471975511965976,-1315.650100299786,-2433.225846503904,-920.8862616806682,2765.060446367169,-77.22651390079295,-2193.068724966437,-4084.0142875909623,-1550.6627359092454,4633.394484955598,-142.75391572939907
1.5,0.1,1.1780972450961724,-1222.487202931143,-2322.784059482963,-920.6418561394681,2613.798249839877,240.53992901919753,-1990.1143394370554,-3936.4458089944806,-1547.2813188658627,4398.385499984591,332.2133120579342
1.5,0.1,1.3089969389957472,-1446.012350987435,-2132.4111582529395,-990.4214941519571,2434.006545912519,844.8320552067503,-2251.370469404827,-3625.693493540535,-1636.833756873525,4084.8485386824113,1236.258353110081
1.5,0.1,1.4398966328953218,-2456.0676667521125,-946.3246816157412,-1418.3418968565586,1258.809903155074,2311.5355100925904,-3757.593168677531,-1701.3166280632001,-2265.03948444268,2177.2259566826347,3503.380056996924
1.5,0.1,1.5707963267948966,-251.24380490645277,3773.019866651177,-2818.659929750186,-3773.019866651177,251.243804906453,-420.49167277988624,4494.487399889784,-4260.370026201696,-4494.487399889784,420.4916727798865
1.5,0.1,1.7016960206944713,1991.3767466781744,-1292.4671272369756,-1494.561814098682,1541.3367158131264,-1805.6394298655407,3010.1101352364176,-2277.8358743991303,-2375.140382768464,2651.246886841332,-2687.0409825618217
1.5,0.1,1.832595714594046,1180.2865672767027,-2592.2786314832006,-1107.2378059844787,2809.429521376794,-469.1381977144862,1786.1046158124004,-4310.4300100347145,-1806.1220257010655,4625.8335602217485,-609.6231976888785
1.5,0.1,1.9634954084936205,1031.1263831839447,-2804.5745168197705,-1070.0063823512196,2985.6839770115503,120.62764156421531,1649.726138694144,-4620.156484353926,-1753.7343600083052,4899.790874111777,243.90912770798946
1.5,0.1,2.0943951023931953,1191.7598456335422,-2856.9459472835856,-1086.9906689249217,3070.067690403354,396.37867211292337,1940.436191962659,-4668.620943184596,-1778.8474833754583,5013.362433419256,653.8434349298968
1.5,0.1,2.2252947962927703,1522.0345688354967,-3120.0776027987686,-1190.059867800425,3401.8799272732417,691.8716908735107,2477.6920321867237,-4974.18393029678,-1921.3030829576455,5454.608778481446,1062.4060676113666
1.5,0.1,2.356194490192345,1862.0828106600234,-3118.276452418347,-1324.5014758731638,3521.645807667953,888.2630425707353,3007.405528159567,-4899.92127929249,-2103.7658533230665,5591.324406607523,1338.210721128442
1.5,0.1,2.4870941840919194,2580.990377089829,-2667.0159507769204,-1559.1979257312612,3671.2137783077605,544.6786229439124,4071.6050915276414,-4155.394056657437,-2442.2964737946604,5759.8651237353815,818.0596211979728
1.5,0.1,2.6179938779914944,2663.6380095488103,-2252.633883440154,-1499.463290200056,3433.095124475164,619.0191637103628,4230.489582984915,-3528.880769869881,-2353.300675835572,5428.151834245313,940.8556021412478
1.5,0.1,2.748893571891069,2888.3908223836825,-2629.5930238989563,-1780.7287275544938,3674.826846802676,1324.087859693096,4560.051240767672,-3959.9913497776574,-2746.2895623793524,5728.36109041693,1913.4988964036618
1.5,0.1,2.8797932657906435,2973.6657867903696,-1699.4861936744685,-2256.074845629765,3312.199976024764,871.9362665007541,4680.699896119083,-2597.450277566395,-3437.007321074604,5193.478515310993,1297.4900280780791
1.5,0.1,3.010692959690218,3312.4726986077403,686.9125384883446,-2327.9937083740087,3194.473957438589,-1113.4003546796573,5179.534987158827,969.3365081374708,-3582.6291250028667,5008.699543937419,-1637.1086792793058
1.5,0.1,3.141592653589793,3099.509646679905,1157.3269395363247,-1801.3191253748798,3099.509646679905,-1157.3269395363252,4855.530336609606,1703.2761413011783,-2799.287928632178,4855.530336609606,-1703.276141301179
1.5,0.1,3.272492347489368,3226.0678900206512,1099.4002992380763,-1548.3171738196272,3341.968966789157,-668.9084197446477,5080.665172854689,1650.2793046327356,-2454.3729567216797,5252.604051720929,-973.001057451917
1.5,0.1,3.4033920413889427,2971.9240965521,1232.9759610365434,-1540.5620693466485,3189.775899500321,-421.77276717199504,4724.529879111844,1912.027308730601,-2459.3617338160425,5058.414509564096,-624.0782462028137
1.5,0.1,3.5342917352885173,2647.1846023557264,2115.825831317073,-1508.6690001048964,3255.3711643106217,-941.7344901790179,4267.786539913461,3299.443494705794,-2406.067912463228,5205.56299480189,-1415.0771117405825
1.5,0.1,3.665191429188092,2227.9821545170007,2441.057606552698,-1270.544119715855,3150.017948266458,-1000.0268221173762,3646.4844180735067,3903.7128539786245,-2058.099742411391,5109.804567545084,-1557.4722915885898
1.5,0.1,3.796091123087667,1921.636868539851,2392.329905442033,-1146.4030709765689,2980.8952003800696,-728.1445154328887,3160.9251415832196,3886.87035155358,-1880.2514871405072,4873.907269068978,-1159.4122705042066
1.5,0.1,3.926990816987241,1706.8452337151277,2482.0592986899346,-1039.274359347208,2962.002800606683,-548.1591222148766,2830.451967064224,4071.8414515380578,-1716.7371883489127,4880.65848203295,-877.7949225651228
1.5,0.1,4.057890510886816,1428.8840228044053,2689.640217455177,-989.3484800202198,3003.684530309848,-503.7393099166884,2382.476620173783,4426.255120097689,-1642.904930154837,4961.9441563875425,-804.3876072871938
1.5,0.1,4.1887902047863905,1184.1312619944001,2862.592230262319,-958.277826107441,3071.1432230803216,-405.8083608286838,1975.7399449133693,4713.081529367721,-1595.3932142417254,5069.518306996345,-645.4997811172177
1.5,0.1,4.319689898685966,813.9796354599116,2916.0055002280965,-920.1169043027617,3005.534319124158,-363.88786854035686,1390.9699470641629,4830.008373316283,-1546.504029567329,4994.6470316242485,-563.2755182219094
1.5,0.1,4.4505895925855405,540.5458299776233,2953.7838558330054,-859.3435553906609,2993.0396671737635,-242.36833953769394,917.8208884877944,4910.650588952598,-1456.6690284794108,4980.8737536844965,-384.4229961669024
1.5,0.1,4.581489286485115,298.86649676789114,2983.1256946148687,-828.1548115956026,2996.6145465633494,-93.06638537455723,498.04459985541405,4965.354498994638,-1409.9883749093071,4987.88306810245,-154.32505651484632
1.5,0.1,4.71238898038469,-51.3041490466116,2931.3313324244655,-824.1735270764052,2931.3313324244655,-51.30414904661214,-89.42126313236118,4909.899511131356,-1402.925797528945,4909.899511131356,-89.42126313236207
1.5,0.1,4.843288674284264,-327.2647479152501,2805.3726990456835,-809.4683070079602,2824.088968100453,41.70966353515075,-564.5053396732243,4721.9173849452545,-1381.6250834517384,4755.203459611066,56.657977997470425
1.5,0.1,4.974188368183839,-507.40545558103065,2864.5897584856475,-801.4677036323873,2898.3074249377437,251.29435195602633,-873.1525999730322,4789.40332308567,-1364.755219173298,4852.196884436939,396.18814808647096
1.5,0.1,5.105088062083413,-672.6189972110394,2887.774446893535,-859.1726739628889,2925.3558525207245,483.684512531869,-1161.8732521101465,4801.505071012139,-1446.9630879899728,4880.641904447968,764.0255240964157
1.5,0.1,5.235987755982989,-1096.8004158122915,2841.948157996917,-927.5646418030683,3009.599508969867,471.11705602367886,-1851.5136052323578,4687.015270634546,-1548.1184570855296,4984.831094911292,740.0498177335392
1.5,0.1,5.3668874498825625,-1365.7653284003468,3038.2284781823173,-982.764317056248,3241.8139647414578,766.0218246928841,-2273.4471457673935,4917.686275804468,-1616.2750758836755,5285.449766646996,1190.05083760516
1.5,0.1,5.497787143782138,-1780.4436835927145,2926.141458097937,-1123.5865626093118,3328.0582699213073,810.1306655429782,-2912.1864428697027,4680.28247102765,-1812.9021269630323,5368.6862549648795,1250.2326912994845
1.5,0.1,5.6286868376817125,-2196.6578257106435,2925.863674336968,-1210.1129131385787,3523.8787749784997,984.0031622492181,-3529.079216502244,4594.220204132978,-1929.3080379539429,5596.590841213159,1496.4726380594943
1.5,0.1,5.759586531581287,-2931.161190973731,2865.4196203322786,-1462.9178266121805,3971.169864136442,1015.9455882232469,-4587.353220193156,4381.634998392299,-2262.5469799287434,6163.5819240157725,1500.9306086221382
1.5,0.1,5.8904862254808625,-3470.517397690985,2916.7998261648227,-1690.0760506092024,4322.550959949685,1366.6621499950143,-5330.818233573079,4359.015165276838,-2572.266236223358,6593.156742715759,1987.1890741674256
1.5,0.1,6.021385919380436,-4226.011684630289,2103.4075141101403,-2210.8503259179824,4626.415752647224,937.963332281362,-6422.924203844194,3104.336309784449,-3281.104361995155,7007.529728165755,1336.1835059028724
1.5,0.1,6.152285613280012,-3845.8853247465877,-50.4589191750969,-2074.1608993259388,3806.3970320694875,-552.0160032807753,-5955.0585454920765,-0.12147598258710701,-3133.797056133214,5904.096338310863,-777.4115531292765
2.0,0.1,0.0,-3086.4327936041536,-5.403668102961019,-831.0068916681455,3086.4327936041536,-5.403668102961019,-5264.602854691864,-32.91510925062382,-1410.4327784818577,5264.602854691864,-32.91510925062382
2.0,0.1,0.1308996938995747,-2913.734846131825,-595.8042629267381,-792.4004410573763,2966.57550235151,-210.38836025886013,-5004.6084600243175,-1018.4746557917243,-1356.0970664241586,5094.73095957213,-356.52897808493503
2.0,0.1,0.2617993877991494,-2579.0810293707877,-969.8057946879844,-738.5171262221781,2742.2051840774743,-269.2451743101443,-4514.997056567549,-1674.634186510632,-1285.8552787935182,4794.57948360644,-449.00518351569895
2.0,0.1,0.39269908169872414,-2253.2436931555912,-1342.8489193367145,-663.7007446950121,2595.611763466118,-378.3516013783176,-3999.5657356995803,-2362.86864443423,-1169.650671760906,4599.347605226227,-652.4384348981534
2.0,0.1,0.5235987755982988,-1993.5859181923108,-1557.7278519638946,-628.6785309823259,2505.3599757634142,-352.23893288714294,-3573.8601200755465,-2754.3852167853784,-1122.2366759872784,4472.246261950217,-598.4375095066728
2.0,0.1,0.6544984694978736,-1684.2023394564908,-1569.182913993542,-567.1457427007826,2291.4255848328967,-219.63908343734647,-3076.7597628633007,-2845.9709360079414,-1034.029613167886,4173.474969062749,-384.84787849647796
2.0,0.1,0.7853981633974483,-1393.4003460197785,-1781.052696983636,-523.6427807682364,2244.6772732659856,-274.11160610945103,-2568.1415243853194,-3248.5598906454143,-958.8148676137296,4113.0290147056185,-481.12844082638526
2.0,0.1,0.916297857297023,-1233.1269721187743,-1792.0683319478726,-486.20442680663143,2172.4235348772086,-112.63667630421469,-2279.560629908208,-3290.4314801475157,-905.4637433282153,3998.1833923494046,-194.59072977581263
2.0,0.1,1.0471975511965976,-1106.3559053025888,-1821.4597407036526,-510.9608965100687,2130.608360071274,47.40244926714604,-2029.571378043599,-3356.2578858603183,-944.7710927382097,3921.390279828688,79.53142924938766
2.0,0.1,1.1780972450961724,-1036.322249910626,-2028.4349196377493,-495.98429445812224,2270.612860916604,181.1884784022949,-1892.5480001448082,-3670.464164725703,-917.0329366278032,4115.313481217315,343.86053669866146
2.0,0.1,1.3089969389957472,-918.7736194613037,-2234.2161347076644,-545.1802453761616,2395.8831768802306,309.20948101307533,-1694.215497241283,-4003.43558372919,-993.6147679036872,4305.517061402557,600.3211291742891
2.0,0.1,1.4398966328953218,-723.3956112371417,-2661.3693464284574,-600.015453279713,2733.0230373377517,369.82845462095656,-1356.173004176164,-4724.2570434788495,-1091.1311267122335,4860.856467792879,727.9314731702874
2.0,0.1,1.5707963267948966,-94.32543363449369,-3284.0160045431057,-597.0266451692704,3284.0160045431057,94.32543363449349,-150.50213310233192,-5749.949782599304,-1078.855446689309,5749.949782599304,150.50213310233158
2.0,0.1,1.7016960206944713,513.1794352707961,-2799.1101724044856,-627.7921207162739,2842.146754461121,-143.4319216535751,976.2767993402797,-4908.701410161111,-1124.0191403681556,4994.1364822932765,-327.21051217086335
2.0,0.1,1.832595714594046,710.0903597532445,-2417.7591145040187,-554.1351108616997,2519.1608792930606,-60.13251218070843,1303.980869397742,-4278.197954325096,-1004.712191479965,4469.916977509149,-152.26968944017312
2.0,0.1,1.9634954084936205,904.195574679188,-2263.535641940726,-596.1785670766651,2437.25491674639,30.849803905210706,1621.1655688714213,-4021.832114190138,-1073.1535375923359,4336.081577824683,41.326829962103375
2.0,0.1,2.0943951023931953,1102.1830443398694,-2179.4664019049105,-586.2298624357222,2438.5647929142524,135.2146849336575,1965.9571654691624,-3888.087371742982,-1052.5343349454733,4350.161018797474,241.47483782314816
2.0,0.1,2.2252947962927703,1314.2697761863917,-2106.3968700025657,-605.0162729831019,2471.1937398497375,239.61285166097036,2347.753301492763,-3759.9688535790897,-1078.8447941133945,4412.205504154654,426.32608841402885
2.0,0.1,2.356194490192345,1546.4144656070869,-1961.5583509671985,-666.2140352905651,2480.51136681775,293.55105650626547,2764.9961100624555,-3485.8954379039737,-1180.0701430049835,4420.047802028737,509.7528032695611
2.0,0.1,2.4870941840919194,1786.3255668481916,-1897.0443251125835,-699.7444515991087,2572.034769555067,417.5803472592813,3173.7779695472477,-3329.716370580257,-1230.76213536573,4544.930249431211,709.5679927242754
2.0,0.1,2.6179938779914944,2127.42763237741,-1648.60844542488,-776.242333785009,2666.7105970642588,364.0229784428127,3723.6343771977936,-2861.4709277921693,-1347.0564409198346,4655.497428954421,616.2893270597494
2.0,0.1,2.748893571891069,2412.069859312126,-1439.325410299212,-820.4922415883846,2779.267962309446,406.70411433290826,4178.494631968748,-2464.94003882183,-1408.451827660195,4803.717381814684,678.2669828541616
2.0,0.1,2.8797932657906435,2824.762895893005,-1020.9696432440724,-919.1179615758867,2992.7578224292442,255.07851091052623,4825.709030744952,-1726.6830627042264,-1555.1459851722007,5108.175444436741,418.86236080189815
2.0,0.1,3.010692959690218,3055.988467419748,-363.960939260313,-1012.5563158762765,3077.350497959417,-38.03933515026921,5184.3674769792215,-616.015134491396,-1709.4145141805502,5220.420604379641,-65.9507062195845
2.0,0.1,3.141592653589793,2870.7776646746593,237.97801503918745,-910.9769109640209,2870.7776646746593,-237.9780150391878,4916.94609287699,403.06232580717835,-1554.3207060724396,4916.94609287699,-403.062325807179
2.0,0.1,3.272492347489368,2609.161261564911,717.9472192092632,-879.5141939706073,2680.5504420124994,-371.2411968625062,4518.962205945177,1218.116028557717,-1508.2955459774576,4639.297904716655,-617.8519475422729
2.0,0.1,3.4033920413889427,2569.2551537275153,1137.565940200505,-899.038422374902,2776.1336376955433,-433.83215523398803,4444.10503801289,1916.9387703763357,-1547.1120654657502,4788.816093026815,-701.4016434475145
2.0,0.1,3.5342917352885173,2141.89854896141,1391.0978529539902,-735.7296795794078,2511.206331225211,-465.53774557022984,3796.4213317017,2421.7519704271594,-1299.63591452832,4434.2003215284285,-784.5795323768807
2.0,0.1,3.665191429188092,1779.7673495757483,1614.805259034875,-621.7485287220231,2348.726367076135,-508.5787017010392,3222.4959959917883,2872.49490333771,-1123.5383792423595,4227.01084779138,-876.4055605358897
2.0,0.1,3.796091123087667,1556.9334188708604,1669.034161107401,-607.6384569224629,2251.2419494523624,-376.332813831478,2858.6105810604704,3019.96890834444,-1104.0773180135695,4106.32884128186,-655.690558704915
2.0,0.1,3.926990816987241,1295.6450663371547,1815.8575179131549,-526.3078018110745,2200.1645770028604,-367.84575216706946,2407.430901631542,3318.0661682598948,-973.2124717881828,4048.5378037839428,-643.9163722205303
2.0,0.1,4.057890510886816,1062.4584771030713,1911.3824950856463,-507.53121617189703,2163.1854278340875,-320.6709573601321,1995.9933877935173,3528.0872586799164,-943.7290872298411,4014.103598557798,-564.2354198562414
2.0,0.1,4.1887902047863905,854.209619043913,1917.8862711064658,-480.2085283668307,2088.043041869565,-219.1759053041776,1623.027857262366,3576.7608798486035,-902.4492094649933,3909.079713842454,-382.7970844852707
2.0,0.1,4.319689898685966,642.9813007543005,1974.706787986025,-451.09354533881753,2070.449475250619,-161.65030798675082,1226.8273154750232,3701.195394794374,-860.3521013864248,3888.9451590807844,-282.9455108406321
2.0,0.1,4.4505895925855405,466.1479995828848,2041.3088693882257,-437.86080645347175,2092.400936503518,-78.06522066427237,882.2930320164135,3820.2675927346,-839.6643634739929,3918.449371204614,-136.52838440813275
2.0,0.1,4.581489286485115,217.8993141364592,2016.0656001250902,-433.01332038557723,2027.2594471981208,-47.11421075269115,416.06029781098056,3795.1693912708497,-836.1353101196096,3817.007957425864,-82.86816518632139
2.0,0.1,4.71238898038469,-13.805978339485579,1962.6292586892046,-446.2066449762226,1962.6292586892046,-13.80597833948594,-36.55031469521672,3721.0395893395576,-857.8463941910368,3721.0395893395576,-36.5503146952174
2.0,0.1,4.843288674284264,-222.05263258219483,1992.8171912636183,-432.9809900268011,2004.7520485390964,39.96189823815391,-434.9456025294766,3763.722549760566,-830.8283704993474,3788.2951749178774,60.03979038800367
2.0,0.1,4.974188368183839,-407.95881133365003,2028.6590353030927,-433.63909478292,2065.121664924459,130.9976424263843,-789.0359046182421,3811.0096783631643,-826.2663030872327,3885.370191953473,224.2117276902992
2.0,0.1,5.105088062083413,-668.2257405625111,1969.4142362383682,-450.90641104545824,2075.2204238901422,136.30211486946803,-1269.6771035200584,3697.7541858940203,-852.5171929494277,3902.1638005758423,242.0405750599034
2.0,0.1,5.235987755982989,-865.6068605296864,1998.3916220970173,-473.6829722559853,2163.461341710852,249.558280139707,-1637.3116277313584,3712.508879737765,-888.8974139847442,4033.7828154938907,438.3009763418768
2.0,0.1,5.3668874498825625,-1131.4339741837944,1875.3778471367382,-505.85766777044546,2176.6106422872595,244.03077541655637,-2107.7124169485305,3478.3957051432876,-938.1282798904521,4042.690874411126,445.35245376139096
2.0,0.1,5.497787143782138,-1408.5404053045208,1892.8612439844626,-499.9221546403242,2334.4434936326925,342.46654930054217,-2579.0322684555754,3443.5607557020267,-920.8160893157685,4258.616367708637,611.3139558609121
2.0,0.1,5.6286868376817125,-1750.0109203795878,1917.4706384713477,-639.3807994486649,2555.6591751873666,455.8925872704658,-3140.5017067262925,3394.5683690177793,-1141.1898330469055,4558.0098104126955,781.2758476161998
2.0,0.1,5.759586531581287,-2025.5526847322703,1558.845413148916,-627.2121529639776,2533.6027882563762,337.22338599367345,-3603.858117119593,2766.9751234549685,-1110.7428092469452,4504.520242787807,594.3416899917872
2.0,0.1,5.8904862254808625,-2395.0499048513147,1411.3178578950085,-689.38310248318,2752.8255484526426,387.341764502689,-4204.610913689641,2450.2663635814683,-1202.2017080390249,4822.230307555523,654.7160063033105
2.0,0.1,6.021385919380436,-2591.19215183998,1003.9125320002757,-696.0079783996035,2762.731103238547,299.0551635779451,-4532.838736780002,1726.8067813335997,-1210.3195970977517,4825.31648448064,494.78227364410304
2.0,0.1,6.152285613280012,-2932.4924719348537,575.9500137968253,-795.5941202415066,2982.581154527179,188.2556055114144,-5037.574164530848,941.3099738133882,-1363.439948034463,5117.342625794194,275.72156277488
2.5,0.1,0.0,-1855.2953417033013,-5.086557624596722,-400.5022402585994,1855.2953417033013,-5.086557624596722,-3696.2793849477393,-36.52571992342595,-782.8041306919665,3696.2793849477393,-36.52571992342595
2.5,0.1,0.1308996938995747,-1885.7065421007887,-322.613043144612,-353.8933325624212,1911.6835133069933,-73.71894925303661,-3744.1359574347644,-649.4976230874548,-697.7715104967594,3796.880806881188,-155.2332712064241
2.5,0.1,0.2617993877991494,-1765.759660491595,-575.8440000423792,-344.0014127804567,1854.632253307233,-99.21036234555157,-3541.8292870471537,-1171.074316835836,-681.5300690931987,3724.2407170933816,-214.47805314587504
2.5,0.1,0.39269908169872414,-1533.8969126062207,-912.8429628416877,-373.5816965510645,1766.4658407697164,-256.35999435603367,-3110.088711127332,-1824.6901214407171,-733.1374280681353,3571.6259831805555,-495.6144334404871
2.5,0.1,0.5235987755982988,-1464.7471490350822,-989.7483582688478,-309.8225586353693,1763.3824203196364,-124.77364709722326,-2970.8106464441134,-2003.896178906059,-622.9392931090447,3574.745579106902,-250.01967425715702
2.5,0.1,0.6544984694978736,-1272.5386483993766,-1138.3398409056872,-274.0022731912717,1702.550175604645,-128.4332691006897,-2613.7918753566564,-2312.6065941692295,-560.8596150256235,3481.4862101417457,-243.53848909019325
2.5,0.1,0.7853981633974483,-1060.266182695058,-1104.3947415775888,-286.7652014538259,1530.6464185227283,-31.203603229827422,-2207.8853946193703,-2304.7089941906056,-594.158476381837,3190.886093071898,-68.46462383571134
2.5,0.1,0.916297857297023,-961.488870942683,-1234.1663841671862,-273.25096430242155,1564.447362405242,11.487515755083905,-1983.91643247613,-2554.263424550486,-571.5608341075193,3234.1652223189094,19.009676169546083
2.5,0.1,1.0471975511965976,-786.1881929776796,-1384.614360581416,-278.38807056074137,1592.2053071970927,-11.448233016654967,-1632.0154944024712,-2856.4466116019216,-576.1354584885374,3289.7630774024815,-14.856428278600788
2.5,0.1,1.1780972450961724,-674.3003713519739,-1469.7953927347103,-267.6287506295764,1615.9574608810153,60.505966090734546,-1410.915542762321,-3017.5159295391245,-561.394411520512,3327.755209009506,148.76263892779457
2.5,0.1,1.3089969389957472,-508.6509728587292,-1526.7840612017667,-277.0494760726374,1606.4087149670604,96.15831845331661,-1063.0285826680147,-3152.161821450137,-580.0450111807941,3319.8865546638995,210.96724944615244
2.5,0.1,1.4398966328953218,-270.5390851684544,-1597.122338082834,-307.2285042062769,1618.771171711286,59.758288491497325,-570.8095109815387,-3327.3274684234457,-631.9933802692533,3373.367312627765,131.62277176344742
2.5,0.1,1.5707963267948966,-40.43865881056405,-1610.05813025354,-303.386858671327,1610.05813025354,40.43865881056395,-90.19104667774293,-3354.7783168701512,-628.0927405712143,3354.7783168701512,90.19104667774273
2.5,0.1,1.7016960206944713,183.9822979050882,-1656.6052851249326,-299.40494077352923,1666.4473060432567,33.822076037225116,392.9538742454422,-3403.9811694994924,-621.5330818386695,3426.15041163686,54.71660106595266
2.5,0.1,1.832595714594046,424.2816669851601,-1618.2180744160873,-303.42675971178056,1672.890806549869,9.001037026067308,892.1407118205607,-3299.9226196954623,-625.0909145919389,3418.383490249807,-7.658932889604785
2.5,0.1,1.9634954084936205,604.1600060327266,-1565.9646370207597,-297.3767476407382,1677.9647015862636,41.09765832192409,1252.949572391864,-3185.912756079155,-608.7549592404405,3422.8826306514447,61.62156351048134
2.5,0.1,2.0943951023931953,764.0462964972087,-1477.9983838062917,-296.93541292566005,1662.0072953771958,77.31568946914535,1580.145008363668,-3010.542249504805,-608.5471963850966,3397.278571419345,136.825405846291
2.5,0.1,2.2252947962927703,955.8926571425915,-1421.725020976081,-328.4333956586594,1709.8408743080672,107.13072292291304,1955.1739820950188,-2872.587240696672,-658.3059733665318,3469.2111899855217,197.57650405312506
2.5,0.1,2.356194490192345,1168.619831112525,-1310.215491081547,-340.84064397159216,1752.8012657681686,100.12325135068,2367.2950366659516,-2643.078322769107,-678.9689555182927,3542.868978732953,195.0082317414508
2.5,0.1,2.4870941840919194,1346.571715718963,-1243.8757402579758,-372.1419717842647,1825.5307417560648,167.09205151709682,2700.89031721457,-2480.071823298584,-734.38392489088,3652.5324221179426,323.37541607274625
2.5,0.1,2.6179938779914944,1476.7050819404562,-1111.266785663168,-389.80646450369903,1834.4975076896003,224.0327257959525,2939.6140140858283,-2216.5443778895756,-768.7401434055365,3654.0526024638616,449.77673282503315
2.5,0.1,2.748893571891069,1688.666524510541,-804.7560090433759,-417.01575271351686,1868.0912309894084,97.27290370092203,3318.0503248820246,-1579.638865511367,-827.603938132347,3669.980405952115,189.63312951934608
2.5,0.1,2.8797932657906435,1887.1449340552645,-571.6892661347581,-409.084615710842,1970.8060997109194,63.78037696956369,3694.13723460294,-1128.6827089388378,-791.1336789977646,3860.387141710335,134.11070671233017
2.5,0.1,3.010692959690218,2045.371641801957,-352.86443074250616,-443.8155994346833,2073.9312543789797,82.87105454196694,3953.6609941500506,-687.6642948091793,-855.7583831908754,4009.5950781912675,165.72491654345458
2.5,0.1,3.141592653589793,2028.0016248980132,42.398032288574804,-434.2260840983493,2028.0016248980132,-42.39803228857505,3924.846163923192,85.66600471808688,-839.0882066163344,3924.846163923192,-85.66600471808736
2.5,0.1,3.272492347489368,1870.7986655725758,340.6962421429006,-422.5447799436362,1899.2635068375055,-93.59331233440383,3658.875745607529,662.0103375646013,-821.810573346899,3713.9832449604723,-178.76762847431195
2.5,0.1,3.4033920413889427,1786.841318194,680.3965497492495,-415.10785703601033,1902.055762021138,-194.74403579607446,3508.8603276714202,1322.1291691713398,-819.8362623354751,3731.491020406063,-368.9188307866706
2.5,0.1,3.5342917352885173,1562.6685948902934,898.2778213167094,-372.1283756669842,1787.4735707962268,-231.8931120815895,3130.585592108582,1789.7353661841253,-739.4148253704029,3577.186026280379,-455.47663372829766
2.5,0.1,3.665191429188092,1401.2317316722324,1074.4142802644587,-341.49856391409844,1750.7094163492425,-229.8541950616792,2836.309893659099,2151.543305059363,-687.661794449058,3532.0880734436005,-445.13621269419195
2.5,0.1,3.796091123087667,1156.1922292785769,1161.6360936502153,-338.3577930364686,1624.4282154755417,-217.74264139585557,2387.395427722054,2371.299232601942,-689.4135541356272,3337.6036466253545,-427.9239148258298
2.5,0.1,3.926990816987241,976.2957578174271,1277.4287325592757,-303.59846130548675,1593.6238700715624,-212.93316847883932,2043.0445924663413,2632.433438692161,-625.622379598576,3306.0622211209047,-416.7608499219941
2.5,0.1,4.057890510886816,806.858928603723,1312.220795589708,-279.7967447241236,1532.2393457659646,-158.70518054658044,1704.4318903867088,2734.511076823064,-586.1814561198141,3207.0258901008083,-312.44813722978506
2.5,0.1,4.1887902047863905,668.1857675568031,1388.282034397022,-264.2833659332109,1536.3803931837645,-115.4751680471162,1413.758181641998,2899.969406356981,-561.0866947306683,3218.326266923822,-225.63420306842704
2.5,0.1,4.319689898685966,500.8833137910386,1383.848693720157,-256.1602913706643,1470.1892299564884,-66.82012619880624,1066.2827258127954,2936.5260585445594,-546.1635605726203,3121.045055561003,-138.6430850645737
2.5,0.1,4.4505895925855405,359.93658065764293,1401.7469815838992,-264.728723340298,1447.142053537913,-15.12677616548973,770.0981742116594,2987.408658885007,-565.1508936545487,3084.931251381274,-29.340541174519217
2.5,0.1,4.581489286485115,194.95706031152514,1403.1631298468274,-264.65882235654294,1416.605877484708,10.13963523192939,432.2739721549637,3003.731118429295,-572.4828989912211,3034.456857896557,36.51022305723154
2.5,0.1,4.71238898038469,-31.434627866113498,1277.1323645719938,-260.4187618212125,1277.1323645719938,-31.434627866113733,-69.6963891005414,2737.9912518197507,-589.3468285512758,2737.9912518197507,-69.6963891005419
2.5,0.1,4.843288674284264,-239.41226691064236,1394.6136649638145,-273.28109353641594,1413.9321233006876,-55.33045047263451,-523.3714597761472,2982.562412075373,-587.7705573554358,3025.359860940036,-129.5914296779212
2.5,0.1,4.974188368183839,-357.50752014513415,1443.8350771291693,-269.4880852406911,1487.1673448820673,28.366269147350863,-768.9654017728599,3062.1003821783356,-568.08351755943,3156.7847328394087,49.7663558283042
2.5,0.1,5.105088062083413,-534.9484940883267,1433.1035982713925,-259.67317136379984,1528.7310082674737,54.19703928531612,-1132.3329973274626,3028.6043734241166,-548.2721257070313,3231.390670678235,112.85743667986071
2.5,0.1,5.235987755982989,-705.976277236561,1349.372601746406,-246.76533405539084,1521.5790909013701,63.2929103171756,-1491.947176271285,2854.509091135698,-521.8465386376745,3218.0509763927857,135.19038981245671
2.5,0.1,5.3668874498825625,-845.5287743285609,1375.2019405134367,-264.04178971367315,1605.7463580095705,166.3668210566061,-1775.309704913168,2862.2167568903064,-550.8886807325952,3351.489297612461,333.95927861293694
2.5,0.1,5.497787143782138,-1022.1028419279152,1265.5328640904868,-273.44428372469844,1617.6027206100873,172.13101941554555,-2123.516601233783,2626.7598083632165,-568.9041431522014,3358.9526617365245,355.8466843472879
2.5,0.1,5.6286868376817125,-1243.8220521770704,1149.788019260674,-308.64437111077604,1686.736977484812,154.99727579142518,-2541.0780738420917,2360.228463821188,-631.619179731722,3452.7888302462857,325.5848161681497
2.5,0.1,5.759586531581287,-1388.9845925280845,1033.9741327852641,-305.7868101098201,1719.8830089871303,200.95556958398004,-2814.384134143023,2101.0791880824772,-626.4952389708454,3487.867750216968,412.3958851706948
2.5,0.1,5.8904862254808625,-1574.5808896850813,764.4553795432408,-328.749923769685,1747.2674647970236,103.69865927698436,-3159.023054700691,1538.7932671166172,-664.7555572771721,3507.427432129729,212.75381876190545
2.5,0.1,6.021385919380436,-1706.4814649465368,594.5683521278884,-348.45462703750496,1802.2201322213828,132.63902357184537,-3416.16300693743,1164.0927452581955,-697.802016850158,3601.0494479526837,240.25919947052762
2.5,0.1,6.152285613280012,-1887.056056791363,280.8132001272371,-353.4931392283956,1907.5655083678578,32.10056267332243,-3739.0625363486934,531.3316050420723,-703.559948889158,3776.427029230548,38.740394162218024
3.0,0.1,0.0,-1269.45525796656,-69.94622311995634,-183.70816243968594,1269.45525796656,-69.94622311995634,-2904.037806704977,-149.50842893471216,-415.49832023700253,2904.037806704977,-149.50842893471216
3.0,0.1,0.1308996938995747,-1310.4180610081967,-230.40440618932408,-188.5176732575506,1329.2810626486237,-57.38938483450636,-2969.1353266211145,-535.23505765171,-426.338780641956,3013.596156319911,-143.10611916600976
3.0,0.1,0.2617993877991494,-1229.5746547365247,-412.85171545008916,-174.11228459651937,1294.5318011222032,-80.54679635981773,-2810.384114832206,-940.3140063940956,-391.77266404867305,2957.9937715404158,-180.89265062523657
3.0,0.1,0.39269908169872414,-1148.4458438424217,-489.54446032413244,-161.84436727864014,1248.3661636958211,-12.788909740709755,-2653.173706179162,-1131.847220452331,-373.9566215925968,2884.3520625716264,-30.364860364251058
3.0,0.1,0.5235987755982988,-993.0395671449694,-687.4225652494151,-165.4257774841393,1203.708774735354,-98.80562106817473,-2312.0266372066253,-1592.4293748243558,-378.0318383698152,2798.4884894594234,-223.07097372715157
3.0,0.1,0.6544984694978736,-903.932195464223,-757.9641643116767,-153.58354740355944,1178.556974472108,-51.05434653993268,-2102.3759477958147,-1762.3294973639865,-358.4899452620085,2740.7652039312816,-118.30460713374873
3.0,0.1,0.7853981633974483,-828.8456226837725,-773.218991657639,-183.59405082797352,1132.8307526998233,39.33396801314109,-1915.7635339455817,-1826.157497857102,-419.35356513181364,2645.937736252241,63.36103575341053
3.0,0.1,0.916297857297023,-691.6256913644954,-1003.1036104666764,-209.82360898666204,1216.8506442361304,-61.94723487624367,-1599.1888004755792,-2295.936665787805,-470.6512521328615,2795.013482332132,-128.95590896486738
3.0,0.1,1.0471975511965976,-556.2134899527116,-977.8693469831744,-166.3266975099202,1124.9664410458847,-7.239661264938491,-1297.7895607036035,-2287.978736446023,-387.5223614594015,2630.3424894326786,-20.070639887444486
3.0,0.1,1.1780972450961724,-494.0869555932652,-1088.061799870867,-181.27336924291512,1194.3169190613341,40.09360135350988,-1146.2539471519885,-2525.0800423818246,-416.15648849206514,2771.5221639674555,92.69426321873323
3.0,0.1,1.3089969389957472,-357.7790863439635,-1056.091591594224,-172.15671209237857,1112.706184732785,72.2514423285225,-855.4451340498731,-2475.1708296646907,-412.69134596256765,2612.236921582851,185.67519735265728
3.0,0.1,1.4398966328953218,-141.73374453499486,-1140.4592319634055,-193.8186148036727,1149.2024111196833,-8.338608227898987,-321.81245555528255,-2669.0242312012406,-447.4792801006434,2688.1953133392703,-29.318264455376266
3.0,0.1,1.5707963267948966,-26.374562426572744,-1179.4100155979322,-181.14153485061624,1179.4100155979322,26.374562426572673,-51.73738819711421,-2751.0422365702084,-414.31240994093463,2751.0422365702084,51.737388197114036
3.0,0.1,1.7016960206944713,-333.36891428113023,-1055.7711380106077,-349.14246215522735,1003.2254945817482,468.32268350614805,-664.0706956332647,-2504.990050331952,-754.492112678012,2396.8808939282053,985.356291593477
3.0,0.1,1.832595714594046,395.4976476150516,-1088.5621331025068,-198.0143180406882,1153.8326013800506,-100.28078024359775,863.260895871947,-2543.7624282064608,-449.09338410736615,2680.5141860923363,-175.4718315120865
3.0,0.1,1.9634954084936205,435.2494235820648,-1082.1935001243178,-173.92783803303,1166.3791683329193,12.019489125958728,1016.1770701445489,-2501.9539716636687,-403.4084254708693,2700.378194799004,18.631136981885675
3.0,0.1,2.0943951023931953,580.2977486917924,-1084.2742614829356,-173.0821167088121,1229.1579294597295,39.58453861545729,1338.1525943890072,-2486.451625774299,-397.9177756895874,2822.4065703961646,84.35167200621481
3.0,0.1,2.2252947962927703,747.1902610366476,-1016.1099328486654,-192.7583715302705,1260.9948203786598,25.78264532440437,1712.6336124844452,-2308.6325239086977,-435.48215254573637,2874.1466096523486,46.68283715108896
3.0,0.1,2.356194490192345,874.6756013356807,-1005.9232855622936,-195.5154743884442,1329.7842256174308,92.8061275316685,1978.5554165903065,-2259.509887175597,-432.87823678793364,2996.764715404296,198.66481135553522
3.0,0.1,2.4870941840919194,1019.6076019179794,-868.6680147464708,-188.62385450381862,1337.7206787591952,68.46289033152425,2286.5165450900063,-1953.6343300464061,-416.7882042598725,3003.312765197876,157.97924200886996
3.0,0.1,2.6179938779914944,1169.2898356236783,-883.1138266976799,-234.8949911740984,1454.1916153858758,180.15409054164002,2570.488252968245,-1915.5089275180067,-506.78602724377515,3183.8625909589837,373.63526592235667
3.0,0.1,2.748893571891069,1395.8296507977072,-608.3299477057142,-266.3577041107038,1522.3762376428767,27.86270593473921,3036.163551837766,-1342.348365555532,-573.1676489701255,3318.7438428601426,78.27869119767593
3.0,0.1,2.8797932657906435,1328.5769204710314,-366.9237080324923,-224.4273949517761,1378.2736034330126,10.560075964773603,2935.41354247822,-837.307261228973,-490.44299073474815,3052.102817327085,49.035778115210974
3.0,0.1,3.010692959690218,1361.7905328020365,-210.88138217531645,-222.5533959011324,1377.665769839528,31.32792986915851,3005.7573491087196,-469.6873212734501,-492.0763289405111,3041.349175890266,73.33901961239337
3.0,0.1,3.141592653589793,1354.524479127033,3.988970366386609,-228.16728733750415,1354.524479127033,-3.9889703663867753,3019.458640940195,12.868212415855577,-506.1379149052369,3019.458640940195,-12.868212415855947
3.0,0.1,3.272492347489368,1237.9578990937216,133.4943694426005,-236.7986479617192,1244.7915093797478,29.2336240912353,2821.7379060169906,293.8807250121989,-536.5038473551872,2835.9566790669514,76.9441696452256
3.0,0.1,3.4033920413889427,1156.4200790970535,519.7535845836296,-234.32774181055856,1251.5381468896385,-202.73987004636666,2643.47467682153,1173.5285224023078,-522.3931584853015,2857.1319930518016,-449.35991606759535
3.0,0.1,3.5342917352885173,1142.145675792096,658.3615943018133,-201.74337426764504,1307.14908765536,-171.16657449388055,2584.417491196182,1463.500026916051,-449.1503048957171,2947.7476371469565,-363.0839645021281
3.0,0.1,3.665191429188092,1045.5789863508132,722.8309391957163,-196.5996619253263,1266.9134334408452,-103.20046280944905,2377.3482052674135,1632.910804430273,-446.2574103647164,2875.299341618059,-225.46813611699395
3.0,0.1,3.796091123087667,893.991133059159,827.8667480073394,-176.32375348052352,1213.2241961489804,-112.56353016544597,2066.030274227841,1897.2458823715995,-407.09445074929044,2794.0621337349203,-247.46681601908085
3.0,0.1,3.926990816987241,754.6592914388822,897.5041037876913,-188.74448883010862,1168.2559403929001,-101.00653546916351,1756.4034729034297,2085.0045172150963,-434.16756724225746,2716.2856391169953,-232.35602673776225
3.0,0.1,4.057890510886816,645.9918105258399,957.0964123368472,-153.0461445691641,1152.570533411836,-70.14361899184132,1520.7569160635353,2229.8517863073803,-361.8441162607566,2694.8385164190704,-150.95018078012663
3.0,0.1,4.1887902047863905,517.292886475778,996.4587711932946,-165.39442768413517,1121.6050529151075,-50.24060471164444,1222.552840151829,2341.8682135423733,-393.29848408859607,2639.3937853188904,-112.172289730888
3.0,0.1,4.319689898685966,371.2638768666162,1018.423962632869,-154.56548064345762,1082.977589208034,-46.73088062534458,881.8425910698556,2416.5767402245992,-369.49387752705,2570.0923385926885,-110.0675607366287
3.0,0.1,4.4505895925855405,284.43808869238035,1025.7919682247853,-161.59071447329487,1064.4569490143633,9.251598158496677,670.5609240024984,2451.7336015876067,-383.4711710565911,2541.7467429875733,13.156764985606173
3.0,0.1,4.581489286485115,188.92101186531337,1073.1406876154358,-167.59327518333671,1088.6189605766199,47.231798748554866,455.53067581312735,2545.9419170874717,-398.8485108284209,2583.619715605876,119.3214436822181
3.0,0.1,4.71238898038469,-9.244338114497117,1091.2325868011126,-198.30570859670556,1091.2325868011126,-9.244338114497317,4.1834096129706575,2589.3298503578803,-497.5528864948862,2589.3298503578803,4.183409612970181
3.0,0.1,4.843288674284264,-232.719742975506,1044.787068632036,-171.1811122589696,1066.2247923300606,-94.35671556401033,-563.8751528356507,2487.0689237546503,-411.0123116380694,2539.3921809261783,-234.42348632876246
3.0,0.1,4.974188368183839,-316.6398561475688,1046.442366968115,-148.7632895921455,1092.7381331870781,-35.01140051188355,-749.3738278616459,2493.815431705206,-353.63577402063515,2602.7929500342525,-78.39260518079152
3.0,0.1,5.105088062083413,-397.5777412204557,1028.8076393154665,-146.15356484882594,1102.6407354970172,26.393700961019306,-947.2242475750054,2447.962125911957,-347.0544648143838,2624.1091307743172,61.673453610776846
3.0,0.1,5.235987755982989,-528.2729571466439,986.6916087479976,-150.40830146568635,1118.636477450024,35.84800335267727,-1255.3541461410964,2344.679089981678,-352.6167758036609,2658.228728716861,85.1709636865271
3.0,0.1,5.3668874498825625,-633.7079722566317,973.7374683191166,-158.03049344065803,1158.2948438228677,90.019476134294,-1495.6859554581022,2287.646256815473,-365.3940733910185,2725.4277188422443,206.0233555760624
3.0,0.1,5.497787143782138,-749.3501571381436,896.2859691193835,-154.61107052004107,1163.640464242259,103.899309051086,-1763.4849614247591,2099.583243075481,-361.6670571128093,2731.60172358826,237.65737410037082
3.0,0.1,5.6286868376817125,-871.9156016817307,852.5567282181792,-175.45903762659944,1210.7408072273415,145.59014046488983,-2029.6151510467425,1961.5140570957328,-407.3121617779614,2804.2960600069246,320.62230953614585
3.0,0.1,5.759586531581287,-931.3053686704955,678.5540990856325,-189.74546299954613,1145.8111574922975,121.99240331497259,-2184.7920636399986,1592.816328905084,-440.1039138026103,2688.4935935514086,287.023372574472
3.0,0.1,5.8904862254808625,-956.3158096190595,477.47391844938556,-208.71564729175236,1066.2419611010291,75.16216411332942,-2215.1388024263765,1118.6649200872744,-508.5390654826446,2474.6159325187095,185.81470332938738
3.0,0.1,6.021385919380436,-1137.998630653228,294.651393510877,-190.95418977847618,1175.48365993616,-9.92432816942636,-2640.963801238042,674.871446006392,-445.637655488689,2725.644725132706,-31.655970064133157
3.0,0.1,6.152285613280012,-1237.7377477413052,165.91429120195113,-210.87714882257492,1248.80489039199,2.937676260957005,-2828.2341456216723,362.9592143561582,-479.98045951754733,2851.4138946196467,-9.304585773039605
0.5,0.3,0.0,-1197.2096481261215,-237.1637414488471,-5225.49042513136,1197.2096481261215,-237.1637414488471,-1863.8696707905451,-322.7490149377417,-7744.753096964362,1863.8696707905451,-322.7490149377417
0.5,0.3,0.1308996938995747,-1277.3903312848258,-538.5666449587566,-5168.238591470366,1336.7591333441248,-367.226236730374,-1981.604488233354,-780.6076142143672,-7661.890663940595,2066.5413266356186,-515.2781195268406
0.5,0.3,0.2617993877991494,-1328.473350857044,-810.802210864868,-5095.451374717967,1493.0577731126555,-439.34059137368496,-2054.960410026414,-1195.5782098449722,-7557.267685862466,2294.3777426635434,-622.9769791911889
0.5,0.3,0.39269908169872414,-1325.3140123545493,-1072.0495737418655,-5017.206644437381,1634.686100709847,-483.268943808171,-2046.933974904398,-1594.8361945588722,-7445.601282640719,2501.4377928100125,-690.1087985199988
0.5,0.3,0.5235987755982988,-1282.995708645132,-1334.7697975009055,-4920.146851856369,1778.4917753835553,-514.4466985174292,-1980.1901658719014,-1998.6789233928362,-7306.284316257824,2714.234449665606,-740.8116387307775
0.5,0.3,0.6544984694978736,-1218.0792836269902,-1522.8339249241776,-4788.2074734560565,1893.4098246848287,-466.6256957007231,-1879.5831228091808,-2293.9430801643875,-7113.8838851698365,2887.6376163812333,-675.6896973043908
0.5,0.3,0.7853981633974483,-1156.6344408937664,-1589.2820263091555,-4697.519188812516,1941.6561545309944,-305.92804151120777,-1781.4562876967443,-2402.754819264576,-6977.3869064232495,2958.6840476484203,-439.3244048128579
0.5,0.3,0.916297857297023,-1082.1424092876591,-1633.7599097759257,-4681.092912288602,1954.9154411235331,-136.04872225318172,-1661.73621612686,-2472.0345939219983,-6949.775897369239,2972.797815968436,-186.53533420778604
0.5,0.3,1.0471975511965976,-995.239510682549,-1682.495378401788,-4719.797269641634,1954.703494787135,20.65500990018745,-1519.9920913947533,-2541.6952990247196,-7000.51349841006,2961.168743332269,45.50411518693454
0.5,0.3,1.1780972450961724,-903.5247006875567,-1800.0757867792126,-4790.2724506709055,2008.8171100602203,145.88879748166153,-1368.256081026997,-2708.648640015347,-7099.316050487546,3026.073972716529,227.54882986284156
0.5,0.3,1.3089969389957472,-789.0431101364137,-1900.9769305172467,-4877.798350082425,2040.422096676558,270.148084217817,-1180.7751584088105,-2849.240279077049,-7220.273746927408,3057.76186984374,403.1035722492744
0.5,0.3,1.4398966328953218,-632.5662925516204,-1947.9045358684239,-4964.9958319980215,2013.8064120270042,372.90203835351406,-931.8910251768773,-2912.1566340223353,-7338.792216088456,3008.8789173974747,543.8058516846891
0.5,0.3,1.5707963267948966,-414.8799625817886,-1940.787737928565,-5021.752281029057,1940.787737928565,414.8799625817885,-596.7577709132554,-2901.3993698998856,-7412.847875030721,2901.3993698998856,596.7577709132552
0.5,0.3,1.7016960206944713,-231.9041450574016,-1900.340686187822,-5015.063482743354,1853.8134431661078,477.96440663738395,-319.0056698324854,-2847.555206200792,-7393.331309731277,2781.555381286175,687.9570703063013
0.5,0.3,1.832595714594046,-154.74803220384564,-1840.0318894223053,-5044.550363512232,1737.2825852619824,625.7104174515748,-200.00627294172133,-2763.9886220645762,-7430.905635999328,2618.042561044019,908.5641202912145
0.5,0.3,1.9634954084936205,-49.39902830811434,-1725.3349507801172,-5170.469100766657,1575.0974580436693,705.8958521238005,-35.18815162236686,-2594.26921227099,-7615.859855147083,2383.326304399916,1025.2934597017481
0.5,0.3,2.0943951023931953,162.8742694723171,-1530.0833993950152,-5299.548732508278,1406.528228521093,623.9884447116484,290.0719980291887,-2302.2928220401323,-7805.917894587599,2138.880069851915,899.9366918002786
0.5,0.3,2.2252947962927703,397.03151073217066,-1328.5720697258705,-5344.069383038834,1295.7245591694666,493.7971564671516,646.8881947512263,-2001.4790961075473,-7871.626966320957,1981.6807082656328,705.2123645766607
0.5,0.3,2.356194490192345,600.8413644545706,-1101.3994313994572,-5345.858324135239,1203.6660099607684,353.948003514359,955.3651846379847,-1664.568659199201,-7871.543055839715,1852.5729872374113,501.48258610329697
0.5,0.3,2.4870941840919194,763.783807213413,-889.5461803683942,-5303.415170278052,1147.4718386434308,240.76231160561633,1199.2615758975514,-1355.0398057380178,-7802.281828473362,1776.3341456260282,344.96116541119875
0.5,0.3,2.6179938779914944,866.2461056846523,-764.5524041349046,-5278.568500226739,1132.4673355197008,228.998751662968,1349.5314150422141,-1179.6782434299196,-7763.371840248493,1758.567610346678,346.8656195810065
0.5,0.3,2.748893571891069,983.0003283817096,-629.0599969738246,-5354.419426378548,1148.9047226492514,204.99771624460539,1523.0332016591858,-982.2902122692944,-7886.949855217466,1783.0053923579032,324.67824888483904
0.5,0.3,2.8797932657906435,1153.3143722381758,-380.07377749345403,-5448.439446161377,1212.386470134582,68.6233530504739,1778.0037378255406,-605.4006568208392,-8032.995968963012,1874.1089495069957,124.5909000628942
0.5,0.3,3.010692959690218,1325.116094265099,-67.8023804229662,-5497.189801811813,1322.6295289229313,-105.74003637466878,2033.8961345246262,-128.02519427927825,-8103.720759805818,2033.2065122600034,-138.54679681600794
0.5,0.3,3.141592653589793,1415.4106233798036,232.9382416839305,-5516.352860634377,1415.4106233798036,-232.93824168393067,2164.7159411770544,335.0596678086921,-8125.328513358541,2164.7159411770544,-335.0596678086924
0.5,0.3,3.272492347489368,1382.061231758387,553.8986370249524,-5531.678386554717,1442.5357862975552,-368.7647674039697,2107.137660508376,824.0020088544937,-8136.803047016626,2196.664650315712,-541.9159021308583
0.5,0.3,3.4033920413889427,1321.9154881641305,898.7908787973959,-5496.1389065554995,1509.4965071864524,-526.0284179105796,2008.542682798418,1339.1631404189548,-8070.945364561872,2286.7041757586508,-773.6831637355007
0.5,0.3,3.5342917352885173,1315.0058963462923,1172.9144682143005,-5422.290330619943,1663.7619673329207,-580.4007005754222,1991.844617279862,1742.8431049169533,-7951.4609074475175,2507.1816553110916,-847.9311381326083
0.5,0.3,3.665191429188092,1298.4460141558204,1407.093544798538,-5387.251213586191,1828.0340061008583,-569.3557482187214,1965.3334234034755,2084.6161154849224,-7895.707364721529,2744.336729316509,-822.6638014466411
0.5,0.3,3.796091123087667,1181.0466075111947,1715.354661887417,-5357.278756669831,1981.2290263359926,-641.9067302781082,1791.7422707100336,2536.441554178074,-7853.591551857208,2965.5725005273525,-921.5507943278969
0.5,0.3,3.926990816987241,1022.2135545795148,2036.1994167230916,-5268.557859734356,2162.6245516769704,-716.9962791490121,1553.54176521774,3011.1819960321614,-7731.049817411577,3227.747125823168,-1030.7072917392036
0.5,0.3,4.057890510886816,861.8538155505737,2280.0671041496603,-5149.989516406494,2333.5622135164817,-704.2623051481297,1308.9713646407438,3378.7290367667756,-7568.960375349646,3477.377245728103,-1018.3631121720912
0.5,0.3,4.1887902047863905,701.8176855095145,2443.917319092053,-5033.905797932617,2467.403325837235,-614.1667150695902,1061.3171172514685,3631.353676886363,-7410.2783045600445,3675.5030929353525,-896.5492534321437
0.5,0.3,4.319689898685966,543.254718836751,2537.555717182772,-4936.375358331349,2552.2903701651417,-469.17861599571137,812.7693258068042,3780.105987216287,-7276.878506982485,3803.395907633307,-695.6829891258496
0.5,0.3,4.4505895925855405,403.96436800628226,2564.7840567918747,-4867.375808802748,2581.9448312925497,-273.61534451523266,590.8351691493459,3828.815148200027,-7181.776399893657,3851.2708300254326,-420.26733156997363
0.5,0.3,4.581489286485115,260.66276121871283,2531.7164515326594,-4857.818000726825,2544.0805840030357,-72.02255303761757,364.52993226178427,3784.4845678057472,-7168.865553165447,3799.688481707858,-132.56303199334275
0.5,0.3,4.71238898038469,59.82527330556461,2477.6953383946848,-4882.7743986253545,2477.6953383946848,59.82527330556415,57.961624356782494,3706.0336904923306,-7204.093652206011,3706.0336904923306,57.96162435678181
0.5,0.3,4.843288674284264,-160.92020814442003,2432.7387686608713,-4891.713976134645,2432.930653274021,157.99261468341044,-275.10097522479884,3640.4733784673085,-7217.068198575749,3645.2365068216836,202.4296797242526
0.5,0.3,4.974188368183839,-346.33468757772386,2375.2634807791665,-4900.648256497206,2383.966353450611,280.2298066910731,-556.6326889477248,3556.1937940962757,-7231.5394819460635,3579.086570032801,382.7447919761697
0.5,0.3,5.105088062083413,-494.3898138741784,2296.26384584821,-4933.960763018688,2310.665959324522,421.98550002463503,-784.6739374786773,3438.192280728732,-7281.572963379438,3476.757192685346,590.7950325888341
0.5,0.3,5.235987755982989,-637.954576785984,2171.44826626134,-5005.974334455914,2199.506649978988,533.2392631734577,-1007.7476817301327,3250.2595057488998,-7386.905980105983,3318.6811417354675,752.3946598912802
0.5,0.3,5.3668874498825625,-794.054638278409,1906.2134970561742,-5075.908593026976,1995.69068150712,530.4633528117013,-1247.7148249685004,2857.747425799605,-7487.79476941149,3026.764125809986,749.8076825561039
0.5,0.3,5.497787143782138,-888.9230869661122,1632.351968842631,-5126.517321004365,1782.8106891988537,525.683603704819,-1395.256875384693,2453.029331000317,-7561.95640976263,2721.149272481495,747.9580763181534
0.5,0.3,5.6286868376817125,-962.4310302279408,1329.9118177786086,-5184.2043274043235,1573.1468912777627,469.1990936435503,-1510.014207022466,2006.9561272092685,-7649.715835582941,2419.7322949862164,672.9869408489666
0.5,0.3,5.759586531581287,-1049.8628396477518,990.1637566680733,-5208.674194962,1404.2897679582584,332.5755473573082,-1643.920943789298,1507.0575423306086,-7691.095297117085,2177.206070300127,483.18964472859886
0.5,0.3,5.8904862254808625,-1077.424049509028,692.7465263890462,-5211.295128311746,1260.5126456543717,227.70200357032076,-1686.1208765842468,1069.8903395413201,-7700.5939074481175,1967.2018746060987,343.19926230008366
0.5,0.3,6.021385919380436,-1093.850005431013,404.909157072776,-5232.01936227881,1161.3761717190955,108.00299822648839,-1710.4230368909384,643.8825464888894,-7740.523785821528,1818.7908510531713,179.25272362092198
0.5,0.3,6.152285613280012,-1134.8071297365623,86.87149627833591,-5245.514012451192,1136.4377030493474,-61.99375496366942,-1771.3326110513044,167.21694498684792,-7769.829437652601,1778.004806114473,-65.41892003389108
1.0,0.3,0.0,-2040.8882589454488,-708.8604705026964,-4381.054411658754,2040.8882589454488,-708.8604705026964,-3201.981528870844,-1030.3145265611968,-6550.065162742198,3201.981528870844,-1030.3145265611968
1.0,0.3,0.1308996938995747,-2158.308858394348,-890.4484264393875,-4152.931466291871,2256.071069384121,-601.1146797907054,-3390.9667640794137,-1309.2109510291518,-6254.487928486492,3532.8428935865404,-855.400490192136
1.0,0.3,0.2617993877991494,-2008.9600342252618,-1308.7809310383836,-4034.5786362431013,2279.243811860493,-744.2281845373172,-3170.538127216885,-1971.458521793452,-6117.402729701511,3572.7556723827734,-1083.6870511105567
1.0,0.3,0.39269908169872414,-1854.718085170655,-1593.2929650626875,-3719.729655486635,2323.262898101034,-762.2408768129243,-2949.2628725702834,-2439.629378365177,-5672.132144124372,3658.369348174624,-1125.2896105627003
1.0,0.3,0.5235987755982988,-1747.6358571021324,-1755.7556460427018,-3574.340703739241,2391.3748718363886,-646.7110637598727,-2790.252109683515,-2706.3952269854462,-5468.401389900808,3769.626823441771,-948.6809644085915
1.0,0.3,0.6544984694978736,-1628.9521744553922,-1993.4983358095344,-3473.283881636944,2505.899544412775,-589.9053100711852,-2599.941375481251,-3078.0764052592694,-5326.014163244161,3936.4863658630975,-859.2581707072143
1.0,0.3,0.7853981633974483,-1504.2187514173522,-2238.5959400655124,-3359.4640617354858,2646.5696490721693,-519.2830900418264,-2402.7715068239922,-3454.7452994710334,-5163.969673433863,4141.889854645382,-743.8578024112542
1.0,0.3,0.916297857297023,-1314.710563519021,-2544.18375085777,-3220.687746644784,2818.781758438395,-505.77091874895564,-2106.5024305739457,-3931.404373356908,-4975.938418774878,4401.350221484811,-722.0866047084398
1.0,0.3,1.0471975511965976,-1169.9654423505394,-2644.506697485671,-2987.422564289496,2875.1927016759505,-309.0335541173704,-1866.8180617871567,-4120.340346331053,-4654.925033001161,4501.728443054242,-443.45830741422174
1.0,0.3,1.1780972450961724,-1028.637832215099,-2641.558894488699,-2915.073922032239,2834.12485283391,-60.54338498715845,-1637.239426614819,-4143.34010232708,-4564.700016782572,4454.4915201536205,-72.97561574450333
1.0,0.3,1.3089969389957472,-879.1151053496873,-2663.476725018994,-2892.4620298363247,2800.252688517481,159.80148191589285,-1394.4151873791734,-4191.615090933413,-4543.898192532371,4409.690477469515,262.03182678655253
1.0,0.3,1.4398966328953218,-680.9411535975934,-2726.9940800082013,-2969.8526764135104,2792.5449235259557,319.17145416219495,-1065.4408704020334,-4286.380317545602,-4665.387010666329,4388.777679573624,496.8409748015324
1.0,0.3,1.5707963267948966,-485.5275585495333,-2786.970494332226,-3071.8784466352718,2786.970494332226,485.5275585495331,-731.9625530864331,-4358.571681666175,-4798.786410685307,4358.571681666175,731.9625530864329
1.0,0.3,1.7016960206944713,-124.09295575541421,-2754.4243470813644,-3315.0668674437547,2714.662483960646,482.5558450991253,-163.4662389562768,-4286.865138601981,-5130.787786667811,4228.8537873419655,721.6159457239044
1.0,0.3,1.832595714594046,192.16432595742916,-2801.481717701068,-3337.6453194535375,2755.759330351194,539.4603377138482,331.1658190987489,-4351.5563616224645,-5143.672611690998,4288.992695313363,806.38404477327
1.0,0.3,1.9634954084936205,383.2450395241664,-2858.139117065216,-3543.146502250854,2787.2377584884366,739.6902395425866,647.1487950916284,-4399.970126932906,-5410.1370560528,4312.695466090997,1085.908144204047
1.0,0.3,2.0943951023931953,682.4895776612054,-2770.715711611183,-3815.822812963509,2740.7549817505655,794.3045437328743,1112.4738454297703,-4235.923849140727,-5766.30524762367,4224.654584567117,1154.5313133824184
1.0,0.3,2.2252947962927703,1005.0734206498731,-2585.1494713708908,-4024.854299832411,2662.7869000777164,776.3609308823676,1603.4477970635658,-3941.4635044432252,-6046.864269354276,4103.090409167332,1127.3102895675752
1.0,0.3,2.356194490192345,1333.070122561097,-2335.6620383776985,-4212.8368789406495,2594.1853893569987,708.939542436731,2098.3035335189697,-3550.368376826853,-6304.227347270403,3994.2142125035007,1026.7648974255853
1.0,0.3,2.4870941840919194,1628.2909676504512,-2001.4453997565197,-4391.039860962467,2510.2128397902425,596.6126569984796,2540.398638891975,-3032.023253264141,-6547.371925468698,3861.2125542810054,858.9690701541153
1.0,0.3,2.6179938779914944,1775.9492334158133,-1631.954887558901,-4509.124497446009,2353.9945957490445,525.339773748279,2751.298223600845,-2474.522950732417,-6706.723655230438,3619.955630391539,767.3506257814797
1.0,0.3,2.748893571891069,1844.110116787121,-1054.9508520259096,-4804.113457117415,2107.4478056263706,268.9371108407988,2844.76673983822,-1616.3092584670073,-7149.125357599009,3246.7565404990196,404.62994182682655
1.0,0.3,2.8797932657906435,2165.415736857498,-269.55379451028784,-4582.479068893111,2161.3966405823444,-300.08186157172605,3334.8509866939044,-436.281548407049,-6839.679834029902,3334.1366686277856,-441.70733279556345
1.0,0.3,3.010692959690218,2225.20278879325,-81.70898409333114,-4357.650018600395,2216.8310330276113,-209.4372945312159,3428.1941962275496,-153.55629107812948,-6512.639492268667,3418.9086376071864,-295.2265389034312
1.0,0.3,3.141592653589793,2248.417333576669,386.4024520740962,-4593.4785003948655,2248.417333576669,-386.40245207409646,3446.637977676395,542.49383244683,-6868.848718806056,3446.637977676395,-542.4938324468304
1.0,0.3,3.272492347489368,2238.904621474274,1179.283363907763,-4349.28672418131,2373.677849106079,-876.9587362650595,3442.9475067920794,1747.5760821902993,-6526.8068168073305,3641.597065211915,-1283.2304984722568
1.0,0.3,3.4033920413889427,2246.504767391603,1402.0412560050509,-3957.5440205945974,2532.831952778631,-772.8296399834867,3476.3160107395074,2119.9128228339473,-5969.921630955067,3906.537227621948,-1147.941754682468
1.0,0.3,3.5342917352885173,2125.870707888535,1492.842797816716,-3964.594450590592,2535.3346416335025,-565.6714069005617,3308.4074089112883,2262.3076570261887,-5987.424111953718,3922.3175495584446,-824.0270376657954
1.0,0.3,3.665191429188092,1832.2352597977863,2116.3076136274667,-3963.8928725151673,2644.9160875081966,-916.6585257249163,2867.8883865562198,3192.292231490424,-5995.72511113893,4079.810313721264,-1330.6619754963128
1.0,0.3,3.796091123087667,1598.1172644074845,2544.887168403362,-3542.5566563837037,2817.1008191979563,-1046.1225861129028,2507.308478262022,3884.2676150456114,-5419.0209505547155,4353.773860357171,-1555.2439947890357
1.0,0.3,3.926990816987241,1439.2594832935015,2537.1369348542735,-3237.072717298537,2811.7368719581896,-776.3165909104288,2266.6147407456037,3933.047149590598,-4996.44643668644,4383.822963720538,-1178.345656683331
1.0,0.3,4.057890510886816,1204.30164405916,2545.5093663167654,-3130.530830660655,2752.6207483050366,-594.1711873615172,1911.7640322865661,3988.480534019269,-4859.438207651916,4328.082558573,-911.3287285998488
1.0,0.3,4.1887902047863905,943.9078651994133,2606.760929653369,-3013.3255783404416,2729.4751192722642,-485.9322747320565,1503.9570315167332,4116.194984139776,-4693.3779761775495,4316.707938953497,-755.6324965761657
1.0,0.3,4.319689898685966,807.2968722258702,2639.1769866330233,-2943.890480824533,2747.220738626061,-264.1242509538183,1281.5922975806884,4179.543533439851,-4593.306546557277,4351.83886511582,-415.4051723371638
1.0,0.3,4.4505895925855405,596.9270763678504,2750.833800878947,-2981.69891411416,2811.597507999262,-135.38089810429278,938.252461145805,4347.664846085248,-4648.593435581956,4442.359364941675,-218.9761800895676
1.0,0.3,4.581489286485115,307.3129323438127,2833.093927422325,-3022.5905872448843,2848.9688030110274,-65.10913494219687,472.6479107184878,4462.542522611067,-4700.89409621136,4486.057784751711,-113.87434077557401
1.0,0.3,4.71238898038469,-23.01219995778636,2888.1081725472022,-2994.003888235871,2888.1081725472022,-23.01219995778689,-49.9979690613759,4539.214736877624,-4652.708575959377,4539.214736877624,-49.99796906137673
1.0,0.3,4.843288674284264,-209.59699818808315,2905.14159450725,-2928.831367799583,2907.645603511775,171.39320337816866,-352.4814139941016,4563.395370975249,-4551.869036325634,4570.362947767434,246.17673473378068
1.0,0.3,4.974188368183839,-376.0921611966402,2954.2386112231256,-2978.8275208665164,2950.915185632225,401.33608479705896,-630.9025835422626,4623.16399254966,-4619.044350121435,4628.92310379852,587.1577905880902
1.0,0.3,5.105088062083413,-561.4852713095327,2941.3643580733933,-3078.189396218591,2932.3374389293836,606.8666584144393,-938.6861313540668,4576.541426568114,-4747.042208729418,4587.392584356368,884.1336772698837
1.0,0.3,5.235987755982989,-745.0563721371676,2871.644823060211,-3250.0939211549608,2859.4455534847957,790.5846660078462,-1230.4801437187134,4434.376426258318,-4973.682833278558,4455.5227069419125,1151.5611498164267
1.0,0.3,5.3668874498825625,-899.7183704632582,2807.4417623167747,-3515.3028038209422,2775.0071407157366,995.2676845583052,-1469.7202037065713,4301.529830023896,-5328.412399364699,4307.342030463248,1452.5980133448586
1.0,0.3,5.497787143782138,-1120.3063101037046,2581.9051341731665,-3837.6994861817498,2617.8588176346175,1033.5064398737995,-1809.3911747417467,3935.3284348575116,-5766.584465801896,4062.130191962972,1503.2646530050056
1.0,0.3,5.6286868376817125,-1327.0981407000475,2231.650499366663,-4120.7261840781985,2411.4004898611456,962.6012174677671,-2123.7289363114287,3401.0350422094593,-6148.036454377817,3755.2863978999894,1405.3782490882995
1.0,0.3,5.759586531581287,-1442.630226350444,1925.5336997266136,-4366.229795734625,2212.1212741500867,946.2459866310614,-2300.9554007747233,2947.049260038449,-6490.458817346864,3466.21046006514,1401.7418250100657
1.0,0.3,5.8904862254808625,-1576.2114044082757,1571.30647419171,-4699.992409266309,2057.5424102848474,848.5079004362384,-2499.1432215613477,2411.620678510597,-6977.421638799661,3231.7945500299106,1271.6662790578785
1.0,0.3,6.021385919380436,-1752.083763276543,741.6635953611715,-5125.031215279739,1884.3396203092361,262.9193746268933,-2756.5412039883367,1156.7014183272397,-7603.559101667515,2961.990696722485,403.8424110654596
1.0,0.3,6.152285613280012,-1956.7276751052225,-308.28106856351167,-4868.21379264312,1899.7488445778718,-561.0478939292001,-3062.2999914421503,-421.3271651416991,-7241.784540910335,2981.1073599555684,-817.433010155373
1.5,0.3,0.0,-2838.5799411993103,-281.4126043089225,-3035.2247191343113,2838.5799411993103,-281.4126043089225,-4558.246206930628,-449.30164890900437,-4708.097926167223,4558.246206930628,-449.30164890900437
1.5,0.3,0.1308996938995747,-2702.119829181648,-687.911448958173,-3057.595634482717,2768.7932814755122,-329.32885892441607,-4337.870881736196,-1074.6709011457044,-4748.760855462962,4441.032495616671,-499.27117407360754
1.5,0.3,0.2617993877991494,-2636.1608330917643,-1320.9295293041725,-2900.5414933130505,2888.217550357269,-593.6313175052869,-4250.740265241753,-2056.220261934941,-4552.490721673822,4638.0887677583105,-885.983719113126
1.5,0.3,0.39269908169872414,-2302.5548456331817,-1725.3466485853444,-2536.218500275547,2787.544871865426,-712.8628635791679,-3763.233194730369,-2741.4452169968695,-4040.1844512760244,4525.87978995967,-1092.638129734711
1.5,0.3,0.5235987755982988,-2055.371777134842,-1927.991946695571,-2240.743130059613,2744.000146568126,-642.0041155627571,-3406.619004887246,-3113.962549243823,-3634.953174955409,4507.199873869131,-993.4611716348793
1.5,0.3,0.6544984694978736,-1814.8657480389186,-2024.4892788358445,-2053.853168183783,2672.2607897837706,-501.31506551305824,-3046.1974081610074,-3325.119488321377,-3373.5682142961537,4440.915380286306,-783.587165692491
1.5,0.3,0.7853981633974483,-1495.0871596613529,-2197.2937300740655,-1853.5727325566422,2610.907565855532,-496.5350277325781,-2540.430349475651,-3664.5305289881485,-3092.547444178305,4387.56991415899,-794.8588596663026
1.5,0.3,0.916297857297023,-1356.2994173937902,-2100.052653193025,-1702.435719218467,2491.7465586944963,-202.40638092692143,-2302.8959547710556,-3569.787849220131,-2869.1717413411156,4234.0173465946855,-346.13895428842443
1.5,0.3,1.0471975511965976,-1189.9306600042783,-2133.9811255076406,-1690.6576921104852,2443.0471958882645,-36.48038244813188,-2010.5910141630493,-3642.901656792592,-2852.5578763560616,4160.14088535233,-80.22793351037762
1.5,0.3,1.1780972450961724,-1091.8384672858501,-2106.239372520338,-1708.8961133735047,2363.7399390901437,202.70430027531506,-1810.8543152312786,-3608.397809175837,-2869.8318864731286,4026.7088259219636,292.1371792478401
1.5,0.3,1.3089969389957472,-1128.7346682880302,-2013.1574585830447,-1864.2194588475907,2236.6988106522467,569.2304760557519,-1815.4945772089402,-3432.5766483570574,-3078.767482106554,3785.499008226874,865.2168892448836
1.5,0.3,1.4398966328953218,-1296.3652309055105,-1615.4195466323242,-2419.710979932494,1770.8090257879926,1074.420084385182,-2032.3914801377573,-2714.050224595033,-3883.041451444508,2956.1114696880377,1660.7494479721263
1.5,0.3,1.5707963267948966,-207.79414764786907,-539.5191593601161,-3497.4274296599388,539.5191593601161,207.79414764786904,-331.3214016566342,-1079.5005168419718,-5477.3326279956145,1079.5005168419718,331.3214016566341
1.5,0.3,1.7016960206944713,930.1285477897782,-1786.879534047408,-2520.7628651286977,1892.9986695434973,-688.9365875881119,1415.908054748668,-3003.0316760978308,-4019.5489206516218,3162.1534107300195,-1011.8204752611055
1.5,0.3,1.832595714594046,850.5941326769629,-2275.3495176952647,-2039.2726306578538,2417.96882416549,-232.70705099825943,1327.3036050193223,-3839.118158300879,-3333.420248955265,4051.834830890377,-288.43993564756704
1.5,0.3,1.9634954084936205,893.0549511880349,-2420.7093413111525,-1944.9648485084642,2578.201148607527,101.29016868069493,1454.02426673396,-4069.6424511472906,-3207.460556335006,4316.29036238993,214.04148189348348
1.5,0.3,2.0943951023931953,1058.073153993079,-2484.7468148211165,-1984.3345210796942,2680.8904406040947,326.055176990227,1752.5024397390969,-4144.591361782635,-3267.1711926441567,4465.572627478852,554.5840478830514
1.5,0.3,2.2252947962927703,1322.8828508693093,-2551.993811127158,-2131.1008755973407,2829.9528691666214,504.0418707320214,2198.187202701477,-4192.513505125156,-3478.4957985357464,4664.3161762523905,808.3013526696873
1.5,0.3,2.356194490192345,1651.9129988139262,-2467.0086075200866,-2329.032062453045,2912.5173990145677,576.3596322315025,2725.901800906982,-3995.1070819984066,-3751.6773291092513,4752.470957517422,897.4636609775239
1.5,0.3,2.4870941840919194,2047.318463530147,-2187.292854091065,-2569.0204743137515,2955.7864651986015,488.9675784937442,3338.02655355576,-3504.691851608374,-4084.7187783531735,4781.755736064635,748.3971723533168
1.5,0.3,2.6179938779914944,2263.186892791158,-1916.5733493226776,-2641.4541850619066,2918.2640173304503,528.2077623340872,3674.7934973488964,-3063.0477452849173,-4175.683847347663,4713.988395008466,815.280411746937
1.5,0.3,2.748893571891069,2480.85632834544,-1770.9259580407984,-2973.920043602045,2969.7164089469406,686.739631290948,3997.6874333222763,-2765.0707133548076,-4645.912311490492,4751.528348342836,1024.7434895083347
1.5,0.3,2.8797932657906435,2639.802116528585,-1065.1899946737542,-3409.1359011064196,2825.5444979217255,345.6634627005519,4201.382280888921,-1652.3533302582257,-5253.427322431457,4485.8841623332855,508.65300580084795
1.5,0.3,3.010692959690218,2738.5679421308832,80.74247630371198,-3436.503486912964,2704.6001057663734,-437.5065588481598,4354.089423963735,96.63518032331254,-5314.872322492098,4304.226163228799,-664.1311660550656
1.5,0.3,3.141592653589793,2681.306821493264,677.6570283040245,-2962.586000384371,2681.306821493264,-677.6570283040248,4299.338450927066,1021.5468078274325,-4635.825563385772,4299.338450927066,-1021.5468078274331
1.5,0.3,3.272492347489368,2622.6187974426302,900.4148636414135,-2671.3128284549553,2717.7096536363083,-550.391244386962,4252.4951509861585,1403.3878920038987,-4244.325333130792,4399.293343213267,-836.319714549032
1.5,0.3,3.4033920413889427,2446.9632651339502,1162.5623456438389,-2585.0442259993742,2664.4782899451925,-489.6282986456671,4003.255217747422,1842.3014178195572,-4138.818911776895,4343.670297799781,-743.4078265218061
1.5,0.3,3.5342917352885173,2225.731997686207,1632.3822078493693,-2477.1714308216538,2680.9938637492455,-656.3737506682521,3682.1457907527706,2616.656678015586,-3999.8982213381573,4403.21029066311,-1008.3793587536386
1.5,0.3,3.665191429188092,1939.2371789740557,1939.7220903454463,-2210.2614580711643,2649.2897061275253,-710.2300170339836,3244.1499803726906,3178.609474315914,-3619.394822970916,4398.821033847495,-1130.6815632811379
1.5,0.3,3.796091123087667,1689.8238225262364,2041.6264825557375,-2017.8308633424372,2583.4908291275715,-591.031624588589,2845.017934172121,3392.16739155003,-3337.3766798462702,4322.125149980702,-959.2501477511637
1.5,0.3,3.926990816987241,1481.1342222191965,2151.3103265413233,-1875.6598595203154,2568.5261727126717,-473.88606795536043,2510.0608862838544,3601.115460989974,-3127.8702597056317,4321.254236184159,-771.4920884193041
1.5,0.3,4.057890510886816,1254.4962532298903,2309.135637726198,-1788.8636459939473,2595.6494031779243,-410.4539177143921,2138.8321333541926,3881.0382655178596,-3004.241519755902,4381.073177657164,-665.776783235403
1.5,0.3,4.1887902047863905,1022.7418322674569,2423.7569230551417,-1720.4141355580039,2610.405984097886,-326.1580532709112,1750.7444988930868,4090.668456501982,-2906.3209763123373,4417.995051236939,-529.1450166737229
1.5,0.3,4.319689898685966,750.5967878712902,2498.8587989608527,-1664.0915802379,2595.885454100465,-262.81085269904315,1299.7080626944762,4238.232457385624,-2831.403922088747,4412.992963908096,-421.1276665901355
1.5,0.3,4.4505895925855405,485.48237208610897,2537.118665799637,-1597.1317450396446,2576.320527613366,-187.7146689879914,842.685624619998,4324.744441705448,-2736.149408986454,4395.485437029159,-305.35441845164644
1.5,0.3,4.581489286485115,245.19518357237578,2549.8041540117993,-1555.4986159591808,2559.994619666993,-89.71872234359017,421.25198985835254,4358.149150301443,-2675.5472197927998,4375.848998368334,-151.2044930273447
1.5,0.3,4.71238898038469,-25.559838041625248,2543.9249817693503,-1537.1728691619137,2543.9249817693503,-25.559838041625717,-48.633648878277235,4358.936400012636,-2645.9557179657386,4358.936400012636,-48.63364887827804
1.5,0.3,4.843288674284264,-262.8395684982248,2507.8501580008183,-1520.2951489368995,2520.7026002862444,66.74919222902611,-464.1549233964913,4302.40017614177,-2615.535624557322,4326.176920960669,101.39189871585717
1.5,0.3,4.974188368183839,-458.5333406645064,2513.015364080454,-1529.0280444444793,2546.063603404993,207.50704089681528,-803.4211205775603,4296.3191829186335,-2622.9489231247962,4357.866344005337,335.9240186266718
1.5,0.3,5.105088062083413,-663.2285383199935,2520.5469293705805,-1605.355529689652,2582.4882922664283,351.82827843760003,-1155.296434194905,4282.48204247866,-2731.5735247898415,4398.610312230021,571.4801975216458
1.5,0.3,5.235987755982989,-955.9990147420303,2515.11744880291,-1711.9234346738476,2656.1551115358425,429.6392916419629,-1642.2179955320034,4234.525422967089,-2883.361047758364,4488.3155870265455,695.0602088008704
1.5,0.3,5.3668874498825625,-1229.8037491537168,2533.4882695043743,-1824.6807119662335,2758.6084689350555,566.6210270265256,-2088.048514880282,4214.337179200466,-3038.321948021509,4614.5818759902895,908.965659564228
1.5,0.3,5.497787143782138,-1544.9717055256483,2458.0423168978787,-2012.3539726744489,2830.5583604405147,645.6384210034503,-2588.646208580232,4038.561842170257,-3299.001044533388,4686.143753019753,1025.2451766598952
1.5,0.3,5.6286868376817125,-1899.3184728472338,2369.0647665980273,-2196.4518277447464,2949.0259074386277,723.2736182736762,-3130.4890073884985,3838.66688431219,-3555.1685713157317,4820.416248739001,1139.6982333005087
1.5,0.3,5.759586531581287,-2330.804090996423,2223.8722029150217,-2495.328785174037,3130.47165550511,760.5277769962574,-3774.0890890813375,3529.6965394650533,-3961.7114339911222,5033.305297022637,1169.762326286087
1.5,0.3,5.8904862254808625,-2705.3064535643675,2015.2030281513794,-2831.498493759915,3270.5620733443075,826.528872314386,-4318.550842333874,3142.4471016958178,-4425.4160745943545,5192.383176244327,1250.6047000687047
1.5,0.3,6.021385919380436,-3092.78801996463,1401.1438178325461,-3317.0566517185975,3350.0465287039874,552.9285579579577,-4883.915374174997,2130.2694454790203,-5087.486573368469,5268.854297015825,793.6319608371803
1.5,0.3,6.152285613280012,-3054.684077627993,255.4902189758393,-3278.1010014761955,3061.8989973170546,-145.41181635313723,-4851.558434725353,391.1793795172444,-5035.66486750289,4861.111834646606,-245.42266312000703
2.0,0.3,0.0,-2580.7619105954636,-30.068969431046597,-1489.9106055258358,2580.7619105954636,-30.068969431046597,-4541.774612853491,-73.06625860260151,-2588.9454749000097,4541.774612853491,-73.06625860260151
2.0,0.3,0.1308996938995747,-2456.6566328496865,-502.54784319787933,-1440.6086022700604,2501.235251179728,-177.59044085502603,-4350.126262802393,-891.3612702538366,-2516.319551070795,4429.256322081353,-315.9301342607588
2.0,0.3,0.2617993877991494,-2233.5867965562184,-847.0507110066366,-1360.5674999977862,2376.712028228067,-240.0933560995495,-4009.2866918627333,-1509.8370028464094,-2404.409574274863,4263.448132004435,-420.71080140607137
2.0,0.3,0.39269908169872414,-1991.9723305919697,-1152.9673050097279,-1249.2801223910046,2281.5639512485773,-302.9080861059632,-3615.309492949801,-2077.9376197898323,-2233.627155387164,4135.302744811797,-536.2449909349239
2.0,0.3,0.5235987755982988,-1755.0028014074337,-1347.4314965013102,-1164.6470906096276,2193.5927579823488,-289.408505125701,-3221.221477720644,-2448.6816798384384,-2108.7577828125386,4014.000470841346,-510.00980166131967
2.0,0.3,0.6544984694978736,-1513.3276882733987,-1448.9392158151616,-1073.9960207861923,2082.661884013327,-228.26524067414334,-2812.9071494369664,-2676.945534800274,-1970.7787664579917,3861.2504720784427,-411.37430585140964
2.0,0.3,0.7853981633974483,-1292.8141011117862,-1576.955887529209,-1000.896169314587,2029.2338194136892,-200.91858399421926,-2419.6569491389105,-2931.048227837085,-1852.4563024973927,3783.5199147696926,-361.608241007139
2.0,0.3,0.916297857297023,-1135.9262583728307,-1622.3725240977178,-946.9773212403691,1978.6227534852205,-86.44692474960198,-2131.4430328898093,-3035.7843085140894,-1770.9960442242636,3705.9899281160524,-157.08094402967663
2.0,0.3,1.0471975511965976,-1001.9847834607363,-1685.3569173729265,-956.0683194745839,1960.5542966191538,25.065817995983934,-1875.3014477425797,-3152.3037102350677,-1784.2570601362074,3667.6258173787987,47.90683838127552
2.0,0.3,1.1780972450961724,-905.9193120981402,-1809.1636735603372,-972.980715709493,2018.1296007648639,144.6233462458714,-1692.827663780657,-3349.6279659128604,-1812.5530627469986,3742.469820012464,282.12170349421945
2.0,0.3,1.3089969389957472,-791.0208974018246,-1985.1249903498283,-1055.3914880916427,2122.214769912416,250.2793595232846,-1493.6515779205743,-3636.2138711488324,-1952.1339654103813,3898.898363166484,501.6352326716201
2.0,0.3,1.4398966328953218,-589.9918697534043,-2290.6630545966723,-1184.9919886851078,2348.075506818407,285.9528813436831,-1132.1545246126811,-4168.671701422635,-2189.5416625584953,4280.783956232287,578.347941906171
2.0,0.3,1.5707963267948966,-88.21578747904857,-2604.9664352032028,-1250.8263440703015,2604.9664352032028,88.21578747904842,-149.5940755914892,-4713.452237437979,-2309.185508655987,4713.452237437979,149.59407559148892
2.0,0.3,1.7016960206944713,400.3127880958424,-2368.9498021563304,-1220.3773264499746,2400.9344121275412,-87.6780594639356,789.2496926824429,-4272.491565608603,-2231.313863727903,4338.957565082281,-224.8254967996893
2.0,0.3,1.832595714594046,622.3369270637844,-2119.0118696404966,-1115.8680823840143,2207.880940293526,-52.690681843025345,1170.3865815164081,-3839.2298589763195,-2038.2525955898734,4011.3296112742446,-136.84081979953862
2.0,0.3,1.9634954084936205,793.5682246130314,-1989.3097593781063,-1116.0686890632953,2141.5679825251705,28.114446384884786,1458.2688600456675,-3622.602648600076,-2029.6902365827389,3904.9037741361903,39.04526296638278
2.0,0.3,2.0943951023931953,972.4689533998214,-1905.2546303650602,-1100.7699935447995,2136.233387273983,110.4444971466188,1778.2440859580147,-3486.0670317362383,-2001.1214325865672,3908.1446517580025,203.02896329903865
2.0,0.3,2.2252947962927703,1158.2583325408775,-1848.9948588179586,-1134.952780641237,2172.0092451033906,206.6886354423367,2121.2536171759866,-3377.2186277037,-2053.0384636525837,3970.6650624644826,373.01679508434086
2.0,0.3,2.356194490192345,1380.7141193458706,-1741.628683082821,-1215.151101732386,2207.8297687863364,255.20513544738196,2523.8155275117315,-3162.902895358853,-2180.08358489528,4021.117159510259,451.903011575361
2.0,0.3,2.4870941840919194,1620.530489917712,-1627.0407036125246,-1290.7330571497077,2276.1329010065238,304.3017202062889,2939.137949784755,-2925.849542165338,-2296.4651094701585,4112.91925839155,531.9986891017222
2.0,0.3,2.6179938779914944,1887.426260354338,-1427.2238271188685,-1396.18751555369,2348.1710027961526,292.29896099422115,3381.826492562996,-2538.337407734479,-2455.8280536563634,4197.91635761802,507.35143219289967
2.0,0.3,2.748893571891069,2133.2035153606794,-1198.6371223910498,-1495.6428140033274,2429.521634679679,291.05466109381666,3783.6095285686847,-2111.428949793027,-2604.4677819677,4303.608280161099,502.7813099436553
2.0,0.3,2.8797932657906435,2396.8664615772173,-836.6045039581376,-1631.4329112113019,2531.724396246442,187.7432079392463,4211.883658420024,-1458.8421474901736,-2811.579004481376,4445.943334561503,319.01760018458117
2.0,0.3,3.010692959690218,2523.73269780467,-288.73466233324814,-1723.8261574290666,2539.829250755805,-43.14872195488158,4420.629682437992,-501.3045124895766,-2963.420470891619,4448.243951847681,-79.99217677227483
2.0,0.3,3.141592653589793,2430.8797472039496,202.94003897810308,-1625.5767470236372,2430.8797472039496,-202.94003897810336,4276.914579913846,359.56353158146356,-2808.117071577677,4276.914579913846,-359.5635315814641
2.0,0.3,3.272492347489368,2268.462735087528,596.7999139806727,-1549.8725125012058,2326.9537422096605,-295.600404980411,4019.1588024322705,1037.329387621508,-2692.3803467810253,4120.172996760985,-503.84939650019794
2.0,0.3,3.4033920413889427,2141.5159015146487,929.2466364696284,-1503.9537888777118,2309.0522437975146,-343.31822445637795,3820.9145417376735,1619.6281689577106,-2639.1817293172744,4109.910652018658,-575.5152242706469
2.0,0.3,3.5342917352885173,1888.5426286892853,1205.4014393474117,-1335.5699582632355,2206.0730411083805,-390.9317429581142,3429.2114594619907,2151.1581518978924,-2384.8769829790253,3991.3908651785196,-675.1085761206552
2.0,0.3,3.665191429188092,1625.0635167482892,1407.41591526207,-1186.7053567757393,2111.054245898332,-406.32617793333566,3000.2649818597333,2557.861373122298,-2156.1517584999324,3877.236378936536,-715.0404375529918
2.0,0.3,3.796091123087667,1413.841857053617,1508.3247826654845,-1115.16406610016,2039.8861100417585,-335.94211527941013,2642.0121568895274,2778.685039190537,-2047.016176818239,3787.6054449811418,-596.1239613726134
2.0,0.3,3.926990816987241,1193.0891204897252,1635.4387412232363,-1016.3290414187452,2000.0712317923198,-312.78841647596425,2254.57981298387,3045.2517243884217,-1891.7851269137157,3747.5468192222725,-559.0894702478895
2.0,0.3,4.057890510886816,982.8300830356378,1716.7852930508143,-959.3698610819089,1960.3263926262648,-265.38113898373444,1878.6785943912787,3226.884901138477,-1803.1288429547394,3703.7269808232923,-473.9471254697612
2.0,0.3,4.1887902047863905,789.9435967174747,1748.5087093555667,-908.833395083163,1909.2247593989998,-190.14313236360147,1522.8040281733736,3321.0439153104267,-1726.6334128337137,3637.510411829252,-341.7349842717995
2.0,0.3,4.319689898685966,592.1688240601812,1792.2609990041274,-875.0137341788479,1882.446452029094,-138.775934452505,1151.6240018683532,3427.5805746030587,-1678.81420033241,3607.3789647380436,-247.71645452209282
2.0,0.3,4.4505895925855405,406.0711084419767,1822.503942373342,-854.5156924424821,1865.5025629827294,-79.4641591067134,789.7810276491568,3496.135199303897,-1650.9572345013428,3581.4176526221554,-141.99648211370402
2.0,0.3,4.581489286485115,198.90575604730753,1824.9297165927248,-847.7971554906429,1835.2796008317266,-40.997037245290585,386.4988783649718,3512.3526203259594,-1644.7621669961131,3532.752183645311,-75.26168638357552
2.0,0.3,4.71238898038469,-12.887470102673962,1821.348963430113,-850.7190766554929,1821.348963430113,-12.887470102674296,-29.92970465599951,3509.6813642612005,-1647.4749857187408,3509.6813642612005,-29.929704656000155
2.0,0.3,4.843288674284264,-204.69702542714003,1827.604333910811,-839.6258092113593,1838.6872487681549,35.60442059199906,-405.0564635259433,3515.350037079095,-1623.1007401684328,3538.1462080104643,57.254105331505514
2.0,0.3,4.974188368183839,-383.80419419540203,1835.4546871093353,-848.4296913607101,1872.2489203102243,104.32424603517956,-752.2017222904043,3518.3235288036435,-1630.6701200217078,3593.123693199604,184.0380659472694
2.0,0.3,5.105088062083413,-599.2813943007833,1811.0801122910711,-877.1475112836982,1902.554908407524,139.40653925037827,-1158.94286276577,3458.608087868244,-1672.1006070143435,3638.845455997697,252.82842401174526
2.0,0.3,5.235987755982989,-805.7432194786586,1797.9778009474364,-916.8607972072928,1959.96606080029,201.19480347813965,-1545.5374468355067,3407.9426142596258,-1732.2328857911948,3724.133602006141,365.49661567012345
2.0,0.3,5.3668874498825625,-1031.0739615969696,1734.741783972118,-961.2292917452298,2003.9412471325102,238.03791585172928,-1953.4950453584831,3269.000406649448,-1797.8998846927743,3782.6848274026315,440.22953950447277
2.0,0.3,5.497787143782138,-1266.8566581757832,1694.3172713143872,-997.3216757088824,2093.866165815315,302.2602982404658,-2369.4362830447158,3152.596704601671,-1852.3639019243203,3904.666971500571,553.7780448398373
2.0,0.3,5.6286868376817125,-1541.4598645717597,1615.1848651880487,-1139.5356703894565,2206.184579128015,343.0309980684924,-2839.495048987894,2947.7371782854857,-2075.9781646163124,4047.1915788501765,610.0220730083911
2.0,0.3,5.759586531581287,-1812.9892390061618,1391.0634550741058,-1183.6921692801295,2265.6264653042062,298.20167086724666,-3301.1802192076757,2522.2036339353745,-2131.531325964438,4120.007749272217,533.7023109016213
2.0,0.3,5.8904862254808625,-2085.9765321860878,1192.4497469755754,-1272.109447817261,2383.521785481094,303.4112556089981,-3758.9523599593226,2127.9739201195025,-2265.8773822750186,4287.159512786144,527.5027593101292
2.0,0.3,6.021385919380436,-2303.103432553622,862.6294869550316,-1334.4343475208261,2447.8920262095257,237.14906878248564,-4122.3300221146255,1517.1316408793778,-2357.7790333632906,4374.527595434524,398.4991138845387
2.0,0.3,6.152285613280012,-2501.9973942139504,463.0808317833458,-1448.512963855094,2541.0366373268594,132.54291826106953,-4428.610691171064,786.116433174831,-2531.687871865034,4493.33209745059,201.34140776912432
2.5,0.3,0.0,-1729.762957374559,-15.759801312821232,-728.8792047795276,1729.762957374559,-15.759801312821232,-3502.1481992508006,-51.1642373679657,-1453.045771874315,3502.1481992508006,-51.1642373679657
2.5,0.3,0.1308996938995747,-1716.2360446609941,-290.24038431006136,-699.9993611458984,1739.4373795761326,-63.74358172696827,-3475.7995377372335,-599.0282075221639,-1400.046061905538,3524.2524618153166,-140.22055958475732
2.5,0.3,0.2617993877991494,-1624.6826131356577,-531.2967671087621,-684.9205685665869,1706.832617479689,-92.69446624780267,-3309.3635208458404,-1093.5624511462936,-1372.942058131236,3479.6344827295748,-199.77390785974615
2.5,0.3,0.39269908169872414,-1465.0058652509697,-770.6840499875749,-683.9672875715794,1648.4169514326327,-151.38574686719653,-3004.481787802264,-1570.531270354498,-1370.0469080934106,3376.795526729395,-301.21629281489913
2.5,0.3,0.5235987755982988,-1342.7521587039826,-916.6045945204829,-618.056272336577,1621.1597776842846,-122.42678472828175,-2767.530291899481,-1883.3002657904296,-1259.4504694895795,3338.4016714231284,-247.22072717875722
2.5,0.3,0.6544984694978736,-1180.1909529920247,-1039.4536809026406,-568.5496453715705,1569.0877429123852,-106.19931877554086,-2455.5337665675806,-2152.454054837904,-1175.5276065849225,3258.436922203046,-212.82236951421805
2.5,0.3,0.7853981633974483,-1013.2184921234796,-1092.3032526226978,-563.3109094992218,1488.8287036457532,-55.9213704375112,-2123.4098176776765,-2291.484384782042,-1172.9261313870115,3121.8016287804417,-118.84666614449043
2.5,0.3,0.916297857297023,-879.6772439248023,-1181.6477275405684,-551.9655311156308,1472.977747769973,-21.44667935657435,-1845.5218800258533,-2478.924248655932,-1157.1319108384807,3090.145369951523,-44.92251991708349
2.5,0.3,1.0471975511965976,-738.5858992050283,-1282.2229867516462,-548.1480638144855,1479.7306294457976,-1.4773417872959271,-1555.7122906697368,-2687.707606668633,-1147.134768939789,3105.4792106545783,3.432561365355923
2.5,0.3,1.1780972450961724,-617.0481778556134,-1353.400203549241,-545.1565061848642,1486.5128619921636,52.15434683635067,-1310.5969595206727,-2835.729753466218,-1149.1165309015269,3121.4164218773376,125.6469109564107
2.5,0.3,1.3089969389957472,-463.3476117383926,-1430.2466804585688,-563.5263737475703,1501.4353930398045,77.38434463013635,-987.8965450994319,-3001.9510598056454,-1187.1079083507361,3155.348498384827,177.27267986988738
2.5,0.3,1.4398966328953218,-265.6291829806835,-1512.2796712596414,-594.6980951577614,1534.0134748274386,65.96458143580969,-566.0453868646532,-3183.2982705897016,-1243.0809447753254,3229.948461567466,145.69898815056138
2.5,0.3,1.5707963267948966,-49.69430537268636,-1540.4366651072237,-602.194823907616,1540.4366651072237,49.694305372686266,-101.95009542372571,-3245.9986170289103,-1257.8485420015206,3245.9986170289103,101.95009542372551
2.5,0.3,1.7016960206944713,175.3980652347551,-1542.0802341278395,-602.6529916653917,1551.7815655300258,27.384350586606246,380.6172304018828,-3224.272347319035,-1261.4848933021394,3246.3687681968304,43.49099494368295
2.5,0.3,1.832595714594046,384.28359980361324,-1502.2125818430684,-600.0980385184286,1550.4858437283308,17.611772303972316,820.599758555,-3117.8421251258446,-1248.7879157574148,3223.9910768716104,14.318421770636405
2.5,0.3,1.9634954084936205,558.0538959824834,-1456.4964964492297,-594.8103670125315,1559.1852826031288,41.802505952519596,1175.5345104056526,-3010.2377862949534,-1228.7146701548443,3230.9546600556423,65.91585436998275
2.5,0.3,2.0943951023931953,722.8514576997751,-1386.9049521559225,-604.0624902514041,1562.5206500513577,67.44475054734312,1511.2927623419332,-2861.763081510182,-1240.956685415976,3234.005909371221,122.06361601141793
2.5,0.3,2.2252947962927703,892.6837304734318,-1326.3318387745908,-633.2956005293948,1595.6812180422794,99.20604611744625,1847.4801200185318,-2721.9545603165807,-1284.334740047654,3284.1463804758037,191.31642349677122
2.5,0.3,2.356194490192345,1074.5533563946665,-1239.6543013776204,-661.3226698434391,1636.391927884621,116.74399777775375,2206.429409057319,-2533.2147467471855,-1330.3015850654554,3351.4345229805544,231.07212827284025
2.5,0.3,2.4870941840919194,1246.9846263552477,-1144.0144237920808,-708.5906472604571,1685.7312740450088,148.4915213648734,2539.357250032679,-2318.060351283361,-1411.3620138190392,3425.753288481907,293.1781743937786
2.5,0.3,2.6179938779914944,1392.6683716132143,-999.9818238736748,-751.817860925474,1706.077100800988,169.67547699069166,2819.72660778393,-2018.8642492808822,-1490.6531566261997,3451.386998708245,338.524422777479
2.5,0.3,2.748893571891069,1566.0213828789354,-751.8538300194997,-798.8079021965345,1734.5371074255704,95.33192703800023,3144.787558717245,-1515.420158075269,-1581.564509662646,3485.33104716249,196.60757017181277
2.5,0.3,2.8797932657906435,1725.929928143471,-530.623186892467,-799.6185872283238,1804.4556784997792,65.83910433128892,3437.6376312943353,-1063.9894879801066,-1567.4292627368268,3595.8837127685074,138.008836199975
2.5,0.3,3.010692959690218,1827.901036839185,-265.73436069699375,-842.5935738465905,1846.9483843178784,24.872004309785268,3616.221809161439,-529.8700581395941,-1648.2378016317878,3654.446451341392,53.32528336539258
2.5,0.3,3.141592653589793,1812.2648826502327,66.91417834371241,-830.7292905523411,1812.2648826502327,-66.91417834371263,3588.8594607923037,129.69207787795278,-1629.6943954365656,3588.8594607923037,-129.6920778779532
2.5,0.3,3.272492347489368,1715.3640343326174,341.74505361672806,-804.211742474249,1745.295537783151,-114.92144163555963,3419.2908439178477,674.9855716902205,-1587.237043600352,3478.1416332210692,-222.9039626042487
2.5,0.3,3.4033920413889427,1599.325542787247,609.301506053628,-782.5072580020686,1702.528680398312,-174.60415090175837,3215.1351874061857,1215.9808377619772,-1561.4678171673902,3420.3011118188965,-342.4090763869283
2.5,0.3,3.5342917352885173,1437.4577641485407,824.9316835268559,-716.2504063542005,1643.7254952650426,-212.04622706632927,2930.5873460857674,1667.9794555385636,-1440.865876975777,3345.8177704451623,-419.52485517559853
2.5,0.3,3.665191429188092,1281.0362696336892,974.6673812791066,-663.8999599334209,1596.74364331158,-203.56857761091567,2640.9875117716274,1990.612797337181,-1352.330075760869,3282.4686749402736,-403.42749570659043
2.5,0.3,3.796091123087667,1093.1805662182446,1078.6107845391784,-633.5596050309288,1523.8950962909958,-190.23330513272595,2286.796657898163,2233.9242124350058,-1303.539301278636,3174.1646629694555,-380.1776345783262
2.5,0.3,3.926990816987241,928.2468657460046,1179.415626794243,-584.2816650187376,1490.34244092775,-177.6031341594338,1964.3072228891663,2465.197311819162,-1217.3184443238706,3132.1326937888216,-354.1827785115347
2.5,0.3,4.057890510886816,767.9164592842493,1230.148145904016,-547.3108462044257,1443.4200617192173,-139.63765515518003,1640.9096741674798,2600.052346688192,-1155.3093353665695,3061.6827322975705,-280.9904109504098
2.5,0.3,4.1887902047863905,620.9207900403522,1284.408902167353,-525.3262885785831,1422.791133143986,-104.47127317082845,1335.1070486689978,2731.985463470768,-1121.6190215250672,3033.5223384699875,-209.75611081636634
2.5,0.3,4.319689898685966,473.67617395532324,1310.73987176046,-510.9467276700148,1392.233764044744,-63.978710907491006,1021.8610795645084,2812.303145694344,-1095.7910727472336,2989.278620852154,-132.14528416591304
2.5,0.3,4.4505895925855405,330.8490855825377,1331.699355726366,-516.695099852516,1371.9528449521247,-25.093479244444552,715.3312254515247,2869.5639325217535,-1110.2414069057727,2956.9272573137628,-51.74089186127833
2.5,0.3,4.581489286485115,175.4624139772405,1328.8063039075216,-525.0240407041512,1340.3406225444257,0.5172816549298318,383.1018317911402,2878.6861248489126,-1135.6010894593805,2904.0633893257655,4.080404038995141
2.5,0.3,4.71238898038469,-10.899666004268479,1276.7482500670535,-533.7465517798865,1276.7482500670535,-10.899666004268713,-25.210092303428905,2783.9262412021126,-1170.3544582192317,2783.9262412021126,-25.210092303429416
2.5,0.3,4.843288674284264,-197.5119004018492,1321.4322141274304,-529.6294673020635,1335.907654628057,-23.340643526624348,-432.15550690225797,2861.4384872609244,-1141.4341721409771,2893.366097094971,-54.965686618565826
2.5,0.3,4.974188368183839,-338.297221342472,1343.25168295765,-515.2331930144903,1385.0392555637443,20.889094858929184,-733.0026592150043,2890.8115440620245,-1099.6678824387486,2982.0245776597244,40.170884131137996
2.5,0.3,5.105088062083413,-490.13856933818795,1333.6343053042187,-514.8659980086863,1419.6853485743286,57.5307611677336,-1054.2803747635246,2858.852913759216,-1095.3572720980364,3044.691325972053,120.00758589196357
2.5,0.3,5.235987755982989,-652.4274825201007,1286.3507565869686,-508.49387426115067,1440.226174641698,78.1566043039494,-1395.8885640383708,2750.972452580603,-1079.4472452960586,3080.3563110651694,166.6112689808915
2.5,0.3,5.3668874498825625,-799.6224676282263,1260.0552783590247,-530.5978277394337,1486.4483800985731,132.68989621904632,-1700.4394200406302,2667.6236704069734,-1117.017836656702,3151.5300808440315,274.89710380230986
2.5,0.3,5.497787143782138,-961.3214708658254,1183.7038388517585,-558.1075168813338,1516.7619423180781,157.24808041917504,-2025.6918186156263,2490.7023803950347,-1166.1692858061883,3193.572964632024,328.812121557585
2.5,0.3,5.6286868376817125,-1137.07633401323,1067.8912784912259,-604.1282179295982,1552.1943284757767,155.00689887299973,-2369.8705332616846,2230.455433469262,-1250.6072589813746,3237.959940639942,326.85349611953075
2.5,0.3,5.759586531581287,-1295.3654122998485,928.643504341318,-616.9334803169767,1586.1411064060312,156.546159669061,-2676.1714163251922,1924.1664040714677,-1275.5066099519213,3279.715633455132,328.2912788718463
2.5,0.3,5.8904862254808625,-1452.412148700489,730.8333810478382,-647.3172735814222,1621.5316837014916,119.38793615266195,-2973.6762993962166,1495.27398762264,-1327.9234195680847,3319.5352512357363,243.4763796654306
2.5,0.3,6.021385919380436,-1590.9202856214042,531.1613551472192,-681.3621915425721,1674.1856661834597,101.30200170463615,-3240.0676683392,1064.5556739771926,-1383.6347438422542,3405.192322770284,189.69059903003028
2.5,0.3,6.152285613280012,-1711.9837190068117,260.3727621926499,-701.2792750309782,1731.3229261717524,34.686521132925805,-3466.2582297447966,508.08581779034364,-1413.6735635913265,3502.922417192344,51.301585205140896
3.0,0.3,0.0,-1211.2308018393746,-40.17231876473665,-389.17971646171725,1211.2308018393746,-40.17231876473665,-2801.6976614414007,-94.6323680984743,-888.2389098379804,2801.6976614414007,-94.6323680984743
3.0,0.3,0.1308996938995747,-1216.1622195330247,-211.78319677864303,-385.0911553417147,1233.4010374046914,-51.23033853397203,-2804.6516631084946,-493.2064145332047,-877.0690124686508,2845.0338345999517,-122.90646319636045
3.0,0.3,0.2617993877991494,-1170.0575030703783,-378.3991053690663,-365.5618756745472,1228.125655578249,-62.67230286094457,-2704.8375105447794,-872.5662651355779,-831.3022290425964,2838.509174881696,-142.77082900637004
3.0,0.3,0.39269908169872414,-1094.7164503856077,-490.2799884257346,-354.7674261747628,1199.008151205347,-34.02979780631489,-2546.2084045430233,-1145.0224867994484,-816.0125049576517,2790.5709658491414,-83.47106805182216
3.0,0.3,0.5235987755982988,-971.2221275217311,-641.1297251105394,-349.3024110558244,1161.6678977066586,-69.62356530619559,-2272.533543511002,-1495.939680078746,-803.3509150900971,2716.04161967217,-159.25499372185936
3.0,0.3,0.6544984694978736,-878.8605305530244,-721.5454326292414,-330.1890340735775,1136.4959662264616,-37.424086669471535,-2060.7672372555444,-1693.347478115953,-768.9152274261704,2665.7612018256073,-88.90726983099216
3.0,0.3,0.7853981633974483,-786.5823372047278,-782.9151317803357,-356.0019772329409,1109.8023033744616,2.5931058235916,-1838.1342310490388,-1847.3839589210238,-821.3131688442495,2606.054904314202,-6.540545302410919
3.0,0.3,0.916297857297023,-657.3816613184841,-909.5829319218615,-375.6161851422547,1121.8092568604711,-32.18306858547339,-1539.8425952817067,-2120.7496293870454,-861.8568101993474,2619.9005811478005,-69.39130846590592
3.0,0.3,1.0471975511965976,-549.5934631634444,-951.0236036732085,-334.5284295478082,1098.4073319613444,0.4500990168055523,-1292.8853660492427,-2240.5792794921613,-781.0029685459905,2586.841258257867,-0.6180685662936867
3.0,0.3,1.1780972450961724,-462.90878094813365,-1021.3617165489903,-351.6153932031975,1120.7627063753778,36.81374076246374,-1086.5098596339535,-2400.6830805842037,-816.6198141934036,2633.7312845811234,85.10257988876015
3.0,0.3,1.3089969389957472,-331.9705068632616,-1045.2391710977872,-364.9803264165528,1095.5437996008802,50.13108197821725,-787.6738791795981,-2472.2191992115086,-857.3261400550299,2591.8453740275368,120.9771301688279
3.0,0.3,1.4398966328953218,-159.02898254301283,-1099.9502911282273,-377.8411423917089,1111.2975114496762,14.096144419470647,-373.17070274928227,-2594.8043014257164,-876.4941886182024,2621.313941797131,31.28825063471953
3.0,0.3,1.5707963267948966,-42.22635187766136,-1136.5203976461196,-371.1535183044627,1136.5203976461196,42.22635187766129,-84.08072571212396,-2672.9164397173477,-852.9740912934104,2672.9164397173477,84.0807257121238
3.0,0.3,1.7016960206944713,-6.862272340422127,-1094.4918602513746,-514.367113861274,1084.2326243831155,149.66341958371194,27.921671119641477,-2567.3915903815014,-1131.3660110567546,2549.0717088297415,307.42905087774176
3.0,0.3,1.832595714594046,326.63494668674946,-1069.0096997245578,-399.20952138926845,1117.1234225160495,-38.825061085241884,737.5909128808515,-2510.0080446916354,-910.316277128866,2615.384170309095,-62.82022666101068
3.0,0.3,1.9634954084936205,426.86717844077776,-1048.161044811226,-361.36214311971463,1131.7295330864554,6.740017037460518,999.9775315699013,-2445.0989341920476,-839.1061909872403,2641.651694334334,11.840078220243868
3.0,0.3,2.0943951023931953,560.6264937875623,-1025.1853809071108,-359.08236436676873,1168.1498303477651,27.075904798927468,1307.134112036898,-2378.340712954027,-827.4836017826527,2713.2705322914294,57.15900929984468
3.0,0.3,2.2252947962927703,702.1561352952654,-972.4305407503974,-374.0297709152972,1198.9265900151263,34.92029025645172,1624.5046367128298,-2239.1022774889398,-850.8887865562862,2765.3350351761574,74.27292228612487
3.0,0.3,2.356194490192345,829.259478604244,-925.2870702467226,-379.78309056665637,1240.6517625999727,67.90176123140918,1898.958980979114,-2112.4813319554755,-853.72930317891,2836.5166476011345,150.98310231027904
3.0,0.3,2.4870941840919194,953.9863976445923,-831.3199766516844,-385.66302663417366,1262.9238321137157,78.78035764244157,2169.401422554232,-1888.6126950447183,-862.4716945371846,2870.8164280953915,177.68928004249278
3.0,0.3,2.6179938779914944,1081.3630849525157,-762.6662789050354,-445.33882823741794,1317.8210417361063,119.80682966525092,2425.3440147343126,-1699.9282246670846,-980.0150522927936,2950.373642009997,259.50901980471986
3.0,0.3,2.748893571891069,1231.7161629964273,-562.3598487323337,-489.7434582568485,1353.1631499929372,48.19538519491505,2742.827901809551,-1257.1115710705974,-1070.3175876996097,3015.1183305658883,111.784854744016
3.0,0.3,2.8797932657906435,1247.7060719990277,-363.2480716337249,-452.15926294299885,1299.2070375971214,27.94059961731068,2797.95656772931,-829.4448612821233,-996.727704531457,2917.294636567091,77.01776589712927
3.0,0.3,3.010692959690218,1281.1865849675535,-193.11455491116428,-457.7009691456149,1295.432363641966,24.2340266639375,2873.9062300687647,-435.441738462492,-1018.7026154760789,2906.156115927045,56.59643701795585
3.0,0.3,3.141592653589793,1280.999068902423,14.758558128676686,-467.5063412350985,1280.999068902423,-14.758558128676842,2891.169489242323,43.61009395006553,-1037.7395782630128,2891.169489242323,-43.61009395006589
3.0,0.3,3.272492347489368,1193.886514362049,168.51167462918852,-483.5108815616299,1205.6678369617155,-11.236573230056052,2738.3246998164614,391.51603181201745,-1080.5580015204102,2766.0010492315396,-30.743461756330987
3.0,0.3,3.4033920413889427,1123.89233387312,459.00656870218245,-473.9769098707487,1204.3962730636263,-152.48155849468122,2586.417439591622,1032.1820609801903,-1054.8825119881774,2765.4357778608387,-327.5972181814334
3.0,0.3,3.5342917352885173,1077.7264406622282,604.1485588391575,-411.7390113151452,1226.8870443290637,-145.73243464445596,2469.0946929992238,1360.5196163903847,-927.0729401486608,2801.79436729453,-312.07459521181363
3.0,0.3,3.665191429188092,978.5189831908676,688.1152289213107,-390.5079036812883,1191.4799119892648,-106.66577738136613,2258.075111418159,1575.9901956135889,-892.7842500377094,2743.5455079482967,-235.80998980749632
3.0,0.3,3.796091123087667,849.749876990017,784.8605987898159,-364.8349329535211,1151.9447630140248,-105.376828296452,1985.8643852790008,1821.9376536614177,-844.9932722781368,2684.617513034216,-236.52268233469226
3.0,0.3,3.926990816987241,725.1546835020438,858.3466357789068,-358.9081299504877,1119.7045208814043,-94.18093265444554,1709.0716466079011,2011.3737054704911,-833.6240359100825,2630.7521374886032,-213.75983578839373
3.0,0.3,4.057890510886816,612.9982331139737,912.6835314891146,-326.7603773992754,1097.2502087059731,-69.28233502844307,1456.7950618592436,2151.751713978064,-771.8642376669019,2593.940053392168,-154.1502198274436
3.0,0.3,4.1887902047863905,488.64321938648993,949.8786134303564,-335.10784803871604,1066.9406194354722,-51.76186533946566,1166.206756098156,2258.5575296572374,-796.7678496221735,2539.0715746408714,-119.31408798257394
3.0,0.3,4.319689898685966,363.71001671978337,980.6182568498568,-320.67682448422323,1045.1589342943696,-39.242120154428335,872.4242226504842,2347.8412302655647,-765.8029014396698,2502.9847542308066,-92.46505767244855
3.0,0.3,4.4505895925855405,267.5647591614057,1003.7979710698612,-325.227747640791,1038.8452401021868,-1.354321269332786,636.421007825915,2412.4011343583857,-773.4887212486319,2494.9184365744964,-9.639870146906446
3.0,0.3,4.581489286485115,170.86252474177658,1022.0308594296599,-347.35949027030244,1035.5892784946438,35.99897574384957,408.8045463336228,2453.0061919274044,-826.0827071407374,2485.3800846997374,85.12560904422884
3.0,0.3,4.71238898038469,0.47846228984490047,1019.0593522410554,-398.8307766816018,1019.0593522410554,0.4784622898447133,8.663300536113052,2457.9064155155093,-972.1331759397176,2457.9064155155093,8.663300536112601
3.0,0.3,4.843288674284264,-200.18311549227965,1001.3022071121694,-348.4148408126973,1018.8650677355693,-67.77435683273609,-478.4974265714019,2413.654334081327,-833.1935169080311,2455.4616337350167,-159.3587051917495
3.0,0.3,4.974188368183839,-292.66329374982314,1005.2568958400522,-309.9599682431272,1046.750431971974,-22.511403975732264,-696.8981328206744,2418.406088142887,-738.2621849942022,2516.371408262308,-47.222350380855346
3.0,0.3,5.105088062083413,-386.5563615385458,989.539696019507,-304.8881816693951,1062.1441869959942,21.54893674675617,-927.3087496838485,2376.0200127868943,-724.8613782385905,2550.0219538422125,52.54191970989177
3.0,0.3,5.235987755982989,-507.14554829066464,956.5944588608744,-306.9855088378828,1082.0078766382776,39.096301194533964,-1212.461602649143,2287.9533280282185,-724.853181097354,2587.6565060701596,93.95411500675777
3.0,0.3,5.3668874498825625,-613.0798670072526,923.1481576559383,-315.7337556650547,1105.60205039585,75.58803128588562,-1459.8064641923288,2190.474725772226,-740.5698207413193,2626.494309732813,175.334189722862
3.0,0.3,5.497787143782138,-719.415603806886,858.1137314985688,-325.91038502007854,1115.481690515194,98.07438662866628,-1709.3300521372164,2027.5098054801206,-764.7226434997938,2642.344803529392,224.98706122502995
3.0,0.3,5.6286868376817125,-827.156658989248,784.6885187762482,-357.7516946240439,1133.9156023702233,118.99418771894403,-1955.288388096138,1835.6266973439447,-833.2549870604486,2668.6933053303947,265.99641860402267
3.0,0.3,5.759586531581287,-901.6457257434238,661.0537427245654,-387.3476554465325,1111.3749750697446,121.66647159454368,-2136.208408975482,1553.40579931537,-897.0219796104153,2626.7136496083904,277.1846801054394
3.0,0.3,5.8904862254808625,-953.7569390311515,470.29367497646734,-426.86859906770616,1061.1301127210825,69.50772150981118,-2256.6157330571673,1115.5667993964164,-1009.8353680653205,2511.7500203400286,167.07987885609418
3.0,0.3,6.021385919380436,-1094.342357429266,293.7615707170688,-402.00139793519537,1133.084635063799,0.5152439617742175,-2562.519316368967,690.0463941551388,-935.6190921799213,2653.8007368570634,3.3048309327120933
3.0,0.3,6.152285613280012,-1176.97794004764,146.7367497642874,-409.7546323300421,1186.0617198160442,-8.145052312921308,-2724.2126531318463,332.54997296455065,-941.4232326269037,2744.3131179310276,-25.8761425652811
