seed,family,galaxy,fold,candidate_index,radii,mse_logspeed,mse_speed_kms
9062301,newton_fixed,CamB,2,0,9,0.021185323967411004,11.26009748057199
9062301,newton_fixed,D564-8,1,0,6,0.12329864795104173,135.7939082372972
9062301,newton_fixed,D631-7,4,0,16,0.10883057875352765,693.2739603178544
9062301,newton_fixed,DDO064,0,0,14,0.16264423197591027,321.85368922435106
9062301,newton_fixed,DDO161,0,0,31,0.051234667843107096,543.9636868961281
9062301,newton_fixed,DDO168,0,0,10,0.06255452381927336,441.79307357171655
9062301,newton_fixed,DDO170,2,0,8,0.09411691646085571,747.1486816567913
9062301,newton_fixed,ESO079-G014,4,0,15,0.050039399856756886,3107.6816316178943
9062301,newton_fixed,ESO116-G012,4,0,15,0.08419435041467487,2188.9692786104883
9062301,newton_fixed,F565-V2,2,0,7,0.18724600891250748,1688.216629783114
9062301,newton_fixed,F568-3,0,0,18,0.1053766643168856,1985.9095825520935
9062301,newton_fixed,F568-V1,2,0,15,0.2120684713831893,4292.867478578097
9062301,newton_fixed,F571-V1,1,0,7,0.11225727825411302,1583.6364076432576
9062301,newton_fixed,F583-1,2,0,25,0.20580109521268247,1434.98519134745
9062301,newton_fixed,F583-4,3,0,12,0.10526258843577747,798.4035783139911
9062301,newton_fixed,KK98-251,4,0,15,0.041109522133150195,85.42044564944769
9062301,newton_fixed,NGC0024,3,0,29,0.10418832636575467,2226.074360099069
9062301,newton_fixed,NGC0055,3,0,21,0.04382205122437279,906.3013460927594
9062301,newton_fixed,NGC0247,2,0,26,0.09772972783696922,1965.9242657689542
9062301,newton_fixed,NGC0289,1,0,28,0.06175320775461595,5192.3428021622
9062301,newton_fixed,NGC0300,4,0,25,0.12103315628297816,2160.2936962846197
9062301,newton_fixed,NGC0801,0,0,13,0.01658589843355772,2911.1865442630683
9062301,newton_fixed,NGC1003,3,0,36,0.12946431518564758,3255.2961484524967
9062301,newton_fixed,NGC1090,1,0,24,0.03359897142849445,2909.985210515902
9062301,newton_fixed,NGC2403,1,0,73,0.061400511915650456,2570.5962698315907
9062301,newton_fixed,NGC2683,2,0,11,0.04656225038894164,4095.308686458214
9062301,newton_fixed,NGC2841,3,0,50,0.07319333072076784,17033.250295070036
9062301,newton_fixed,NGC2915,4,0,30,0.2517007774742901,2847.2842500854426
9062301,newton_fixed,NGC2955,2,0,24,0.006775399999506663,1819.0170018031988
9062301,newton_fixed,NGC2976,4,0,27,0.013796881083942237,203.3487535947317
9062301,newton_fixed,NGC2998,3,0,13,0.0559924356599443,5154.1311946955575
9062301,newton_fixed,NGC3109,3,0,25,0.18806560364948535,1029.0910647422418
9062301,newton_fixed,NGC3198,3,0,43,0.05411938360327491,3147.231234809854
9062301,newton_fixed,NGC3521,0,0,41,0.007653661712029064,1239.6167264717867
9062301,newton_fixed,NGC3741,4,0,21,0.21300100414571738,670.9900214437206
9062301,newton_fixed,NGC3769,4,0,12,0.06745013312542338,2535.783383055386
9062301,newton_fixed,NGC3877,0,0,13,0.017539548576378333,1145.210295271568
9062301,newton_fixed,NGC3893,1,0,10,0.031340155617227076,3413.3797501233616
9062301,newton_fixed,NGC3917,0,0,17,0.05382060620196593,2597.771492488774
9062301,newton_fixed,NGC3949,4,0,7,0.007482385943983005,813.2350557929523
9062301,newton_fixed,NGC3972,4,0,10,0.04721587482664154,1976.6555824883442
9062301,newton_fixed,NGC3992,3,0,9,0.057249211039053866,11079.758269263308
9062301,newton_fixed,NGC4051,3,0,7,0.0059576818246072335,556.9776732562641
9062301,newton_fixed,NGC4068,4,0,6,0.0199803101554043,88.89994632073383
9062301,newton_fixed,NGC4088,2,0,12,0.005678362812218587,644.9715102866962
9062301,newton_fixed,NGC4100,0,0,24,0.04471953680099968,4406.008200952966
9062301,newton_fixed,NGC5005,0,0,18,0.003395025200290211,1032.8359908487482
9062301,newton_fixed,NGC5033,1,0,22,0.05281712261391662,6690.60586922638
9062301,newton_fixed,NGC5371,2,0,19,0.011030379273301413,2052.7193316323355
9062301,newton_fixed,NGC5585,3,0,24,0.05180951174994467,1003.6821937946311
9062301,newton_fixed,NGC5985,1,0,33,0.08008784966510056,18631.21354611321
9062301,newton_fixed,NGC6015,1,0,44,0.06687887908092398,4306.592467501244
9062301,newton_fixed,NGC6195,2,0,23,0.0041004429729612,1054.033128829798
9062301,newton_fixed,NGC6503,1,0,31,0.09615139716217472,3230.108509787587
9062301,newton_fixed,NGC6674,4,0,15,0.08581903204722129,14208.067741401099
9062301,newton_fixed,NGC6946,4,0,58,0.017600415997075704,1776.6137603333734
9062301,newton_fixed,NGC7331,3,0,36,0.01740151955750265,3522.939076331272
9062301,newton_fixed,UGC00128,1,0,22,0.1699570632717956,5549.159617799195
9062301,newton_fixed,UGC00191,2,0,9,0.0948733215929037,1019.1849507347847
9062301,newton_fixed,UGC00731,0,0,12,0.2339313296777831,1457.2243004948814
9062301,newton_fixed,UGC00891,1,0,5,0.1044471796503508,806.5635825902589
9062301,newton_fixed,UGC02259,2,0,8,0.1645827658732606,2314.0070954611497
9062301,newton_fixed,UGC02487,2,0,17,0.0867296735328349,28179.36451644828
9062301,newton_fixed,UGC02916,0,0,43,0.010389415215008373,1677.0964554960894
9062301,newton_fixed,UGC02953,3,0,115,0.036396018760361706,7466.249070934645
9062301,newton_fixed,UGC03205,2,0,48,0.0322874147201845,5178.940853517506
9062301,newton_fixed,UGC03580,3,0,47,0.033995551486591204,1296.8649588430187
9062301,newton_fixed,UGC04325,3,0,8,0.14008978450723814,2131.009533163413
9062301,newton_fixed,UGC04483,0,0,8,0.0544092612967054,70.26892149591477
9062301,newton_fixed,UGC04499,2,0,9,0.06418667184983039,826.0331157789723
9062301,newton_fixed,UGC05414,3,0,6,0.04693128705435871,379.3546211427526
9062301,newton_fixed,UGC05716,3,0,12,0.15153956286721568,1489.6294033756885
9062301,newton_fixed,UGC05750,0,0,11,0.07403726048595216,756.80398105539
9062301,newton_fixed,UGC05764,1,0,10,0.22185987398954055,877.7504273914992
9062301,newton_fixed,UGC05829,1,0,11,0.13762639266851487,612.7763769455173
9062301,newton_fixed,UGC06399,0,0,9,0.10511333929791268,1498.2616875441195
9062301,newton_fixed,UGC06614,4,0,13,0.03698059317893746,4296.547532853196
9062301,newton_fixed,UGC06786,1,0,45,0.05004237373295675,6729.121739621244
9062301,newton_fixed,UGC06787,4,0,71,0.03987828818286315,6472.488871313041
9062301,newton_fixed,UGC06818,0,0,8,0.061024614629633225,732.8081774814389
9062301,newton_fixed,UGC06917,2,0,11,0.07942683617168957,2156.6663903721715
9062301,newton_fixed,UGC06923,4,0,6,0.03469716943657189,672.5954374257236
9062301,newton_fixed,UGC06983,3,0,17,0.10702061959421748,2974.7541878483926
9062301,newton_fixed,UGC07089,3,0,12,0.04521256282065289,648.4091180440126
9062301,newton_fixed,UGC07261,4,0,7,0.0877656410428133,1092.3587201550351
9062301,newton_fixed,UGC07323,4,0,10,0.0362735727358669,554.3347998781818
9062301,newton_fixed,UGC07399,2,0,10,0.2020117188059618,3467.7860215333785
9062301,newton_fixed,UGC07524,0,0,31,0.1061234554320332,1175.7162906591557
9062301,newton_fixed,UGC07577,0,0,9,0.022079262415087324,5.9742763689512115
9062301,newton_fixed,UGC07603,2,0,12,0.12345004526381093,989.3505701432899
9062301,newton_fixed,UGC07866,1,0,7,0.06121941361206716,122.69280769252774
9062301,newton_fixed,UGC08490,1,0,30,0.14997308105700005,2013.4278026426132
9062301,newton_fixed,UGC08699,0,0,41,0.030649467046667045,3278.4928091426596
9062301,newton_fixed,UGC08837,1,0,8,0.028089730229061236,150.92835998553153
9062301,newton_fixed,UGC09037,0,0,22,0.018579633937240835,1497.0599765082216
9062301,newton_fixed,UGC09133,4,0,68,0.03924235015439958,6644.473548678883
9062301,newton_fixed,UGC09992,3,0,5,0.037460206039314506,125.71541480946958
9062301,newton_fixed,UGC10310,1,0,7,0.09012817448170665,977.1819439909515
9062301,newton_fixed,UGC11820,0,0,10,0.12040750042339096,947.5973734751014
9062301,newton_fixed,UGC11914,1,0,65,0.008262994070752244,2865.434999941108
9062301,newton_fixed,UGCA442,2,0,8,0.13740553150244453,761.686776577119
9062301,newton_fixed,UGCA444,1,0,36,0.1332533857495859,209.41853063919973
9062301,mond_fixed,CamB,2,1,9,0.20584368941640968,244.09313797301425
9062301,mond_fixed,D564-8,1,1,6,0.02753833243096267,51.323559300728284
9062301,mond_fixed,D631-7,4,1,16,0.025879425421062738,110.70758485402212
9062301,mond_fixed,DDO064,0,1,14,0.005550146547520265,12.590380248596555
9062301,mond_fixed,DDO161,0,1,31,0.023868097550687157,344.8282015091504
9062301,mond_fixed,DDO168,0,1,10,0.011884732968400787,62.093110221306326
9062301,mond_fixed,DDO170,2,1,8,0.01074998980763409,206.49949386407062
9062301,mond_fixed,ESO079-G014,4,1,15,0.0024365175282382323,129.90604146052758
9062301,mond_fixed,ESO116-G012,4,1,15,0.0017026467782766512,82.96978537850563
9062301,mond_fixed,F565-V2,2,1,7,0.0032136046553516615,47.84110196502697
9062301,mond_fixed,F568-3,0,1,18,0.008118977576168064,63.6232650720971
9062301,mond_fixed,F568-V1,2,1,15,0.017607068050432266,663.68948991694
9062301,mond_fixed,F571-V1,1,1,7,0.002757291680077107,40.44987006230654
9062301,mond_fixed,F583-1,2,1,25,0.012839186971722016,106.50575011215653
9062301,mond_fixed,F583-4,3,1,12,0.0015836447258602319,28.955111961114742
9062301,mond_fixed,KK98-251,4,1,15,0.04273776339890408,118.16986703882256
9062301,mond_fixed,NGC0024,3,1,29,0.013932696484557233,426.534518326219
9062301,mond_fixed,NGC0055,3,1,21,0.010926438592539169,306.88227201847724
9062301,mond_fixed,NGC0247,2,1,26,0.0008286811380461139,29.979090852265685
9062301,mond_fixed,NGC0289,1,1,28,0.0032124699654962896,556.7271321612782
9062301,mond_fixed,NGC0300,4,1,25,0.0010594362297723676,31.439836924832722
9062301,mond_fixed,NGC0801,0,1,13,0.004584267671734698,1246.5328061646846
9062301,mond_fixed,NGC1003,3,1,36,0.0017174137131244602,67.79570173997288
9062301,mond_fixed,NGC1090,1,1,24,0.007510378827226737,352.08028168036464
9062301,mond_fixed,NGC2403,1,1,73,0.0005878604840940151,38.9360081438137
9062301,mond_fixed,NGC2683,2,1,11,0.001350517141218433,200.24661112984086
9062301,mond_fixed,NGC2841,3,1,50,0.0069162339679225944,2811.5160556254377
9062301,mond_fixed,NGC2915,4,1,30,0.025074319056583687,425.57670558556936
9062301,mond_fixed,NGC2955,2,1,24,0.0015362839008018127,541.6303631617106
9062301,mond_fixed,NGC2976,4,1,27,0.011627681121076728,32.24024372751406
9062301,mond_fixed,NGC2998,3,1,13,0.014252624484766515,732.9717507705129
9062301,mond_fixed,NGC3109,3,1,25,0.0035573304673822237,25.420145374841645
9062301,mond_fixed,NGC3198,3,1,43,0.005402308890426161,124.9682786139475
9062301,mond_fixed,NGC3521,0,1,41,0.00020628298958536733,46.442669212264974
9062301,mond_fixed,NGC3741,4,1,21,0.0019479007299001187,7.4053572152075775
9062301,mond_fixed,NGC3769,4,1,12,0.0034960943248887356,255.37183759547426
9062301,mond_fixed,NGC3877,0,1,13,0.01295231371634525,572.1012274955821
9062301,mond_fixed,NGC3893,1,1,10,0.0003320219520341535,47.383583863688
9062301,mond_fixed,NGC3917,0,1,17,0.0040183008777799015,44.0590844858543
9062301,mond_fixed,NGC3949,4,1,7,0.000986881533291895,127.64005217133861
9062301,mond_fixed,NGC3972,4,1,10,0.0017914547678271578,45.89840303182833
9062301,mond_fixed,NGC3992,3,1,9,0.0011374357941199122,343.7140269102328
9062301,mond_fixed,NGC4051,3,1,7,0.004495723779292747,643.370463151478
9062301,mond_fixed,NGC4068,4,1,6,0.05792166096299926,129.72391298393632
9062301,mond_fixed,NGC4088,2,1,12,0.01024433308058023,1779.4573084562646
9062301,mond_fixed,NGC4100,0,1,24,0.0007030289234199819,97.49387260180328
9062301,mond_fixed,NGC5005,0,1,18,0.0005991034522490181,195.3818187744397
9062301,mond_fixed,NGC5033,1,1,22,0.0008882935945106436,233.96691778221538
9062301,mond_fixed,NGC5371,2,1,19,0.006406483242225192,2013.4443781372147
9062301,mond_fixed,NGC5585,3,1,24,0.006286254486897485,69.97650711942423
9062301,mond_fixed,NGC5985,1,1,33,0.016053405184009568,4816.891607753498
9062301,mond_fixed,NGC6015,1,1,44,0.001682633427193477,117.12892717502433
9062301,mond_fixed,NGC6195,2,1,23,0.0036454838906899685,1313.2447829312152
9062301,mond_fixed,NGC6503,1,1,31,0.0003650464981992309,17.969761164132347
9062301,mond_fixed,NGC6674,4,1,15,0.0019125759922267,643.9987349039267
9062301,mond_fixed,NGC6946,4,1,58,0.002075559366363078,314.28008697701574
9062301,mond_fixed,NGC7331,3,1,36,0.0023674802036222184,859.1614075489134
9062301,mond_fixed,UGC00128,1,1,22,0.002292306309984803,137.22846221954387
9062301,mond_fixed,UGC00191,2,1,9,0.0025356397307140684,53.34165255963803
9062301,mond_fixed,UGC00731,0,1,12,0.011474125157994437,131.48758074111313
9062301,mond_fixed,UGC00891,1,1,5,0.008321393639273927,59.01327202902117
9062301,mond_fixed,UGC02259,2,1,8,0.010083575328800914,186.63740683634788
9062301,mond_fixed,UGC02487,2,1,17,0.006438189972401677,3700.1197167933
9062301,mond_fixed,UGC02916,0,1,43,0.004238222976032068,918.7303786675176
9062301,mond_fixed,UGC02953,3,1,115,0.004237335238383473,837.0022650742683
9062301,mond_fixed,UGC03205,2,1,48,0.0019378453518078852,400.50065837058474
9062301,mond_fixed,UGC03580,3,1,47,0.016346942210467147,738.3507493132033
9062301,mond_fixed,UGC04325,3,1,8,0.012710722294253593,269.94924735320427
9062301,mond_fixed,UGC04483,0,1,8,0.014890543409951544,27.922904954611315
9062301,mond_fixed,UGC04499,2,1,9,0.005325463992301268,80.72875853335138
9062301,mond_fixed,UGC05414,3,1,6,0.007438180748801649,68.25737145538807
9062301,mond_fixed,UGC05716,3,1,12,0.0014603623435860762,31.422731724879082
9062301,mond_fixed,UGC05750,0,1,11,0.043166979773464405,238.13072921582128
9062301,mond_fixed,UGC05764,1,1,10,0.01209003891808132,71.78833417748044
9062301,mond_fixed,UGC05829,1,1,11,0.003408234832981603,74.07740181331773
9062301,mond_fixed,UGC06399,0,1,9,0.0014233549202768926,16.058269330078403
9062301,mond_fixed,UGC06614,4,1,13,0.004788631467644377,963.4572018769193
9062301,mond_fixed,UGC06786,1,1,45,0.004577558903907057,890.9356901614955
9062301,mond_fixed,UGC06787,4,1,71,0.0032680397044886817,885.3658268204979
9062301,mond_fixed,UGC06818,0,1,8,0.020595549550483875,186.69270746521943
9062301,mond_fixed,UGC06917,2,1,11,0.0005448907423710501,21.29962685455371
9062301,mond_fixed,UGC06923,4,1,6,0.004939060283348962,84.16607557947503
9062301,mond_fixed,UGC06983,3,1,17,0.00198640528824678,83.70470690982741
9062301,mond_fixed,UGC07089,3,1,12,0.01162102467218653,228.30929606604244
9062301,mond_fixed,UGC07261,4,1,7,0.001617975648647825,21.31474653431738
9062301,mond_fixed,UGC07323,4,1,10,0.005327523942642132,88.51821019207793
9062301,mond_fixed,UGC07399,2,1,10,0.0242193958526976,743.6975936575591
9062301,mond_fixed,UGC07524,0,1,31,0.0023822084074787875,54.66249063155013
9062301,mond_fixed,UGC07577,0,1,9,0.11564892877567183,172.2846631486365
9062301,mond_fixed,UGC07603,2,1,12,0.0036729039569391234,46.454071626100365
9062301,mond_fixed,UGC07866,1,1,7,0.013946104408783326,65.7625239433453
9062301,mond_fixed,UGC08490,1,1,30,0.003267690114447881,77.12598678678403
9062301,mond_fixed,UGC08699,0,1,41,0.0009905166339975425,181.6635886591283
9062301,mond_fixed,UGC08837,1,1,8,0.04961463326558827,214.0877219762782
9062301,mond_fixed,UGC09037,0,1,22,0.01466247810881918,1466.088477730174
9062301,mond_fixed,UGC09133,4,1,68,0.0015688921597687572,453.51631640647815
9062301,mond_fixed,UGC09992,3,1,5,0.025479767373247066,235.60104585859472
9062301,mond_fixed,UGC10310,1,1,7,0.0020291585143245934,64.4068360206192
9062301,mond_fixed,UGC11820,0,1,10,0.0037905193777308154,85.15859469849265
9062301,mond_fixed,UGC11914,1,1,65,0.002394995967007398,911.9025694194645
9062301,mond_fixed,UGCA442,2,1,8,0.0016798061389136838,12.099592645473768
9062301,mond_fixed,UGCA444,1,1,36,0.005234330172042357,24.280476516831836
9062301,newton_ml,CamB,2,4,9,0.025052879757683458,11.580917018938347
9062301,newton_ml,D564-8,1,4,6,0.11070415513650206,127.73567750019798
9062301,newton_ml,D631-7,4,4,16,0.10398965245836965,673.4797632097707
9062301,newton_ml,DDO064,0,4,14,0.13431175190046635,296.3319642765805
9062301,newton_ml,DDO161,0,4,31,0.04767883546891685,523.421226620722
9062301,newton_ml,DDO168,0,4,10,0.05833869522764159,422.1431480861702
9062301,newton_ml,DDO170,2,4,8,0.08701166343429281,714.8424789973299
9062301,newton_ml,ESO079-G014,4,4,15,0.035411931375511255,2444.709872155981
9062301,newton_ml,ESO116-G012,4,4,15,0.06838353466274774,1925.331195269114
9062301,newton_ml,F565-V2,2,4,7,0.17371594770426166,1631.1889795792717
9062301,newton_ml,F568-3,0,4,18,0.0861270525290739,1775.7363310172348
9062301,newton_ml,F568-V1,2,4,15,0.1836561652638736,3990.225071143658
9062301,newton_ml,F571-V1,1,4,7,0.09959558092038115,1478.8719799758585
9062301,newton_ml,F583-1,2,4,25,0.17846362798459783,1350.9203941108135
9062301,newton_ml,F583-4,3,4,12,0.08375145270385276,683.6557256467303
9062301,newton_ml,KK98-251,4,4,15,0.036728112421488886,79.93476976297121
9062301,newton_ml,NGC0024,3,4,29,0.08318749912429349,1918.1502507636092
9062301,newton_ml,NGC0055,3,4,21,0.037137066707003195,805.8539165593481
9062301,newton_ml,NGC0247,2,4,26,0.08029758765138609,1732.012253385061
9062301,newton_ml,NGC0289,1,4,28,0.05193570790864653,4479.487538491262
9062301,newton_ml,NGC0300,4,4,25,0.10209699051361824,1945.8862133668465
9062301,newton_ml,NGC0801,0,4,13,0.01047330136376215,1863.3136561340552
9062301,newton_ml,NGC1003,3,4,36,0.11564482815378084,3020.3604467983673
9062301,newton_ml,NGC1090,1,4,24,0.0247884287749796,2133.778389285286
9062301,newton_ml,NGC2403,1,4,73,0.05018107400422353,2230.4555854937425
9062301,newton_ml,NGC2683,2,4,11,0.03278163791544679,2987.3089625987723
9062301,newton_ml,NGC2841,3,4,50,0.057905855085992816,13808.128350544486
9062301,newton_ml,NGC2915,4,4,30,0.23399934073778889,2734.8613164017024
9062301,newton_ml,NGC2955,2,4,24,0.003559910224550948,1031.958033954504
9062301,newton_ml,NGC2976,4,4,27,0.007989903104083654,119.2020492144894
9062301,newton_ml,NGC2998,3,4,13,0.04152892130988211,3897.488254815881
9062301,newton_ml,NGC3109,3,4,25,0.1764212868600494,1000.9591263782495
9062301,newton_ml,NGC3198,3,4,43,0.04356014367458931,2606.782990967294
9062301,newton_ml,NGC3521,0,4,41,0.003980005523124884,623.2413592920316
9062301,newton_ml,NGC3741,4,4,21,0.20531869256259588,661.5854084822129
9062301,newton_ml,NGC3769,4,4,12,0.05646082680887393,2191.3815751186435
9062301,newton_ml,NGC3877,0,4,13,0.013621852723956988,657.9279935729141
9062301,newton_ml,NGC3893,1,4,10,0.02175088610539635,2488.8825091362896
9062301,newton_ml,NGC3917,0,4,17,0.039131887293311095,2041.2037769693625
9062301,newton_ml,NGC3949,4,4,7,0.003478943996568569,410.072956809559
9062301,newton_ml,NGC3972,4,4,10,0.033253812879297316,1521.8189470676216
9062301,newton_ml,NGC3992,3,4,9,0.041559451082450544,8551.255973502086
9062301,newton_ml,NGC4051,3,4,7,0.0020569264336057747,202.49393657854287
9062301,newton_ml,NGC4068,4,4,6,0.015768671531443734,73.42258801748669
9062301,newton_ml,NGC4088,2,4,12,0.004257682186084571,505.66718674840564
9062301,newton_ml,NGC4100,0,4,24,0.031180938789959034,3261.7837323171134
9062301,newton_ml,NGC5005,0,4,18,0.002087280295070838,684.0168478657974
9062301,newton_ml,NGC5033,1,4,22,0.04120118874938499,5580.003720638021
9062301,newton_ml,NGC5371,2,4,19,0.005086728644159599,970.634018811744
9062301,newton_ml,NGC5585,3,4,24,0.04213119478660471,884.4426027913302
9062301,newton_ml,NGC5985,1,4,33,0.0598464128725188,15055.117098667655
9062301,newton_ml,NGC6015,1,4,44,0.05285984730284554,3604.2391108726424
9062301,newton_ml,NGC6195,2,4,23,0.0023121012423973756,603.1707488796226
9062301,newton_ml,NGC6503,1,4,31,0.07957871574789886,2804.6849234434653
9062301,newton_ml,NGC6674,4,4,15,0.06782597264117816,11796.767691290866
9062301,newton_ml,NGC6946,4,4,58,0.011001975898063676,1178.5908045327553
9062301,newton_ml,NGC7331,3,4,36,0.012171409579974481,2790.6384621696034
9062301,newton_ml,UGC00128,1,4,22,0.15325838935209635,5243.416461948255
9062301,newton_ml,UGC00191,2,4,9,0.07690156435167689,904.6364247933562
9062301,newton_ml,UGC00731,0,4,12,0.2196361033870712,1424.9129107447827
9062301,newton_ml,UGC00891,1,4,5,0.09652987058674459,771.9307267850236
9062301,newton_ml,UGC02259,2,4,8,0.14267699136685716,2124.9556600908686
9062301,newton_ml,UGC02487,2,4,17,0.06688811926969228,22960.80581541158
9062301,newton_ml,UGC02916,0,4,43,0.007275441306122316,1351.777704986575
9062301,newton_ml,UGC02953,3,4,115,0.02717887146589558,5674.861858367654
9062301,newton_ml,UGC03205,2,4,48,0.021659563858938715,3612.250958282688
9062301,newton_ml,UGC03580,3,4,47,0.032847230892724066,1320.94167080703
9062301,newton_ml,UGC04325,3,4,8,0.11846672931952734,1913.7118257915977
9062301,newton_ml,UGC04483,0,4,8,0.04787204919006401,65.5739647822892
9062301,newton_ml,UGC04499,2,4,9,0.05356480696038465,734.7951718104209
9062301,newton_ml,UGC05414,3,4,6,0.036311797707966664,320.41765747186315
9062301,newton_ml,UGC05716,3,4,12,0.13883549232337958,1426.5891326707958
9062301,newton_ml,UGC05750,0,4,11,0.06153051743911067,675.8974752108747
9062301,newton_ml,UGC05764,1,4,10,0.2098084714371319,857.0344443047263
9062301,newton_ml,UGC05829,1,4,11,0.11848023291223862,572.6930854001652
9062301,newton_ml,UGC06399,0,4,9,0.08645674107328868,1329.833824295244
9062301,newton_ml,UGC06614,4,4,13,0.028234723980266704,3503.8354206975955
9062301,newton_ml,UGC06786,1,4,45,0.037120397377854004,5212.370338738796
9062301,newton_ml,UGC06787,4,4,71,0.03086510124561234,5397.540274869854
9062301,newton_ml,UGC06818,0,4,8,0.04963699032420283,641.8923478330659
9062301,newton_ml,UGC06917,2,4,11,0.06252200190106337,1832.9832885344397
9062301,newton_ml,UGC06923,4,4,6,0.025852951060186476,538.921718663357
9062301,newton_ml,UGC06983,3,4,17,0.09111905062025392,2683.3940484418777
9062301,newton_ml,UGC07089,3,4,12,0.03374831326435799,529.2943686923153
9062301,newton_ml,UGC07261,4,4,7,0.07024911895805061,933.5690126003462
9062301,newton_ml,UGC07323,4,4,10,0.02442051097187866,418.38056548504983
9062301,newton_ml,UGC07399,2,4,10,0.18004158989364633,3262.8318327615552
9062301,newton_ml,UGC07524,0,4,31,0.08971023594918957,1064.6671336455663
9062301,newton_ml,UGC07577,0,4,9,0.013084560770369241,4.1417036096818665
9062301,newton_ml,UGC07603,2,4,12,0.10724116073814338,909.3970816823794
9062301,newton_ml,UGC07866,1,4,7,0.04891045610793421,105.54028811763321
9062301,newton_ml,UGC08490,1,4,30,0.13485114117215527,1882.3409588540148
9062301,newton_ml,UGC08699,0,4,41,0.021788557924524315,2506.819402462996
9062301,newton_ml,UGC08837,1,4,8,0.02098788531914967,126.00189138348492
9062301,newton_ml,UGC09037,0,4,22,0.01445806243189515,1153.6791858577383
9062301,newton_ml,UGC09133,4,4,68,0.030113437570009637,5217.976477268919
9062301,newton_ml,UGC09992,3,4,5,0.028346181303035393,100.72049169652684
9062301,newton_ml,UGC10310,1,4,7,0.07399473218007291,859.1144201662629
9062301,newton_ml,UGC11820,0,4,10,0.10400500608744392,900.495958902814
9062301,newton_ml,UGC11914,1,4,65,0.003052045287560248,1122.8111992845472
9062301,newton_ml,UGCA442,2,4,8,0.131622664816666,744.6114755977763
9062301,newton_ml,UGCA444,1,4,36,0.12742208983322595,207.0137744648122
9062301,mond_adjusted,CamB,2,11,9,0.16424275050780313,160.74742191728086
9062301,mond_adjusted,D564-8,1,11,6,0.01313607108936934,15.922223749463514
9062301,mond_adjusted,D631-7,4,11,16,0.018337427925243965,75.95543855167676
9062301,mond_adjusted,DDO064,0,11,14,0.006015819824398389,10.943565469925813
9062301,mond_adjusted,DDO161,0,11,31,0.010313790630969502,97.33529761067895
9062301,mond_adjusted,DDO168,0,11,10,0.005969815148249259,30.13881127467307
9062301,mond_adjusted,DDO170,2,11,8,0.0021729234586985277,31.577777858964623
9062301,mond_adjusted,ESO079-G014,4,11,15,0.0037457891150712327,309.57651450281105
9062301,mond_adjusted,ESO116-G012,4,11,15,0.005710223060550576,269.71043310700236
9062301,mond_adjusted,F565-V2,2,11,7,0.009354146364741198,189.118551816517
9062301,mond_adjusted,F568-3,0,11,18,0.008197153272002504,134.5410955279509
9062301,mond_adjusted,F568-V1,2,11,15,0.029979935342710165,1072.9906673852895
9062301,mond_adjusted,F571-V1,1,11,7,0.0015365914677965033,27.974914220126173
9062301,mond_adjusted,F583-1,2,11,25,0.016790011905255156,173.59332410726427
9062301,mond_adjusted,F583-4,3,11,12,0.0003186644458923547,3.1661891272769758
9062301,mond_adjusted,KK98-251,4,11,15,0.022416060281088404,41.96456609222263
9062301,mond_adjusted,NGC0024,3,11,29,0.02073600180305731,628.2086474930047
9062301,mond_adjusted,NGC0055,3,11,21,0.00353800104678078,59.82114347215165
9062301,mond_adjusted,NGC0247,2,11,26,0.0019814125920818637,45.7089636233774
9062301,mond_adjusted,NGC0289,1,11,28,0.0006667404548924437,104.22946438097476
9062301,mond_adjusted,NGC0300,4,11,25,0.004873643614219643,164.26722082148544
9062301,mond_adjusted,NGC0801,0,11,13,0.0023638029647606437,483.7220262028633
9062301,mond_adjusted,NGC1003,3,11,36,0.002093105451204142,100.10984662289376
9062301,mond_adjusted,NGC1090,1,11,24,0.00574266486304674,97.02204451614436
9062301,mond_adjusted,NGC2403,1,11,73,0.0030217299101438794,216.68670176404805
9062301,mond_adjusted,NGC2683,2,11,11,0.00044495366813294106,75.26049040821277
9062301,mond_adjusted,NGC2841,3,11,50,0.010312495812674063,3846.424722064945
9062301,mond_adjusted,NGC2915,4,11,30,0.0386567516576747,713.559471222184
9062301,mond_adjusted,NGC2955,2,11,24,0.0014643653561605965,543.8139961649966
9062301,mond_adjusted,NGC2976,4,11,27,0.008364071423177006,15.502483667176065
9062301,mond_adjusted,NGC2998,3,11,13,0.014530855317719714,669.1557892950407
9062301,mond_adjusted,NGC3109,3,11,25,0.007768540139922949,106.48386343430163
9062301,mond_adjusted,NGC3198,3,11,43,0.005092335676946655,92.70421059944672
9062301,mond_adjusted,NGC3521,0,11,41,0.0006421302555755153,141.3320274409932
9062301,mond_adjusted,NGC3741,4,11,21,0.0060532488480608045,47.525230823042676
9062301,mond_adjusted,NGC3769,4,11,12,0.0016134509624230627,99.38894722308616
9062301,mond_adjusted,NGC3877,0,11,13,0.012562160852490846,456.1792451499287
9062301,mond_adjusted,NGC3893,1,11,10,0.0012811946752494955,196.02793779788516
9062301,mond_adjusted,NGC3917,0,11,17,0.004343007754550394,123.47786207525736
9062301,mond_adjusted,NGC3949,4,11,7,0.0011465927374654605,145.37197051623872
9062301,mond_adjusted,NGC3972,4,11,10,0.0032794682262161914,155.99953064806317
9062301,mond_adjusted,NGC3992,3,11,9,0.00294104802422,877.3021255709457
9062301,mond_adjusted,NGC4051,3,11,7,0.0029776503067294466,393.47744749403927
9062301,mond_adjusted,NGC4068,4,11,6,0.04064677483902817,59.73256325882404
9062301,mond_adjusted,NGC4088,2,11,12,0.007844973900052959,1271.6737437093454
9062301,mond_adjusted,NGC4100,0,11,24,0.0016029067461743919,234.9661747023484
9062301,mond_adjusted,NGC5005,0,11,18,0.001652639902761994,568.6546375949225
9062301,mond_adjusted,NGC5033,1,11,22,0.0025441892756028015,649.6857524110156
9062301,mond_adjusted,NGC5371,2,11,19,0.0034391120565062383,1038.4378596418364
9062301,mond_adjusted,NGC5585,3,11,24,0.004562424210719494,65.70649552300443
9062301,mond_adjusted,NGC5985,1,11,33,0.020551957222111217,6127.98017189932
9062301,mond_adjusted,NGC6015,1,11,44,0.0036208250530417635,320.2358034687814
9062301,mond_adjusted,NGC6195,2,11,23,0.0032664274208035614,1104.5893723122372
9062301,mond_adjusted,NGC6503,1,11,31,0.0019174420934731373,116.1439999128202
9062301,mond_adjusted,NGC6674,4,11,15,0.004340359751228048,1333.1962955074791
9062301,mond_adjusted,NGC6946,4,11,58,0.001373992453253499,195.88424335444023
9062301,mond_adjusted,NGC7331,3,11,36,0.0026483672310968487,1026.4239748345074
9062301,mond_adjusted,UGC00128,1,11,22,0.004341378107094992,226.37985726791385
9062301,mond_adjusted,UGC00191,2,11,9,0.005155941175539716,81.65417982524941
9062301,mond_adjusted,UGC00731,0,11,12,0.019281272420989436,157.1568961387904
9062301,mond_adjusted,UGC00891,1,11,5,0.004160320324883225,29.56989157983703
9062301,mond_adjusted,UGC02259,2,11,8,0.019660024504469985,395.5331944730715
9062301,mond_adjusted,UGC02487,2,11,17,0.010680740533293938,5655.917008101969
9062301,mond_adjusted,UGC02916,0,11,43,0.0040389820340974375,979.6725510725314
9062301,mond_adjusted,UGC02953,3,11,115,0.005194434833811744,1229.3106620393003
9062301,mond_adjusted,UGC03205,2,11,48,0.0026649362076589314,567.9337600516195
9062301,mond_adjusted,UGC03580,3,11,47,0.01638298002829663,726.4621479689625
9062301,mond_adjusted,UGC04325,3,11,8,0.022418868806148913,481.1032888257825
9062301,mond_adjusted,UGC04483,0,11,8,0.005294803272961987,5.564196554900068
9062301,mond_adjusted,UGC04499,2,11,9,0.002142539770115663,13.050292219898063
9062301,mond_adjusted,UGC05414,3,11,6,0.0023820739278521746,11.854077035633738
9062301,mond_adjusted,UGC05716,3,11,12,0.004106699253587825,59.81438000137993
9062301,mond_adjusted,UGC05750,0,11,11,0.029627712575255653,70.2949161403675
9062301,mond_adjusted,UGC05764,1,11,10,0.025604897944665816,160.18088783022785
9062301,mond_adjusted,UGC05829,1,11,11,0.0016203534510371197,10.85628899302831
9062301,mond_adjusted,UGC06399,0,11,9,0.004036330900037092,101.75695611374937
9062301,mond_adjusted,UGC06614,4,11,13,0.0034055848972908784,678.7132372895138
9062301,mond_adjusted,UGC06786,1,11,45,0.006789793435123019,1332.0686611022468
9062301,mond_adjusted,UGC06787,4,11,71,0.006322491817240741,1675.800616278292
9062301,mond_adjusted,UGC06818,0,11,8,0.014277508865556631,121.32093108927356
9062301,mond_adjusted,UGC06917,2,11,11,0.0029783382414302144,131.49434125111827
9062301,mond_adjusted,UGC06923,4,11,6,0.0028017502721633513,39.43931498962118
9062301,mond_adjusted,UGC06983,3,11,17,0.0057147352457329595,249.8570669836692
9062301,mond_adjusted,UGC07089,3,11,12,0.004533040803772088,63.271553702082514
9062301,mond_adjusted,UGC07261,4,11,7,0.0034952217618527425,44.45599180244147
9062301,mond_adjusted,UGC07323,4,11,10,0.0017327403290964822,18.700873280700012
9062301,mond_adjusted,UGC07399,2,11,10,0.0403788654867262,1142.4176733207646
9062301,mond_adjusted,UGC07524,0,11,31,0.001969030194087702,28.553135672407077
9062301,mond_adjusted,UGC07577,0,11,9,0.08451692030428805,105.98682019595104
9062301,mond_adjusted,UGC07603,2,11,12,0.009383120985435965,135.31611713058328
9062301,mond_adjusted,UGC07866,1,11,7,0.004604215229728613,18.29363779413228
9062301,mond_adjusted,UGC08490,1,11,30,0.010580455685562842,250.8871943589201
9062301,mond_adjusted,UGC08699,0,11,41,0.0026337879503693616,480.5070194220986
9062301,mond_adjusted,UGC08837,1,11,8,0.03313511219202962,95.51691856584807
9062301,mond_adjusted,UGC09037,0,11,22,0.009689211722151552,749.1519621190641
9062301,mond_adjusted,UGC09133,4,11,68,0.0012403611774120865,433.1862961327556
9062301,mond_adjusted,UGC09992,3,11,5,0.01259053790983416,104.12891480052238
9062301,mond_adjusted,UGC10310,1,11,7,0.0018037523449365325,30.996268004962953
9062301,mond_adjusted,UGC11820,0,11,10,0.003993875865063608,24.02917381055549
9062301,mond_adjusted,UGC11914,1,11,65,0.0011430828218266576,432.0992838066604
9062301,mond_adjusted,UGCA442,2,11,8,0.002359754350212398,33.45789029105847
9062301,mond_adjusted,UGCA444,1,11,36,0.0020783946259931097,3.360452605369726
9062301,absorption_proxy,CamB,2,24,9,0.025052879757683458,11.580917018938347
9062301,absorption_proxy,D564-8,1,24,6,0.11070415513650206,127.73567750019798
9062301,absorption_proxy,D631-7,4,24,16,0.10398965245836965,673.4797632097707
9062301,absorption_proxy,DDO064,0,24,14,0.13431175190046635,296.3319642765805
9062301,absorption_proxy,DDO161,0,24,31,0.04767883546891685,523.421226620722
9062301,absorption_proxy,DDO168,0,24,10,0.05833869522764159,422.1431480861702
9062301,absorption_proxy,DDO170,2,24,8,0.08701166343429281,714.8424789973299
9062301,absorption_proxy,ESO079-G014,4,24,15,0.035411931375511255,2444.709872155981
9062301,absorption_proxy,ESO116-G012,4,24,15,0.06838353466274774,1925.331195269114
9062301,absorption_proxy,F565-V2,2,24,7,0.17371594770426166,1631.1889795792717
9062301,absorption_proxy,F568-3,0,24,18,0.0861270525290739,1775.7363310172348
9062301,absorption_proxy,F568-V1,2,24,15,0.1836561652638736,3990.225071143658
9062301,absorption_proxy,F571-V1,1,24,7,0.09959558092038115,1478.8719799758585
9062301,absorption_proxy,F583-1,2,24,25,0.17846362798459783,1350.9203941108135
9062301,absorption_proxy,F583-4,3,24,12,0.08375145270385276,683.6557256467303
9062301,absorption_proxy,KK98-251,4,24,15,0.036728112421488886,79.93476976297121
9062301,absorption_proxy,NGC0024,3,24,29,0.08318749912429349,1918.1502507636092
9062301,absorption_proxy,NGC0055,3,24,21,0.037137066707003195,805.8539165593481
9062301,absorption_proxy,NGC0247,2,24,26,0.08029758765138609,1732.012253385061
9062301,absorption_proxy,NGC0289,1,24,28,0.05193570790864653,4479.487538491262
9062301,absorption_proxy,NGC0300,4,24,25,0.10209699051361824,1945.8862133668465
9062301,absorption_proxy,NGC0801,0,24,13,0.01047330136376215,1863.3136561340552
9062301,absorption_proxy,NGC1003,3,24,36,0.11564482815378084,3020.3604467983673
9062301,absorption_proxy,NGC1090,1,24,24,0.0247884287749796,2133.778389285286
9062301,absorption_proxy,NGC2403,1,24,73,0.05018107400422353,2230.4555854937425
9062301,absorption_proxy,NGC2683,2,24,11,0.03278163791544679,2987.3089625987723
9062301,absorption_proxy,NGC2841,3,24,50,0.057905855085992816,13808.128350544486
9062301,absorption_proxy,NGC2915,4,24,30,0.23399934073778889,2734.8613164017024
9062301,absorption_proxy,NGC2955,2,24,24,0.003559910224550948,1031.958033954504
9062301,absorption_proxy,NGC2976,4,24,27,0.007989903104083654,119.2020492144894
9062301,absorption_proxy,NGC2998,3,24,13,0.04152892130988211,3897.488254815881
9062301,absorption_proxy,NGC3109,3,24,25,0.1764212868600494,1000.9591263782495
9062301,absorption_proxy,NGC3198,3,24,43,0.04356014367458931,2606.782990967294
9062301,absorption_proxy,NGC3521,0,24,41,0.003980005523124884,623.2413592920316
9062301,absorption_proxy,NGC3741,4,24,21,0.20531869256259588,661.5854084822129
9062301,absorption_proxy,NGC3769,4,24,12,0.05646082680887393,2191.3815751186435
9062301,absorption_proxy,NGC3877,0,24,13,0.013621852723956988,657.9279935729141
9062301,absorption_proxy,NGC3893,1,24,10,0.02175088610539635,2488.8825091362896
9062301,absorption_proxy,NGC3917,0,24,17,0.039131887293311095,2041.2037769693625
9062301,absorption_proxy,NGC3949,4,24,7,0.003478943996568569,410.072956809559
9062301,absorption_proxy,NGC3972,4,24,10,0.033253812879297316,1521.8189470676216
9062301,absorption_proxy,NGC3992,3,24,9,0.041559451082450544,8551.255973502086
9062301,absorption_proxy,NGC4051,3,24,7,0.0020569264336057747,202.49393657854287
9062301,absorption_proxy,NGC4068,4,24,6,0.015768671531443734,73.42258801748669
9062301,absorption_proxy,NGC4088,2,24,12,0.004257682186084571,505.66718674840564
9062301,absorption_proxy,NGC4100,0,24,24,0.031180938789959034,3261.7837323171134
9062301,absorption_proxy,NGC5005,0,24,18,0.002087280295070838,684.0168478657974
9062301,absorption_proxy,NGC5033,1,24,22,0.04120118874938499,5580.003720638021
9062301,absorption_proxy,NGC5371,2,24,19,0.005086728644159599,970.634018811744
9062301,absorption_proxy,NGC5585,3,24,24,0.04213119478660471,884.4426027913302
9062301,absorption_proxy,NGC5985,1,24,33,0.0598464128725188,15055.117098667655
9062301,absorption_proxy,NGC6015,1,24,44,0.05285984730284554,3604.2391108726424
9062301,absorption_proxy,NGC6195,2,24,23,0.0023121012423973756,603.1707488796226
9062301,absorption_proxy,NGC6503,1,24,31,0.07957871574789886,2804.6849234434653
9062301,absorption_proxy,NGC6674,4,24,15,0.06782597264117816,11796.767691290866
9062301,absorption_proxy,NGC6946,4,24,58,0.011001975898063676,1178.5908045327553
9062301,absorption_proxy,NGC7331,3,24,36,0.012171409579974481,2790.6384621696034
9062301,absorption_proxy,UGC00128,1,24,22,0.15325838935209635,5243.416461948255
9062301,absorption_proxy,UGC00191,2,24,9,0.07690156435167689,904.6364247933562
9062301,absorption_proxy,UGC00731,0,24,12,0.2196361033870712,1424.9129107447827
9062301,absorption_proxy,UGC00891,1,24,5,0.09652987058674459,771.9307267850236
9062301,absorption_proxy,UGC02259,2,24,8,0.14267699136685716,2124.9556600908686
9062301,absorption_proxy,UGC02487,2,24,17,0.06688811926969228,22960.80581541158
9062301,absorption_proxy,UGC02916,0,24,43,0.007275441306122316,1351.777704986575
9062301,absorption_proxy,UGC02953,3,24,115,0.02717887146589558,5674.861858367654
9062301,absorption_proxy,UGC03205,2,24,48,0.021659563858938715,3612.250958282688
9062301,absorption_proxy,UGC03580,3,24,47,0.032847230892724066,1320.94167080703
9062301,absorption_proxy,UGC04325,3,24,8,0.11846672931952734,1913.7118257915977
9062301,absorption_proxy,UGC04483,0,24,8,0.04787204919006401,65.5739647822892
9062301,absorption_proxy,UGC04499,2,24,9,0.05356480696038465,734.7951718104209
9062301,absorption_proxy,UGC05414,3,24,6,0.036311797707966664,320.41765747186315
9062301,absorption_proxy,UGC05716,3,24,12,0.13883549232337958,1426.5891326707958
9062301,absorption_proxy,UGC05750,0,24,11,0.06153051743911067,675.8974752108747
9062301,absorption_proxy,UGC05764,1,24,10,0.2098084714371319,857.0344443047263
9062301,absorption_proxy,UGC05829,1,24,11,0.11848023291223862,572.6930854001652
9062301,absorption_proxy,UGC06399,0,24,9,0.08645674107328868,1329.833824295244
9062301,absorption_proxy,UGC06614,4,24,13,0.028234723980266704,3503.8354206975955
9062301,absorption_proxy,UGC06786,1,24,45,0.037120397377854004,5212.370338738796
9062301,absorption_proxy,UGC06787,4,24,71,0.03086510124561234,5397.540274869854
9062301,absorption_proxy,UGC06818,0,24,8,0.04963699032420283,641.8923478330659
9062301,absorption_proxy,UGC06917,2,24,11,0.06252200190106337,1832.9832885344397
9062301,absorption_proxy,UGC06923,4,24,6,0.025852951060186476,538.921718663357
9062301,absorption_proxy,UGC06983,3,24,17,0.09111905062025392,2683.3940484418777
9062301,absorption_proxy,UGC07089,3,24,12,0.03374831326435799,529.2943686923153
9062301,absorption_proxy,UGC07261,4,24,7,0.07024911895805061,933.5690126003462
9062301,absorption_proxy,UGC07323,4,24,10,0.02442051097187866,418.38056548504983
9062301,absorption_proxy,UGC07399,2,24,10,0.18004158989364633,3262.8318327615552
9062301,absorption_proxy,UGC07524,0,24,31,0.08971023594918957,1064.6671336455663
9062301,absorption_proxy,UGC07577,0,24,9,0.013084560770369241,4.1417036096818665
9062301,absorption_proxy,UGC07603,2,24,12,0.10724116073814338,909.3970816823794
9062301,absorption_proxy,UGC07866,1,24,7,0.04891045610793421,105.54028811763321
9062301,absorption_proxy,UGC08490,1,24,30,0.13485114117215527,1882.3409588540148
9062301,absorption_proxy,UGC08699,0,24,41,0.021788557924524315,2506.819402462996
9062301,absorption_proxy,UGC08837,1,24,8,0.02098788531914967,126.00189138348492
9062301,absorption_proxy,UGC09037,0,24,22,0.01445806243189515,1153.6791858577383
9062301,absorption_proxy,UGC09133,4,24,68,0.030113437570009637,5217.976477268919
9062301,absorption_proxy,UGC09992,3,24,5,0.028346181303035393,100.72049169652684
9062301,absorption_proxy,UGC10310,1,24,7,0.07399473218007291,859.1144201662629
9062301,absorption_proxy,UGC11820,0,24,10,0.10400500608744392,900.495958902814
9062301,absorption_proxy,UGC11914,1,24,65,0.003052045287560248,1122.8111992845472
9062301,absorption_proxy,UGCA442,2,24,8,0.131622664816666,744.6114755977763
9062301,absorption_proxy,UGCA444,1,24,36,0.12742208983322595,207.0137744648122
9062301,surface_relay,CamB,2,90,9,0.10659140354205025,105.10571432518714
9062301,surface_relay,D564-8,1,90,6,0.007322244558422899,14.28945454317673
9062301,surface_relay,D631-7,4,90,16,0.02283931030036851,165.4311574902668
9062301,surface_relay,DDO064,0,90,14,0.04120002517290652,20.81887734687611
9062301,surface_relay,DDO161,0,90,31,0.007969789727840284,98.80686376494448
9062301,surface_relay,DDO168,0,90,10,0.005940024453160472,31.415327572200077
9062301,surface_relay,DDO170,2,90,8,0.0006101872706947659,9.847929670723373
9062301,surface_relay,ESO079-G014,4,90,15,0.009490335423498227,557.0591982323634
9062301,surface_relay,ESO116-G012,4,90,15,0.00554376930865604,122.81873244356326
9062301,surface_relay,F565-V2,2,90,7,0.020896367982021474,345.072491374162
9062301,surface_relay,F568-3,0,90,18,0.012456429302132081,283.99218329255734
9062301,surface_relay,F568-V1,2,90,15,0.0473220074082162,1375.1383646543507
9062301,surface_relay,F571-V1,1,90,7,0.002585920188866006,70.40295508856043
9062301,surface_relay,F583-1,2,90,25,0.03826357943837556,356.0075461059486
9062301,surface_relay,F583-4,3,90,12,0.011223491801202216,28.74762932533325
9062301,surface_relay,KK98-251,4,90,15,0.006208579167245726,21.83187450302029
9062301,surface_relay,NGC0024,3,90,29,0.03466184404171823,834.7243159454235
9062301,surface_relay,NGC0055,3,90,21,0.0024638670421254032,66.02776121415184
9062301,surface_relay,NGC0247,2,90,26,0.008843928593915123,128.40513873867596
9062301,surface_relay,NGC0289,1,90,28,0.003098024521677898,554.1949929734199
9062301,surface_relay,NGC0300,4,90,25,0.006790181634410629,196.98065784048936
9062301,surface_relay,NGC0801,0,90,13,0.007486563331721917,2309.6590666054876
9062301,surface_relay,NGC1003,3,90,36,0.008948066125294467,417.4568094850861
9062301,surface_relay,NGC1090,1,90,24,0.009210485403071844,1050.3384702723217
9062301,surface_relay,NGC2403,1,90,73,0.0028392390562479463,129.8707854512795
9062301,surface_relay,NGC2683,2,90,11,0.006511104976893564,1342.6767410387224
9062301,surface_relay,NGC2841,3,90,50,0.004628517580116072,1926.970056666453
9062301,surface_relay,NGC2915,4,90,30,0.05058736118692657,938.7397189642068
9062301,surface_relay,NGC2955,2,90,24,0.005207240053887521,2219.815756982019
9062301,surface_relay,NGC2976,4,90,27,0.0032714067477900175,18.908085582640812
9062301,surface_relay,NGC2998,3,90,13,0.02397693681597823,1610.32742136012
9062301,surface_relay,NGC3109,3,90,25,0.020980681805393763,223.85391521286928
9062301,surface_relay,NGC3198,3,90,43,0.005150145349174266,153.44570990947415
9062301,surface_relay,NGC3521,0,90,41,0.0013999842412914555,375.4146009003206
9062301,surface_relay,NGC3741,4,90,21,0.030988349008472804,201.8203698142012
9062301,surface_relay,NGC3769,4,90,12,0.005902946067043997,483.83669481731846
9062301,surface_relay,NGC3877,0,90,13,0.013526436036658115,774.0085697891257
9062301,surface_relay,NGC3893,1,90,10,0.0033074965528995712,648.4908405776341
9062301,surface_relay,NGC3917,0,90,17,0.006320838561298098,265.16777243574745
9062301,surface_relay,NGC3949,4,90,7,0.0028576067570884474,460.7244335218906
9062301,surface_relay,NGC3972,4,90,10,0.005848771936739959,214.18524023970764
9062301,surface_relay,NGC3992,3,90,9,0.004218773120577114,1335.1951938861405
9062301,surface_relay,NGC4051,3,90,7,0.0041573241895000775,607.5355915202092
9062301,surface_relay,NGC4068,4,90,6,0.016095210567182754,47.59261688539084
9062301,surface_relay,NGC4088,2,90,12,0.027085216796323683,6572.576476097671
9062301,surface_relay,NGC4100,0,90,24,0.004981744129730154,804.7629572000448
9062301,surface_relay,NGC5005,0,90,18,0.002064452103161823,756.9514564973958
9062301,surface_relay,NGC5033,1,90,22,0.0027497100348888933,781.1087152976778
9062301,surface_relay,NGC5371,2,90,19,0.017989917730128778,6910.333113173923
9062301,surface_relay,NGC5585,3,90,24,0.0014694801037939606,16.148699293870617
9062301,surface_relay,NGC5985,1,90,33,0.02302332423592385,6222.545913177725
9062301,surface_relay,NGC6015,1,90,44,0.005831740246867378,432.4068015467115
9062301,surface_relay,NGC6195,2,90,23,0.007209897460053511,2917.6381054677254
9062301,surface_relay,NGC6503,1,90,31,0.0036107056513429436,223.33166222534265
9062301,surface_relay,NGC6674,4,90,15,0.0034608987296710927,1094.0308546208757
9062301,surface_relay,NGC6946,4,90,58,0.009765219273058377,1850.0096407858964
9062301,surface_relay,NGC7331,3,90,36,0.011835371771190272,4746.987351229219
9062301,surface_relay,UGC00128,1,90,22,0.015812424009614447,850.7968361623363
9062301,surface_relay,UGC00191,2,90,9,0.016352171836871418,170.9836585887316
9062301,surface_relay,UGC00731,0,90,12,0.049253110004032895,304.3836439123196
9062301,surface_relay,UGC00891,1,90,5,0.00459228022658696,62.31138196660315
9062301,surface_relay,UGC02259,2,90,8,0.029854200140422973,459.63435688548316
9062301,surface_relay,UGC02487,2,90,17,0.0036390533496743795,2141.2897000208436
9062301,surface_relay,UGC02916,0,90,43,0.012224815558357,3595.607046837708
9062301,surface_relay,UGC02953,3,90,115,0.0041873211066963895,1018.7909450628508
9062301,surface_relay,UGC03205,2,90,48,0.003962471194921936,939.8104385047048
9062301,surface_relay,UGC03580,3,90,47,0.01864151224007223,891.1596478970914
9062301,surface_relay,UGC04325,3,90,8,0.038199923750726165,556.7580741042301
9062301,surface_relay,UGC04483,0,90,8,0.0029077257633721883,6.309000820039302
9062301,surface_relay,UGC04499,2,90,9,0.0011191940383440636,18.72054769361674
9062301,surface_relay,UGC05414,3,90,6,0.00036289162697621834,2.927543886102883
9062301,surface_relay,UGC05716,3,90,12,0.010340891599678085,144.55068939995542
9062301,surface_relay,UGC05750,0,90,11,0.0061806534260860505,24.92566845370433
9062301,surface_relay,UGC05764,1,90,10,0.0435900699622357,189.01942381384276
9062301,surface_relay,UGC05829,1,90,11,0.01789929804388426,63.32263759864383
9062301,surface_relay,UGC06399,0,90,9,0.007344138158020176,128.7563578428045
9062301,surface_relay,UGC06614,4,90,13,0.009562286570659892,2232.1913656298743
9062301,surface_relay,UGC06786,1,90,45,0.00292144064473121,566.097631786901
9062301,surface_relay,UGC06787,4,90,71,0.0029383628544708703,978.750443726026
9062301,surface_relay,UGC06818,0,90,8,0.007934650192241256,72.38681404172348
9062301,surface_relay,UGC06917,2,90,11,0.003904323556668706,135.11707262384778
9062301,surface_relay,UGC06923,4,90,6,0.001696250378163933,40.312557321711886
9062301,surface_relay,UGC06983,3,90,17,0.004472287597760427,177.91650873848988
9062301,surface_relay,UGC07089,3,90,12,0.001841347156244431,44.61499510973036
9062301,surface_relay,UGC07261,4,90,7,0.010147113217367871,82.27253877959433
9062301,surface_relay,UGC07323,4,90,10,0.001271687049679626,18.533787727601297
9062301,surface_relay,UGC07399,2,90,10,0.03919652769054889,1048.8789121643904
9062301,surface_relay,UGC07524,0,90,31,0.007654684663059048,95.3556797039131
9062301,surface_relay,UGC07577,0,90,9,0.04157682468730229,55.2770413937005
9062301,surface_relay,UGC07603,2,90,12,0.007013689854082867,103.69132975374198
9062301,surface_relay,UGC07866,1,90,7,0.002566563443185403,10.527691310560586
9062301,surface_relay,UGC08490,1,90,30,0.01234185857437277,259.58164682505
9062301,surface_relay,UGC08699,0,90,41,0.0021641510975851067,452.49819060873085
9062301,surface_relay,UGC08837,1,90,8,0.011622794083742425,57.675779488188894
9062301,surface_relay,UGC09037,0,90,22,0.016127658115086266,2013.59139010091
9062301,surface_relay,UGC09133,4,90,68,0.002512984500943513,945.6704745215487
9062301,surface_relay,UGC09992,3,90,5,0.012344072360140856,96.07031615782847
9062301,surface_relay,UGC10310,1,90,7,0.008713743241337177,97.88879860182354
9062301,surface_relay,UGC11820,0,90,10,0.0222540887421866,79.37209059109864
9062301,surface_relay,UGC11914,1,90,65,0.0008396052315358747,315.2646394794146
9062301,surface_relay,UGCA442,2,90,8,0.010341454519074918,97.71924304467102
9062301,surface_relay,UGCA444,1,90,36,0.013960366980438491,12.009680591666024
9062301,clock_potential,CamB,2,165,9,0.2686170938309593,249.29528403806242
9062301,clock_potential,D564-8,1,165,6,0.04313732914031651,61.81796735641498
9062301,clock_potential,D631-7,4,165,16,0.04289559542863327,211.21572640387052
9062301,clock_potential,DDO064,0,165,14,0.03508063009969965,78.30375862696023
9062301,clock_potential,DDO161,0,165,31,0.033021683751514604,230.16980426541508
9062301,clock_potential,DDO168,0,165,10,0.023960878567305353,117.26482902866209
9062301,clock_potential,DDO170,2,165,8,0.011803456578193145,109.90971828316933
9062301,clock_potential,ESO079-G014,4,165,15,0.008191243465139851,402.68107041371053
9062301,clock_potential,ESO116-G012,4,165,15,0.013022077115975658,480.23936320427674
9062301,clock_potential,F565-V2,2,165,7,0.024981323260297273,302.61908743119284
9062301,clock_potential,F568-3,0,165,18,0.03598142668272295,312.10082223417965
9062301,clock_potential,F568-V1,2,165,15,0.019094941234109424,632.1266494052014
9062301,clock_potential,F571-V1,1,165,7,0.013060595926194546,194.66101073394427
9062301,clock_potential,F583-1,2,165,25,0.050362632485066366,257.46030926996514
9062301,clock_potential,F583-4,3,165,12,0.019775210736194024,94.27675899437169
9062301,clock_potential,KK98-251,4,165,15,0.09754729212187382,159.75362587452491
9062301,clock_potential,NGC0024,3,165,29,0.01686720196111541,557.4647079672812
9062301,clock_potential,NGC0055,3,165,21,0.010528555695171967,163.30451978698048
9062301,clock_potential,NGC0247,2,165,26,0.0038659865755674696,99.33892564432426
9062301,clock_potential,NGC0289,1,165,28,0.0020038326747622353,297.5715067238998
9062301,clock_potential,NGC0300,4,165,25,0.009157201140984506,272.14074706253336
9062301,clock_potential,NGC0801,0,165,13,0.0017951534229302636,258.8245733469561
9062301,clock_potential,NGC1003,3,165,36,0.013562818936820764,586.8913822430272
9062301,clock_potential,NGC1090,1,165,24,0.009773741380977948,305.9933968873565
9062301,clock_potential,NGC2403,1,165,73,0.012725930097686435,787.0381797802349
9062301,clock_potential,NGC2683,2,165,11,0.007377434884030304,886.244136768346
9062301,clock_potential,NGC2841,3,165,50,0.027490697582249108,8044.973868663069
9062301,clock_potential,NGC2915,4,165,30,0.0665791005616392,1165.5555352130402
9062301,clock_potential,NGC2955,2,165,24,0.002156593680854348,831.8009095434603
9062301,clock_potential,NGC2976,4,165,27,0.028061037708014297,90.08508826943968
9062301,clock_potential,NGC2998,3,165,13,0.009843356841675996,690.5968764770137
9062301,clock_potential,NGC3109,3,165,25,0.044174090188683915,185.98246864695702
9062301,clock_potential,NGC3198,3,165,43,0.011086162226170993,487.2186334664049
9062301,clock_potential,NGC3521,0,165,41,0.0016159209654033424,298.1785803725273
9062301,clock_potential,NGC3741,4,165,21,0.033175978224749804,209.0754965928831
9062301,clock_potential,NGC3769,4,165,12,0.003985998136247473,251.86038926637357
9062301,clock_potential,NGC3877,0,165,13,0.013613987320280777,367.0189226845462
9062301,clock_potential,NGC3893,1,165,10,0.006017183992672894,829.8777858062289
9062301,clock_potential,NGC3917,0,165,17,0.012055124889422956,332.4430443329388
9062301,clock_potential,NGC3949,4,165,7,0.0016603746643801323,207.18035272019515
9062301,clock_potential,NGC3972,4,165,10,0.0060883571593747165,251.88249361639947
9062301,clock_potential,NGC3992,3,165,9,0.010870554760633207,2836.7122979636697
9062301,clock_potential,NGC4051,3,165,7,0.0034818947184974457,412.0900292346543
9062301,clock_potential,NGC4068,4,165,6,0.12207516606621187,198.99279479505864
9062301,clock_potential,NGC4088,2,165,12,0.005302445970753747,688.9997982127524
9062301,clock_potential,NGC4100,0,165,24,0.008634122267441478,1120.7770486337542
9062301,clock_potential,NGC5005,0,165,18,0.0020207530348497643,708.8448635121598
9062301,clock_potential,NGC5033,1,165,22,0.007211853004955895,1480.569954545348
9062301,clock_potential,NGC5371,2,165,19,0.0011525925161567044,344.44980486190343
9062301,clock_potential,NGC5585,3,165,24,0.016577590290442156,225.8378164820431
9062301,clock_potential,NGC5985,1,165,33,0.021399488012521516,6606.339243381415
9062301,clock_potential,NGC6015,1,165,44,0.011513024143447775,1058.997102858358
9062301,clock_potential,NGC6195,2,165,23,0.004137730772785519,1434.8006883888652
9062301,clock_potential,NGC6503,1,165,31,0.008327170614105971,463.57812898950226
9062301,clock_potential,NGC6674,4,165,15,0.014288662897059875,3548.01047527229
9062301,clock_potential,NGC6946,4,165,58,0.002452126605947684,320.15669579655815
9062301,clock_potential,NGC7331,3,165,36,0.004128266135023483,1386.5584087977056
9062301,clock_potential,UGC00128,1,165,22,0.009358755476035055,486.09913182885333
9062301,clock_potential,UGC00191,2,165,9,0.0068806633145556025,84.23031073131745
9062301,clock_potential,UGC00731,0,165,12,0.003985793627955821,41.09382963834195
9062301,clock_potential,UGC00891,1,165,5,0.020074933617326856,165.15407687084198
9062301,clock_potential,UGC02259,2,165,8,0.011858194841374587,338.18193802829774
9062301,clock_potential,UGC02487,2,165,17,0.023693460926460873,10585.24002910703
9062301,clock_potential,UGC02916,0,165,43,0.004130475673836362,1052.4910354753622
9062301,clock_potential,UGC02953,3,165,115,0.013074328252512297,3153.6986983337106
9062301,clock_potential,UGC03205,2,165,48,0.007054537517291931,1378.1721581228219
9062301,clock_potential,UGC03580,3,165,47,0.020636237810922838,980.4243524495021
9062301,clock_potential,UGC04325,3,165,8,0.009017806578101785,285.59755546547115
9062301,clock_potential,UGC04483,0,165,8,0.03624871411942341,26.985457810395406
9062301,clock_potential,UGC04499,2,165,9,0.01071762311742631,95.63773204448555
9062301,clock_potential,UGC05414,3,165,6,0.022907856309948123,161.0916829892485
9062301,clock_potential,UGC05716,3,165,12,0.006508126627041157,138.85150373215322
9062301,clock_potential,UGC05750,0,165,11,0.13402558733377895,502.58778518909025
9062301,clock_potential,UGC05764,1,165,10,0.009454621291424227,100.12441901571825
9062301,clock_potential,UGC05829,1,165,11,0.028906248864482554,188.78627503409945
9062301,clock_potential,UGC06399,0,165,9,0.011814588909534933,154.9768690671933
9062301,clock_potential,UGC06614,4,165,13,0.006204938044542077,1148.7900458047948
9062301,clock_potential,UGC06786,1,165,45,0.012217874856285192,2173.343746558512
9062301,clock_potential,UGC06787,4,165,71,0.009747578884810837,2350.940394963343
9062301,clock_potential,UGC06818,0,165,8,0.033596109178643904,317.0418928965074
9062301,clock_potential,UGC06917,2,165,11,0.002671819410138367,113.55333959502894
9062301,clock_potential,UGC06923,4,165,6,0.006750636927674449,105.22686541456703
9062301,clock_potential,UGC06983,3,165,17,0.0042023310538679874,197.29028436212343
9062301,clock_potential,UGC07089,3,165,12,0.02253615359862544,267.6092894790307
9062301,clock_potential,UGC07261,4,165,7,0.0010662607040961088,28.0302072946792
9062301,clock_potential,UGC07323,4,165,10,0.016514506308359808,191.13224533513915
9062301,clock_potential,UGC07399,2,165,10,0.027208504338609562,892.149364348849
9062301,clock_potential,UGC07524,0,165,31,0.013584074248565845,122.81497210211323
9062301,clock_potential,UGC07577,0,165,9,0.20077424599859106,231.0063022068933
9062301,clock_potential,UGC07603,2,165,12,0.017414934633475168,209.80314882951964
9062301,clock_potential,UGC07866,1,165,7,0.034313926359224714,109.60597525774874
9062301,clock_potential,UGC08490,1,165,30,0.025399717898457963,562.2862176121015
9062301,clock_potential,UGC08699,0,165,41,0.005574301886525207,869.6372262308246
9062301,clock_potential,UGC08837,1,165,8,0.10572110510961753,362.9540931078003
9062301,clock_potential,UGC09037,0,165,22,0.009904065315399583,680.8068760875225
9062301,clock_potential,UGC09133,4,165,68,0.004846718795477787,1307.3631437377526
9062301,clock_potential,UGC09992,3,165,5,0.026042858955887573,209.61626841360626
9062301,clock_potential,UGC10310,1,165,7,0.004659477248002996,44.748027683811095
9062301,clock_potential,UGC11820,0,165,10,0.021140281783249386,124.45437714390793
9062301,clock_potential,UGC11914,1,165,65,0.0015679790821049545,585.1670801961299
9062301,clock_potential,UGCA442,2,165,8,0.02235413524651426,134.42517093287512
9062301,clock_potential,UGCA444,1,165,36,0.020334233837814842,37.57199224078833
9062301,kernel_point,CamB,2,226,9,0.09176919960202735,41.11441025111774
9062301,kernel_point,D564-8,1,226,6,0.01597623915292255,30.4226180897351
9062301,kernel_point,D631-7,4,226,16,0.02711842920029563,121.88299189410472
9062301,kernel_point,DDO064,0,226,14,0.008842167692390284,31.98718170748441
9062301,kernel_point,DDO161,0,226,31,0.02954321174574044,248.43670561278586
9062301,kernel_point,DDO168,0,226,10,0.008599945165849703,66.01674817253526
9062301,kernel_point,DDO170,2,226,8,0.008113354859695148,112.53833895465823
9062301,kernel_point,ESO079-G014,4,226,15,0.005468649685427614,512.3796455995911
9062301,kernel_point,ESO116-G012,4,226,15,0.006225164267987873,267.14361328117263
9062301,kernel_point,F565-V2,2,226,7,0.04686024452147332,747.3843899518205
9062301,kernel_point,F568-3,0,226,18,0.024904000918904427,679.9155217152961
9062301,kernel_point,F568-V1,2,226,15,0.041215851053705,1458.9348431207882
9062301,kernel_point,F571-V1,1,226,7,0.015765452141791324,377.01472430360855
9062301,kernel_point,F583-1,2,226,25,0.0183505526197213,175.50538654297685
9062301,kernel_point,F583-4,3,226,12,0.007308739000219857,113.14150799655273
9062301,kernel_point,KK98-251,4,226,15,0.010252118766444994,29.573382465241966
9062301,kernel_point,NGC0024,3,226,29,0.017018075137585912,552.8852345066009
9062301,kernel_point,NGC0055,3,226,21,0.020061480526816784,494.2589741177952
9062301,kernel_point,NGC0247,2,226,26,0.01662406957449402,520.5497400771625
9062301,kernel_point,NGC0289,1,226,28,0.0008368520459343056,123.49253937285695
9062301,kernel_point,NGC0300,4,226,25,0.011011879179485191,350.5319481221544
9062301,kernel_point,NGC0801,0,226,13,0.004216488396187827,1118.121417319354
9062301,kernel_point,NGC1003,3,226,36,0.017295151525345845,1014.8904977654134
9062301,kernel_point,NGC1090,1,226,24,0.015836456275061195,1173.320715990134
9062301,kernel_point,NGC2403,1,226,73,0.00481961179873442,261.98051263350237
9062301,kernel_point,NGC2683,2,226,11,0.01668781051016684,3444.821709068256
9062301,kernel_point,NGC2841,3,226,50,0.00028749306689774016,134.40278419545584
9062301,kernel_point,NGC2915,4,226,30,0.020328301995915902,259.7345372627183
9062301,kernel_point,NGC2955,2,226,24,0.0020865049135877995,632.3983227799548
9062301,kernel_point,NGC2976,4,226,27,0.021436356222008013,62.19848864603705
9062301,kernel_point,NGC2998,3,226,13,0.010061157371825492,625.446308132451
9062301,kernel_point,NGC3109,3,226,25,0.03408889679527685,356.02847774297464
9062301,kernel_point,NGC3198,3,226,43,0.012250129231947487,573.5913633445484
9062301,kernel_point,NGC3521,0,226,41,0.004484550934172785,1277.1503303854968
9062301,kernel_point,NGC3741,4,226,21,0.055570642460534954,386.7809453726487
9062301,kernel_point,NGC3769,4,226,12,0.0009634768329982985,56.80040687025913
9062301,kernel_point,NGC3877,0,226,13,0.0291477751489669,2380.4221131988456
9062301,kernel_point,NGC3893,1,226,10,0.006147046925155643,1203.0661663366482
9062301,kernel_point,NGC3917,0,226,17,0.008182398880269136,106.31896559572743
9062301,kernel_point,NGC3949,4,226,7,0.0005010599988027381,64.89282980614966
9062301,kernel_point,NGC3972,4,226,10,0.003317899242772622,117.10108249290661
9062301,kernel_point,NGC3992,3,226,9,0.002704827978293436,1009.9695064793312
9062301,kernel_point,NGC4051,3,226,7,0.0047320046247142505,647.1840931785861
9062301,kernel_point,NGC4068,4,226,6,0.07065869359271067,83.53405760843323
9062301,kernel_point,NGC4088,2,226,12,0.046112599620902424,10272.285829144615
9062301,kernel_point,NGC4100,0,226,24,0.007681492220474158,1447.0528516034371
9062301,kernel_point,NGC5005,0,226,18,0.0011979633304089272,391.3007721881268
9062301,kernel_point,NGC5033,1,226,22,0.0008112092386595532,214.68697468713498
9062301,kernel_point,NGC5371,2,226,19,0.00883327741268389,2921.1725678632733
9062301,kernel_point,NGC5585,3,226,24,0.008597392211033086,96.56884170473626
9062301,kernel_point,NGC5985,1,226,33,0.014690305753355903,4580.030884382915
9062301,kernel_point,NGC6015,1,226,44,0.0026278657917550327,253.94864847114815
9062301,kernel_point,NGC6195,2,226,23,0.0005540645430082736,150.64318371715592
9062301,kernel_point,NGC6503,1,226,31,0.0008140070186828008,47.64031720829528
9062301,kernel_point,NGC6674,4,226,15,0.0015042678805971062,527.0890039891824
9062301,kernel_point,NGC6946,4,226,58,0.015376996834399973,2926.4901894787326
9062301,kernel_point,NGC7331,3,226,36,0.00948251229882208,3695.8293400827615
9062301,kernel_point,UGC00128,1,226,22,0.0231586219307058,1294.894745310418
9062301,kernel_point,UGC00191,2,226,9,0.0028597300282489036,55.34442368921696
9062301,kernel_point,UGC00731,0,226,12,0.012560620754696689,190.38592055126557
9062301,kernel_point,UGC00891,1,226,5,0.016281783896356438,207.55789665477658
9062301,kernel_point,UGC02259,2,226,8,0.041567613909648166,864.0980448195553
9062301,kernel_point,UGC02487,2,226,17,0.0018968148013225295,1216.3441348099843
9062301,kernel_point,UGC02916,0,226,43,0.003744576800064346,784.6924332472877
9062301,kernel_point,UGC02953,3,226,115,0.007031590434192344,2421.490421784539
9062301,kernel_point,UGC03205,2,226,48,0.003210720757259399,882.8113110805249
9062301,kernel_point,UGC03580,3,226,47,0.015356823792302545,683.7128606368814
9062301,kernel_point,UGC04325,3,226,8,0.04426791752656174,966.0297200452234
9062301,kernel_point,UGC04483,0,226,8,0.03347407393148627,35.522654397578165
9062301,kernel_point,UGC04499,2,226,9,0.003641417836763216,50.52282817839804
9062301,kernel_point,UGC05414,3,226,6,0.003267150300335277,28.0189250675255
9062301,kernel_point,UGC05716,3,226,12,0.0009139835704629421,22.338231703755962
9062301,kernel_point,UGC05750,0,226,11,0.038294735011650524,172.88923142331276
9062301,kernel_point,UGC05764,1,226,10,0.08700420914710667,515.4156150941268
9062301,kernel_point,UGC05829,1,226,11,0.00468864725008205,57.43114342775623
9062301,kernel_point,UGC06399,0,226,9,0.020290060202546978,466.0391314496012
9062301,kernel_point,UGC06614,4,226,13,0.009616689600935159,2093.5145644752733
9062301,kernel_point,UGC06786,1,226,45,0.0028036929518674247,525.9530180029233
9062301,kernel_point,UGC06787,4,226,71,0.0056515904630759515,1425.0142808787969
9062301,kernel_point,UGC06818,0,226,8,0.021192916173085337,183.56595034583947
9062301,kernel_point,UGC06917,2,226,11,0.009112157246852477,381.8292356904478
9062301,kernel_point,UGC06923,4,226,6,0.002942982470446462,47.54249841689623
9062301,kernel_point,UGC06983,3,226,17,0.017655183737087965,728.7133233551291
9062301,kernel_point,UGC07089,3,226,12,0.003796401557630619,37.50686078226326
9062301,kernel_point,UGC07261,4,226,7,0.0007102646111540028,19.845362299377285
9062301,kernel_point,UGC07323,4,226,10,0.0028764023998866335,75.29271679721259
9062301,kernel_point,UGC07399,2,226,10,0.0690130619329544,1719.8421966120284
9062301,kernel_point,UGC07524,0,226,31,0.017950192894829842,324.92669670080096
9062301,kernel_point,UGC07577,0,226,9,0.012330000081012609,5.803540539049391
9062301,kernel_point,UGC07603,2,226,12,0.006405599450031306,60.51589009242392
9062301,kernel_point,UGC07866,1,226,7,0.003457135758712432,5.925221536774144
9062301,kernel_point,UGC08490,1,226,30,0.00021260105416923434,5.260621836206908
9062301,kernel_point,UGC08699,0,226,41,0.0006990424105980173,134.30101352053853
9062301,kernel_point,UGC08837,1,226,8,0.01540166702127822,37.87456783437057
9062301,kernel_point,UGC09037,0,226,22,0.02510787803079093,2949.7324061225668
9062301,kernel_point,UGC09133,4,226,68,0.0029574940642404226,973.6839676364068
9062301,kernel_point,UGC09992,3,226,5,0.003601712411649387,25.21678836461882
9062301,kernel_point,UGC10310,1,226,7,0.0029563860620720633,59.13835204291105
9062301,kernel_point,UGC11820,0,226,10,0.0038768035474850333,58.448617915463316
9062301,kernel_point,UGC11914,1,226,65,0.0014308287493135217,668.1997302281691
9062301,kernel_point,UGCA442,2,226,8,0.026817289521485037,270.587241206068
9062301,kernel_point,UGCA444,1,226,36,0.03136550561553494,96.6049806850703
9062301,finite_p2,CamB,2,347,9,0.06996829350757666,28.37688457063061
9062301,finite_p2,D564-8,1,347,6,0.030099983867014984,52.42626751935902
9062301,finite_p2,D631-7,4,286,16,0.04074916147626659,191.66973969283913
9062301,finite_p2,DDO064,0,286,14,0.021570521700276676,45.95715453313597
9062301,finite_p2,DDO161,0,286,31,0.050705017749711555,482.0727629093478
9062301,finite_p2,DDO168,0,286,10,0.013499637852299873,65.82977036713605
9062301,finite_p2,DDO170,2,347,8,0.021201098233586686,252.8793393404859
9062301,finite_p2,ESO079-G014,4,286,15,0.0060109299156639465,458.91294175081055
9062301,finite_p2,ESO116-G012,4,286,15,0.008791363376442934,276.6209220847674
9062301,finite_p2,F565-V2,2,347,7,0.07347388325401757,1003.4551855944354
9062301,finite_p2,F568-3,0,286,18,0.019922594942716414,486.0807786827705
9062301,finite_p2,F568-V1,2,347,15,0.06688805785839275,2094.0832018870724
9062301,finite_p2,F571-V1,1,347,7,0.029818992481496442,633.746643662482
9062301,finite_p2,F583-1,2,347,25,0.029844234132104304,412.82037765282104
9062301,finite_p2,F583-4,3,286,12,0.006302089767689042,71.34162742616611
9062301,finite_p2,KK98-251,4,286,15,0.013746053370049933,20.27910769487772
9062301,finite_p2,NGC0024,3,286,29,0.013062386431442991,430.2107804999145
9062301,finite_p2,NGC0055,3,286,21,0.016279566792867618,418.32608463597035
9062301,finite_p2,NGC0247,2,347,26,0.02746164684942228,774.4923616376836
9062301,finite_p2,NGC0289,1,347,28,0.0019918171968597988,290.03975002852997
9062301,finite_p2,NGC0300,4,286,25,0.00972980381629894,310.10844762754925
9062301,finite_p2,NGC0801,0,286,13,0.0037949765971968872,1007.0251560465445
9062301,finite_p2,NGC1003,3,286,36,0.02026922085644009,1139.5526885790405
9062301,finite_p2,NGC1090,1,347,24,0.009163485530961935,304.09227339473733
9062301,finite_p2,NGC2403,1,347,73,0.002445507931094367,159.381014241764
9062301,finite_p2,NGC2683,2,347,11,0.006415342005585151,1186.127950726434
9062301,finite_p2,NGC2841,3,286,50,0.001835846791253166,666.3104874330079
9062301,finite_p2,NGC2915,4,286,30,0.0306004015944061,453.70235991264053
9062301,finite_p2,NGC2955,2,347,24,0.0017288255128256394,564.3385619782867
9062301,finite_p2,NGC2976,4,286,27,0.03430824145060676,134.76170601215415
9062301,finite_p2,NGC2998,3,286,13,0.006358801591522558,463.2342303036967
9062301,finite_p2,NGC3109,3,286,25,0.028113177768256517,253.79218384659305
9062301,finite_p2,NGC3198,3,286,43,0.019081165967488194,980.1888985898981
9062301,finite_p2,NGC3521,0,286,41,0.004522669562530932,1300.5679519809312
9062301,finite_p2,NGC3741,4,286,21,0.06810622617827727,486.2812637491699
9062301,finite_p2,NGC3769,4,286,12,0.0017221516737627623,110.65028270017315
9062301,finite_p2,NGC3877,0,286,13,0.03481529154387824,2740.932070859259
9062301,finite_p2,NGC3893,1,347,10,0.0020819937631626415,348.47942321593257
9062301,finite_p2,NGC3917,0,286,17,0.013333387547954774,207.80025867683497
9062301,finite_p2,NGC3949,4,286,7,0.0002968644549427868,39.36161325302453
9062301,finite_p2,NGC3972,4,286,10,0.005166342671298377,140.17351529140032
9062301,finite_p2,NGC3992,3,286,9,0.0011839065733217772,438.237738255089
9062301,finite_p2,NGC4051,3,286,7,0.005941329939957865,802.3266213476542
9062301,finite_p2,NGC4068,4,286,6,0.10725135553127786,169.86957266636466
9062301,finite_p2,NGC4088,2,347,12,0.03038496341931493,6097.146953742001
9062301,finite_p2,NGC4100,0,286,24,0.005148453841796567,884.0828620138103
9062301,finite_p2,NGC5005,0,286,18,0.0023826688119204394,750.9265484498324
9062301,finite_p2,NGC5033,1,347,22,0.002819061217742779,701.7957289481575
9062301,finite_p2,NGC5371,2,347,19,0.004880212169998259,1536.2744948144318
9062301,finite_p2,NGC5585,3,286,24,0.018669225678259422,230.14136629069162
9062301,finite_p2,NGC5985,1,347,33,0.019812917174745356,6025.467390768076
9062301,finite_p2,NGC6015,1,347,44,0.001165319841268702,93.55905829393137
9062301,finite_p2,NGC6195,2,347,23,0.001512394502144277,447.7115902546086
9062301,finite_p2,NGC6503,1,347,31,0.0055315650948690774,319.0579269091599
9062301,finite_p2,NGC6674,4,286,15,0.0006399182821236507,220.46051154215027
9062301,finite_p2,NGC6946,4,286,58,0.013857261956921364,2575.855186670115
9062301,finite_p2,NGC7331,3,286,36,0.00785311925673891,3031.9867540858204
9062301,finite_p2,UGC00128,1,347,22,0.044321171022046794,2198.024422241835
9062301,finite_p2,UGC00191,2,347,9,0.010454080758979026,195.03737745670728
9062301,finite_p2,UGC00731,0,286,12,0.0023930110694051292,50.93811979515643
9062301,finite_p2,UGC00891,1,347,5,0.03014498402260838,346.3537168511949
9062301,finite_p2,UGC02259,2,347,8,0.060298293383982224,1153.5316333111455
9062301,finite_p2,UGC02487,2,347,17,0.005408550741170132,3066.832282202593
9062301,finite_p2,UGC02916,0,286,43,0.0036921435825076065,690.9973432721387
9062301,finite_p2,UGC02953,3,286,115,0.005659983303245274,1718.7257613723789
9062301,finite_p2,UGC03205,2,347,48,0.0011279377948033872,229.7657743722931
9062301,finite_p2,UGC03580,3,286,47,0.01737086959943772,824.4019115489176
9062301,finite_p2,UGC04325,3,286,8,0.03126957769627034,769.7624031357216
9062301,finite_p2,UGC04483,0,286,8,0.06028714369389086,78.9447344291712
9062301,finite_p2,UGC04499,2,347,9,0.00903751604467271,166.40620581294877
9062301,finite_p2,UGC05414,3,286,6,0.007324883912053392,36.62904081815231
9062301,finite_p2,UGC05716,3,286,12,0.003692849811525689,66.38506534833346
9062301,finite_p2,UGC05750,0,286,11,0.05267102477353318,156.80683224520752
9062301,finite_p2,UGC05764,1,347,10,0.12044854792924053,631.20776762534
9062301,finite_p2,UGC05829,1,347,11,0.016472478227570683,168.08200179694919
9062301,finite_p2,UGC06399,0,286,9,0.015735090402156766,371.6674160540667
9062301,finite_p2,UGC06614,4,286,13,0.010811340229629233,2385.8076392988582
9062301,finite_p2,UGC06786,1,347,45,0.005189400478166584,1025.0875144680538
9062301,finite_p2,UGC06787,4,286,71,0.0066470107195570815,1632.8047743488066
9062301,finite_p2,UGC06818,0,286,8,0.03546613201217018,348.14119932599635
9062301,finite_p2,UGC06917,2,347,11,0.017154793072082022,659.8835476703878
9062301,finite_p2,UGC06923,4,286,6,0.004976365871364514,74.14368174965253
9062301,finite_p2,UGC06983,3,286,17,0.010948723930630877,490.02486240591827
9062301,finite_p2,UGC07089,3,286,12,0.008935880961957764,78.35018617712232
9062301,finite_p2,UGC07261,4,286,7,0.0048162556949246345,119.7611674968771
9062301,finite_p2,UGC07323,4,286,10,0.0037041846134094033,63.3415783217459
9062301,finite_p2,UGC07399,2,347,10,0.09308348571607741,2136.740844108581
9062301,finite_p2,UGC07524,0,286,31,0.008497737745591254,180.40437262568187
9062301,finite_p2,UGC07577,0,286,9,0.029132840027787862,14.4717742383481
9062301,finite_p2,UGC07603,2,347,12,0.01330049209240404,180.89519476494408
9062301,finite_p2,UGC07866,1,347,7,0.0016317536559777757,5.960982615180305
9062301,finite_p2,UGC08490,1,347,30,0.007522360548447753,195.39752631103076
9062301,finite_p2,UGC08699,0,286,41,0.0007365403638895684,114.86438968756292
9062301,finite_p2,UGC08837,1,347,8,0.011849947128968174,51.108494186702515
9062301,finite_p2,UGC09037,0,286,22,0.03171418974435795,3852.5477492999676
9062301,finite_p2,UGC09133,4,286,68,0.0019429438089027232,581.0193252947197
9062301,finite_p2,UGC09992,3,286,5,0.009217178367401078,68.10635137029041
9062301,finite_p2,UGC10310,1,347,7,0.011487996709319659,200.5755720862541
9062301,finite_p2,UGC11820,0,286,10,0.007859844944933412,56.082845464162475
9062301,finite_p2,UGC11914,1,347,65,0.00090228859149554,370.1410652248974
9062301,finite_p2,UGCA442,2,347,8,0.048037733568333976,406.2299222994361
9062301,finite_p2,UGCA444,1,347,36,0.05387446335198969,134.71187772958757
9062301,finite_p3,CamB,2,375,9,0.10036214810890237,57.16714993887503
9062301,finite_p3,D564-8,1,375,6,0.009634118674344596,16.495145054284023
9062301,finite_p3,D631-7,4,375,16,0.03775462159393797,185.5236938692445
9062301,finite_p3,DDO064,0,375,14,0.009638241106246939,30.51598096046965
9062301,finite_p3,DDO161,0,375,31,0.04934587068920187,565.1453578515839
9062301,finite_p3,DDO168,0,375,10,0.008219123215977203,41.745643638301374
9062301,finite_p3,DDO170,2,375,8,0.00322407415426236,42.03793188624361
9062301,finite_p3,ESO079-G014,4,375,15,0.005123035902265206,277.77833461354265
9062301,finite_p3,ESO116-G012,4,375,15,0.003579374616523279,150.82418445541055
9062301,finite_p3,F565-V2,2,375,7,0.026116604940411747,490.98051556317796
9062301,finite_p3,F568-3,0,375,18,0.014611915922462058,444.9786640717466
9062301,finite_p3,F568-V1,2,375,15,0.02318765337250578,882.7991939234241
9062301,finite_p3,F571-V1,1,375,7,0.0077613106878367125,196.76924155752707
9062301,finite_p3,F583-1,2,375,25,0.011688240583528247,49.2994287519064
9062301,finite_p3,F583-4,3,375,12,0.003803433041604078,36.953898803903066
9062301,finite_p3,KK98-251,4,375,15,0.003980964372661389,14.345274376460235
9062301,finite_p3,NGC0024,3,375,29,0.012160177076913805,397.80431755017764
9062301,finite_p3,NGC0055,3,375,21,0.016782831913494122,409.51260954102355
9062301,finite_p3,NGC0247,2,375,26,0.010234403339620442,305.71160427325196
9062301,finite_p3,NGC0289,1,375,28,0.0025896458429875324,394.88972894607224
9062301,finite_p3,NGC0300,4,375,25,0.005464842188586307,191.9439347685092
9062301,finite_p3,NGC0801,0,375,13,0.006843541694968735,1950.8157552500402
9062301,finite_p3,NGC1003,3,375,36,0.02506554761931844,1580.8003290746108
9062301,finite_p3,NGC1090,1,375,24,0.013283845320496415,1640.6350513965638
9062301,finite_p3,NGC2403,1,375,73,0.009444485654155085,707.1677642673351
9062301,finite_p3,NGC2683,2,375,11,0.01126838884216886,2411.3582306689177
9062301,finite_p3,NGC2841,3,375,50,0.0011575144473114929,436.80219099714634
9062301,finite_p3,NGC2915,4,375,30,0.026387333226696372,378.22031021823824
9062301,finite_p3,NGC2955,2,375,24,0.0050147615838840014,1408.849880955695
9062301,finite_p3,NGC2976,4,375,27,0.011206557507719024,55.94748042268234
9062301,finite_p3,NGC2998,3,375,13,0.025535023991032173,1413.006497245911
9062301,finite_p3,NGC3109,3,375,25,0.014968588646618314,190.8280377820026
9062301,finite_p3,NGC3198,3,375,43,0.01350305629487506,1065.4983311119533
9062301,finite_p3,NGC3521,0,375,41,0.00605926101338921,1821.9978295874546
9062301,finite_p3,NGC3741,4,375,21,0.07702778204588732,600.9402311139528
9062301,finite_p3,NGC3769,4,375,12,0.001764584554361455,133.8335204313822
9062301,finite_p3,NGC3877,0,375,13,0.030769772980391366,3265.6021099074283
9062301,finite_p3,NGC3893,1,375,10,0.008315471033525852,1756.0303321035044
9062301,finite_p3,NGC3917,0,375,17,0.006758049951864263,92.74188177213192
9062301,finite_p3,NGC3949,4,375,7,0.00016868749022315156,19.851487850438446
9062301,finite_p3,NGC3972,4,375,10,0.0015830599297743087,42.16018203071815
9062301,finite_p3,NGC3992,3,375,9,0.0034730075177953155,1369.1785305895685
9062301,finite_p3,NGC4051,3,375,7,0.006469079625333852,991.0129941059802
9062301,finite_p3,NGC4068,4,375,6,0.08391832085862251,170.60665174519048
9062301,finite_p3,NGC4088,2,375,12,0.05295708388232756,12350.646591649893
9062301,finite_p3,NGC4100,0,375,24,0.008560775034446404,1635.220611473319
9062301,finite_p3,NGC5005,0,375,18,0.003066647403794188,951.6127893301909
9062301,finite_p3,NGC5033,1,375,22,0.0001889463352103225,43.81522865475236
9062301,finite_p3,NGC5371,2,375,19,0.012038109286343605,4003.2518193987926
9062301,finite_p3,NGC5585,3,375,24,0.011093240374314943,181.4485805026286
9062301,finite_p3,NGC5985,1,375,33,0.011509671234959353,3489.383650658462
9062301,finite_p3,NGC6015,1,375,44,0.003624503790135486,506.73128847745045
9062301,finite_p3,NGC6195,2,375,23,0.0006385222349390315,180.3245434397049
9062301,finite_p3,NGC6503,1,375,31,0.0013466974362999352,67.97488924018475
9062301,finite_p3,NGC6674,4,375,15,0.0017460263660986333,614.375971958712
9062301,finite_p3,NGC6946,4,375,58,0.018350792331071432,3709.1867060228774
9062301,finite_p3,NGC7331,3,375,36,0.010995790282789185,4393.266590245559
9062301,finite_p3,UGC00128,1,375,22,0.014145948374384987,842.4019259943739
9062301,finite_p3,UGC00191,2,375,9,0.0008362677600997593,10.973891424457843
9062301,finite_p3,UGC00731,0,375,12,0.0018836091008458949,22.25782875473629
9062301,finite_p3,UGC00891,1,375,5,0.010170269064769177,120.2181448494213
9062301,finite_p3,UGC02259,2,375,8,0.028726079443083204,622.6017691667702
9062301,finite_p3,UGC02487,2,375,17,0.0017542884018606551,1064.9278778712087
9062301,finite_p3,UGC02916,0,375,43,0.004811044184566349,851.8668975801223
9062301,finite_p3,UGC02953,3,375,115,0.007588796763475655,2264.2600503766516
9062301,finite_p3,UGC03205,2,375,48,0.005013443284760717,1452.7711823885522
9062301,finite_p3,UGC03580,3,375,47,0.015306528030970178,733.6443203577167
9062301,finite_p3,UGC04325,3,375,8,0.034707663966101185,736.8139104055979
9062301,finite_p3,UGC04483,0,375,8,0.05480623891733258,95.55775962581171
9062301,finite_p3,UGC04499,2,375,9,0.002405854039445628,17.060848333615546
9062301,finite_p3,UGC05414,3,375,6,0.0027913674085965155,15.653507522449878
9062301,finite_p3,UGC05716,3,375,12,0.0039913370857254235,75.32606107453984
9062301,finite_p3,UGC05750,0,375,11,0.015441106157659782,92.45897990709074
9062301,finite_p3,UGC05764,1,375,10,0.06516733877801613,389.6436108585104
9062301,finite_p3,UGC05829,1,375,11,0.0009605644142248942,8.983865307047113
9062301,finite_p3,UGC06399,0,375,9,0.011019782767494704,283.3466863840613
9062301,finite_p3,UGC06614,4,375,13,0.014728677482767356,3429.7677216358716
9062301,finite_p3,UGC06786,1,375,45,0.003335671441341647,507.4721981970966
9062301,finite_p3,UGC06787,4,375,71,0.0050575609732409705,1307.0113120143787
9062301,finite_p3,UGC06818,0,375,8,0.034728808877714304,381.76007808867325
9062301,finite_p3,UGC06917,2,375,11,0.0031505079936421554,144.98750247112713
9062301,finite_p3,UGC06923,4,375,6,0.0037201036071311047,60.740861565475655
9062301,finite_p3,UGC06983,3,375,17,0.008064822242459767,353.64311800415004
9062301,finite_p3,UGC07089,3,375,12,0.0052431908225944865,64.23342620577104
9062301,finite_p3,UGC07261,4,375,7,0.007283614618087177,220.92053196597894
9062301,finite_p3,UGC07323,4,375,10,0.001222407776245204,30.050456629425963
9062301,finite_p3,UGC07399,2,375,10,0.048889415417104905,1278.6476034859827
9062301,finite_p3,UGC07524,0,375,31,0.009319440578531572,151.06733157943907
9062301,finite_p3,UGC07577,0,375,9,0.01504230583148698,10.670908118929887
9062301,finite_p3,UGC07603,2,375,12,0.008206017361486564,60.96890783884257
9062301,finite_p3,UGC07866,1,375,7,0.012083616775950651,41.61268382836556
9062301,finite_p3,UGC08490,1,375,30,0.002037964795674408,57.20782364308707
9062301,finite_p3,UGC08699,0,375,41,0.0009009637503065079,142.67292588389185
9062301,finite_p3,UGC08837,1,375,8,0.011985852449476364,22.90257157913117
9062301,finite_p3,UGC09037,0,375,22,0.03623710247519221,5000.692333880925
9062301,finite_p3,UGC09133,4,375,68,0.0032111062431329383,1023.5183004069074
9062301,finite_p3,UGC09992,3,375,5,0.012966147419707646,103.76681258268347
9062301,finite_p3,UGC10310,1,375,7,0.00033534100072082256,3.6875216345117714
9062301,finite_p3,UGC11820,0,375,10,0.005117817505860736,44.06011287954579
9062301,finite_p3,UGC11914,1,375,65,0.0030057938197282845,1400.4004172890502
9062301,finite_p3,UGCA442,2,375,8,0.014087346183974427,162.46964159333953
9062301,finite_p3,UGCA444,1,375,36,0.020105137868988075,57.7184983997972
9062301,finite_mixture,CamB,2,511,9,0.10036214810890237,57.16714993887503
9062301,finite_mixture,D564-8,1,511,6,0.009634118674344596,16.495145054284023
9062301,finite_mixture,D631-7,4,511,16,0.03775462159393797,185.5236938692445
9062301,finite_mixture,DDO064,0,511,14,0.009638241106246939,30.51598096046965
9062301,finite_mixture,DDO161,0,511,31,0.04934587068920187,565.1453578515839
9062301,finite_mixture,DDO168,0,511,10,0.008219123215977203,41.745643638301374
9062301,finite_mixture,DDO170,2,511,8,0.00322407415426236,42.03793188624361
9062301,finite_mixture,ESO079-G014,4,511,15,0.005123035902265206,277.77833461354265
9062301,finite_mixture,ESO116-G012,4,511,15,0.003579374616523279,150.82418445541055
9062301,finite_mixture,F565-V2,2,511,7,0.026116604940411747,490.98051556317796
9062301,finite_mixture,F568-3,0,511,18,0.014611915922462058,444.9786640717466
9062301,finite_mixture,F568-V1,2,511,15,0.02318765337250578,882.7991939234241
9062301,finite_mixture,F571-V1,1,511,7,0.0077613106878367125,196.76924155752707
9062301,finite_mixture,F583-1,2,511,25,0.011688240583528247,49.2994287519064
9062301,finite_mixture,F583-4,3,511,12,0.003803433041604078,36.953898803903066
9062301,finite_mixture,KK98-251,4,511,15,0.003980964372661389,14.345274376460235
9062301,finite_mixture,NGC0024,3,511,29,0.012160177076913805,397.80431755017764
9062301,finite_mixture,NGC0055,3,511,21,0.016782831913494122,409.51260954102355
9062301,finite_mixture,NGC0247,2,511,26,0.010234403339620442,305.71160427325196
9062301,finite_mixture,NGC0289,1,511,28,0.0025896458429875324,394.88972894607224
9062301,finite_mixture,NGC0300,4,511,25,0.005464842188586307,191.9439347685092
9062301,finite_mixture,NGC0801,0,511,13,0.006843541694968735,1950.8157552500402
9062301,finite_mixture,NGC1003,3,511,36,0.02506554761931844,1580.8003290746108
9062301,finite_mixture,NGC1090,1,511,24,0.013283845320496415,1640.6350513965638
9062301,finite_mixture,NGC2403,1,511,73,0.009444485654155085,707.1677642673351
9062301,finite_mixture,NGC2683,2,511,11,0.01126838884216886,2411.3582306689177
9062301,finite_mixture,NGC2841,3,511,50,0.0011575144473114929,436.80219099714634
9062301,finite_mixture,NGC2915,4,511,30,0.026387333226696372,378.22031021823824
9062301,finite_mixture,NGC2955,2,511,24,0.0050147615838840014,1408.849880955695
9062301,finite_mixture,NGC2976,4,511,27,0.011206557507719024,55.94748042268234
9062301,finite_mixture,NGC2998,3,511,13,0.025535023991032173,1413.006497245911
9062301,finite_mixture,NGC3109,3,511,25,0.014968588646618314,190.8280377820026
9062301,finite_mixture,NGC3198,3,511,43,0.01350305629487506,1065.4983311119533
9062301,finite_mixture,NGC3521,0,511,41,0.00605926101338921,1821.9978295874546
9062301,finite_mixture,NGC3741,4,511,21,0.07702778204588732,600.9402311139528
9062301,finite_mixture,NGC3769,4,511,12,0.001764584554361455,133.8335204313822
9062301,finite_mixture,NGC3877,0,511,13,0.030769772980391366,3265.6021099074283
9062301,finite_mixture,NGC3893,1,511,10,0.008315471033525852,1756.0303321035044
9062301,finite_mixture,NGC3917,0,511,17,0.006758049951864263,92.74188177213192
9062301,finite_mixture,NGC3949,4,511,7,0.00016868749022315156,19.851487850438446
9062301,finite_mixture,NGC3972,4,511,10,0.0015830599297743087,42.16018203071815
9062301,finite_mixture,NGC3992,3,511,9,0.0034730075177953155,1369.1785305895685
9062301,finite_mixture,NGC4051,3,511,7,0.006469079625333852,991.0129941059802
9062301,finite_mixture,NGC4068,4,511,6,0.08391832085862251,170.60665174519048
9062301,finite_mixture,NGC4088,2,511,12,0.05295708388232756,12350.646591649893
9062301,finite_mixture,NGC4100,0,511,24,0.008560775034446404,1635.220611473319
9062301,finite_mixture,NGC5005,0,511,18,0.003066647403794188,951.6127893301909
9062301,finite_mixture,NGC5033,1,511,22,0.0001889463352103225,43.81522865475236
9062301,finite_mixture,NGC5371,2,511,19,0.012038109286343605,4003.2518193987926
9062301,finite_mixture,NGC5585,3,511,24,0.011093240374314943,181.4485805026286
9062301,finite_mixture,NGC5985,1,511,33,0.011509671234959353,3489.383650658462
9062301,finite_mixture,NGC6015,1,511,44,0.003624503790135486,506.73128847745045
9062301,finite_mixture,NGC6195,2,511,23,0.0006385222349390315,180.3245434397049
9062301,finite_mixture,NGC6503,1,511,31,0.0013466974362999352,67.97488924018475
9062301,finite_mixture,NGC6674,4,511,15,0.0017460263660986333,614.375971958712
9062301,finite_mixture,NGC6946,4,511,58,0.018350792331071432,3709.1867060228774
9062301,finite_mixture,NGC7331,3,511,36,0.010995790282789185,4393.266590245559
9062301,finite_mixture,UGC00128,1,511,22,0.014145948374384987,842.4019259943739
9062301,finite_mixture,UGC00191,2,511,9,0.0008362677600997593,10.973891424457843
9062301,finite_mixture,UGC00731,0,511,12,0.0018836091008458949,22.25782875473629
9062301,finite_mixture,UGC00891,1,511,5,0.010170269064769177,120.2181448494213
9062301,finite_mixture,UGC02259,2,511,8,0.028726079443083204,622.6017691667702
9062301,finite_mixture,UGC02487,2,511,17,0.0017542884018606551,1064.9278778712087
9062301,finite_mixture,UGC02916,0,511,43,0.004811044184566349,851.8668975801223
9062301,finite_mixture,UGC02953,3,511,115,0.007588796763475655,2264.2600503766516
9062301,finite_mixture,UGC03205,2,511,48,0.005013443284760717,1452.7711823885522
9062301,finite_mixture,UGC03580,3,511,47,0.015306528030970178,733.6443203577167
9062301,finite_mixture,UGC04325,3,511,8,0.034707663966101185,736.8139104055979
9062301,finite_mixture,UGC04483,0,511,8,0.05480623891733258,95.55775962581171
9062301,finite_mixture,UGC04499,2,511,9,0.002405854039445628,17.060848333615546
9062301,finite_mixture,UGC05414,3,511,6,0.0027913674085965155,15.653507522449878
9062301,finite_mixture,UGC05716,3,511,12,0.0039913370857254235,75.32606107453984
9062301,finite_mixture,UGC05750,0,511,11,0.015441106157659782,92.45897990709074
9062301,finite_mixture,UGC05764,1,511,10,0.06516733877801613,389.6436108585104
9062301,finite_mixture,UGC05829,1,511,11,0.0009605644142248942,8.983865307047113
9062301,finite_mixture,UGC06399,0,511,9,0.011019782767494704,283.3466863840613
9062301,finite_mixture,UGC06614,4,511,13,0.014728677482767356,3429.7677216358716
9062301,finite_mixture,UGC06786,1,511,45,0.003335671441341647,507.4721981970966
9062301,finite_mixture,UGC06787,4,511,71,0.0050575609732409705,1307.0113120143787
9062301,finite_mixture,UGC06818,0,511,8,0.034728808877714304,381.76007808867325
9062301,finite_mixture,UGC06917,2,511,11,0.0031505079936421554,144.98750247112713
9062301,finite_mixture,UGC06923,4,511,6,0.0037201036071311047,60.740861565475655
9062301,finite_mixture,UGC06983,3,511,17,0.008064822242459767,353.64311800415004
9062301,finite_mixture,UGC07089,3,511,12,0.0052431908225944865,64.23342620577104
9062301,finite_mixture,UGC07261,4,511,7,0.007283614618087177,220.92053196597894
9062301,finite_mixture,UGC07323,4,511,10,0.001222407776245204,30.050456629425963
9062301,finite_mixture,UGC07399,2,511,10,0.048889415417104905,1278.6476034859827
9062301,finite_mixture,UGC07524,0,511,31,0.009319440578531572,151.06733157943907
9062301,finite_mixture,UGC07577,0,511,9,0.01504230583148698,10.670908118929887
9062301,finite_mixture,UGC07603,2,511,12,0.008206017361486564,60.96890783884257
9062301,finite_mixture,UGC07866,1,511,7,0.012083616775950651,41.61268382836556
9062301,finite_mixture,UGC08490,1,511,30,0.002037964795674408,57.20782364308707
9062301,finite_mixture,UGC08699,0,511,41,0.0009009637503065079,142.67292588389185
9062301,finite_mixture,UGC08837,1,511,8,0.011985852449476364,22.90257157913117
9062301,finite_mixture,UGC09037,0,511,22,0.03623710247519221,5000.692333880925
9062301,finite_mixture,UGC09133,4,511,68,0.0032111062431329383,1023.5183004069074
9062301,finite_mixture,UGC09992,3,511,5,0.012966147419707646,103.76681258268347
9062301,finite_mixture,UGC10310,1,511,7,0.00033534100072082256,3.6875216345117714
9062301,finite_mixture,UGC11820,0,511,10,0.005117817505860736,44.06011287954579
9062301,finite_mixture,UGC11914,1,511,65,0.0030057938197282845,1400.4004172890502
9062301,finite_mixture,UGCA442,2,511,8,0.014087346183974427,162.46964159333953
9062301,finite_mixture,UGCA444,1,511,36,0.020105137868988075,57.7184983997972
9062301,training_selected,CamB,2,11,9,0.16424275050780313,160.74742191728086
9062301,training_selected,D564-8,1,11,6,0.01313607108936934,15.922223749463514
9062301,training_selected,D631-7,4,11,16,0.018337427925243965,75.95543855167676
9062301,training_selected,DDO064,0,11,14,0.006015819824398389,10.943565469925813
9062301,training_selected,DDO161,0,11,31,0.010313790630969502,97.33529761067895
9062301,training_selected,DDO168,0,11,10,0.005969815148249259,30.13881127467307
9062301,training_selected,DDO170,2,11,8,0.0021729234586985277,31.577777858964623
9062301,training_selected,ESO079-G014,4,11,15,0.0037457891150712327,309.57651450281105
9062301,training_selected,ESO116-G012,4,11,15,0.005710223060550576,269.71043310700236
9062301,training_selected,F565-V2,2,11,7,0.009354146364741198,189.118551816517
9062301,training_selected,F568-3,0,11,18,0.008197153272002504,134.5410955279509
9062301,training_selected,F568-V1,2,11,15,0.029979935342710165,1072.9906673852895
9062301,training_selected,F571-V1,1,11,7,0.0015365914677965033,27.974914220126173
9062301,training_selected,F583-1,2,11,25,0.016790011905255156,173.59332410726427
9062301,training_selected,F583-4,3,11,12,0.0003186644458923547,3.1661891272769758
9062301,training_selected,KK98-251,4,11,15,0.022416060281088404,41.96456609222263
9062301,training_selected,NGC0024,3,11,29,0.02073600180305731,628.2086474930047
9062301,training_selected,NGC0055,3,11,21,0.00353800104678078,59.82114347215165
9062301,training_selected,NGC0247,2,11,26,0.0019814125920818637,45.7089636233774
9062301,training_selected,NGC0289,1,11,28,0.0006667404548924437,104.22946438097476
9062301,training_selected,NGC0300,4,11,25,0.004873643614219643,164.26722082148544
9062301,training_selected,NGC0801,0,11,13,0.0023638029647606437,483.7220262028633
9062301,training_selected,NGC1003,3,11,36,0.002093105451204142,100.10984662289376
9062301,training_selected,NGC1090,1,11,24,0.00574266486304674,97.02204451614436
9062301,training_selected,NGC2403,1,11,73,0.0030217299101438794,216.68670176404805
9062301,training_selected,NGC2683,2,11,11,0.00044495366813294106,75.26049040821277
9062301,training_selected,NGC2841,3,11,50,0.010312495812674063,3846.424722064945
9062301,training_selected,NGC2915,4,11,30,0.0386567516576747,713.559471222184
9062301,training_selected,NGC2955,2,11,24,0.0014643653561605965,543.8139961649966
9062301,training_selected,NGC2976,4,11,27,0.008364071423177006,15.502483667176065
9062301,training_selected,NGC2998,3,11,13,0.014530855317719714,669.1557892950407
9062301,training_selected,NGC3109,3,11,25,0.007768540139922949,106.48386343430163
9062301,training_selected,NGC3198,3,11,43,0.005092335676946655,92.70421059944672
9062301,training_selected,NGC3521,0,11,41,0.0006421302555755153,141.3320274409932
9062301,training_selected,NGC3741,4,11,21,0.0060532488480608045,47.525230823042676
9062301,training_selected,NGC3769,4,11,12,0.0016134509624230627,99.38894722308616
9062301,training_selected,NGC3877,0,11,13,0.012562160852490846,456.1792451499287
9062301,training_selected,NGC3893,1,11,10,0.0012811946752494955,196.02793779788516
9062301,training_selected,NGC3917,0,11,17,0.004343007754550394,123.47786207525736
9062301,training_selected,NGC3949,4,11,7,0.0011465927374654605,145.37197051623872
9062301,training_selected,NGC3972,4,11,10,0.0032794682262161914,155.99953064806317
9062301,training_selected,NGC3992,3,11,9,0.00294104802422,877.3021255709457
9062301,training_selected,NGC4051,3,11,7,0.0029776503067294466,393.47744749403927
9062301,training_selected,NGC4068,4,11,6,0.04064677483902817,59.73256325882404
9062301,training_selected,NGC4088,2,11,12,0.007844973900052959,1271.6737437093454
9062301,training_selected,NGC4100,0,11,24,0.0016029067461743919,234.9661747023484
9062301,training_selected,NGC5005,0,11,18,0.001652639902761994,568.6546375949225
9062301,training_selected,NGC5033,1,11,22,0.0025441892756028015,649.6857524110156
9062301,training_selected,NGC5371,2,11,19,0.0034391120565062383,1038.4378596418364
9062301,training_selected,NGC5585,3,11,24,0.004562424210719494,65.70649552300443
9062301,training_selected,NGC5985,1,11,33,0.020551957222111217,6127.98017189932
9062301,training_selected,NGC6015,1,11,44,0.0036208250530417635,320.2358034687814
9062301,training_selected,NGC6195,2,11,23,0.0032664274208035614,1104.5893723122372
9062301,training_selected,NGC6503,1,11,31,0.0019174420934731373,116.1439999128202
9062301,training_selected,NGC6674,4,11,15,0.004340359751228048,1333.1962955074791
9062301,training_selected,NGC6946,4,11,58,0.001373992453253499,195.88424335444023
9062301,training_selected,NGC7331,3,11,36,0.0026483672310968487,1026.4239748345074
9062301,training_selected,UGC00128,1,11,22,0.004341378107094992,226.37985726791385
9062301,training_selected,UGC00191,2,11,9,0.005155941175539716,81.65417982524941
9062301,training_selected,UGC00731,0,11,12,0.019281272420989436,157.1568961387904
9062301,training_selected,UGC00891,1,11,5,0.004160320324883225,29.56989157983703
9062301,training_selected,UGC02259,2,11,8,0.019660024504469985,395.5331944730715
9062301,training_selected,UGC02487,2,11,17,0.010680740533293938,5655.917008101969
9062301,training_selected,UGC02916,0,11,43,0.0040389820340974375,979.6725510725314
9062301,training_selected,UGC02953,3,11,115,0.005194434833811744,1229.3106620393003
9062301,training_selected,UGC03205,2,11,48,0.0026649362076589314,567.9337600516195
9062301,training_selected,UGC03580,3,11,47,0.01638298002829663,726.4621479689625
9062301,training_selected,UGC04325,3,11,8,0.022418868806148913,481.1032888257825
9062301,training_selected,UGC04483,0,11,8,0.005294803272961987,5.564196554900068
9062301,training_selected,UGC04499,2,11,9,0.002142539770115663,13.050292219898063
9062301,training_selected,UGC05414,3,11,6,0.0023820739278521746,11.854077035633738
9062301,training_selected,UGC05716,3,11,12,0.004106699253587825,59.81438000137993
9062301,training_selected,UGC05750,0,11,11,0.029627712575255653,70.2949161403675
9062301,training_selected,UGC05764,1,11,10,0.025604897944665816,160.18088783022785
9062301,training_selected,UGC05829,1,11,11,0.0016203534510371197,10.85628899302831
9062301,training_selected,UGC06399,0,11,9,0.004036330900037092,101.75695611374937
9062301,training_selected,UGC06614,4,11,13,0.0034055848972908784,678.7132372895138
9062301,training_selected,UGC06786,1,11,45,0.006789793435123019,1332.0686611022468
9062301,training_selected,UGC06787,4,11,71,0.006322491817240741,1675.800616278292
9062301,training_selected,UGC06818,0,11,8,0.014277508865556631,121.32093108927356
9062301,training_selected,UGC06917,2,11,11,0.0029783382414302144,131.49434125111827
9062301,training_selected,UGC06923,4,11,6,0.0028017502721633513,39.43931498962118
9062301,training_selected,UGC06983,3,11,17,0.0057147352457329595,249.8570669836692
9062301,training_selected,UGC07089,3,11,12,0.004533040803772088,63.271553702082514
9062301,training_selected,UGC07261,4,11,7,0.0034952217618527425,44.45599180244147
9062301,training_selected,UGC07323,4,11,10,0.0017327403290964822,18.700873280700012
9062301,training_selected,UGC07399,2,11,10,0.0403788654867262,1142.4176733207646
9062301,training_selected,UGC07524,0,11,31,0.001969030194087702,28.553135672407077
9062301,training_selected,UGC07577,0,11,9,0.08451692030428805,105.98682019595104
9062301,training_selected,UGC07603,2,11,12,0.009383120985435965,135.31611713058328
9062301,training_selected,UGC07866,1,11,7,0.004604215229728613,18.29363779413228
9062301,training_selected,UGC08490,1,11,30,0.010580455685562842,250.8871943589201
9062301,training_selected,UGC08699,0,11,41,0.0026337879503693616,480.5070194220986
9062301,training_selected,UGC08837,1,11,8,0.03313511219202962,95.51691856584807
9062301,training_selected,UGC09037,0,11,22,0.009689211722151552,749.1519621190641
9062301,training_selected,UGC09133,4,11,68,0.0012403611774120865,433.1862961327556
9062301,training_selected,UGC09992,3,11,5,0.01259053790983416,104.12891480052238
9062301,training_selected,UGC10310,1,11,7,0.0018037523449365325,30.996268004962953
9062301,training_selected,UGC11820,0,11,10,0.003993875865063608,24.02917381055549
9062301,training_selected,UGC11914,1,11,65,0.0011430828218266576,432.0992838066604
9062301,training_selected,UGCA442,2,11,8,0.002359754350212398,33.45789029105847
9062301,training_selected,UGCA444,1,11,36,0.0020783946259931097,3.360452605369726
9062302,newton_fixed,CamB,3,0,9,0.021185323967411004,11.26009748057199
9062302,newton_fixed,D564-8,3,0,6,0.12329864795104173,135.7939082372972
9062302,newton_fixed,D631-7,1,0,16,0.10883057875352765,693.2739603178544
9062302,newton_fixed,DDO064,2,0,14,0.16264423197591027,321.85368922435106
9062302,newton_fixed,DDO161,1,0,31,0.051234667843107096,543.9636868961281
9062302,newton_fixed,DDO168,4,0,10,0.06255452381927336,441.79307357171655
9062302,newton_fixed,DDO170,0,0,8,0.09411691646085571,747.1486816567913
9062302,newton_fixed,ESO079-G014,2,0,15,0.050039399856756886,3107.6816316178943
9062302,newton_fixed,ESO116-G012,2,0,15,0.08419435041467487,2188.9692786104883
9062302,newton_fixed,F565-V2,4,0,7,0.18724600891250748,1688.216629783114
9062302,newton_fixed,F568-3,0,0,18,0.1053766643168856,1985.9095825520935
9062302,newton_fixed,F568-V1,3,0,15,0.2120684713831893,4292.867478578097
9062302,newton_fixed,F571-V1,3,0,7,0.11225727825411302,1583.6364076432576
9062302,newton_fixed,F583-1,4,0,25,0.20580109521268247,1434.98519134745
9062302,newton_fixed,F583-4,2,0,12,0.10526258843577747,798.4035783139911
9062302,newton_fixed,KK98-251,3,0,15,0.041109522133150195,85.42044564944769
9062302,newton_fixed,NGC0024,4,0,29,0.10418832636575467,2226.074360099069
9062302,newton_fixed,NGC0055,1,0,21,0.04382205122437279,906.3013460927594
9062302,newton_fixed,NGC0247,3,0,26,0.09772972783696922,1965.9242657689542
9062302,newton_fixed,NGC0289,0,0,28,0.06175320775461595,5192.3428021622
9062302,newton_fixed,NGC0300,2,0,25,0.12103315628297816,2160.2936962846197
9062302,newton_fixed,NGC0801,0,0,13,0.01658589843355772,2911.1865442630683
9062302,newton_fixed,NGC1003,3,0,36,0.12946431518564758,3255.2961484524967
9062302,newton_fixed,NGC1090,1,0,24,0.03359897142849445,2909.985210515902
9062302,newton_fixed,NGC2403,2,0,73,0.061400511915650456,2570.5962698315907
9062302,newton_fixed,NGC2683,1,0,11,0.04656225038894164,4095.308686458214
9062302,newton_fixed,NGC2841,1,0,50,0.07319333072076784,17033.250295070036
9062302,newton_fixed,NGC2915,2,0,30,0.2517007774742901,2847.2842500854426
9062302,newton_fixed,NGC2955,3,0,24,0.006775399999506663,1819.0170018031988
9062302,newton_fixed,NGC2976,2,0,27,0.013796881083942237,203.3487535947317
9062302,newton_fixed,NGC2998,1,0,13,0.0559924356599443,5154.1311946955575
9062302,newton_fixed,NGC3109,4,0,25,0.18806560364948535,1029.0910647422418
9062302,newton_fixed,NGC3198,1,0,43,0.05411938360327491,3147.231234809854
9062302,newton_fixed,NGC3521,3,0,41,0.007653661712029064,1239.6167264717867
9062302,newton_fixed,NGC3741,2,0,21,0.21300100414571738,670.9900214437206
9062302,newton_fixed,NGC3769,0,0,12,0.06745013312542338,2535.783383055386
9062302,newton_fixed,NGC3877,4,0,13,0.017539548576378333,1145.210295271568
9062302,newton_fixed,NGC3893,3,0,10,0.031340155617227076,3413.3797501233616
9062302,newton_fixed,NGC3917,0,0,17,0.05382060620196593,2597.771492488774
9062302,newton_fixed,NGC3949,3,0,7,0.007482385943983005,813.2350557929523
9062302,newton_fixed,NGC3972,3,0,10,0.04721587482664154,1976.6555824883442
9062302,newton_fixed,NGC3992,0,0,9,0.057249211039053866,11079.758269263308
9062302,newton_fixed,NGC4051,4,0,7,0.0059576818246072335,556.9776732562641
9062302,newton_fixed,NGC4068,1,0,6,0.0199803101554043,88.89994632073383
9062302,newton_fixed,NGC4088,1,0,12,0.005678362812218587,644.9715102866962
9062302,newton_fixed,NGC4100,4,0,24,0.04471953680099968,4406.008200952966
9062302,newton_fixed,NGC5005,0,0,18,0.003395025200290211,1032.8359908487482
9062302,newton_fixed,NGC5033,0,0,22,0.05281712261391662,6690.60586922638
9062302,newton_fixed,NGC5371,1,0,19,0.011030379273301413,2052.7193316323355
9062302,newton_fixed,NGC5585,1,0,24,0.05180951174994467,1003.6821937946311
9062302,newton_fixed,NGC5985,2,0,33,0.08008784966510056,18631.21354611321
9062302,newton_fixed,NGC6015,3,0,44,0.06687887908092398,4306.592467501244
9062302,newton_fixed,NGC6195,0,0,23,0.0041004429729612,1054.033128829798
9062302,newton_fixed,NGC6503,0,0,31,0.09615139716217472,3230.108509787587
9062302,newton_fixed,NGC6674,3,0,15,0.08581903204722129,14208.067741401099
9062302,newton_fixed,NGC6946,4,0,58,0.017600415997075704,1776.6137603333734
9062302,newton_fixed,NGC7331,1,0,36,0.01740151955750265,3522.939076331272
9062302,newton_fixed,UGC00128,1,0,22,0.1699570632717956,5549.159617799195
9062302,newton_fixed,UGC00191,1,0,9,0.0948733215929037,1019.1849507347847
9062302,newton_fixed,UGC00731,2,0,12,0.2339313296777831,1457.2243004948814
9062302,newton_fixed,UGC00891,2,0,5,0.1044471796503508,806.5635825902589
9062302,newton_fixed,UGC02259,4,0,8,0.1645827658732606,2314.0070954611497
9062302,newton_fixed,UGC02487,3,0,17,0.0867296735328349,28179.36451644828
9062302,newton_fixed,UGC02916,0,0,43,0.010389415215008373,1677.0964554960894
9062302,newton_fixed,UGC02953,4,0,115,0.036396018760361706,7466.249070934645
9062302,newton_fixed,UGC03205,3,0,48,0.0322874147201845,5178.940853517506
9062302,newton_fixed,UGC03580,1,0,47,0.033995551486591204,1296.8649588430187
9062302,newton_fixed,UGC04325,4,0,8,0.14008978450723814,2131.009533163413
9062302,newton_fixed,UGC04483,2,0,8,0.0544092612967054,70.26892149591477
9062302,newton_fixed,UGC04499,4,0,9,0.06418667184983039,826.0331157789723
9062302,newton_fixed,UGC05414,0,0,6,0.04693128705435871,379.3546211427526
9062302,newton_fixed,UGC05716,0,0,12,0.15153956286721568,1489.6294033756885
9062302,newton_fixed,UGC05750,0,0,11,0.07403726048595216,756.80398105539
9062302,newton_fixed,UGC05764,3,0,10,0.22185987398954055,877.7504273914992
9062302,newton_fixed,UGC05829,4,0,11,0.13762639266851487,612.7763769455173
9062302,newton_fixed,UGC06399,3,0,9,0.10511333929791268,1498.2616875441195
9062302,newton_fixed,UGC06614,4,0,13,0.03698059317893746,4296.547532853196
9062302,newton_fixed,UGC06786,2,0,45,0.05004237373295675,6729.121739621244
9062302,newton_fixed,UGC06787,0,0,71,0.03987828818286315,6472.488871313041
9062302,newton_fixed,UGC06818,2,0,8,0.061024614629633225,732.8081774814389
9062302,newton_fixed,UGC06917,4,0,11,0.07942683617168957,2156.6663903721715
9062302,newton_fixed,UGC06923,0,0,6,0.03469716943657189,672.5954374257236
9062302,newton_fixed,UGC06983,3,0,17,0.10702061959421748,2974.7541878483926
9062302,newton_fixed,UGC07089,2,0,12,0.04521256282065289,648.4091180440126
9062302,newton_fixed,UGC07261,2,0,7,0.0877656410428133,1092.3587201550351
9062302,newton_fixed,UGC07323,4,0,10,0.0362735727358669,554.3347998781818
9062302,newton_fixed,UGC07399,3,0,10,0.2020117188059618,3467.7860215333785
9062302,newton_fixed,UGC07524,4,0,31,0.1061234554320332,1175.7162906591557
9062302,newton_fixed,UGC07577,1,0,9,0.022079262415087324,5.9742763689512115
9062302,newton_fixed,UGC07603,4,0,12,0.12345004526381093,989.3505701432899
9062302,newton_fixed,UGC07866,0,0,7,0.06121941361206716,122.69280769252774
9062302,newton_fixed,UGC08490,0,0,30,0.14997308105700005,2013.4278026426132
9062302,newton_fixed,UGC08699,2,0,41,0.030649467046667045,3278.4928091426596
9062302,newton_fixed,UGC08837,2,0,8,0.028089730229061236,150.92835998553153
9062302,newton_fixed,UGC09037,1,0,22,0.018579633937240835,1497.0599765082216
9062302,newton_fixed,UGC09133,1,0,68,0.03924235015439958,6644.473548678883
9062302,newton_fixed,UGC09992,0,0,5,0.037460206039314506,125.71541480946958
9062302,newton_fixed,UGC10310,0,0,7,0.09012817448170665,977.1819439909515
9062302,newton_fixed,UGC11820,1,0,10,0.12040750042339096,947.5973734751014
9062302,newton_fixed,UGC11914,2,0,65,0.008262994070752244,2865.434999941108
9062302,newton_fixed,UGCA442,4,0,8,0.13740553150244453,761.686776577119
9062302,newton_fixed,UGCA444,1,0,36,0.1332533857495859,209.41853063919973
9062302,mond_fixed,CamB,3,1,9,0.20584368941640968,244.09313797301425
9062302,mond_fixed,D564-8,3,1,6,0.02753833243096267,51.323559300728284
9062302,mond_fixed,D631-7,1,1,16,0.025879425421062738,110.70758485402212
9062302,mond_fixed,DDO064,2,1,14,0.005550146547520265,12.590380248596555
9062302,mond_fixed,DDO161,1,1,31,0.023868097550687157,344.8282015091504
9062302,mond_fixed,DDO168,4,1,10,0.011884732968400787,62.093110221306326
9062302,mond_fixed,DDO170,0,1,8,0.01074998980763409,206.49949386407062
9062302,mond_fixed,ESO079-G014,2,1,15,0.0024365175282382323,129.90604146052758
9062302,mond_fixed,ESO116-G012,2,1,15,0.0017026467782766512,82.96978537850563
9062302,mond_fixed,F565-V2,4,1,7,0.0032136046553516615,47.84110196502697
9062302,mond_fixed,F568-3,0,1,18,0.008118977576168064,63.6232650720971
9062302,mond_fixed,F568-V1,3,1,15,0.017607068050432266,663.68948991694
9062302,mond_fixed,F571-V1,3,1,7,0.002757291680077107,40.44987006230654
9062302,mond_fixed,F583-1,4,1,25,0.012839186971722016,106.50575011215653
9062302,mond_fixed,F583-4,2,1,12,0.0015836447258602319,28.955111961114742
9062302,mond_fixed,KK98-251,3,1,15,0.04273776339890408,118.16986703882256
9062302,mond_fixed,NGC0024,4,1,29,0.013932696484557233,426.534518326219
9062302,mond_fixed,NGC0055,1,1,21,0.010926438592539169,306.88227201847724
9062302,mond_fixed,NGC0247,3,1,26,0.0008286811380461139,29.979090852265685
9062302,mond_fixed,NGC0289,0,1,28,0.0032124699654962896,556.7271321612782
9062302,mond_fixed,NGC0300,2,1,25,0.0010594362297723676,31.439836924832722
9062302,mond_fixed,NGC0801,0,1,13,0.004584267671734698,1246.5328061646846
9062302,mond_fixed,NGC1003,3,1,36,0.0017174137131244602,67.79570173997288
9062302,mond_fixed,NGC1090,1,1,24,0.007510378827226737,352.08028168036464
9062302,mond_fixed,NGC2403,2,1,73,0.0005878604840940151,38.9360081438137
9062302,mond_fixed,NGC2683,1,1,11,0.001350517141218433,200.24661112984086
9062302,mond_fixed,NGC2841,1,1,50,0.0069162339679225944,2811.5160556254377
9062302,mond_fixed,NGC2915,2,1,30,0.025074319056583687,425.57670558556936
9062302,mond_fixed,NGC2955,3,1,24,0.0015362839008018127,541.6303631617106
9062302,mond_fixed,NGC2976,2,1,27,0.011627681121076728,32.24024372751406
9062302,mond_fixed,NGC2998,1,1,13,0.014252624484766515,732.9717507705129
9062302,mond_fixed,NGC3109,4,1,25,0.0035573304673822237,25.420145374841645
9062302,mond_fixed,NGC3198,1,1,43,0.005402308890426161,124.9682786139475
9062302,mond_fixed,NGC3521,3,1,41,0.00020628298958536733,46.442669212264974
9062302,mond_fixed,NGC3741,2,1,21,0.0019479007299001187,7.4053572152075775
9062302,mond_fixed,NGC3769,0,1,12,0.0034960943248887356,255.37183759547426
9062302,mond_fixed,NGC3877,4,1,13,0.01295231371634525,572.1012274955821
9062302,mond_fixed,NGC3893,3,1,10,0.0003320219520341535,47.383583863688
9062302,mond_fixed,NGC3917,0,1,17,0.0040183008777799015,44.0590844858543
9062302,mond_fixed,NGC3949,3,1,7,0.000986881533291895,127.64005217133861
9062302,mond_fixed,NGC3972,3,1,10,0.0017914547678271578,45.89840303182833
9062302,mond_fixed,NGC3992,0,1,9,0.0011374357941199122,343.7140269102328
9062302,mond_fixed,NGC4051,4,1,7,0.004495723779292747,643.370463151478
9062302,mond_fixed,NGC4068,1,1,6,0.05792166096299926,129.72391298393632
9062302,mond_fixed,NGC4088,1,1,12,0.01024433308058023,1779.4573084562646
9062302,mond_fixed,NGC4100,4,1,24,0.0007030289234199819,97.49387260180328
9062302,mond_fixed,NGC5005,0,1,18,0.0005991034522490181,195.3818187744397
9062302,mond_fixed,NGC5033,0,1,22,0.0008882935945106436,233.96691778221538
9062302,mond_fixed,NGC5371,1,1,19,0.006406483242225192,2013.4443781372147
9062302,mond_fixed,NGC5585,1,1,24,0.006286254486897485,69.97650711942423
9062302,mond_fixed,NGC5985,2,1,33,0.016053405184009568,4816.891607753498
9062302,mond_fixed,NGC6015,3,1,44,0.001682633427193477,117.12892717502433
9062302,mond_fixed,NGC6195,0,1,23,0.0036454838906899685,1313.2447829312152
9062302,mond_fixed,NGC6503,0,1,31,0.0003650464981992309,17.969761164132347
9062302,mond_fixed,NGC6674,3,1,15,0.0019125759922267,643.9987349039267
9062302,mond_fixed,NGC6946,4,1,58,0.002075559366363078,314.28008697701574
9062302,mond_fixed,NGC7331,1,1,36,0.0023674802036222184,859.1614075489134
9062302,mond_fixed,UGC00128,1,1,22,0.002292306309984803,137.22846221954387
9062302,mond_fixed,UGC00191,1,1,9,0.0025356397307140684,53.34165255963803
9062302,mond_fixed,UGC00731,2,1,12,0.011474125157994437,131.48758074111313
9062302,mond_fixed,UGC00891,2,1,5,0.008321393639273927,59.01327202902117
9062302,mond_fixed,UGC02259,4,1,8,0.010083575328800914,186.63740683634788
9062302,mond_fixed,UGC02487,3,1,17,0.006438189972401677,3700.1197167933
9062302,mond_fixed,UGC02916,0,1,43,0.004238222976032068,918.7303786675176
9062302,mond_fixed,UGC02953,4,1,115,0.004237335238383473,837.0022650742683
9062302,mond_fixed,UGC03205,3,1,48,0.0019378453518078852,400.50065837058474
9062302,mond_fixed,UGC03580,1,1,47,0.016346942210467147,738.3507493132033
9062302,mond_fixed,UGC04325,4,1,8,0.012710722294253593,269.94924735320427
9062302,mond_fixed,UGC04483,2,1,8,0.014890543409951544,27.922904954611315
9062302,mond_fixed,UGC04499,4,1,9,0.005325463992301268,80.72875853335138
9062302,mond_fixed,UGC05414,0,1,6,0.007438180748801649,68.25737145538807
9062302,mond_fixed,UGC05716,0,1,12,0.0014603623435860762,31.422731724879082
9062302,mond_fixed,UGC05750,0,1,11,0.043166979773464405,238.13072921582128
9062302,mond_fixed,UGC05764,3,1,10,0.01209003891808132,71.78833417748044
9062302,mond_fixed,UGC05829,4,1,11,0.003408234832981603,74.07740181331773
9062302,mond_fixed,UGC06399,3,1,9,0.0014233549202768926,16.058269330078403
9062302,mond_fixed,UGC06614,4,1,13,0.004788631467644377,963.4572018769193
9062302,mond_fixed,UGC06786,2,1,45,0.004577558903907057,890.9356901614955
9062302,mond_fixed,UGC06787,0,1,71,0.0032680397044886817,885.3658268204979
9062302,mond_fixed,UGC06818,2,1,8,0.020595549550483875,186.69270746521943
9062302,mond_fixed,UGC06917,4,1,11,0.0005448907423710501,21.29962685455371
9062302,mond_fixed,UGC06923,0,1,6,0.004939060283348962,84.16607557947503
9062302,mond_fixed,UGC06983,3,1,17,0.00198640528824678,83.70470690982741
9062302,mond_fixed,UGC07089,2,1,12,0.01162102467218653,228.30929606604244
9062302,mond_fixed,UGC07261,2,1,7,0.001617975648647825,21.31474653431738
9062302,mond_fixed,UGC07323,4,1,10,0.005327523942642132,88.51821019207793
9062302,mond_fixed,UGC07399,3,1,10,0.0242193958526976,743.6975936575591
9062302,mond_fixed,UGC07524,4,1,31,0.0023822084074787875,54.66249063155013
9062302,mond_fixed,UGC07577,1,1,9,0.11564892877567183,172.2846631486365
9062302,mond_fixed,UGC07603,4,1,12,0.0036729039569391234,46.454071626100365
9062302,mond_fixed,UGC07866,0,1,7,0.013946104408783326,65.7625239433453
9062302,mond_fixed,UGC08490,0,1,30,0.003267690114447881,77.12598678678403
9062302,mond_fixed,UGC08699,2,1,41,0.0009905166339975425,181.6635886591283
9062302,mond_fixed,UGC08837,2,1,8,0.04961463326558827,214.0877219762782
9062302,mond_fixed,UGC09037,1,1,22,0.01466247810881918,1466.088477730174
9062302,mond_fixed,UGC09133,1,1,68,0.0015688921597687572,453.51631640647815
9062302,mond_fixed,UGC09992,0,1,5,0.025479767373247066,235.60104585859472
9062302,mond_fixed,UGC10310,0,1,7,0.0020291585143245934,64.4068360206192
9062302,mond_fixed,UGC11820,1,1,10,0.0037905193777308154,85.15859469849265
9062302,mond_fixed,UGC11914,2,1,65,0.002394995967007398,911.9025694194645
9062302,mond_fixed,UGCA442,4,1,8,0.0016798061389136838,12.099592645473768
9062302,mond_fixed,UGCA444,1,1,36,0.005234330172042357,24.280476516831836
9062302,newton_ml,CamB,3,4,9,0.025052879757683458,11.580917018938347
9062302,newton_ml,D564-8,3,4,6,0.11070415513650206,127.73567750019798
9062302,newton_ml,D631-7,1,4,16,0.10398965245836965,673.4797632097707
9062302,newton_ml,DDO064,2,4,14,0.13431175190046635,296.3319642765805
9062302,newton_ml,DDO161,1,4,31,0.04767883546891685,523.421226620722
9062302,newton_ml,DDO168,4,4,10,0.05833869522764159,422.1431480861702
9062302,newton_ml,DDO170,0,4,8,0.08701166343429281,714.8424789973299
9062302,newton_ml,ESO079-G014,2,4,15,0.035411931375511255,2444.709872155981
9062302,newton_ml,ESO116-G012,2,4,15,0.06838353466274774,1925.331195269114
9062302,newton_ml,F565-V2,4,4,7,0.17371594770426166,1631.1889795792717
9062302,newton_ml,F568-3,0,4,18,0.0861270525290739,1775.7363310172348
9062302,newton_ml,F568-V1,3,4,15,0.1836561652638736,3990.225071143658
9062302,newton_ml,F571-V1,3,4,7,0.09959558092038115,1478.8719799758585
9062302,newton_ml,F583-1,4,4,25,0.17846362798459783,1350.9203941108135
9062302,newton_ml,F583-4,2,4,12,0.08375145270385276,683.6557256467303
9062302,newton_ml,KK98-251,3,4,15,0.036728112421488886,79.93476976297121
9062302,newton_ml,NGC0024,4,4,29,0.08318749912429349,1918.1502507636092
9062302,newton_ml,NGC0055,1,4,21,0.037137066707003195,805.8539165593481
9062302,newton_ml,NGC0247,3,4,26,0.08029758765138609,1732.012253385061
9062302,newton_ml,NGC0289,0,4,28,0.05193570790864653,4479.487538491262
9062302,newton_ml,NGC0300,2,4,25,0.10209699051361824,1945.8862133668465
9062302,newton_ml,NGC0801,0,4,13,0.01047330136376215,1863.3136561340552
9062302,newton_ml,NGC1003,3,4,36,0.11564482815378084,3020.3604467983673
9062302,newton_ml,NGC1090,1,4,24,0.0247884287749796,2133.778389285286
9062302,newton_ml,NGC2403,2,4,73,0.05018107400422353,2230.4555854937425
9062302,newton_ml,NGC2683,1,4,11,0.03278163791544679,2987.3089625987723
9062302,newton_ml,NGC2841,1,4,50,0.057905855085992816,13808.128350544486
9062302,newton_ml,NGC2915,2,4,30,0.23399934073778889,2734.8613164017024
9062302,newton_ml,NGC2955,3,4,24,0.003559910224550948,1031.958033954504
9062302,newton_ml,NGC2976,2,4,27,0.007989903104083654,119.2020492144894
9062302,newton_ml,NGC2998,1,4,13,0.04152892130988211,3897.488254815881
9062302,newton_ml,NGC3109,4,4,25,0.1764212868600494,1000.9591263782495
9062302,newton_ml,NGC3198,1,4,43,0.04356014367458931,2606.782990967294
9062302,newton_ml,NGC3521,3,4,41,0.003980005523124884,623.2413592920316
9062302,newton_ml,NGC3741,2,4,21,0.20531869256259588,661.5854084822129
9062302,newton_ml,NGC3769,0,4,12,0.05646082680887393,2191.3815751186435
9062302,newton_ml,NGC3877,4,4,13,0.013621852723956988,657.9279935729141
9062302,newton_ml,NGC3893,3,4,10,0.02175088610539635,2488.8825091362896
9062302,newton_ml,NGC3917,0,4,17,0.039131887293311095,2041.2037769693625
9062302,newton_ml,NGC3949,3,4,7,0.003478943996568569,410.072956809559
9062302,newton_ml,NGC3972,3,4,10,0.033253812879297316,1521.8189470676216
9062302,newton_ml,NGC3992,0,4,9,0.041559451082450544,8551.255973502086
9062302,newton_ml,NGC4051,4,4,7,0.0020569264336057747,202.49393657854287
9062302,newton_ml,NGC4068,1,4,6,0.015768671531443734,73.42258801748669
9062302,newton_ml,NGC4088,1,4,12,0.004257682186084571,505.66718674840564
9062302,newton_ml,NGC4100,4,4,24,0.031180938789959034,3261.7837323171134
9062302,newton_ml,NGC5005,0,4,18,0.002087280295070838,684.0168478657974
9062302,newton_ml,NGC5033,0,4,22,0.04120118874938499,5580.003720638021
9062302,newton_ml,NGC5371,1,4,19,0.005086728644159599,970.634018811744
9062302,newton_ml,NGC5585,1,4,24,0.04213119478660471,884.4426027913302
9062302,newton_ml,NGC5985,2,4,33,0.0598464128725188,15055.117098667655
9062302,newton_ml,NGC6015,3,4,44,0.05285984730284554,3604.2391108726424
9062302,newton_ml,NGC6195,0,4,23,0.0023121012423973756,603.1707488796226
9062302,newton_ml,NGC6503,0,4,31,0.07957871574789886,2804.6849234434653
9062302,newton_ml,NGC6674,3,4,15,0.06782597264117816,11796.767691290866
9062302,newton_ml,NGC6946,4,4,58,0.011001975898063676,1178.5908045327553
9062302,newton_ml,NGC7331,1,4,36,0.012171409579974481,2790.6384621696034
9062302,newton_ml,UGC00128,1,4,22,0.15325838935209635,5243.416461948255
9062302,newton_ml,UGC00191,1,4,9,0.07690156435167689,904.6364247933562
9062302,newton_ml,UGC00731,2,4,12,0.2196361033870712,1424.9129107447827
9062302,newton_ml,UGC00891,2,4,5,0.09652987058674459,771.9307267850236
9062302,newton_ml,UGC02259,4,4,8,0.14267699136685716,2124.9556600908686
9062302,newton_ml,UGC02487,3,4,17,0.06688811926969228,22960.80581541158
9062302,newton_ml,UGC02916,0,4,43,0.007275441306122316,1351.777704986575
9062302,newton_ml,UGC02953,4,4,115,0.02717887146589558,5674.861858367654
9062302,newton_ml,UGC03205,3,4,48,0.021659563858938715,3612.250958282688
9062302,newton_ml,UGC03580,1,4,47,0.032847230892724066,1320.94167080703
9062302,newton_ml,UGC04325,4,4,8,0.11846672931952734,1913.7118257915977
9062302,newton_ml,UGC04483,2,4,8,0.04787204919006401,65.5739647822892
9062302,newton_ml,UGC04499,4,4,9,0.05356480696038465,734.7951718104209
9062302,newton_ml,UGC05414,0,4,6,0.036311797707966664,320.41765747186315
9062302,newton_ml,UGC05716,0,4,12,0.13883549232337958,1426.5891326707958
9062302,newton_ml,UGC05750,0,4,11,0.06153051743911067,675.8974752108747
9062302,newton_ml,UGC05764,3,4,10,0.2098084714371319,857.0344443047263
9062302,newton_ml,UGC05829,4,4,11,0.11848023291223862,572.6930854001652
9062302,newton_ml,UGC06399,3,4,9,0.08645674107328868,1329.833824295244
9062302,newton_ml,UGC06614,4,4,13,0.028234723980266704,3503.8354206975955
9062302,newton_ml,UGC06786,2,4,45,0.037120397377854004,5212.370338738796
9062302,newton_ml,UGC06787,0,4,71,0.03086510124561234,5397.540274869854
9062302,newton_ml,UGC06818,2,4,8,0.04963699032420283,641.8923478330659
9062302,newton_ml,UGC06917,4,4,11,0.06252200190106337,1832.9832885344397
9062302,newton_ml,UGC06923,0,4,6,0.025852951060186476,538.921718663357
9062302,newton_ml,UGC06983,3,4,17,0.09111905062025392,2683.3940484418777
9062302,newton_ml,UGC07089,2,4,12,0.03374831326435799,529.2943686923153
9062302,newton_ml,UGC07261,2,4,7,0.07024911895805061,933.5690126003462
9062302,newton_ml,UGC07323,4,4,10,0.02442051097187866,418.38056548504983
9062302,newton_ml,UGC07399,3,4,10,0.18004158989364633,3262.8318327615552
9062302,newton_ml,UGC07524,4,4,31,0.08971023594918957,1064.6671336455663
9062302,newton_ml,UGC07577,1,4,9,0.013084560770369241,4.1417036096818665
9062302,newton_ml,UGC07603,4,4,12,0.10724116073814338,909.3970816823794
9062302,newton_ml,UGC07866,0,4,7,0.04891045610793421,105.54028811763321
9062302,newton_ml,UGC08490,0,4,30,0.13485114117215527,1882.3409588540148
9062302,newton_ml,UGC08699,2,4,41,0.021788557924524315,2506.819402462996
9062302,newton_ml,UGC08837,2,4,8,0.02098788531914967,126.00189138348492
9062302,newton_ml,UGC09037,1,4,22,0.01445806243189515,1153.6791858577383
9062302,newton_ml,UGC09133,1,4,68,0.030113437570009637,5217.976477268919
9062302,newton_ml,UGC09992,0,4,5,0.028346181303035393,100.72049169652684
9062302,newton_ml,UGC10310,0,4,7,0.07399473218007291,859.1144201662629
9062302,newton_ml,UGC11820,1,4,10,0.10400500608744392,900.495958902814
9062302,newton_ml,UGC11914,2,4,65,0.003052045287560248,1122.8111992845472
9062302,newton_ml,UGCA442,4,4,8,0.131622664816666,744.6114755977763
9062302,newton_ml,UGCA444,1,4,36,0.12742208983322595,207.0137744648122
9062302,mond_adjusted,CamB,3,11,9,0.16424275050780313,160.74742191728086
9062302,mond_adjusted,D564-8,3,11,6,0.01313607108936934,15.922223749463514
9062302,mond_adjusted,D631-7,1,11,16,0.018337427925243965,75.95543855167676
9062302,mond_adjusted,DDO064,2,11,14,0.006015819824398389,10.943565469925813
9062302,mond_adjusted,DDO161,1,11,31,0.010313790630969502,97.33529761067895
9062302,mond_adjusted,DDO168,4,11,10,0.005969815148249259,30.13881127467307
9062302,mond_adjusted,DDO170,0,11,8,0.0021729234586985277,31.577777858964623
9062302,mond_adjusted,ESO079-G014,2,11,15,0.0037457891150712327,309.57651450281105
9062302,mond_adjusted,ESO116-G012,2,11,15,0.005710223060550576,269.71043310700236
9062302,mond_adjusted,F565-V2,4,11,7,0.009354146364741198,189.118551816517
9062302,mond_adjusted,F568-3,0,11,18,0.008197153272002504,134.5410955279509
9062302,mond_adjusted,F568-V1,3,11,15,0.029979935342710165,1072.9906673852895
9062302,mond_adjusted,F571-V1,3,11,7,0.0015365914677965033,27.974914220126173
9062302,mond_adjusted,F583-1,4,11,25,0.016790011905255156,173.59332410726427
9062302,mond_adjusted,F583-4,2,11,12,0.0003186644458923547,3.1661891272769758
9062302,mond_adjusted,KK98-251,3,11,15,0.022416060281088404,41.96456609222263
9062302,mond_adjusted,NGC0024,4,11,29,0.02073600180305731,628.2086474930047
9062302,mond_adjusted,NGC0055,1,11,21,0.00353800104678078,59.82114347215165
9062302,mond_adjusted,NGC0247,3,11,26,0.0019814125920818637,45.7089636233774
9062302,mond_adjusted,NGC0289,0,11,28,0.0006667404548924437,104.22946438097476
9062302,mond_adjusted,NGC0300,2,11,25,0.004873643614219643,164.26722082148544
9062302,mond_adjusted,NGC0801,0,11,13,0.0023638029647606437,483.7220262028633
9062302,mond_adjusted,NGC1003,3,11,36,0.002093105451204142,100.10984662289376
9062302,mond_adjusted,NGC1090,1,11,24,0.00574266486304674,97.02204451614436
9062302,mond_adjusted,NGC2403,2,11,73,0.0030217299101438794,216.68670176404805
9062302,mond_adjusted,NGC2683,1,11,11,0.00044495366813294106,75.26049040821277
9062302,mond_adjusted,NGC2841,1,11,50,0.010312495812674063,3846.424722064945
9062302,mond_adjusted,NGC2915,2,11,30,0.0386567516576747,713.559471222184
9062302,mond_adjusted,NGC2955,3,11,24,0.0014643653561605965,543.8139961649966
9062302,mond_adjusted,NGC2976,2,11,27,0.008364071423177006,15.502483667176065
9062302,mond_adjusted,NGC2998,1,11,13,0.014530855317719714,669.1557892950407
9062302,mond_adjusted,NGC3109,4,11,25,0.007768540139922949,106.48386343430163
9062302,mond_adjusted,NGC3198,1,11,43,0.005092335676946655,92.70421059944672
9062302,mond_adjusted,NGC3521,3,11,41,0.0006421302555755153,141.3320274409932
9062302,mond_adjusted,NGC3741,2,11,21,0.0060532488480608045,47.525230823042676
9062302,mond_adjusted,NGC3769,0,11,12,0.0016134509624230627,99.38894722308616
9062302,mond_adjusted,NGC3877,4,11,13,0.012562160852490846,456.1792451499287
9062302,mond_adjusted,NGC3893,3,11,10,0.0012811946752494955,196.02793779788516
9062302,mond_adjusted,NGC3917,0,11,17,0.004343007754550394,123.47786207525736
9062302,mond_adjusted,NGC3949,3,11,7,0.0011465927374654605,145.37197051623872
9062302,mond_adjusted,NGC3972,3,11,10,0.0032794682262161914,155.99953064806317
9062302,mond_adjusted,NGC3992,0,11,9,0.00294104802422,877.3021255709457
9062302,mond_adjusted,NGC4051,4,11,7,0.0029776503067294466,393.47744749403927
9062302,mond_adjusted,NGC4068,1,11,6,0.04064677483902817,59.73256325882404
9062302,mond_adjusted,NGC4088,1,11,12,0.007844973900052959,1271.6737437093454
9062302,mond_adjusted,NGC4100,4,11,24,0.0016029067461743919,234.9661747023484
9062302,mond_adjusted,NGC5005,0,11,18,0.001652639902761994,568.6546375949225
9062302,mond_adjusted,NGC5033,0,11,22,0.0025441892756028015,649.6857524110156
9062302,mond_adjusted,NGC5371,1,11,19,0.0034391120565062383,1038.4378596418364
9062302,mond_adjusted,NGC5585,1,11,24,0.004562424210719494,65.70649552300443
9062302,mond_adjusted,NGC5985,2,11,33,0.020551957222111217,6127.98017189932
9062302,mond_adjusted,NGC6015,3,11,44,0.0036208250530417635,320.2358034687814
9062302,mond_adjusted,NGC6195,0,11,23,0.0032664274208035614,1104.5893723122372
9062302,mond_adjusted,NGC6503,0,11,31,0.0019174420934731373,116.1439999128202
9062302,mond_adjusted,NGC6674,3,11,15,0.004340359751228048,1333.1962955074791
9062302,mond_adjusted,NGC6946,4,11,58,0.001373992453253499,195.88424335444023
9062302,mond_adjusted,NGC7331,1,11,36,0.0026483672310968487,1026.4239748345074
9062302,mond_adjusted,UGC00128,1,11,22,0.004341378107094992,226.37985726791385
9062302,mond_adjusted,UGC00191,1,11,9,0.005155941175539716,81.65417982524941
9062302,mond_adjusted,UGC00731,2,11,12,0.019281272420989436,157.1568961387904
9062302,mond_adjusted,UGC00891,2,11,5,0.004160320324883225,29.56989157983703
9062302,mond_adjusted,UGC02259,4,11,8,0.019660024504469985,395.5331944730715
9062302,mond_adjusted,UGC02487,3,11,17,0.010680740533293938,5655.917008101969
9062302,mond_adjusted,UGC02916,0,11,43,0.0040389820340974375,979.6725510725314
9062302,mond_adjusted,UGC02953,4,11,115,0.005194434833811744,1229.3106620393003
9062302,mond_adjusted,UGC03205,3,11,48,0.0026649362076589314,567.9337600516195
9062302,mond_adjusted,UGC03580,1,11,47,0.01638298002829663,726.4621479689625
9062302,mond_adjusted,UGC04325,4,11,8,0.022418868806148913,481.1032888257825
9062302,mond_adjusted,UGC04483,2,11,8,0.005294803272961987,5.564196554900068
9062302,mond_adjusted,UGC04499,4,11,9,0.002142539770115663,13.050292219898063
9062302,mond_adjusted,UGC05414,0,11,6,0.0023820739278521746,11.854077035633738
9062302,mond_adjusted,UGC05716,0,11,12,0.004106699253587825,59.81438000137993
9062302,mond_adjusted,UGC05750,0,11,11,0.029627712575255653,70.2949161403675
9062302,mond_adjusted,UGC05764,3,11,10,0.025604897944665816,160.18088783022785
9062302,mond_adjusted,UGC05829,4,11,11,0.0016203534510371197,10.85628899302831
9062302,mond_adjusted,UGC06399,3,11,9,0.004036330900037092,101.75695611374937
9062302,mond_adjusted,UGC06614,4,11,13,0.0034055848972908784,678.7132372895138
9062302,mond_adjusted,UGC06786,2,11,45,0.006789793435123019,1332.0686611022468
9062302,mond_adjusted,UGC06787,0,11,71,0.006322491817240741,1675.800616278292
9062302,mond_adjusted,UGC06818,2,11,8,0.014277508865556631,121.32093108927356
9062302,mond_adjusted,UGC06917,4,11,11,0.0029783382414302144,131.49434125111827
9062302,mond_adjusted,UGC06923,0,11,6,0.0028017502721633513,39.43931498962118
9062302,mond_adjusted,UGC06983,3,11,17,0.0057147352457329595,249.8570669836692
9062302,mond_adjusted,UGC07089,2,11,12,0.004533040803772088,63.271553702082514
9062302,mond_adjusted,UGC07261,2,11,7,0.0034952217618527425,44.45599180244147
9062302,mond_adjusted,UGC07323,4,11,10,0.0017327403290964822,18.700873280700012
9062302,mond_adjusted,UGC07399,3,11,10,0.0403788654867262,1142.4176733207646
9062302,mond_adjusted,UGC07524,4,11,31,0.001969030194087702,28.553135672407077
9062302,mond_adjusted,UGC07577,1,11,9,0.08451692030428805,105.98682019595104
9062302,mond_adjusted,UGC07603,4,11,12,0.009383120985435965,135.31611713058328
9062302,mond_adjusted,UGC07866,0,11,7,0.004604215229728613,18.29363779413228
9062302,mond_adjusted,UGC08490,0,11,30,0.010580455685562842,250.8871943589201
9062302,mond_adjusted,UGC08699,2,11,41,0.0026337879503693616,480.5070194220986
9062302,mond_adjusted,UGC08837,2,11,8,0.03313511219202962,95.51691856584807
9062302,mond_adjusted,UGC09037,1,11,22,0.009689211722151552,749.1519621190641
9062302,mond_adjusted,UGC09133,1,11,68,0.0012403611774120865,433.1862961327556
9062302,mond_adjusted,UGC09992,0,11,5,0.01259053790983416,104.12891480052238
9062302,mond_adjusted,UGC10310,0,11,7,0.0018037523449365325,30.996268004962953
9062302,mond_adjusted,UGC11820,1,11,10,0.003993875865063608,24.02917381055549
9062302,mond_adjusted,UGC11914,2,11,65,0.0011430828218266576,432.0992838066604
9062302,mond_adjusted,UGCA442,4,11,8,0.002359754350212398,33.45789029105847
9062302,mond_adjusted,UGCA444,1,11,36,0.0020783946259931097,3.360452605369726
9062302,absorption_proxy,CamB,3,24,9,0.025052879757683458,11.580917018938347
9062302,absorption_proxy,D564-8,3,24,6,0.11070415513650206,127.73567750019798
9062302,absorption_proxy,D631-7,1,24,16,0.10398965245836965,673.4797632097707
9062302,absorption_proxy,DDO064,2,24,14,0.13431175190046635,296.3319642765805
9062302,absorption_proxy,DDO161,1,24,31,0.04767883546891685,523.421226620722
9062302,absorption_proxy,DDO168,4,24,10,0.05833869522764159,422.1431480861702
9062302,absorption_proxy,DDO170,0,24,8,0.08701166343429281,714.8424789973299
9062302,absorption_proxy,ESO079-G014,2,24,15,0.035411931375511255,2444.709872155981
9062302,absorption_proxy,ESO116-G012,2,24,15,0.06838353466274774,1925.331195269114
9062302,absorption_proxy,F565-V2,4,24,7,0.17371594770426166,1631.1889795792717
9062302,absorption_proxy,F568-3,0,24,18,0.0861270525290739,1775.7363310172348
9062302,absorption_proxy,F568-V1,3,24,15,0.1836561652638736,3990.225071143658
9062302,absorption_proxy,F571-V1,3,24,7,0.09959558092038115,1478.8719799758585
9062302,absorption_proxy,F583-1,4,24,25,0.17846362798459783,1350.9203941108135
9062302,absorption_proxy,F583-4,2,24,12,0.08375145270385276,683.6557256467303
9062302,absorption_proxy,KK98-251,3,24,15,0.036728112421488886,79.93476976297121
9062302,absorption_proxy,NGC0024,4,24,29,0.08318749912429349,1918.1502507636092
9062302,absorption_proxy,NGC0055,1,24,21,0.037137066707003195,805.8539165593481
9062302,absorption_proxy,NGC0247,3,24,26,0.08029758765138609,1732.012253385061
9062302,absorption_proxy,NGC0289,0,24,28,0.05193570790864653,4479.487538491262
9062302,absorption_proxy,NGC0300,2,24,25,0.10209699051361824,1945.8862133668465
9062302,absorption_proxy,NGC0801,0,24,13,0.01047330136376215,1863.3136561340552
9062302,absorption_proxy,NGC1003,3,24,36,0.11564482815378084,3020.3604467983673
9062302,absorption_proxy,NGC1090,1,24,24,0.0247884287749796,2133.778389285286
9062302,absorption_proxy,NGC2403,2,24,73,0.05018107400422353,2230.4555854937425
9062302,absorption_proxy,NGC2683,1,24,11,0.03278163791544679,2987.3089625987723
9062302,absorption_proxy,NGC2841,1,24,50,0.057905855085992816,13808.128350544486
9062302,absorption_proxy,NGC2915,2,24,30,0.23399934073778889,2734.8613164017024
9062302,absorption_proxy,NGC2955,3,24,24,0.003559910224550948,1031.958033954504
9062302,absorption_proxy,NGC2976,2,24,27,0.007989903104083654,119.2020492144894
9062302,absorption_proxy,NGC2998,1,24,13,0.04152892130988211,3897.488254815881
9062302,absorption_proxy,NGC3109,4,24,25,0.1764212868600494,1000.9591263782495
9062302,absorption_proxy,NGC3198,1,24,43,0.04356014367458931,2606.782990967294
9062302,absorption_proxy,NGC3521,3,24,41,0.003980005523124884,623.2413592920316
9062302,absorption_proxy,NGC3741,2,24,21,0.20531869256259588,661.5854084822129
9062302,absorption_proxy,NGC3769,0,24,12,0.05646082680887393,2191.3815751186435
9062302,absorption_proxy,NGC3877,4,24,13,0.013621852723956988,657.9279935729141
9062302,absorption_proxy,NGC3893,3,24,10,0.02175088610539635,2488.8825091362896
9062302,absorption_proxy,NGC3917,0,24,17,0.039131887293311095,2041.2037769693625
9062302,absorption_proxy,NGC3949,3,24,7,0.003478943996568569,410.072956809559
9062302,absorption_proxy,NGC3972,3,24,10,0.033253812879297316,1521.8189470676216
9062302,absorption_proxy,NGC3992,0,24,9,0.041559451082450544,8551.255973502086
9062302,absorption_proxy,NGC4051,4,24,7,0.0020569264336057747,202.49393657854287
9062302,absorption_proxy,NGC4068,1,24,6,0.015768671531443734,73.42258801748669
9062302,absorption_proxy,NGC4088,1,24,12,0.004257682186084571,505.66718674840564
9062302,absorption_proxy,NGC4100,4,24,24,0.031180938789959034,3261.7837323171134
9062302,absorption_proxy,NGC5005,0,24,18,0.002087280295070838,684.0168478657974
9062302,absorption_proxy,NGC5033,0,24,22,0.04120118874938499,5580.003720638021
9062302,absorption_proxy,NGC5371,1,24,19,0.005086728644159599,970.634018811744
9062302,absorption_proxy,NGC5585,1,24,24,0.04213119478660471,884.4426027913302
9062302,absorption_proxy,NGC5985,2,24,33,0.0598464128725188,15055.117098667655
9062302,absorption_proxy,NGC6015,3,24,44,0.05285984730284554,3604.2391108726424
9062302,absorption_proxy,NGC6195,0,24,23,0.0023121012423973756,603.1707488796226
9062302,absorption_proxy,NGC6503,0,24,31,0.07957871574789886,2804.6849234434653
9062302,absorption_proxy,NGC6674,3,24,15,0.06782597264117816,11796.767691290866
9062302,absorption_proxy,NGC6946,4,24,58,0.011001975898063676,1178.5908045327553
9062302,absorption_proxy,NGC7331,1,24,36,0.012171409579974481,2790.6384621696034
9062302,absorption_proxy,UGC00128,1,24,22,0.15325838935209635,5243.416461948255
9062302,absorption_proxy,UGC00191,1,24,9,0.07690156435167689,904.6364247933562
9062302,absorption_proxy,UGC00731,2,24,12,0.2196361033870712,1424.9129107447827
9062302,absorption_proxy,UGC00891,2,24,5,0.09652987058674459,771.9307267850236
9062302,absorption_proxy,UGC02259,4,24,8,0.14267699136685716,2124.9556600908686
9062302,absorption_proxy,UGC02487,3,24,17,0.06688811926969228,22960.80581541158
9062302,absorption_proxy,UGC02916,0,24,43,0.007275441306122316,1351.777704986575
9062302,absorption_proxy,UGC02953,4,24,115,0.02717887146589558,5674.861858367654
9062302,absorption_proxy,UGC03205,3,24,48,0.021659563858938715,3612.250958282688
9062302,absorption_proxy,UGC03580,1,24,47,0.032847230892724066,1320.94167080703
9062302,absorption_proxy,UGC04325,4,24,8,0.11846672931952734,1913.7118257915977
9062302,absorption_proxy,UGC04483,2,24,8,0.04787204919006401,65.5739647822892
9062302,absorption_proxy,UGC04499,4,24,9,0.05356480696038465,734.7951718104209
9062302,absorption_proxy,UGC05414,0,24,6,0.036311797707966664,320.41765747186315
9062302,absorption_proxy,UGC05716,0,24,12,0.13883549232337958,1426.5891326707958
9062302,absorption_proxy,UGC05750,0,24,11,0.06153051743911067,675.8974752108747
9062302,absorption_proxy,UGC05764,3,24,10,0.2098084714371319,857.0344443047263
9062302,absorption_proxy,UGC05829,4,24,11,0.11848023291223862,572.6930854001652
9062302,absorption_proxy,UGC06399,3,24,9,0.08645674107328868,1329.833824295244
9062302,absorption_proxy,UGC06614,4,24,13,0.028234723980266704,3503.8354206975955
9062302,absorption_proxy,UGC06786,2,24,45,0.037120397377854004,5212.370338738796
9062302,absorption_proxy,UGC06787,0,24,71,0.03086510124561234,5397.540274869854
9062302,absorption_proxy,UGC06818,2,24,8,0.04963699032420283,641.8923478330659
9062302,absorption_proxy,UGC06917,4,24,11,0.06252200190106337,1832.9832885344397
9062302,absorption_proxy,UGC06923,0,24,6,0.025852951060186476,538.921718663357
9062302,absorption_proxy,UGC06983,3,24,17,0.09111905062025392,2683.3940484418777
9062302,absorption_proxy,UGC07089,2,24,12,0.03374831326435799,529.2943686923153
9062302,absorption_proxy,UGC07261,2,24,7,0.07024911895805061,933.5690126003462
9062302,absorption_proxy,UGC07323,4,24,10,0.02442051097187866,418.38056548504983
9062302,absorption_proxy,UGC07399,3,24,10,0.18004158989364633,3262.8318327615552
9062302,absorption_proxy,UGC07524,4,24,31,0.08971023594918957,1064.6671336455663
9062302,absorption_proxy,UGC07577,1,24,9,0.013084560770369241,4.1417036096818665
9062302,absorption_proxy,UGC07603,4,24,12,0.10724116073814338,909.3970816823794
9062302,absorption_proxy,UGC07866,0,24,7,0.04891045610793421,105.54028811763321
9062302,absorption_proxy,UGC08490,0,24,30,0.13485114117215527,1882.3409588540148
9062302,absorption_proxy,UGC08699,2,24,41,0.021788557924524315,2506.819402462996
9062302,absorption_proxy,UGC08837,2,24,8,0.02098788531914967,126.00189138348492
9062302,absorption_proxy,UGC09037,1,24,22,0.01445806243189515,1153.6791858577383
9062302,absorption_proxy,UGC09133,1,24,68,0.030113437570009637,5217.976477268919
9062302,absorption_proxy,UGC09992,0,24,5,0.028346181303035393,100.72049169652684
9062302,absorption_proxy,UGC10310,0,24,7,0.07399473218007291,859.1144201662629
9062302,absorption_proxy,UGC11820,1,24,10,0.10400500608744392,900.495958902814
9062302,absorption_proxy,UGC11914,2,24,65,0.003052045287560248,1122.8111992845472
9062302,absorption_proxy,UGCA442,4,24,8,0.131622664816666,744.6114755977763
9062302,absorption_proxy,UGCA444,1,24,36,0.12742208983322595,207.0137744648122
9062302,surface_relay,CamB,3,90,9,0.10659140354205025,105.10571432518714
9062302,surface_relay,D564-8,3,90,6,0.007322244558422899,14.28945454317673
9062302,surface_relay,D631-7,1,90,16,0.02283931030036851,165.4311574902668
9062302,surface_relay,DDO064,2,90,14,0.04120002517290652,20.81887734687611
9062302,surface_relay,DDO161,1,90,31,0.007969789727840284,98.80686376494448
9062302,surface_relay,DDO168,4,90,10,0.005940024453160472,31.415327572200077
9062302,surface_relay,DDO170,0,90,8,0.0006101872706947659,9.847929670723373
9062302,surface_relay,ESO079-G014,2,90,15,0.009490335423498227,557.0591982323634
9062302,surface_relay,ESO116-G012,2,90,15,0.00554376930865604,122.81873244356326
9062302,surface_relay,F565-V2,4,90,7,0.020896367982021474,345.072491374162
9062302,surface_relay,F568-3,0,90,18,0.012456429302132081,283.99218329255734
9062302,surface_relay,F568-V1,3,90,15,0.0473220074082162,1375.1383646543507
9062302,surface_relay,F571-V1,3,90,7,0.002585920188866006,70.40295508856043
9062302,surface_relay,F583-1,4,90,25,0.03826357943837556,356.0075461059486
9062302,surface_relay,F583-4,2,90,12,0.011223491801202216,28.74762932533325
9062302,surface_relay,KK98-251,3,90,15,0.006208579167245726,21.83187450302029
9062302,surface_relay,NGC0024,4,90,29,0.03466184404171823,834.7243159454235
9062302,surface_relay,NGC0055,1,90,21,0.0024638670421254032,66.02776121415184
9062302,surface_relay,NGC0247,3,90,26,0.008843928593915123,128.40513873867596
9062302,surface_relay,NGC0289,0,90,28,0.003098024521677898,554.1949929734199
9062302,surface_relay,NGC0300,2,90,25,0.006790181634410629,196.98065784048936
9062302,surface_relay,NGC0801,0,90,13,0.007486563331721917,2309.6590666054876
9062302,surface_relay,NGC1003,3,90,36,0.008948066125294467,417.4568094850861
9062302,surface_relay,NGC1090,1,90,24,0.009210485403071844,1050.3384702723217
9062302,surface_relay,NGC2403,2,90,73,0.0028392390562479463,129.8707854512795
9062302,surface_relay,NGC2683,1,90,11,0.006511104976893564,1342.6767410387224
9062302,surface_relay,NGC2841,1,90,50,0.004628517580116072,1926.970056666453
9062302,surface_relay,NGC2915,2,90,30,0.05058736118692657,938.7397189642068
9062302,surface_relay,NGC2955,3,90,24,0.005207240053887521,2219.815756982019
9062302,surface_relay,NGC2976,2,90,27,0.0032714067477900175,18.908085582640812
9062302,surface_relay,NGC2998,1,90,13,0.02397693681597823,1610.32742136012
9062302,surface_relay,NGC3109,4,90,25,0.020980681805393763,223.85391521286928
9062302,surface_relay,NGC3198,1,90,43,0.005150145349174266,153.44570990947415
9062302,surface_relay,NGC3521,3,90,41,0.0013999842412914555,375.4146009003206
9062302,surface_relay,NGC3741,2,90,21,0.030988349008472804,201.8203698142012
9062302,surface_relay,NGC3769,0,90,12,0.005902946067043997,483.83669481731846
9062302,surface_relay,NGC3877,4,90,13,0.013526436036658115,774.0085697891257
9062302,surface_relay,NGC3893,3,90,10,0.0033074965528995712,648.4908405776341
9062302,surface_relay,NGC3917,0,90,17,0.006320838561298098,265.16777243574745
9062302,surface_relay,NGC3949,3,90,7,0.0028576067570884474,460.7244335218906
9062302,surface_relay,NGC3972,3,90,10,0.005848771936739959,214.18524023970764
9062302,surface_relay,NGC3992,0,90,9,0.004218773120577114,1335.1951938861405
9062302,surface_relay,NGC4051,4,90,7,0.0041573241895000775,607.5355915202092
9062302,surface_relay,NGC4068,1,90,6,0.016095210567182754,47.59261688539084
9062302,surface_relay,NGC4088,1,90,12,0.027085216796323683,6572.576476097671
9062302,surface_relay,NGC4100,4,90,24,0.004981744129730154,804.7629572000448
9062302,surface_relay,NGC5005,0,90,18,0.002064452103161823,756.9514564973958
9062302,surface_relay,NGC5033,0,90,22,0.0027497100348888933,781.1087152976778
9062302,surface_relay,NGC5371,1,90,19,0.017989917730128778,6910.333113173923
9062302,surface_relay,NGC5585,1,90,24,0.0014694801037939606,16.148699293870617
9062302,surface_relay,NGC5985,2,90,33,0.02302332423592385,6222.545913177725
9062302,surface_relay,NGC6015,3,90,44,0.005831740246867378,432.4068015467115
9062302,surface_relay,NGC6195,0,90,23,0.007209897460053511,2917.6381054677254
9062302,surface_relay,NGC6503,0,90,31,0.0036107056513429436,223.33166222534265
9062302,surface_relay,NGC6674,3,90,15,0.0034608987296710927,1094.0308546208757
9062302,surface_relay,NGC6946,4,90,58,0.009765219273058377,1850.0096407858964
9062302,surface_relay,NGC7331,1,90,36,0.011835371771190272,4746.987351229219
9062302,surface_relay,UGC00128,1,90,22,0.015812424009614447,850.7968361623363
9062302,surface_relay,UGC00191,1,90,9,0.016352171836871418,170.9836585887316
9062302,surface_relay,UGC00731,2,90,12,0.049253110004032895,304.3836439123196
9062302,surface_relay,UGC00891,2,90,5,0.00459228022658696,62.31138196660315
9062302,surface_relay,UGC02259,4,90,8,0.029854200140422973,459.63435688548316
9062302,surface_relay,UGC02487,3,90,17,0.0036390533496743795,2141.2897000208436
9062302,surface_relay,UGC02916,0,90,43,0.012224815558357,3595.607046837708
9062302,surface_relay,UGC02953,4,90,115,0.0041873211066963895,1018.7909450628508
9062302,surface_relay,UGC03205,3,90,48,0.003962471194921936,939.8104385047048
9062302,surface_relay,UGC03580,1,90,47,0.01864151224007223,891.1596478970914
9062302,surface_relay,UGC04325,4,90,8,0.038199923750726165,556.7580741042301
9062302,surface_relay,UGC04483,2,90,8,0.0029077257633721883,6.309000820039302
9062302,surface_relay,UGC04499,4,90,9,0.0011191940383440636,18.72054769361674
9062302,surface_relay,UGC05414,0,90,6,0.00036289162697621834,2.927543886102883
9062302,surface_relay,UGC05716,0,90,12,0.010340891599678085,144.55068939995542
9062302,surface_relay,UGC05750,0,90,11,0.0061806534260860505,24.92566845370433
9062302,surface_relay,UGC05764,3,90,10,0.0435900699622357,189.01942381384276
9062302,surface_relay,UGC05829,4,90,11,0.01789929804388426,63.32263759864383
9062302,surface_relay,UGC06399,3,90,9,0.007344138158020176,128.7563578428045
9062302,surface_relay,UGC06614,4,90,13,0.009562286570659892,2232.1913656298743
9062302,surface_relay,UGC06786,2,90,45,0.00292144064473121,566.097631786901
9062302,surface_relay,UGC06787,0,90,71,0.0029383628544708703,978.750443726026
9062302,surface_relay,UGC06818,2,90,8,0.007934650192241256,72.38681404172348
9062302,surface_relay,UGC06917,4,90,11,0.003904323556668706,135.11707262384778
9062302,surface_relay,UGC06923,0,90,6,0.001696250378163933,40.312557321711886
9062302,surface_relay,UGC06983,3,90,17,0.004472287597760427,177.91650873848988
9062302,surface_relay,UGC07089,2,90,12,0.001841347156244431,44.61499510973036
9062302,surface_relay,UGC07261,2,90,7,0.010147113217367871,82.27253877959433
9062302,surface_relay,UGC07323,4,90,10,0.001271687049679626,18.533787727601297
9062302,surface_relay,UGC07399,3,90,10,0.03919652769054889,1048.8789121643904
9062302,surface_relay,UGC07524,4,90,31,0.007654684663059048,95.3556797039131
9062302,surface_relay,UGC07577,1,90,9,0.04157682468730229,55.2770413937005
9062302,surface_relay,UGC07603,4,90,12,0.007013689854082867,103.69132975374198
9062302,surface_relay,UGC07866,0,90,7,0.002566563443185403,10.527691310560586
9062302,surface_relay,UGC08490,0,90,30,0.01234185857437277,259.58164682505
9062302,surface_relay,UGC08699,2,90,41,0.0021641510975851067,452.49819060873085
9062302,surface_relay,UGC08837,2,90,8,0.011622794083742425,57.675779488188894
9062302,surface_relay,UGC09037,1,90,22,0.016127658115086266,2013.59139010091
9062302,surface_relay,UGC09133,1,90,68,0.002512984500943513,945.6704745215487
9062302,surface_relay,UGC09992,0,90,5,0.012344072360140856,96.07031615782847
9062302,surface_relay,UGC10310,0,90,7,0.008713743241337177,97.88879860182354
9062302,surface_relay,UGC11820,1,90,10,0.0222540887421866,79.37209059109864
9062302,surface_relay,UGC11914,2,90,65,0.0008396052315358747,315.2646394794146
9062302,surface_relay,UGCA442,4,90,8,0.010341454519074918,97.71924304467102
9062302,surface_relay,UGCA444,1,90,36,0.013960366980438491,12.009680591666024
9062302,clock_potential,CamB,3,165,9,0.2686170938309593,249.29528403806242
9062302,clock_potential,D564-8,3,165,6,0.04313732914031651,61.81796735641498
9062302,clock_potential,D631-7,1,165,16,0.04289559542863327,211.21572640387052
9062302,clock_potential,DDO064,2,165,14,0.03508063009969965,78.30375862696023
9062302,clock_potential,DDO161,1,165,31,0.033021683751514604,230.16980426541508
9062302,clock_potential,DDO168,4,165,10,0.023960878567305353,117.26482902866209
9062302,clock_potential,DDO170,0,165,8,0.011803456578193145,109.90971828316933
9062302,clock_potential,ESO079-G014,2,165,15,0.008191243465139851,402.68107041371053
9062302,clock_potential,ESO116-G012,2,165,15,0.013022077115975658,480.23936320427674
9062302,clock_potential,F565-V2,4,165,7,0.024981323260297273,302.61908743119284
9062302,clock_potential,F568-3,0,165,18,0.03598142668272295,312.10082223417965
9062302,clock_potential,F568-V1,3,165,15,0.019094941234109424,632.1266494052014
9062302,clock_potential,F571-V1,3,165,7,0.013060595926194546,194.66101073394427
9062302,clock_potential,F583-1,4,165,25,0.050362632485066366,257.46030926996514
9062302,clock_potential,F583-4,2,165,12,0.019775210736194024,94.27675899437169
9062302,clock_potential,KK98-251,3,165,15,0.09754729212187382,159.75362587452491
9062302,clock_potential,NGC0024,4,165,29,0.01686720196111541,557.4647079672812
9062302,clock_potential,NGC0055,1,165,21,0.010528555695171967,163.30451978698048
9062302,clock_potential,NGC0247,3,165,26,0.0038659865755674696,99.33892564432426
9062302,clock_potential,NGC0289,0,165,28,0.0020038326747622353,297.5715067238998
9062302,clock_potential,NGC0300,2,165,25,0.009157201140984506,272.14074706253336
9062302,clock_potential,NGC0801,0,165,13,0.0017951534229302636,258.8245733469561
9062302,clock_potential,NGC1003,3,165,36,0.013562818936820764,586.8913822430272
9062302,clock_potential,NGC1090,1,165,24,0.009773741380977948,305.9933968873565
9062302,clock_potential,NGC2403,2,165,73,0.012725930097686435,787.0381797802349
9062302,clock_potential,NGC2683,1,165,11,0.007377434884030304,886.244136768346
9062302,clock_potential,NGC2841,1,165,50,0.027490697582249108,8044.973868663069
9062302,clock_potential,NGC2915,2,165,30,0.0665791005616392,1165.5555352130402
9062302,clock_potential,NGC2955,3,165,24,0.002156593680854348,831.8009095434603
9062302,clock_potential,NGC2976,2,165,27,0.028061037708014297,90.08508826943968
9062302,clock_potential,NGC2998,1,165,13,0.009843356841675996,690.5968764770137
9062302,clock_potential,NGC3109,4,165,25,0.044174090188683915,185.98246864695702
9062302,clock_potential,NGC3198,1,165,43,0.011086162226170993,487.2186334664049
9062302,clock_potential,NGC3521,3,165,41,0.0016159209654033424,298.1785803725273
9062302,clock_potential,NGC3741,2,165,21,0.033175978224749804,209.0754965928831
9062302,clock_potential,NGC3769,0,165,12,0.003985998136247473,251.86038926637357
9062302,clock_potential,NGC3877,4,165,13,0.013613987320280777,367.0189226845462
9062302,clock_potential,NGC3893,3,165,10,0.006017183992672894,829.8777858062289
9062302,clock_potential,NGC3917,0,165,17,0.012055124889422956,332.4430443329388
9062302,clock_potential,NGC3949,3,165,7,0.0016603746643801323,207.18035272019515
9062302,clock_potential,NGC3972,3,165,10,0.0060883571593747165,251.88249361639947
9062302,clock_potential,NGC3992,0,165,9,0.010870554760633207,2836.7122979636697
9062302,clock_potential,NGC4051,4,165,7,0.0034818947184974457,412.0900292346543
9062302,clock_potential,NGC4068,1,165,6,0.12207516606621187,198.99279479505864
9062302,clock_potential,NGC4088,1,165,12,0.005302445970753747,688.9997982127524
9062302,clock_potential,NGC4100,4,165,24,0.008634122267441478,1120.7770486337542
9062302,clock_potential,NGC5005,0,165,18,0.0020207530348497643,708.8448635121598
9062302,clock_potential,NGC5033,0,165,22,0.007211853004955895,1480.569954545348
9062302,clock_potential,NGC5371,1,165,19,0.0011525925161567044,344.44980486190343
9062302,clock_potential,NGC5585,1,165,24,0.016577590290442156,225.8378164820431
9062302,clock_potential,NGC5985,2,165,33,0.021399488012521516,6606.339243381415
9062302,clock_potential,NGC6015,3,165,44,0.011513024143447775,1058.997102858358
9062302,clock_potential,NGC6195,0,165,23,0.004137730772785519,1434.8006883888652
9062302,clock_potential,NGC6503,0,165,31,0.008327170614105971,463.57812898950226
9062302,clock_potential,NGC6674,3,165,15,0.014288662897059875,3548.01047527229
9062302,clock_potential,NGC6946,4,165,58,0.002452126605947684,320.15669579655815
9062302,clock_potential,NGC7331,1,165,36,0.004128266135023483,1386.5584087977056
9062302,clock_potential,UGC00128,1,165,22,0.009358755476035055,486.09913182885333
9062302,clock_potential,UGC00191,1,165,9,0.0068806633145556025,84.23031073131745
9062302,clock_potential,UGC00731,2,165,12,0.003985793627955821,41.09382963834195
9062302,clock_potential,UGC00891,2,165,5,0.020074933617326856,165.15407687084198
9062302,clock_potential,UGC02259,4,165,8,0.011858194841374587,338.18193802829774
9062302,clock_potential,UGC02487,3,165,17,0.023693460926460873,10585.24002910703
9062302,clock_potential,UGC02916,0,165,43,0.004130475673836362,1052.4910354753622
9062302,clock_potential,UGC02953,4,165,115,0.013074328252512297,3153.6986983337106
9062302,clock_potential,UGC03205,3,165,48,0.007054537517291931,1378.1721581228219
9062302,clock_potential,UGC03580,1,165,47,0.020636237810922838,980.4243524495021
9062302,clock_potential,UGC04325,4,165,8,0.009017806578101785,285.59755546547115
9062302,clock_potential,UGC04483,2,165,8,0.03624871411942341,26.985457810395406
9062302,clock_potential,UGC04499,4,165,9,0.01071762311742631,95.63773204448555
9062302,clock_potential,UGC05414,0,165,6,0.022907856309948123,161.0916829892485
9062302,clock_potential,UGC05716,0,165,12,0.006508126627041157,138.85150373215322
9062302,clock_potential,UGC05750,0,165,11,0.13402558733377895,502.58778518909025
9062302,clock_potential,UGC05764,3,165,10,0.009454621291424227,100.12441901571825
9062302,clock_potential,UGC05829,4,165,11,0.028906248864482554,188.78627503409945
9062302,clock_potential,UGC06399,3,165,9,0.011814588909534933,154.9768690671933
9062302,clock_potential,UGC06614,4,165,13,0.006204938044542077,1148.7900458047948
9062302,clock_potential,UGC06786,2,165,45,0.012217874856285192,2173.343746558512
9062302,clock_potential,UGC06787,0,165,71,0.009747578884810837,2350.940394963343
9062302,clock_potential,UGC06818,2,165,8,0.033596109178643904,317.0418928965074
9062302,clock_potential,UGC06917,4,165,11,0.002671819410138367,113.55333959502894
9062302,clock_potential,UGC06923,0,165,6,0.006750636927674449,105.22686541456703
9062302,clock_potential,UGC06983,3,165,17,0.0042023310538679874,197.29028436212343
9062302,clock_potential,UGC07089,2,165,12,0.02253615359862544,267.6092894790307
9062302,clock_potential,UGC07261,2,165,7,0.0010662607040961088,28.0302072946792
9062302,clock_potential,UGC07323,4,165,10,0.016514506308359808,191.13224533513915
9062302,clock_potential,UGC07399,3,165,10,0.027208504338609562,892.149364348849
9062302,clock_potential,UGC07524,4,165,31,0.013584074248565845,122.81497210211323
9062302,clock_potential,UGC07577,1,165,9,0.20077424599859106,231.0063022068933
9062302,clock_potential,UGC07603,4,165,12,0.017414934633475168,209.80314882951964
9062302,clock_potential,UGC07866,0,165,7,0.034313926359224714,109.60597525774874
9062302,clock_potential,UGC08490,0,165,30,0.025399717898457963,562.2862176121015
9062302,clock_potential,UGC08699,2,165,41,0.005574301886525207,869.6372262308246
9062302,clock_potential,UGC08837,2,165,8,0.10572110510961753,362.9540931078003
9062302,clock_potential,UGC09037,1,165,22,0.009904065315399583,680.8068760875225
9062302,clock_potential,UGC09133,1,165,68,0.004846718795477787,1307.3631437377526
9062302,clock_potential,UGC09992,0,165,5,0.026042858955887573,209.61626841360626
9062302,clock_potential,UGC10310,0,165,7,0.004659477248002996,44.748027683811095
9062302,clock_potential,UGC11820,1,165,10,0.021140281783249386,124.45437714390793
9062302,clock_potential,UGC11914,2,165,65,0.0015679790821049545,585.1670801961299
9062302,clock_potential,UGCA442,4,165,8,0.02235413524651426,134.42517093287512
9062302,clock_potential,UGCA444,1,165,36,0.020334233837814842,37.57199224078833
9062302,kernel_point,CamB,3,226,9,0.09176919960202735,41.11441025111774
9062302,kernel_point,D564-8,3,226,6,0.01597623915292255,30.4226180897351
9062302,kernel_point,D631-7,1,226,16,0.02711842920029563,121.88299189410472
9062302,kernel_point,DDO064,2,226,14,0.008842167692390284,31.98718170748441
9062302,kernel_point,DDO161,1,226,31,0.02954321174574044,248.43670561278586
9062302,kernel_point,DDO168,4,226,10,0.008599945165849703,66.01674817253526
9062302,kernel_point,DDO170,0,226,8,0.008113354859695148,112.53833895465823
9062302,kernel_point,ESO079-G014,2,226,15,0.005468649685427614,512.3796455995911
9062302,kernel_point,ESO116-G012,2,226,15,0.006225164267987873,267.14361328117263
9062302,kernel_point,F565-V2,4,226,7,0.04686024452147332,747.3843899518205
9062302,kernel_point,F568-3,0,226,18,0.024904000918904427,679.9155217152961
9062302,kernel_point,F568-V1,3,226,15,0.041215851053705,1458.9348431207882
9062302,kernel_point,F571-V1,3,226,7,0.015765452141791324,377.01472430360855
9062302,kernel_point,F583-1,4,226,25,0.0183505526197213,175.50538654297685
9062302,kernel_point,F583-4,2,226,12,0.007308739000219857,113.14150799655273
9062302,kernel_point,KK98-251,3,226,15,0.010252118766444994,29.573382465241966
9062302,kernel_point,NGC0024,4,226,29,0.017018075137585912,552.8852345066009
9062302,kernel_point,NGC0055,1,226,21,0.020061480526816784,494.2589741177952
9062302,kernel_point,NGC0247,3,226,26,0.01662406957449402,520.5497400771625
9062302,kernel_point,NGC0289,0,226,28,0.0008368520459343056,123.49253937285695
9062302,kernel_point,NGC0300,2,226,25,0.011011879179485191,350.5319481221544
9062302,kernel_point,NGC0801,0,226,13,0.004216488396187827,1118.121417319354
9062302,kernel_point,NGC1003,3,226,36,0.017295151525345845,1014.8904977654134
9062302,kernel_point,NGC1090,1,226,24,0.015836456275061195,1173.320715990134
9062302,kernel_point,NGC2403,2,226,73,0.00481961179873442,261.98051263350237
9062302,kernel_point,NGC2683,1,226,11,0.01668781051016684,3444.821709068256
9062302,kernel_point,NGC2841,1,226,50,0.00028749306689774016,134.40278419545584
9062302,kernel_point,NGC2915,2,226,30,0.020328301995915902,259.7345372627183
9062302,kernel_point,NGC2955,3,226,24,0.0020865049135877995,632.3983227799548
9062302,kernel_point,NGC2976,2,226,27,0.021436356222008013,62.19848864603705
9062302,kernel_point,NGC2998,1,226,13,0.010061157371825492,625.446308132451
9062302,kernel_point,NGC3109,4,226,25,0.03408889679527685,356.02847774297464
9062302,kernel_point,NGC3198,1,226,43,0.012250129231947487,573.5913633445484
9062302,kernel_point,NGC3521,3,226,41,0.004484550934172785,1277.1503303854968
9062302,kernel_point,NGC3741,2,226,21,0.055570642460534954,386.7809453726487
9062302,kernel_point,NGC3769,0,226,12,0.0009634768329982985,56.80040687025913
9062302,kernel_point,NGC3877,4,226,13,0.0291477751489669,2380.4221131988456
9062302,kernel_point,NGC3893,3,226,10,0.006147046925155643,1203.0661663366482
9062302,kernel_point,NGC3917,0,226,17,0.008182398880269136,106.31896559572743
9062302,kernel_point,NGC3949,3,226,7,0.0005010599988027381,64.89282980614966
9062302,kernel_point,NGC3972,3,226,10,0.003317899242772622,117.10108249290661
9062302,kernel_point,NGC3992,0,226,9,0.002704827978293436,1009.9695064793312
9062302,kernel_point,NGC4051,4,226,7,0.0047320046247142505,647.1840931785861
9062302,kernel_point,NGC4068,1,226,6,0.07065869359271067,83.53405760843323
9062302,kernel_point,NGC4088,1,226,12,0.046112599620902424,10272.285829144615
9062302,kernel_point,NGC4100,4,226,24,0.007681492220474158,1447.0528516034371
9062302,kernel_point,NGC5005,0,226,18,0.0011979633304089272,391.3007721881268
9062302,kernel_point,NGC5033,0,226,22,0.0008112092386595532,214.68697468713498
9062302,kernel_point,NGC5371,1,226,19,0.00883327741268389,2921.1725678632733
9062302,kernel_point,NGC5585,1,226,24,0.008597392211033086,96.56884170473626
9062302,kernel_point,NGC5985,2,226,33,0.014690305753355903,4580.030884382915
9062302,kernel_point,NGC6015,3,226,44,0.0026278657917550327,253.94864847114815
9062302,kernel_point,NGC6195,0,226,23,0.0005540645430082736,150.64318371715592
9062302,kernel_point,NGC6503,0,226,31,0.0008140070186828008,47.64031720829528
9062302,kernel_point,NGC6674,3,226,15,0.0015042678805971062,527.0890039891824
9062302,kernel_point,NGC6946,4,226,58,0.015376996834399973,2926.4901894787326
9062302,kernel_point,NGC7331,1,226,36,0.00948251229882208,3695.8293400827615
9062302,kernel_point,UGC00128,1,226,22,0.0231586219307058,1294.894745310418
9062302,kernel_point,UGC00191,1,226,9,0.0028597300282489036,55.34442368921696
9062302,kernel_point,UGC00731,2,226,12,0.012560620754696689,190.38592055126557
9062302,kernel_point,UGC00891,2,226,5,0.016281783896356438,207.55789665477658
9062302,kernel_point,UGC02259,4,226,8,0.041567613909648166,864.0980448195553
9062302,kernel_point,UGC02487,3,226,17,0.0018968148013225295,1216.3441348099843
9062302,kernel_point,UGC02916,0,226,43,0.003744576800064346,784.6924332472877
9062302,kernel_point,UGC02953,4,226,115,0.007031590434192344,2421.490421784539
9062302,kernel_point,UGC03205,3,226,48,0.003210720757259399,882.8113110805249
9062302,kernel_point,UGC03580,1,226,47,0.015356823792302545,683.7128606368814
9062302,kernel_point,UGC04325,4,226,8,0.04426791752656174,966.0297200452234
9062302,kernel_point,UGC04483,2,226,8,0.03347407393148627,35.522654397578165
9062302,kernel_point,UGC04499,4,226,9,0.003641417836763216,50.52282817839804
9062302,kernel_point,UGC05414,0,226,6,0.003267150300335277,28.0189250675255
9062302,kernel_point,UGC05716,0,226,12,0.0009139835704629421,22.338231703755962
9062302,kernel_point,UGC05750,0,226,11,0.038294735011650524,172.88923142331276
9062302,kernel_point,UGC05764,3,226,10,0.08700420914710667,515.4156150941268
9062302,kernel_point,UGC05829,4,226,11,0.00468864725008205,57.43114342775623
9062302,kernel_point,UGC06399,3,226,9,0.020290060202546978,466.0391314496012
9062302,kernel_point,UGC06614,4,226,13,0.009616689600935159,2093.5145644752733
9062302,kernel_point,UGC06786,2,226,45,0.0028036929518674247,525.9530180029233
9062302,kernel_point,UGC06787,0,226,71,0.0056515904630759515,1425.0142808787969
9062302,kernel_point,UGC06818,2,226,8,0.021192916173085337,183.56595034583947
9062302,kernel_point,UGC06917,4,226,11,0.009112157246852477,381.8292356904478
9062302,kernel_point,UGC06923,0,226,6,0.002942982470446462,47.54249841689623
9062302,kernel_point,UGC06983,3,226,17,0.017655183737087965,728.7133233551291
9062302,kernel_point,UGC07089,2,226,12,0.003796401557630619,37.50686078226326
9062302,kernel_point,UGC07261,2,226,7,0.0007102646111540028,19.845362299377285
9062302,kernel_point,UGC07323,4,226,10,0.0028764023998866335,75.29271679721259
9062302,kernel_point,UGC07399,3,226,10,0.0690130619329544,1719.8421966120284
9062302,kernel_point,UGC07524,4,226,31,0.017950192894829842,324.92669670080096
9062302,kernel_point,UGC07577,1,226,9,0.012330000081012609,5.803540539049391
9062302,kernel_point,UGC07603,4,226,12,0.006405599450031306,60.51589009242392
9062302,kernel_point,UGC07866,0,226,7,0.003457135758712432,5.925221536774144
9062302,kernel_point,UGC08490,0,226,30,0.00021260105416923434,5.260621836206908
9062302,kernel_point,UGC08699,2,226,41,0.0006990424105980173,134.30101352053853
9062302,kernel_point,UGC08837,2,226,8,0.01540166702127822,37.87456783437057
9062302,kernel_point,UGC09037,1,226,22,0.02510787803079093,2949.7324061225668
9062302,kernel_point,UGC09133,1,226,68,0.0029574940642404226,973.6839676364068
9062302,kernel_point,UGC09992,0,226,5,0.003601712411649387,25.21678836461882
9062302,kernel_point,UGC10310,0,226,7,0.0029563860620720633,59.13835204291105
9062302,kernel_point,UGC11820,1,226,10,0.0038768035474850333,58.448617915463316
9062302,kernel_point,UGC11914,2,226,65,0.0014308287493135217,668.1997302281691
9062302,kernel_point,UGCA442,4,226,8,0.026817289521485037,270.587241206068
9062302,kernel_point,UGCA444,1,226,36,0.03136550561553494,96.6049806850703
9062302,finite_p2,CamB,3,286,9,0.11624948632394677,55.676479784734184
9062302,finite_p2,D564-8,3,286,6,0.014668079751136346,24.55807568496174
9062302,finite_p2,D631-7,1,292,16,0.037141715466770794,160.1551686995096
9062302,finite_p2,DDO064,2,286,14,0.021570521700276676,45.95715453313597
9062302,finite_p2,DDO161,1,292,31,0.06058261689009557,842.4547418533472
9062302,finite_p2,DDO168,4,347,10,0.014028890660076749,139.57117459136282
9062302,finite_p2,DDO170,0,286,8,0.005898496342677298,77.14191896320104
9062302,finite_p2,ESO079-G014,2,286,15,0.0060109299156639465,458.91294175081055
9062302,finite_p2,ESO116-G012,2,286,15,0.008791363376442934,276.6209220847674
9062302,finite_p2,F565-V2,4,347,7,0.07347388325401757,1003.4551855944354
9062302,finite_p2,F568-3,0,286,18,0.019922594942716414,486.0807786827705
9062302,finite_p2,F568-V1,3,286,15,0.027349666237239573,1050.6112873983473
9062302,finite_p2,F571-V1,3,286,7,0.012564878825516799,294.9501339188886
9062302,finite_p2,F583-1,4,347,25,0.029844234132104304,412.82037765282104
9062302,finite_p2,F583-4,2,286,12,0.006302089767689042,71.34162742616611
9062302,finite_p2,KK98-251,3,286,15,0.013746053370049933,20.27910769487772
9062302,finite_p2,NGC0024,4,347,29,0.02617733997641216,807.5643999363211
9062302,finite_p2,NGC0055,1,292,21,0.016466282797693892,415.79325793916934
9062302,finite_p2,NGC0247,3,286,26,0.010438727644287663,382.52094556070966
9062302,finite_p2,NGC0289,0,286,28,0.0010655930385194906,159.00008849204235
9062302,finite_p2,NGC0300,2,286,25,0.00972980381629894,310.10844762754925
9062302,finite_p2,NGC0801,0,286,13,0.0037949765971968872,1007.0251560465445
9062302,finite_p2,NGC1003,3,286,36,0.02026922085644009,1139.5526885790405
9062302,finite_p2,NGC1090,1,292,24,0.026649909865214816,3293.82828468412
9062302,finite_p2,NGC2403,2,286,73,0.010947356895559587,592.6220083803713
9062302,finite_p2,NGC2683,1,292,11,0.030724902612313806,7219.466545892484
9062302,finite_p2,NGC2841,1,292,50,0.0018762580390941797,943.1832711909324
9062302,finite_p2,NGC2915,2,286,30,0.0306004015944061,453.70235991264053
9062302,finite_p2,NGC2955,3,286,24,0.003990893051267237,1135.8474291670448
9062302,finite_p2,NGC2976,2,286,27,0.03430824145060676,134.76170601215415
9062302,finite_p2,NGC2998,1,292,13,0.01266805524869344,1639.370084571665
9062302,finite_p2,NGC3109,4,347,25,0.05742236237188471,537.1794169059918
9062302,finite_p2,NGC3198,1,292,43,0.02333830048708024,2055.406848790504
9062302,finite_p2,NGC3521,3,286,41,0.004522669562530932,1300.5679519809312
9062302,finite_p2,NGC3741,2,286,21,0.06810622617827727,486.2812637491699
9062302,finite_p2,NGC3769,0,286,12,0.0017221516737627623,110.65028270017315
9062302,finite_p2,NGC3877,4,347,13,0.021533012597798266,1368.2624690430882
9062302,finite_p2,NGC3893,3,286,10,0.005493515661253226,1059.5154881928684
9062302,finite_p2,NGC3917,0,286,17,0.013333387547954774,207.80025867683497
9062302,finite_p2,NGC3949,3,286,7,0.0002968644549427868,39.36161325302453
9062302,finite_p2,NGC3972,3,286,10,0.005166342671298377,140.17351529140032
9062302,finite_p2,NGC3992,0,286,9,0.0011839065733217772,438.237738255089
9062302,finite_p2,NGC4051,4,347,7,0.00316952531290714,406.9520088652842
9062302,finite_p2,NGC4068,1,292,6,0.10058737928545207,186.51961184777988
9062302,finite_p2,NGC4088,1,292,12,0.066915232513706,17145.634363994624
9062302,finite_p2,NGC4100,4,347,24,0.00182635589244039,298.7010509904829
9062302,finite_p2,NGC5005,0,286,18,0.0023826688119204394,750.9265484498324
9062302,finite_p2,NGC5033,0,286,22,0.0004316041373998246,103.84216583579932
9062302,finite_p2,NGC5371,1,292,19,0.015228573669668228,5439.626334256636
9062302,finite_p2,NGC5585,1,292,24,0.01596135778082641,247.28554805639726
9062302,finite_p2,NGC5985,2,286,33,0.012420014569677595,4040.611998407065
9062302,finite_p2,NGC6015,3,286,44,0.004375075316151096,327.8504659128745
9062302,finite_p2,NGC6195,0,286,23,0.0003332237278158915,92.68995575938179
9062302,finite_p2,NGC6503,0,286,31,0.002173952768056034,130.88476879050097
9062302,finite_p2,NGC6674,3,286,15,0.0006399182821236507,220.46051154215027
9062302,finite_p2,NGC6946,4,347,58,0.008014760221419073,1363.9657643506675
9062302,finite_p2,NGC7331,1,292,36,0.01577549560492301,6580.775860521875
9062302,finite_p2,UGC00128,1,292,22,0.007592453871069424,458.48307387208894
9062302,finite_p2,UGC00191,1,292,9,0.0028857401036920093,35.04247947986615
9062302,finite_p2,UGC00731,2,286,12,0.0023930110694051292,50.93811979515643
9062302,finite_p2,UGC00891,2,286,5,0.01438416653427459,168.62585916741102
9062302,finite_p2,UGC02259,4,347,8,0.060298293383982224,1153.5316333111455
9062302,finite_p2,UGC02487,3,286,17,0.0035537280028119143,2051.1637701883983
9062302,finite_p2,UGC02916,0,286,43,0.0036921435825076065,690.9973432721387
9062302,finite_p2,UGC02953,4,347,115,0.004475452488186399,1210.4091606164177
9062302,finite_p2,UGC03205,3,286,48,0.0027964643685441676,757.9197143954193
9062302,finite_p2,UGC03580,1,292,47,0.017702587819162136,918.0402094747562
9062302,finite_p2,UGC04325,4,347,8,0.05920271518181918,1187.333122428368
9062302,finite_p2,UGC04483,2,286,8,0.06028714369389086,78.9447344291712
9062302,finite_p2,UGC04499,4,347,9,0.00903751604467271,166.40620581294877
9062302,finite_p2,UGC05414,0,286,6,0.007324883912053392,36.62904081815231
9062302,finite_p2,UGC05716,0,286,12,0.003692849811525689,66.38506534833346
9062302,finite_p2,UGC05750,0,286,11,0.05267102477353318,156.80683224520752
9062302,finite_p2,UGC05764,3,286,10,0.05796497139642147,402.15285597432296
9062302,finite_p2,UGC05829,4,347,11,0.016472478227570683,168.08200179694919
9062302,finite_p2,UGC06399,3,286,9,0.015735090402156766,371.6674160540667
9062302,finite_p2,UGC06614,4,347,13,0.005476434041141306,1123.5707182204408
9062302,finite_p2,UGC06786,2,286,45,0.00406860066206475,719.2200128912341
9062302,finite_p2,UGC06787,0,286,71,0.0066470107195570815,1632.8047743488066
9062302,finite_p2,UGC06818,2,286,8,0.03546613201217018,348.14119932599635
9062302,finite_p2,UGC06917,4,347,11,0.017154793072082022,659.8835476703878
9062302,finite_p2,UGC06923,0,286,6,0.004976365871364514,74.14368174965253
9062302,finite_p2,UGC06983,3,286,17,0.010948723930630877,490.02486240591827
9062302,finite_p2,UGC07089,2,286,12,0.008935880961957764,78.35018617712232
9062302,finite_p2,UGC07261,2,286,7,0.0048162556949246345,119.7611674968771
9062302,finite_p2,UGC07323,4,347,10,0.0046571255850161326,120.85243184882731
9062302,finite_p2,UGC07399,3,286,10,0.05132216316829112,1401.7895108931232
9062302,finite_p2,UGC07524,4,347,31,0.0323945392516246,513.8564687704157
9062302,finite_p2,UGC07577,1,292,9,0.022758236288740453,11.978249213215772
9062302,finite_p2,UGC07603,4,347,12,0.01330049209240404,180.89519476494408
9062302,finite_p2,UGC07866,0,286,7,0.013805776905994566,34.27466443175813
9062302,finite_p2,UGC08490,0,286,30,0.002583854411766083,61.07879142580139
9062302,finite_p2,UGC08699,2,286,41,0.0007365403638895684,114.86438968756292
9062302,finite_p2,UGC08837,2,286,8,0.02596784337115838,44.29276649626863
9062302,finite_p2,UGC09037,1,292,22,0.0431553690411785,6459.644466017765
9062302,finite_p2,UGC09133,1,292,68,0.008257716120509961,3118.548615420453
9062302,finite_p2,UGC09992,0,286,5,0.009217178367401078,68.10635137029041
9062302,finite_p2,UGC10310,0,286,7,0.0018885205919352064,20.519302346840327
9062302,finite_p2,UGC11820,1,292,10,0.004376775768999029,35.59379096327276
9062302,finite_p2,UGC11914,2,286,65,0.001425372414978074,675.5721277747663
9062302,finite_p2,UGCA442,4,347,8,0.048037733568333976,406.2299222994361
9062302,finite_p2,UGCA444,1,292,36,0.015088978394444333,56.59339445008845
9062302,finite_p3,CamB,3,375,9,0.10036214810890237,57.16714993887503
9062302,finite_p3,D564-8,3,375,6,0.009634118674344596,16.495145054284023
9062302,finite_p3,D631-7,1,375,16,0.03775462159393797,185.5236938692445
9062302,finite_p3,DDO064,2,375,14,0.009638241106246939,30.51598096046965
9062302,finite_p3,DDO161,1,375,31,0.04934587068920187,565.1453578515839
9062302,finite_p3,DDO168,4,375,10,0.008219123215977203,41.745643638301374
9062302,finite_p3,DDO170,0,375,8,0.00322407415426236,42.03793188624361
9062302,finite_p3,ESO079-G014,2,375,15,0.005123035902265206,277.77833461354265
9062302,finite_p3,ESO116-G012,2,375,15,0.003579374616523279,150.82418445541055
9062302,finite_p3,F565-V2,4,375,7,0.026116604940411747,490.98051556317796
9062302,finite_p3,F568-3,0,375,18,0.014611915922462058,444.9786640717466
9062302,finite_p3,F568-V1,3,375,15,0.02318765337250578,882.7991939234241
9062302,finite_p3,F571-V1,3,375,7,0.0077613106878367125,196.76924155752707
9062302,finite_p3,F583-1,4,375,25,0.011688240583528247,49.2994287519064
9062302,finite_p3,F583-4,2,375,12,0.003803433041604078,36.953898803903066
9062302,finite_p3,KK98-251,3,375,15,0.003980964372661389,14.345274376460235
9062302,finite_p3,NGC0024,4,375,29,0.012160177076913805,397.80431755017764
9062302,finite_p3,NGC0055,1,375,21,0.016782831913494122,409.51260954102355
9062302,finite_p3,NGC0247,3,375,26,0.010234403339620442,305.71160427325196
9062302,finite_p3,NGC0289,0,375,28,0.0025896458429875324,394.88972894607224
9062302,finite_p3,NGC0300,2,375,25,0.005464842188586307,191.9439347685092
9062302,finite_p3,NGC0801,0,375,13,0.006843541694968735,1950.8157552500402
9062302,finite_p3,NGC1003,3,375,36,0.02506554761931844,1580.8003290746108
9062302,finite_p3,NGC1090,1,375,24,0.013283845320496415,1640.6350513965638
9062302,finite_p3,NGC2403,2,375,73,0.009444485654155085,707.1677642673351
9062302,finite_p3,NGC2683,1,375,11,0.01126838884216886,2411.3582306689177
9062302,finite_p3,NGC2841,1,375,50,0.0011575144473114929,436.80219099714634
9062302,finite_p3,NGC2915,2,375,30,0.026387333226696372,378.22031021823824
9062302,finite_p3,NGC2955,3,375,24,0.0050147615838840014,1408.849880955695
9062302,finite_p3,NGC2976,2,375,27,0.011206557507719024,55.94748042268234
9062302,finite_p3,NGC2998,1,375,13,0.025535023991032173,1413.006497245911
9062302,finite_p3,NGC3109,4,375,25,0.014968588646618314,190.8280377820026
9062302,finite_p3,NGC3198,1,375,43,0.01350305629487506,1065.4983311119533
9062302,finite_p3,NGC3521,3,375,41,0.00605926101338921,1821.9978295874546
9062302,finite_p3,NGC3741,2,375,21,0.07702778204588732,600.9402311139528
9062302,finite_p3,NGC3769,0,375,12,0.001764584554361455,133.8335204313822
9062302,finite_p3,NGC3877,4,375,13,0.030769772980391366,3265.6021099074283
9062302,finite_p3,NGC3893,3,375,10,0.008315471033525852,1756.0303321035044
9062302,finite_p3,NGC3917,0,375,17,0.006758049951864263,92.74188177213192
9062302,finite_p3,NGC3949,3,375,7,0.00016868749022315156,19.851487850438446
9062302,finite_p3,NGC3972,3,375,10,0.0015830599297743087,42.16018203071815
9062302,finite_p3,NGC3992,0,375,9,0.0034730075177953155,1369.1785305895685
9062302,finite_p3,NGC4051,4,375,7,0.006469079625333852,991.0129941059802
9062302,finite_p3,NGC4068,1,375,6,0.08391832085862251,170.60665174519048
9062302,finite_p3,NGC4088,1,375,12,0.05295708388232756,12350.646591649893
9062302,finite_p3,NGC4100,4,375,24,0.008560775034446404,1635.220611473319
9062302,finite_p3,NGC5005,0,375,18,0.003066647403794188,951.6127893301909
9062302,finite_p3,NGC5033,0,375,22,0.0001889463352103225,43.81522865475236
9062302,finite_p3,NGC5371,1,375,19,0.012038109286343605,4003.2518193987926
9062302,finite_p3,NGC5585,1,375,24,0.011093240374314943,181.4485805026286
9062302,finite_p3,NGC5985,2,375,33,0.011509671234959353,3489.383650658462
9062302,finite_p3,NGC6015,3,375,44,0.003624503790135486,506.73128847745045
9062302,finite_p3,NGC6195,0,375,23,0.0006385222349390315,180.3245434397049
9062302,finite_p3,NGC6503,0,375,31,0.0013466974362999352,67.97488924018475
9062302,finite_p3,NGC6674,3,375,15,0.0017460263660986333,614.375971958712
9062302,finite_p3,NGC6946,4,375,58,0.018350792331071432,3709.1867060228774
9062302,finite_p3,NGC7331,1,375,36,0.010995790282789185,4393.266590245559
9062302,finite_p3,UGC00128,1,375,22,0.014145948374384987,842.4019259943739
9062302,finite_p3,UGC00191,1,375,9,0.0008362677600997593,10.973891424457843
9062302,finite_p3,UGC00731,2,375,12,0.0018836091008458949,22.25782875473629
9062302,finite_p3,UGC00891,2,375,5,0.010170269064769177,120.2181448494213
9062302,finite_p3,UGC02259,4,375,8,0.028726079443083204,622.6017691667702
9062302,finite_p3,UGC02487,3,375,17,0.0017542884018606551,1064.9278778712087
9062302,finite_p3,UGC02916,0,375,43,0.004811044184566349,851.8668975801223
9062302,finite_p3,UGC02953,4,375,115,0.007588796763475655,2264.2600503766516
9062302,finite_p3,UGC03205,3,375,48,0.005013443284760717,1452.7711823885522
9062302,finite_p3,UGC03580,1,375,47,0.015306528030970178,733.6443203577167
9062302,finite_p3,UGC04325,4,375,8,0.034707663966101185,736.8139104055979
9062302,finite_p3,UGC04483,2,375,8,0.05480623891733258,95.55775962581171
9062302,finite_p3,UGC04499,4,375,9,0.002405854039445628,17.060848333615546
9062302,finite_p3,UGC05414,0,375,6,0.0027913674085965155,15.653507522449878
9062302,finite_p3,UGC05716,0,375,12,0.0039913370857254235,75.32606107453984
9062302,finite_p3,UGC05750,0,375,11,0.015441106157659782,92.45897990709074
9062302,finite_p3,UGC05764,3,375,10,0.06516733877801613,389.6436108585104
9062302,finite_p3,UGC05829,4,375,11,0.0009605644142248942,8.983865307047113
9062302,finite_p3,UGC06399,3,375,9,0.011019782767494704,283.3466863840613
9062302,finite_p3,UGC06614,4,375,13,0.014728677482767356,3429.7677216358716
9062302,finite_p3,UGC06786,2,375,45,0.003335671441341647,507.4721981970966
9062302,finite_p3,UGC06787,0,375,71,0.0050575609732409705,1307.0113120143787
9062302,finite_p3,UGC06818,2,375,8,0.034728808877714304,381.76007808867325
9062302,finite_p3,UGC06917,4,375,11,0.0031505079936421554,144.98750247112713
9062302,finite_p3,UGC06923,0,375,6,0.0037201036071311047,60.740861565475655
9062302,finite_p3,UGC06983,3,375,17,0.008064822242459767,353.64311800415004
9062302,finite_p3,UGC07089,2,375,12,0.0052431908225944865,64.23342620577104
9062302,finite_p3,UGC07261,2,375,7,0.007283614618087177,220.92053196597894
9062302,finite_p3,UGC07323,4,375,10,0.001222407776245204,30.050456629425963
9062302,finite_p3,UGC07399,3,375,10,0.048889415417104905,1278.6476034859827
9062302,finite_p3,UGC07524,4,375,31,0.009319440578531572,151.06733157943907
9062302,finite_p3,UGC07577,1,375,9,0.01504230583148698,10.670908118929887
9062302,finite_p3,UGC07603,4,375,12,0.008206017361486564,60.96890783884257
9062302,finite_p3,UGC07866,0,375,7,0.012083616775950651,41.61268382836556
9062302,finite_p3,UGC08490,0,375,30,0.002037964795674408,57.20782364308707
9062302,finite_p3,UGC08699,2,375,41,0.0009009637503065079,142.67292588389185
9062302,finite_p3,UGC08837,2,375,8,0.011985852449476364,22.90257157913117
9062302,finite_p3,UGC09037,1,375,22,0.03623710247519221,5000.692333880925
9062302,finite_p3,UGC09133,1,375,68,0.0032111062431329383,1023.5183004069074
9062302,finite_p3,UGC09992,0,375,5,0.012966147419707646,103.76681258268347
9062302,finite_p3,UGC10310,0,375,7,0.00033534100072082256,3.6875216345117714
9062302,finite_p3,UGC11820,1,375,10,0.005117817505860736,44.06011287954579
9062302,finite_p3,UGC11914,2,375,65,0.0030057938197282845,1400.4004172890502
9062302,finite_p3,UGCA442,4,375,8,0.014087346183974427,162.46964159333953
9062302,finite_p3,UGCA444,1,375,36,0.020105137868988075,57.7184983997972
9062302,finite_mixture,CamB,3,511,9,0.10036214810890237,57.16714993887503
9062302,finite_mixture,D564-8,3,511,6,0.009634118674344596,16.495145054284023
9062302,finite_mixture,D631-7,1,511,16,0.03775462159393797,185.5236938692445
9062302,finite_mixture,DDO064,2,511,14,0.009638241106246939,30.51598096046965
9062302,finite_mixture,DDO161,1,511,31,0.04934587068920187,565.1453578515839
9062302,finite_mixture,DDO168,4,511,10,0.008219123215977203,41.745643638301374
9062302,finite_mixture,DDO170,0,511,8,0.00322407415426236,42.03793188624361
9062302,finite_mixture,ESO079-G014,2,511,15,0.005123035902265206,277.77833461354265
9062302,finite_mixture,ESO116-G012,2,511,15,0.003579374616523279,150.82418445541055
9062302,finite_mixture,F565-V2,4,511,7,0.026116604940411747,490.98051556317796
9062302,finite_mixture,F568-3,0,511,18,0.014611915922462058,444.9786640717466
9062302,finite_mixture,F568-V1,3,511,15,0.02318765337250578,882.7991939234241
9062302,finite_mixture,F571-V1,3,511,7,0.0077613106878367125,196.76924155752707
9062302,finite_mixture,F583-1,4,511,25,0.011688240583528247,49.2994287519064
9062302,finite_mixture,F583-4,2,511,12,0.003803433041604078,36.953898803903066
9062302,finite_mixture,KK98-251,3,511,15,0.003980964372661389,14.345274376460235
9062302,finite_mixture,NGC0024,4,511,29,0.012160177076913805,397.80431755017764
9062302,finite_mixture,NGC0055,1,511,21,0.016782831913494122,409.51260954102355
9062302,finite_mixture,NGC0247,3,511,26,0.010234403339620442,305.71160427325196
9062302,finite_mixture,NGC0289,0,511,28,0.0025896458429875324,394.88972894607224
9062302,finite_mixture,NGC0300,2,511,25,0.005464842188586307,191.9439347685092
9062302,finite_mixture,NGC0801,0,511,13,0.006843541694968735,1950.8157552500402
9062302,finite_mixture,NGC1003,3,511,36,0.02506554761931844,1580.8003290746108
9062302,finite_mixture,NGC1090,1,511,24,0.013283845320496415,1640.6350513965638
9062302,finite_mixture,NGC2403,2,511,73,0.009444485654155085,707.1677642673351
9062302,finite_mixture,NGC2683,1,511,11,0.01126838884216886,2411.3582306689177
9062302,finite_mixture,NGC2841,1,511,50,0.0011575144473114929,436.80219099714634
9062302,finite_mixture,NGC2915,2,511,30,0.026387333226696372,378.22031021823824
9062302,finite_mixture,NGC2955,3,511,24,0.0050147615838840014,1408.849880955695
9062302,finite_mixture,NGC2976,2,511,27,0.011206557507719024,55.94748042268234
9062302,finite_mixture,NGC2998,1,511,13,0.025535023991032173,1413.006497245911
9062302,finite_mixture,NGC3109,4,511,25,0.014968588646618314,190.8280377820026
9062302,finite_mixture,NGC3198,1,511,43,0.01350305629487506,1065.4983311119533
9062302,finite_mixture,NGC3521,3,511,41,0.00605926101338921,1821.9978295874546
9062302,finite_mixture,NGC3741,2,511,21,0.07702778204588732,600.9402311139528
9062302,finite_mixture,NGC3769,0,511,12,0.001764584554361455,133.8335204313822
9062302,finite_mixture,NGC3877,4,511,13,0.030769772980391366,3265.6021099074283
9062302,finite_mixture,NGC3893,3,511,10,0.008315471033525852,1756.0303321035044
9062302,finite_mixture,NGC3917,0,511,17,0.006758049951864263,92.74188177213192
9062302,finite_mixture,NGC3949,3,511,7,0.00016868749022315156,19.851487850438446
9062302,finite_mixture,NGC3972,3,511,10,0.0015830599297743087,42.16018203071815
9062302,finite_mixture,NGC3992,0,511,9,0.0034730075177953155,1369.1785305895685
9062302,finite_mixture,NGC4051,4,511,7,0.006469079625333852,991.0129941059802
9062302,finite_mixture,NGC4068,1,511,6,0.08391832085862251,170.60665174519048
9062302,finite_mixture,NGC4088,1,511,12,0.05295708388232756,12350.646591649893
9062302,finite_mixture,NGC4100,4,511,24,0.008560775034446404,1635.220611473319
9062302,finite_mixture,NGC5005,0,511,18,0.003066647403794188,951.6127893301909
9062302,finite_mixture,NGC5033,0,511,22,0.0001889463352103225,43.81522865475236
9062302,finite_mixture,NGC5371,1,511,19,0.012038109286343605,4003.2518193987926
9062302,finite_mixture,NGC5585,1,511,24,0.011093240374314943,181.4485805026286
9062302,finite_mixture,NGC5985,2,511,33,0.011509671234959353,3489.383650658462
9062302,finite_mixture,NGC6015,3,511,44,0.003624503790135486,506.73128847745045
9062302,finite_mixture,NGC6195,0,511,23,0.0006385222349390315,180.3245434397049
9062302,finite_mixture,NGC6503,0,511,31,0.0013466974362999352,67.97488924018475
9062302,finite_mixture,NGC6674,3,511,15,0.0017460263660986333,614.375971958712
9062302,finite_mixture,NGC6946,4,511,58,0.018350792331071432,3709.1867060228774
9062302,finite_mixture,NGC7331,1,511,36,0.010995790282789185,4393.266590245559
9062302,finite_mixture,UGC00128,1,511,22,0.014145948374384987,842.4019259943739
9062302,finite_mixture,UGC00191,1,511,9,0.0008362677600997593,10.973891424457843
9062302,finite_mixture,UGC00731,2,511,12,0.0018836091008458949,22.25782875473629
9062302,finite_mixture,UGC00891,2,511,5,0.010170269064769177,120.2181448494213
9062302,finite_mixture,UGC02259,4,511,8,0.028726079443083204,622.6017691667702
9062302,finite_mixture,UGC02487,3,511,17,0.0017542884018606551,1064.9278778712087
9062302,finite_mixture,UGC02916,0,511,43,0.004811044184566349,851.8668975801223
9062302,finite_mixture,UGC02953,4,511,115,0.007588796763475655,2264.2600503766516
9062302,finite_mixture,UGC03205,3,511,48,0.005013443284760717,1452.7711823885522
9062302,finite_mixture,UGC03580,1,511,47,0.015306528030970178,733.6443203577167
9062302,finite_mixture,UGC04325,4,511,8,0.034707663966101185,736.8139104055979
9062302,finite_mixture,UGC04483,2,511,8,0.05480623891733258,95.55775962581171
9062302,finite_mixture,UGC04499,4,511,9,0.002405854039445628,17.060848333615546
9062302,finite_mixture,UGC05414,0,511,6,0.0027913674085965155,15.653507522449878
9062302,finite_mixture,UGC05716,0,511,12,0.0039913370857254235,75.32606107453984
9062302,finite_mixture,UGC05750,0,511,11,0.015441106157659782,92.45897990709074
9062302,finite_mixture,UGC05764,3,511,10,0.06516733877801613,389.6436108585104
9062302,finite_mixture,UGC05829,4,511,11,0.0009605644142248942,8.983865307047113
9062302,finite_mixture,UGC06399,3,511,9,0.011019782767494704,283.3466863840613
9062302,finite_mixture,UGC06614,4,511,13,0.014728677482767356,3429.7677216358716
9062302,finite_mixture,UGC06786,2,511,45,0.003335671441341647,507.4721981970966
9062302,finite_mixture,UGC06787,0,511,71,0.0050575609732409705,1307.0113120143787
9062302,finite_mixture,UGC06818,2,511,8,0.034728808877714304,381.76007808867325
9062302,finite_mixture,UGC06917,4,511,11,0.0031505079936421554,144.98750247112713
9062302,finite_mixture,UGC06923,0,511,6,0.0037201036071311047,60.740861565475655
9062302,finite_mixture,UGC06983,3,511,17,0.008064822242459767,353.64311800415004
9062302,finite_mixture,UGC07089,2,511,12,0.0052431908225944865,64.23342620577104
9062302,finite_mixture,UGC07261,2,511,7,0.007283614618087177,220.92053196597894
9062302,finite_mixture,UGC07323,4,511,10,0.001222407776245204,30.050456629425963
9062302,finite_mixture,UGC07399,3,511,10,0.048889415417104905,1278.6476034859827
9062302,finite_mixture,UGC07524,4,511,31,0.009319440578531572,151.06733157943907
9062302,finite_mixture,UGC07577,1,511,9,0.01504230583148698,10.670908118929887
9062302,finite_mixture,UGC07603,4,511,12,0.008206017361486564,60.96890783884257
9062302,finite_mixture,UGC07866,0,511,7,0.012083616775950651,41.61268382836556
9062302,finite_mixture,UGC08490,0,511,30,0.002037964795674408,57.20782364308707
9062302,finite_mixture,UGC08699,2,511,41,0.0009009637503065079,142.67292588389185
9062302,finite_mixture,UGC08837,2,511,8,0.011985852449476364,22.90257157913117
9062302,finite_mixture,UGC09037,1,511,22,0.03623710247519221,5000.692333880925
9062302,finite_mixture,UGC09133,1,511,68,0.0032111062431329383,1023.5183004069074
9062302,finite_mixture,UGC09992,0,511,5,0.012966147419707646,103.76681258268347
9062302,finite_mixture,UGC10310,0,511,7,0.00033534100072082256,3.6875216345117714
9062302,finite_mixture,UGC11820,1,511,10,0.005117817505860736,44.06011287954579
9062302,finite_mixture,UGC11914,2,511,65,0.0030057938197282845,1400.4004172890502
9062302,finite_mixture,UGCA442,4,511,8,0.014087346183974427,162.46964159333953
9062302,finite_mixture,UGCA444,1,511,36,0.020105137868988075,57.7184983997972
9062302,training_selected,CamB,3,11,9,0.16424275050780313,160.74742191728086
9062302,training_selected,D564-8,3,11,6,0.01313607108936934,15.922223749463514
9062302,training_selected,D631-7,1,11,16,0.018337427925243965,75.95543855167676
9062302,training_selected,DDO064,2,11,14,0.006015819824398389,10.943565469925813
9062302,training_selected,DDO161,1,11,31,0.010313790630969502,97.33529761067895
9062302,training_selected,DDO168,4,11,10,0.005969815148249259,30.13881127467307
9062302,training_selected,DDO170,0,11,8,0.0021729234586985277,31.577777858964623
9062302,training_selected,ESO079-G014,2,11,15,0.0037457891150712327,309.57651450281105
9062302,training_selected,ESO116-G012,2,11,15,0.005710223060550576,269.71043310700236
9062302,training_selected,F565-V2,4,11,7,0.009354146364741198,189.118551816517
9062302,training_selected,F568-3,0,11,18,0.008197153272002504,134.5410955279509
9062302,training_selected,F568-V1,3,11,15,0.029979935342710165,1072.9906673852895
9062302,training_selected,F571-V1,3,11,7,0.0015365914677965033,27.974914220126173
9062302,training_selected,F583-1,4,11,25,0.016790011905255156,173.59332410726427
9062302,training_selected,F583-4,2,11,12,0.0003186644458923547,3.1661891272769758
9062302,training_selected,KK98-251,3,11,15,0.022416060281088404,41.96456609222263
9062302,training_selected,NGC0024,4,11,29,0.02073600180305731,628.2086474930047
9062302,training_selected,NGC0055,1,11,21,0.00353800104678078,59.82114347215165
9062302,training_selected,NGC0247,3,11,26,0.0019814125920818637,45.7089636233774
9062302,training_selected,NGC0289,0,11,28,0.0006667404548924437,104.22946438097476
9062302,training_selected,NGC0300,2,11,25,0.004873643614219643,164.26722082148544
9062302,training_selected,NGC0801,0,11,13,0.0023638029647606437,483.7220262028633
9062302,training_selected,NGC1003,3,11,36,0.002093105451204142,100.10984662289376
9062302,training_selected,NGC1090,1,11,24,0.00574266486304674,97.02204451614436
9062302,training_selected,NGC2403,2,11,73,0.0030217299101438794,216.68670176404805
9062302,training_selected,NGC2683,1,11,11,0.00044495366813294106,75.26049040821277
9062302,training_selected,NGC2841,1,11,50,0.010312495812674063,3846.424722064945
9062302,training_selected,NGC2915,2,11,30,0.0386567516576747,713.559471222184
9062302,training_selected,NGC2955,3,11,24,0.0014643653561605965,543.8139961649966
9062302,training_selected,NGC2976,2,11,27,0.008364071423177006,15.502483667176065
9062302,training_selected,NGC2998,1,11,13,0.014530855317719714,669.1557892950407
9062302,training_selected,NGC3109,4,11,25,0.007768540139922949,106.48386343430163
9062302,training_selected,NGC3198,1,11,43,0.005092335676946655,92.70421059944672
9062302,training_selected,NGC3521,3,11,41,0.0006421302555755153,141.3320274409932
9062302,training_selected,NGC3741,2,11,21,0.0060532488480608045,47.525230823042676
9062302,training_selected,NGC3769,0,11,12,0.0016134509624230627,99.38894722308616
9062302,training_selected,NGC3877,4,11,13,0.012562160852490846,456.1792451499287
9062302,training_selected,NGC3893,3,11,10,0.0012811946752494955,196.02793779788516
9062302,training_selected,NGC3917,0,11,17,0.004343007754550394,123.47786207525736
9062302,training_selected,NGC3949,3,11,7,0.0011465927374654605,145.37197051623872
9062302,training_selected,NGC3972,3,11,10,0.0032794682262161914,155.99953064806317
9062302,training_selected,NGC3992,0,11,9,0.00294104802422,877.3021255709457
9062302,training_selected,NGC4051,4,11,7,0.0029776503067294466,393.47744749403927
9062302,training_selected,NGC4068,1,11,6,0.04064677483902817,59.73256325882404
9062302,training_selected,NGC4088,1,11,12,0.007844973900052959,1271.6737437093454
9062302,training_selected,NGC4100,4,11,24,0.0016029067461743919,234.9661747023484
9062302,training_selected,NGC5005,0,11,18,0.001652639902761994,568.6546375949225
9062302,training_selected,NGC5033,0,11,22,0.0025441892756028015,649.6857524110156
9062302,training_selected,NGC5371,1,11,19,0.0034391120565062383,1038.4378596418364
9062302,training_selected,NGC5585,1,11,24,0.004562424210719494,65.70649552300443
9062302,training_selected,NGC5985,2,11,33,0.020551957222111217,6127.98017189932
9062302,training_selected,NGC6015,3,11,44,0.0036208250530417635,320.2358034687814
9062302,training_selected,NGC6195,0,11,23,0.0032664274208035614,1104.5893723122372
9062302,training_selected,NGC6503,0,11,31,0.0019174420934731373,116.1439999128202
9062302,training_selected,NGC6674,3,11,15,0.004340359751228048,1333.1962955074791
9062302,training_selected,NGC6946,4,11,58,0.001373992453253499,195.88424335444023
9062302,training_selected,NGC7331,1,11,36,0.0026483672310968487,1026.4239748345074
9062302,training_selected,UGC00128,1,11,22,0.004341378107094992,226.37985726791385
9062302,training_selected,UGC00191,1,11,9,0.005155941175539716,81.65417982524941
9062302,training_selected,UGC00731,2,11,12,0.019281272420989436,157.1568961387904
9062302,training_selected,UGC00891,2,11,5,0.004160320324883225,29.56989157983703
9062302,training_selected,UGC02259,4,11,8,0.019660024504469985,395.5331944730715
9062302,training_selected,UGC02487,3,11,17,0.010680740533293938,5655.917008101969
9062302,training_selected,UGC02916,0,11,43,0.0040389820340974375,979.6725510725314
9062302,training_selected,UGC02953,4,11,115,0.005194434833811744,1229.3106620393003
9062302,training_selected,UGC03205,3,11,48,0.0026649362076589314,567.9337600516195
9062302,training_selected,UGC03580,1,11,47,0.01638298002829663,726.4621479689625
9062302,training_selected,UGC04325,4,11,8,0.022418868806148913,481.1032888257825
9062302,training_selected,UGC04483,2,11,8,0.005294803272961987,5.564196554900068
9062302,training_selected,UGC04499,4,11,9,0.002142539770115663,13.050292219898063
9062302,training_selected,UGC05414,0,11,6,0.0023820739278521746,11.854077035633738
9062302,training_selected,UGC05716,0,11,12,0.004106699253587825,59.81438000137993
9062302,training_selected,UGC05750,0,11,11,0.029627712575255653,70.2949161403675
9062302,training_selected,UGC05764,3,11,10,0.025604897944665816,160.18088783022785
9062302,training_selected,UGC05829,4,11,11,0.0016203534510371197,10.85628899302831
9062302,training_selected,UGC06399,3,11,9,0.004036330900037092,101.75695611374937
9062302,training_selected,UGC06614,4,11,13,0.0034055848972908784,678.7132372895138
9062302,training_selected,UGC06786,2,11,45,0.006789793435123019,1332.0686611022468
9062302,training_selected,UGC06787,0,11,71,0.006322491817240741,1675.800616278292
9062302,training_selected,UGC06818,2,11,8,0.014277508865556631,121.32093108927356
9062302,training_selected,UGC06917,4,11,11,0.0029783382414302144,131.49434125111827
9062302,training_selected,UGC06923,0,11,6,0.0028017502721633513,39.43931498962118
9062302,training_selected,UGC06983,3,11,17,0.0057147352457329595,249.8570669836692
9062302,training_selected,UGC07089,2,11,12,0.004533040803772088,63.271553702082514
9062302,training_selected,UGC07261,2,11,7,0.0034952217618527425,44.45599180244147
9062302,training_selected,UGC07323,4,11,10,0.0017327403290964822,18.700873280700012
9062302,training_selected,UGC07399,3,11,10,0.0403788654867262,1142.4176733207646
9062302,training_selected,UGC07524,4,11,31,0.001969030194087702,28.553135672407077
9062302,training_selected,UGC07577,1,11,9,0.08451692030428805,105.98682019595104
9062302,training_selected,UGC07603,4,11,12,0.009383120985435965,135.31611713058328
9062302,training_selected,UGC07866,0,11,7,0.004604215229728613,18.29363779413228
9062302,training_selected,UGC08490,0,11,30,0.010580455685562842,250.8871943589201
9062302,training_selected,UGC08699,2,11,41,0.0026337879503693616,480.5070194220986
9062302,training_selected,UGC08837,2,11,8,0.03313511219202962,95.51691856584807
9062302,training_selected,UGC09037,1,11,22,0.009689211722151552,749.1519621190641
9062302,training_selected,UGC09133,1,11,68,0.0012403611774120865,433.1862961327556
9062302,training_selected,UGC09992,0,11,5,0.01259053790983416,104.12891480052238
9062302,training_selected,UGC10310,0,11,7,0.0018037523449365325,30.996268004962953
9062302,training_selected,UGC11820,1,11,10,0.003993875865063608,24.02917381055549
9062302,training_selected,UGC11914,2,11,65,0.0011430828218266576,432.0992838066604
9062302,training_selected,UGCA442,4,11,8,0.002359754350212398,33.45789029105847
9062302,training_selected,UGCA444,1,11,36,0.0020783946259931097,3.360452605369726
9062303,newton_fixed,CamB,3,0,9,0.021185323967411004,11.26009748057199
9062303,newton_fixed,D564-8,1,0,6,0.12329864795104173,135.7939082372972
9062303,newton_fixed,D631-7,3,0,16,0.10883057875352765,693.2739603178544
9062303,newton_fixed,DDO064,0,0,14,0.16264423197591027,321.85368922435106
9062303,newton_fixed,DDO161,3,0,31,0.051234667843107096,543.9636868961281
9062303,newton_fixed,DDO168,1,0,10,0.06255452381927336,441.79307357171655
9062303,newton_fixed,DDO170,4,0,8,0.09411691646085571,747.1486816567913
9062303,newton_fixed,ESO079-G014,4,0,15,0.050039399856756886,3107.6816316178943
9062303,newton_fixed,ESO116-G012,4,0,15,0.08419435041467487,2188.9692786104883
9062303,newton_fixed,F565-V2,4,0,7,0.18724600891250748,1688.216629783114
9062303,newton_fixed,F568-3,1,0,18,0.1053766643168856,1985.9095825520935
9062303,newton_fixed,F568-V1,4,0,15,0.2120684713831893,4292.867478578097
9062303,newton_fixed,F571-V1,2,0,7,0.11225727825411302,1583.6364076432576
9062303,newton_fixed,F583-1,1,0,25,0.20580109521268247,1434.98519134745
9062303,newton_fixed,F583-4,4,0,12,0.10526258843577747,798.4035783139911
9062303,newton_fixed,KK98-251,0,0,15,0.041109522133150195,85.42044564944769
9062303,newton_fixed,NGC0024,3,0,29,0.10418832636575467,2226.074360099069
9062303,newton_fixed,NGC0055,2,0,21,0.04382205122437279,906.3013460927594
9062303,newton_fixed,NGC0247,0,0,26,0.09772972783696922,1965.9242657689542
9062303,newton_fixed,NGC0289,3,0,28,0.06175320775461595,5192.3428021622
9062303,newton_fixed,NGC0300,3,0,25,0.12103315628297816,2160.2936962846197
9062303,newton_fixed,NGC0801,4,0,13,0.01658589843355772,2911.1865442630683
9062303,newton_fixed,NGC1003,1,0,36,0.12946431518564758,3255.2961484524967
9062303,newton_fixed,NGC1090,2,0,24,0.03359897142849445,2909.985210515902
9062303,newton_fixed,NGC2403,3,0,73,0.061400511915650456,2570.5962698315907
9062303,newton_fixed,NGC2683,2,0,11,0.04656225038894164,4095.308686458214
9062303,newton_fixed,NGC2841,2,0,50,0.07319333072076784,17033.250295070036
9062303,newton_fixed,NGC2915,4,0,30,0.2517007774742901,2847.2842500854426
9062303,newton_fixed,NGC2955,2,0,24,0.006775399999506663,1819.0170018031988
9062303,newton_fixed,NGC2976,0,0,27,0.013796881083942237,203.3487535947317
9062303,newton_fixed,NGC2998,4,0,13,0.0559924356599443,5154.1311946955575
9062303,newton_fixed,NGC3109,0,0,25,0.18806560364948535,1029.0910647422418
9062303,newton_fixed,NGC3198,4,0,43,0.05411938360327491,3147.231234809854
9062303,newton_fixed,NGC3521,1,0,41,0.007653661712029064,1239.6167264717867
9062303,newton_fixed,NGC3741,0,0,21,0.21300100414571738,670.9900214437206
9062303,newton_fixed,NGC3769,4,0,12,0.06745013312542338,2535.783383055386
9062303,newton_fixed,NGC3877,1,0,13,0.017539548576378333,1145.210295271568
9062303,newton_fixed,NGC3893,0,0,10,0.031340155617227076,3413.3797501233616
9062303,newton_fixed,NGC3917,4,0,17,0.05382060620196593,2597.771492488774
9062303,newton_fixed,NGC3949,0,0,7,0.007482385943983005,813.2350557929523
9062303,newton_fixed,NGC3972,0,0,10,0.04721587482664154,1976.6555824883442
9062303,newton_fixed,NGC3992,2,0,9,0.057249211039053866,11079.758269263308
9062303,newton_fixed,NGC4051,3,0,7,0.0059576818246072335,556.9776732562641
9062303,newton_fixed,NGC4068,3,0,6,0.0199803101554043,88.89994632073383
9062303,newton_fixed,NGC4088,3,0,12,0.005678362812218587,644.9715102866962
9062303,newton_fixed,NGC4100,0,0,24,0.04471953680099968,4406.008200952966
9062303,newton_fixed,NGC5005,2,0,18,0.003395025200290211,1032.8359908487482
9062303,newton_fixed,NGC5033,2,0,22,0.05281712261391662,6690.60586922638
9062303,newton_fixed,NGC5371,1,0,19,0.011030379273301413,2052.7193316323355
9062303,newton_fixed,NGC5585,2,0,24,0.05180951174994467,1003.6821937946311
9062303,newton_fixed,NGC5985,2,0,33,0.08008784966510056,18631.21354611321
9062303,newton_fixed,NGC6015,0,0,44,0.06687887908092398,4306.592467501244
9062303,newton_fixed,NGC6195,2,0,23,0.0041004429729612,1054.033128829798
9062303,newton_fixed,NGC6503,3,0,31,0.09615139716217472,3230.108509787587
9062303,newton_fixed,NGC6674,1,0,15,0.08581903204722129,14208.067741401099
9062303,newton_fixed,NGC6946,3,0,58,0.017600415997075704,1776.6137603333734
9062303,newton_fixed,NGC7331,0,0,36,0.01740151955750265,3522.939076331272
9062303,newton_fixed,UGC00128,2,0,22,0.1699570632717956,5549.159617799195
9062303,newton_fixed,UGC00191,1,0,9,0.0948733215929037,1019.1849507347847
9062303,newton_fixed,UGC00731,1,0,12,0.2339313296777831,1457.2243004948814
9062303,newton_fixed,UGC00891,4,0,5,0.1044471796503508,806.5635825902589
9062303,newton_fixed,UGC02259,4,0,8,0.1645827658732606,2314.0070954611497
9062303,newton_fixed,UGC02487,4,0,17,0.0867296735328349,28179.36451644828
9062303,newton_fixed,UGC02916,3,0,43,0.010389415215008373,1677.0964554960894
9062303,newton_fixed,UGC02953,1,0,115,0.036396018760361706,7466.249070934645
9062303,newton_fixed,UGC03205,3,0,48,0.0322874147201845,5178.940853517506
9062303,newton_fixed,UGC03580,2,0,47,0.033995551486591204,1296.8649588430187
9062303,newton_fixed,UGC04325,1,0,8,0.14008978450723814,2131.009533163413
9062303,newton_fixed,UGC04483,3,0,8,0.0544092612967054,70.26892149591477
9062303,newton_fixed,UGC04499,2,0,9,0.06418667184983039,826.0331157789723
9062303,newton_fixed,UGC05414,4,0,6,0.04693128705435871,379.3546211427526
9062303,newton_fixed,UGC05716,4,0,12,0.15153956286721568,1489.6294033756885
9062303,newton_fixed,UGC05750,3,0,11,0.07403726048595216,756.80398105539
9062303,newton_fixed,UGC05764,1,0,10,0.22185987398954055,877.7504273914992
9062303,newton_fixed,UGC05829,0,0,11,0.13762639266851487,612.7763769455173
9062303,newton_fixed,UGC06399,3,0,9,0.10511333929791268,1498.2616875441195
9062303,newton_fixed,UGC06614,3,0,13,0.03698059317893746,4296.547532853196
9062303,newton_fixed,UGC06786,1,0,45,0.05004237373295675,6729.121739621244
9062303,newton_fixed,UGC06787,0,0,71,0.03987828818286315,6472.488871313041
9062303,newton_fixed,UGC06818,2,0,8,0.061024614629633225,732.8081774814389
9062303,newton_fixed,UGC06917,0,0,11,0.07942683617168957,2156.6663903721715
9062303,newton_fixed,UGC06923,0,0,6,0.03469716943657189,672.5954374257236
9062303,newton_fixed,UGC06983,4,0,17,0.10702061959421748,2974.7541878483926
9062303,newton_fixed,UGC07089,4,0,12,0.04521256282065289,648.4091180440126
9062303,newton_fixed,UGC07261,1,0,7,0.0877656410428133,1092.3587201550351
9062303,newton_fixed,UGC07323,0,0,10,0.0362735727358669,554.3347998781818
9062303,newton_fixed,UGC07399,2,0,10,0.2020117188059618,3467.7860215333785
9062303,newton_fixed,UGC07524,1,0,31,0.1061234554320332,1175.7162906591557
9062303,newton_fixed,UGC07577,0,0,9,0.022079262415087324,5.9742763689512115
9062303,newton_fixed,UGC07603,4,0,12,0.12345004526381093,989.3505701432899
9062303,newton_fixed,UGC07866,1,0,7,0.06121941361206716,122.69280769252774
9062303,newton_fixed,UGC08490,2,0,30,0.14997308105700005,2013.4278026426132
9062303,newton_fixed,UGC08699,3,0,41,0.030649467046667045,3278.4928091426596
9062303,newton_fixed,UGC08837,1,0,8,0.028089730229061236,150.92835998553153
9062303,newton_fixed,UGC09037,0,0,22,0.018579633937240835,1497.0599765082216
9062303,newton_fixed,UGC09133,2,0,68,0.03924235015439958,6644.473548678883
9062303,newton_fixed,UGC09992,1,0,5,0.037460206039314506,125.71541480946958
9062303,newton_fixed,UGC10310,3,0,7,0.09012817448170665,977.1819439909515
9062303,newton_fixed,UGC11820,1,0,10,0.12040750042339096,947.5973734751014
9062303,newton_fixed,UGC11914,2,0,65,0.008262994070752244,2865.434999941108
9062303,newton_fixed,UGCA442,0,0,8,0.13740553150244453,761.686776577119
9062303,newton_fixed,UGCA444,0,0,36,0.1332533857495859,209.41853063919973
9062303,mond_fixed,CamB,3,1,9,0.20584368941640968,244.09313797301425
9062303,mond_fixed,D564-8,1,1,6,0.02753833243096267,51.323559300728284
9062303,mond_fixed,D631-7,3,1,16,0.025879425421062738,110.70758485402212
9062303,mond_fixed,DDO064,0,1,14,0.005550146547520265,12.590380248596555
9062303,mond_fixed,DDO161,3,1,31,0.023868097550687157,344.8282015091504
9062303,mond_fixed,DDO168,1,1,10,0.011884732968400787,62.093110221306326
9062303,mond_fixed,DDO170,4,1,8,0.01074998980763409,206.49949386407062
9062303,mond_fixed,ESO079-G014,4,1,15,0.0024365175282382323,129.90604146052758
9062303,mond_fixed,ESO116-G012,4,1,15,0.0017026467782766512,82.96978537850563
9062303,mond_fixed,F565-V2,4,1,7,0.0032136046553516615,47.84110196502697
9062303,mond_fixed,F568-3,1,1,18,0.008118977576168064,63.6232650720971
9062303,mond_fixed,F568-V1,4,1,15,0.017607068050432266,663.68948991694
9062303,mond_fixed,F571-V1,2,1,7,0.002757291680077107,40.44987006230654
9062303,mond_fixed,F583-1,1,1,25,0.012839186971722016,106.50575011215653
9062303,mond_fixed,F583-4,4,1,12,0.0015836447258602319,28.955111961114742
9062303,mond_fixed,KK98-251,0,1,15,0.04273776339890408,118.16986703882256
9062303,mond_fixed,NGC0024,3,1,29,0.013932696484557233,426.534518326219
9062303,mond_fixed,NGC0055,2,1,21,0.010926438592539169,306.88227201847724
9062303,mond_fixed,NGC0247,0,1,26,0.0008286811380461139,29.979090852265685
9062303,mond_fixed,NGC0289,3,1,28,0.0032124699654962896,556.7271321612782
9062303,mond_fixed,NGC0300,3,1,25,0.0010594362297723676,31.439836924832722
9062303,mond_fixed,NGC0801,4,1,13,0.004584267671734698,1246.5328061646846
9062303,mond_fixed,NGC1003,1,1,36,0.0017174137131244602,67.79570173997288
9062303,mond_fixed,NGC1090,2,1,24,0.007510378827226737,352.08028168036464
9062303,mond_fixed,NGC2403,3,1,73,0.0005878604840940151,38.9360081438137
9062303,mond_fixed,NGC2683,2,1,11,0.001350517141218433,200.24661112984086
9062303,mond_fixed,NGC2841,2,1,50,0.0069162339679225944,2811.5160556254377
9062303,mond_fixed,NGC2915,4,1,30,0.025074319056583687,425.57670558556936
9062303,mond_fixed,NGC2955,2,1,24,0.0015362839008018127,541.6303631617106
9062303,mond_fixed,NGC2976,0,1,27,0.011627681121076728,32.24024372751406
9062303,mond_fixed,NGC2998,4,1,13,0.014252624484766515,732.9717507705129
9062303,mond_fixed,NGC3109,0,1,25,0.0035573304673822237,25.420145374841645
9062303,mond_fixed,NGC3198,4,1,43,0.005402308890426161,124.9682786139475
9062303,mond_fixed,NGC3521,1,1,41,0.00020628298958536733,46.442669212264974
9062303,mond_fixed,NGC3741,0,1,21,0.0019479007299001187,7.4053572152075775
9062303,mond_fixed,NGC3769,4,1,12,0.0034960943248887356,255.37183759547426
9062303,mond_fixed,NGC3877,1,1,13,0.01295231371634525,572.1012274955821
9062303,mond_fixed,NGC3893,0,1,10,0.0003320219520341535,47.383583863688
9062303,mond_fixed,NGC3917,4,1,17,0.0040183008777799015,44.0590844858543
9062303,mond_fixed,NGC3949,0,1,7,0.000986881533291895,127.64005217133861
9062303,mond_fixed,NGC3972,0,1,10,0.0017914547678271578,45.89840303182833
9062303,mond_fixed,NGC3992,2,1,9,0.0011374357941199122,343.7140269102328
9062303,mond_fixed,NGC4051,3,1,7,0.004495723779292747,643.370463151478
9062303,mond_fixed,NGC4068,3,1,6,0.05792166096299926,129.72391298393632
9062303,mond_fixed,NGC4088,3,1,12,0.01024433308058023,1779.4573084562646
9062303,mond_fixed,NGC4100,0,1,24,0.0007030289234199819,97.49387260180328
9062303,mond_fixed,NGC5005,2,1,18,0.0005991034522490181,195.3818187744397
9062303,mond_fixed,NGC5033,2,1,22,0.0008882935945106436,233.96691778221538
9062303,mond_fixed,NGC5371,1,1,19,0.006406483242225192,2013.4443781372147
9062303,mond_fixed,NGC5585,2,1,24,0.006286254486897485,69.97650711942423
9062303,mond_fixed,NGC5985,2,1,33,0.016053405184009568,4816.891607753498
9062303,mond_fixed,NGC6015,0,1,44,0.001682633427193477,117.12892717502433
9062303,mond_fixed,NGC6195,2,1,23,0.0036454838906899685,1313.2447829312152
9062303,mond_fixed,NGC6503,3,1,31,0.0003650464981992309,17.969761164132347
9062303,mond_fixed,NGC6674,1,1,15,0.0019125759922267,643.9987349039267
9062303,mond_fixed,NGC6946,3,1,58,0.002075559366363078,314.28008697701574
9062303,mond_fixed,NGC7331,0,1,36,0.0023674802036222184,859.1614075489134
9062303,mond_fixed,UGC00128,2,1,22,0.002292306309984803,137.22846221954387
9062303,mond_fixed,UGC00191,1,1,9,0.0025356397307140684,53.34165255963803
9062303,mond_fixed,UGC00731,1,1,12,0.011474125157994437,131.48758074111313
9062303,mond_fixed,UGC00891,4,1,5,0.008321393639273927,59.01327202902117
9062303,mond_fixed,UGC02259,4,1,8,0.010083575328800914,186.63740683634788
9062303,mond_fixed,UGC02487,4,1,17,0.006438189972401677,3700.1197167933
9062303,mond_fixed,UGC02916,3,1,43,0.004238222976032068,918.7303786675176
9062303,mond_fixed,UGC02953,1,1,115,0.004237335238383473,837.0022650742683
9062303,mond_fixed,UGC03205,3,1,48,0.0019378453518078852,400.50065837058474
9062303,mond_fixed,UGC03580,2,1,47,0.016346942210467147,738.3507493132033
9062303,mond_fixed,UGC04325,1,1,8,0.012710722294253593,269.94924735320427
9062303,mond_fixed,UGC04483,3,1,8,0.014890543409951544,27.922904954611315
9062303,mond_fixed,UGC04499,2,1,9,0.005325463992301268,80.72875853335138
9062303,mond_fixed,UGC05414,4,1,6,0.007438180748801649,68.25737145538807
9062303,mond_fixed,UGC05716,4,1,12,0.0014603623435860762,31.422731724879082
9062303,mond_fixed,UGC05750,3,1,11,0.043166979773464405,238.13072921582128
9062303,mond_fixed,UGC05764,1,1,10,0.01209003891808132,71.78833417748044
9062303,mond_fixed,UGC05829,0,1,11,0.003408234832981603,74.07740181331773
9062303,mond_fixed,UGC06399,3,1,9,0.0014233549202768926,16.058269330078403
9062303,mond_fixed,UGC06614,3,1,13,0.004788631467644377,963.4572018769193
9062303,mond_fixed,UGC06786,1,1,45,0.004577558903907057,890.9356901614955
9062303,mond_fixed,UGC06787,0,1,71,0.0032680397044886817,885.3658268204979
9062303,mond_fixed,UGC06818,2,1,8,0.020595549550483875,186.69270746521943
9062303,mond_fixed,UGC06917,0,1,11,0.0005448907423710501,21.29962685455371
9062303,mond_fixed,UGC06923,0,1,6,0.004939060283348962,84.16607557947503
9062303,mond_fixed,UGC06983,4,1,17,0.00198640528824678,83.70470690982741
9062303,mond_fixed,UGC07089,4,1,12,0.01162102467218653,228.30929606604244
9062303,mond_fixed,UGC07261,1,1,7,0.001617975648647825,21.31474653431738
9062303,mond_fixed,UGC07323,0,1,10,0.005327523942642132,88.51821019207793
9062303,mond_fixed,UGC07399,2,1,10,0.0242193958526976,743.6975936575591
9062303,mond_fixed,UGC07524,1,1,31,0.0023822084074787875,54.66249063155013
9062303,mond_fixed,UGC07577,0,1,9,0.11564892877567183,172.2846631486365
9062303,mond_fixed,UGC07603,4,1,12,0.0036729039569391234,46.454071626100365
9062303,mond_fixed,UGC07866,1,1,7,0.013946104408783326,65.7625239433453
9062303,mond_fixed,UGC08490,2,1,30,0.003267690114447881,77.12598678678403
9062303,mond_fixed,UGC08699,3,1,41,0.0009905166339975425,181.6635886591283
9062303,mond_fixed,UGC08837,1,1,8,0.04961463326558827,214.0877219762782
9062303,mond_fixed,UGC09037,0,1,22,0.01466247810881918,1466.088477730174
9062303,mond_fixed,UGC09133,2,1,68,0.0015688921597687572,453.51631640647815
9062303,mond_fixed,UGC09992,1,1,5,0.025479767373247066,235.60104585859472
9062303,mond_fixed,UGC10310,3,1,7,0.0020291585143245934,64.4068360206192
9062303,mond_fixed,UGC11820,1,1,10,0.0037905193777308154,85.15859469849265
9062303,mond_fixed,UGC11914,2,1,65,0.002394995967007398,911.9025694194645
9062303,mond_fixed,UGCA442,0,1,8,0.0016798061389136838,12.099592645473768
9062303,mond_fixed,UGCA444,0,1,36,0.005234330172042357,24.280476516831836
9062303,newton_ml,CamB,3,4,9,0.025052879757683458,11.580917018938347
9062303,newton_ml,D564-8,1,4,6,0.11070415513650206,127.73567750019798
9062303,newton_ml,D631-7,3,4,16,0.10398965245836965,673.4797632097707
9062303,newton_ml,DDO064,0,4,14,0.13431175190046635,296.3319642765805
9062303,newton_ml,DDO161,3,4,31,0.04767883546891685,523.421226620722
9062303,newton_ml,DDO168,1,4,10,0.05833869522764159,422.1431480861702
9062303,newton_ml,DDO170,4,4,8,0.08701166343429281,714.8424789973299
9062303,newton_ml,ESO079-G014,4,4,15,0.035411931375511255,2444.709872155981
9062303,newton_ml,ESO116-G012,4,4,15,0.06838353466274774,1925.331195269114
9062303,newton_ml,F565-V2,4,4,7,0.17371594770426166,1631.1889795792717
9062303,newton_ml,F568-3,1,4,18,0.0861270525290739,1775.7363310172348
9062303,newton_ml,F568-V1,4,4,15,0.1836561652638736,3990.225071143658
9062303,newton_ml,F571-V1,2,4,7,0.09959558092038115,1478.8719799758585
9062303,newton_ml,F583-1,1,4,25,0.17846362798459783,1350.9203941108135
9062303,newton_ml,F583-4,4,4,12,0.08375145270385276,683.6557256467303
9062303,newton_ml,KK98-251,0,4,15,0.036728112421488886,79.93476976297121
9062303,newton_ml,NGC0024,3,4,29,0.08318749912429349,1918.1502507636092
9062303,newton_ml,NGC0055,2,4,21,0.037137066707003195,805.8539165593481
9062303,newton_ml,NGC0247,0,4,26,0.08029758765138609,1732.012253385061
9062303,newton_ml,NGC0289,3,4,28,0.05193570790864653,4479.487538491262
9062303,newton_ml,NGC0300,3,4,25,0.10209699051361824,1945.8862133668465
9062303,newton_ml,NGC0801,4,4,13,0.01047330136376215,1863.3136561340552
9062303,newton_ml,NGC1003,1,4,36,0.11564482815378084,3020.3604467983673
9062303,newton_ml,NGC1090,2,4,24,0.0247884287749796,2133.778389285286
9062303,newton_ml,NGC2403,3,4,73,0.05018107400422353,2230.4555854937425
9062303,newton_ml,NGC2683,2,4,11,0.03278163791544679,2987.3089625987723
9062303,newton_ml,NGC2841,2,4,50,0.057905855085992816,13808.128350544486
9062303,newton_ml,NGC2915,4,4,30,0.23399934073778889,2734.8613164017024
9062303,newton_ml,NGC2955,2,4,24,0.003559910224550948,1031.958033954504
9062303,newton_ml,NGC2976,0,4,27,0.007989903104083654,119.2020492144894
9062303,newton_ml,NGC2998,4,4,13,0.04152892130988211,3897.488254815881
9062303,newton_ml,NGC3109,0,4,25,0.1764212868600494,1000.9591263782495
9062303,newton_ml,NGC3198,4,4,43,0.04356014367458931,2606.782990967294
9062303,newton_ml,NGC3521,1,4,41,0.003980005523124884,623.2413592920316
9062303,newton_ml,NGC3741,0,4,21,0.20531869256259588,661.5854084822129
9062303,newton_ml,NGC3769,4,4,12,0.05646082680887393,2191.3815751186435
9062303,newton_ml,NGC3877,1,4,13,0.013621852723956988,657.9279935729141
9062303,newton_ml,NGC3893,0,4,10,0.02175088610539635,2488.8825091362896
9062303,newton_ml,NGC3917,4,4,17,0.039131887293311095,2041.2037769693625
9062303,newton_ml,NGC3949,0,4,7,0.003478943996568569,410.072956809559
9062303,newton_ml,NGC3972,0,4,10,0.033253812879297316,1521.8189470676216
9062303,newton_ml,NGC3992,2,4,9,0.041559451082450544,8551.255973502086
9062303,newton_ml,NGC4051,3,4,7,0.0020569264336057747,202.49393657854287
9062303,newton_ml,NGC4068,3,4,6,0.015768671531443734,73.42258801748669
9062303,newton_ml,NGC4088,3,4,12,0.004257682186084571,505.66718674840564
9062303,newton_ml,NGC4100,0,4,24,0.031180938789959034,3261.7837323171134
9062303,newton_ml,NGC5005,2,4,18,0.002087280295070838,684.0168478657974
9062303,newton_ml,NGC5033,2,4,22,0.04120118874938499,5580.003720638021
9062303,newton_ml,NGC5371,1,4,19,0.005086728644159599,970.634018811744
9062303,newton_ml,NGC5585,2,4,24,0.04213119478660471,884.4426027913302
9062303,newton_ml,NGC5985,2,4,33,0.0598464128725188,15055.117098667655
9062303,newton_ml,NGC6015,0,4,44,0.05285984730284554,3604.2391108726424
9062303,newton_ml,NGC6195,2,4,23,0.0023121012423973756,603.1707488796226
9062303,newton_ml,NGC6503,3,4,31,0.07957871574789886,2804.6849234434653
9062303,newton_ml,NGC6674,1,4,15,0.06782597264117816,11796.767691290866
9062303,newton_ml,NGC6946,3,4,58,0.011001975898063676,1178.5908045327553
9062303,newton_ml,NGC7331,0,4,36,0.012171409579974481,2790.6384621696034
9062303,newton_ml,UGC00128,2,4,22,0.15325838935209635,5243.416461948255
9062303,newton_ml,UGC00191,1,4,9,0.07690156435167689,904.6364247933562
9062303,newton_ml,UGC00731,1,4,12,0.2196361033870712,1424.9129107447827
9062303,newton_ml,UGC00891,4,4,5,0.09652987058674459,771.9307267850236
9062303,newton_ml,UGC02259,4,4,8,0.14267699136685716,2124.9556600908686
9062303,newton_ml,UGC02487,4,4,17,0.06688811926969228,22960.80581541158
9062303,newton_ml,UGC02916,3,4,43,0.007275441306122316,1351.777704986575
9062303,newton_ml,UGC02953,1,4,115,0.02717887146589558,5674.861858367654
9062303,newton_ml,UGC03205,3,4,48,0.021659563858938715,3612.250958282688
9062303,newton_ml,UGC03580,2,4,47,0.032847230892724066,1320.94167080703
9062303,newton_ml,UGC04325,1,4,8,0.11846672931952734,1913.7118257915977
9062303,newton_ml,UGC04483,3,4,8,0.04787204919006401,65.5739647822892
9062303,newton_ml,UGC04499,2,4,9,0.05356480696038465,734.7951718104209
9062303,newton_ml,UGC05414,4,4,6,0.036311797707966664,320.41765747186315
9062303,newton_ml,UGC05716,4,4,12,0.13883549232337958,1426.5891326707958
9062303,newton_ml,UGC05750,3,4,11,0.06153051743911067,675.8974752108747
9062303,newton_ml,UGC05764,1,4,10,0.2098084714371319,857.0344443047263
9062303,newton_ml,UGC05829,0,4,11,0.11848023291223862,572.6930854001652
9062303,newton_ml,UGC06399,3,4,9,0.08645674107328868,1329.833824295244
9062303,newton_ml,UGC06614,3,4,13,0.028234723980266704,3503.8354206975955
9062303,newton_ml,UGC06786,1,4,45,0.037120397377854004,5212.370338738796
9062303,newton_ml,UGC06787,0,4,71,0.03086510124561234,5397.540274869854
9062303,newton_ml,UGC06818,2,4,8,0.04963699032420283,641.8923478330659
9062303,newton_ml,UGC06917,0,4,11,0.06252200190106337,1832.9832885344397
9062303,newton_ml,UGC06923,0,4,6,0.025852951060186476,538.921718663357
9062303,newton_ml,UGC06983,4,4,17,0.09111905062025392,2683.3940484418777
9062303,newton_ml,UGC07089,4,4,12,0.03374831326435799,529.2943686923153
9062303,newton_ml,UGC07261,1,4,7,0.07024911895805061,933.5690126003462
9062303,newton_ml,UGC07323,0,4,10,0.02442051097187866,418.38056548504983
9062303,newton_ml,UGC07399,2,4,10,0.18004158989364633,3262.8318327615552
9062303,newton_ml,UGC07524,1,4,31,0.08971023594918957,1064.6671336455663
9062303,newton_ml,UGC07577,0,4,9,0.013084560770369241,4.1417036096818665
9062303,newton_ml,UGC07603,4,4,12,0.10724116073814338,909.3970816823794
9062303,newton_ml,UGC07866,1,4,7,0.04891045610793421,105.54028811763321
9062303,newton_ml,UGC08490,2,4,30,0.13485114117215527,1882.3409588540148
9062303,newton_ml,UGC08699,3,4,41,0.021788557924524315,2506.819402462996
9062303,newton_ml,UGC08837,1,4,8,0.02098788531914967,126.00189138348492
9062303,newton_ml,UGC09037,0,4,22,0.01445806243189515,1153.6791858577383
9062303,newton_ml,UGC09133,2,4,68,0.030113437570009637,5217.976477268919
9062303,newton_ml,UGC09992,1,4,5,0.028346181303035393,100.72049169652684
9062303,newton_ml,UGC10310,3,4,7,0.07399473218007291,859.1144201662629
9062303,newton_ml,UGC11820,1,4,10,0.10400500608744392,900.495958902814
9062303,newton_ml,UGC11914,2,4,65,0.003052045287560248,1122.8111992845472
9062303,newton_ml,UGCA442,0,4,8,0.131622664816666,744.6114755977763
9062303,newton_ml,UGCA444,0,4,36,0.12742208983322595,207.0137744648122
9062303,mond_adjusted,CamB,3,11,9,0.16424275050780313,160.74742191728086
9062303,mond_adjusted,D564-8,1,11,6,0.01313607108936934,15.922223749463514
9062303,mond_adjusted,D631-7,3,11,16,0.018337427925243965,75.95543855167676
9062303,mond_adjusted,DDO064,0,11,14,0.006015819824398389,10.943565469925813
9062303,mond_adjusted,DDO161,3,11,31,0.010313790630969502,97.33529761067895
9062303,mond_adjusted,DDO168,1,11,10,0.005969815148249259,30.13881127467307
9062303,mond_adjusted,DDO170,4,11,8,0.0021729234586985277,31.577777858964623
9062303,mond_adjusted,ESO079-G014,4,11,15,0.0037457891150712327,309.57651450281105
9062303,mond_adjusted,ESO116-G012,4,11,15,0.005710223060550576,269.71043310700236
9062303,mond_adjusted,F565-V2,4,11,7,0.009354146364741198,189.118551816517
9062303,mond_adjusted,F568-3,1,11,18,0.008197153272002504,134.5410955279509
9062303,mond_adjusted,F568-V1,4,11,15,0.029979935342710165,1072.9906673852895
9062303,mond_adjusted,F571-V1,2,11,7,0.0015365914677965033,27.974914220126173
9062303,mond_adjusted,F583-1,1,11,25,0.016790011905255156,173.59332410726427
9062303,mond_adjusted,F583-4,4,11,12,0.0003186644458923547,3.1661891272769758
9062303,mond_adjusted,KK98-251,0,11,15,0.022416060281088404,41.96456609222263
9062303,mond_adjusted,NGC0024,3,11,29,0.02073600180305731,628.2086474930047
9062303,mond_adjusted,NGC0055,2,11,21,0.00353800104678078,59.82114347215165
9062303,mond_adjusted,NGC0247,0,11,26,0.0019814125920818637,45.7089636233774
9062303,mond_adjusted,NGC0289,3,11,28,0.0006667404548924437,104.22946438097476
9062303,mond_adjusted,NGC0300,3,11,25,0.004873643614219643,164.26722082148544
9062303,mond_adjusted,NGC0801,4,11,13,0.0023638029647606437,483.7220262028633
9062303,mond_adjusted,NGC1003,1,11,36,0.002093105451204142,100.10984662289376
9062303,mond_adjusted,NGC1090,2,11,24,0.00574266486304674,97.02204451614436
9062303,mond_adjusted,NGC2403,3,11,73,0.0030217299101438794,216.68670176404805
9062303,mond_adjusted,NGC2683,2,11,11,0.00044495366813294106,75.26049040821277
9062303,mond_adjusted,NGC2841,2,11,50,0.010312495812674063,3846.424722064945
9062303,mond_adjusted,NGC2915,4,11,30,0.0386567516576747,713.559471222184
9062303,mond_adjusted,NGC2955,2,11,24,0.0014643653561605965,543.8139961649966
9062303,mond_adjusted,NGC2976,0,11,27,0.008364071423177006,15.502483667176065
9062303,mond_adjusted,NGC2998,4,11,13,0.014530855317719714,669.1557892950407
9062303,mond_adjusted,NGC3109,0,11,25,0.007768540139922949,106.48386343430163
9062303,mond_adjusted,NGC3198,4,11,43,0.005092335676946655,92.70421059944672
9062303,mond_adjusted,NGC3521,1,11,41,0.0006421302555755153,141.3320274409932
9062303,mond_adjusted,NGC3741,0,11,21,0.0060532488480608045,47.525230823042676
9062303,mond_adjusted,NGC3769,4,11,12,0.0016134509624230627,99.38894722308616
9062303,mond_adjusted,NGC3877,1,11,13,0.012562160852490846,456.1792451499287
9062303,mond_adjusted,NGC3893,0,11,10,0.0012811946752494955,196.02793779788516
9062303,mond_adjusted,NGC3917,4,11,17,0.004343007754550394,123.47786207525736
9062303,mond_adjusted,NGC3949,0,11,7,0.0011465927374654605,145.37197051623872
9062303,mond_adjusted,NGC3972,0,11,10,0.0032794682262161914,155.99953064806317
9062303,mond_adjusted,NGC3992,2,11,9,0.00294104802422,877.3021255709457
9062303,mond_adjusted,NGC4051,3,11,7,0.0029776503067294466,393.47744749403927
9062303,mond_adjusted,NGC4068,3,11,6,0.04064677483902817,59.73256325882404
9062303,mond_adjusted,NGC4088,3,11,12,0.007844973900052959,1271.6737437093454
9062303,mond_adjusted,NGC4100,0,11,24,0.0016029067461743919,234.9661747023484
9062303,mond_adjusted,NGC5005,2,11,18,0.001652639902761994,568.6546375949225
9062303,mond_adjusted,NGC5033,2,11,22,0.0025441892756028015,649.6857524110156
9062303,mond_adjusted,NGC5371,1,11,19,0.0034391120565062383,1038.4378596418364
9062303,mond_adjusted,NGC5585,2,11,24,0.004562424210719494,65.70649552300443
9062303,mond_adjusted,NGC5985,2,11,33,0.020551957222111217,6127.98017189932
9062303,mond_adjusted,NGC6015,0,11,44,0.0036208250530417635,320.2358034687814
9062303,mond_adjusted,NGC6195,2,11,23,0.0032664274208035614,1104.5893723122372
9062303,mond_adjusted,NGC6503,3,11,31,0.0019174420934731373,116.1439999128202
9062303,mond_adjusted,NGC6674,1,11,15,0.004340359751228048,1333.1962955074791
9062303,mond_adjusted,NGC6946,3,11,58,0.001373992453253499,195.88424335444023
9062303,mond_adjusted,NGC7331,0,11,36,0.0026483672310968487,1026.4239748345074
9062303,mond_adjusted,UGC00128,2,11,22,0.004341378107094992,226.37985726791385
9062303,mond_adjusted,UGC00191,1,11,9,0.005155941175539716,81.65417982524941
9062303,mond_adjusted,UGC00731,1,11,12,0.019281272420989436,157.1568961387904
9062303,mond_adjusted,UGC00891,4,11,5,0.004160320324883225,29.56989157983703
9062303,mond_adjusted,UGC02259,4,11,8,0.019660024504469985,395.5331944730715
9062303,mond_adjusted,UGC02487,4,11,17,0.010680740533293938,5655.917008101969
9062303,mond_adjusted,UGC02916,3,11,43,0.0040389820340974375,979.6725510725314
9062303,mond_adjusted,UGC02953,1,11,115,0.005194434833811744,1229.3106620393003
9062303,mond_adjusted,UGC03205,3,11,48,0.0026649362076589314,567.9337600516195
9062303,mond_adjusted,UGC03580,2,11,47,0.01638298002829663,726.4621479689625
9062303,mond_adjusted,UGC04325,1,11,8,0.022418868806148913,481.1032888257825
9062303,mond_adjusted,UGC04483,3,11,8,0.005294803272961987,5.564196554900068
9062303,mond_adjusted,UGC04499,2,11,9,0.002142539770115663,13.050292219898063
9062303,mond_adjusted,UGC05414,4,11,6,0.0023820739278521746,11.854077035633738
9062303,mond_adjusted,UGC05716,4,11,12,0.004106699253587825,59.81438000137993
9062303,mond_adjusted,UGC05750,3,11,11,0.029627712575255653,70.2949161403675
9062303,mond_adjusted,UGC05764,1,11,10,0.025604897944665816,160.18088783022785
9062303,mond_adjusted,UGC05829,0,11,11,0.0016203534510371197,10.85628899302831
9062303,mond_adjusted,UGC06399,3,11,9,0.004036330900037092,101.75695611374937
9062303,mond_adjusted,UGC06614,3,11,13,0.0034055848972908784,678.7132372895138
9062303,mond_adjusted,UGC06786,1,11,45,0.006789793435123019,1332.0686611022468
9062303,mond_adjusted,UGC06787,0,11,71,0.006322491817240741,1675.800616278292
9062303,mond_adjusted,UGC06818,2,11,8,0.014277508865556631,121.32093108927356
9062303,mond_adjusted,UGC06917,0,11,11,0.0029783382414302144,131.49434125111827
9062303,mond_adjusted,UGC06923,0,11,6,0.0028017502721633513,39.43931498962118
9062303,mond_adjusted,UGC06983,4,11,17,0.0057147352457329595,249.8570669836692
9062303,mond_adjusted,UGC07089,4,11,12,0.004533040803772088,63.271553702082514
9062303,mond_adjusted,UGC07261,1,11,7,0.0034952217618527425,44.45599180244147
9062303,mond_adjusted,UGC07323,0,11,10,0.0017327403290964822,18.700873280700012
9062303,mond_adjusted,UGC07399,2,11,10,0.0403788654867262,1142.4176733207646
9062303,mond_adjusted,UGC07524,1,11,31,0.001969030194087702,28.553135672407077
9062303,mond_adjusted,UGC07577,0,11,9,0.08451692030428805,105.98682019595104
9062303,mond_adjusted,UGC07603,4,11,12,0.009383120985435965,135.31611713058328
9062303,mond_adjusted,UGC07866,1,11,7,0.004604215229728613,18.29363779413228
9062303,mond_adjusted,UGC08490,2,11,30,0.010580455685562842,250.8871943589201
9062303,mond_adjusted,UGC08699,3,11,41,0.0026337879503693616,480.5070194220986
9062303,mond_adjusted,UGC08837,1,11,8,0.03313511219202962,95.51691856584807
9062303,mond_adjusted,UGC09037,0,11,22,0.009689211722151552,749.1519621190641
9062303,mond_adjusted,UGC09133,2,11,68,0.0012403611774120865,433.1862961327556
9062303,mond_adjusted,UGC09992,1,11,5,0.01259053790983416,104.12891480052238
9062303,mond_adjusted,UGC10310,3,11,7,0.0018037523449365325,30.996268004962953
9062303,mond_adjusted,UGC11820,1,11,10,0.003993875865063608,24.02917381055549
9062303,mond_adjusted,UGC11914,2,11,65,0.0011430828218266576,432.0992838066604
9062303,mond_adjusted,UGCA442,0,11,8,0.002359754350212398,33.45789029105847
9062303,mond_adjusted,UGCA444,0,11,36,0.0020783946259931097,3.360452605369726
9062303,absorption_proxy,CamB,3,24,9,0.025052879757683458,11.580917018938347
9062303,absorption_proxy,D564-8,1,24,6,0.11070415513650206,127.73567750019798
9062303,absorption_proxy,D631-7,3,24,16,0.10398965245836965,673.4797632097707
9062303,absorption_proxy,DDO064,0,24,14,0.13431175190046635,296.3319642765805
9062303,absorption_proxy,DDO161,3,24,31,0.04767883546891685,523.421226620722
9062303,absorption_proxy,DDO168,1,24,10,0.05833869522764159,422.1431480861702
9062303,absorption_proxy,DDO170,4,24,8,0.08701166343429281,714.8424789973299
9062303,absorption_proxy,ESO079-G014,4,24,15,0.035411931375511255,2444.709872155981
9062303,absorption_proxy,ESO116-G012,4,24,15,0.06838353466274774,1925.331195269114
9062303,absorption_proxy,F565-V2,4,24,7,0.17371594770426166,1631.1889795792717
9062303,absorption_proxy,F568-3,1,24,18,0.0861270525290739,1775.7363310172348
9062303,absorption_proxy,F568-V1,4,24,15,0.1836561652638736,3990.225071143658
9062303,absorption_proxy,F571-V1,2,24,7,0.09959558092038115,1478.8719799758585
9062303,absorption_proxy,F583-1,1,24,25,0.17846362798459783,1350.9203941108135
9062303,absorption_proxy,F583-4,4,24,12,0.08375145270385276,683.6557256467303
9062303,absorption_proxy,KK98-251,0,24,15,0.036728112421488886,79.93476976297121
9062303,absorption_proxy,NGC0024,3,24,29,0.08318749912429349,1918.1502507636092
9062303,absorption_proxy,NGC0055,2,24,21,0.037137066707003195,805.8539165593481
9062303,absorption_proxy,NGC0247,0,24,26,0.08029758765138609,1732.012253385061
9062303,absorption_proxy,NGC0289,3,24,28,0.05193570790864653,4479.487538491262
9062303,absorption_proxy,NGC0300,3,24,25,0.10209699051361824,1945.8862133668465
9062303,absorption_proxy,NGC0801,4,24,13,0.01047330136376215,1863.3136561340552
9062303,absorption_proxy,NGC1003,1,24,36,0.11564482815378084,3020.3604467983673
9062303,absorption_proxy,NGC1090,2,24,24,0.0247884287749796,2133.778389285286
9062303,absorption_proxy,NGC2403,3,24,73,0.05018107400422353,2230.4555854937425
9062303,absorption_proxy,NGC2683,2,24,11,0.03278163791544679,2987.3089625987723
9062303,absorption_proxy,NGC2841,2,24,50,0.057905855085992816,13808.128350544486
9062303,absorption_proxy,NGC2915,4,24,30,0.23399934073778889,2734.8613164017024
9062303,absorption_proxy,NGC2955,2,24,24,0.003559910224550948,1031.958033954504
9062303,absorption_proxy,NGC2976,0,24,27,0.007989903104083654,119.2020492144894
9062303,absorption_proxy,NGC2998,4,24,13,0.04152892130988211,3897.488254815881
9062303,absorption_proxy,NGC3109,0,24,25,0.1764212868600494,1000.9591263782495
9062303,absorption_proxy,NGC3198,4,24,43,0.04356014367458931,2606.782990967294
9062303,absorption_proxy,NGC3521,1,24,41,0.003980005523124884,623.2413592920316
9062303,absorption_proxy,NGC3741,0,24,21,0.20531869256259588,661.5854084822129
9062303,absorption_proxy,NGC3769,4,24,12,0.05646082680887393,2191.3815751186435
9062303,absorption_proxy,NGC3877,1,24,13,0.013621852723956988,657.9279935729141
9062303,absorption_proxy,NGC3893,0,24,10,0.02175088610539635,2488.8825091362896
9062303,absorption_proxy,NGC3917,4,24,17,0.039131887293311095,2041.2037769693625
9062303,absorption_proxy,NGC3949,0,24,7,0.003478943996568569,410.072956809559
9062303,absorption_proxy,NGC3972,0,24,10,0.033253812879297316,1521.8189470676216
9062303,absorption_proxy,NGC3992,2,24,9,0.041559451082450544,8551.255973502086
9062303,absorption_proxy,NGC4051,3,24,7,0.0020569264336057747,202.49393657854287
9062303,absorption_proxy,NGC4068,3,24,6,0.015768671531443734,73.42258801748669
9062303,absorption_proxy,NGC4088,3,24,12,0.004257682186084571,505.66718674840564
9062303,absorption_proxy,NGC4100,0,24,24,0.031180938789959034,3261.7837323171134
9062303,absorption_proxy,NGC5005,2,24,18,0.002087280295070838,684.0168478657974
9062303,absorption_proxy,NGC5033,2,24,22,0.04120118874938499,5580.003720638021
9062303,absorption_proxy,NGC5371,1,24,19,0.005086728644159599,970.634018811744
9062303,absorption_proxy,NGC5585,2,24,24,0.04213119478660471,884.4426027913302
9062303,absorption_proxy,NGC5985,2,24,33,0.0598464128725188,15055.117098667655
9062303,absorption_proxy,NGC6015,0,24,44,0.05285984730284554,3604.2391108726424
9062303,absorption_proxy,NGC6195,2,24,23,0.0023121012423973756,603.1707488796226
9062303,absorption_proxy,NGC6503,3,24,31,0.07957871574789886,2804.6849234434653
9062303,absorption_proxy,NGC6674,1,24,15,0.06782597264117816,11796.767691290866
9062303,absorption_proxy,NGC6946,3,24,58,0.011001975898063676,1178.5908045327553
9062303,absorption_proxy,NGC7331,0,24,36,0.012171409579974481,2790.6384621696034
9062303,absorption_proxy,UGC00128,2,24,22,0.15325838935209635,5243.416461948255
9062303,absorption_proxy,UGC00191,1,24,9,0.07690156435167689,904.6364247933562
9062303,absorption_proxy,UGC00731,1,24,12,0.2196361033870712,1424.9129107447827
9062303,absorption_proxy,UGC00891,4,24,5,0.09652987058674459,771.9307267850236
9062303,absorption_proxy,UGC02259,4,24,8,0.14267699136685716,2124.9556600908686
9062303,absorption_proxy,UGC02487,4,24,17,0.06688811926969228,22960.80581541158
9062303,absorption_proxy,UGC02916,3,24,43,0.007275441306122316,1351.777704986575
9062303,absorption_proxy,UGC02953,1,24,115,0.02717887146589558,5674.861858367654
9062303,absorption_proxy,UGC03205,3,24,48,0.021659563858938715,3612.250958282688
9062303,absorption_proxy,UGC03580,2,24,47,0.032847230892724066,1320.94167080703
9062303,absorption_proxy,UGC04325,1,24,8,0.11846672931952734,1913.7118257915977
9062303,absorption_proxy,UGC04483,3,24,8,0.04787204919006401,65.5739647822892
9062303,absorption_proxy,UGC04499,2,24,9,0.05356480696038465,734.7951718104209
9062303,absorption_proxy,UGC05414,4,24,6,0.036311797707966664,320.41765747186315
9062303,absorption_proxy,UGC05716,4,24,12,0.13883549232337958,1426.5891326707958
9062303,absorption_proxy,UGC05750,3,24,11,0.06153051743911067,675.8974752108747
9062303,absorption_proxy,UGC05764,1,24,10,0.2098084714371319,857.0344443047263
9062303,absorption_proxy,UGC05829,0,24,11,0.11848023291223862,572.6930854001652
9062303,absorption_proxy,UGC06399,3,24,9,0.08645674107328868,1329.833824295244
9062303,absorption_proxy,UGC06614,3,24,13,0.028234723980266704,3503.8354206975955
9062303,absorption_proxy,UGC06786,1,24,45,0.037120397377854004,5212.370338738796
9062303,absorption_proxy,UGC06787,0,24,71,0.03086510124561234,5397.540274869854
9062303,absorption_proxy,UGC06818,2,24,8,0.04963699032420283,641.8923478330659
9062303,absorption_proxy,UGC06917,0,24,11,0.06252200190106337,1832.9832885344397
9062303,absorption_proxy,UGC06923,0,24,6,0.025852951060186476,538.921718663357
9062303,absorption_proxy,UGC06983,4,24,17,0.09111905062025392,2683.3940484418777
9062303,absorption_proxy,UGC07089,4,24,12,0.03374831326435799,529.2943686923153
9062303,absorption_proxy,UGC07261,1,24,7,0.07024911895805061,933.5690126003462
9062303,absorption_proxy,UGC07323,0,24,10,0.02442051097187866,418.38056548504983
9062303,absorption_proxy,UGC07399,2,24,10,0.18004158989364633,3262.8318327615552
9062303,absorption_proxy,UGC07524,1,24,31,0.08971023594918957,1064.6671336455663
9062303,absorption_proxy,UGC07577,0,24,9,0.013084560770369241,4.1417036096818665
9062303,absorption_proxy,UGC07603,4,24,12,0.10724116073814338,909.3970816823794
9062303,absorption_proxy,UGC07866,1,24,7,0.04891045610793421,105.54028811763321
9062303,absorption_proxy,UGC08490,2,24,30,0.13485114117215527,1882.3409588540148
9062303,absorption_proxy,UGC08699,3,24,41,0.021788557924524315,2506.819402462996
9062303,absorption_proxy,UGC08837,1,24,8,0.02098788531914967,126.00189138348492
9062303,absorption_proxy,UGC09037,0,24,22,0.01445806243189515,1153.6791858577383
9062303,absorption_proxy,UGC09133,2,24,68,0.030113437570009637,5217.976477268919
9062303,absorption_proxy,UGC09992,1,24,5,0.028346181303035393,100.72049169652684
9062303,absorption_proxy,UGC10310,3,24,7,0.07399473218007291,859.1144201662629
9062303,absorption_proxy,UGC11820,1,24,10,0.10400500608744392,900.495958902814
9062303,absorption_proxy,UGC11914,2,24,65,0.003052045287560248,1122.8111992845472
9062303,absorption_proxy,UGCA442,0,24,8,0.131622664816666,744.6114755977763
9062303,absorption_proxy,UGCA444,0,24,36,0.12742208983322595,207.0137744648122
9062303,surface_relay,CamB,3,90,9,0.10659140354205025,105.10571432518714
9062303,surface_relay,D564-8,1,90,6,0.007322244558422899,14.28945454317673
9062303,surface_relay,D631-7,3,90,16,0.02283931030036851,165.4311574902668
9062303,surface_relay,DDO064,0,90,14,0.04120002517290652,20.81887734687611
9062303,surface_relay,DDO161,3,90,31,0.007969789727840284,98.80686376494448
9062303,surface_relay,DDO168,1,90,10,0.005940024453160472,31.415327572200077
9062303,surface_relay,DDO170,4,90,8,0.0006101872706947659,9.847929670723373
9062303,surface_relay,ESO079-G014,4,90,15,0.009490335423498227,557.0591982323634
9062303,surface_relay,ESO116-G012,4,90,15,0.00554376930865604,122.81873244356326
9062303,surface_relay,F565-V2,4,90,7,0.020896367982021474,345.072491374162
9062303,surface_relay,F568-3,1,90,18,0.012456429302132081,283.99218329255734
9062303,surface_relay,F568-V1,4,90,15,0.0473220074082162,1375.1383646543507
9062303,surface_relay,F571-V1,2,90,7,0.002585920188866006,70.40295508856043
9062303,surface_relay,F583-1,1,90,25,0.03826357943837556,356.0075461059486
9062303,surface_relay,F583-4,4,90,12,0.011223491801202216,28.74762932533325
9062303,surface_relay,KK98-251,0,90,15,0.006208579167245726,21.83187450302029
9062303,surface_relay,NGC0024,3,90,29,0.03466184404171823,834.7243159454235
9062303,surface_relay,NGC0055,2,90,21,0.0024638670421254032,66.02776121415184
9062303,surface_relay,NGC0247,0,90,26,0.008843928593915123,128.40513873867596
9062303,surface_relay,NGC0289,3,90,28,0.003098024521677898,554.1949929734199
9062303,surface_relay,NGC0300,3,90,25,0.006790181634410629,196.98065784048936
9062303,surface_relay,NGC0801,4,90,13,0.007486563331721917,2309.6590666054876
9062303,surface_relay,NGC1003,1,90,36,0.008948066125294467,417.4568094850861
9062303,surface_relay,NGC1090,2,90,24,0.009210485403071844,1050.3384702723217
9062303,surface_relay,NGC2403,3,90,73,0.0028392390562479463,129.8707854512795
9062303,surface_relay,NGC2683,2,90,11,0.006511104976893564,1342.6767410387224
9062303,surface_relay,NGC2841,2,90,50,0.004628517580116072,1926.970056666453
9062303,surface_relay,NGC2915,4,90,30,0.05058736118692657,938.7397189642068
9062303,surface_relay,NGC2955,2,90,24,0.005207240053887521,2219.815756982019
9062303,surface_relay,NGC2976,0,90,27,0.0032714067477900175,18.908085582640812
9062303,surface_relay,NGC2998,4,90,13,0.02397693681597823,1610.32742136012
9062303,surface_relay,NGC3109,0,90,25,0.020980681805393763,223.85391521286928
9062303,surface_relay,NGC3198,4,90,43,0.005150145349174266,153.44570990947415
9062303,surface_relay,NGC3521,1,90,41,0.0013999842412914555,375.4146009003206
9062303,surface_relay,NGC3741,0,90,21,0.030988349008472804,201.8203698142012
9062303,surface_relay,NGC3769,4,90,12,0.005902946067043997,483.83669481731846
9062303,surface_relay,NGC3877,1,90,13,0.013526436036658115,774.0085697891257
9062303,surface_relay,NGC3893,0,90,10,0.0033074965528995712,648.4908405776341
9062303,surface_relay,NGC3917,4,90,17,0.006320838561298098,265.16777243574745
9062303,surface_relay,NGC3949,0,90,7,0.0028576067570884474,460.7244335218906
9062303,surface_relay,NGC3972,0,90,10,0.005848771936739959,214.18524023970764
9062303,surface_relay,NGC3992,2,90,9,0.004218773120577114,1335.1951938861405
9062303,surface_relay,NGC4051,3,90,7,0.0041573241895000775,607.5355915202092
9062303,surface_relay,NGC4068,3,90,6,0.016095210567182754,47.59261688539084
9062303,surface_relay,NGC4088,3,90,12,0.027085216796323683,6572.576476097671
9062303,surface_relay,NGC4100,0,90,24,0.004981744129730154,804.7629572000448
9062303,surface_relay,NGC5005,2,90,18,0.002064452103161823,756.9514564973958
9062303,surface_relay,NGC5033,2,90,22,0.0027497100348888933,781.1087152976778
9062303,surface_relay,NGC5371,1,90,19,0.017989917730128778,6910.333113173923
9062303,surface_relay,NGC5585,2,90,24,0.0014694801037939606,16.148699293870617
9062303,surface_relay,NGC5985,2,90,33,0.02302332423592385,6222.545913177725
9062303,surface_relay,NGC6015,0,90,44,0.005831740246867378,432.4068015467115
9062303,surface_relay,NGC6195,2,90,23,0.007209897460053511,2917.6381054677254
9062303,surface_relay,NGC6503,3,90,31,0.0036107056513429436,223.33166222534265
9062303,surface_relay,NGC6674,1,90,15,0.0034608987296710927,1094.0308546208757
9062303,surface_relay,NGC6946,3,90,58,0.009765219273058377,1850.0096407858964
9062303,surface_relay,NGC7331,0,90,36,0.011835371771190272,4746.987351229219
9062303,surface_relay,UGC00128,2,90,22,0.015812424009614447,850.7968361623363
9062303,surface_relay,UGC00191,1,90,9,0.016352171836871418,170.9836585887316
9062303,surface_relay,UGC00731,1,90,12,0.049253110004032895,304.3836439123196
9062303,surface_relay,UGC00891,4,90,5,0.00459228022658696,62.31138196660315
9062303,surface_relay,UGC02259,4,90,8,0.029854200140422973,459.63435688548316
9062303,surface_relay,UGC02487,4,90,17,0.0036390533496743795,2141.2897000208436
9062303,surface_relay,UGC02916,3,90,43,0.012224815558357,3595.607046837708
9062303,surface_relay,UGC02953,1,90,115,0.0041873211066963895,1018.7909450628508
9062303,surface_relay,UGC03205,3,90,48,0.003962471194921936,939.8104385047048
9062303,surface_relay,UGC03580,2,90,47,0.01864151224007223,891.1596478970914
9062303,surface_relay,UGC04325,1,90,8,0.038199923750726165,556.7580741042301
9062303,surface_relay,UGC04483,3,90,8,0.0029077257633721883,6.309000820039302
9062303,surface_relay,UGC04499,2,90,9,0.0011191940383440636,18.72054769361674
9062303,surface_relay,UGC05414,4,90,6,0.00036289162697621834,2.927543886102883
9062303,surface_relay,UGC05716,4,90,12,0.010340891599678085,144.55068939995542
9062303,surface_relay,UGC05750,3,90,11,0.0061806534260860505,24.92566845370433
9062303,surface_relay,UGC05764,1,90,10,0.0435900699622357,189.01942381384276
9062303,surface_relay,UGC05829,0,90,11,0.01789929804388426,63.32263759864383
9062303,surface_relay,UGC06399,3,90,9,0.007344138158020176,128.7563578428045
9062303,surface_relay,UGC06614,3,90,13,0.009562286570659892,2232.1913656298743
9062303,surface_relay,UGC06786,1,90,45,0.00292144064473121,566.097631786901
9062303,surface_relay,UGC06787,0,90,71,0.0029383628544708703,978.750443726026
9062303,surface_relay,UGC06818,2,90,8,0.007934650192241256,72.38681404172348
9062303,surface_relay,UGC06917,0,90,11,0.003904323556668706,135.11707262384778
9062303,surface_relay,UGC06923,0,90,6,0.001696250378163933,40.312557321711886
9062303,surface_relay,UGC06983,4,90,17,0.004472287597760427,177.91650873848988
9062303,surface_relay,UGC07089,4,90,12,0.001841347156244431,44.61499510973036
9062303,surface_relay,UGC07261,1,90,7,0.010147113217367871,82.27253877959433
9062303,surface_relay,UGC07323,0,90,10,0.001271687049679626,18.533787727601297
9062303,surface_relay,UGC07399,2,90,10,0.03919652769054889,1048.8789121643904
9062303,surface_relay,UGC07524,1,90,31,0.007654684663059048,95.3556797039131
9062303,surface_relay,UGC07577,0,90,9,0.04157682468730229,55.2770413937005
9062303,surface_relay,UGC07603,4,90,12,0.007013689854082867,103.69132975374198
9062303,surface_relay,UGC07866,1,90,7,0.002566563443185403,10.527691310560586
9062303,surface_relay,UGC08490,2,90,30,0.01234185857437277,259.58164682505
9062303,surface_relay,UGC08699,3,90,41,0.0021641510975851067,452.49819060873085
9062303,surface_relay,UGC08837,1,90,8,0.011622794083742425,57.675779488188894
9062303,surface_relay,UGC09037,0,90,22,0.016127658115086266,2013.59139010091
9062303,surface_relay,UGC09133,2,90,68,0.002512984500943513,945.6704745215487
9062303,surface_relay,UGC09992,1,90,5,0.012344072360140856,96.07031615782847
9062303,surface_relay,UGC10310,3,90,7,0.008713743241337177,97.88879860182354
9062303,surface_relay,UGC11820,1,90,10,0.0222540887421866,79.37209059109864
9062303,surface_relay,UGC11914,2,90,65,0.0008396052315358747,315.2646394794146
9062303,surface_relay,UGCA442,0,90,8,0.010341454519074918,97.71924304467102
9062303,surface_relay,UGCA444,0,90,36,0.013960366980438491,12.009680591666024
9062303,clock_potential,CamB,3,165,9,0.2686170938309593,249.29528403806242
9062303,clock_potential,D564-8,1,165,6,0.04313732914031651,61.81796735641498
9062303,clock_potential,D631-7,3,165,16,0.04289559542863327,211.21572640387052
9062303,clock_potential,DDO064,0,165,14,0.03508063009969965,78.30375862696023
9062303,clock_potential,DDO161,3,165,31,0.033021683751514604,230.16980426541508
9062303,clock_potential,DDO168,1,165,10,0.023960878567305353,117.26482902866209
9062303,clock_potential,DDO170,4,165,8,0.011803456578193145,109.90971828316933
9062303,clock_potential,ESO079-G014,4,165,15,0.008191243465139851,402.68107041371053
9062303,clock_potential,ESO116-G012,4,165,15,0.013022077115975658,480.23936320427674
9062303,clock_potential,F565-V2,4,165,7,0.024981323260297273,302.61908743119284
9062303,clock_potential,F568-3,1,165,18,0.03598142668272295,312.10082223417965
9062303,clock_potential,F568-V1,4,165,15,0.019094941234109424,632.1266494052014
9062303,clock_potential,F571-V1,2,165,7,0.013060595926194546,194.66101073394427
9062303,clock_potential,F583-1,1,165,25,0.050362632485066366,257.46030926996514
9062303,clock_potential,F583-4,4,165,12,0.019775210736194024,94.27675899437169
9062303,clock_potential,KK98-251,0,165,15,0.09754729212187382,159.75362587452491
9062303,clock_potential,NGC0024,3,165,29,0.01686720196111541,557.4647079672812
9062303,clock_potential,NGC0055,2,165,21,0.010528555695171967,163.30451978698048
9062303,clock_potential,NGC0247,0,165,26,0.0038659865755674696,99.33892564432426
9062303,clock_potential,NGC0289,3,165,28,0.0020038326747622353,297.5715067238998
9062303,clock_potential,NGC0300,3,165,25,0.009157201140984506,272.14074706253336
9062303,clock_potential,NGC0801,4,165,13,0.0017951534229302636,258.8245733469561
9062303,clock_potential,NGC1003,1,165,36,0.013562818936820764,586.8913822430272
9062303,clock_potential,NGC1090,2,165,24,0.009773741380977948,305.9933968873565
9062303,clock_potential,NGC2403,3,165,73,0.012725930097686435,787.0381797802349
9062303,clock_potential,NGC2683,2,165,11,0.007377434884030304,886.244136768346
9062303,clock_potential,NGC2841,2,165,50,0.027490697582249108,8044.973868663069
9062303,clock_potential,NGC2915,4,165,30,0.0665791005616392,1165.5555352130402
9062303,clock_potential,NGC2955,2,165,24,0.002156593680854348,831.8009095434603
9062303,clock_potential,NGC2976,0,165,27,0.028061037708014297,90.08508826943968
9062303,clock_potential,NGC2998,4,165,13,0.009843356841675996,690.5968764770137
9062303,clock_potential,NGC3109,0,165,25,0.044174090188683915,185.98246864695702
9062303,clock_potential,NGC3198,4,165,43,0.011086162226170993,487.2186334664049
9062303,clock_potential,NGC3521,1,165,41,0.0016159209654033424,298.1785803725273
9062303,clock_potential,NGC3741,0,165,21,0.033175978224749804,209.0754965928831
9062303,clock_potential,NGC3769,4,165,12,0.003985998136247473,251.86038926637357
9062303,clock_potential,NGC3877,1,165,13,0.013613987320280777,367.0189226845462
9062303,clock_potential,NGC3893,0,165,10,0.006017183992672894,829.8777858062289
9062303,clock_potential,NGC3917,4,165,17,0.012055124889422956,332.4430443329388
9062303,clock_potential,NGC3949,0,165,7,0.0016603746643801323,207.18035272019515
9062303,clock_potential,NGC3972,0,165,10,0.0060883571593747165,251.88249361639947
9062303,clock_potential,NGC3992,2,165,9,0.010870554760633207,2836.7122979636697
9062303,clock_potential,NGC4051,3,165,7,0.0034818947184974457,412.0900292346543
9062303,clock_potential,NGC4068,3,165,6,0.12207516606621187,198.99279479505864
9062303,clock_potential,NGC4088,3,165,12,0.005302445970753747,688.9997982127524
9062303,clock_potential,NGC4100,0,165,24,0.008634122267441478,1120.7770486337542
9062303,clock_potential,NGC5005,2,165,18,0.0020207530348497643,708.8448635121598
9062303,clock_potential,NGC5033,2,165,22,0.007211853004955895,1480.569954545348
9062303,clock_potential,NGC5371,1,165,19,0.0011525925161567044,344.44980486190343
9062303,clock_potential,NGC5585,2,165,24,0.016577590290442156,225.8378164820431
9062303,clock_potential,NGC5985,2,165,33,0.021399488012521516,6606.339243381415
9062303,clock_potential,NGC6015,0,165,44,0.011513024143447775,1058.997102858358
9062303,clock_potential,NGC6195,2,165,23,0.004137730772785519,1434.8006883888652
9062303,clock_potential,NGC6503,3,165,31,0.008327170614105971,463.57812898950226
9062303,clock_potential,NGC6674,1,165,15,0.014288662897059875,3548.01047527229
9062303,clock_potential,NGC6946,3,165,58,0.002452126605947684,320.15669579655815
9062303,clock_potential,NGC7331,0,165,36,0.004128266135023483,1386.5584087977056
9062303,clock_potential,UGC00128,2,165,22,0.009358755476035055,486.09913182885333
9062303,clock_potential,UGC00191,1,165,9,0.0068806633145556025,84.23031073131745
9062303,clock_potential,UGC00731,1,165,12,0.003985793627955821,41.09382963834195
9062303,clock_potential,UGC00891,4,165,5,0.020074933617326856,165.15407687084198
9062303,clock_potential,UGC02259,4,165,8,0.011858194841374587,338.18193802829774
9062303,clock_potential,UGC02487,4,165,17,0.023693460926460873,10585.24002910703
9062303,clock_potential,UGC02916,3,165,43,0.004130475673836362,1052.4910354753622
9062303,clock_potential,UGC02953,1,165,115,0.013074328252512297,3153.6986983337106
9062303,clock_potential,UGC03205,3,165,48,0.007054537517291931,1378.1721581228219
9062303,clock_potential,UGC03580,2,165,47,0.020636237810922838,980.4243524495021
9062303,clock_potential,UGC04325,1,165,8,0.009017806578101785,285.59755546547115
9062303,clock_potential,UGC04483,3,165,8,0.03624871411942341,26.985457810395406
9062303,clock_potential,UGC04499,2,165,9,0.01071762311742631,95.63773204448555
9062303,clock_potential,UGC05414,4,165,6,0.022907856309948123,161.0916829892485
9062303,clock_potential,UGC05716,4,165,12,0.006508126627041157,138.85150373215322
9062303,clock_potential,UGC05750,3,165,11,0.13402558733377895,502.58778518909025
9062303,clock_potential,UGC05764,1,165,10,0.009454621291424227,100.12441901571825
9062303,clock_potential,UGC05829,0,165,11,0.028906248864482554,188.78627503409945
9062303,clock_potential,UGC06399,3,165,9,0.011814588909534933,154.9768690671933
9062303,clock_potential,UGC06614,3,165,13,0.006204938044542077,1148.7900458047948
9062303,clock_potential,UGC06786,1,165,45,0.012217874856285192,2173.343746558512
9062303,clock_potential,UGC06787,0,165,71,0.009747578884810837,2350.940394963343
9062303,clock_potential,UGC06818,2,165,8,0.033596109178643904,317.0418928965074
9062303,clock_potential,UGC06917,0,165,11,0.002671819410138367,113.55333959502894
9062303,clock_potential,UGC06923,0,165,6,0.006750636927674449,105.22686541456703
9062303,clock_potential,UGC06983,4,165,17,0.0042023310538679874,197.29028436212343
9062303,clock_potential,UGC07089,4,165,12,0.02253615359862544,267.6092894790307
9062303,clock_potential,UGC07261,1,165,7,0.0010662607040961088,28.0302072946792
9062303,clock_potential,UGC07323,0,165,10,0.016514506308359808,191.13224533513915
9062303,clock_potential,UGC07399,2,165,10,0.027208504338609562,892.149364348849
9062303,clock_potential,UGC07524,1,165,31,0.013584074248565845,122.81497210211323
9062303,clock_potential,UGC07577,0,165,9,0.20077424599859106,231.0063022068933
9062303,clock_potential,UGC07603,4,165,12,0.017414934633475168,209.80314882951964
9062303,clock_potential,UGC07866,1,165,7,0.034313926359224714,109.60597525774874
9062303,clock_potential,UGC08490,2,165,30,0.025399717898457963,562.2862176121015
9062303,clock_potential,UGC08699,3,165,41,0.005574301886525207,869.6372262308246
9062303,clock_potential,UGC08837,1,165,8,0.10572110510961753,362.9540931078003
9062303,clock_potential,UGC09037,0,165,22,0.009904065315399583,680.8068760875225
9062303,clock_potential,UGC09133,2,165,68,0.004846718795477787,1307.3631437377526
9062303,clock_potential,UGC09992,1,165,5,0.026042858955887573,209.61626841360626
9062303,clock_potential,UGC10310,3,165,7,0.004659477248002996,44.748027683811095
9062303,clock_potential,UGC11820,1,165,10,0.021140281783249386,124.45437714390793
9062303,clock_potential,UGC11914,2,165,65,0.0015679790821049545,585.1670801961299
9062303,clock_potential,UGCA442,0,165,8,0.02235413524651426,134.42517093287512
9062303,clock_potential,UGCA444,0,165,36,0.020334233837814842,37.57199224078833
9062303,kernel_point,CamB,3,226,9,0.09176919960202735,41.11441025111774
9062303,kernel_point,D564-8,1,226,6,0.01597623915292255,30.4226180897351
9062303,kernel_point,D631-7,3,226,16,0.02711842920029563,121.88299189410472
9062303,kernel_point,DDO064,0,226,14,0.008842167692390284,31.98718170748441
9062303,kernel_point,DDO161,3,226,31,0.02954321174574044,248.43670561278586
9062303,kernel_point,DDO168,1,226,10,0.008599945165849703,66.01674817253526
9062303,kernel_point,DDO170,4,226,8,0.008113354859695148,112.53833895465823
9062303,kernel_point,ESO079-G014,4,226,15,0.005468649685427614,512.3796455995911
9062303,kernel_point,ESO116-G012,4,226,15,0.006225164267987873,267.14361328117263
9062303,kernel_point,F565-V2,4,226,7,0.04686024452147332,747.3843899518205
9062303,kernel_point,F568-3,1,226,18,0.024904000918904427,679.9155217152961
9062303,kernel_point,F568-V1,4,226,15,0.041215851053705,1458.9348431207882
9062303,kernel_point,F571-V1,2,226,7,0.015765452141791324,377.01472430360855
9062303,kernel_point,F583-1,1,226,25,0.0183505526197213,175.50538654297685
9062303,kernel_point,F583-4,4,226,12,0.007308739000219857,113.14150799655273
9062303,kernel_point,KK98-251,0,226,15,0.010252118766444994,29.573382465241966
9062303,kernel_point,NGC0024,3,226,29,0.017018075137585912,552.8852345066009
9062303,kernel_point,NGC0055,2,226,21,0.020061480526816784,494.2589741177952
9062303,kernel_point,NGC0247,0,226,26,0.01662406957449402,520.5497400771625
9062303,kernel_point,NGC0289,3,226,28,0.0008368520459343056,123.49253937285695
9062303,kernel_point,NGC0300,3,226,25,0.011011879179485191,350.5319481221544
9062303,kernel_point,NGC0801,4,226,13,0.004216488396187827,1118.121417319354
9062303,kernel_point,NGC1003,1,226,36,0.017295151525345845,1014.8904977654134
9062303,kernel_point,NGC1090,2,226,24,0.015836456275061195,1173.320715990134
9062303,kernel_point,NGC2403,3,226,73,0.00481961179873442,261.98051263350237
9062303,kernel_point,NGC2683,2,226,11,0.01668781051016684,3444.821709068256
9062303,kernel_point,NGC2841,2,226,50,0.00028749306689774016,134.40278419545584
9062303,kernel_point,NGC2915,4,226,30,0.020328301995915902,259.7345372627183
9062303,kernel_point,NGC2955,2,226,24,0.0020865049135877995,632.3983227799548
9062303,kernel_point,NGC2976,0,226,27,0.021436356222008013,62.19848864603705
9062303,kernel_point,NGC2998,4,226,13,0.010061157371825492,625.446308132451
9062303,kernel_point,NGC3109,0,226,25,0.03408889679527685,356.02847774297464
9062303,kernel_point,NGC3198,4,226,43,0.012250129231947487,573.5913633445484
9062303,kernel_point,NGC3521,1,226,41,0.004484550934172785,1277.1503303854968
9062303,kernel_point,NGC3741,0,226,21,0.055570642460534954,386.7809453726487
9062303,kernel_point,NGC3769,4,226,12,0.0009634768329982985,56.80040687025913
9062303,kernel_point,NGC3877,1,226,13,0.0291477751489669,2380.4221131988456
9062303,kernel_point,NGC3893,0,226,10,0.006147046925155643,1203.0661663366482
9062303,kernel_point,NGC3917,4,226,17,0.008182398880269136,106.31896559572743
9062303,kernel_point,NGC3949,0,226,7,0.0005010599988027381,64.89282980614966
9062303,kernel_point,NGC3972,0,226,10,0.003317899242772622,117.10108249290661
9062303,kernel_point,NGC3992,2,226,9,0.002704827978293436,1009.9695064793312
9062303,kernel_point,NGC4051,3,226,7,0.0047320046247142505,647.1840931785861
9062303,kernel_point,NGC4068,3,226,6,0.07065869359271067,83.53405760843323
9062303,kernel_point,NGC4088,3,226,12,0.046112599620902424,10272.285829144615
9062303,kernel_point,NGC4100,0,226,24,0.007681492220474158,1447.0528516034371
9062303,kernel_point,NGC5005,2,226,18,0.0011979633304089272,391.3007721881268
9062303,kernel_point,NGC5033,2,226,22,0.0008112092386595532,214.68697468713498
9062303,kernel_point,NGC5371,1,226,19,0.00883327741268389,2921.1725678632733
9062303,kernel_point,NGC5585,2,226,24,0.008597392211033086,96.56884170473626
9062303,kernel_point,NGC5985,2,226,33,0.014690305753355903,4580.030884382915
9062303,kernel_point,NGC6015,0,226,44,0.0026278657917550327,253.94864847114815
9062303,kernel_point,NGC6195,2,226,23,0.0005540645430082736,150.64318371715592
9062303,kernel_point,NGC6503,3,226,31,0.0008140070186828008,47.64031720829528
9062303,kernel_point,NGC6674,1,226,15,0.0015042678805971062,527.0890039891824
9062303,kernel_point,NGC6946,3,226,58,0.015376996834399973,2926.4901894787326
9062303,kernel_point,NGC7331,0,226,36,0.00948251229882208,3695.8293400827615
9062303,kernel_point,UGC00128,2,226,22,0.0231586219307058,1294.894745310418
9062303,kernel_point,UGC00191,1,226,9,0.0028597300282489036,55.34442368921696
9062303,kernel_point,UGC00731,1,226,12,0.012560620754696689,190.38592055126557
9062303,kernel_point,UGC00891,4,226,5,0.016281783896356438,207.55789665477658
9062303,kernel_point,UGC02259,4,226,8,0.041567613909648166,864.0980448195553
9062303,kernel_point,UGC02487,4,226,17,0.0018968148013225295,1216.3441348099843
9062303,kernel_point,UGC02916,3,226,43,0.003744576800064346,784.6924332472877
9062303,kernel_point,UGC02953,1,226,115,0.007031590434192344,2421.490421784539
9062303,kernel_point,UGC03205,3,226,48,0.003210720757259399,882.8113110805249
9062303,kernel_point,UGC03580,2,226,47,0.015356823792302545,683.7128606368814
9062303,kernel_point,UGC04325,1,226,8,0.04426791752656174,966.0297200452234
9062303,kernel_point,UGC04483,3,226,8,0.03347407393148627,35.522654397578165
9062303,kernel_point,UGC04499,2,226,9,0.003641417836763216,50.52282817839804
9062303,kernel_point,UGC05414,4,226,6,0.003267150300335277,28.0189250675255
9062303,kernel_point,UGC05716,4,226,12,0.0009139835704629421,22.338231703755962
9062303,kernel_point,UGC05750,3,226,11,0.038294735011650524,172.88923142331276
9062303,kernel_point,UGC05764,1,226,10,0.08700420914710667,515.4156150941268
9062303,kernel_point,UGC05829,0,226,11,0.00468864725008205,57.43114342775623
9062303,kernel_point,UGC06399,3,226,9,0.020290060202546978,466.0391314496012
9062303,kernel_point,UGC06614,3,226,13,0.009616689600935159,2093.5145644752733
9062303,kernel_point,UGC06786,1,226,45,0.0028036929518674247,525.9530180029233
9062303,kernel_point,UGC06787,0,226,71,0.0056515904630759515,1425.0142808787969
9062303,kernel_point,UGC06818,2,226,8,0.021192916173085337,183.56595034583947
9062303,kernel_point,UGC06917,0,226,11,0.009112157246852477,381.8292356904478
9062303,kernel_point,UGC06923,0,226,6,0.002942982470446462,47.54249841689623
9062303,kernel_point,UGC06983,4,226,17,0.017655183737087965,728.7133233551291
9062303,kernel_point,UGC07089,4,226,12,0.003796401557630619,37.50686078226326
9062303,kernel_point,UGC07261,1,226,7,0.0007102646111540028,19.845362299377285
9062303,kernel_point,UGC07323,0,226,10,0.0028764023998866335,75.29271679721259
9062303,kernel_point,UGC07399,2,226,10,0.0690130619329544,1719.8421966120284
9062303,kernel_point,UGC07524,1,226,31,0.017950192894829842,324.92669670080096
9062303,kernel_point,UGC07577,0,226,9,0.012330000081012609,5.803540539049391
9062303,kernel_point,UGC07603,4,226,12,0.006405599450031306,60.51589009242392
9062303,kernel_point,UGC07866,1,226,7,0.003457135758712432,5.925221536774144
9062303,kernel_point,UGC08490,2,226,30,0.00021260105416923434,5.260621836206908
9062303,kernel_point,UGC08699,3,226,41,0.0006990424105980173,134.30101352053853
9062303,kernel_point,UGC08837,1,226,8,0.01540166702127822,37.87456783437057
9062303,kernel_point,UGC09037,0,226,22,0.02510787803079093,2949.7324061225668
9062303,kernel_point,UGC09133,2,226,68,0.0029574940642404226,973.6839676364068
9062303,kernel_point,UGC09992,1,226,5,0.003601712411649387,25.21678836461882
9062303,kernel_point,UGC10310,3,226,7,0.0029563860620720633,59.13835204291105
9062303,kernel_point,UGC11820,1,226,10,0.0038768035474850333,58.448617915463316
9062303,kernel_point,UGC11914,2,226,65,0.0014308287493135217,668.1997302281691
9062303,kernel_point,UGCA442,0,226,8,0.026817289521485037,270.587241206068
9062303,kernel_point,UGCA444,0,226,36,0.03136550561553494,96.6049806850703
9062303,finite_p2,CamB,3,286,9,0.11624948632394677,55.676479784734184
9062303,finite_p2,D564-8,1,286,6,0.014668079751136346,24.55807568496174
9062303,finite_p2,D631-7,3,286,16,0.04074916147626659,191.66973969283913
9062303,finite_p2,DDO064,0,286,14,0.021570521700276676,45.95715453313597
9062303,finite_p2,DDO161,3,286,31,0.050705017749711555,482.0727629093478
9062303,finite_p2,DDO168,1,286,10,0.013499637852299873,65.82977036713605
9062303,finite_p2,DDO170,4,347,8,0.021201098233586686,252.8793393404859
9062303,finite_p2,ESO079-G014,4,347,15,0.008137680136017764,768.8270547407167
9062303,finite_p2,ESO116-G012,4,347,15,0.012370151716798143,540.9811561892035
9062303,finite_p2,F565-V2,4,347,7,0.07347388325401757,1003.4551855944354
9062303,finite_p2,F568-3,1,286,18,0.019922594942716414,486.0807786827705
9062303,finite_p2,F568-V1,4,347,15,0.06688805785839275,2094.0832018870724
9062303,finite_p2,F571-V1,2,286,7,0.012564878825516799,294.9501339188886
9062303,finite_p2,F583-1,1,286,25,0.027146786211130168,131.3399985283234
9062303,finite_p2,F583-4,4,347,12,0.01616909210240306,219.90632413418223
9062303,finite_p2,KK98-251,0,286,15,0.013746053370049933,20.27910769487772
9062303,finite_p2,NGC0024,3,286,29,0.013062386431442991,430.2107804999145
9062303,finite_p2,NGC0055,2,286,21,0.016279566792867618,418.32608463597035
9062303,finite_p2,NGC0247,0,286,26,0.010438727644287663,382.52094556070966
9062303,finite_p2,NGC0289,3,286,28,0.0010655930385194906,159.00008849204235
9062303,finite_p2,NGC0300,3,286,25,0.00972980381629894,310.10844762754925
9062303,finite_p2,NGC0801,4,347,13,0.00211270136746741,404.06290367202564
9062303,finite_p2,NGC1003,1,286,36,0.02026922085644009,1139.5526885790405
9062303,finite_p2,NGC1090,2,286,24,0.01883595315636618,1133.2684838442847
9062303,finite_p2,NGC2403,3,286,73,0.010947356895559587,592.6220083803713
9062303,finite_p2,NGC2683,2,286,11,0.007298025472772177,1467.4058295086472
9062303,finite_p2,NGC2841,2,286,50,0.001835846791253166,666.3104874330079
9062303,finite_p2,NGC2915,4,347,30,0.035610297236116674,642.8739683281275
9062303,finite_p2,NGC2955,2,286,24,0.003990893051267237,1135.8474291670448
9062303,finite_p2,NGC2976,0,286,27,0.03430824145060676,134.76170601215415
9062303,finite_p2,NGC2998,4,347,13,0.011825277505660859,548.8172089526456
9062303,finite_p2,NGC3109,0,286,25,0.028113177768256517,253.79218384659305
9062303,finite_p2,NGC3198,4,347,43,0.006849042281582628,132.10455288992898
9062303,finite_p2,NGC3521,1,286,41,0.004522669562530932,1300.5679519809312
9062303,finite_p2,NGC3741,0,286,21,0.06810622617827727,486.2812637491699
9062303,finite_p2,NGC3769,4,347,12,0.003339477158075825,210.39578991728686
9062303,finite_p2,NGC3877,1,286,13,0.03481529154387824,2740.932070859259
9062303,finite_p2,NGC3893,0,286,10,0.005493515661253226,1059.5154881928684
9062303,finite_p2,NGC3917,4,347,17,0.007175651857684001,239.30474252895863
9062303,finite_p2,NGC3949,0,286,7,0.0002968644549427868,39.36161325302453
9062303,finite_p2,NGC3972,0,286,10,0.005166342671298377,140.17351529140032
9062303,finite_p2,NGC3992,2,286,9,0.0011839065733217772,438.237738255089
9062303,finite_p2,NGC4051,3,286,7,0.005941329939957865,802.3266213476542
9062303,finite_p2,NGC4068,3,286,6,0.10725135553127786,169.86957266636466
9062303,finite_p2,NGC4088,3,286,12,0.04650632210836748,9764.962519504084
9062303,finite_p2,NGC4100,0,286,24,0.005148453841796567,884.0828620138103
9062303,finite_p2,NGC5005,2,286,18,0.0023826688119204394,750.9265484498324
9062303,finite_p2,NGC5033,2,286,22,0.0004316041373998246,103.84216583579932
9062303,finite_p2,NGC5371,1,286,19,0.007750090093171671,2508.572355118961
9062303,finite_p2,NGC5585,2,286,24,0.018669225678259422,230.14136629069162
9062303,finite_p2,NGC5985,2,286,33,0.012420014569677595,4040.611998407065
9062303,finite_p2,NGC6015,0,286,44,0.004375075316151096,327.8504659128745
9062303,finite_p2,NGC6195,2,286,23,0.0003332237278158915,92.68995575938179
9062303,finite_p2,NGC6503,3,286,31,0.002173952768056034,130.88476879050097
9062303,finite_p2,NGC6674,1,286,15,0.0006399182821236507,220.46051154215027
9062303,finite_p2,NGC6946,3,286,58,0.013857261956921364,2575.855186670115
9062303,finite_p2,NGC7331,0,286,36,0.00785311925673891,3031.9867540858204
9062303,finite_p2,UGC00128,2,286,22,0.01878920973878427,1120.7823562892308
9062303,finite_p2,UGC00191,1,286,9,0.004878921418750877,50.51477705653268
9062303,finite_p2,UGC00731,1,286,12,0.0023930110694051292,50.93811979515643
9062303,finite_p2,UGC00891,4,347,5,0.03014498402260838,346.3537168511949
9062303,finite_p2,UGC02259,4,347,8,0.060298293383982224,1153.5316333111455
9062303,finite_p2,UGC02487,4,347,17,0.005408550741170132,3066.832282202593
9062303,finite_p2,UGC02916,3,286,43,0.0036921435825076065,690.9973432721387
9062303,finite_p2,UGC02953,1,286,115,0.005659983303245274,1718.7257613723789
9062303,finite_p2,UGC03205,3,286,48,0.0027964643685441676,757.9197143954193
9062303,finite_p2,UGC03580,2,286,47,0.01737086959943772,824.4019115489176
9062303,finite_p2,UGC04325,1,286,8,0.03126957769627034,769.7624031357216
9062303,finite_p2,UGC04483,3,286,8,0.06028714369389086,78.9447344291712
9062303,finite_p2,UGC04499,2,286,9,0.00521056598710132,41.894126167607986
9062303,finite_p2,UGC05414,4,347,6,0.005462106407510826,71.85731717544793
9062303,finite_p2,UGC05716,4,347,12,0.010800958528260329,210.34932212013038
9062303,finite_p2,UGC05750,3,286,11,0.05267102477353318,156.80683224520752
9062303,finite_p2,UGC05764,1,286,10,0.05796497139642147,402.15285597432296
9062303,finite_p2,UGC05829,0,286,11,0.006016058349391026,29.370129923153137
9062303,finite_p2,UGC06399,3,286,9,0.015735090402156766,371.6674160540667
9062303,finite_p2,UGC06614,3,286,13,0.010811340229629233,2385.8076392988582
9062303,finite_p2,UGC06786,1,286,45,0.00406860066206475,719.2200128912341
9062303,finite_p2,UGC06787,0,286,71,0.0066470107195570815,1632.8047743488066
9062303,finite_p2,UGC06818,2,286,8,0.03546613201217018,348.14119932599635
9062303,finite_p2,UGC06917,0,286,11,0.005256362019029147,241.7382507711144
9062303,finite_p2,UGC06923,0,286,6,0.004976365871364514,74.14368174965253
9062303,finite_p2,UGC06983,4,347,17,0.03067879591862258,1172.2343440885393
9062303,finite_p2,UGC07089,4,347,12,0.0038790519416195893,81.47753511763707
9062303,finite_p2,UGC07261,1,286,7,0.0048162556949246345,119.7611674968771
9062303,finite_p2,UGC07323,0,286,10,0.0037041846134094033,63.3415783217459
9062303,finite_p2,UGC07399,2,286,10,0.05132216316829112,1401.7895108931232
9062303,finite_p2,UGC07524,1,286,31,0.008497737745591254,180.40437262568187
9062303,finite_p2,UGC07577,0,286,9,0.029132840027787862,14.4717742383481
9062303,finite_p2,UGC07603,4,347,12,0.01330049209240404,180.89519476494408
9062303,finite_p2,UGC07866,1,286,7,0.013805776905994566,34.27466443175813
9062303,finite_p2,UGC08490,2,286,30,0.002583854411766083,61.07879142580139
9062303,finite_p2,UGC08699,3,286,41,0.0007365403638895684,114.86438968756292
9062303,finite_p2,UGC08837,1,286,8,0.02596784337115838,44.29276649626863
9062303,finite_p2,UGC09037,0,286,22,0.03171418974435795,3852.5477492999676
9062303,finite_p2,UGC09133,2,286,68,0.0019429438089027232,581.0193252947197
9062303,finite_p2,UGC09992,1,286,5,0.009217178367401078,68.10635137029041
9062303,finite_p2,UGC10310,3,286,7,0.0018885205919352064,20.519302346840327
9062303,finite_p2,UGC11820,1,286,10,0.007859844944933412,56.082845464162475
9062303,finite_p2,UGC11914,2,286,65,0.001425372414978074,675.5721277747663
9062303,finite_p2,UGCA442,0,286,8,0.020037180753140996,209.65704681044693
9062303,finite_p2,UGCA444,0,286,36,0.016526535463503137,64.78974891336637
9062303,finite_p3,CamB,3,375,9,0.10036214810890237,57.16714993887503
9062303,finite_p3,D564-8,1,375,6,0.009634118674344596,16.495145054284023
9062303,finite_p3,D631-7,3,375,16,0.03775462159393797,185.5236938692445
9062303,finite_p3,DDO064,0,375,14,0.009638241106246939,30.51598096046965
9062303,finite_p3,DDO161,3,375,31,0.04934587068920187,565.1453578515839
9062303,finite_p3,DDO168,1,375,10,0.008219123215977203,41.745643638301374
9062303,finite_p3,DDO170,4,375,8,0.00322407415426236,42.03793188624361
9062303,finite_p3,ESO079-G014,4,375,15,0.005123035902265206,277.77833461354265
9062303,finite_p3,ESO116-G012,4,375,15,0.003579374616523279,150.82418445541055
9062303,finite_p3,F565-V2,4,375,7,0.026116604940411747,490.98051556317796
9062303,finite_p3,F568-3,1,375,18,0.014611915922462058,444.9786640717466
9062303,finite_p3,F568-V1,4,375,15,0.02318765337250578,882.7991939234241
9062303,finite_p3,F571-V1,2,375,7,0.0077613106878367125,196.76924155752707
9062303,finite_p3,F583-1,1,375,25,0.011688240583528247,49.2994287519064
9062303,finite_p3,F583-4,4,375,12,0.003803433041604078,36.953898803903066
9062303,finite_p3,KK98-251,0,375,15,0.003980964372661389,14.345274376460235
9062303,finite_p3,NGC0024,3,375,29,0.012160177076913805,397.80431755017764
9062303,finite_p3,NGC0055,2,375,21,0.016782831913494122,409.51260954102355
9062303,finite_p3,NGC0247,0,375,26,0.010234403339620442,305.71160427325196
9062303,finite_p3,NGC0289,3,375,28,0.0025896458429875324,394.88972894607224
9062303,finite_p3,NGC0300,3,375,25,0.005464842188586307,191.9439347685092
9062303,finite_p3,NGC0801,4,375,13,0.006843541694968735,1950.8157552500402
9062303,finite_p3,NGC1003,1,375,36,0.02506554761931844,1580.8003290746108
9062303,finite_p3,NGC1090,2,375,24,0.013283845320496415,1640.6350513965638
9062303,finite_p3,NGC2403,3,375,73,0.009444485654155085,707.1677642673351
9062303,finite_p3,NGC2683,2,375,11,0.01126838884216886,2411.3582306689177
9062303,finite_p3,NGC2841,2,375,50,0.0011575144473114929,436.80219099714634
9062303,finite_p3,NGC2915,4,375,30,0.026387333226696372,378.22031021823824
9062303,finite_p3,NGC2955,2,375,24,0.0050147615838840014,1408.849880955695
9062303,finite_p3,NGC2976,0,375,27,0.011206557507719024,55.94748042268234
9062303,finite_p3,NGC2998,4,375,13,0.025535023991032173,1413.006497245911
9062303,finite_p3,NGC3109,0,375,25,0.014968588646618314,190.8280377820026
9062303,finite_p3,NGC3198,4,375,43,0.01350305629487506,1065.4983311119533
9062303,finite_p3,NGC3521,1,375,41,0.00605926101338921,1821.9978295874546
9062303,finite_p3,NGC3741,0,375,21,0.07702778204588732,600.9402311139528
9062303,finite_p3,NGC3769,4,375,12,0.001764584554361455,133.8335204313822
9062303,finite_p3,NGC3877,1,375,13,0.030769772980391366,3265.6021099074283
9062303,finite_p3,NGC3893,0,375,10,0.008315471033525852,1756.0303321035044
9062303,finite_p3,NGC3917,4,375,17,0.006758049951864263,92.74188177213192
9062303,finite_p3,NGC3949,0,375,7,0.00016868749022315156,19.851487850438446
9062303,finite_p3,NGC3972,0,375,10,0.0015830599297743087,42.16018203071815
9062303,finite_p3,NGC3992,2,375,9,0.0034730075177953155,1369.1785305895685
9062303,finite_p3,NGC4051,3,375,7,0.006469079625333852,991.0129941059802
9062303,finite_p3,NGC4068,3,375,6,0.08391832085862251,170.60665174519048
9062303,finite_p3,NGC4088,3,375,12,0.05295708388232756,12350.646591649893
9062303,finite_p3,NGC4100,0,375,24,0.008560775034446404,1635.220611473319
9062303,finite_p3,NGC5005,2,375,18,0.003066647403794188,951.6127893301909
9062303,finite_p3,NGC5033,2,375,22,0.0001889463352103225,43.81522865475236
9062303,finite_p3,NGC5371,1,375,19,0.012038109286343605,4003.2518193987926
9062303,finite_p3,NGC5585,2,375,24,0.011093240374314943,181.4485805026286
9062303,finite_p3,NGC5985,2,375,33,0.011509671234959353,3489.383650658462
9062303,finite_p3,NGC6015,0,375,44,0.003624503790135486,506.73128847745045
9062303,finite_p3,NGC6195,2,375,23,0.0006385222349390315,180.3245434397049
9062303,finite_p3,NGC6503,3,375,31,0.0013466974362999352,67.97488924018475
9062303,finite_p3,NGC6674,1,375,15,0.0017460263660986333,614.375971958712
9062303,finite_p3,NGC6946,3,375,58,0.018350792331071432,3709.1867060228774
9062303,finite_p3,NGC7331,0,375,36,0.010995790282789185,4393.266590245559
9062303,finite_p3,UGC00128,2,375,22,0.014145948374384987,842.4019259943739
9062303,finite_p3,UGC00191,1,375,9,0.0008362677600997593,10.973891424457843
9062303,finite_p3,UGC00731,1,375,12,0.0018836091008458949,22.25782875473629
9062303,finite_p3,UGC00891,4,375,5,0.010170269064769177,120.2181448494213
9062303,finite_p3,UGC02259,4,375,8,0.028726079443083204,622.6017691667702
9062303,finite_p3,UGC02487,4,375,17,0.0017542884018606551,1064.9278778712087
9062303,finite_p3,UGC02916,3,375,43,0.004811044184566349,851.8668975801223
9062303,finite_p3,UGC02953,1,375,115,0.007588796763475655,2264.2600503766516
9062303,finite_p3,UGC03205,3,375,48,0.005013443284760717,1452.7711823885522
9062303,finite_p3,UGC03580,2,375,47,0.015306528030970178,733.6443203577167
9062303,finite_p3,UGC04325,1,375,8,0.034707663966101185,736.8139104055979
9062303,finite_p3,UGC04483,3,375,8,0.05480623891733258,95.55775962581171
9062303,finite_p3,UGC04499,2,375,9,0.002405854039445628,17.060848333615546
9062303,finite_p3,UGC05414,4,375,6,0.0027913674085965155,15.653507522449878
9062303,finite_p3,UGC05716,4,375,12,0.0039913370857254235,75.32606107453984
9062303,finite_p3,UGC05750,3,375,11,0.015441106157659782,92.45897990709074
9062303,finite_p3,UGC05764,1,375,10,0.06516733877801613,389.6436108585104
9062303,finite_p3,UGC05829,0,375,11,0.0009605644142248942,8.983865307047113
9062303,finite_p3,UGC06399,3,375,9,0.011019782767494704,283.3466863840613
9062303,finite_p3,UGC06614,3,375,13,0.014728677482767356,3429.7677216358716
9062303,finite_p3,UGC06786,1,375,45,0.003335671441341647,507.4721981970966
9062303,finite_p3,UGC06787,0,375,71,0.0050575609732409705,1307.0113120143787
9062303,finite_p3,UGC06818,2,375,8,0.034728808877714304,381.76007808867325
9062303,finite_p3,UGC06917,0,375,11,0.0031505079936421554,144.98750247112713
9062303,finite_p3,UGC06923,0,375,6,0.0037201036071311047,60.740861565475655
9062303,finite_p3,UGC06983,4,375,17,0.008064822242459767,353.64311800415004
9062303,finite_p3,UGC07089,4,375,12,0.0052431908225944865,64.23342620577104
9062303,finite_p3,UGC07261,1,375,7,0.007283614618087177,220.92053196597894
9062303,finite_p3,UGC07323,0,375,10,0.001222407776245204,30.050456629425963
9062303,finite_p3,UGC07399,2,375,10,0.048889415417104905,1278.6476034859827
9062303,finite_p3,UGC07524,1,375,31,0.009319440578531572,151.06733157943907
9062303,finite_p3,UGC07577,0,375,9,0.01504230583148698,10.670908118929887
9062303,finite_p3,UGC07603,4,375,12,0.008206017361486564,60.96890783884257
9062303,finite_p3,UGC07866,1,375,7,0.012083616775950651,41.61268382836556
9062303,finite_p3,UGC08490,2,375,30,0.002037964795674408,57.20782364308707
9062303,finite_p3,UGC08699,3,375,41,0.0009009637503065079,142.67292588389185
9062303,finite_p3,UGC08837,1,375,8,0.011985852449476364,22.90257157913117
9062303,finite_p3,UGC09037,0,375,22,0.03623710247519221,5000.692333880925
9062303,finite_p3,UGC09133,2,375,68,0.0032111062431329383,1023.5183004069074
9062303,finite_p3,UGC09992,1,375,5,0.012966147419707646,103.76681258268347
9062303,finite_p3,UGC10310,3,375,7,0.00033534100072082256,3.6875216345117714
9062303,finite_p3,UGC11820,1,375,10,0.005117817505860736,44.06011287954579
9062303,finite_p3,UGC11914,2,375,65,0.0030057938197282845,1400.4004172890502
9062303,finite_p3,UGCA442,0,375,8,0.014087346183974427,162.46964159333953
9062303,finite_p3,UGCA444,0,375,36,0.020105137868988075,57.7184983997972
9062303,finite_mixture,CamB,3,511,9,0.10036214810890237,57.16714993887503
9062303,finite_mixture,D564-8,1,511,6,0.009634118674344596,16.495145054284023
9062303,finite_mixture,D631-7,3,511,16,0.03775462159393797,185.5236938692445
9062303,finite_mixture,DDO064,0,511,14,0.009638241106246939,30.51598096046965
9062303,finite_mixture,DDO161,3,511,31,0.04934587068920187,565.1453578515839
9062303,finite_mixture,DDO168,1,511,10,0.008219123215977203,41.745643638301374
9062303,finite_mixture,DDO170,4,511,8,0.00322407415426236,42.03793188624361
9062303,finite_mixture,ESO079-G014,4,511,15,0.005123035902265206,277.77833461354265
9062303,finite_mixture,ESO116-G012,4,511,15,0.003579374616523279,150.82418445541055
9062303,finite_mixture,F565-V2,4,511,7,0.026116604940411747,490.98051556317796
9062303,finite_mixture,F568-3,1,511,18,0.014611915922462058,444.9786640717466
9062303,finite_mixture,F568-V1,4,511,15,0.02318765337250578,882.7991939234241
9062303,finite_mixture,F571-V1,2,511,7,0.0077613106878367125,196.76924155752707
9062303,finite_mixture,F583-1,1,511,25,0.011688240583528247,49.2994287519064
9062303,finite_mixture,F583-4,4,511,12,0.003803433041604078,36.953898803903066
9062303,finite_mixture,KK98-251,0,511,15,0.003980964372661389,14.345274376460235
9062303,finite_mixture,NGC0024,3,511,29,0.012160177076913805,397.80431755017764
9062303,finite_mixture,NGC0055,2,511,21,0.016782831913494122,409.51260954102355
9062303,finite_mixture,NGC0247,0,511,26,0.010234403339620442,305.71160427325196
9062303,finite_mixture,NGC0289,3,511,28,0.0025896458429875324,394.88972894607224
9062303,finite_mixture,NGC0300,3,511,25,0.005464842188586307,191.9439347685092
9062303,finite_mixture,NGC0801,4,511,13,0.006843541694968735,1950.8157552500402
9062303,finite_mixture,NGC1003,1,511,36,0.02506554761931844,1580.8003290746108
9062303,finite_mixture,NGC1090,2,511,24,0.013283845320496415,1640.6350513965638
9062303,finite_mixture,NGC2403,3,511,73,0.009444485654155085,707.1677642673351
9062303,finite_mixture,NGC2683,2,511,11,0.01126838884216886,2411.3582306689177
9062303,finite_mixture,NGC2841,2,511,50,0.0011575144473114929,436.80219099714634
9062303,finite_mixture,NGC2915,4,511,30,0.026387333226696372,378.22031021823824
9062303,finite_mixture,NGC2955,2,511,24,0.0050147615838840014,1408.849880955695
9062303,finite_mixture,NGC2976,0,511,27,0.011206557507719024,55.94748042268234
9062303,finite_mixture,NGC2998,4,511,13,0.025535023991032173,1413.006497245911
9062303,finite_mixture,NGC3109,0,511,25,0.014968588646618314,190.8280377820026
9062303,finite_mixture,NGC3198,4,511,43,0.01350305629487506,1065.4983311119533
9062303,finite_mixture,NGC3521,1,511,41,0.00605926101338921,1821.9978295874546
9062303,finite_mixture,NGC3741,0,511,21,0.07702778204588732,600.9402311139528
9062303,finite_mixture,NGC3769,4,511,12,0.001764584554361455,133.8335204313822
9062303,finite_mixture,NGC3877,1,511,13,0.030769772980391366,3265.6021099074283
9062303,finite_mixture,NGC3893,0,511,10,0.008315471033525852,1756.0303321035044
9062303,finite_mixture,NGC3917,4,511,17,0.006758049951864263,92.74188177213192
9062303,finite_mixture,NGC3949,0,511,7,0.00016868749022315156,19.851487850438446
9062303,finite_mixture,NGC3972,0,511,10,0.0015830599297743087,42.16018203071815
9062303,finite_mixture,NGC3992,2,511,9,0.0034730075177953155,1369.1785305895685
9062303,finite_mixture,NGC4051,3,511,7,0.006469079625333852,991.0129941059802
9062303,finite_mixture,NGC4068,3,511,6,0.08391832085862251,170.60665174519048
9062303,finite_mixture,NGC4088,3,511,12,0.05295708388232756,12350.646591649893
9062303,finite_mixture,NGC4100,0,511,24,0.008560775034446404,1635.220611473319
9062303,finite_mixture,NGC5005,2,511,18,0.003066647403794188,951.6127893301909
9062303,finite_mixture,NGC5033,2,511,22,0.0001889463352103225,43.81522865475236
9062303,finite_mixture,NGC5371,1,511,19,0.012038109286343605,4003.2518193987926
9062303,finite_mixture,NGC5585,2,511,24,0.011093240374314943,181.4485805026286
9062303,finite_mixture,NGC5985,2,511,33,0.011509671234959353,3489.383650658462
9062303,finite_mixture,NGC6015,0,511,44,0.003624503790135486,506.73128847745045
9062303,finite_mixture,NGC6195,2,511,23,0.0006385222349390315,180.3245434397049
9062303,finite_mixture,NGC6503,3,511,31,0.0013466974362999352,67.97488924018475
9062303,finite_mixture,NGC6674,1,511,15,0.0017460263660986333,614.375971958712
9062303,finite_mixture,NGC6946,3,511,58,0.018350792331071432,3709.1867060228774
9062303,finite_mixture,NGC7331,0,511,36,0.010995790282789185,4393.266590245559
9062303,finite_mixture,UGC00128,2,511,22,0.014145948374384987,842.4019259943739
9062303,finite_mixture,UGC00191,1,511,9,0.0008362677600997593,10.973891424457843
9062303,finite_mixture,UGC00731,1,511,12,0.0018836091008458949,22.25782875473629
9062303,finite_mixture,UGC00891,4,511,5,0.010170269064769177,120.2181448494213
9062303,finite_mixture,UGC02259,4,511,8,0.028726079443083204,622.6017691667702
9062303,finite_mixture,UGC02487,4,511,17,0.0017542884018606551,1064.9278778712087
9062303,finite_mixture,UGC02916,3,511,43,0.004811044184566349,851.8668975801223
9062303,finite_mixture,UGC02953,1,511,115,0.007588796763475655,2264.2600503766516
9062303,finite_mixture,UGC03205,3,511,48,0.005013443284760717,1452.7711823885522
9062303,finite_mixture,UGC03580,2,511,47,0.015306528030970178,733.6443203577167
9062303,finite_mixture,UGC04325,1,511,8,0.034707663966101185,736.8139104055979
9062303,finite_mixture,UGC04483,3,511,8,0.05480623891733258,95.55775962581171
9062303,finite_mixture,UGC04499,2,511,9,0.002405854039445628,17.060848333615546
9062303,finite_mixture,UGC05414,4,511,6,0.0027913674085965155,15.653507522449878
9062303,finite_mixture,UGC05716,4,511,12,0.0039913370857254235,75.32606107453984
9062303,finite_mixture,UGC05750,3,511,11,0.015441106157659782,92.45897990709074
9062303,finite_mixture,UGC05764,1,511,10,0.06516733877801613,389.6436108585104
9062303,finite_mixture,UGC05829,0,511,11,0.0009605644142248942,8.983865307047113
9062303,finite_mixture,UGC06399,3,511,9,0.011019782767494704,283.3466863840613
9062303,finite_mixture,UGC06614,3,511,13,0.014728677482767356,3429.7677216358716
9062303,finite_mixture,UGC06786,1,511,45,0.003335671441341647,507.4721981970966
9062303,finite_mixture,UGC06787,0,511,71,0.0050575609732409705,1307.0113120143787
9062303,finite_mixture,UGC06818,2,511,8,0.034728808877714304,381.76007808867325
9062303,finite_mixture,UGC06917,0,511,11,0.0031505079936421554,144.98750247112713
9062303,finite_mixture,UGC06923,0,511,6,0.0037201036071311047,60.740861565475655
9062303,finite_mixture,UGC06983,4,511,17,0.008064822242459767,353.64311800415004
9062303,finite_mixture,UGC07089,4,511,12,0.0052431908225944865,64.23342620577104
9062303,finite_mixture,UGC07261,1,511,7,0.007283614618087177,220.92053196597894
9062303,finite_mixture,UGC07323,0,511,10,0.001222407776245204,30.050456629425963
9062303,finite_mixture,UGC07399,2,511,10,0.048889415417104905,1278.6476034859827
9062303,finite_mixture,UGC07524,1,511,31,0.009319440578531572,151.06733157943907
9062303,finite_mixture,UGC07577,0,511,9,0.01504230583148698,10.670908118929887
9062303,finite_mixture,UGC07603,4,511,12,0.008206017361486564,60.96890783884257
9062303,finite_mixture,UGC07866,1,511,7,0.012083616775950651,41.61268382836556
9062303,finite_mixture,UGC08490,2,511,30,0.002037964795674408,57.20782364308707
9062303,finite_mixture,UGC08699,3,511,41,0.0009009637503065079,142.67292588389185
9062303,finite_mixture,UGC08837,1,511,8,0.011985852449476364,22.90257157913117
9062303,finite_mixture,UGC09037,0,511,22,0.03623710247519221,5000.692333880925
9062303,finite_mixture,UGC09133,2,511,68,0.0032111062431329383,1023.5183004069074
9062303,finite_mixture,UGC09992,1,511,5,0.012966147419707646,103.76681258268347
9062303,finite_mixture,UGC10310,3,511,7,0.00033534100072082256,3.6875216345117714
9062303,finite_mixture,UGC11820,1,511,10,0.005117817505860736,44.06011287954579
9062303,finite_mixture,UGC11914,2,511,65,0.0030057938197282845,1400.4004172890502
9062303,finite_mixture,UGCA442,0,511,8,0.014087346183974427,162.46964159333953
9062303,finite_mixture,UGCA444,0,511,36,0.020105137868988075,57.7184983997972
9062303,training_selected,CamB,3,11,9,0.16424275050780313,160.74742191728086
9062303,training_selected,D564-8,1,11,6,0.01313607108936934,15.922223749463514
9062303,training_selected,D631-7,3,11,16,0.018337427925243965,75.95543855167676
9062303,training_selected,DDO064,0,11,14,0.006015819824398389,10.943565469925813
9062303,training_selected,DDO161,3,11,31,0.010313790630969502,97.33529761067895
9062303,training_selected,DDO168,1,11,10,0.005969815148249259,30.13881127467307
9062303,training_selected,DDO170,4,11,8,0.0021729234586985277,31.577777858964623
9062303,training_selected,ESO079-G014,4,11,15,0.0037457891150712327,309.57651450281105
9062303,training_selected,ESO116-G012,4,11,15,0.005710223060550576,269.71043310700236
9062303,training_selected,F565-V2,4,11,7,0.009354146364741198,189.118551816517
9062303,training_selected,F568-3,1,11,18,0.008197153272002504,134.5410955279509
9062303,training_selected,F568-V1,4,11,15,0.029979935342710165,1072.9906673852895
9062303,training_selected,F571-V1,2,11,7,0.0015365914677965033,27.974914220126173
9062303,training_selected,F583-1,1,11,25,0.016790011905255156,173.59332410726427
9062303,training_selected,F583-4,4,11,12,0.0003186644458923547,3.1661891272769758
9062303,training_selected,KK98-251,0,11,15,0.022416060281088404,41.96456609222263
9062303,training_selected,NGC0024,3,11,29,0.02073600180305731,628.2086474930047
9062303,training_selected,NGC0055,2,11,21,0.00353800104678078,59.82114347215165
9062303,training_selected,NGC0247,0,11,26,0.0019814125920818637,45.7089636233774
9062303,training_selected,NGC0289,3,11,28,0.0006667404548924437,104.22946438097476
9062303,training_selected,NGC0300,3,11,25,0.004873643614219643,164.26722082148544
9062303,training_selected,NGC0801,4,11,13,0.0023638029647606437,483.7220262028633
9062303,training_selected,NGC1003,1,11,36,0.002093105451204142,100.10984662289376
9062303,training_selected,NGC1090,2,11,24,0.00574266486304674,97.02204451614436
9062303,training_selected,NGC2403,3,11,73,0.0030217299101438794,216.68670176404805
9062303,training_selected,NGC2683,2,11,11,0.00044495366813294106,75.26049040821277
9062303,training_selected,NGC2841,2,11,50,0.010312495812674063,3846.424722064945
9062303,training_selected,NGC2915,4,11,30,0.0386567516576747,713.559471222184
9062303,training_selected,NGC2955,2,11,24,0.0014643653561605965,543.8139961649966
9062303,training_selected,NGC2976,0,11,27,0.008364071423177006,15.502483667176065
9062303,training_selected,NGC2998,4,11,13,0.014530855317719714,669.1557892950407
9062303,training_selected,NGC3109,0,11,25,0.007768540139922949,106.48386343430163
9062303,training_selected,NGC3198,4,11,43,0.005092335676946655,92.70421059944672
9062303,training_selected,NGC3521,1,11,41,0.0006421302555755153,141.3320274409932
9062303,training_selected,NGC3741,0,11,21,0.0060532488480608045,47.525230823042676
9062303,training_selected,NGC3769,4,11,12,0.0016134509624230627,99.38894722308616
9062303,training_selected,NGC3877,1,11,13,0.012562160852490846,456.1792451499287
9062303,training_selected,NGC3893,0,11,10,0.0012811946752494955,196.02793779788516
9062303,training_selected,NGC3917,4,11,17,0.004343007754550394,123.47786207525736
9062303,training_selected,NGC3949,0,11,7,0.0011465927374654605,145.37197051623872
9062303,training_selected,NGC3972,0,11,10,0.0032794682262161914,155.99953064806317
9062303,training_selected,NGC3992,2,11,9,0.00294104802422,877.3021255709457
9062303,training_selected,NGC4051,3,11,7,0.0029776503067294466,393.47744749403927
9062303,training_selected,NGC4068,3,11,6,0.04064677483902817,59.73256325882404
9062303,training_selected,NGC4088,3,11,12,0.007844973900052959,1271.6737437093454
9062303,training_selected,NGC4100,0,11,24,0.0016029067461743919,234.9661747023484
9062303,training_selected,NGC5005,2,11,18,0.001652639902761994,568.6546375949225
9062303,training_selected,NGC5033,2,11,22,0.0025441892756028015,649.6857524110156
9062303,training_selected,NGC5371,1,11,19,0.0034391120565062383,1038.4378596418364
9062303,training_selected,NGC5585,2,11,24,0.004562424210719494,65.70649552300443
9062303,training_selected,NGC5985,2,11,33,0.020551957222111217,6127.98017189932
9062303,training_selected,NGC6015,0,11,44,0.0036208250530417635,320.2358034687814
9062303,training_selected,NGC6195,2,11,23,0.0032664274208035614,1104.5893723122372
9062303,training_selected,NGC6503,3,11,31,0.0019174420934731373,116.1439999128202
9062303,training_selected,NGC6674,1,11,15,0.004340359751228048,1333.1962955074791
9062303,training_selected,NGC6946,3,11,58,0.001373992453253499,195.88424335444023
9062303,training_selected,NGC7331,0,11,36,0.0026483672310968487,1026.4239748345074
9062303,training_selected,UGC00128,2,11,22,0.004341378107094992,226.37985726791385
9062303,training_selected,UGC00191,1,11,9,0.005155941175539716,81.65417982524941
9062303,training_selected,UGC00731,1,11,12,0.019281272420989436,157.1568961387904
9062303,training_selected,UGC00891,4,11,5,0.004160320324883225,29.56989157983703
9062303,training_selected,UGC02259,4,11,8,0.019660024504469985,395.5331944730715
9062303,training_selected,UGC02487,4,11,17,0.010680740533293938,5655.917008101969
9062303,training_selected,UGC02916,3,11,43,0.0040389820340974375,979.6725510725314
9062303,training_selected,UGC02953,1,11,115,0.005194434833811744,1229.3106620393003
9062303,training_selected,UGC03205,3,11,48,0.0026649362076589314,567.9337600516195
9062303,training_selected,UGC03580,2,11,47,0.01638298002829663,726.4621479689625
9062303,training_selected,UGC04325,1,11,8,0.022418868806148913,481.1032888257825
9062303,training_selected,UGC04483,3,11,8,0.005294803272961987,5.564196554900068
9062303,training_selected,UGC04499,2,11,9,0.002142539770115663,13.050292219898063
9062303,training_selected,UGC05414,4,11,6,0.0023820739278521746,11.854077035633738
9062303,training_selected,UGC05716,4,11,12,0.004106699253587825,59.81438000137993
9062303,training_selected,UGC05750,3,11,11,0.029627712575255653,70.2949161403675
9062303,training_selected,UGC05764,1,11,10,0.025604897944665816,160.18088783022785
9062303,training_selected,UGC05829,0,11,11,0.0016203534510371197,10.85628899302831
9062303,training_selected,UGC06399,3,11,9,0.004036330900037092,101.75695611374937
9062303,training_selected,UGC06614,3,11,13,0.0034055848972908784,678.7132372895138
9062303,training_selected,UGC06786,1,11,45,0.006789793435123019,1332.0686611022468
9062303,training_selected,UGC06787,0,11,71,0.006322491817240741,1675.800616278292
9062303,training_selected,UGC06818,2,11,8,0.014277508865556631,121.32093108927356
9062303,training_selected,UGC06917,0,11,11,0.0029783382414302144,131.49434125111827
9062303,training_selected,UGC06923,0,11,6,0.0028017502721633513,39.43931498962118
9062303,training_selected,UGC06983,4,11,17,0.0057147352457329595,249.8570669836692
9062303,training_selected,UGC07089,4,11,12,0.004533040803772088,63.271553702082514
9062303,training_selected,UGC07261,1,11,7,0.0034952217618527425,44.45599180244147
9062303,training_selected,UGC07323,0,11,10,0.0017327403290964822,18.700873280700012
9062303,training_selected,UGC07399,2,11,10,0.0403788654867262,1142.4176733207646
9062303,training_selected,UGC07524,1,11,31,0.001969030194087702,28.553135672407077
9062303,training_selected,UGC07577,0,11,9,0.08451692030428805,105.98682019595104
9062303,training_selected,UGC07603,4,11,12,0.009383120985435965,135.31611713058328
9062303,training_selected,UGC07866,1,11,7,0.004604215229728613,18.29363779413228
9062303,training_selected,UGC08490,2,11,30,0.010580455685562842,250.8871943589201
9062303,training_selected,UGC08699,3,11,41,0.0026337879503693616,480.5070194220986
9062303,training_selected,UGC08837,1,11,8,0.03313511219202962,95.51691856584807
9062303,training_selected,UGC09037,0,11,22,0.009689211722151552,749.1519621190641
9062303,training_selected,UGC09133,2,11,68,0.0012403611774120865,433.1862961327556
9062303,training_selected,UGC09992,1,11,5,0.01259053790983416,104.12891480052238
9062303,training_selected,UGC10310,3,11,7,0.0018037523449365325,30.996268004962953
9062303,training_selected,UGC11820,1,11,10,0.003993875865063608,24.02917381055549
9062303,training_selected,UGC11914,2,11,65,0.0011430828218266576,432.0992838066604
9062303,training_selected,UGCA442,0,11,8,0.002359754350212398,33.45789029105847
9062303,training_selected,UGCA444,0,11,36,0.0020783946259931097,3.360452605369726
